1.101430954127932445e-07
1.809253952295330551e-07
2.345261188131178503e-07
3.069944354158339566e-07
3.667765733166177547e-07
4.283299624207641914e-07
4.820770301958762755e-07
5.377533669362170351e-07
5.838055776275969201e-07
6.270162539958643379e-07
6.663877372249889677e-07
7.022324225571939494e-07
7.354111330888037012e-07
7.653960409046836438e-07
7.944506723953044259e-07
8.221065842268558486e-07
8.465003095995753676e-07
8.691064050204551182e-07
8.903590655888046133e-07
9.106680077809471302e-07
9.301049051308143943e-07
9.478112305455808332e-07
9.666758426431832743e-07
9.837391781223105277e-07
1.000850458095416659e-06
1.016551358155087375e-06
1.032362995908674261e-06
1.047852209043992266e-06
1.062629369609545152e-06
1.076308973559131545e-06
1.089777543151899361e-06
1.103049088071665176e-06
1.116960408292192712e-06
1.130549001543884512e-06
1.142332653660489215e-06
1.154821705006716976e-06
1.167241227926178825e-06
1.179156360248031109e-06
1.191126115433629718e-06
1.201988939686399814e-06
1.212627081630136105e-06
1.223520239306884120e-06
1.233987438107951938e-06
1.244499814125872769e-06
1.254276614260422481e-06
1.264084721875405216e-06
1.273914042626609671e-06
1.283237625817390032e-06
1.292761737462656957e-06
1.301899802659178934e-06
1.310886601915082952e-06
1.320009379478171589e-06
1.329459973686229568e-06
1.338151070742039314e-06
1.347044251021083589e-06
1.355259259598653756e-06
1.364125598046676273e-06
1.371788721033826045e-06
1.380152936154946139e-06
1.388332845641275451e-06
1.396141847966869193e-06
1.404130653425453797e-06
1.412056380357306612e-06
1.419718048699131012e-06
1.427163911498460601e-06
1.435179711883004559e-06
1.442860081665759764e-06
1.450267339216699944e-06
1.458018261204605382e-06
1.465410533495438854e-06
1.472844416190737926e-06
1.480520823025448145e-06
1.488197106465633370e-06
1.495993637870899426e-06
1.503179567995852780e-06
1.510099857454902816e-06
1.517577096348007101e-06
1.524350183756312532e-06
1.531342463737937262e-06
1.538223244227819657e-06
1.545525598142284346e-06
1.552169653945244373e-06
1.558430855599802867e-06
1.564661437995087538e-06
1.571335710057048770e-06
1.577745453177958631e-06
1.583982203546980337e-06
1.590530323180840736e-06
1.596779754430541490e-06
1.603425694979708167e-06
1.609902278581919511e-06
1.615834134527138459e-06
1.622171569309425371e-06
1.628532831721638756e-06
1.634603303629959158e-06
1.640729629518414266e-06
1.646636730666130721e-06
1.652181539634210082e-06
1.658103275362252036e-06
1.664226007121238249e-06
1.670154361148927080e-06
1.675789010888344076e-06
1.681778265402504519e-06
1.687561989962176297e-06
1.693297649551793046e-06
1.698757466933457220e-06
1.704399615101861980e-06
1.710082682284391324e-06
1.715695957369061562e-06
1.721180390525156347e-06
1.727002363706337746e-06
1.732649306597942439e-06
1.738127552093573345e-06
1.743507721843662674e-06
1.749148578029182131e-06
1.754642354959390395e-06
1.759740722180992073e-06
1.765120528397051328e-06
1.770653990960209477e-06
1.776512945993924454e-06
1.781999316285843023e-06
1.787702399795596416e-06
1.792858975516445268e-06
1.797717996208515388e-06
1.802801870261253473e-06
1.807886047460861499e-06
1.812928428452115943e-06
1.817698362937356483e-06
1.822842798733181946e-06
1.827674136845696834e-06
1.832482273088577407e-06
1.837482148918365215e-06
1.842591205262499019e-06
1.847775260841525914e-06
1.852811942600106097e-06
1.857795926464748202e-06
1.863089113911224917e-06
1.868214908200657699e-06
1.873347308809977167e-06
1.878345986882418840e-06
1.882898234414290543e-06
1.887903971538452349e-06
1.892400346799020436e-06
1.897053423477231425e-06
1.902116518765851785e-06
1.906736501878490744e-06
1.911338409717643278e-06
1.915878072453945518e-06
1.920937780857356520e-06
1.925914895704972804e-06
1.930196991003712495e-06
1.934758597100492135e-06
1.939519942241377226e-06
1.944290626564026795e-06
1.948773887689349841e-06
1.953528908226738285e-06
1.957921173160048958e-06
1.962333084275380139e-06
1.966870259205225888e-06
1.971336101872603244e-06
1.975961253587038049e-06
1.980486957050924833e-06
1.985161043043310801e-06
1.989309746106406551e-06
1.993912002305114610e-06
1.998629932795826380e-06
2.002950405653412768e-06
2.007099108310649293e-06
2.011496768900572055e-06
2.015834560845560635e-06
2.019960333906582468e-06
2.024429663006819646e-06
2.028572030184768291e-06
2.032712111791673021e-06
2.037037310731363575e-06
2.041204887633130532e-06
2.045473502441612019e-06
2.049843096025462550e-06
2.054200540941874390e-06
2.058585776421781899e-06
2.062649421684204391e-06
2.066749254485243359e-06
2.071114119802887742e-06
2.075349772910551927e-06
2.079668137407056193e-06
2.083978788399801670e-06
2.088241864945818590e-06
2.092324689381939809e-06
2.096507908156412739e-06
2.100654736747617730e-06
2.104824892680485340e-06
2.108601141674504437e-06
2.112605415675802015e-06
2.116618457954309800e-06
2.120833156476006344e-06
2.124922576129011084e-06
2.129047695035285883e-06
2.133073032598244934e-06
2.137017866063553142e-06
2.141021362461697868e-06
2.145033104216463102e-06
2.148982068811880499e-06
2.152932534496018076e-06
2.156806040929463371e-06
2.160652454894074639e-06
2.164651615239084929e-06
2.168286878035764801e-06
2.172138011093648232e-06
2.176021537711755105e-06
2.179995476655189289e-06
2.183876687531808568e-06
2.187783023970480350e-06
2.191611219570677910e-06
2.195425088935904632e-06
2.199406993583326521e-06
2.203289108539352066e-06
2.207280697103641036e-06
2.210995010069273309e-06
2.215027587925027937e-06
2.218853765666494590e-06
2.222588060148165123e-06
2.226443993827317623e-06
2.229940636541822465e-06
2.233747948492150887e-06
2.237738553514801391e-06
2.241599970408005135e-06
2.245408781381080241e-06
2.249097408666015346e-06
2.252889542562000463e-06
2.256411839968438571e-06
2.259849147532580892e-06
2.263607409306109134e-06
2.267578580589068974e-06
2.271418460708563831e-06
2.274986890421738035e-06
2.278700121573715114e-06
2.282576089907608028e-06
2.286247266622179961e-06
2.289700313283775988e-06
2.293339853272642293e-06
2.297084974561052936e-06
2.300791269035960408e-06
2.304322700099876491e-06
2.308065405766138073e-06
2.311605168927834947e-06
2.315162775909892157e-06
2.318704455152967471e-06
2.322394552880225337e-06
2.326152856019223351e-06
2.329904708250626094e-06
2.333403328005319127e-06
2.336895485302112143e-06
2.340429959522692607e-06
2.343999050564545415e-06
2.347564374589272269e-06
2.350860546554314921e-06
2.354629863199992831e-06
2.357989536067629934e-06
2.361356035123404898e-06
2.364927776983488229e-06
2.368542762796499139e-06
2.371816116381703868e-06
2.375214097674227993e-06
2.378482169357395580e-06
2.381783680112889049e-06
2.385280933045632661e-06
2.388484083265153975e-06
2.391916957361901093e-06
2.395216932160406406e-06
2.398670603299967601e-06
2.402044046194194526e-06
2.405545316069953215e-06
2.408666396034770687e-06
2.412104607771832981e-06
2.415587881005335232e-06
2.418982255668538700e-06
2.422401194556669817e-06
2.425785634351205175e-06
2.428897214859758350e-06
2.432312739732019991e-06
2.435717415755573290e-06
2.439138295041070270e-06
2.442617016777109973e-06
2.445943471846596290e-06
2.449183400713461056e-06
2.452320485503033694e-06
2.455478359669336861e-06
2.458800215587448378e-06
2.462236809361111661e-06
2.465595206993923630e-06
2.468637329501970102e-06
2.471952191436103499e-06
2.475304189101745695e-06
2.478473976128245984e-06
2.481917313258980244e-06
2.485021862879042565e-06
2.488047767550604339e-06
2.491248903905333816e-06
2.494500917092664816e-06
2.497925487906910622e-06
2.501291495735916038e-06
2.504456069463378799e-06
2.507685369394361931e-06
2.510805718467156405e-06
2.513702221955864054e-06
2.516859760281250225e-06
2.520175978278370946e-06
2.523667612815705763e-06
2.526484709634719253e-06
2.529615892597283949e-06
2.532696666927680109e-06
2.536035984131672152e-06
2.539133650434278721e-06
2.542240601736760893e-06
2.545441398111450739e-06
2.548580964309720163e-06
2.551584422802863867e-06
2.554618526988581617e-06
2.558054806010139279e-06
2.561012495616688510e-06
2.564169589962620396e-06
2.567147778288157480e-06
2.570153035571446510e-06
2.573361923565558655e-06
2.576598442986953992e-06
2.579459937103414121e-06
2.582630069555019369e-06
2.585670511301437790e-06
2.588783539864086894e-06
2.591829630628355745e-06
2.594815944203472079e-06
2.597697492742144363e-06
2.600864142298338663e-06
2.603738617085364781e-06
2.606830029814012377e-06
2.609889498257165143e-06
2.613046751387867910e-06
2.616218701616520987e-06
2.619491400817874059e-06
2.622555299228367540e-06
2.625553338478323993e-06
2.628596054151231379e-06
2.631425078798499268e-06
2.634286443833465571e-06
2.637443599733487139e-06
2.640577355513426360e-06
2.643507750046299379e-06
2.646209774785722006e-06
2.649159671594002088e-06
2.652045670321240260e-06
2.655017799456703513e-06
2.658072136004504677e-06
2.661175676727199698e-06
2.664204877519286734e-06
2.667080574823018605e-06
2.669860249670440722e-06
2.672811798417231781e-06
2.675773438949852439e-06
2.678750023397848999e-06
2.681758598913805663e-06
2.684811069401089931e-06
2.687601124859357865e-06
2.690519679366380535e-06
2.693486021985705931e-06
2.696452903961575390e-06
2.699470955378512701e-06
2.702354105549105641e-06
2.705360659144903708e-06
2.708145605829231391e-06
2.711060904838036850e-06
2.714060967959411302e-06
2.717017540675023515e-06
2.719829468478385096e-06
2.722720276054628185e-06
2.725603733704756496e-06
2.728517712080110777e-06
2.731331656830611161e-06
2.734134220870930547e-06
2.736933923476091730e-06
2.739779167194849271e-06
2.742719899684672708e-06
2.745592414841780316e-06
2.748652422583703993e-06
2.751352876876555202e-06
2.754286416226541395e-06
2.757160356652194850e-06
2.760109580590305806e-06
2.762888466745241749e-06
2.765657962411440136e-06
2.768395176939434830e-06
2.771243047648113844e-06
2.773861607813079622e-06
2.776502079299310141e-06
2.779319762255921389e-06
2.782129531212942479e-06
2.784828470520579823e-06
2.787593190227018667e-06
2.790474114173264950e-06
2.793368224906582058e-06
2.796342559226797442e-06
2.799291899595373928e-06
2.802182057267495612e-06
2.804996909417689252e-06
2.807597242221478332e-06
2.810348972293167201e-06
2.813298382626813360e-06
2.815905293727058822e-06
2.818517301456069821e-06
2.821132128211174684e-06
2.823765997653668637e-06
2.826434697818344500e-06
2.829252291785576477e-06
2.832104144926364524e-06
2.834723650555194701e-06
2.837574298842927687e-06
2.840295640425534956e-06
2.842986377514958083e-06
2.845588013011841889e-06
2.848270202533053099e-06
2.850914562682928977e-06
2.853735581272550314e-06
2.856303457851468667e-06
2.858754388972009464e-06
2.861246643543438260e-06
2.863604501248578456e-06
2.866105729111788336e-06
2.868862293104866154e-06
2.871195115270355019e-06
2.873819030604175594e-06
2.876505373216657281e-06
2.879182828095831897e-06
2.881861801672399444e-06
2.884430211599559009e-06
2.887229947377940562e-06
2.889872133940816949e-06
2.892412353280553680e-06
2.895069512609042073e-06
2.897776843046528772e-06
2.900325090273124670e-06
2.902771536077668744e-06
2.905302026238831414e-06
2.907881399041939257e-06
2.910450840913904394e-06
2.913086401716879786e-06
2.915628282849280951e-06
2.918090934400299300e-06
2.920848204741121644e-06
2.923330988229062904e-06
2.925915105999233613e-06
2.928641470277448696e-06
2.931297436956528698e-06
2.933907998268104121e-06
2.936388321487269092e-06
2.938958393939102353e-06
2.941416813153859952e-06
2.944050501122526088e-06
2.946563410790835194e-06
2.949194770007804084e-06
2.951601343658857102e-06
2.954307568595453741e-06
2.956905976305454997e-06
2.959259064237967061e-06
2.961791880169867737e-06
2.964521930709463242e-06
2.967056031585686645e-06
2.969615162187747035e-06
2.972293337385951598e-06
2.975018631337996458e-06
2.977509713113683100e-06
2.980178430708140472e-06
2.982716116103698283e-06
2.985071546250964352e-06
2.987710222228951121e-06
2.990275467502357487e-06
2.992901790935112198e-06
2.995352329846317544e-06
2.997852883865683762e-06
3.000255058632715102e-06
3.002981834752130790e-06
3.005684062980364267e-06
3.008241539233406566e-06
3.010867204939286571e-06
3.013207479000294695e-06
3.015682775067996493e-06
3.017961317802461140e-06
3.020422681326285907e-06
3.022799444551518594e-06
3.025185576456354292e-06
3.027698807797141701e-06
3.030118464705924105e-06
3.032734696581102573e-06
3.035138323190896831e-06
3.037735607951641346e-06
3.040357917058351104e-06
3.042722932037446340e-06
3.045257070232743272e-06
3.047628527608162123e-06
3.050127607953853236e-06
3.052603594201272729e-06
3.055081953704756242e-06
3.057581980047119195e-06
3.060157585972944105e-06
3.062528216765861120e-06
3.064880461565112256e-06
3.067346012141479794e-06
3.069814790040895911e-06
3.072027894571834216e-06
3.074512816086932968e-06
3.076860749966972338e-06
3.079206552299306439e-06
3.081657806548751681e-06
3.084278474104108294e-06
3.086859305823218313e-06
3.089531739956264477e-06
3.091841949266323894e-06
3.094246875067016244e-06
3.096952960919496396e-06
3.099150583177589250e-06
3.101558067723060057e-06
3.103964665883797450e-06
3.106342138833336406e-06
3.108643560666843859e-06
3.111208998114695239e-06
3.113494666336796235e-06
3.115847499503441998e-06
3.118276551984240032e-06
3.120731612846168488e-06
3.123077618617232617e-06
3.125488211160412039e-06
3.127802040974121061e-06
3.130114817333588010e-06
3.132438544305312519e-06
3.134707240507194683e-06
3.137025028530587305e-06
3.139506614484646238e-06
3.141815121873478416e-06
3.144110828952061215e-06
3.146435806781396082e-06
3.148796080561786132e-06
3.151101874229072876e-06
3.153331583880955616e-06
3.155637819300041922e-06
3.157915619212186293e-06
3.160207272833975885e-06
3.162494858939557305e-06
3.164749175934074196e-06
3.167118909607250638e-06
3.169352321149382985e-06
3.171727615406411878e-06
3.174135882802812067e-06
3.176407379305965633e-06
3.178852238657511792e-06
3.181253665717395708e-06
3.183416814623891955e-06
3.185800505279506987e-06
3.188037621930780158e-06
3.190190094592731453e-06
3.192176513779802610e-06
3.194491363728566688e-06
3.196875793701654150e-06
3.199129322999959090e-06
3.201447978877311557e-06
3.203746529097726466e-06
3.205915769271604934e-06
3.208123509242086973e-06
3.210445498466599407e-06
3.212914732982118875e-06
3.215135194706759116e-06
3.217371361828749824e-06
3.219622510805571293e-06
3.221730810598995188e-06
3.223982640773971792e-06
3.226443017738881468e-06
3.228716403367758833e-06
3.231085762014381020e-06
3.233243569643788439e-06
3.235771401983018921e-06
3.238044009699536599e-06
3.240227993821625476e-06
3.242606932461906797e-06
3.245009247633602707e-06
3.247404926846365807e-06
3.249616259584930447e-06
3.251901976211281480e-06
3.254044595316474994e-06
3.256226563628451604e-06
3.258589991358327367e-06
3.260706359478309613e-06
3.263081618644423685e-06
3.265322368890640460e-06
3.267378086364080348e-06
3.269608112031755471e-06
3.271849872526282559e-06
3.274133117140060585e-06
3.276260901223079914e-06
3.278423961373203795e-06
3.280580094230549221e-06
3.282697272822357379e-06
3.284838913247137849e-06
3.287051752977430856e-06
3.289172728207247317e-06
3.291341296389956207e-06
3.293511897765949615e-06
3.295718557876688345e-06
3.297732586103514242e-06
3.299817610648619162e-06
3.302036798386674536e-06
3.304370952125477503e-06
3.306520472449484554e-06
3.308683860287451303e-06
3.310853320435799302e-06
3.312984803003271575e-06
3.314990239772759467e-06
3.317093907618885044e-06
3.319428122745381882e-06
3.321548042625214373e-06
3.323618058990877672e-06
3.325862063155322043e-06
3.327966362630593053e-06
3.329973254482373462e-06
3.332173808253103512e-06
3.334465890826881339e-06
3.336650436981076285e-06
3.338573055033160792e-06
3.340843597258257720e-06
3.343029456641875351e-06
3.345219802477726804e-06
3.347297460582011810e-06
3.349385196024570038e-06
3.351651701820482331e-06
3.353753806991068690e-06
3.355834436975724461e-06
3.357885529736656495e-06
3.359964619775235998e-06
3.362112487870984124e-06
3.364546351597050906e-06
3.366660055846104109e-06
3.368837825415803955e-06
3.370948917054957703e-06
3.373082741369416813e-06
3.375232163054948073e-06
3.377262501562094949e-06
3.379280402091073238e-06
3.381404621910937842e-06
3.383562032054815324e-06
3.385597123117283651e-06
3.387696908863752095e-06
3.389781445304782000e-06
3.391901519339095859e-06
3.394172731834974075e-06
3.396178472399724619e-06
3.398377969194648977e-06
3.400393984817322284e-06
3.402397185623186365e-06
3.404418347031826972e-06
3.406657749797973514e-06
3.408650910997542746e-06
3.410657420477518987e-06
3.412756513819394128e-06
3.414834242342242202e-06
3.416828254267135395e-06
3.418854788010740268e-06
3.420883828929723195e-06
3.422967777401105664e-06
3.425123147543319796e-06
3.427276052602287165e-06
3.429361176103499302e-06
3.431536650186752824e-06
3.433755336949597023e-06
3.435737081437476561e-06
3.437746667527890535e-06
3.439811276260600604e-06
3.441770081819421808e-06
3.443718782677815568e-06
3.445789065785538080e-06
3.447751563873569640e-06
3.449728720407376449e-06
3.451846764000139704e-06
3.453854089032248964e-06
3.455867243981934478e-06
3.457890474488908186e-06
3.459921574884373780e-06
3.461972165307267331e-06
3.464135303622727033e-06
3.466340006071735879e-06
3.468473188419252992e-06
3.470457406488840424e-06
3.472557518804354197e-06
3.474445821033761272e-06
3.476443992996467554e-06
3.478511348380745867e-06
3.480481116093741209e-06
3.482462605994704979e-06
3.484346414918539738e-06
3.486343009640424703e-06
3.488463186115570665e-06
3.490541091498646556e-06
3.492579728248514778e-06
3.494589491917650574e-06
3.496424852821120557e-06
3.498445694879276302e-06
3.500272342421859691e-06
3.502252532316052646e-06
3.504330048322281427e-06
3.506437782748408717e-06
3.508483894268411795e-06
3.510254450136041775e-06
3.512206376999515247e-06
3.514160091989412332e-06
3.516340091543711255e-06
3.518417926101294205e-06
3.520309647558051502e-06
3.522280273077285030e-06
3.524177527994293409e-06
3.526159056365869881e-06
3.528051248896751999e-06
3.529875043443271471e-06
3.531738627064043778e-06
3.533534319035930086e-06
3.535348004820480074e-06
3.537266436767488723e-06
3.539167236871992975e-06
3.541117073471099248e-06
3.543068582670729570e-06
3.544959544053663495e-06
3.547010669874335083e-06
3.549046354539672685e-06
3.550984376708189043e-06
3.552956838055677207e-06
3.555054177162660573e-06
3.556999042252321494e-06
3.558939322061796612e-06
3.560839457631095182e-06
3.562614335981138173e-06
3.564610988747995928e-06
3.566635223831659567e-06
3.568584807082896643e-06
3.570455020818727487e-06
3.572496146000244677e-06
3.574473045699756562e-06
3.576514223835482814e-06
3.578586832053925943e-06
3.580569863823873497e-06
3.582398817044435395e-06
3.584305316139596477e-06
3.586351814136119034e-06
3.588226205674421915e-06
3.590260193178342021e-06
3.592183068776866943e-06
3.594022832094503089e-06
3.595899572953074155e-06
3.597825387034622014e-06
3.599568070118298128e-06
3.601570541453350807e-06
3.603601043333912008e-06
3.605487380123649445e-06
3.607402704140100134e-06
3.609225367166130169e-06
3.611169337935045904e-06
3.613140595456038046e-06
3.615067991626517186e-06
3.616947615469922950e-06
3.618802997337478835e-06
3.620598318289167885e-06
3.622545486165341764e-06
3.624624174269280894e-06
3.626558361457072293e-06
3.628370978404731644e-06
3.630156066497891544e-06
3.631988814185781846e-06
3.633769365792283688e-06
3.635571876852709780e-06
3.637497339077325733e-06
3.639457839873772615e-06
3.641419525320022153e-06
3.643301015436804616e-06
3.645212739841326908e-06
3.647110136549337834e-06
3.648854763605954062e-06
3.650670576878363462e-06
3.652405786900398551e-06
3.654126427063883358e-06
3.655906815992751690e-06
3.657724906162174273e-06
3.659707755106844049e-06
3.661552893446955067e-06
3.663382617903455389e-06
3.665222333091452122e-06
3.666989308147772064e-06
3.668813120916457968e-06
3.670626515495262068e-06
3.672632589788440449e-06
3.674538794550684964e-06
3.676292909505514203e-06
3.678242506737443426e-06
3.680080358160029760e-06
3.681883532949852834e-06
3.683753444530507628e-06
3.685643474346183917e-06
3.687534474701470934e-06
3.689335854751060113e-06
3.691156232495759877e-06
3.692988774707725445e-06
3.694791796617518428e-06
3.696724573033977664e-06
3.698686345602057643e-06
3.700433494917403093e-06
3.702211613271076785e-06
3.704094428024095486e-06
3.705925365742408669e-06
3.707729848275687148e-06
3.709645558701041216e-06
3.711439535672614147e-06
3.713297713298156180e-06
3.715114982394185568e-06
3.716879485072655474e-06
3.718820429446661402e-06
3.720587084891307521e-06
3.722444796246924933e-06
3.724305193851726524e-06
3.726060401701508478e-06
3.727911740004565660e-06
3.729538554869097651e-06
3.731221440247792089e-06
3.732967728942097908e-06
3.734761150716402370e-06
3.736717251074922340e-06
3.738402108337834103e-06
3.740211243137250269e-06
3.741973404695256928e-06
3.743744275556510421e-06
3.745582126127718105e-06
3.747329370158801442e-06
3.748986892449977264e-06
3.750663379671541457e-06
3.752528406986729843e-06
3.754407124662234085e-06
3.756126810330632509e-06
3.757905948111107460e-06
3.759651232797459810e-06
3.761471186649047664e-06
3.763148718756017490e-06
3.764853109807089198e-06
3.766731223974007153e-06
3.768676783904625866e-06
3.770358134503130690e-06
3.772117937682519679e-06
3.773858489833508442e-06
3.775546048931480716e-06
3.777298439408197649e-06
3.778949868552957499e-06
3.780750030461578401e-06
3.782426997777998473e-06
3.784174236173700038e-06
3.785845818012334288e-06
3.787569962319531369e-06
3.789332561634252908e-06
3.791052017227917416e-06
3.792859644838218586e-06
3.794483868787510013e-06
3.796202915681355690e-06
3.798048372893091657e-06
3.799619108552303889e-06
3.801259170231759060e-06
3.802963548425900197e-06
3.804639865473369915e-06
3.806306249229700930e-06
3.808067035850831860e-06
3.809861607567236686e-06
3.811669333147628420e-06
3.813351012332439629e-06
3.815113791047365085e-06
3.816808923382300592e-06
3.818454592709282922e-06
3.820113424873831858e-06
3.821777754779968233e-06
3.823540753651086092e-06
3.825380810061427140e-06
3.827120496022547997e-06
3.828873272484265164e-06
3.830599491597856358e-06
3.832222025868694207e-06
3.833940655831076149e-06
3.835711947915745744e-06
3.837416203249034785e-06
3.839205946078033536e-06
3.840953917489077420e-06
3.842658350726208326e-06
3.844385369009614418e-06
3.846128566910571406e-06
3.847816694239778536e-06
3.849417870234597386e-06
3.851135973564706923e-06
3.852898235772203986e-06
3.854665119922838070e-06
3.856385994073219915e-06
3.858054646122924359e-06
3.859724831093689093e-06
3.861343175162877880e-06
3.863008460974468940e-06
3.864817012115110210e-06
3.866610651510985494e-06
3.868284848496991470e-06
3.870069822861422787e-06
3.871849711432894341e-06
3.873632760226672685e-06
3.875409625142741848e-06
3.877083213348161559e-06
3.878744605739395115e-06
3.880496746471367272e-06
3.882197475406163436e-06
3.883685406708900907e-06
3.885252008327647025e-06
3.887000364220392317e-06
3.888737141146515184e-06
3.890390490302757602e-06
3.892071261773983355e-06
3.893680306460865558e-06
3.895368706270299004e-06
3.897035747963807760e-06
3.898753441548540055e-06
3.900521755200206828e-06
3.902132947917441355e-06
3.903916485881353440e-06
3.905621219240150282e-06
3.907219256461853202e-06
3.908795295125145029e-06
3.910413464383333654e-06
3.911974851548992041e-06
3.913605372161680488e-06
3.915235156312802765e-06
3.916864779379514767e-06
3.918472340726944725e-06
3.920112967788834251e-06
3.921651465583491022e-06
3.923400347014502139e-06
3.925065774189306415e-06
3.926745010643598117e-06
3.928421149426593645e-06
3.930170253292161633e-06
3.931745380282477714e-06
3.933521976635232149e-06
3.935262658715158495e-06
3.937001329269340185e-06
3.938751991726683440e-06
3.940368910186539190e-06
3.942030436289105463e-06
3.943740851307171514e-06
3.945412956236314932e-06
3.947093766750735801e-06
3.948570957451524654e-06
3.950194315171331597e-06
3.951808238769232582e-06
3.953607750428555567e-06
3.955264919881898906e-06
3.956754841693959637e-06
3.958375697402213927e-06
3.960047229619559179e-06
3.961658391731839067e-06
3.963293593157866373e-06
3.964995703867959239e-06
3.966507531336725617e-06
3.968131431017523789e-06
3.969775143648304432e-06
3.971309749475784435e-06
3.972906591395497881e-06
3.974426875008052518e-06
3.976059006139536486e-06
3.977785657374027106e-06
3.979374227912694271e-06
3.981033136403224536e-06
3.982716744835635873e-06
3.984361325682459230e-06
3.986103360445005016e-06
3.987683004851062841e-06
3.989329952478767043e-06
3.990954049673696187e-06
3.992516667895423833e-06
3.994110574706959149e-06
3.995549074634896130e-06
3.997177384604565262e-06
3.998827048431981310e-06
4.000532855258786700e-06
4.002038072531952793e-06
4.003688451759539551e-06
4.005404325401470885e-06
4.007076842765496488e-06
4.008627727398525120e-06
4.010230212241739880e-06
4.011884320527550281e-06
4.013534241156149464e-06
4.015111446016461360e-06
4.016746259852882769e-06
4.018333946863590990e-06
4.019917532165649900e-06
4.021349128392545832e-06
4.023109716200926121e-06
4.024767722411397552e-06
4.026492631472246663e-06
4.028207542271642057e-06
4.029696726403141011e-06
4.031278301841771822e-06
4.032883267764548387e-06
4.034410213108347754e-06
4.036005858174615687e-06
4.037578197597608530e-06
4.039098195954916484e-06
4.040746878895462188e-06
4.042313360945950728e-06
4.043871694067211605e-06
4.045394314851068816e-06
4.047072716236319963e-06
4.048751856616700916e-06
4.050240816216481747e-06
4.051792735516621821e-06
4.053374140952855124e-06
4.054834386705285082e-06
4.056347819364477806e-06
4.057888747082974166e-06
4.059405747714254851e-06
4.060872926316940028e-06
4.062463605678784752e-06
4.063962047802245700e-06
4.065574610085900677e-06
4.067083376170358904e-06
4.068619099140730534e-06
4.070226303855950326e-06
4.071791429568648644e-06
4.073325238739632449e-06
4.075012230160226078e-06
4.076605864068303207e-06
4.078163016079714978e-06
4.079767677296548618e-06
4.081300286988798922e-06
4.082881371576935938e-06
4.084451376433084807e-06
4.085890134446400046e-06
4.087352231349390154e-06
4.088868112076147718e-06
4.090603624524164183e-06
4.092101186341658392e-06
4.093650078802062106e-06
4.095224652810414277e-06
4.096727722547153286e-06
4.098372467573264891e-06
4.099852089503641207e-06
4.101512293473546525e-06
4.103054163004571864e-06
4.104687362381804717e-06
4.106320036920246469e-06
4.107774370780986261e-06
4.109444708528446878e-06
4.110869527509986674e-06
4.112385272895830246e-06
4.113742709447744073e-06
4.115248195375198774e-06
4.116784966962668201e-06
4.118312579191140629e-06
4.119901279471326633e-06
4.121361813784678947e-06
4.122960910254551222e-06
4.124384821610482640e-06
4.125883925454557466e-06
4.127288217004294661e-06
4.128911370282960599e-06
4.130518138859941762e-06
4.132009114727620170e-06
4.133505523624038950e-06
4.135026446788208853e-06
4.136524572438333515e-06
4.137991744316862887e-06
4.139375135527404886e-06
4.141077516406914850e-06
4.142594479433082792e-06
4.144226140361101600e-06
4.145767749920585880e-06
4.147198553325751101e-06
4.148746148977645308e-06
4.150234027013384355e-06
4.151794202109737921e-06
4.153456083124121835e-06
4.154886862940317330e-06
4.156432959037098716e-06
4.158091758426666599e-06
4.159642112616874013e-06
4.161153398830939115e-06
4.162664963936024806e-06
4.164264838067805644e-06
4.165831795692312454e-06
4.167326066484320103e-06
4.168865535600526914e-06
4.170457696004820455e-06
4.171951631443968527e-06
4.173600780037546450e-06
4.175018055160314331e-06
4.176539247513882518e-06
4.178011763807734070e-06
4.179586049040065798e-06
4.181140474533693168e-06
4.182607860966663344e-06
4.184162535724733927e-06
4.185589179780135159e-06
4.187033565602047719e-06
4.188458804093782497e-06
4.189966497436892423e-06
4.191482354139084251e-06
4.192955370906819093e-06
4.194536630493551198e-06
4.196074161701983762e-06
4.197642911652697084e-06
4.199175570138785146e-06
4.200685305248541303e-06
4.202017905469377173e-06
4.203431137999555671e-06
4.204892265368928130e-06
4.206369420538245927e-06
4.207840386785853811e-06
4.209313165265792887e-06
4.210817832079060235e-06
4.212379057216706866e-06
4.213906928271016813e-06
4.215414328294605473e-06
4.216984268107886298e-06
4.218417920862001630e-06
4.219872223718509850e-06
4.221329719833075169e-06
4.222791212248336857e-06
4.224235289992898522e-06
4.225813101704902763e-06
4.227383321022600026e-06
4.228874492563670440e-06
4.230317818292758321e-06
4.231872250968252691e-06
4.233289430715864569e-06
4.234768985262004369e-06
4.236140678561966071e-06
4.237595650724056453e-06
4.239034728882962569e-06
4.240432946957431794e-06
4.241938296359103004e-06
4.243574513193347652e-06
4.245017164765655124e-06
4.246436053169641147e-06
4.247933569097621107e-06
4.249379301380695262e-06
4.250807492766658513e-06
4.252171291673999220e-06
4.253614941560062539e-06
4.255067668705366008e-06
4.256451011957492915e-06
4.257989104015078039e-06
4.259392179548840017e-06
4.260837468743929453e-06
4.262322595465385051e-06
4.263742766550351039e-06
4.265167278140003047e-06
4.266576635701993798e-06
4.268043058405570138e-06
4.269451967256850340e-06
4.270935053177605916e-06
4.272404751064528595e-06
4.273778566851315570e-06
4.275299352123600470e-06
4.276813781949440273e-06
4.278244258550339541e-06
4.279765494735963701e-06
4.281220257953402375e-06
4.282660179520792447e-06
4.284107836257772703e-06
4.285441834945074053e-06
4.286811050247506667e-06
4.288199214527693676e-06
4.289624196574383709e-06
4.290980238887673346e-06
4.292530614436699980e-06
4.293951866653636246e-06
4.295360576668037649e-06
4.296753562888414731e-06
4.298221807669693683e-06
4.299597655442183337e-06
4.300954990361225226e-06
4.302375086636375990e-06
4.303862091611271717e-06
4.305273116097380398e-06
4.306632397295314733e-06
4.308096300381452833e-06
4.309482596652893804e-06
4.310932767613994333e-06
4.312292524903568771e-06
4.313714413442860555e-06
4.315139411683688057e-06
4.316587822751570186e-06
4.317972274638360454e-06
4.319298556335552672e-06
4.320706430724603456e-06
4.322057798241344354e-06
4.323437733642767090e-06
4.324875459385742091e-06
4.326251371692966417e-06
4.327810078568995882e-06
4.329248582706974603e-06
4.330625609161126552e-06
4.332138084213085614e-06
4.333591096477028833e-06
4.335008746196504194e-06
4.336443278270473896e-06
4.337811546597470313e-06
4.339118160602956495e-06
4.340596829780584730e-06
4.341922568021846260e-06
4.343388284820357398e-06
4.344725633377799785e-06
4.346142008468535967e-06
4.347574551770237768e-06
4.349027294821604493e-06
4.350400180511819774e-06
4.351832381022186367e-06
4.353205922949644403e-06
4.354480591754949440e-06
4.355876932647221951e-06
4.357276418559788393e-06
4.358609597370913244e-06
4.360035159127087903e-06
4.361581677446644085e-06
4.363045389957374863e-06
4.364468482879180505e-06
4.365898513581472869e-06
4.367254038351112968e-06
4.368673426977452459e-06
4.370143841601084218e-06
4.371554416370254642e-06
4.372944572124676893e-06
4.374304541019833325e-06
4.375628473924502931e-06
4.377010488727399404e-06
4.378357798394203937e-06
4.379696674876914762e-06
4.381097988402103669e-06
4.382361731564216217e-06
4.383753413349038298e-06
4.385131097829709636e-06
4.386480047154045217e-06
4.387895451094994394e-06
4.389137964278380031e-06
4.390577010116384211e-06
4.391918471613620334e-06
4.393309945538577333e-06
4.394670116113577855e-06
4.396084054191986056e-06
4.397570017216669353e-06
4.398950873455689038e-06
4.400314421933108161e-06
4.401679337435715908e-06
4.402997247479301103e-06
4.404266404578936871e-06
4.405620730916551728e-06
4.407044519273177161e-06
4.408325778410867644e-06
4.409744589331278149e-06
4.411072859240208287e-06
4.412427832564284505e-06
4.413857270102354193e-06
4.415234608270842872e-06
4.416572469605745624e-06
4.417991782860895418e-06
4.419293567228436571e-06
4.420628268999812409e-06
4.421955131864841972e-06
4.423280874770537760e-06
4.424668477636343734e-06
4.425990306429984253e-06
4.427220426289454793e-06
4.428506624682785983e-06
4.429853790240503163e-06
4.431048967539011826e-06
4.432426504725933193e-06
4.433670791954800982e-06
4.434867010485208490e-06
4.436272784834343275e-06
4.437571622172866989e-06
4.438857737481456361e-06
4.440243914679318006e-06
4.441532719351750288e-06
4.442909400943395292e-06
4.444176766872208828e-06
4.445479423709480347e-06
4.446792163860671853e-06
4.448059838528192834e-06
4.449401471715791182e-06
4.450771771126952453e-06
4.452056783777147376e-06
4.453425434735340790e-06
4.454775336920687968e-06
4.456011485600365342e-06
4.457361497104740993e-06
4.458662424365389938e-06
4.459932270968154235e-06
4.461300549085634335e-06
4.462656390570622433e-06
4.464079226086554895e-06
4.465300347712716322e-06
4.466688976805626351e-06
4.468039806349865281e-06
4.469332617299361537e-06
4.470796082499884554e-06
4.472097493256982214e-06
4.473483134997522372e-06
4.474867796087535554e-06
4.476139346502058042e-06
4.477430030277707787e-06
4.478696316557639667e-06
4.479962234296529611e-06
4.481258987577124382e-06
4.482550826206888008e-06
4.483933230345835943e-06
4.485281859478491889e-06
4.486621562533454182e-06
4.488026436345000572e-06
4.489468870121296716e-06
4.490840408697300705e-06
4.492124363034581090e-06
4.493394775833716147e-06
4.494718929555433262e-06
4.496049011167107572e-06
4.497360300691930953e-06
4.498663660402172633e-06
4.500016209791953720e-06
4.501247987059185474e-06
4.502547123420268559e-06
4.503909829967000086e-06
4.505308710080881826e-06
4.506677990308458456e-06
4.507941844332598740e-06
4.509294961532720200e-06
4.510630268212510995e-06
4.511879782130878114e-06
4.513208058719532944e-06
4.514582827213982130e-06
4.515885430894882810e-06
4.517181973582059301e-06
4.518498144873141109e-06
4.519831484220610344e-06
4.521190115871024145e-06
4.522426053842839771e-06
4.523768727050018516e-06
4.525012940787111947e-06
4.526311809933284758e-06
4.527484525136086791e-06
4.528666452280775547e-06
4.529914854930633744e-06
4.531310963035066517e-06
4.532618141375504183e-06
4.533901241184668921e-06
4.535198436137072003e-06
4.536476024050808376e-06
4.537788004957779213e-06
4.539118445843022433e-06
4.540439539369772379e-06
4.541741656016220239e-06
4.542945465708866858e-06
4.544161478541402141e-06
4.545454423779592487e-06
4.546769613134650308e-06
4.547958478941604024e-06
4.549295064081529139e-06
4.550494959666115943e-06
4.551776142905608922e-06
4.553044083592911416e-06
4.554403684994344036e-06
4.555655772923239159e-06
4.556900905564484510e-06
4.558158288829506278e-06
4.559424222315483254e-06
4.560648908685313150e-06
4.561997393969420606e-06
4.563216492616055422e-06
4.564523874053412287e-06
4.565716676854422571e-06
4.566933939868931112e-06
4.568277796761787850e-06
4.569530584678582681e-06
4.570740446007539965e-06
4.571986537381419139e-06
4.573221730526349185e-06
4.574635286743057634e-06
4.575904583138696452e-06
4.577080073789764846e-06
4.578256219558522055e-06
4.579398110089268661e-06
4.580606326635079999e-06
4.581935081990739508e-06
4.583206918647176702e-06
4.584438152113437202e-06
4.585659444035764104e-06
4.586845605782592388e-06
4.588090880039968217e-06
4.589328480518137062e-06
4.590660262750875224e-06
4.591981032967707243e-06
4.593254501970673230e-06
4.594461191352124461e-06
4.595780455736012384e-06
4.597028655326296218e-06
4.598263023988354356e-06
4.599580705151363696e-06
4.600794529281206485e-06
4.602099787634242731e-06
4.603305366379524782e-06
4.604547654720891942e-06
4.605780179849868185e-06
4.606954528677066797e-06
4.608165529801916569e-06
4.609485651801890556e-06
4.610726307178892080e-06
4.611971158423965232e-06
4.613211140113971149e-06
4.614490822928146927e-06
4.615583916774415124e-06
4.616798442345487436e-06
4.617916098053802714e-06
4.619026700938167792e-06
4.620187651105867713e-06
4.621420818742123942e-06
4.622648775511968751e-06
4.623901232936922752e-06
4.625236621388116381e-06
4.626485798151663819e-06
4.627819037365912620e-06
4.629079787014518904e-06
4.630329875202746237e-06
4.631650006338633788e-06
4.632898098991509474e-06
4.634207976460552731e-06
4.635486723378757701e-06
4.636716292349242934e-06
4.637938585724794010e-06
4.639088012700876042e-06
4.640431697129398435e-06
4.641688217081759742e-06
4.642941177375027038e-06
4.644195266134579899e-06
4.645438344549320130e-06
4.646676645304116805e-06
4.647867084384056205e-06
4.649142824147628108e-06
4.650285890958250523e-06
4.651505543802667636e-06
4.652663235211145920e-06
4.653849198491320801e-06
4.655068251007517247e-06
4.656293719639365434e-06
4.657498535687813797e-06
4.658735631860016420e-06
4.659922836798865033e-06
4.661004750926281779e-06
4.662189946019486598e-06
4.663370507761971312e-06
4.664613488224630594e-06
4.665864129619448199e-06
4.667085720285017736e-06
4.668155416743595502e-06
4.669384863662345425e-06
4.670596202585681144e-06
4.671829561653263018e-06
4.673154448391094099e-06
4.674354523088873212e-06
4.675547856108872023e-06
4.676650116004997007e-06
4.677862844300023339e-06
4.679076558469340641e-06
4.680216072505575711e-06
4.681405023653233385e-06
4.682717179036857610e-06
4.683852607696570975e-06
4.685020764843652834e-06
4.686215670543245011e-06
4.687442566952279162e-06
4.688600088725159932e-06
4.689823706235613854e-06
4.691106635707102575e-06
4.692294001742313946e-06
4.693543447889824830e-06
4.694703651071973164e-06
4.695958877858298724e-06
4.697216774955246244e-06
4.698524027194174691e-06
4.699708933271968073e-06
4.700883633153381137e-06
4.702155296241430750e-06
4.703319830818548576e-06
4.704482101817068093e-06
4.705751789173716543e-06
4.706932452410792526e-06
4.708099989066016622e-06
4.709257244737461902e-06
4.710330828311812361e-06
4.711579669662598052e-06
4.712815898777345720e-06
4.713937785370105159e-06
4.715037574169759691e-06
4.716175342921370643e-06
4.717407288075065863e-06
4.718610400848237905e-06
4.719821690639202207e-06
4.720996967965140572e-06
4.722136052870693102e-06
4.723344682662492670e-06
4.724420652032459134e-06
4.725584682824941730e-06
4.726827836986916170e-06
4.727941017558594624e-06
4.729006311330181573e-06
4.730165948510660682e-06
4.731146327391903855e-06
4.732294250798733108e-06
4.733449598795505387e-06
4.734606386270210745e-06
4.735764134412697491e-06
4.737110719618479271e-06
4.738282742077353049e-06
4.739484024420822662e-06
4.740642561733156670e-06
4.741735409324420259e-06
4.742751094952812519e-06
4.743851780335145112e-06
4.745028343065394646e-06
4.746259946425182541e-06
4.747433622413528953e-06
4.748554354950083782e-06
4.749641145773572198e-06
4.750758612648778645e-06
4.751930240011189079e-06
4.753137171214931770e-06
4.754386273142073926e-06
4.755585985712679258e-06
4.756822727738549937e-06
4.757996226034462049e-06
4.759247210673984163e-06
4.760369286121015551e-06
4.761495981794315092e-06
4.762679204283854822e-06
4.763765726579055017e-06
4.764860930108308671e-06
4.766130961373985337e-06
4.767191932808590173e-06
4.768291277890622279e-06
4.769459340197753528e-06
4.770566234455448582e-06
4.771771254004901682e-06
4.773000484980047970e-06
4.774150540083086850e-06
4.775331596725881499e-06
4.776356993376180752e-06
4.777509553137320799e-06
4.778692620834247407e-06
4.779904285279089679e-06
4.781043017841584118e-06
4.782164660560332469e-06
4.783313238819851199e-06
4.784457354924006841e-06
4.785546478486460766e-06
4.786602898198720889e-06
4.787885559572977301e-06
4.789063272126541840e-06
4.790195502581814532e-06
4.791285821532724748e-06
4.792291400164126169e-06
4.793350455135848078e-06
4.794500743854858102e-06
4.795641016960062725e-06
4.796777759659106690e-06
4.797933329843502867e-06
4.799112226759417149e-06
4.800252382010979107e-06
4.801535616637998900e-06
4.802726099103770539e-06
4.803922429587276546e-06
4.805074847207494994e-06
4.806178559753289774e-06
4.807314872411041653e-06
4.808423127138578111e-06
4.809538321873041792e-06
4.810706870353331420e-06
4.811890583321348075e-06
4.813070313904574346e-06
4.814190823270140683e-06
4.815233853588833542e-06
4.816485350012622457e-06
4.817596259070213448e-06
4.818535243593782540e-06
4.819686733562508481e-06
4.820866119478267306e-06
4.821997943542351393e-06
4.823189139587006888e-06
4.824340140665800128e-06
4.825451750317189589e-06
4.826532722769800677e-06
4.827592783009401989e-06
4.828647484122819468e-06
4.829856904399238462e-06
4.830866623614024703e-06
4.831922513149714862e-06
4.833013287238969762e-06
4.834234296150375582e-06
4.835263609776648450e-06
4.836509310008125885e-06
4.837603328386710631e-06
4.838867164985472284e-06
4.840048423731562275e-06
4.841116851699518288e-06
4.842205737371068135e-06
4.843214678180015410e-06
4.844347940350151757e-06
4.845431114894479726e-06
4.846589978397700779e-06
4.847715625645580149e-06
4.848768874756593141e-06
4.849921709823364107e-06
4.850945582971243525e-06
4.852087908853181839e-06
4.853253274060920611e-06
4.854394990243852623e-06
4.855500182373222576e-06
4.856553980709763363e-06
4.857556763108436998e-06
4.858606913925747229e-06
4.859700112992953658e-06
4.860736132472885040e-06
4.861837188608231901e-06
4.863026755575150226e-06
4.864108309093431239e-06
4.865214337091732229e-06
4.866405610243905177e-06
4.867410122401504053e-06
4.868497605323700999e-06
4.869552139857924159e-06
4.870689258968184502e-06
4.871812722021762686e-06
4.872943881476777701e-06
4.873996542817207857e-06
4.875038538057176154e-06
4.876125260320210151e-06
4.877207187825760981e-06
4.878312378292544172e-06
4.879316484990524667e-06
4.880412359118115719e-06
4.881445000621798569e-06
4.882559919027705215e-06
4.883634885664691683e-06
4.884707689246127708e-06
4.885735768702417974e-06
4.886769599215014970e-06
4.887859672466597062e-06
4.888962440999987009e-06
4.890169071541677919e-06
4.891242471254628559e-06
4.892281684292732673e-06
4.893359734200163487e-06
4.894415982838681042e-06
4.895513841665907330e-06
4.896658325868979121e-06
4.897844222870368326e-06
4.898941868820844865e-06
4.899945442327671912e-06
4.901091681608937245e-06
4.902222712240091128e-06
4.903178958842920630e-06
4.904153600603059315e-06
4.905240390820516833e-06
4.906324149221837266e-06
4.907428314290498231e-06
4.908519304726544449e-06
4.909614788987968469e-06
4.910594160117896011e-06
4.911625137758592262e-06
4.912596990441874719e-06
4.913654558414278494e-06
4.914687097984125894e-06
4.915730788501693895e-06
4.916706143678828109e-06
4.917777363838348210e-06
4.918805659311069158e-06
4.919879187780768814e-06
4.920906707288962381e-06
4.922027139707304626e-06
4.923023119364893143e-06
4.924050116967160742e-06
4.925035604568509293e-06
4.926095037479563626e-06
4.927064836464244083e-06
4.928055751206751832e-06
4.929173064164339509e-06
4.930331614680237498e-06
4.931443076258868409e-06
4.932558275263031207e-06
4.933499744504951270e-06
4.934483576720100474e-06
4.935504149019613180e-06
4.936597987820562205e-06
4.937663851722743162e-06
4.938796521032319839e-06
4.939876759752420210e-06
4.940885667946934752e-06
4.941847162131446424e-06
4.942989065585823633e-06
4.944110320397327884e-06
4.945241326728585431e-06
4.946270727470482528e-06
4.947306477059431789e-06
4.948315570708770131e-06
4.949429923240728261e-06
4.950481936609562163e-06
4.951460275263513585e-06
4.952469892328909737e-06
4.953427892239287485e-06
4.954530723002554140e-06
4.955543706867884536e-06
4.956689694484081452e-06
4.957715338540756351e-06
4.958775143710536977e-06
4.959893606536587362e-06
4.960908538047355562e-06
4.961838983461728813e-06
4.962913827350851874e-06
4.964024385581128210e-06
4.965051502599156116e-06
4.966098243595245057e-06
4.967135889950546631e-06
4.968173203066948236e-06
4.969175146815921479e-06
4.970237321800280579e-06
4.971291351738256783e-06
4.972378399304697361e-06
4.973427626063827900e-06
4.974399254431754096e-06
4.975474313231507172e-06
4.976493188306746185e-06
4.977570194548253594e-06
4.978569935771836711e-06
4.979554272932262113e-06
4.980521571709389677e-06
4.981641210426995311e-06
4.982663973371182784e-06
4.983687762952952407e-06
4.984878305018703214e-06
4.985910658771532984e-06
4.987016661097141175e-06
4.988043574582806337e-06
4.989023671909747271e-06
4.990111784995675643e-06
4.991129493152660430e-06
4.992219506658258591e-06
4.993195596376207582e-06
4.994281459572452351e-06
4.995313857823795475e-06
4.996303865778954226e-06
4.997339591595391038e-06
4.998333748898319192e-06
4.999331879592415538e-06
5.000320020510370806e-06
5.001310035224541615e-06
5.002394513786081788e-06
5.003488142739706258e-06
5.004613900382599208e-06
5.005552288228209860e-06
5.006628658553418335e-06
5.007719690271747219e-06
5.008712524027018775e-06
5.009740003468438895e-06
5.010700820349895075e-06
5.011804582806648028e-06
5.012757422774873807e-06
5.013766222627886719e-06
5.014894369190057519e-06
5.015821792581210893e-06
5.016872297478691324e-06
5.017777703195974369e-06
5.018799371018520868e-06
5.019778455247051640e-06
5.020799311206449883e-06
5.021809830813659226e-06
5.022764947333104611e-06
5.023903070221344744e-06
5.024919589421535863e-06
5.025898359887304390e-06
5.026970126385669085e-06
5.027923182838170642e-06
5.028959263677323730e-06
5.029896496262328542e-06
5.030878428128137950e-06
5.031967740874817038e-06
5.032999841396376355e-06
5.034071705652970886e-06
5.035117611740133062e-06
5.036233034298194065e-06
5.037274530501764288e-06
5.038324822648094709e-06
5.039461400869560998e-06
5.040449610133609516e-06
5.041504670461919392e-06
5.042545028869613862e-06
5.043563118302919861e-06
5.044577101908114820e-06
5.045667511033087880e-06
5.046698365994255954e-06
5.047685207649038349e-06
5.048763008268163338e-06
5.049793936170799476e-06
5.050809961866549452e-06
5.051780380566350837e-06
5.052764540582705987e-06
5.053779308283274617e-06
5.054761721307285584e-06
5.055830332448106968e-06
5.056825149332280944e-06
5.057837622493877365e-06
5.058854744121092799e-06
5.059774693462486581e-06
5.060815886644498187e-06
5.061892178847165910e-06
5.062864035738707948e-06
5.063845571028853270e-06
5.064906849302334177e-06
5.065872000391123533e-06
5.066815834137658921e-06
5.067774888234150783e-06
5.068769286487599005e-06
5.069723105174197610e-06
5.070712365135943988e-06
5.071706186331224047e-06
5.072686101393649272e-06
5.073657499040718890e-06
5.074707610304093467e-06
5.075653432180172391e-06
5.076617442539772782e-06
5.077491781089558304e-06
5.078516494888743037e-06
5.079528307982100513e-06
5.080504450109272909e-06
5.081483856101119914e-06
5.082529595733184874e-06
5.083513917093271977e-06
5.084445230328878262e-06
5.085426551263947231e-06
5.086466340611317869e-06
5.087355131584591397e-06
5.088274926726998158e-06
5.089145555296662578e-06
5.090058056924202812e-06
5.090978915687985470e-06
5.092028216726033004e-06
5.093057119859699032e-06
5.094105889860492872e-06
5.094956118815889859e-06
5.095899734618258538e-06
5.096847669544682072e-06
5.097782871766769737e-06
5.098697075339916512e-06
5.099571128525747142e-06
5.100533911632354563e-06
5.101523991855635079e-06
5.102510272668630711e-06
5.103456587537398036e-06
5.104432985108011421e-06
5.105438917612104863e-06
5.106397924849512661e-06
5.107304967903921498e-06
5.108247347272686564e-06
5.109201137097543817e-06
5.110192714237719207e-06
5.111140394412081383e-06
5.112107937626775617e-06
5.113127133819970532e-06
5.114078538539838399e-06
5.115106902687973924e-06
5.116126673603967217e-06
5.117109477969409794e-06
5.118016647429089837e-06
5.119058648227506022e-06
5.119950304690327023e-06
5.120981934319735961e-06
5.121960874782615662e-06
5.122901308113401394e-06
5.123839300450249485e-06
5.124753303930769941e-06
5.125835329175697347e-06
5.126728010583759163e-06
5.127659110695544657e-06
5.128582981233318087e-06
5.129652647055070752e-06
5.130659786703556032e-06
5.131604573679259958e-06
5.132475740069599926e-06
5.133389990845318719e-06
5.134339423284839903e-06
5.135351082249995207e-06
5.136386583946776791e-06
5.137347937180642126e-06
5.138433904838012009e-06
5.139514587599131138e-06
5.140461759365476971e-06
5.141412222760864384e-06
5.142354060026192691e-06
5.143282092572338681e-06
5.144351283488421035e-06
5.145234069905810376e-06
5.146181893656913252e-06
5.147072322814695344e-06
5.147963152134323167e-06
5.148836248471256027e-06
5.149688557080629812e-06
5.150611960998094972e-06
5.151551472996927374e-06
5.152617150495112115e-06
5.153489300190250820e-06
5.154436952395787518e-06
5.155420210561726897e-06
5.156388511306396192e-06
5.157299605789070371e-06
5.158218776374645573e-06
5.159087667725845955e-06
5.159982570315987148e-06
5.160993472597781904e-06
5.161894853865785770e-06
5.162811173618022891e-06
5.163782211293722611e-06
5.164716993759476837e-06
5.165698342060053433e-06
5.166619717352843496e-06
5.167568148390981463e-06
5.168533685470618970e-06
5.169516199063662374e-06
5.170511363967125824e-06
5.171390632585387914e-06
5.172335069208827991e-06
5.173294399259587428e-06
5.174188662465325281e-06
5.175160201797477246e-06
5.176197105687746359e-06
5.177143401254322646e-06
5.178099511788681746e-06
5.179022096550626039e-06
5.179920579709042340e-06
5.180781648458489554e-06
5.181705048835506072e-06
5.182625483616369305e-06
5.183544097718907129e-06
5.184396764218383288e-06
5.185270037795867688e-06
5.186192661973810862e-06
5.187136186500563902e-06
5.188178886639233321e-06
5.189045915702343208e-06
5.190021245169102669e-06
5.190961852054543883e-06
5.191935652280334394e-06
5.192891005724387824e-06
5.193796551318243006e-06
5.194774334543255672e-06
5.195720659818350455e-06
5.196678519913897144e-06
5.197538997529618051e-06
5.198465547756009869e-06
5.199371715857274135e-06
5.200274494615392321e-06
5.201179819301582715e-06
5.202010735735624396e-06
5.202935513569894941e-06
5.203874102237950747e-06
5.204761809644932128e-06
5.205637820583995494e-06
5.206570083902033601e-06
5.207566046503017068e-06
5.208494865633655700e-06
5.209389735088609150e-06
5.210308839097288819e-06
5.211267510251743768e-06
5.212209328116344001e-06
5.213109048544893655e-06
5.213978915966921390e-06
5.214795299980292852e-06
5.215571805232915200e-06
5.216381150423559842e-06
5.217170762269876796e-06
5.218006969309955647e-06
5.218884235634769674e-06
5.219770983481546562e-06
5.220696486650317176e-06
5.221680543747100589e-06
5.222679391785610650e-06
5.223525882312210964e-06
5.224396134348714215e-06
5.225262825757886868e-06
5.226233753498837160e-06
5.227152122574073482e-06
5.228018248921927477e-06
5.228914226356399031e-06
5.229815520796694483e-06
5.230614071548969102e-06
5.231593346037700825e-06
5.232508716232601331e-06
5.233407570383340730e-06
5.234218672495857932e-06
5.235036983349376387e-06
5.235878839980390795e-06
5.236790152637632267e-06
5.237762985998137636e-06
5.238628857344509563e-06
5.239537680523425571e-06
5.240421536847878316e-06
5.241279754451521229e-06
5.242139870334292736e-06
5.243027908133912144e-06
5.243899431457037001e-06
5.244822485197057442e-06
5.245726644271369985e-06
5.246562318680379832e-06
5.247472160161402940e-06
5.248311785184147590e-06
5.249205935747795946e-06
5.250139344509710894e-06
5.250949754124080851e-06
5.251824578616461536e-06
5.252673082709851826e-06
5.253730001211824383e-06
5.254671252058331947e-06
5.255509700048074148e-06
5.256361608710684197e-06
5.257405765904039431e-06
5.258320009652915195e-06
5.259159859971805721e-06
5.259946313195226694e-06
5.260861502912470692e-06
5.261779575992057148e-06
5.262663566393300057e-06
5.263553889296532482e-06
5.264404926324336776e-06
5.265217111997421029e-06
5.266150093852600273e-06
5.267039061435907568e-06
5.267936759819477308e-06
5.268756740874536581e-06
5.269598368381470102e-06
5.270351054730333068e-06
5.271254374693290241e-06
5.272190530960226466e-06
5.273074253703449908e-06
5.274012870364655436e-06
5.274888719984868441e-06
5.275854203941830079e-06
5.276705906929829417e-06
5.277654875727610820e-06
5.278441572324092349e-06
5.279362567894832778e-06
5.280281869646167827e-06
5.281110244481850393e-06
5.282026889860238212e-06
5.282881202708200072e-06
5.283768417042332397e-06
5.284700702923050547e-06
5.285541384481071334e-06
5.286448948012324338e-06
5.287347540618302127e-06
5.288207703229820502e-06
5.289117606032493475e-06
5.290005339296901306e-06
5.290861712230661101e-06
5.291780235784124949e-06
5.292693936515272355e-06
5.293628232048914823e-06
5.294512324524309272e-06
5.295402824004011783e-06
5.296240144699507061e-06
5.297098894778211603e-06
5.297935109674100912e-06
5.298711534386060992e-06
5.299650846541510754e-06
5.300464085730574770e-06
5.301325771611259589e-06
5.302351486157340427e-06
5.303208594159544526e-06
5.304010716649181161e-06
5.304900701847148697e-06
5.305712714842850338e-06
5.306496829485144230e-06
5.307338924434208727e-06
5.308168714598780367e-06
5.309040225260882787e-06
5.309970111361408292e-06
5.310775036274034335e-06
5.311531439500660954e-06
5.312408697507870632e-06
5.313227835415166079e-06
5.314076092050041609e-06
5.314952647321509781e-06
5.315801309176257794e-06
5.316604289056938238e-06
5.317434994903037707e-06
5.318289138702904953e-06
5.319161021914492124e-06
5.320132766103449572e-06
5.321000686105918626e-06
5.321815310207359884e-06
5.322651307410360738e-06
5.323587533859609412e-06
5.324434833099914148e-06
5.325324975239069263e-06
5.326201981260561967e-06
5.327012107829739890e-06
5.327820806503010864e-06
5.328730766365271435e-06
5.329550932486678941e-06
5.330448840434150930e-06
5.331355652443296347e-06
5.332173439964719979e-06
5.332969300086789150e-06
5.333834021910281882e-06
5.334700958649401757e-06
5.335591407316386350e-06
5.336479229290084645e-06
5.337330072379067942e-06
5.338163146248800597e-06
5.338976795914254158e-06
5.339842551846030886e-06
5.340706298811826170e-06
5.341591941969837599e-06
5.342482458732742568e-06
5.343291593273389670e-06
5.344157190410190464e-06
5.345057654699138235e-06
5.345875333699372361e-06
5.346619458175383089e-06
5.347538854134162142e-06
5.348341653753647043e-06
5.349137594606600059e-06
5.350024335675531110e-06
5.350849854184547601e-06
5.351757825289255774e-06
5.352549371384649146e-06
5.353346154152781432e-06
5.354156643301637618e-06
5.354995938458675815e-06
5.355856029435005938e-06
5.356676493080930674e-06
5.357575066168429256e-06
5.358419116721535392e-06
5.359245414452362250e-06
5.360038542796559714e-06
5.360887861303507687e-06
5.361723052886977358e-06
5.362582974055015196e-06
5.363463584959465999e-06
5.364228457905921668e-06
5.365053997621028869e-06
5.365865574879982956e-06
5.366730224585029728e-06
5.367527072841843826e-06
5.368367520229301187e-06
5.369158575462139862e-06
5.369959230761963691e-06
5.370880856379072354e-06
5.371690713642541664e-06
5.372498188406489851e-06
5.373321976062115431e-06
5.374139515796771931e-06
5.374864419108350533e-06
5.375675485393898225e-06
5.376547424953192624e-06
5.377363002075712684e-06
5.378221885645755157e-06
5.378969242157119212e-06
5.379744936706011155e-06
5.380559716044716327e-06
5.381404432936023747e-06
5.382234961145802306e-06
5.383058447864823081e-06
5.383909797711268063e-06
5.384751261280027194e-06
5.385569614787145010e-06
5.386406526466773560e-06
5.387258026422297659e-06
5.388027490718553614e-06
5.388806560953907382e-06
5.389584324089860375e-06
5.390443233417570840e-06
5.391241384730987241e-06
5.392052142833745376e-06
5.392922833782429525e-06
5.393693936189701230e-06
5.394605476569766820e-06
5.395418805626581156e-06
5.396216353602780437e-06
5.396985765448864026e-06
5.397886496385935056e-06
5.398744671953491037e-06
5.399551455419603734e-06
5.400323970260246758e-06
5.401110802854269844e-06
5.401834123784927544e-06
5.402649150060084647e-06
5.403451686967787119e-06
5.404244951107417301e-06
5.405042445649476534e-06
5.405844526435533256e-06
5.406636385058820716e-06
5.407387501361424270e-06
5.408231045893702783e-06
5.409030444453160203e-06
5.409831354149141629e-06
5.410667522662360555e-06
5.411418889029695062e-06
5.412194671437387779e-06
5.412973268889164902e-06
5.413775145765668332e-06
5.414601611157116803e-06
5.415391866348825738e-06
5.416192885532061461e-06
5.416976323456394647e-06
5.417798760166772088e-06
5.418565134506181845e-06
5.419395039422628412e-06
5.420165329773325111e-06
5.420901300153248701e-06
5.421687227623334561e-06
5.422464211000415099e-06
5.423316515430387715e-06
5.424192370383725984e-06
5.425015663183223715e-06
5.425741892299728027e-06
5.426549183738076404e-06
5.427271884718729245e-06
5.428101859871081729e-06
5.428926341979386468e-06
5.429711442970519845e-06
5.430374236470772290e-06
5.431140545123144600e-06
5.431964150760144747e-06
5.432723068958946246e-06
5.433590603009322295e-06
5.434396306211278768e-06
5.435106165679304416e-06
5.435843183752317890e-06
5.436632292707828589e-06
5.437381122926835887e-06
5.438138321000324480e-06
5.438824415865957855e-06
5.439608911453393241e-06
5.440452504187893421e-06
5.441210512768190811e-06
5.442080835164837689e-06
5.442827514934035376e-06
5.443509603122119129e-06
5.444272109421705577e-06
5.445042918002305203e-06
5.445794338749741071e-06
5.446471533992400994e-06
5.447331713464700567e-06
5.448109712976227554e-06
5.448885573359986156e-06
5.449710423285595693e-06
5.450487920427594054e-06
5.451321651019206141e-06
5.452130731536917724e-06
5.452938027425559418e-06
5.453822410457756896e-06
5.454613614148811710e-06
5.455434738103248991e-06
5.456241857914051954e-06
5.457026712663695134e-06
5.457718281006478103e-06
5.458597117039528645e-06
5.459385461032780463e-06
5.460188687505837892e-06
5.460963884534796869e-06
5.461718131662464855e-06
5.462486870224076446e-06
5.463224151719884510e-06
5.464020482660519769e-06
5.464731531160258303e-06
5.465442465904961105e-06
5.466182158865383216e-06
5.466897445264002448e-06
5.467667763199056371e-06
5.468360046576145180e-06
5.469161724419873960e-06
5.469903025711983913e-06
5.470656258068629492e-06
5.471398480646318567e-06
5.472145738947931710e-06
5.472959881939613223e-06
5.473787258163838355e-06
5.474600736912434250e-06
5.475292662806050711e-06
5.476083491505333406e-06
5.476820181409890318e-06
5.477607948421266231e-06
5.478474876683202442e-06
5.479271157370678217e-06
5.480022212287996862e-06
5.480772579385914835e-06
5.481547359591959465e-06
5.482335375030317116e-06
5.483035255030283487e-06
5.483768389315642078e-06
5.484599117593388134e-06
5.485367129594266998e-06
5.486087943697851673e-06
5.486836349898216779e-06
5.487675224704402666e-06
5.488508423700021704e-06
5.489273458987657538e-06
5.490051097358553406e-06
5.490713486656274996e-06
5.491482798102434581e-06
5.492356253896669655e-06
5.493100623867478851e-06
5.493908141850212522e-06
5.494692042861333218e-06
5.495532427767118928e-06
5.496261206417078485e-06
5.497087410420208942e-06
5.497898259960230484e-06
5.498668892689199151e-06
5.499385966165506364e-06
5.500169853248933765e-06
5.500868541968971226e-06
5.501628805204617078e-06
5.502431387064936584e-06
5.503234441821368685e-06
5.504051853714630793e-06
5.504742869911879641e-06
5.505500954523913514e-06
5.506249461085503383e-06
5.506975462165214722e-06
5.507782095405371307e-06
5.508538475219182254e-06
5.509347567016016750e-06
5.510085859866177198e-06
5.510817927542905927e-06
5.511539485142351996e-06
5.512345500379811293e-06
5.513128798562898560e-06
5.513892462119644066e-06
5.514635446170051755e-06
5.515350180035398217e-06
5.516107438399470575e-06
5.516840970342532949e-06
5.517607733652933979e-06
5.518292640857247897e-06
5.519011888171923063e-06
5.519737220788032636e-06
5.520506978999636549e-06
5.521289234864050359e-06
5.522001238245942229e-06
5.522781188149858585e-06
5.523559082459379374e-06
5.524356691241188944e-06
5.525129444299814430e-06
5.525898552590349504e-06
5.526645000023944272e-06
5.527343347791745637e-06
5.528146635952138231e-06
5.528876596273019823e-06
5.529598378189324790e-06
5.530329499441161632e-06
5.531072620186777187e-06
5.531752355597708996e-06
5.532467391154712209e-06
5.533209776463712119e-06
5.534022151050550363e-06
5.534885946466674275e-06
5.535600946522703854e-06
5.536337942342673566e-06
5.537080940876950783e-06
5.537792946831061484e-06
5.538579908509919941e-06
5.539319152765812302e-06
5.540108384583370686e-06
5.540839302830131264e-06
5.541596318646582602e-06
5.542334689626037195e-06
5.543109929553670117e-06
5.543887173502846545e-06
5.544631634404556922e-06
5.545359636027765736e-06
5.546201382713777383e-06
5.547014622893493018e-06
5.547722436192859150e-06
5.548428689943648373e-06
5.549174361772221107e-06
5.549825757999421738e-06
5.550530439963704572e-06
5.551264825841318326e-06
5.552049022249725332e-06
5.552731016107580879e-06
5.553439812252033862e-06
5.554229457001041567e-06
5.554997964574582250e-06
5.555746109976925757e-06
5.556445413243668673e-06
5.557138338340207888e-06
5.557827750404960988e-06
5.558606085702842074e-06
5.559368004878372382e-06
5.560090100126849549e-06
5.560759972330808972e-06
5.561530680726215916e-06
5.562250375919467146e-06
5.563007562669096782e-06
5.563748845762506504e-06
5.564463733593715344e-06
5.565222604226067942e-06
5.565952681982851641e-06
5.566687222409558238e-06
5.567347308485278856e-06
5.568046782284085923e-06
5.568762635720402402e-06
5.569489062323596361e-06
5.570202478825996393e-06
5.570914865448317942e-06
5.571651516629187342e-06
5.572300667811791274e-06
5.573004940523215184e-06
5.573733381900212598e-06
5.574422156547565139e-06
5.575180209024316723e-06
5.575980677744969454e-06
5.576739957361044726e-06
5.577475086366960091e-06
5.578178534251855580e-06
5.578920842131241053e-06
5.579698780645192133e-06
5.580428854300396662e-06
5.581168067441815267e-06
5.581889141558325338e-06
5.582625980036176285e-06
5.583301517745331261e-06
5.584023946597265447e-06
5.584784033068944541e-06
5.585530003044092114e-06
5.586276096499399500e-06
5.586885736205412014e-06
5.587583272651329341e-06
5.588201678971893727e-06
5.588902786865482720e-06
5.589569558318178319e-06
5.590306361424442456e-06
5.591106258379701333e-06
5.591863175163790465e-06
5.592517527765356924e-06
5.593222069800455016e-06
5.593937144553496205e-06
5.594616608011984540e-06
5.595322998526055974e-06
5.596018648031762217e-06
5.596703154016834285e-06
5.597395065149934327e-06
5.598088834642917246e-06
5.598799598403297054e-06
5.599604041318074718e-06
5.600318704069324208e-06
5.601074460609881231e-06
5.601759404802473936e-06
5.602424746486094963e-06
5.603161622525217922e-06
5.603935053099659177e-06
5.604683915705074551e-06
5.605416003058636143e-06
5.606039207937026611e-06
5.606675680162342244e-06
5.607364706104604721e-06
5.608069813546269560e-06
5.608709563704264106e-06
5.609455845595475233e-06
5.610138774030057938e-06
5.610753514740477328e-06
5.611433458716433383e-06
5.612103603862119095e-06
5.612737838459415315e-06
5.613428695145831039e-06
5.614078190895017405e-06
5.614773517608353016e-06
5.615417084316731225e-06
5.616100055760595979e-06
5.616779333264122286e-06
5.617474546751722889e-06
5.618200238787019887e-06
5.618858171444839356e-06
5.619643769570734407e-06
5.620290445339633281e-06
5.620933503134413887e-06
5.621649337355829462e-06
5.622317037958333302e-06
5.623051815070125661e-06
5.623732104730939070e-06
5.624461119555945194e-06
5.625130847529726280e-06
5.625748936812172292e-06
5.626508662629855942e-06
5.627213095490553896e-06
5.627873078118410869e-06
5.628543110491043932e-06
5.629210846257475984e-06
5.629869286738564294e-06
5.630575962131698140e-06
5.631264355068587815e-06
5.631917585549515983e-06
5.632621460180408274e-06
5.633308431526717813e-06
5.633977301190910538e-06
5.634659262190679241e-06
5.635411131632524509e-06
5.635972907439209445e-06
5.636603409297790883e-06
5.637269868682421171e-06
5.638030664154037509e-06
5.638732391672446095e-06
5.639394895815416136e-06
5.640073397398241394e-06
5.640712899518214272e-06
5.641407419637746158e-06
5.642053962727219521e-06
5.642694394236405185e-06
5.643388212088714900e-06
5.644019332725178698e-06
5.644652247048139029e-06
5.645415338878819268e-06
5.646133114540096670e-06
5.646819563694502437e-06
5.647474233555655044e-06
5.648189459501149972e-06
5.648858280694794545e-06
5.649463112655361136e-06
5.650184988600004990e-06
5.650909811746521144e-06
5.651516329863407216e-06
5.652156616807082668e-06
5.652841851472296033e-06
5.653574913196063049e-06
5.654218720284038250e-06
5.654963138849359717e-06
5.655580464632262634e-06
5.656342123040743102e-06
5.657032268241650832e-06
5.657793300175167374e-06
5.658439429126406635e-06
5.659202129544613762e-06
5.659876022089238585e-06
5.660624412059077687e-06
5.661274096027245197e-06
5.661914033974637964e-06
5.662562034322949870e-06
5.663208772886936139e-06
5.663868838194133103e-06
5.664539011149813756e-06
5.665171541890367560e-06
5.665787993698204169e-06
5.666466955479273651e-06
5.667195305146947451e-06
5.667845403246601599e-06
5.668547136809947211e-06
5.669206829820330199e-06
5.669914717952004514e-06
5.670664007822095623e-06
5.671256720069699736e-06
5.671931636904463316e-06
5.672653172938243872e-06
5.673371874535177447e-06
5.674039012985249951e-06
5.674716224740497850e-06
5.675403529588650101e-06
5.676057859652317312e-06
5.676694495632958332e-06
5.677344616146952491e-06
5.677909478963989733e-06
5.678520738418483807e-06
5.679177079179645684e-06
5.679857494699222100e-06
5.680468546841988982e-06
5.681147055223414923e-06
5.681820642644175000e-06
5.682499717526863752e-06
5.683159957050929946e-06
5.683873673394731346e-06
5.684554479689378416e-06
5.685182100950425261e-06
5.685878441003963366e-06
5.686548883760359533e-06
5.687202487882626721e-06
5.687890126175409691e-06
5.688527090798425594e-06
5.689181909443790217e-06
5.689885745436906160e-06
5.690590312066814592e-06
5.691276989071822784e-06
5.691995447202635681e-06
5.692608135107824650e-06
5.693277176059451955e-06
5.693894559499073594e-06
5.694570163367616481e-06
5.695272151320745765e-06
5.695946166201763178e-06
5.696595406793460946e-06
5.697265217806536298e-06
5.697900131679840350e-06
5.698553641199689529e-06
5.699134675557607604e-06
5.699725283105057662e-06
5.700348428538735184e-06
5.700986960063487080e-06
5.701550006020653085e-06
5.702143167080194960e-06
5.702785784262516633e-06
5.703445567707005816e-06
5.704099723599383487e-06
5.704810327131982004e-06
5.705494191111868112e-06
5.706164113209693430e-06
5.706867352639008952e-06
5.707567493905186761e-06
5.708137305425752366e-06
5.708675227665881504e-06
5.709338755343846030e-06
5.709961350504243106e-06
5.710597792427197302e-06
5.711227162358931598e-06
5.711892154204218394e-06
5.712589833441846285e-06
5.713264210284451855e-06
5.713915219962917943e-06
5.714602924179340920e-06
5.715241407525697338e-06
5.715884182826525635e-06
5.716519613482647127e-06
5.717163642388280021e-06
5.717767756891484441e-06
5.718477437708783371e-06
5.719051904330781646e-06
5.719712892732460966e-06
5.720391818208819109e-06
5.721088777862528147e-06
5.721733810710294123e-06
5.722326089053774227e-06
5.723078373428079969e-06
5.723685405941826347e-06
5.724280464515072952e-06
5.724989810414651764e-06
5.725597824263492910e-06
5.726221756088451472e-06
5.726819570940533109e-06
5.727328729943671488e-06
5.727947076756130983e-06
5.728558327898302805e-06
5.729245602030501830e-06
5.729849647375566749e-06
5.730521926053791400e-06
5.731135133698405274e-06
5.731804225088871849e-06
5.732413561402759843e-06
5.733102968455687604e-06
5.733741707929747026e-06
5.734390893373763872e-06
5.735009741082870965e-06
5.735620004804815044e-06
5.736230651366770918e-06
5.736871892351919505e-06
5.737468725912570922e-06
5.738065574306478558e-06
5.738756861085829967e-06
5.739454383785689204e-06
5.740076933926445222e-06
5.740777000811263330e-06
5.741438107160064717e-06
5.742057125726184905e-06
5.742707785824509344e-06
5.743406359439923314e-06
5.744097334309640148e-06
5.744769812343669017e-06
5.745366234327150587e-06
5.746045962707153280e-06
5.746700029159751652e-06
5.747322137790640199e-06
5.747862988782994344e-06
5.748505657692503411e-06
5.749123448728040991e-06
5.749801650434133442e-06
5.750463151147905603e-06
5.751057816750420535e-06
5.751644499472745049e-06
5.752306184118800981e-06
5.752956502234339066e-06
5.753589919680062236e-06
5.754220798934425739e-06
5.754817932617200490e-06
5.755451601505958483e-06
5.756048450695005593e-06
5.756627881950314104e-06
5.757258095349756053e-06
5.757819488337458482e-06
5.758442147418206741e-06
5.759067108690751302e-06
5.759701398448808329e-06
5.760251445574099113e-06
5.760877367045233185e-06
5.761503715902992865e-06
5.762092332926450748e-06
5.762641516551286243e-06
5.763315693168758200e-06
5.763914511039606208e-06
5.764483585569553100e-06
5.765140290001503814e-06
5.765767857695016475e-06
5.766359465836189435e-06
5.766992832176888699e-06
5.767595466341058578e-06
5.768239813898783693e-06
5.768857525022834233e-06
5.769434061442041059e-06
5.769925402518324072e-06
5.770577309494278480e-06
5.771180431070258592e-06
5.771825015032414420e-06
5.772481069334412040e-06
5.773107333518029328e-06
5.773716544681001961e-06
5.774374579209435187e-06
5.775000699616184994e-06
5.775594210185980678e-06
5.776231350480008776e-06
5.776819509265986816e-06
5.777387239530195115e-06
5.777997984403228218e-06
5.778692201264398180e-06
5.779304701325755202e-06
5.779964578828106605e-06
5.780568730507011944e-06
5.781117577568094972e-06
5.781732647211621446e-06
5.782285269298153402e-06
5.782912393602915191e-06
5.783519355819063700e-06
5.784124711615082912e-06
5.784726610508732683e-06
5.785297021141082234e-06
5.785960523387577086e-06
5.786515682095937833e-06
5.787131824410322525e-06
5.787761389856821580e-06
5.788346193050647787e-06
5.789006395325300866e-06
5.789572616056288087e-06
5.790167345121554817e-06
5.790763652939269296e-06
5.791416747625231460e-06
5.791979551394267393e-06
5.792647199192218070e-06
5.793221327838481130e-06
5.793808128440182863e-06
5.794370873998277947e-06
5.795026577698614725e-06
5.795601956257684301e-06
5.796245775598770355e-06
5.796847502365138826e-06
5.797497958283902128e-06
5.798096234295601915e-06
5.798682280278593530e-06
5.799276593834815988e-06
5.799863300689292128e-06
5.800461443847551955e-06
5.801128245618904210e-06
5.801769584786678327e-06
5.802487578272953372e-06
5.803122973119323839e-06
5.803698622248904330e-06
5.804323398875070606e-06
5.804908041566576896e-06
5.805531573944643133e-06
5.806138408574637076e-06
5.806737240683856512e-06
5.807321797311374868e-06
5.807991530201657052e-06
5.808621136148933142e-06
5.809239658149548618e-06
5.809867803560971546e-06
5.810472764764407832e-06
5.811045868428594309e-06
5.811653305716284202e-06
5.812314139025136514e-06
5.812955662481050731e-06
5.813520552866242302e-06
5.814128487953834962e-06
5.814691503935223248e-06
5.815285613491094718e-06
5.815924157321247350e-06
5.816474866361602825e-06
5.817159872441936149e-06
5.817764337100283758e-06
5.818343632150012645e-06
5.818848960024730637e-06
5.819398621615614762e-06
5.819979466434221298e-06
5.820589702235948579e-06
5.821175571767233826e-06
5.821732477803949104e-06
5.822303263768930383e-06
5.822934422465738852e-06
5.823556456130200867e-06
5.824063274614032221e-06
5.824653299289934723e-06
5.825295836515123596e-06
5.825817539980405456e-06
5.826429914372595090e-06
5.826962440033618298e-06
5.827568397221260609e-06
5.828143116735523034e-06
5.828684941263764467e-06
5.829220253892032962e-06
5.829815145083929800e-06
5.830361313450755216e-06
5.830874898809830989e-06
5.831481905469362018e-06
5.832077314693254228e-06
5.832700149395940980e-06
5.833249548113905669e-06
5.833833099841568579e-06
5.834398123928900865e-06
5.835014568483263157e-06
5.835585457681450450e-06
5.836182881425945097e-06
5.836739289821071454e-06
5.837307889097384360e-06
5.837783375137762048e-06
5.838359747138830042e-06
5.838903557795416664e-06
5.839506308482027145e-06
5.840085022481091295e-06
5.840641945122586462e-06
5.841293546537251368e-06
5.841890789281862355e-06
5.842527644608435919e-06
5.843065876864289019e-06
5.843700967472061907e-06
5.844239710430301353e-06
5.844789763575551855e-06
5.845322715962887668e-06
5.845913968594542658e-06
5.846523825097550432e-06
5.847121952605318864e-06
5.847636301500556661e-06
5.848208553956035262e-06
5.848761120184732178e-06
5.849309994345252843e-06
5.849844350260397867e-06
5.850434322926854492e-06
5.851118151245244059e-06
5.851643734036108643e-06
5.852159635217532315e-06
5.852659266126269037e-06
5.853271065416070102e-06
5.853828969850499980e-06
5.854370808299547483e-06
5.854922201256956772e-06
5.855543827784464259e-06
5.856128760636423146e-06
5.856728572704842442e-06
5.857329186802133860e-06
5.857916661880281153e-06
5.858398534935190944e-06
5.858959623323355573e-06
5.859516232778454604e-06
5.860039314139403732e-06
5.860598763841188541e-06
5.861258179567680761e-06
5.861810744640057426e-06
5.862430491678098731e-06
5.863018888482777793e-06
5.863575031782291487e-06
5.864216691257389799e-06
5.864818433243555433e-06
5.865311003929275381e-06
5.865886190550119221e-06
5.866490227354192637e-06
5.867086162444511565e-06
5.867640261460916140e-06
5.868182799812810232e-06
5.868797341005232995e-06
5.869399222259342865e-06
5.869976306918908713e-06
5.870551085060991111e-06
5.871073288861583364e-06
5.871643788886491822e-06
5.872193704065837652e-06
5.872828355359991082e-06
5.873379940341522873e-06
5.873922432330998294e-06
5.874534528587151522e-06
5.875125461285349954e-06
5.875730539011680852e-06
5.876244092857758101e-06
5.876788352023523264e-06
5.877332812146617648e-06
5.877879093777539348e-06
5.878469747468003675e-06
5.879057684130467201e-06
5.879587549062054526e-06
5.880144525715389926e-06
5.880693717212898610e-06
5.881260518943554102e-06
5.881843989735086919e-06
5.882438509324966343e-06
5.882989223059010052e-06
5.883540308072071254e-06
5.884149921616791872e-06
5.884690654933575089e-06
5.885246693700576579e-06
5.885853729991898472e-06
5.886332595136042437e-06
5.886847879900455154e-06
5.887330512304425423e-06
5.887865421980900384e-06
5.888384569730943331e-06
5.888872430644055693e-06
5.889371109839819629e-06
5.889859630258292978e-06
5.890413595699643967e-06
5.890925271881585626e-06
5.891482907983979734e-06
5.891991401299713417e-06
5.892541086804001216e-06
5.893078405019151280e-06
5.893633860967217817e-06
5.894229109802065520e-06
5.894836359170987309e-06
5.895309385794256620e-06
5.895827857055329981e-06
5.896395966775709355e-06
5.896939716452955842e-06
5.897486552389308409e-06
5.898042188805395608e-06
5.898551446769010200e-06
5.899115538546420338e-06
5.899594549148999706e-06
5.900129408283819998e-06
5.900684443793397654e-06
5.901146848147769800e-06
5.901658126230709440e-06
5.902185839961318007e-06
5.902676941633576767e-06
5.903191757207834075e-06
5.903732683424567625e-06
5.904200692614663558e-06
5.904767715050415060e-06
5.905373938026577714e-06
5.905896779687440009e-06
5.906359866427256759e-06
5.906911729289095544e-06
5.907488223011306123e-06
5.907951599867628861e-06
5.908479146797129793e-06
5.908953044995743993e-06
5.909490193757627161e-06
5.910031475655249540e-06
5.910576092719615358e-06
5.911091215665547708e-06
5.911652887218981274e-06
5.912235291648486014e-06
5.912775531799906388e-06
5.913350096587014398e-06
5.913875446824299759e-06
5.914352448325820491e-06
5.914867063994168881e-06
5.915379690907411951e-06
5.915894788370170889e-06
5.916409370476067789e-06
5.916942067629544820e-06
5.917424310618188119e-06
5.917960683734072339e-06
5.918508191730657316e-06
5.919033578424758263e-06
5.919568681600350099e-06
5.920087900593454172e-06
5.920645070984277614e-06
5.921189562758844314e-06
5.921718806200077037e-06
5.922250321996702532e-06
5.922773414222831266e-06
5.923295794644652520e-06
5.923782837000989583e-06
5.924319486751406244e-06
5.924886725891987351e-06
5.925407089825094622e-06
5.926024384002019363e-06
5.926583548036293000e-06
5.927140417108410839e-06
5.927629896649533485e-06
5.928095295813241862e-06
5.928670309246506346e-06
5.929204076897246632e-06
5.929675277685793611e-06
5.930154759406521914e-06
5.930674177682802211e-06
5.931287436438922334e-06
5.931839258691721415e-06
5.932308609518833234e-06
5.932771747566975351e-06
5.933315346254955210e-06
5.933830645756815403e-06
5.934349378293132961e-06
5.934908813335819148e-06
5.935406097614846339e-06
5.935870919999811710e-06
5.936370123586569225e-06
5.936863028015460890e-06
5.937366306300985178e-06
5.937888651952844255e-06
5.938414036449405465e-06
5.938927255805201681e-06
5.939402599586823630e-06
5.939889761761031256e-06
5.940364317795772167e-06
5.940838832740241769e-06
5.941296594957427926e-06
5.941794735676153871e-06
5.942318482652631019e-06
5.942790204607990639e-06
5.943304805554144923e-06
5.943818758669363786e-06
5.944312065960770019e-06
5.944790557348502150e-06
5.945293309670780466e-06
5.945799525643731244e-06
5.946249926440706135e-06
5.946743381795481556e-06
5.947203199531234349e-06
5.947661780244927717e-06
5.948253651985139954e-06
5.948834821773340774e-06
5.949299995246751740e-06
5.949768420217361769e-06
5.950251463268834944e-06
5.950710496703384212e-06
5.951243269130996211e-06
5.951730992553131887e-06
5.952254141239286112e-06
5.952746938429429187e-06
5.953270968237001475e-06
5.953733038624975688e-06
5.954284374713191752e-06
5.954773021519104570e-06
5.955278919237328305e-06
5.955757207381301300e-06
5.956263086892232502e-06
5.956695944064310738e-06
5.957181958716762132e-06
5.957686148585350466e-06
5.958208729319749626e-06
5.958698160953225795e-06
5.959156455583009983e-06
5.959633662345151532e-06
5.960134784336404095e-06
5.960605380567621109e-06
5.961185082818313110e-06
5.961737790107018481e-06
5.962289701698951559e-06
5.962769309567683445e-06
5.963226932203147092e-06
5.963733621784654959e-06
5.964271441987664838e-06
5.964751987305395664e-06
5.965225222392899924e-06
5.965795548241093597e-06
5.966290701197286672e-06
5.966764830050695655e-06
5.967181355317704734e-06
5.967639521786575914e-06
5.968198753024380906e-06
5.968719681427223779e-06
5.969192041367214818e-06
5.969735829858334957e-06
5.970205801587813976e-06
5.970684251342980589e-06
5.971182675843552111e-06
5.971644729371078012e-06
5.972157345577020794e-06
5.972725751182706204e-06
5.973231779185417226e-06
5.973746058702165829e-06
5.974236986324716464e-06
5.974702121630546694e-06
5.975257450557996307e-06
5.975731302511004455e-06
5.976130750312023432e-06
5.976619961962329771e-06
5.977112357996132509e-06
5.977643474507623562e-06
5.978247193066479575e-06
5.978697910961851092e-06
5.979180463922129440e-06
5.979716238901732996e-06
5.980229156847377085e-06
5.980734086773122922e-06
5.981214638370091099e-06
5.981700321543651628e-06
5.982188972407357094e-06
5.982739293292750295e-06
5.983254168911590977e-06
5.983769081964603834e-06
5.984208470511696671e-06
5.984663327366270719e-06
5.985110622343297666e-06
5.985575373384990290e-06
5.986030419259686186e-06
5.986463732679787487e-06
5.986883722456711954e-06
5.987400318591441750e-06
5.987867017122131968e-06
5.988390899624741263e-06
5.988838859033975108e-06
5.989284502732596559e-06
5.989799424545215887e-06
5.990391667190573745e-06
5.990932277675521249e-06
5.991405374043577458e-06
5.991939932769255607e-06
5.992478666090099868e-06
5.992979031765815940e-06
5.993429648812442717e-06
5.993947136200269296e-06
5.994458407968109904e-06
5.994889542600448476e-06
5.995359819063249066e-06
5.995849012092749858e-06
5.996308248171859533e-06
5.996768428959358991e-06
5.997289822807802491e-06
5.997766179489827098e-06
5.998234495454034963e-06
5.998688292182747505e-06
5.999187803294001747e-06
5.999631943339526014e-06
6.000102369264770606e-06
6.000528149140794578e-06
6.000975778975699611e-06
6.001479125361520047e-06
6.001931882052939039e-06
6.002346325004807250e-06
6.002869854308213126e-06
6.003366592858801545e-06
6.003848347792601078e-06
6.004343165515934582e-06
6.004796423415085880e-06
6.005258476329117675e-06
6.005756442625980559e-06
6.006215622775829140e-06
6.006705667413269847e-06
6.007227406452131311e-06
6.007647200736217314e-06
6.008127386887231590e-06
6.008605025463318837e-06
6.009107882687741830e-06
6.009522121617936693e-06
6.010045725708390394e-06
6.010509432440912628e-06
6.010930102319896867e-06
6.011424784537646396e-06
6.011883618191838205e-06
6.012313957980237914e-06
6.012845669711753122e-06
6.013284288154748109e-06
6.013751010065152800e-06
6.014236126264372452e-06
6.014718196079430226e-06
6.015196074669748498e-06
6.015611585040125265e-06
6.016019251230493901e-06
6.016425693192797863e-06
6.016893138824121800e-06
6.017375496762214695e-06
6.017877357515487668e-06
6.018404036465126625e-06
6.018871880037841772e-06
6.019307998772075312e-06
6.019715049625090834e-06
6.020181499907544442e-06
6.020659183066346048e-06
6.021116074491137138e-06
6.021566451852512864e-06
6.021999445798736508e-06
6.022462340999999172e-06
6.022920256948964222e-06
6.023376827586901201e-06
6.023858330734199133e-06
6.024244364246457211e-06
6.024681917912386243e-06
6.025094275539109165e-06
6.025564024444380064e-06
6.026033966311410137e-06
6.026432681044159940e-06
6.026868022546279599e-06
6.027290695452951399e-06
6.027793164273215872e-06
6.028225038564174475e-06
6.028671627480818329e-06
6.029077585378793889e-06
6.029588129061150139e-06
6.030013604234643035e-06
6.030486909399384460e-06
6.030965456853175199e-06
6.031454895244528402e-06
6.031953558927166818e-06
6.032394371090382711e-06
6.032870756220042734e-06
6.033408172362695391e-06
6.033882191597028880e-06
6.034347148313860763e-06
6.034804533056264633e-06
6.035203440858043557e-06
6.035587018588156377e-06
6.036010042124509717e-06
6.036427623830217082e-06
6.036856183441306433e-06
6.037372321144633276e-06
6.037801394480745198e-06
6.038271404961104875e-06
6.038744357117446370e-06
6.039224213282347613e-06
6.039654633097461337e-06
6.040094564851367389e-06
6.040515053604375256e-06
6.041048895813820225e-06
6.041465916920737640e-06
6.041946731409341293e-06
6.042413517404038699e-06
6.042883609505215693e-06
6.043357039002989323e-06
6.043783351597559627e-06
6.044236115924206450e-06
6.044689685859641536e-06
6.045125743097060490e-06
6.045641629582102538e-06
6.046111684486108868e-06
6.046498939505463638e-06
6.046930526947260297e-06
6.047358156067849188e-06
6.047871659766858679e-06
6.048338531617073117e-06
6.048737575909793678e-06
6.049187401835193936e-06
6.049663349921294656e-06
6.050179528837128133e-06
6.050616798543973331e-06
6.051015491825703531e-06
6.051488262843787522e-06
6.051879085696490491e-06
6.052358510013712949e-06
6.052757042510328576e-06
6.053189653347194114e-06
6.053571588324788648e-06
6.054010060051549199e-06
6.054443163111985361e-06
6.054877007195716665e-06
6.055325330952691466e-06
6.055735297090950084e-06
6.056173531179266420e-06
6.056643199920588719e-06
6.057097524533817011e-06
6.057508087008210534e-06
6.057957859920376663e-06
6.058418493717357651e-06
6.058865755545166601e-06
6.059250487449172484e-06
6.059651815733603371e-06
6.060124063380118264e-06
6.060572988899541259e-06
6.060990126564374710e-06
6.061384576744712274e-06
6.061782488486298695e-06
6.062194640865544210e-06
6.062691167060086220e-06
6.063173218565279159e-06
6.063622192897089088e-06
6.064045653952942766e-06
6.064499210286352631e-06
6.064944226494765783e-06
6.065363591375823589e-06
6.065795932256456669e-06
6.066195486372085031e-06
6.066603146237162288e-06
6.067042565068833951e-06
6.067435598401117839e-06
6.067858136193650930e-06
6.068328587224741167e-06
6.068715670613674846e-06
6.069135686412372177e-06
6.069537047389412704e-06
6.069934661383342923e-06
6.070333267004133316e-06
6.070757881652396173e-06
6.071256447989580002e-06
6.071695876028180471e-06
6.072186870427046994e-06
6.072668222833347890e-06
6.073137749314352520e-06
6.073542481285594736e-06
6.074009733361314017e-06
6.074377943384449571e-06
6.074798382020506782e-06
6.075288251197782123e-06
6.075724356901238779e-06
6.076117423942676028e-06
6.076595796573781787e-06
6.077058029310771220e-06
6.077478512264436723e-06
6.077875373178009265e-06
6.078382130416548233e-06
6.078823631938324461e-06
6.079332169569502267e-06
6.079836928014579051e-06
6.080223646054678780e-06
6.080604442173444058e-06
6.081000933472363792e-06
6.081379643472053023e-06
6.081826268706566873e-06
6.082263743338754378e-06
6.082671745575385784e-06
6.083125252191073645e-06
6.083518307716150993e-06
6.083922351006863268e-06
6.084324107528585635e-06
6.084779054671431369e-06
6.085185577902135273e-06
6.085646715463861464e-06
6.086104395625437281e-06
6.086531972236446303e-06
6.087023445885709045e-06
6.087408265960239919e-06
6.087778937591855495e-06
6.088177326086527506e-06
6.088670707023388674e-06
6.089173033883130931e-06
6.089587522925139074e-06
6.089968651626433408e-06
6.090379330499041681e-06
6.090764282165333223e-06
6.091236974575867092e-06
6.091688477601371446e-06
6.092127463373033171e-06
6.092478201682482104e-06
6.092897292385337795e-06
6.093293011413320652e-06
6.093664591448695141e-06
6.094034025281251028e-06
6.094498709857636239e-06
6.094832947961627875e-06
6.095200294664499153e-06
6.095615016113346532e-06
6.095986158764502855e-06
6.096449486691140691e-06
6.096835294937041349e-06
6.097144473047263063e-06
6.097547255841592096e-06
6.097944018366516979e-06
6.098384723959743054e-06
6.098798428445601765e-06
6.099127333611366909e-06
6.099552858313273335e-06
6.099947985443493462e-06
6.100384643956746958e-06
6.100820206288923704e-06
6.101266878204810717e-06
6.101635111084963488e-06
6.102060218642732722e-06
6.102466619785161162e-06
6.102905214981001487e-06
6.103293818062749782e-06
6.103672008234472060e-06
6.104071119438406129e-06
6.104407576606118044e-06
6.104798587461054050e-06
6.105209185755329959e-06
6.105661724292062368e-06
6.106054587754793160e-06
6.106414570946487968e-06
6.106832318801722874e-06
6.107228975241446234e-06
6.107592385283997854e-06
6.108018851168138255e-06
6.108391454788899759e-06
6.108736397739487985e-06
6.109146347928643908e-06
6.109520952334944246e-06
6.109966695250941921e-06
6.110341579623503412e-06
6.110743890670393087e-06
6.111166116451321542e-06
6.111555383600047988e-06
6.111985089413301791e-06
6.112412667848506379e-06
6.112794913055318683e-06
6.113194891931781529e-06
6.113592258958482027e-06
6.114020502579880740e-06
6.114427599248083369e-06
6.114762488289149700e-06
6.115179609397209702e-06
6.115553798978931070e-06
6.116011593427857087e-06
6.116424166710711674e-06
6.116831640107134455e-06
6.117225870566300492e-06
6.117631555788291104e-06
6.118025783899338662e-06
6.118515803738712462e-06
6.118938954826599590e-06
6.119279092961562788e-06
6.119680556587414194e-06
6.120044452870148216e-06
6.120430774203546168e-06
6.120856227386550106e-06
6.121247881503596967e-06
6.121641755146078378e-06
6.122031330585221775e-06
6.122354188857117164e-06
6.122718637814707207e-06
6.123051670682573132e-06
6.123412263568811226e-06
6.123742465234888705e-06
6.124148831908405723e-06
6.124553187164601689e-06
6.124929634655759497e-06
6.125355175793173900e-06
6.125770536557277931e-06
6.126151769746960828e-06
6.126515387757106569e-06
6.126882724662583221e-06
6.127270859745308565e-06
6.127624802208497553e-06
6.128053248783132419e-06
6.128470636705607730e-06
6.128859414522412059e-06
6.129198624883831232e-06
6.129550476163384256e-06
6.129962924867135096e-06
6.130329089252005378e-06
6.130753818440054582e-06
6.131139221227488824e-06
6.131516075323892321e-06
6.131859011685251530e-06
6.132190767526900647e-06
6.132536731322354152e-06
6.132953752003037812e-06
6.133288333067652659e-06
6.133737978298436543e-06
6.134138428643318470e-06
6.134539927752152531e-06
6.134914594756200221e-06
6.135230646801141266e-06
6.135589514584913561e-06
6.135899325293888218e-06
6.136318465774246112e-06
6.136685010076401193e-06
6.137096353889375994e-06
6.137429574977040451e-06
6.137753854057266650e-06
6.138121872381355703e-06
6.138471689304221916e-06
6.138815698911718709e-06
6.139244689172141901e-06
6.139630570638256461e-06
6.140063998292334723e-06
6.140474794005857821e-06
6.140809627227095481e-06
6.141196767350229051e-06
6.141597089645674282e-06
6.141967104118792893e-06
6.142392553922047280e-06
6.142763434524764861e-06
6.143117097465050917e-06
6.143504967469035646e-06
6.143877970055855129e-06
6.144243597813907227e-06
6.144615791852662969e-06
6.145034285676165433e-06
6.145394896327560954e-06
6.145769822923406199e-06
6.146139937725737657e-06
6.146524102088799455e-06
6.147024279556169727e-06
6.147397395047878302e-06
6.147748183880505574e-06
6.148078663534004140e-06
6.148446877507022040e-06
6.148819878243920719e-06
6.149210597343642682e-06
6.149534151293367379e-06
6.149895754897636213e-06
6.150296963620037756e-06
6.150699263022678261e-06
6.151071528772574853e-06
6.151472633649940697e-06
6.151825118643678941e-06
6.152195985985257170e-06
6.152610027033034523e-06
6.152993230359532034e-06
6.153364444393326961e-06
6.153664791666945189e-06
6.154064855921294199e-06
6.154390714361324652e-06
6.154829743703552267e-06
6.155185061216267707e-06
6.155552438531839741e-06
6.155874431399409815e-06
6.156194749067230632e-06
6.156514298631121956e-06
6.156912651920102795e-06
6.157264446594838517e-06
6.157609040835226047e-06
6.158004766503006157e-06
6.158357137962472560e-06
6.158726398796026578e-06
6.159118525708727079e-06
6.159500726148895209e-06
6.159870416042288472e-06
6.160196200638648963e-06
6.160559388069959415e-06
6.160947856478074415e-06
6.161315165259947260e-06
6.161762072096569041e-06
6.162076945579043113e-06
6.162414520676506383e-06
6.162763553424744592e-06
6.163167084365860795e-06
6.163568589269936733e-06
6.163906432880733858e-06
6.164270113302162812e-06
6.164670981075511409e-06
6.165059577424972382e-06
6.165412402668264283e-06
6.165814719040998975e-06
6.166097451083548256e-06
6.166372996081861323e-06
6.166735580224781021e-06
6.167114411062432759e-06
6.167415639123192580e-06
6.167818164205998287e-06
6.168156173942233335e-06
6.168545152536129286e-06
6.168905994407491313e-06
6.169284957054378582e-06
6.169713521759019245e-06
6.170034805864274462e-06
6.170435252143012842e-06
6.170811085327642234e-06
6.171172052872793061e-06
6.171499777558849097e-06
6.171849934021775535e-06
6.172209601824768216e-06
6.172581050757037885e-06
6.172957318733821475e-06
6.173346363382067322e-06
6.173702896569913615e-06
6.173992455347573978e-06
6.174308450664493389e-06
6.174603543850380391e-06
6.174913908633345173e-06
6.175252076614996097e-06
6.175618096944364870e-06
6.175982114918248887e-06
6.176367019193180015e-06
6.176691355681586833e-06
6.176975496114405723e-06
6.177317675285123974e-06
6.177649198434882704e-06
6.178012867731335189e-06
6.178357947176238784e-06
6.178686535886927131e-06
6.179078094419554266e-06
6.179413466433198917e-06
6.179798266749322573e-06
6.180173367621410669e-06
6.180491972039802551e-06
6.180785828110988441e-06
6.181126141925654392e-06
6.181474431123797382e-06
6.181798968199825563e-06
6.182163941923853151e-06
6.182538315186010831e-06
6.182936107363034432e-06
6.183325026446614735e-06
6.183701826185177744e-06
6.184105459803313564e-06
6.184459914622041406e-06
6.184776235942030166e-06
6.185062432298510046e-06
6.185362606775125128e-06
6.185698419999195009e-06
6.186087664845130601e-06
6.186373287242836669e-06
6.186691037443619089e-06
6.187007526388936139e-06
6.187363901218629859e-06
6.187755829857816562e-06
6.188104978050946645e-06
6.188444270311266592e-06
6.188857950632933809e-06
6.189227554660673598e-06
6.189541730461334123e-06
6.189838796091699077e-06
6.190216674140134577e-06
6.190546623145977335e-06
6.190884091196320515e-06
6.191241534811207910e-06
6.191576475365031009e-06
6.191923876376990395e-06
6.192254736336487344e-06
6.192620142844308273e-06
6.192942181254991695e-06
6.193274218594091893e-06
6.193704006984670733e-06
6.194019945777620442e-06
6.194362124956999605e-06
6.194681540869626401e-06
6.194987245859569226e-06
6.195228337700367688e-06
6.195576952997425192e-06
6.196003746512686475e-06
6.196351523173505481e-06
6.196746327611011791e-06
6.197098726088823437e-06
6.197409953181013641e-06
6.197822798922807759e-06
6.198168890002949180e-06
6.198473139601680644e-06
6.198738387491554458e-06
6.199078217743612491e-06
6.199396634357374805e-06
6.199763298542303503e-06
6.200040784076316466e-06
6.200361429969588150e-06
6.200709393087170136e-06
6.201089111750307509e-06
6.201424999091887175e-06
6.201778731684035532e-06
6.202084354456989606e-06
6.202423349252951144e-06
6.202734558073475158e-06
6.203045788442513962e-06
6.203341461543125062e-06
6.203677255171037733e-06
6.204016726413508063e-06
6.204387185616741462e-06
6.204716216170009281e-06
6.205038868505135567e-06
6.205347535170634649e-06
6.205653449879447789e-06
6.205987685339216863e-06
6.206261420062283608e-06
6.206544308187538175e-06
6.206852942684595322e-06
6.207136930198581966e-06
6.207467001532381712e-06
6.207787043020330270e-06
6.208120543498321756e-06
6.208489882788177999e-06
6.208755471672221970e-06
6.209085573085344978e-06
6.209374200618588807e-06
6.209679955947914834e-06
6.210027886409748360e-06
6.210336503758128822e-06
6.210676119401808688e-06
6.211054399195595991e-06
6.211354970118683152e-06
6.211688611139170526e-06
6.212044004303787464e-06
6.212418233386970795e-06
6.212706480173694733e-06
6.212982628870725877e-06
6.213289030714206847e-06
6.213610200027298015e-06
6.213989097809668496e-06
6.214343354270559564e-06
6.214655224870065650e-06
6.214992370229671987e-06
6.215358449406040671e-06
6.215720977913707800e-06
6.216080538162825990e-06
6.216352129556658818e-06
6.216721088546234998e-06
6.217018618389029027e-06
6.217364869722006129e-06
6.217674178599850017e-06
6.218009152515110135e-06
6.218264601934339231e-06
6.218581662324465105e-06
6.218890196331796662e-06
6.219223525984255880e-06
6.219560712384148418e-06
6.219824131008924884e-06
6.220163235174641157e-06
6.220511484994048787e-06
6.220808040029375268e-06
6.221128858277873290e-06
6.221426304314274606e-06
6.221758789441908725e-06
6.222072890816908032e-06
6.222384425206581662e-06
6.222774854086437596e-06
6.223063355068071724e-06
6.223392076571979376e-06
6.223662375919300751e-06
6.223895913370719776e-06
6.224228829799549892e-06
6.224558211508804018e-06
6.224905781250970789e-06
6.225198502564069723e-06
6.225566631963118735e-06
6.225864726806287403e-06
6.226133090060117269e-06
6.226420763103457709e-06
6.226753094697134091e-06
6.227026041058877863e-06
6.227420449553320714e-06
6.227740116013638015e-06
6.228044189320814170e-06
6.228385717069940480e-06
6.228725401317215000e-06
6.229064776902729937e-06
6.229357277485194818e-06
6.229678007474084545e-06
6.229988315328416411e-06
6.230247347625853155e-06
6.230581972476129439e-06
6.230858579537406529e-06
6.231116553208267353e-06
6.231385560143466513e-06
6.231714578629981739e-06
6.232073238073188437e-06
6.232358153134787467e-06
6.232671568894569966e-06
6.232988495195109550e-06
6.233271010429158323e-06
6.233590844837346437e-06
6.233885524885939865e-06
6.234161924530417019e-06
6.234504823169664518e-06
6.234846848481474395e-06
6.235116622363592465e-06
6.235484212830898413e-06
6.235780401754680974e-06
6.236043099988156947e-06
6.236357054973696117e-06
6.236662186751397618e-06
6.237010044021799422e-06
6.237272856337936695e-06
6.237537154298023342e-06
6.237848872421991874e-06
6.238106692829011226e-06
6.238430333119763770e-06
6.238694723179968774e-06
6.239041708682683988e-06
6.239343988016667522e-06
6.239633925135263194e-06
6.239940843922781618e-06
6.240237959393402057e-06
6.240493869258757028e-06
6.240820897373868828e-06
6.241099089749306341e-06
6.241404384460041268e-06
6.241666703228521777e-06
6.241970146339217672e-06
6.242305034688661274e-06
6.242613836718023859e-06
6.242905000238687436e-06
6.243175382380927294e-06
6.243474510274147816e-06
6.243762591890914100e-06
6.244045908051041296e-06
6.244306275140134483e-06
6.244627136403238155e-06
6.244934995018748350e-06
6.245291949087439705e-06
6.245596037407178789e-06
6.245813642955062389e-06
6.246163279351034069e-06
6.246381531356689864e-06
6.246717652743968441e-06
6.247009646448169492e-06
6.247323239639499298e-06
6.247665534853886330e-06
6.247982926741865595e-06
6.248283477018004589e-06
6.248595289209559279e-06
6.248828784367458577e-06
6.249109212220477573e-06
6.249400846497005623e-06
6.249741268206482755e-06
6.250054992165218741e-06
6.250324760048060791e-06
6.250604130748030334e-06
6.250933372563656467e-06
6.251162011230205677e-06
6.251400028454840258e-06
6.251699261695848124e-06
6.252003984908859231e-06
6.252274568209116674e-06
6.252598107119189481e-06
6.252885713218450687e-06
6.253177944482550588e-06
6.253484671095652374e-06
6.253768052473681890e-06
6.254080193707341559e-06
6.254393239899817850e-06
6.254704801858577546e-06
6.255049300993607703e-06
6.255337900078114127e-06
6.255583804985256857e-06
6.255820856661001376e-06
6.256116420324478810e-06
6.256376349550533730e-06
6.256682078503443515e-06
6.256987135658942508e-06
6.257288137738907346e-06
6.257548208345839507e-06
6.257786521926884603e-06
6.258040120200091951e-06
6.258294638494269243e-06
6.258586802044190424e-06
6.258867849837600455e-06
6.259113495593893195e-06
6.259421543618709772e-06
6.259657898904052587e-06
6.259906017344762844e-06
6.260194790006377901e-06
6.260483505488177502e-06
6.260766166117361213e-06
6.261090319358495051e-06
6.261376908236676651e-06
6.261675551576295435e-06
6.261934244737703281e-06
6.262205598267089952e-06
6.262492791429886555e-06
6.262760724121889554e-06
6.263107935272860545e-06
6.263457188248067536e-06
6.263776591833239398e-06
6.264075525988751650e-06
6.264333330821465987e-06
6.264592201996431876e-06
6.264846914988130281e-06
6.265129482930887051e-06
6.265351201120364744e-06
6.265652519898383709e-06
6.265922424487757609e-06
6.266239644252433241e-06
6.266531472522848746e-06
6.266793989989452200e-06
6.267057296622066703e-06
6.267371965470873416e-06
6.267627284364552190e-06
6.267980350476068132e-06
6.268303412765001058e-06
6.268549481084593626e-06
6.268893082775426817e-06
6.269148553657035076e-06
6.269409710433945489e-06
6.269680923437991231e-06
6.269938041100371844e-06
6.270257912405780162e-06
6.270473601899182005e-06
6.270763707229189239e-06
6.271043377725270146e-06
6.271323439295875806e-06
6.271531269686987595e-06
6.271868625253584770e-06
6.272131961490154093e-06
6.272432125569766702e-06
6.272704513935708673e-06
6.272959136203170077e-06
6.273252835397793614e-06
6.273571450094961651e-06
6.273839268361757297e-06
6.274141803729501952e-06
6.274430512429818558e-06
6.274705921900352847e-06
6.274953795457902046e-06
6.275205347751078186e-06
6.275494036851404759e-06
6.275716964238975127e-06
6.275956529131082471e-06
6.276210029045739781e-06
6.276494701671425344e-06
6.276793072131290158e-06
6.277017413188597558e-06
6.277288393436386878e-06
6.277557010793642295e-06
6.277810387785341782e-06
6.278038272882378565e-06
6.278305556734928059e-06
6.278608176845290943e-06
6.278895159858996491e-06
6.279131349896775647e-06
6.279400839522014275e-06
6.279688016899465062e-06
6.279941649468446910e-06
6.280203633995087925e-06
6.280443447089061060e-06
6.280659732802236657e-06
6.280884248266124949e-06
6.281178656571434441e-06
6.281459560552442266e-06
6.281687018046671150e-06
6.281941721033606017e-06
6.282150927792170772e-06
6.282391385515530262e-06
6.282603678619999951e-06
6.282914072233246435e-06
6.283142986211714937e-06
6.283408673665379391e-06
6.283672626966336785e-06
6.283894356967892216e-06
6.284141996300403606e-06
6.284430612796175398e-06
6.284714827731156980e-06
6.284998437525069913e-06
6.285262618120716927e-06
6.285499998723275076e-06
6.285726683634972461e-06
6.285939948452904170e-06
6.286222736629984510e-06
6.286438043499933778e-06
6.286642029584056295e-06
6.286871955181188730e-06
6.287151948275202162e-06
6.287394640998586806e-06
6.287631793102638557e-06
6.287923109888298111e-06
6.288195764283176329e-06
6.288535133991461682e-06
6.288825234099504020e-06
6.289079549583525117e-06
6.289385272349353042e-06
6.289635210983989201e-06
6.289881819832867088e-06
6.290137663190108143e-06
6.290342872969004236e-06
6.290577334811851972e-06
6.290831015762580732e-06
6.291034297722415550e-06
6.291299438755422192e-06
6.291577821310484107e-06
6.291782909479749502e-06
6.291951461153176660e-06
6.292187983449662481e-06
6.292458036494669070e-06
6.292687143169449326e-06
6.292932887980449848e-06
6.293146885508470143e-06
6.293368092639214730e-06
6.293623076901505251e-06
6.293854793338270035e-06
6.294085892750952811e-06
6.294345659268342322e-06
6.294598049554089846e-06
6.294863899939451107e-06
6.295152451080783950e-06
6.295457817651631647e-06
6.295735708093308370e-06
6.296002909226107624e-06
6.296215706035321243e-06
6.296466284947473128e-06
6.296673829206848869e-06
6.296892690999401645e-06
6.297161850934053647e-06
6.297460979118638256e-06
6.297663195748005765e-06
6.297869615244126627e-06
6.298083890527868076e-06
6.298269709391292409e-06
6.298531218518202347e-06
6.298748818949764695e-06
6.299013045718418568e-06
6.299219991995947231e-06
6.299416823323846027e-06
6.299680140645309899e-06
6.299951792280021751e-06
6.300207299162237040e-06
6.300506216197555784e-06
6.300791166520257188e-06
6.301063463605313282e-06
6.301325188571642651e-06
6.301560685577600606e-06
6.301832012050100341e-06
6.302035004129191476e-06
6.302246997121421857e-06
6.302579233013591455e-06
6.302799405965716124e-06
6.303046137050080412e-06
6.303289636403288011e-06
6.303531242206284198e-06
6.303804137238483581e-06
6.304058455254309027e-06
6.304260754668007956e-06
6.304533238991613875e-06
6.304851795983974590e-06
6.305057633897247538e-06
6.305249737226734311e-06
6.305565583988656446e-06
6.305809862330819973e-06
6.306022602482063277e-06
6.306265712464197142e-06
6.306527123532627782e-06
6.306752399873836594e-06
6.306944231753414375e-06
6.307171648666344732e-06
6.307414142010434395e-06
6.307580843113194557e-06
6.307773985629003231e-06
6.308009811124876068e-06
6.308233036903248826e-06
6.308457720755272788e-06
6.308744876865460145e-06
6.308985159727991067e-06
6.309218016288030809e-06
6.309461035029215551e-06
6.309715855523382864e-06
6.309922064136572126e-06
6.310120478304486223e-06
6.310312808831082727e-06
6.310552007803360199e-06
6.310807526021129429e-06
6.311022385654631535e-06
6.311272704382379593e-06
6.311508247430257587e-06
6.311747615048029832e-06
6.311943769283590369e-06
6.312158828903322139e-06
6.312398500558702055e-06
6.312620902077270725e-06
6.312858137022267883e-06
6.313108725519010918e-06
6.313344497186343145e-06
6.313557951218546817e-06
6.313755278144077117e-06
6.313976021033272482e-06
6.314214499907997099e-06
6.314425389928238565e-06
6.314635953682069834e-06
6.314913181175609991e-06
6.315124569644750868e-06
6.315329606483864552e-06
6.315537709833393413e-06
6.315777600145963902e-06
6.315995836138552461e-06
6.316272790840143778e-06
6.316469860506343527e-06
6.316696603460264656e-06
6.316881822341795530e-06
6.317072357903367030e-06
6.317264488490023374e-06
6.317469984345539082e-06
6.317671845892243252e-06
6.317902019426688525e-06
6.318143765611340902e-06
6.318345841288619577e-06
6.318526279835248895e-06
6.318732037379621764e-06
6.318914398924632706e-06
6.319076742521395263e-06
6.319311112431588984e-06
6.319523155205703270e-06
6.319737349489582173e-06
6.319978781667701304e-06
6.320221333517358674e-06
6.320434416562340081e-06
6.320640679850761546e-06
6.320875756484391516e-06
6.321029569600451626e-06
6.321236321166848204e-06
6.321412809265282602e-06
6.321641378496517720e-06
6.321859160831484455e-06
6.322081211064203961e-06
6.322295550887104135e-06
6.322505924844992364e-06
6.322743800717847827e-06
6.322943630470188979e-06
6.323189942929831283e-06
6.323389364165673981e-06
6.323619408290868571e-06
6.323839047001506233e-06
6.324063066504514637e-06
6.324282843259162726e-06
6.324431137675313682e-06
6.324631662182950067e-06
6.324853421843837637e-06
6.325040849341321091e-06
6.325245184342654921e-06
6.325447232621704240e-06
6.325707158986125263e-06
6.325912970058354752e-06
6.326081592159772877e-06
6.326255842592252645e-06
6.326472036035312914e-06
6.326665527494237709e-06
6.326903814320135262e-06
6.327084987629618032e-06
6.327270403353757240e-06
6.327500075004288887e-06
6.327699648314817572e-06
6.327916430246917411e-06
6.328089265588288041e-06
6.328251167273379496e-06
6.328448092704778647e-06
6.328611511525801417e-06
6.328792336628834313e-06
6.328994216836740726e-06
6.329226866388282600e-06
6.329431145088329148e-06
6.329664569676414517e-06
6.329858699506598073e-06
6.330082655441400771e-06
6.330324635906680882e-06
6.330511133462363350e-06
6.330687460798298109e-06
6.330855750440732016e-06
6.331030237457093203e-06
6.331238989313660031e-06
6.331408422839677645e-06
6.331645997863766466e-06
6.331843157459771015e-06
6.332093345589006179e-06
6.332263032635425554e-06
6.332473324920130348e-06
6.332688537094506619e-06
6.332871384968237777e-06
6.333140483398254539e-06
6.333358288572786223e-06
6.333616400127586881e-06
6.333836830652192723e-06
6.334056076536098549e-06
6.334195374087261978e-06
6.334396527561651954e-06
6.334607626813325073e-06
6.334804551473051799e-06
6.334988623761277040e-06
6.335210540969010392e-06
6.335349183518442969e-06
6.335582916372505001e-06
6.335798662334727925e-06
6.335968033942135651e-06
6.336122739148105191e-06
6.336351580902735658e-06
6.336497014663279939e-06
6.336744448348695636e-06
6.336938482968936967e-06
6.337101693439643942e-06
6.337275334331140723e-06
6.337469763361326889e-06
6.337640163595337319e-06
6.337828749785776063e-06
6.338020676189075716e-06
6.338230012371083191e-06
6.338363848303700589e-06
6.338558942016169120e-06
6.338737563194448240e-06
6.338947575258283095e-06
6.339068839469491882e-06
6.339270320259106038e-06
6.339450695474994489e-06
6.339593393885474166e-06
6.339804819013198113e-06
6.339977767836529524e-06
6.340146320627257514e-06
6.340335958994664315e-06
6.340527880350404850e-06
6.340692849561037269e-06
6.340887443163246978e-06
6.341066251147818918e-06
6.341246314254732061e-06
6.341424167639822500e-06
6.341573851801783276e-06
6.341737524881566427e-06
6.341923647031777415e-06
6.342067814613989775e-06
6.342316956187126015e-06
6.342517040135860513e-06
6.342674786129273401e-06
6.342784902996416674e-06
6.342976853571734405e-06
6.343121986365838839e-06
6.343298891249721622e-06
6.343510194723481167e-06
6.343676272566413725e-06
6.343946384860924352e-06
6.344095552532820062e-06
6.344219466087074414e-06
6.344398359495476432e-06
6.344568792727152030e-06
6.344778367576028772e-06
6.344912152837319227e-06
6.345137380805570788e-06
6.345318351852291557e-06
6.345435264031125358e-06
6.345618491391016791e-06
6.345801071612108836e-06
6.345946597397192418e-06
6.346118429976031767e-06
6.346322849922001185e-06
6.346513373999837106e-06
6.346685991314660298e-06
6.346865019631475356e-06
6.347075590226924724e-06
6.347298463371019300e-06
6.347434224928545520e-06
6.347630406604464291e-06
6.347828703607958810e-06
6.348030178283421490e-06
6.348149214917508899e-06
6.348353662160108611e-06
6.348557317749340979e-06
6.348766138556286220e-06
6.348945222873874822e-06
6.349100611488424299e-06
6.349300578549550433e-06
6.349489002370538441e-06
6.349701903796670250e-06
6.349877004321841164e-06
6.350032418757030450e-06
6.350176727000213196e-06
6.350327889842445258e-06
6.350476963788179391e-06
6.350606805439123729e-06
6.350827056756979931e-06
6.350996471400407995e-06
6.351166455441274769e-06
6.351344142880954822e-06
6.351474845389211006e-06
6.351627239770409198e-06
6.351771206529692748e-06
6.351892296137742930e-06
6.352020870199598256e-06
6.352191823211468149e-06
6.352399255634729112e-06
6.352545306855182651e-06
6.352686753227208843e-06
6.352837413523012835e-06
6.352999745895807029e-06
6.353151951127866703e-06
6.353314015571491784e-06
6.353496593922894123e-06
6.353654854387383496e-06
6.353778437715083501e-06
6.353909363827349208e-06
6.354093846464629532e-06
6.354258181009375923e-06
6.354424926735742653e-06
6.354613129858513405e-06
6.354777288336590042e-06
6.354912409952892944e-06
6.355044236778654613e-06
6.355175263940001904e-06
6.355335253079613298e-06
6.355439633455503241e-06
6.355645210205022703e-06
6.355787357228152532e-06
6.355945614565198906e-06
6.356115618505654656e-06
6.356259072138041175e-06
6.356478617351626966e-06
6.356679979168548503e-06
6.356820214513302512e-06
6.356953125298487188e-06
6.357148205704197714e-06
6.357329589079736898e-06
6.357448482992640247e-06
6.357613472345213862e-06
6.357835501750435892e-06
6.357989036047068332e-06
6.358098589544232241e-06
6.358287601235953720e-06
6.358473175729879796e-06
6.358670505154883197e-06
6.358814628381521554e-06
6.358940583303108782e-06
6.359098007733781991e-06
6.359283857273043221e-06
6.359473323843309131e-06
6.359618454732442396e-06
6.359768853124154767e-06
6.359922590217824556e-06
6.360081506503898136e-06
6.360185239840544707e-06
6.360374649151511284e-06
6.360523284014814285e-06
6.360664558981944449e-06
6.360815404482384967e-06
6.360983953699256489e-06
6.361153573657493455e-06
6.361308574425646291e-06
6.361466570903389926e-06
6.361673737691215657e-06
6.361858839096387587e-06
6.362046950045506511e-06
6.362183567005053445e-06
6.362319846201458576e-06
6.362465429578044424e-06
6.362585477652812968e-06
6.362714396776577807e-06
6.362826158135466515e-06
6.362946518000515915e-06
6.363062433417386180e-06
6.363217598809003717e-06
6.363302668903838008e-06
6.363476819050452688e-06
6.363650030309983513e-06
6.363773579952619773e-06
6.363918264799624025e-06
6.364027142041231830e-06
6.364193619757650457e-06
6.364347134479490399e-06
6.364485261760627551e-06
6.364646670075814647e-06
6.364804206550274784e-06
6.364962955797691186e-06
6.365129144082136043e-06
6.365316704588750042e-06
6.365529528602138616e-06
6.365683325913449926e-06
6.365793180940887092e-06
6.365954899369589798e-06
6.366096496509917134e-06
6.366245639622671062e-06
6.366401160005269092e-06
6.366558216358736454e-06
6.366680206793218348e-06
6.366835671439904954e-06
6.366957536937620051e-06
6.367155637667612425e-06
6.367322157659262490e-06
6.367481121692272446e-06
6.367620993618776257e-06
6.367740761426502248e-06
6.367823218191815257e-06
6.367947769930161193e-06
6.368120572083621363e-06
6.368243135979637388e-06
6.368411811365730668e-06
6.368576666852607435e-06
6.368688821195440682e-06
6.368863382265596142e-06
6.369029733625490309e-06
6.369156392748996652e-06
6.369282520664118152e-06
6.369430209898803763e-06
6.369596401378696508e-06
6.369737848565590418e-06
6.369854355284334040e-06
6.369980296138365045e-06
6.370146207690685714e-06
6.370279492138396244e-06
6.370449875479269666e-06
6.370596946071198389e-06
6.370742445196071575e-06
6.370857926491388708e-06
6.371000945125907219e-06
6.371104177497897916e-06
6.371267627748417007e-06
6.371453322489478934e-06
6.371603235446631256e-06
6.371711015627538924e-06
6.371859479596478065e-06
6.372011966598867261e-06
6.372107559337349024e-06
6.372232132786120945e-06
6.372340694467725221e-06
6.372501393991960123e-06
6.372619460417940089e-06
6.372745680629779682e-06
6.372878027232571978e-06
6.373001441166439695e-06
6.373081688955728111e-06
6.373206693043442473e-06
6.373323070990436971e-06
6.373451129890484160e-06
6.373612917138028686e-06
6.373797951667491341e-06
6.373935422026774746e-06
6.374062898700133267e-06
6.374145617295416585e-06
6.374336892809171948e-06
6.374435567447211654e-06
6.374620562301069995e-06
6.374685385162788678e-06
6.374847874749560798e-06
6.375021097479026494e-06
6.375152912604260430e-06
6.375293932357224482e-06
6.375407110026161185e-06
6.375550093802892906e-06
6.375689196721558555e-06
6.375879115437135877e-06
6.376026655790846124e-06
6.376202279161323720e-06
6.376338781499105070e-06
6.376417307435417971e-06
6.376551183979924492e-06
6.376725996322241125e-06
6.376849201208414729e-06
6.376987662136996169e-06
6.377112637369057652e-06
6.377262054275717388e-06
6.377418321104950762e-06
6.377562022006157317e-06
6.377723819582881540e-06
6.377890790811890614e-06
6.377985651745641732e-06
6.378108284700394555e-06
6.378231562822824018e-06
6.378354276673842175e-06
6.378491195993717385e-06
6.378582354510324170e-06
6.378721696040662184e-06
6.378832503416062245e-06
6.378932623339657139e-06
6.379027125668569319e-06
6.379154672809855563e-06
6.379294780089843274e-06
6.379409111726695802e-06
6.379565577433185189e-06
6.379686764155945477e-06
6.379812609985258340e-06
6.379919087889135560e-06
6.380033451538899527e-06
6.380197916403712824e-06
6.380273428160689235e-06
6.380379729012153637e-06
6.380499427764248055e-06
6.380646015973372253e-06
6.380747029198577538e-06
6.380879461723534806e-06
6.381007432767202041e-06
6.381075749372394435e-06
6.381224441014906964e-06
6.381335860239728385e-06
6.381464540175408162e-06
6.381629704521840258e-06
6.381790548364302573e-06
6.381949284214142097e-06
6.382093633204303863e-06
6.382176898174014782e-06
6.382319591610076635e-06
6.382409306001564216e-06
6.382556433852329792e-06
6.382629018089273577e-06
6.382726874595172540e-06
6.382859185045001990e-06
6.382944401616254516e-06
6.383014419091734114e-06
6.383125309230269441e-06
6.383240029989438219e-06
6.383309109939000661e-06
6.383462050872577911e-06
6.383567287181547733e-06
6.383751962701185516e-06
6.383871218038096551e-06
6.383976542990892200e-06
6.384072155829204068e-06
6.384197420860982062e-06
6.384311962637040769e-06
6.384419922513794382e-06
6.384553336541537767e-06
6.384690147452585780e-06
6.384845128566951826e-06
6.384957716838088485e-06
6.385054971891695615e-06
6.385165367530631965e-06
6.385287840164130868e-06
6.385421886948257486e-06
6.385557074691536584e-06
6.385735279594847819e-06
6.385811859152246389e-06
6.385912779918475949e-06
6.386007157397061044e-06
6.386086828482396076e-06
6.386135423280359437e-06
6.386220798142156907e-06
6.386366674022110508e-06
6.386447546844481533e-06
6.386552726209231338e-06
6.386634951313460869e-06
6.386722225876818678e-06
6.386860743825392314e-06
6.387000859007399518e-06
6.387082840094658282e-06
6.387154175212762732e-06
6.387287932558298558e-06
6.387365725282752413e-06
6.387488785150689402e-06
6.387620358725788645e-06
6.387747689123143703e-06
6.387874479607791595e-06
6.387980079895401836e-06
6.388118576813793177e-06
6.388237640239191354e-06
6.388309397860736660e-06
6.388448867781676759e-06
6.388605529511724960e-06
6.388670460821681588e-06
6.388795276109032566e-06
6.388841045360348414e-06
6.388988606307906333e-06
6.389076865651590885e-06
6.389159979655369239e-06
6.389252475733661445e-06
6.389377472457198518e-06
6.389489096063456980e-06
6.389619476443961006e-06
6.389717432189910418e-06
6.389830962166187526e-06
6.389972441579457037e-06
6.390085097377014010e-06
6.390206677416195363e-06
6.390305203434771809e-06
6.390397827254970152e-06
6.390505237071845647e-06
6.390639904411820826e-06
6.390716868179589892e-06
6.390884906341213001e-06
6.390985962515470363e-06
6.391076045257309894e-06
6.391181992198745064e-06
6.391266850645520352e-06
6.391415984345470729e-06
6.391528273912362998e-06
6.391608439555058724e-06
6.391689407339133723e-06
6.391812210445982728e-06
6.391878690356475660e-06
6.392001929136139019e-06
6.392120306699523785e-06
6.392258258580921209e-06
6.392351359039104377e-06
6.392447707381401503e-06
6.392534768637764259e-06
6.392579632415430929e-06
6.392662178924404778e-06
6.392748132409279874e-06
6.392799855557436638e-06
6.392911656814309690e-06
6.392997151395109497e-06
6.393138157524262642e-06
6.393197689446285171e-06
6.393320450767449664e-06
6.393353482093508291e-06
6.393390141305984067e-06
6.393471481315798507e-06
6.393534389026036929e-06
6.393665008849402516e-06
6.393688534284411213e-06
6.393807886199027019e-06
6.393902040013975708e-06
6.393982801852135342e-06
6.394031107589245644e-06
6.394132127314170955e-06
6.394248661744261520e-06
6.394311496528834124e-06
6.394372859693941951e-06
6.394428510290500544e-06
6.394483887334600918e-06
6.394607405504444768e-06
6.394683139086608148e-06
6.394783326467015884e-06
6.394858868850037207e-06
6.394955541722195698e-06
6.395062383173988614e-06
6.395146803146875967e-06
6.395234467815079447e-06
6.395307510149413142e-06
6.395397465695393101e-06
6.395452370208176795e-06
6.395535788460446072e-06
6.395628843169464963e-06
6.395768747894753146e-06
6.395882436959559856e-06
6.396014781812926725e-06
6.396106529881763753e-06
6.396187634696177745e-06
6.396283411372363443e-06
6.396331318819091407e-06
6.396414671060173046e-06
6.396528102261493637e-06
6.396576922922539813e-06
6.396602168800471666e-06
6.396680589839427321e-06
6.396778116555126889e-06
6.396901461861853284e-06
6.396966953379565408e-06
6.397042243863476336e-06
6.397131598011247515e-06
6.397221039065828128e-06
6.397335608422960111e-06
6.397438561157605255e-06
6.397506732548080730e-06
6.397538703713886619e-06
6.397598860196944531e-06
6.397661651587663493e-06
6.397715355811530907e-06
6.397791062422655833e-06
6.397859744554640411e-06
6.397942703473199806e-06
6.398029593828660456e-06
6.398118620527454177e-06
6.398223388870634385e-06
6.398282870169981849e-06
6.398371261974448991e-06
6.398487416877841977e-06
6.398524279256214233e-06
6.398559654689925699e-06
6.398616532623441096e-06
6.398661786230226425e-06
6.398696794927125260e-06
6.398776021221938501e-06
6.398844779513933384e-06
6.398926166195681652e-06
6.399035135018610299e-06
6.399145660447666544e-06
6.399274602339550798e-06
6.399337494295255922e-06
6.399405625639113946e-06
6.399475458705400577e-06
6.399593767993149141e-06
6.399606070513849884e-06
6.399652105444678018e-06
6.399721142850956975e-06
6.399796813292051342e-06
6.399878695799293987e-06
6.399991623097974952e-06
6.400105125083545181e-06
6.400207800962273965e-06
6.400294982235183945e-06
6.400329164998769440e-06
6.400399801004122693e-06
6.400467759925862494e-06
6.400538690498086201e-06
6.400603370541053640e-06
6.400648865638347623e-06
6.400743436337180937e-06
6.400782615619338549e-06
6.400820465412531089e-06
6.400864321947387348e-06
6.400960905063352300e-06
6.401039025572487334e-06
6.401117492487358123e-06
6.401202596130942300e-06
6.401350864882298192e-06
6.401363235271290218e-06
6.401425119283229591e-06
6.401489966753323845e-06
6.401528662868258355e-06
6.401585928791941531e-06
6.401630939311260403e-06
6.401626976847912445e-06
6.401735044971218682e-06
6.401784290941172857e-06
6.401850228650479734e-06
6.401889791999821157e-06
6.401970520263934268e-06
6.402013306431872089e-06
6.402104548930379356e-06
6.402156552817503078e-06
6.402223305035470804e-06
6.402283523623350327e-06
6.402389571951089533e-06
6.402473184314287584e-06
6.402568168285495051e-06
6.402663125794494545e-06
6.402750190287421014e-06
6.402785661964359185e-06
6.402854590256498469e-06
6.402930191435913721e-06
6.403015363823922791e-06
6.403125264198572372e-06
6.403182198203473368e-06
6.403243183976698870e-06
6.403264447635090537e-06
6.403348510006422373e-06
6.403396970895772268e-06
6.403454181519922689e-06
6.403513535782468969e-06
6.403572416489839870e-06
6.403628309083178710e-06
6.403645882915260791e-06
6.403725262256123852e-06
6.403758826332738186e-06
6.403788527955887681e-06
6.403858674848754560e-06
6.403895439769812211e-06
6.403893021589760023e-06
6.403940880574894667e-06
6.403997289880466844e-06
6.404081728173306346e-06
6.404109614811341261e-06
6.404160854013423045e-06
6.404248517361395233e-06
6.404298875480948777e-06
6.404369145068448973e-06
6.404443876867728038e-06
6.404458505731095292e-06
6.404463713477021241e-06
6.404490295679108132e-06
6.404571905732749248e-06
6.404663124617841417e-06
6.404711645290874139e-06
6.404779796935662289e-06
6.404820737979336332e-06
6.404890209024230044e-06
6.404941355410897863e-06
6.405006427960366168e-06
6.405043335146939729e-06
6.405117954491596323e-06
6.405116138854177435e-06
6.405145722267607709e-06
6.405179323081387748e-06
6.405231310029620282e-06
6.405293742250995198e-06
6.405325406896012146e-06
6.405415862221962288e-06
6.405519348295791745e-06
6.405540545836013818e-06
6.405632441809514014e-06
6.405691827735430882e-06
6.405734418505820600e-06
6.405762903902762147e-06
6.405844469867856397e-06
6.405881662786000537e-06
6.405924621815646351e-06
6.405951950056758544e-06
6.405996565505997454e-06
6.406027163525489621e-06
6.406057349114652404e-06
6.406128127089483551e-06
6.406174053970721325e-06
6.406237850750559752e-06
6.406326875883124332e-06
6.406372419507467800e-06
6.406363912843016042e-06
6.406458015253269039e-06
6.406492778497192505e-06
6.406497370723612599e-06
6.406520982400012658e-06
6.406590905218713367e-06
6.406596132115007320e-06
6.406661050554205988e-06
6.406703656942959140e-06
6.406793369036828347e-06
6.406819837018078300e-06
6.406882360950160035e-06
6.406939472596077890e-06
6.406948204003880646e-06
6.406970995228572423e-06
6.406980877441625833e-06
6.407059479601668787e-06
6.407174037232374157e-06
6.407191222222064048e-06
6.407194497176756383e-06
6.407250395476597693e-06
6.407281330009248202e-06
6.407342546714882689e-06
6.407398201873397259e-06
6.407446195322802370e-06
6.407507489645550508e-06
6.407590801632470448e-06
6.407646124145449416e-06
6.407712441346465483e-06
6.407740912648638180e-06
6.407781139574025928e-06
6.407805024536067133e-06
6.407862513355529325e-06
6.407909691873175549e-06
6.407971134756846805e-06
6.408026101956713569e-06
6.408074224130317068e-06
6.408140335472757878e-06
6.408149202388307930e-06
6.408209494048532273e-06
6.408266913286292750e-06
6.408309774927320873e-06
6.408319242224304743e-06
6.408373434831817171e-06
6.408422735818345121e-06
6.408432076401009344e-06
6.408427017085681178e-06
6.408484963243241088e-06
6.408509024753222615e-06
6.408543203503643086e-06
6.408618935477054577e-06
6.408649629058367631e-06
6.408712252181681071e-06
6.408726376169516820e-06
6.408721568097523601e-06
6.408808464362100390e-06
6.408843720267768861e-06
6.408862211614992496e-06
6.408890173431915218e-06
6.408979915545357983e-06
6.409001886782787432e-06
6.409033523966381284e-06
6.409037026767863550e-06
6.409044417822634630e-06
6.409092020477756686e-06
6.409149187620828553e-06
6.409157812506864770e-06
6.409162791594954035e-06
6.409201757142663111e-06
6.409254421999829569e-06
6.409278474724592891e-06
6.409304802344809366e-06
6.409296307380285642e-06
6.409290751964233295e-06
6.409314563270215559e-06
6.409329858100887005e-06
6.409350018406135095e-06
6.409367309868940493e-06
6.409365647798882933e-06
6.409383763104565015e-06
6.409407520169725241e-06
6.409367547484762151e-06
6.409413205585589806e-06
6.409428910136680668e-06
6.409466269725890015e-06
6.409519886581854599e-06
6.409539149354469554e-06
6.409575270859982261e-06
6.409585353577124338e-06
6.409612607125840403e-06
6.409612652142006084e-06
6.409641430783101600e-06
6.409700534857786289e-06
6.409737763509854217e-06
6.409721675488155861e-06
6.409750891719304477e-06
6.409728849815793264e-06
6.409749180256224829e-06
6.409805450384647925e-06
6.409802270323800366e-06
6.409819704645983249e-06
6.409810578583854795e-06
6.409817146761227838e-06
6.409841795501824791e-06
6.409857443460802150e-06
6.409857175345108759e-06
6.409873040712158051e-06
6.409882239522139779e-06
6.409896317901938799e-06
6.409864799843022382e-06
6.409897891238033520e-06
6.409958380435521305e-06
6.410009150786660658e-06
6.410026332837538398e-06
6.410040376702397378e-06
6.410064663131509569e-06
6.410053431208121071e-06
6.410069677668569727e-06
6.410098007528278266e-06
6.410122366433432551e-06
6.410163112559705045e-06
6.410178319236599034e-06
6.410169696305916353e-06
6.410224511668664460e-06
6.410242534897764688e-06
6.410236578764799991e-06
6.410227755889345674e-06
6.410219201166761024e-06
6.410270848538622725e-06
6.410308771241727964e-06
6.410340814893064412e-06
6.410319173290153090e-06
6.410341527648380673e-06
6.410366195534780970e-06
6.410419412797393610e-06
6.410447812941486302e-06
6.410438761186276905e-06
6.410487371272830057e-06
6.410508189318297858e-06
6.410508644429359610e-06
6.410506465745906447e-06
6.410539475116812636e-06
6.410537193293629474e-06
6.410546235832431768e-06
6.410585019190577387e-06
6.410547444689113414e-06
6.410586260136888788e-06
6.410579291801856898e-06
6.410570940639804767e-06
6.410614007310533044e-06
6.410606459317893908e-06
6.410620281984430440e-06
6.410617768923875091e-06
6.410596491647533137e-06
6.410624163307429510e-06
6.410686526593480329e-06
6.410671335074055431e-06
6.410710423194087113e-06
6.410733429169589036e-06
6.410741719796160697e-06
6.410697435130318134e-06
6.410744359133211985e-06
6.410795581133678372e-06
6.410787635515871683e-06
6.410832651766345920e-06
6.410873731275139595e-06
6.410857733813041293e-06
6.410862287041197981e-06
6.410857929487719095e-06
6.410833307853326725e-06
6.410854713386551367e-06
6.410846645067300370e-06
6.410908272278095571e-06
6.410905524702728206e-06
6.410899932456007034e-06
6.410847171598653033e-06
6.410868094727778742e-06
6.410873242121357825e-06
6.410866702378908774e-06
6.410825107689445232e-06
6.410777096749928690e-06
6.410710892561027617e-06
6.410733583601407626e-06
6.410713857262498116e-06
6.410670276005239374e-06
6.410690329041149128e-06
6.410690496503396471e-06
6.410675179911908204e-06
6.410728497328690943e-06
6.410680944332871029e-06
6.410694292965790704e-06
6.410658912667142965e-06
6.410663998289842329e-06
6.410669299717136212e-06
6.410660554609118482e-06
6.410671992999249351e-06
6.410661186677236623e-06
6.410625622439693174e-06
6.410624259686083232e-06
6.410617694564635656e-06
6.410622717694850147e-06
6.410624101708112080e-06
6.410620814380779838e-06
6.410603749563304886e-06
6.410622645433959503e-06
6.410645767118044819e-06
6.410624327256968541e-06
6.410635046088107889e-06
6.410638484304855128e-06
6.410658667957483053e-06
6.410679706746538584e-06
6.410683979145592996e-06
6.410661383324592005e-06
6.410677990688941318e-06
6.410640401814156629e-06
6.410652201889570119e-06
6.410619449426277602e-06
6.410630469523069492e-06
6.410639393485465225e-06
6.410604622595316899e-06
6.410599103287154233e-06
6.410622628288037369e-06
6.410604164770243846e-06
6.410558614267899673e-06
6.410576560595854402e-06
6.410566750465302262e-06
6.410568631965177427e-06
6.410545114157062604e-06
6.410545867827764975e-06
6.410516476455470706e-06
6.410523854434667024e-06
6.410544719710406514e-06
6.410545589848687163e-06
6.410506295099539435e-06
6.410482141626668205e-06
6.410502577955856564e-06
6.410452961716529536e-06
6.410438027031774374e-06
6.410447777309490224e-06
6.410433475684567848e-06
6.410398431684563969e-06
6.410399549423889612e-06
6.410388447377032770e-06
6.410401776243558553e-06
6.410412229480392049e-06
6.410365483139886545e-06
6.410351824273474974e-06
6.410308008431953444e-06
6.410355167351759403e-06
6.410358499112847636e-06
6.410265194863294296e-06
6.410292883301857104e-06
6.410246137149218426e-06
6.410266980124860627e-06
6.410262899996489843e-06
6.410229079421261859e-06
6.410194161529599246e-06
6.410190017343775678e-06
6.410171591992421091e-06
6.410175185232794440e-06
6.410133515758950381e-06
6.410110560210992543e-06
6.410053650697985689e-06
6.410041464453146633e-06
6.410005520708106148e-06
6.409990874466696699e-06
6.410001269391199502e-06
6.409972348138838545e-06
6.409981868780201534e-06
6.409948775898840696e-06
6.409905761997708532e-06
6.409894563907512054e-06
6.409865160022655659e-06
6.409802486346341543e-06
6.409806479109848653e-06
6.409792099769706730e-06
6.409793636242568444e-06
6.409703260154164426e-06
6.409655329648975329e-06
6.409629632760962043e-06
6.409614421139359064e-06
6.409580389278198992e-06
6.409537271197824962e-06
6.409516093701245063e-06
6.409514174390883006e-06
6.409454798572315530e-06
6.409431883789840146e-06
6.409378503886718604e-06
6.409328674790626721e-06
6.409303806428814904e-06
6.409306648575369325e-06
6.409311080777051241e-06
6.409279710563088944e-06
6.409238202853304233e-06
6.409189727734596188e-06
6.409143042836968753e-06
6.409124848920118024e-06
6.409091282736895480e-06
6.409056764648532092e-06
6.409009680868832536e-06
6.408957713552133542e-06
6.408875812702197606e-06
6.408829109050620362e-06
6.408807166712255926e-06
6.408801184874235842e-06
6.408758868277793592e-06
6.408718217843927361e-06
6.408712341185282449e-06
6.408746303822221744e-06
6.408692015340528089e-06
6.408655133727824840e-06
6.408614840259180625e-06
6.408601804684943153e-06
6.408555531441985691e-06
6.408487230330077070e-06
6.408468489948362727e-06
6.408428499031810812e-06
6.408390506411287431e-06
6.408370231195599846e-06
6.408311831975079288e-06
6.408265137090367586e-06
6.408248991499006014e-06
6.408246098502015298e-06
6.408246417976531618e-06
6.408218689475560124e-06
6.408233781121511476e-06
6.408176700689785178e-06
6.408117278116787100e-06
6.408077953128421700e-06
6.408009820338844454e-06
6.407958156578473246e-06
6.407943746697109983e-06
6.407900991776201492e-06
6.407879783969807961e-06
6.407840904006346839e-06
6.407786579930280614e-06
6.407732916625197608e-06
6.407684795302738553e-06
6.407647827659976123e-06
6.407608494930246276e-06
6.407548654507211535e-06
6.407563927501077986e-06
6.407549234768716850e-06
6.407530574668875033e-06
6.407521389493028697e-06
6.407462544123163389e-06
6.407419092775252900e-06
6.407384140657643489e-06
6.407331131314614296e-06
6.407262653004751422e-06
6.407233618908103192e-06
6.407236356637484191e-06
6.407185596246194455e-06
6.407165931182287858e-06
6.407179057965457455e-06
6.407149007457168703e-06
6.407096505493430103e-06
6.407049001964761214e-06
6.407000669953251318e-06
6.406937692136371830e-06
6.406948340426741162e-06
6.406958334266189921e-06
6.406879740055574895e-06
6.406870289695397664e-06
6.406836971011237347e-06
6.406802035606641694e-06
6.406747919873810915e-06
6.406670576270484718e-06
6.406658142522861573e-06
6.406584092775014916e-06
6.406578173780209792e-06
6.406559022657015930e-06
6.406507743799681493e-06
6.406460908367757624e-06
6.406439747015217430e-06
6.406415213284061182e-06
6.406365977768594219e-06
6.406336310586385424e-06
6.406307580773267329e-06
6.406261429024576371e-06
6.406170920232197286e-06
6.406139448291804874e-06
6.406074978624390371e-06
6.406026068222550562e-06
6.405994155142079006e-06
6.405933330258430108e-06
6.405863085230575679e-06
6.405864244255508592e-06
6.405823880921590431e-06
6.405839550442215826e-06
6.405821454680738188e-06
6.405753359451645212e-06
6.405760852185490490e-06
6.405695651995970065e-06
6.405663933460668888e-06
6.405628982574372637e-06
6.405612900145901341e-06
6.405547403770462887e-06
6.405481223260575377e-06
6.405380079821999692e-06
6.405316619604798190e-06
6.405234069526490182e-06
6.405187443881185712e-06
6.405146183285192832e-06
6.405076003009726662e-06
6.405047531615248550e-06
6.405001820888969460e-06
6.404945167386594646e-06
6.404868539257667197e-06
6.404844416198820062e-06
6.404814361148832126e-06
6.404750842122490544e-06
6.404730797910981894e-06
6.404675073841603845e-06
6.404612346465020401e-06
6.404549360661830630e-06
6.404482216882574573e-06
6.404393632060898939e-06
6.404304698167466595e-06
6.404198535528558623e-06
6.404151234502468784e-06
6.404115030076420913e-06
6.404028132671700507e-06
6.403932887911242467e-06
6.403850356850217494e-06
6.403809970971423075e-06
6.403699668937261704e-06
6.403664634774129269e-06
6.403639746850835230e-06
6.403584272399202919e-06
6.403514124483381125e-06
6.403474353451099473e-06
6.403391761363359813e-06
6.403362107092500491e-06
6.403292842318707409e-06
6.403218556894771648e-06
6.403164160385614675e-06
6.403123090932927440e-06
6.403050247023617173e-06
6.402957000160202114e-06
6.402897190472248296e-06
6.402805957278717286e-06
6.402720360413107998e-06
6.402616507255641495e-06
6.402516477842500109e-06
6.402447237222670598e-06
6.402418508331628335e-06
6.402365371919539556e-06
6.402268194562499461e-06
6.402201189769084164e-06
6.402142105376221362e-06
6.402066413004513102e-06
6.402028946901754282e-06
6.401948471754325854e-06
6.401896917291370227e-06
6.401834123574541243e-06
6.401779387417708509e-06
6.401707465946218306e-06
6.401642209102368115e-06
6.401572314131929602e-06
6.401487040252337924e-06
6.401409646536204756e-06
6.401367475026037044e-06
6.401300682509184280e-06
6.401248191825281795e-06
6.401164348943104764e-06
6.401094182603865746e-06
6.400992195315153809e-06
6.400870745186142331e-06
6.400797555498505472e-06
6.400723895102057668e-06
6.400617650522618946e-06
6.400513109978055364e-06
6.400447686576255287e-06
6.400435117294709834e-06
6.400355456843754870e-06
6.400273053010038956e-06
6.400199191885342838e-06
6.400106812876421255e-06
6.400005772375853826e-06
6.399909638429286398e-06
6.399845956760142148e-06
6.399802583198184388e-06
6.399741817749157732e-06
6.399650200602467946e-06
6.399524648636925511e-06
6.399457895407240456e-06
6.399383293806274934e-06
6.399304192826172049e-06
6.399261889799924369e-06
6.399201140343249911e-06
6.399124020892680142e-06
6.399011231070377250e-06
6.398922091505139569e-06
6.398843120732929323e-06
6.398745439020851846e-06
6.398649959109077187e-06
6.398529245787930287e-06
6.398473795062488733e-06
6.398399772878503643e-06
6.398305988001673230e-06
6.398205002772843169e-06
6.398137074970769436e-06
6.398081447706946327e-06
6.397998641441300808e-06
6.397891524415679236e-06
6.397828390701066127e-06
6.397763460408513807e-06
6.397667979288760051e-06
6.397547786421853396e-06
6.397456985830562684e-06
6.397363934267199696e-06
6.397298850906501855e-06
6.397244149800190633e-06
6.397179172668895745e-06
6.397090562693787307e-06
6.397040793443695311e-06
6.396954212891582900e-06
6.396881299815038539e-06
6.396779049430785731e-06
6.396661540362480048e-06
6.396589301672034172e-06
6.396519992671604136e-06
6.396484306994908075e-06
6.396416983333777310e-06
6.396336208602304922e-06
6.396227984827936306e-06
6.396113814423407183e-06
6.395998712293543323e-06
6.395892050245169238e-06
6.395789831755002700e-06
6.395700796810016282e-06
6.395585515209294522e-06
6.395496658676731422e-06
6.395411265186206106e-06
6.395334605606991912e-06
6.395244072866850956e-06
6.395136139341089891e-06
6.395031061313787261e-06
6.394945140968728942e-06
6.394851198355598583e-06
6.394754164740539222e-06
6.394702620337065461e-06
6.394621815451462402e-06
6.394547897683437782e-06
6.394448416047891672e-06
6.394346456116084895e-06
6.394277367321063264e-06
6.394249065265666924e-06
6.394137980984710985e-06
6.394041811654098586e-06
6.393912974182868212e-06
6.393827914379793397e-06
6.393748040454869470e-06
6.393688011984387073e-06
6.393579053172944865e-06
6.393497849987598060e-06
6.393451424757694519e-06
6.393326735940366181e-06
6.393243080685943839e-06
6.393132277139870466e-06
6.393019964503070261e-06
6.392929094615060376e-06
6.392839439554978990e-06
6.392722562357327739e-06
6.392624745513088386e-06
6.392501481079003576e-06
6.392394550652515129e-06
6.392284990943862953e-06
6.392156068599915171e-06
6.392054694396486323e-06
6.391934159717588189e-06
6.391839925215155083e-06
6.391727998213773604e-06
6.391634206475639199e-06
6.391515427114585640e-06
6.391414300259684323e-06
6.391273042323090923e-06
6.391195179594990972e-06
6.391101002520874152e-06
6.390992310648952325e-06
6.390885202440897994e-06
6.390761304571214560e-06
6.390655540331408145e-06
6.390580601024199411e-06
6.390473725925774329e-06
6.390394758393104270e-06
6.390274697720197861e-06
6.390151981295180410e-06
6.390021349079029085e-06
6.389943261665208564e-06
6.389863324832231846e-06
6.389736447321323394e-06
6.389625212899144285e-06
6.389500918154139378e-06
6.389390078545468869e-06
6.389284164250890007e-06
6.389198337916622593e-06
6.389105043271917196e-06
6.389011393784059731e-06
6.388906200668081546e-06
6.388780679935151941e-06
6.388645531192147105e-06
6.388550433168342925e-06
6.388475017733837388e-06
6.388369387359933650e-06
6.388250823699702061e-06
6.388130681867504566e-06
6.388014225324513474e-06
6.387952925378217885e-06
6.387876198769839151e-06
6.387773316082186166e-06
6.387677844544246987e-06
6.387561550698979332e-06
6.387478596962526851e-06
6.387365020262761255e-06
6.387238969223020206e-06
6.387130963109822049e-06
6.387040180761246788e-06
6.386989221505662337e-06
6.386884459059011359e-06
6.386756398362885862e-06
6.386615385865541661e-06
6.386510262004359601e-06
6.386391351361689029e-06
6.386299299025613697e-06
6.386207811855869627e-06
6.386144168803175977e-06
6.386013250225296289e-06
6.385933145226627459e-06
6.385814142690660258e-06
6.385708180053971390e-06
6.385609364292986141e-06
6.385487037501781879e-06
6.385355192443621621e-06
6.385250673858438866e-06
6.385124445525590423e-06
6.385013159895284863e-06
6.384909173190289956e-06
6.384761161106705275e-06
6.384627071051520229e-06
6.384506259755050644e-06
6.384388286669925438e-06
6.384284287424556078e-06
6.384169118345539257e-06
6.384040406435826006e-06
6.383953190776148166e-06
6.383790166432971781e-06
6.383701374867016654e-06
6.383603910069062152e-06
6.383487319004958753e-06
6.383382614507762776e-06
6.383254186859397912e-06
6.383097756488266890e-06
6.382981178894350574e-06
6.382901052799096301e-06
6.382775495095645108e-06
6.382624802938992419e-06
6.382497668299538691e-06
6.382371966687197228e-06
6.382232376345875089e-06
6.382144943042728084e-06
6.382063649565641842e-06
6.381972258904505830e-06
6.381833994128209343e-06
6.381724344887292034e-06
6.381618150894923347e-06
6.381522061740020601e-06
6.381420948994668012e-06
6.381289724004999817e-06
6.381150319876016596e-06
6.381049319683131488e-06
6.380941355643046615e-06
6.380837464500368957e-06
6.380689230517938474e-06
6.380594458985905230e-06
6.380442741689106057e-06
6.380322297434098901e-06
6.380175080750747900e-06
6.380044025800938092e-06
6.379916464664321278e-06
6.379799186703679931e-06
6.379682435492097351e-06
6.379583905757586518e-06
6.379435607864497450e-06
6.379274991044120755e-06
6.379132859795708172e-06
6.379001696100032523e-06
6.378880563693381104e-06
6.378787645556599530e-06
6.378629427390049701e-06
6.378485144711894244e-06
6.378322081852835481e-06
6.378187633185201752e-06
6.378078648453850861e-06
6.377959749090087208e-06
6.377808626697911849e-06
6.377678269752103204e-06
6.377532474621905342e-06
6.377419326903265067e-06
6.377316537313144769e-06
6.377194170567204956e-06
6.377075336341195672e-06
6.376937664180642616e-06
6.376821993311061976e-06
6.376700978623439356e-06
6.376560364726807495e-06
6.376452711569837967e-06
6.376281518746470998e-06
6.376139913181738622e-06
6.376027919076507167e-06
6.375931570991118522e-06
6.375791349158885456e-06
6.375665646511218162e-06
6.375582519841916237e-06
6.375467474271857503e-06
6.375353841104760756e-06
6.375223117221556997e-06
6.375075321177714191e-06
6.374949177316251323e-06
6.374804261992169964e-06
6.374701493446058081e-06
6.374587620859126364e-06
6.374468459201363189e-06
6.374320841581492148e-06
6.374219857220753120e-06
6.374064326442087742e-06
6.373954948861617934e-06
6.373848476406463106e-06
6.373737623209192849e-06
6.373665799959318795e-06
6.373514069624512466e-06
6.373362323308324710e-06
6.373211287671671923e-06
6.373080648558021194e-06
6.372892521565376577e-06
6.372763029832925435e-06
6.372637150116480647e-06
6.372488301452270059e-06
6.372322365929100789e-06
6.372213305329981206e-06
6.372043516568836017e-06
6.371917693162743458e-06
6.371737046964362512e-06
6.371607681015920330e-06
6.371521312469172524e-06
6.371371634596879462e-06
6.371224564433640043e-06
6.371098326217322333e-06
6.370930571672393706e-06
6.370761728748720514e-06
6.370655331595233460e-06
6.370521824828022779e-06
6.370422740532239013e-06
6.370273733732539638e-06
6.370144830665140664e-06
6.370030274104029536e-06
6.369886269437976858e-06
6.369712754641068916e-06
6.369559491388138113e-06
6.369416756825958516e-06
6.369268797160059098e-06
6.369131542273330755e-06
6.368987608028749432e-06
6.368848780079250347e-06
6.368681227566556926e-06
6.368560633934241050e-06
6.368419845942127404e-06
6.368276145733507502e-06
6.368129058947641210e-06
6.367975317127231114e-06
6.367798738167777446e-06
6.367643915452382492e-06
6.367437328329146947e-06
6.367290247970970693e-06
6.367127184054727568e-06
6.367047740523605429e-06
6.366896614354633824e-06
6.366735266352267649e-06
6.366577092114282185e-06
6.366451286607355289e-06
6.366267737214498071e-06
6.366127128598324659e-06
6.365971359549550410e-06
6.365796435983990536e-06
6.365640732240011483e-06
6.365468643617462610e-06
6.365299417621129860e-06
6.365137461837812670e-06
6.365007702129789409e-06
6.364872663843108937e-06
6.364709169447194364e-06
6.364557628069029845e-06
6.364422858733626367e-06
6.364270004173952853e-06
6.364086659741517811e-06
6.363918806123139104e-06
6.363757637878154970e-06
6.363632637810223500e-06
6.363467690619223055e-06
6.363266534424501219e-06
6.363081153753289097e-06
6.362947418408995313e-06
6.362759511241212610e-06
6.362623043807837048e-06
6.362460471324958194e-06
6.362286923678202498e-06
6.362099092460145700e-06
6.361962627617467841e-06
6.361797335558730022e-06
6.361652266247068360e-06
6.361480497301928998e-06
6.361305599760451847e-06
6.361174830380204862e-06
6.361020216513847689e-06
6.360883110954297267e-06
6.360765095340133129e-06
6.360590457694939855e-06
6.360395056881852754e-06
6.360240362063526820e-06
6.360132337305893438e-06
6.359958850853898684e-06
6.359814996840210363e-06
6.359644440516604033e-06
6.359488339603576198e-06
6.359370369121784732e-06
6.359220718039381963e-06
6.359052346600564527e-06
6.358897028657655044e-06
6.358713093670170513e-06
6.358567228706143956e-06
6.358423108786874491e-06
6.358258499756040520e-06
6.358087412501344218e-06
6.357923836143365623e-06
6.357762815676422548e-06
6.357600904862312379e-06
6.357435283791759480e-06
6.357248402077611848e-06
6.357078268830775025e-06
6.356912489742503106e-06
6.356718688193553466e-06
6.356568867868095356e-06
6.356384735642206864e-06
6.356208056251727836e-06
6.356024007858634921e-06
6.355854485006601309e-06
6.355664114981375798e-06
6.355569282291714689e-06
6.355424723310876512e-06
6.355262073320930528e-06
6.355093682199089265e-06
6.354913232760193923e-06
6.354753369062410508e-06
6.354600603050660057e-06
6.354414769709591889e-06
6.354259044223524759e-06
6.354075955937338507e-06
6.353917346641676039e-06
6.353715890768461834e-06
6.353485321405158555e-06
6.353333218939370359e-06
6.353152767485882538e-06
6.352952573094103458e-06
6.352805238553580207e-06
6.352647283248187915e-06
6.352483712625189886e-06
6.352326527806113977e-06
6.352182912503700625e-06
6.351980098394275980e-06
6.351808894253129208e-06
6.351640721626755364e-06
6.351474610205903648e-06
6.351347186159980313e-06
6.351153773192702734e-06
6.350996199326699895e-06
6.350812476706651825e-06
6.350630355167988571e-06
6.350426722867376517e-06
6.350258826928822803e-06
6.350087748751871770e-06
6.349901408639830896e-06
6.349718020276364082e-06
6.349503654062166143e-06
6.349304483830342786e-06
6.349144037730345994e-06
6.348929831191999291e-06
6.348754021109138571e-06
6.348593715432325454e-06
6.348438186179665316e-06
6.348253685306467828e-06
6.348050776301488247e-06
6.347872381280284372e-06
6.347679935545035178e-06
6.347516066927429338e-06
6.347358516493867078e-06
6.347171902479986375e-06
6.347004587332072682e-06
6.346829838194056920e-06
6.346657104887892948e-06
6.346506729069207975e-06
6.346350046393786652e-06
6.346136394304619084e-06
6.345937839396449776e-06
6.345769728493045773e-06
6.345594053352081306e-06
6.345443023250172189e-06
6.345255296599560081e-06
6.345082495700177083e-06
6.344888355692630933e-06
6.344690897697684008e-06
6.344529352422817407e-06
6.344328931018213319e-06
6.344185453717762832e-06
6.344008240018923546e-06
6.343827466836490393e-06
6.343659077604267827e-06
6.343520284135508132e-06
6.343320248150868929e-06
6.343156494257941482e-06
6.342972913278459096e-06
6.342787136146433780e-06
6.342581350814874026e-06
6.342377054210188287e-06
6.342209993698993782e-06
6.341992534756473936e-06
6.341812254927277227e-06
6.341644046494922502e-06
6.341473099460480262e-06
6.341299617915291467e-06
6.341184279241277116e-06
6.341000559822474874e-06
6.340784825264460452e-06
6.340637637614169147e-06
6.340448296881343036e-06
6.340279583097239637e-06
6.340084313111246588e-06
6.339943475151426950e-06
6.339757014711991312e-06
6.339548500120789649e-06
6.339374056725867150e-06
6.339182553035972576e-06
6.338989738426872884e-06
6.338796371559067845e-06
6.338606035102214585e-06
6.338453479401523134e-06
6.338283594385486749e-06
6.338078317841887589e-06
6.337872185836625585e-06
6.337733238924884573e-06
6.337602032838883496e-06
6.337423514573183008e-06
6.337177036994853955e-06
6.336991812858004569e-06
6.336761947544469570e-06
6.336553333566763767e-06
6.336366704440587935e-06
6.336158751518847043e-06
6.335960087557801414e-06
6.335804214182469329e-06
6.335616738905966432e-06
6.335386857722013863e-06
6.335221444000657506e-06
6.335034785756914349e-06
6.334887662209534390e-06
6.334690780648233155e-06
6.334444848484927976e-06
6.334206496276491156e-06
6.333971212088122781e-06
6.333765460544396432e-06
6.333601814532431178e-06
6.333422483407154051e-06
6.333233373305009391e-06
6.333010202571034594e-06
6.332847229991615402e-06
6.332687866562644366e-06
6.332444358857446268e-06
6.332230166646053699e-06
6.331995674855618346e-06
6.331773199814615265e-06
6.331625273147239907e-06
6.331403020893518545e-06
6.331196629989362430e-06
6.331006112251920485e-06
6.330787105443551066e-06
6.330582780044992490e-06
6.330379239707354842e-06
6.330152071245029125e-06
6.329920942042370389e-06
6.329743088470427022e-06
6.329536145732086616e-06
6.329342598788800548e-06
6.329149434592210348e-06
6.328917351218147012e-06
6.328697461534166154e-06
6.328502149473772331e-06
6.328290553676841129e-06
6.328104710688845268e-06
6.327871260271862366e-06
6.327669745601753636e-06
6.327457317595710698e-06
6.327259918086723515e-06
6.327055095246721434e-06
6.326852249974422723e-06
6.326679776218587267e-06
6.326435177057633946e-06
6.326232841419264903e-06
6.325997663001721773e-06
6.325823521834088321e-06
6.325611611995225520e-06
6.325424618624042816e-06
6.325210401895170627e-06
6.324981027819885861e-06
6.324789172828931952e-06
6.324593819652566147e-06
6.324386305036834649e-06
6.324184154808437318e-06
6.323963782355551448e-06
6.323733412287841896e-06
6.323550344228382296e-06
6.323278768409527875e-06
6.323043528653912604e-06
6.322824960330506076e-06
6.322589948588652953e-06
6.322386941691246414e-06
6.322153806497737463e-06
6.321925403872196938e-06
6.321719079269697235e-06
6.321500587617966511e-06
6.321282669552634433e-06
6.321069395688563642e-06
6.320855611568185396e-06
6.320642838405649011e-06
6.320413614786278790e-06
6.320169151024052002e-06
6.319939246295372779e-06
6.319721018870242961e-06
6.319498772426995669e-06
6.319328486936462681e-06
6.319060390225380093e-06
6.318871323206288969e-06
6.318646920298972033e-06
6.318402354538704697e-06
6.318173673545568441e-06
6.317972747995293187e-06
6.317747779620268125e-06
6.317545880984257008e-06
6.317320007589578875e-06
6.317120690173525213e-06
6.316887530057442288e-06
6.316665451740255284e-06
6.316422175180232377e-06
6.316202262443215633e-06
6.315977153932432281e-06
6.315762134617089570e-06
6.315576720069439315e-06
6.315341497137059659e-06
6.315139833631247781e-06
6.314937597667701035e-06
6.314686369684415192e-06
6.314465650327202871e-06
6.314252434669936867e-06
6.314036318221349881e-06
6.313810050259738674e-06
6.313656060910172119e-06
6.313427103958482301e-06
6.313190189584912518e-06
6.312972460751192862e-06
6.312758441886593891e-06
6.312558319901827109e-06
6.312315609629431751e-06
6.312085316078750115e-06
6.311867968713868707e-06
6.311690207071445333e-06
6.311456767991699427e-06
6.311247034666163426e-06
6.311028281450234226e-06
6.310810407316314239e-06
6.310592772962380856e-06
6.310378999024094189e-06
6.310155442214851702e-06
6.309948896537151719e-06
6.309715129049194035e-06
6.309458695406898631e-06
6.309260339754474385e-06
6.309031212761892799e-06
6.308813165962455437e-06
6.308591482307855245e-06
6.308333824577976429e-06
6.308055467975502574e-06
6.307788678273283951e-06
6.307542752993042194e-06
6.307306350345630210e-06
6.307106491655788232e-06
6.306867683137408543e-06
6.306657141535905430e-06
6.306438624990725113e-06
6.306194532017647865e-06
6.305934387133539362e-06
6.305722290885910703e-06
6.305499148844745007e-06
6.305307056978532887e-06
6.305053165461636591e-06
6.304791406635346420e-06
6.304561221696909484e-06
6.304307711929774148e-06
6.304084717586280484e-06
6.303863647649676663e-06
6.303600053569087734e-06
6.303336648614559062e-06
6.303133410513870871e-06
6.302897545387183975e-06
6.302656762691894083e-06
6.302384709390761194e-06
6.302162898678080656e-06
6.301921006765068040e-06
6.301677161098690142e-06
6.301440827885425040e-06
6.301204378702253327e-06
6.300912438944626927e-06
6.300663631713580765e-06
6.300406727840505930e-06
6.300174721926317282e-06
6.299937419222316422e-06
6.299737139478743181e-06
6.299490728904459906e-06
6.299285328791941198e-06
6.299072513755449304e-06
6.298838234097043864e-06
6.298578493090662115e-06
6.298368226705321219e-06
6.298156102618989131e-06
6.297922714347428670e-06
6.297672152797995307e-06
6.297434890046230404e-06
6.297203537952870614e-06
6.296953328995573003e-06
6.296740871204624444e-06
6.296508598539187970e-06
6.296227624027279758e-06
6.295970439293693818e-06
6.295745978891735375e-06
6.295520614840486798e-06
6.295261347143145359e-06
6.295043063912181547e-06
6.294804026180813852e-06
6.294548158825326069e-06
6.294281989003018634e-06
6.294046591201071571e-06
6.293828343647102462e-06
6.293582559250514359e-06
6.293368688125657005e-06
6.293122962804568656e-06
6.292876001670981389e-06
6.292641636708550211e-06
6.292388269680147763e-06
6.292187686415776380e-06
6.291920016707919255e-06
6.291668354736069535e-06
6.291386018296848961e-06
6.291128517555173982e-06
6.290864653937893095e-06
6.290602830066593582e-06
6.290339604291582440e-06
6.290090911317665189e-06
6.289835185296757520e-06
6.289597070522208152e-06
6.289348581683733480e-06
6.289101771065082015e-06
6.288853217292346710e-06
6.288555866564872737e-06
6.288303286060876955e-06
6.288053935266845304e-06
6.287815711778761342e-06
6.287573123208332590e-06
6.287350569500237206e-06
6.287089133487258863e-06
6.286873987441103926e-06
6.286590011985339406e-06
6.286338864542023804e-06
6.286131461548942076e-06
6.285875924727783990e-06
6.285591412823529674e-06
6.285346473027146673e-06
6.285083009524635120e-06
6.284847116656033556e-06
6.284571420312565344e-06
6.284321936574975357e-06
6.284054003681227744e-06
6.283773272082679213e-06
6.283537871585905298e-06
6.283294486980260382e-06
6.283035173630492606e-06
6.282786037741801250e-06
6.282529411266209383e-06
6.282304213814916750e-06
6.282048797452677314e-06
6.281782979971249402e-06
6.281525664542655728e-06
6.281274528025962656e-06
6.280988639421086822e-06
6.280737353496359756e-06
6.280479985824074939e-06
6.280207446662666630e-06
6.279963968745258300e-06
6.279687277608315876e-06
6.279437959908022410e-06
6.279154327373609267e-06
6.278904333667159231e-06
6.278643840981635071e-06
6.278390028184362368e-06
6.278130826085263913e-06
6.277878816008114454e-06
6.277610557990491434e-06
6.277334139516911473e-06
6.277062168960768710e-06
6.276817369853007486e-06
6.276533759268522281e-06
6.276260737981870143e-06
6.276021415512110188e-06
6.275739968159826689e-06
6.275450311447182737e-06
6.275202311714884890e-06
6.274941220374466355e-06
6.274684376318167075e-06
6.274425797915197814e-06
6.274147640298029189e-06
6.273903426290797122e-06
6.273628734444290594e-06
6.273346401884307277e-06
6.273097880183862963e-06
6.272824403112112441e-06
6.272573834593614708e-06
6.272299933575448494e-06
6.272038137000081319e-06
6.271771729059175491e-06
6.271511751933736900e-06
6.271237000336337039e-06
6.270985718578098125e-06
6.270754498906110177e-06
6.270491717507747822e-06
6.270242255501276835e-06
6.269973798675303086e-06
6.269710301577862259e-06
6.269431718494538204e-06
6.269174450205503226e-06
6.268872454643033161e-06
6.268585678314640907e-06
6.268300063178025676e-06
6.268014845981530260e-06
6.267791862416325020e-06
6.267501310549391936e-06
6.267264061476212173e-06
6.266982584274176752e-06
6.266708589966447858e-06
6.266476750582074051e-06
6.266162872015633083e-06
6.265875375980058354e-06
6.265560010550090493e-06
6.265296187696796201e-06
6.265035028861604196e-06
6.264764995592772189e-06
6.264499215044058548e-06
6.264230041088059359e-06
6.263952019644058643e-06
6.263665050957062436e-06
6.263388218556516176e-06
6.263086841168352276e-06
6.262793284142097593e-06
6.262515282749296279e-06
6.262239855463302664e-06
6.261957849386044818e-06
6.261672147301793166e-06
6.261393284370162379e-06
6.261121447313665247e-06
6.260859380554755006e-06
6.260551983421213206e-06
6.260281251458957050e-06
6.259993541430833529e-06
6.259671717754575248e-06
6.259388598991264114e-06
6.259099289109739252e-06
6.258795166177016911e-06
6.258530055228138749e-06
6.258234343326799950e-06
6.257951161066438114e-06
6.257664034425639993e-06
6.257398589456999976e-06
6.257095113349113251e-06
6.256794901287694736e-06
6.256485078688953327e-06
6.256239111970806928e-06
6.255921728114112854e-06
6.255641882855461741e-06
6.255368296922543866e-06
6.255116606591229779e-06
6.254821551618780182e-06
6.254519115399219325e-06
6.254234273932574278e-06
6.253918780651972590e-06
6.253630805448915157e-06
6.253338927018363022e-06
6.253053244628986882e-06
6.252755557594355519e-06
6.252467374437098098e-06
6.252183513271573854e-06
6.251897752127956731e-06
6.251625311338850039e-06
6.251312477249470708e-06
6.251048479017273698e-06
6.250776229995873152e-06
6.250486059080863753e-06
6.250179653018898668e-06
6.249906624601992637e-06
6.249617010077036727e-06
6.249346879813998603e-06
6.249034345320905399e-06
6.248730294903989116e-06
6.248442463864334178e-06
6.248123517202379061e-06
6.247867070976764633e-06
6.247612474402121532e-06
6.247294408344565732e-06
6.247000297882045253e-06
6.246702680974199942e-06
6.246446322727904677e-06
6.246178711565319081e-06
6.245870319861117626e-06
6.245599434964607295e-06
6.245335391065514930e-06
6.244991547101370645e-06
6.244708410870158980e-06
6.244412206850749203e-06
6.244093588930503911e-06
6.243809398010980767e-06
6.243528922445887578e-06
6.243273287182667088e-06
6.242977058025176133e-06
6.242684702530775571e-06
6.242391615637379922e-06
6.242117544442058056e-06
6.241805823206870593e-06
6.241497066364809073e-06
6.241203725343090188e-06
6.240912089486270556e-06
6.240631910367976462e-06
6.240352895109785970e-06
6.240066639289164748e-06
6.239752869959395240e-06
6.239455420872613134e-06
6.239175868990984967e-06
6.238868804965122486e-06
6.238563530270430859e-06
6.238334283229861881e-06
6.238059208606589815e-06
6.237716237364237655e-06
6.237387233254646425e-06
6.237101572307777207e-06
6.236791965884673099e-06
6.236495930031052843e-06
6.236192331789128006e-06
6.235901702931756903e-06
6.235636899588219679e-06
6.235349853834571970e-06
6.235051004040648647e-06
6.234747007399092010e-06
6.234461591839697103e-06
6.234125573329974887e-06
6.233785459006307235e-06
6.233496976089586177e-06
6.233174134912793485e-06
6.232843233765174287e-06
6.232526596949022025e-06
6.232212947572395937e-06
6.231905261961017243e-06
6.231593937784999754e-06
6.231301204265049824e-06
6.231033075057561767e-06
6.230708231083046724e-06
6.230419408802305992e-06
6.230123216693471179e-06
6.229790309028202330e-06
6.229508203144629639e-06
6.229204106969048757e-06
6.228867763305949825e-06
6.228562424168844187e-06
6.228240727890572950e-06
6.227932978007076219e-06
6.227620930259330785e-06
6.227352959363586366e-06
6.227100108220499646e-06
6.226779549212893759e-06
6.226485605805643314e-06
6.226167030151619572e-06
6.225886164612893739e-06
6.225571351967431161e-06
6.225280041402318044e-06
6.224951097621877681e-06
6.224686491085997672e-06
6.224353330262490398e-06
6.224039295334226459e-06
6.223724813900969811e-06
6.223463458328271861e-06
6.223157659900386513e-06
6.222834085692286625e-06
6.222521389078473909e-06
6.222187279804447124e-06
6.221884619975330373e-06
6.221554928320216409e-06
6.221210590789963596e-06
6.220890007636682354e-06
6.220571806769685924e-06
6.220268476780643322e-06
6.219969527117988991e-06
6.219666491911274921e-06
6.219388501079198232e-06
6.219101671098565958e-06
6.218806491610955132e-06
6.218483745669969664e-06
6.218160920763074762e-06
6.217845291347490257e-06
6.217546447717928829e-06
6.217229623145715021e-06
6.216898502462053510e-06
6.216582204592140556e-06
6.216262892408404302e-06
6.215930085817097783e-06
6.215615367726407610e-06
6.215292703101783630e-06
6.214981926762456365e-06
6.214634330259715959e-06
6.214307719379933765e-06
6.213983873479372766e-06
6.213681678851109012e-06
6.213362544073116052e-06
6.213056366044111116e-06
6.212742832450221921e-06
6.212433002017607361e-06
6.212102974372755677e-06
6.211780828203371645e-06
6.211453569212254784e-06
6.211106088476292323e-06
6.210799305377617685e-06
6.210457975600981522e-06
6.210147294079383805e-06
6.209824886065535883e-06
6.209507106540103523e-06
6.209166961219455748e-06
6.208910107755846773e-06
6.208612105113741615e-06
6.208309475938704873e-06
6.207960434416004082e-06
6.207628990142151606e-06
6.207287929549871340e-06
6.206949650759857300e-06
6.206609363429902447e-06
6.206280174044695871e-06
6.205927616842261153e-06
6.205588022733685005e-06
6.205249467811755170e-06
6.204939564989763538e-06
6.204593876507555779e-06
6.204279348554749072e-06
6.203943103640291036e-06
6.203627438761467368e-06
6.203330175918852289e-06
6.203019815097483471e-06
6.202667471711501090e-06
6.202364077211385681e-06
6.202076109241530526e-06
6.201739562774902584e-06
6.201412714825553667e-06
6.201050328263256181e-06
6.200695335025612902e-06
6.200390446199556971e-06
6.200086851399583550e-06
6.199777987291243176e-06
6.199454364276042688e-06
6.199128642539312655e-06
6.198792998216725302e-06
6.198470197933723616e-06
6.198162734552448368e-06
6.197838844961309615e-06
6.197474724992649516e-06
6.197175084931752730e-06
6.196832406804203291e-06
6.196499317336647153e-06
6.196185260915768363e-06
6.195858118949458875e-06
6.195546983003822747e-06
6.195223831486075935e-06
6.194903679721304541e-06
6.194561292449603114e-06
6.194199928436314799e-06
6.193848230220813585e-06
6.193468419509090492e-06
6.193134957192742041e-06
6.192844608661320396e-06
6.192492274505277317e-06
6.192144470028216501e-06
6.191817046519158303e-06
6.191467763862656455e-06
6.191090397987537611e-06
6.190734535971471716e-06
6.190361401024212554e-06
6.190046595125818870e-06
6.189708678936220154e-06
6.189354385129916646e-06
6.189053115839483375e-06
6.188723223775914152e-06
6.188374785840754129e-06
6.188030135113048859e-06
6.187719429788510729e-06
6.187388205974583965e-06
6.187047547513509502e-06
6.186720835936731061e-06
6.186394542818902634e-06
6.186026888142180263e-06
6.185728171237208756e-06
6.185400745794787692e-06
6.185037230694666780e-06
6.184704199143574557e-06
6.184379120680841792e-06
6.184036454619363084e-06
6.183673161866154850e-06
6.183334892703112407e-06
6.182974119287616558e-06
6.182651230729182308e-06
6.182294420798288490e-06
6.181962283419978350e-06
6.181597206714469387e-06
6.181218953544182072e-06
6.180876569079966267e-06
6.180527678362729343e-06
6.180178569522999017e-06
6.179835393071696744e-06
6.179493956318047714e-06
6.179183790592479136e-06
6.178828954657561660e-06
6.178474483457685027e-06
6.178142921392030069e-06
6.177812767408934590e-06
6.177480826718113947e-06
6.177139717358802821e-06
6.176778688956564125e-06
6.176463789526571485e-06
6.176102245897724090e-06
6.175752577562033088e-06
6.175410890354956462e-06
6.175081029538359818e-06
6.174706377439236651e-06
6.174345980336675948e-06
6.173974261435202359e-06
6.173617373086385378e-06
6.173254569664210722e-06
6.172917991630804442e-06
6.172620681919848077e-06
6.172294029502971989e-06
6.171950231249767926e-06
6.171616605023779931e-06
6.171266870566473605e-06
6.170930259428613325e-06
6.170548360566297987e-06
6.170199708950597146e-06
6.169850267237885085e-06
6.169456314165537872e-06
6.169088024196488469e-06
6.168766170159472605e-06
6.168407367667802716e-06
6.168060116978695776e-06
6.167751770327200157e-06
6.167406635477093059e-06
6.167016049909728291e-06
6.166636798896990355e-06
6.166297229181192788e-06
6.165911480008847944e-06
6.165552187606109866e-06
6.165180619223150793e-06
6.164807810396802743e-06
6.164404024565872214e-06
6.164064078531074746e-06
6.163711460516484716e-06
6.163360835911352877e-06
6.162993853535608314e-06
6.162658162288202059e-06
6.162316324212929458e-06
6.161963797685965720e-06
6.161561918851081488e-06
6.161197761366684174e-06
6.160810372112294005e-06
6.160450396894563974e-06
6.160138117193669632e-06
6.159768691359729721e-06
6.159383148160894880e-06
6.159023256756007719e-06
6.158637507520657176e-06
6.158262343369120294e-06
6.157906239493028469e-06
6.157516591715429927e-06
6.157157363341717359e-06
6.156789718230273787e-06
6.156401944606784230e-06
6.156038111224544923e-06
6.155679374095540367e-06
6.155325086993063873e-06
6.154936511369676650e-06
6.154547861831183247e-06
6.154197110252799719e-06
6.153818775108351905e-06
6.153450490935667545e-06
6.153057756408125966e-06
6.152695053535331737e-06
6.152333028546597462e-06
6.151936315171253163e-06
6.151606021699301326e-06
6.151237545195544972e-06
6.150856828854336426e-06
6.150485184133496905e-06
6.150090773774089945e-06
6.149712228841614964e-06
6.149317566026491929e-06
6.148933096609563341e-06
6.148562377151792633e-06
6.148193369290674434e-06
6.147812594287516418e-06
6.147456251890340707e-06
6.147093302881663501e-06
6.146733663567073931e-06
6.146318687840063187e-06
6.145966229578884658e-06
6.145599363288749712e-06
6.145222596224265803e-06
6.144848928923255376e-06
6.144469235088632356e-06
6.144093624922347648e-06
6.143727162501939230e-06
6.143369779898253961e-06
6.143007014654178496e-06
6.142639010846635809e-06
6.142260387773574887e-06
6.141879198864928788e-06
6.141522835304842413e-06
6.141155594353532308e-06
6.140783223686076735e-06
6.140396647337803429e-06
6.140013519437579862e-06
6.139623004160414130e-06
6.139213369883849366e-06
6.138816499647471370e-06
6.138437003352193800e-06
6.138035205691943809e-06
6.137673228965727242e-06
6.137264203186406057e-06
6.136899900108512242e-06
6.136521267440787255e-06
6.136129421406742997e-06
6.135737826369188804e-06
6.135322429096819558e-06
6.134962665676599871e-06
6.134618442652520596e-06
6.134239326266210808e-06
6.133856833192188654e-06
6.133443392079146201e-06
6.133053746691572245e-06
6.132674468221498147e-06
6.132310447860998851e-06
6.131924272380625754e-06
6.131530948644941585e-06
6.131138080964624531e-06
6.130757693499955668e-06
6.130352881530997610e-06
6.129962577585304694e-06
6.129586442691318104e-06
6.129209534829503363e-06
6.128821267939252648e-06
6.128417845377211610e-06
6.128059914823867333e-06
6.127678754501785298e-06
6.127289145257983034e-06
6.126898034211724369e-06
6.126511671672344478e-06
6.126122057396886986e-06
6.125777025479700017e-06
6.125411100209621036e-06
6.125027935478195860e-06
6.124658405467423045e-06
6.124292475591230567e-06
6.123915895723847773e-06
6.123530210605191497e-06
6.123113873675574535e-06
6.122710879994507336e-06
6.122315185042356038e-06
6.121919068692341778e-06
6.121506852444428489e-06
6.121103034197183692e-06
6.120715501002569809e-06
6.120358563449940112e-06
6.119967449715098922e-06
6.119627874174433654e-06
6.119207237252461236e-06
6.118813349633751542e-06
6.118446442214549484e-06
6.118051146053854721e-06
6.117646679280997371e-06
6.117255515427014252e-06
6.116891776052001536e-06
6.116480579149576460e-06
6.116059764445411354e-06
6.115692480448524687e-06
6.115296397247649649e-06
6.114895062866516165e-06
6.114506325614965018e-06
6.114101472771638421e-06
6.113731235013223375e-06
6.113341759745620183e-06
6.112977985221796251e-06
6.112580546337225927e-06
6.112197938431241880e-06
6.111800656309106383e-06
6.111406094204924297e-06
6.111006387630767650e-06
6.110626267707043901e-06
6.110237324139498531e-06
6.109834620648275973e-06
6.109422340295224487e-06
6.109014601476989877e-06
6.108631954988000327e-06
6.108250088010155741e-06
6.107854413053654577e-06
6.107457651963816112e-06
6.107039445767241573e-06
6.106628985344708224e-06
6.106232471686944384e-06
6.105821937841460644e-06
6.105398216362437256e-06
6.104975135045572178e-06
6.104551566095800091e-06
6.104149772010904123e-06
6.103777419480158673e-06
6.103368590647954442e-06
6.102956417382632347e-06
6.102540050446552203e-06
6.102135096917224693e-06
6.101728190321741591e-06
6.101350374344904528e-06
6.100916198329411112e-06
6.100531886058065081e-06
6.100119473844735860e-06
6.099712430612658723e-06
6.099320310688789800e-06
6.098911687982337039e-06
6.098491518055785667e-06
6.098073032716249906e-06
6.097660924033659606e-06
6.097279817601594986e-06
6.096880386175724418e-06
6.096499575074187206e-06
6.096084984262083552e-06
6.095677211234383712e-06
6.095245348883025351e-06
6.094826591871857019e-06
6.094438271133600030e-06
6.094032147384914060e-06
6.093618363751039760e-06
6.093237042359561955e-06
6.092833169641141121e-06
6.092432518093885883e-06
6.092027060764320795e-06
6.091631023940208933e-06
6.091232743957104979e-06
6.090827578451390709e-06
6.090404819232419031e-06
6.089982526919681759e-06
6.089555403557672314e-06
6.089130119843027705e-06
6.088708510717351772e-06
6.088325528286592825e-06
6.087943665203738614e-06
6.087510235437473584e-06
6.087127033300816807e-06
6.086702221145510101e-06
6.086257601626884325e-06
6.085844975111791852e-06
6.085445864204028782e-06
6.085020084419565683e-06
6.084606787214348780e-06
6.084185302043427762e-06
6.083757007835609536e-06
6.083321947615276206e-06
6.082886272576045924e-06
6.082468326698942239e-06
6.082064953964710383e-06
6.081624919863104347e-06
6.081212233182794068e-06
6.080799812414410057e-06
6.080350786489911403e-06
6.079918969185826855e-06
6.079476277658154985e-06
6.078996733222632082e-06
6.078581412988042373e-06
6.078164537707389501e-06
6.077737626902767044e-06
6.077296007984374944e-06
6.076875998862118358e-06
6.076435547135158772e-06
6.075980230963588496e-06
6.075586073466497988e-06
6.075144127708306055e-06
6.074726742836752788e-06
6.074295339933092074e-06
6.073861187029682905e-06
6.073431012640390367e-06
6.072976923586483453e-06
6.072574769252593221e-06
6.072141262535877751e-06
6.071736863422305456e-06
6.071309115878756800e-06
6.070868183732626819e-06
6.070402118370850289e-06
6.070009265702654014e-06
6.069590172351110203e-06
6.069159386284974184e-06
6.068709739248486311e-06
6.068277501652570707e-06
6.067856011860603000e-06
6.067410340724381255e-06
6.066984824657464966e-06
6.066540736854332494e-06
6.066084290201825728e-06
6.065672967592779161e-06
6.065213561994429736e-06
6.064781968877460661e-06
6.064352467538458381e-06
6.063916716723586099e-06
6.063499321330396237e-06
6.063035951998263781e-06
6.062601053199063429e-06
6.062142568185689306e-06
6.061667233517420197e-06
6.061247233401929214e-06
6.060809476219964846e-06
6.060402817403086865e-06
6.059943006783752530e-06
6.059489209403105833e-06
6.059048859479310772e-06
6.058584854375877022e-06
6.058140511096081234e-06
6.057728208738730764e-06
6.057285529214673651e-06
6.056855547551028159e-06
6.056398340574400632e-06
6.055959753995068184e-06
6.055530676524392782e-06
6.055100453259085044e-06
6.054656247456930255e-06
6.054224869676479361e-06
6.053774444035616470e-06
6.053312664263880741e-06
6.052880910263706443e-06
6.052429285084459449e-06
6.052009023864121886e-06
6.051557450977077308e-06
6.051133469166021567e-06
6.050686215185662859e-06
6.050222252060903302e-06
6.049772086274647725e-06
6.049344283186273195e-06
6.048889525007346979e-06
6.048456726298190882e-06
6.047987483832546106e-06
6.047530729439967647e-06
6.047091019784907968e-06
6.046669269026139723e-06
6.046209746073284668e-06
6.045755004773599038e-06
6.045300382751303260e-06
6.044823722175732650e-06
6.044400565133757863e-06
6.043948386571732662e-06
6.043496041240278859e-06
6.043032824539366072e-06
6.042555208776780570e-06
6.042127271017336714e-06
6.041670939550190079e-06
6.041216795827921245e-06
6.040803820761788956e-06
6.040343280954190962e-06
6.039866854758671968e-06
6.039418293699218405e-06
6.038939598660227210e-06
6.038501240503950006e-06
6.038036839058275817e-06
6.037576333628957567e-06
6.037124933276424859e-06
6.036665101655306702e-06
6.036216939422423427e-06
6.035756989139416991e-06
6.035289009621915193e-06
6.034837598343054724e-06
6.034377553203988805e-06
6.033920464237742307e-06
6.033447680896834110e-06
6.032977278007079965e-06
6.032493025052438807e-06
6.032012325168782898e-06
6.031581902710867934e-06
6.031127432527793148e-06
6.030683997805791754e-06
6.030210329932891568e-06
6.029724861392777147e-06
6.029294568810282530e-06
6.028837961328820460e-06
6.028372309166895123e-06
6.027948731167289197e-06
6.027502935099367606e-06
6.027051495071883647e-06
6.026584729178854407e-06
6.026144876686230883e-06
6.025687216630153516e-06
6.025217755516498310e-06
6.024758166302776561e-06
6.024278826516628396e-06
6.023799201188734817e-06
6.023344718113343389e-06
6.022875309705117315e-06
6.022429484565612971e-06
6.021974831383934596e-06
6.021542446179285421e-06
6.021083597250667058e-06
6.020618735694641866e-06
6.020157409174509494e-06
6.019701731113525890e-06
6.019244265898188508e-06
6.018809973526492329e-06
6.018345261040605287e-06
6.017888267847836269e-06
6.017421392713983414e-06
6.016965429155457658e-06
6.016526124908590449e-06
6.016055722105688522e-06
6.015579179636341566e-06
6.015085741470351533e-06
6.014624916005822656e-06
6.014178330152422635e-06
6.013734346999595850e-06
6.013253229647010507e-06
6.012778835471366888e-06
6.012307544239281156e-06
6.011823600755684506e-06
6.011356115258561783e-06
6.010897628909184615e-06
6.010482292547875331e-06
6.010015577548541206e-06
6.009576915195010949e-06
6.009141311442585116e-06
6.008682867566325765e-06
6.008232801756224455e-06
6.007738113928918765e-06
6.007275560582257572e-06
6.006805733837415066e-06
6.006346773030998588e-06
6.005854175212378119e-06
6.005425692448385943e-06
6.004949953311034028e-06
6.004485121560631188e-06
6.003997099042591557e-06
6.003543733075823345e-06
6.003073761857704892e-06
6.002586173566689241e-06
6.002099544130170044e-06
6.001637103593054220e-06
6.001170923607070111e-06
6.000695599047248149e-06
6.000200672997093791e-06
5.999721104234745680e-06
5.999259425579314612e-06
5.998771694005917457e-06
5.998306327509766027e-06
5.997818108568074109e-06
5.997307126057365271e-06
5.996848890463596397e-06
5.996359249808973822e-06
5.995887053655586556e-06
5.995403422371851848e-06
5.994914549039511681e-06
5.994423750968127017e-06
5.993925223087930518e-06
5.993438106790241113e-06
5.992945873974676264e-06
5.992476814981698242e-06
5.992023311939498389e-06
5.991555244131601191e-06
5.991059629564232467e-06
5.990545718297259122e-06
5.990112716429936567e-06
5.989643660285402445e-06
5.989169110483550088e-06
5.988688243999641774e-06
5.988207236580037254e-06
5.987737429485980500e-06
5.987221857889636183e-06
5.986741194196112621e-06
5.986252429283422190e-06
5.985771458418340201e-06
5.985266211171375557e-06
5.984776962285171361e-06
5.984282805822361226e-06
5.983811511448754807e-06
5.983359564702163663e-06
5.982877545354892509e-06
5.982386298064820626e-06
5.981888588682327349e-06
5.981393950304818672e-06
5.980887533902769595e-06
5.980407384038889031e-06
5.979930239905857075e-06
5.979467878947069059e-06
5.978976299143724076e-06
5.978498173221080320e-06
5.978002893743485281e-06
5.977500189221391219e-06
5.977033831513297010e-06
5.976550252431825065e-06
5.976053575819761125e-06
5.975563084582803916e-06
5.975052070362007233e-06
5.974557692442150977e-06
5.974067037439061087e-06
5.973542317266153575e-06
5.973053329570597854e-06
5.972562548163848662e-06
5.972055359669658658e-06
5.971574230891755057e-06
5.971071738624241328e-06
5.970583950608523365e-06
5.970114217186714893e-06
5.969618801367377989e-06
5.969122933505429876e-06
5.968596066391502691e-06
5.968095007509333483e-06
5.967599484001192280e-06
5.967122494354487180e-06
5.966608542675786220e-06
5.966132281054380399e-06
5.965667366354761013e-06
5.965161097589219718e-06
5.964657987705787661e-06
5.964135143770540259e-06
5.963621957476251778e-06
5.963112914381092584e-06
5.962591205638627751e-06
5.962107229361154437e-06
5.961594996688710498e-06
5.961106649046592173e-06
5.960627601643866812e-06
5.960131744519419100e-06
5.959646189927529266e-06
5.959157389183530822e-06
5.958626711767630406e-06
5.958125890959719110e-06
5.957663432511130234e-06
5.957187528928960490e-06
5.956679593994719129e-06
5.956152212754323191e-06
5.955647094937435228e-06
5.955145582713114841e-06
5.954650472439820844e-06
5.954144038450400626e-06
5.953648115584271677e-06
5.953122452335633775e-06
5.952643862917518428e-06
5.952152290020381195e-06
5.951638750273399439e-06
5.951136010187869839e-06
5.950660488671952375e-06
5.950168143501900443e-06
5.949669493831568831e-06
5.949163220966613383e-06
5.948673199609820715e-06
5.948213546073368170e-06
5.947736209933959902e-06
5.947236066226852959e-06
5.946729368750469474e-06
5.946240967640414487e-06
5.945752741867748287e-06
5.945212661475231575e-06
5.944684430513480347e-06
5.944156617036250735e-06
5.943640167699237405e-06
5.943132174365902919e-06
5.942631362375465691e-06
5.942119847185705973e-06
5.941657823551134910e-06
5.941155063747675256e-06
5.940676301188845192e-06
5.940165542763788291e-06
5.939665477086643092e-06
5.939158675624433480e-06
5.938623586613965896e-06
5.938099960325181681e-06
5.937586116963370962e-06
5.937050662498750199e-06
5.936535364042674152e-06
5.936017476208304753e-06
5.935513379702606740e-06
5.934995878283022093e-06
5.934437698463150463e-06
5.933938837099977217e-06
5.933395903582269804e-06
5.932864222325407617e-06
5.932354178685111331e-06
5.931849815759274907e-06
5.931357132318201910e-06
5.930827834829847490e-06
5.930316541488043834e-06
5.929783714338712769e-06
5.929257236961768234e-06
5.928733224604242718e-06
5.928192975093276836e-06
5.927686384214593853e-06
5.927152922317251834e-06
5.926619315159390435e-06
5.926104123778957466e-06
5.925554692760939709e-06
5.925038029264160578e-06
5.924499331575008310e-06
5.923950653920438500e-06
5.923441500514548894e-06
5.922929953801793123e-06
5.922428472048269215e-06
5.921868560145350310e-06
5.921333942008833756e-06
5.920797237716830598e-06
5.920259010600253343e-06
5.919751511539200449e-06
5.919239098658361613e-06
5.918718083784381550e-06
5.918197170352783339e-06
5.917675278251341362e-06
5.917166751286133717e-06
5.916659094417388705e-06
5.916132331658764267e-06
5.915609176192096053e-06
5.915059219568303098e-06
5.914528673977863975e-06
5.914002331300543095e-06
5.913466351425665208e-06
5.912924554143690338e-06
5.912382570922870784e-06
5.911864697417632392e-06
5.911320176564257747e-06
5.910797802148042390e-06
5.910284080802555073e-06
5.909773266455670639e-06
5.909226643999859165e-06
5.908703241676629473e-06
5.908216770861415657e-06
5.907697203929607978e-06
5.907173582918774995e-06
5.906618341406615470e-06
5.906079616117474834e-06
5.905551002335184251e-06
5.905032292512128865e-06
5.904473288139572024e-06
5.903922188616826272e-06
5.903392176255090413e-06
5.902873634724405152e-06
5.902349791917544309e-06
5.901804984801202801e-06
5.901264039885302145e-06
5.900713941915511072e-06
5.900200841358753863e-06
5.899635873424954125e-06
5.899120069909454873e-06
5.898583030280840770e-06
5.898009529625748399e-06
5.897445511571253512e-06
5.896912208585392573e-06
5.896382647107390479e-06
5.895871669916195086e-06
5.895324827245104731e-06
5.894802856538322540e-06
5.894267638332628323e-06
5.893703496231396673e-06
5.893149042324596768e-06
5.892602926439262760e-06
5.892078194301433804e-06
5.891569585706996111e-06
5.891022882582582278e-06
5.890463250006806826e-06
5.889920490942838865e-06
5.889392789556623350e-06
5.888878436962949174e-06
5.888327231288706323e-06
5.887766576012981277e-06
5.887213134862348719e-06
5.886670243846145738e-06
5.886126927526356666e-06
5.885561013542322113e-06
5.885001117991695280e-06
5.884453305563451047e-06
5.883946756897844225e-06
5.883389761437750746e-06
5.882831013173415152e-06
5.882288301779494151e-06
5.881734550550634223e-06
5.881186240208248737e-06
5.880642428457187974e-06
5.880114742564987221e-06
5.879590716161852954e-06
5.879016272712873629e-06
5.878461966583015335e-06
5.877922094648441811e-06
5.877379279770938633e-06
5.876848568190176048e-06
5.876276664251811900e-06
5.875711648409126475e-06
5.875152248532698688e-06
5.874592701330827499e-06
5.874048523529298126e-06
5.873499868090595801e-06
5.872945664432211874e-06
5.872401452671011522e-06
5.871862793181656041e-06
5.871300061030174829e-06
5.870741950955446698e-06
5.870194138898113957e-06
5.869638209134475477e-06
5.869077817316483437e-06
5.868552893094285067e-06
5.868000693180261583e-06
5.867437837342584876e-06
5.866897133457419154e-06
5.866322988150462714e-06
5.865776987236447846e-06
5.865266507549280682e-06
5.864724491384224257e-06
5.864176427684542217e-06
5.863631563558779485e-06
5.863071732996726731e-06
5.862509133239775733e-06
5.861936354172354365e-06
5.861374803465723789e-06
5.860834306124750590e-06
5.860281822833609118e-06
5.859730996586559498e-06
5.859191686411400799e-06
5.858633499693819701e-06
5.858079413820963435e-06
5.857528630459685755e-06
5.856965381022309672e-06
5.856389860682694594e-06
5.855830024369912392e-06
5.855261303518211790e-06
5.854689458754140237e-06
5.854103977472719682e-06
5.853544260424062795e-06
5.852973251531581963e-06
5.852411663526417984e-06
5.851838862946352824e-06
5.851274328850223125e-06
5.850710352659011979e-06
5.850122441504738136e-06
5.849539342913156842e-06
5.848964443501435996e-06
5.848403222958935132e-06
5.847804779731945540e-06
5.847234766848875892e-06
5.846654375151183153e-06
5.846076666320577067e-06
5.845527661595754323e-06
5.844958310542980002e-06
5.844395301902798318e-06
5.843808902195798610e-06
5.843214008879214492e-06
5.842625691273042652e-06
5.842061092388894254e-06
5.841522175096834892e-06
5.840974394911840003e-06
5.840409244088365113e-06
5.839820426333036157e-06
5.839242285822240192e-06
5.838674243026303288e-06
5.838102524122914119e-06
5.837551974239210871e-06
5.837012512252188649e-06
5.836473379954365613e-06
5.835912389575581170e-06
5.835328001160902474e-06
5.834718942609271340e-06
5.834113140463719612e-06
5.833525476029007291e-06
5.832973307669050723e-06
5.832419562339980255e-06
5.831833953681487593e-06
5.831263884300403874e-06
5.830704065834763418e-06
5.830144624223224917e-06
5.829558814012567371e-06
5.828994015544735787e-06
5.828417607238726908e-06
5.827854158917919942e-06
5.827273119745928229e-06
5.826681820599913796e-06
5.826093534332608293e-06
5.825519967344090692e-06
5.824921713297351985e-06
5.824337728423035290e-06
5.823761429964185009e-06
5.823165445142223090e-06
5.822593182103860635e-06
5.821992811751639867e-06
5.821416902182252244e-06
5.820837009910407236e-06
5.820245624403245383e-06
5.819676105007192563e-06
5.819090243990171541e-06
5.818488964813654401e-06
5.817897928249111462e-06
5.817319083870786355e-06
5.816725543404219104e-06
5.816124374267973062e-06
5.815534297529834203e-06
5.814938059672813625e-06
5.814377081748739805e-06
5.813800409076171378e-06
5.813208645265740078e-06
5.812639366779494687e-06
5.812071863143192520e-06
5.811475728804008132e-06
5.810867205569598388e-06
5.810297768393450654e-06
5.809697822427575856e-06
5.809103708733753621e-06
5.808519696803950983e-06
5.807928952567737284e-06
5.807326625941244811e-06
5.806717701434784947e-06
5.806122943049353316e-06
5.805558327597135437e-06
5.804965149883528214e-06
5.804365620931306030e-06
5.803762308441017324e-06
5.803199647688573274e-06
5.802605391253754878e-06
5.802006218632174567e-06
5.801415622375613556e-06
5.800838094568208253e-06
5.800254673960695007e-06
5.799665058354280654e-06
5.799055168024050749e-06
5.798466787424045399e-06
5.797882188704732448e-06
5.797315101893767141e-06
5.796710876341934474e-06
5.796096834920156061e-06
5.795501137439592342e-06
5.794905486005721692e-06
5.794307211844046048e-06
5.793685061554338196e-06
5.793099317789172574e-06
5.792534466478449422e-06
5.791956146613280375e-06
5.791361662154140719e-06
5.790744009346403621e-06
5.790152131607296528e-06
5.789536583556593442e-06
5.788942206412165984e-06
5.788329045830821088e-06
5.787716518424867143e-06
5.787136163174004320e-06
5.786559969714191661e-06
5.785956786189848781e-06
5.785352509463910743e-06
5.784739063809835283e-06
5.784129857058150099e-06
5.783520942176844947e-06
5.782924484947616863e-06
5.782322136798597418e-06
5.781707772066512289e-06
5.781120158088186372e-06
5.780560959274270664e-06
5.779979270084525535e-06
5.779379657653972427e-06
5.778762179851966671e-06
5.778146830383280335e-06
5.777569486266899255e-06
5.776978774290744269e-06
5.776391068131688716e-06
5.775782884721019003e-06
5.775174736322071611e-06
5.774566191705978687e-06
5.773958816120670651e-06
5.773351090870141589e-06
5.772742163106157335e-06
5.772157488276959795e-06
5.771559188059031962e-06
5.770971394456269213e-06
5.770383702224939990e-06
5.769775230045973079e-06
5.769137764998313605e-06
5.768501282973829660e-06
5.767885434019726307e-06
5.767252308338612470e-06
5.766639453652694632e-06
5.766046568103434459e-06
5.765435773802016490e-06
5.764829143477122436e-06
5.764207063255675741e-06
5.763595969084684934e-06
5.762956700318850071e-06
5.762368836574735692e-06
5.761777007278327155e-06
5.761155505211613242e-06
5.760523889647789511e-06
5.759889486685721330e-06
5.759281163577327098e-06
5.758648619525620034e-06
5.758028899113532571e-06
5.757442592489850644e-06
5.756827188218429929e-06
5.756205151641326540e-06
5.755597198461617500e-06
5.755000063523502651e-06
5.754381111272554981e-06
5.753786392349910636e-06
5.753144825927938462e-06
5.752520506455558922e-06
5.751881894271494078e-06
5.751260560804391162e-06
5.750619903562582699e-06
5.749969272300610646e-06
5.749376736587091090e-06
5.748736867699428690e-06
5.748109528142104084e-06
5.747482527223978660e-06
5.746858263540060468e-06
5.746218313416176061e-06
5.745625965383564206e-06
5.745011447969862643e-06
5.744374088152149596e-06
5.743754773770274095e-06
5.743164051345499295e-06
5.742545736502859285e-06
5.741933398235183201e-06
5.741311685708634032e-06
5.740687175622414744e-06
5.740061967124785845e-06
5.739444637968832560e-06
5.738825082787986431e-06
5.738189361963072456e-06
5.737565000228229652e-06
5.736916602046053980e-06
5.736275794958992598e-06
5.735644892479379552e-06
5.734991073750162295e-06
5.734379890151260813e-06
5.733736356544014540e-06
5.733091415373797431e-06
5.732449891375127372e-06
5.731825695379138348e-06
5.731167813778259267e-06
5.730556442069426203e-06
5.729942537255965323e-06
5.729312403837928750e-06
5.728708284526351223e-06
5.728085494497025753e-06
5.727455838527737002e-06
5.726846914991769373e-06
5.726210168360297271e-06
5.725591460551063345e-06
5.724957449618168401e-06
5.724299942865176797e-06
5.723677645889464267e-06
5.723026825450270319e-06
5.722409895604160275e-06
5.721767668898171748e-06
5.721149535560944990e-06
5.720535999537555427e-06
5.719921090852713282e-06
5.719268321202781584e-06
5.718645500758694253e-06
5.718023357642291591e-06
5.717384188077890945e-06
5.716727965796988072e-06
5.716111967463396583e-06
5.715481418970378619e-06
5.714823111255831464e-06
5.714189456713904927e-06
5.713575459146532298e-06
5.712935618155028419e-06
5.712278764374570646e-06
5.711641732521395214e-06
5.711015906279005805e-06
5.710364500173697625e-06
5.709709143799469050e-06
5.709085061582548625e-06
5.708420737223173275e-06
5.707761336854945235e-06
5.707101255995918427e-06
5.706458809519782927e-06
5.705815137036163043e-06
5.705199191766719987e-06
5.704543609572949479e-06
5.703881133688861184e-06
5.703240041674969816e-06
5.702572730604255741e-06
5.701936244765890755e-06
5.701293477173695012e-06
5.700659892961620510e-06
5.699977711787458359e-06
5.699333154438400954e-06
5.698677731165803278e-06
5.698047880531407671e-06
5.697381451933113117e-06
5.696711905352094136e-06
5.696052625430008949e-06
5.695407953689030044e-06
5.694762183291318161e-06
5.694136769657263803e-06
5.693500076797199940e-06
5.692861225707200944e-06
5.692184985684646101e-06
5.691521243394520559e-06
5.690861458401105425e-06
5.690221721734677922e-06
5.689549953788910133e-06
5.688907231192156563e-06
5.688256171298514491e-06
5.687587431245012130e-06
5.686912902826197768e-06
5.686279770015089230e-06
5.685616348976359467e-06
5.684980635472420711e-06
5.684343354743873097e-06
5.683680072067246819e-06
5.683003154779477682e-06
5.682363916219220577e-06
5.681728202125419935e-06
5.681060686133253130e-06
5.680391238912631039e-06
5.679728029216222890e-06
5.679070173044047073e-06
5.678441314845376435e-06
5.677799730445584812e-06
5.677149832451226055e-06
5.676490125789711111e-06
5.675808366200602815e-06
5.675137979519076940e-06
5.674456010333160858e-06
5.673785598463411148e-06
5.673123515028542270e-06
5.672448477846196591e-06
5.671769694207009796e-06
5.671104090671142340e-06
5.670427760218534356e-06
5.669755200609971746e-06
5.669095010872228755e-06
5.668432196367797926e-06
5.667745200742221538e-06
5.667060829720132609e-06
5.666406068371383355e-06
5.665729464636433418e-06
5.665073017690441156e-06
5.664393099291922268e-06
5.663748169029052607e-06
5.663050748996198517e-06
5.662370970967958473e-06
5.661709466139672948e-06
5.661021951227074493e-06
5.660339275252776758e-06
5.659663798203043503e-06
5.658993571273377365e-06
5.658320032435134725e-06
5.657648661050987216e-06
5.656953885443516311e-06
5.656317860125741559e-06
5.655638680413709766e-06
5.654959202806619403e-06
5.654297046483270300e-06
5.653637142894608898e-06
5.652951739288985911e-06
5.652277698563916699e-06
5.651603617856854415e-06
5.650926988359058574e-06
5.650233626051195865e-06
5.649565060725585335e-06
5.648887267906213346e-06
5.648201194529553428e-06
5.647533470350187351e-06
5.646866348490589195e-06
5.646206561124999000e-06
5.645530232312888006e-06
5.644840977114096640e-06
5.644161976364249816e-06
5.643462745468575354e-06
5.642779566805554791e-06
5.642074119711735081e-06
5.641372963471826328e-06
5.640683906797061296e-06
5.639996478490501885e-06
5.639303346550259298e-06
5.638626130852427936e-06
5.637934092938420445e-06
5.637259441707280081e-06
5.636586421563281288e-06
5.635910621002408111e-06
5.635266958699837109e-06
5.634569869726867014e-06
5.633870924900704713e-06
5.633195503907830441e-06
5.632498028464239182e-06
5.631798640491363980e-06
5.631122075567969364e-06
5.630423384051193436e-06
5.629747085986220879e-06
5.629053228029943654e-06
5.628372451344750341e-06
5.627660339827057946e-06
5.626974909715086404e-06
5.626296952885931013e-06
5.625590802920676812e-06
5.624899124913643540e-06
5.624199955910663993e-06
5.623508881013449142e-06
5.622822447101355521e-06
5.622130037226684162e-06
5.621420434465871814e-06
5.620731633758708699e-06
5.620025712373746163e-06
5.619329102043004324e-06
5.618628513794102989e-06
5.617914444083269604e-06
5.617230503484626075e-06
5.616535068166721576e-06
5.615860372480946706e-06
5.615170241394369205e-06
5.614486970196111154e-06
5.613769876906636044e-06
5.613080326152565548e-06
5.612362219446434750e-06
5.611656604822354339e-06
5.610971111341098543e-06
5.610280202871635297e-06
5.609595246489853081e-06
5.608897976467914614e-06
5.608222050653851083e-06
5.607523061513900608e-06
5.606822405851752725e-06
5.606106752491294702e-06
5.605402260685735731e-06
5.604722867463529398e-06
5.604024313083999879e-06
5.603321026945584417e-06
5.602611608296400667e-06
5.601908782033739422e-06
5.601196813959222490e-06
5.600489806012040225e-06
5.599788196300589234e-06
5.599085117085527041e-06
5.598407747316963846e-06
5.597695422639199345e-06
5.596999458572138030e-06
5.596310925952560365e-06
5.595604344046325853e-06
5.594883994176688279e-06
5.594166939870484939e-06
5.593489679721632514e-06
5.592794511898892692e-06
5.592092062587021365e-06
5.591371849827078760e-06
5.590670792245364726e-06
5.589961943446934780e-06
5.589238187271047500e-06
5.588521107006595378e-06
5.587818269024643773e-06
5.587110487827638301e-06
5.586400597146612870e-06
5.585710204995410997e-06
5.584982787251546152e-06
5.584309144033696850e-06
5.583586709619345579e-06
5.582872839946206732e-06
5.582189393245046269e-06
5.581479430059401546e-06
5.580779942527554437e-06
5.580065960195533665e-06
5.579341411359839574e-06
5.578627486463374680e-06
5.577903114586868113e-06
5.577183828225425046e-06
5.576482266868113623e-06
5.575777316242299202e-06
5.575067774827043378e-06
5.574347702116952134e-06
5.573619944491408512e-06
5.572889625658870923e-06
5.572191479330735761e-06
5.571495236403224970e-06
5.570779915543741128e-06
5.570067087248427963e-06
5.569340347083155886e-06
5.568623992463254316e-06
5.567890046847116994e-06
5.567157861444589131e-06
5.566424980614816493e-06
5.565700095681621762e-06
5.564976385138856092e-06
5.564241067490189845e-06
5.563489466356719329e-06
5.562793153225355194e-06
5.562080220492588944e-06
5.561354645536855763e-06
5.560607941321266543e-06
5.559897102441846041e-06
5.559171762705545326e-06
5.558425459767582245e-06
5.557710949488441519e-06
5.556975335730368882e-06
5.556262155220283306e-06
5.555569732511521196e-06
5.554871213844568541e-06
5.554151587434068751e-06
5.553425740663102963e-06
5.552683279447258190e-06
5.551943545511891694e-06
5.551234771372702465e-06
5.550517525137935493e-06
5.549783781881813953e-06
5.549061081390619948e-06
5.548319964671272647e-06
5.547592243884556471e-06
5.546876037503704653e-06
5.546119902003866411e-06
5.545378684787427722e-06
5.544656434769338614e-06
5.543936296736727163e-06
5.543221683173117989e-06
5.542488630998972369e-06
5.541745000840307079e-06
5.541005849425492086e-06
5.540290753138035818e-06
5.539569062718195932e-06
5.538845846101589627e-06
5.538117699528654763e-06
5.537408359229871250e-06
5.536681171203793861e-06
5.535936377477053130e-06
5.535215398201938708e-06
5.534481299375745660e-06
5.533722481045967396e-06
5.532994057464220796e-06
5.532254249801863974e-06
5.531513784127550801e-06
5.530788453869465757e-06
5.530053222110401995e-06
5.529319656745375321e-06
5.528575149290361468e-06
5.527870975210085667e-06
5.527125552962224696e-06
5.526390841386971511e-06
5.525655135871143611e-06
5.524922411652654464e-06
5.524181187467720611e-06
5.523457660514065008e-06
5.522721076620840722e-06
5.521973984329851034e-06
5.521250009362126282e-06
5.520480258428193029e-06
5.519723406239507304e-06
5.518990300503878704e-06
5.518249945030510308e-06
5.517495647114860307e-06
5.516755588434797786e-06
5.516045905460481176e-06
5.515311627707247402e-06
5.514552109730938953e-06
5.513787393229434069e-06
5.513033376576095415e-06
5.512307956694906037e-06
5.511567962196441683e-06
5.510818054705768483e-06
5.510056593771996380e-06
5.509330049875467817e-06
5.508600854257896123e-06
5.507866268708979555e-06
5.507110218716321127e-06
5.506364624083065047e-06
5.505614189450824789e-06
5.504857442527154349e-06
5.504095818513125178e-06
5.503366241741902125e-06
5.502610557313806774e-06
5.501848762476982945e-06
5.501072832098980314e-06
5.500337853667669140e-06
5.499587654243589034e-06
5.498818177503437373e-06
5.498038210988384147e-06
5.497312709320297161e-06
5.496585607760814324e-06
5.495825448757950443e-06
5.495059652738454210e-06
5.494298633289619704e-06
5.493532519430776304e-06
5.492755488196795879e-06
5.492009867124480388e-06
5.491248212057676187e-06
5.490476109381367943e-06
5.489727996684014310e-06
5.488959755626300505e-06
5.488180695047247696e-06
5.487414831613822207e-06
5.486647269559685025e-06
5.485896666900244237e-06
5.485157078499663000e-06
5.484396432531682723e-06
5.483639199411420737e-06
5.482876064830874148e-06
5.482098361373849722e-06
5.481319845487703178e-06
5.480562363935782139e-06
5.479807520013378669e-06
5.479031952573417847e-06
5.478270113821905747e-06
5.477511875586854552e-06
5.476754894098773234e-06
5.475981807700926891e-06
5.475217888116258862e-06
5.474471040043557649e-06
5.473717387736868126e-06
5.472975080278826487e-06
5.472221922244039932e-06
5.471458902414267126e-06
5.470687441110695833e-06
5.469917678787164548e-06
5.469146592612531346e-06
5.468390262420552345e-06
5.467637043785378878e-06
5.466862881825959238e-06
5.466091656749598189e-06
5.465297656236531380e-06
5.464523104237866229e-06
5.463763228346705104e-06
5.462981262740706640e-06
5.462204940773819345e-06
5.461442035381874683e-06
5.460651673137384090e-06
5.459867757926254936e-06
5.459103720992614096e-06
5.458341686706163454e-06
5.457588219678862808e-06
5.456805122297620006e-06
5.456015290989454049e-06
5.455232195635061987e-06
5.454460234510140411e-06
5.453687082101903486e-06
5.452912520043592992e-06
5.452133531360385886e-06
5.451365139795398539e-06
5.450593038968320767e-06
5.449815905703612793e-06
5.449041026549251107e-06
5.448232462642299162e-06
5.447453658008400204e-06
5.446670282177750994e-06
5.445900920592342611e-06
5.445129822570350209e-06
5.444385430437953093e-06
5.443599979327213794e-06
5.442810886463394470e-06
5.442029100583109178e-06
5.441268724330392344e-06
5.440502635364375967e-06
5.439713792295053592e-06
5.438951801030679431e-06
5.438149738120990481e-06
5.437365873667430624e-06
5.436577892550347400e-06
5.435789557437914161e-06
5.435002214558291526e-06
5.434236214000104892e-06
5.433447796169003922e-06
5.432666109886654900e-06
5.431867955938110529e-06
5.431072569859082304e-06
5.430248404573362476e-06
5.429474696592336884e-06
5.428679325389584833e-06
5.427869855077599833e-06
5.427093001876630410e-06
5.426299603605839866e-06
5.425508397994546962e-06
5.424706689562168079e-06
5.423927809417778927e-06
5.423106467002536509e-06
5.422314700063112546e-06
5.421504403151953984e-06
5.420706122792585259e-06
5.419910637237812043e-06
5.419113280440774159e-06
5.418309842961912836e-06
5.417522710409040487e-06
5.416740190998432091e-06
5.415956045998794159e-06
5.415144372509561958e-06
5.414334599019796666e-06
5.413537718864129197e-06
5.412695316355141669e-06
5.411894478770103186e-06
5.411113698064199260e-06
5.410300373726632379e-06
5.409513313127731673e-06
5.408712736463272834e-06
5.407912701435216269e-06
5.407137439150244419e-06
5.406302782487413619e-06
5.405478156758497803e-06
5.404687222949644768e-06
5.403876752644338383e-06
5.403091517129287325e-06
5.402283172184091047e-06
5.401493534383577518e-06
5.400664700249121790e-06
5.399923256045815418e-06
5.399132218720406907e-06
5.398330060198639217e-06
5.397501698431963520e-06
5.396706602856916502e-06
5.395905605346268108e-06
5.395095882005976149e-06
5.394284738579435414e-06
5.393471569007526524e-06
5.392671315221365575e-06
5.391848743054588822e-06
5.391037772653996616e-06
5.390232306620384460e-06
5.389413245501447841e-06
5.388595743400031506e-06
5.387810314028735000e-06
5.386991222232249629e-06
5.386177084065418555e-06
5.385344027163287270e-06
5.384541785502610851e-06
5.383731144163618934e-06
5.382892801743881478e-06
5.382096851114647826e-06
5.381273709403191778e-06
5.380455478465339625e-06
5.379631070253167528e-06
5.378815986908568445e-06
5.377993195330162425e-06
5.377151046861569337e-06
5.376338885713028958e-06
5.375529798445696371e-06
5.374720726864583875e-06
5.373912272387097405e-06
5.373092455340406142e-06
5.372283166058032270e-06
5.371458913820765270e-06
5.370634591635405677e-06
5.369805480079440892e-06
5.368969887823152018e-06
5.368167999717765740e-06
5.367331340051875709e-06
5.366506854222964350e-06
5.365670911811760139e-06
5.364847377436739599e-06
5.364024863742162536e-06
5.363166717255274584e-06
5.362354539496062356e-06
5.361524097646373272e-06
5.360698647585502255e-06
5.359873364454667452e-06
5.359037233629232531e-06
5.358213163107932539e-06
5.357381759181615036e-06
5.356543184050787496e-06
5.355701197792973851e-06
5.354898572495089568e-06
5.354088935340399145e-06
5.353238958344869381e-06
5.352430495375117826e-06
5.351603167578771562e-06
5.350772018900913994e-06
5.349937970352966784e-06
5.349110710208150989e-06
5.348272464730610133e-06
5.347446977978692660e-06
5.346624348065557383e-06
5.345781606312211372e-06
5.344951841874084395e-06
5.344121406384695409e-06
5.343286326384472382e-06
5.342448147532240921e-06
5.341597416111361722e-06
5.340752114024772651e-06
5.339889813786058119e-06
5.339042528217582589e-06
5.338208910126175203e-06
5.337382532190803151e-06
5.336552074372120497e-06
5.335711260055749363e-06
5.334873726597171074e-06
5.334028873057676281e-06
5.333171426381064382e-06
5.332322178386766624e-06
5.331475922383807797e-06
5.330686237283430352e-06
5.329862431727286397e-06
5.329010064002183028e-06
5.328156258116834231e-06
5.327324711395083454e-06
5.326500587218668612e-06
5.325659743682885452e-06
5.324835137119295395e-06
5.324003383463898205e-06
5.323173743875337677e-06
5.322319366946018070e-06
5.321474923811592648e-06
5.320628209431300369e-06
5.319762200175970643e-06
5.318904666627671532e-06
5.318066954025103664e-06
5.317226727506985390e-06
5.316367629816088115e-06
5.315510757477132100e-06
5.314676159740822359e-06
5.313821078955426343e-06
5.312965752441965762e-06
5.312097992644544483e-06
5.311238001326249311e-06
5.310371882905808010e-06
5.309547302738171010e-06
5.308692118476875406e-06
5.307824251932481856e-06
5.306957901121288168e-06
5.306094937396018883e-06
5.305238069141095752e-06
5.304373839822484298e-06
5.303528808353962808e-06
5.302656698755143753e-06
5.301805812613821180e-06
5.300942905755528436e-06
5.300069113316960110e-06
5.299194236002127608e-06
5.298346289465339829e-06
5.297480087141599316e-06
5.296616181932678534e-06
5.295738884258074832e-06
5.294875904362774637e-06
5.294030349230494103e-06
5.293168273024070974e-06
5.292298648613945039e-06
5.291446267758948379e-06
5.290567917898945254e-06
5.289708038138258733e-06
5.288834643019996402e-06
5.287967557125352374e-06
5.287102055824853494e-06
5.286230614137441874e-06
5.285352051774848017e-06
5.284467246275289897e-06
5.283603280545724426e-06
5.282723175857874276e-06
5.281857278185003452e-06
5.280982057343217275e-06
5.280119912846887132e-06
5.279281956213198812e-06
5.278390840750709163e-06
5.277505872769352397e-06
5.276625543187884216e-06
5.275760102173976187e-06
5.274916427910537202e-06
5.274047452553806661e-06
5.273178098058130743e-06
5.272313673288802927e-06
5.271449559561799618e-06
5.270597343573712551e-06
5.269714460681265280e-06
5.268846075012230114e-06
5.267973017449691546e-06
5.267090418837540789e-06
5.266205852123079101e-06
5.265348225930376048e-06
5.264479250056750428e-06
5.263613490655373435e-06
5.262745905190672623e-06
5.261878719648451959e-06
5.261005995267757221e-06
5.260131313774589843e-06
5.259228115188903596e-06
5.258357738064843897e-06
5.257487830970576263e-06
5.256600358250257176e-06
5.255720376510326911e-06
5.254846747179919459e-06
5.253960367141177442e-06
5.253096581056153977e-06
5.252229836310216184e-06
5.251342138642228200e-06
5.250478397369468411e-06
5.249588513688560539e-06
5.248714524602680876e-06
5.247838414207611776e-06
5.246937480884130571e-06
5.246074273494113077e-06
5.245167321947818565e-06
5.244278531770501897e-06
5.243366033269527137e-06
5.242493848906040562e-06
5.241597006218562740e-06
5.240689111001083841e-06
5.239809064716276530e-06
5.238924092907030492e-06
5.238029581057650037e-06
5.237138368998768377e-06
5.236238088797958440e-06
5.235371557517994467e-06
5.234483747216922641e-06
5.233600102536608831e-06
5.232703351814549105e-06
5.231796587580636047e-06
5.230894323856307133e-06
5.229978949580961777e-06
5.229105194560900599e-06
5.228208142506531075e-06
5.227324207269686132e-06
5.226424071684200413e-06
5.225543105193225334e-06
5.224642793840695907e-06
5.223764135552502535e-06
5.222878770035968690e-06
5.222003400354666870e-06
5.221096895154042404e-06
5.220212307833652660e-06
5.219309211304537784e-06
5.218433363296035355e-06
5.217542661693353302e-06
5.216629301565049372e-06
5.215714847439905776e-06
5.214825566751782630e-06
5.213932113441952236e-06
5.213032017463563654e-06
5.212111588294407199e-06
5.211196092837857022e-06
5.210284530102346469e-06
5.209399510088392722e-06
5.208505620146528902e-06
5.207582455330621001e-06
5.206713418531848413e-06
5.205809639274184685e-06
5.204896703138597809e-06
5.204006187605335652e-06
5.203093463005991807e-06
5.202189623870545821e-06
5.201283330071192227e-06
5.200379312917506647e-06
5.199498682875055367e-06
5.198569753844676025e-06
5.197672697261380574e-06
5.196764965047824135e-06
5.195847519183676959e-06
5.194945974008825370e-06
5.194059131319300969e-06
5.193131778856381821e-06
5.192246349895221837e-06
5.191370202924893992e-06
5.190460743394055933e-06
5.189557516747630123e-06
5.188628499694629600e-06
5.187708786740897820e-06
5.186818419145201825e-06
5.185896919920517419e-06
5.184985873489686913e-06
5.184078725175081562e-06
5.183170006085602446e-06
5.182255520084056935e-06
5.181335894972927270e-06
5.180417400366434924e-06
5.179501178234728880e-06
5.178582214174404850e-06
5.177696138280188085e-06
5.176773987052838666e-06
5.175833172631807921e-06
5.174923422150245690e-06
5.173991919528648453e-06
5.173055767292896183e-06
5.172149679324847619e-06
5.171205103508175000e-06
5.170286090181485717e-06
5.169387322495462151e-06
5.168463450814834599e-06
5.167549561834359398e-06
5.166620745015283843e-06
5.165703265780606750e-06
5.164784764150472312e-06
5.163871119526735663e-06
5.162919021483100596e-06
5.161988199102511263e-06
5.161067175296462862e-06
5.160148613283950006e-06
5.159214549991511176e-06
5.158291935083854025e-06
5.157347988391762646e-06
5.156412103186827357e-06
5.155461866082114307e-06
5.154524314386422625e-06
5.153601901818357598e-06
5.152676874855092032e-06
5.151742245309699793e-06
5.150810940287701695e-06
5.149907936269727067e-06
5.148962236120054190e-06
5.148025598790229635e-06
5.147094211244381383e-06
5.146146071570937154e-06
5.145203862761434467e-06
5.144272282559765177e-06
5.143320611127485096e-06
5.142393386447638734e-06
5.141456904725171351e-06
5.140526806159996260e-06
5.139574164931008403e-06
5.138635977845157384e-06
5.137686132445630857e-06
5.136743393091480039e-06
5.135804737236471854e-06
5.134844477374784797e-06
5.133917567556972415e-06
5.132956144250624312e-06
5.132011682179448140e-06
5.131074026634314493e-06
5.130133382654669634e-06
5.129214494021939224e-06
5.128265109977304975e-06
5.127333353257977637e-06
5.126366272671582143e-06
5.125398279287235954e-06
5.124450148759957774e-06
5.123517986481719465e-06
5.122591830792904254e-06
5.121634483674655872e-06
5.120680734282305646e-06
5.119752858212252454e-06
5.118794252933272678e-06
5.117855565993166687e-06
5.116892052523340631e-06
5.115951440217081677e-06
5.115013132383494101e-06
5.114048003694890834e-06
5.113124715440721605e-06
5.112157763883168369e-06
5.111205989337360407e-06
5.110255648852534490e-06
5.109292732895432242e-06
5.108335389554024998e-06
5.107380429131891982e-06
5.106422255371943055e-06
5.105460225634685705e-06
5.104492728464432280e-06
5.103536373984803753e-06
5.102562676456563244e-06
5.101595321285175522e-06
5.100646813938301816e-06
5.099678096873308562e-06
5.098722660397412215e-06
5.097757507963266876e-06
5.096801964855243220e-06
5.095848473718745102e-06
5.094897803803772320e-06
5.093951129288172383e-06
5.092984405265434985e-06
5.092025397221248634e-06
5.091049936593007690e-06
5.090112122366861310e-06
5.089175485978965344e-06
5.088224160436575412e-06
5.087262147372805875e-06
5.086297637970144648e-06
5.085337259898236079e-06
5.084379285060585836e-06
5.083411318767671974e-06
5.082441804122384674e-06
5.081466147339761524e-06
5.080477750077837953e-06
5.079511325060539697e-06
5.078538606952843692e-06
5.077575894385029312e-06
5.076581393151559153e-06
5.075617580782299281e-06
5.074644489607807552e-06
5.073667498169043066e-06
5.072692900457588183e-06
5.071724053599651873e-06
5.070737326960810314e-06
5.069772223003039867e-06
5.068799642165014556e-06
5.067817065965822926e-06
5.066845192898518106e-06
5.065857065585710222e-06
5.064869199556228076e-06
5.063882908759590520e-06
5.062927415799007318e-06
5.061954265213469661e-06
5.060972943831279104e-06
5.059987965647885454e-06
5.058990999130266293e-06
5.058012747644286584e-06
5.057032290851566330e-06
5.056051639038203069e-06
5.055060755573298305e-06
5.054090640902191264e-06
5.053109213523668187e-06
5.052118500451587215e-06
5.051129150812477266e-06
5.050152513997554465e-06
5.049170087607806590e-06
5.048183444481149320e-06
5.047208189966724305e-06
5.046225166411626762e-06
5.045239900144631610e-06
5.044243941943011063e-06
5.043270789448559299e-06
5.042278303442866679e-06
5.041279165737187210e-06
5.040300978968057646e-06
5.039313077326815886e-06
5.038307802804144105e-06
5.037323703465229608e-06
5.036320188074244479e-06
5.035336072276433730e-06
5.034337588632554675e-06
5.033330862579239335e-06
5.032357718061176557e-06
5.031353329124237092e-06
5.030357296202550392e-06
5.029374204324597100e-06
5.028393913524956554e-06
5.027420525067489204e-06
5.026421712153333130e-06
5.025443804279964151e-06
5.024434811025690385e-06
5.023425501062355299e-06
5.022412527255680065e-06
5.021435178541852299e-06
5.020435342295354373e-06
5.019431169441851825e-06
5.018439942870235230e-06
5.017434607199389319e-06
5.016422716368337970e-06
5.015410435090679250e-06
5.014391497084573462e-06
5.013388975417209111e-06
5.012389736480125063e-06
5.011377310359219111e-06
5.010373145565507801e-06
5.009372514970949510e-06
5.008380855255858044e-06
5.007368275859907763e-06
5.006354881862406764e-06
5.005321591093992954e-06
5.004317439710456443e-06
5.003330196534226088e-06
5.002308780021263524e-06
5.001293637554497814e-06
5.000287071216022637e-06
4.999275730374648163e-06
4.998266059229536486e-06
4.997253569480475224e-06
4.996233851860058400e-06
4.995224614510005076e-06
4.994211741583928103e-06
4.993193886726116407e-06
4.992168505069964740e-06
4.991161651399979626e-06
4.990153175956900919e-06
4.989141038294345868e-06
4.988123230329675736e-06
4.987110901153966575e-06
4.986110697613937684e-06
4.985078064505215316e-06
4.984065773999342700e-06
4.983047125858637440e-06
4.982051479310134316e-06
4.981017541425298033e-06
4.979984877142654594e-06
4.978957920819217155e-06
4.977923884794911671e-06
4.976916007623926045e-06
4.975904526062149118e-06
4.974892446863340369e-06
4.973862862804277368e-06
4.972830643316859293e-06
4.971792309790917370e-06
4.970759962744286306e-06
4.969753748564941098e-06
4.968730879316428913e-06
4.967694981846493598e-06
4.966655388225654426e-06
4.965618540524531362e-06
4.964594721296637384e-06
4.963546827436201352e-06
4.962544805118709265e-06
4.961520955377009863e-06
4.960476503571445040e-06
4.959446688058382023e-06
4.958417871515132364e-06
4.957375411457418141e-06
4.956366401786158468e-06
4.955336103811510933e-06
4.954313797927475786e-06
4.953265895563521836e-06
4.952227828429011531e-06
4.951211625884434801e-06
4.950178516103424467e-06
4.949126865048812937e-06
4.948114908481879140e-06
4.947069854886938099e-06
4.946039580420153497e-06
4.944996212701130999e-06
4.943954571101864256e-06
4.942907945560194615e-06
4.941883591064969487e-06
4.940835334326433626e-06
4.939771279583296761e-06
4.938726142234271527e-06
4.937687267821427820e-06
4.936633579198395690e-06
4.935586544935479403e-06
4.934543016662038532e-06
4.933497868249496692e-06
4.932450332514252793e-06
4.931412408743343440e-06
4.930363810705495497e-06
4.929304137970518115e-06
4.928244029127022795e-06
4.927191074227477093e-06
4.926136083883679685e-06
4.925074477325730044e-06
4.924011017538924118e-06
4.922946821964276948e-06
4.921885800841690281e-06
4.920825963698044741e-06
4.919790428163669107e-06
4.918729222281172094e-06
4.917686848757676145e-06
4.916630514113511745e-06
4.915568225573603336e-06
4.914528615316273057e-06
4.913480018369810126e-06
4.912419386860218273e-06
4.911364635009597557e-06
4.910309385965849515e-06
4.909241735094039112e-06
4.908178034324586853e-06
4.907128753995827418e-06
4.906067015961837055e-06
4.904993118661721056e-06
4.903942116848779169e-06
4.902867608463267221e-06
4.901826489195439376e-06
4.900773755870574036e-06
4.899709407720635089e-06
4.898643231767608154e-06
4.897580283202772137e-06
4.896519256031462207e-06
4.895455730000289790e-06
4.894382783389054945e-06
4.893322005120977805e-06
4.892251369474806681e-06
4.891168774694524118e-06
4.890109008665822583e-06
4.889029593311164539e-06
4.887959318024124832e-06
4.886911972582216967e-06
4.885828063172494584e-06
4.884734891472979433e-06
4.883662965369236643e-06
4.882594676747749903e-06
4.881525290033430509e-06
4.880451262363701259e-06
4.879378335162162873e-06
4.878298713017263634e-06
4.877232313923103578e-06
4.876158164731283638e-06
4.875091360155534014e-06
4.874026044171208519e-06
4.872951825620940185e-06
4.871867231650321539e-06
4.870811496682492779e-06
4.869719708113148420e-06
4.868636120010444776e-06
4.867571302145576239e-06
4.866494066926681343e-06
4.865421590057186375e-06
4.864369483160875179e-06
4.863270814925069133e-06
4.862187546395225722e-06
4.861106254678866368e-06
4.860021797295275082e-06
4.858938039631121495e-06
4.857849012592205430e-06
4.856762343280453572e-06
4.855680765625657865e-06
4.854592538972612256e-06
4.853503553352875476e-06
4.852434212190670849e-06
4.851341557941390207e-06
4.850247938887224444e-06
4.849157616168049299e-06
4.848062102545180227e-06
4.846960275230359429e-06
4.845882898588833651e-06
4.844788730305910356e-06
4.843687641873750328e-06
4.842591549901730697e-06
4.841521539904107333e-06
4.840421045982540710e-06
4.839331131068093763e-06
4.838237787044890699e-06
4.837152605397011072e-06
4.836054622825605648e-06
4.834954525745511366e-06
4.833863676319192033e-06
4.832766293274456610e-06
4.831672639537196134e-06
4.830577786105878758e-06
4.829499979061930090e-06
4.828391092865874021e-06
4.827282760161057880e-06
4.826199285094447037e-06
4.825090743187844549e-06
4.823998649770505605e-06
4.822893412462786879e-06
4.821782156415025187e-06
4.820675767051880069e-06
4.819559564081107480e-06
4.818442742655356737e-06
4.817343372975039762e-06
4.816254324398262040e-06
4.815153414035064482e-06
4.814042793592555133e-06
4.812922631949990380e-06
4.811814268942228349e-06
4.810696161309849206e-06
4.809591581486470855e-06
4.808463989391210978e-06
4.807362190846496966e-06
4.806246309776525070e-06
4.805141182936146371e-06
4.804029140101630734e-06
4.802907445914443226e-06
4.801788337246160336e-06
4.800657256840505288e-06
4.799550806918998798e-06
4.798428463998065801e-06
4.797306668860782672e-06
4.796199089163988442e-06
4.795084782946663619e-06
4.793959570438871331e-06
4.792823438144686551e-06
4.791697899885315774e-06
4.790572782234404591e-06
4.789426866835817477e-06
4.788318030630531259e-06
4.787189725770311650e-06
4.786064299005357477e-06
4.784943213037793418e-06
4.783816918049611998e-06
4.782690054928781465e-06
4.781577615080674697e-06
4.780454642633447461e-06
4.779341230488489812e-06
4.778201509836443890e-06
4.777063158442798275e-06
4.775952698387621580e-06
4.774822039038831817e-06
4.773698326797155193e-06
4.772565593995630340e-06
4.771455856034467393e-06
4.770321780687966626e-06
4.769195775314119240e-06
4.768051183135493699e-06
4.766908385128502811e-06
4.765756553964357615e-06
4.764620328068029587e-06
4.763475851255864903e-06
4.762338051852100094e-06
4.761204958214112806e-06
4.760058403966735166e-06
4.758911957388922318e-06
4.757758942071594542e-06
4.756602606863931936e-06
4.755461908392455703e-06
4.754349273278566970e-06
4.753205593784901319e-06
4.752068711611157456e-06
4.750933958522911823e-06
4.749789314538709378e-06
4.748646865872485240e-06
4.747512007253276305e-06
4.746347462287074069e-06
4.745199554741788022e-06
4.744064438926798877e-06
4.742912528629269739e-06
4.741799022692415674e-06
4.740664301043772312e-06
4.739509190176645955e-06
4.738370267667595853e-06
4.737238106523136117e-06
4.736089843624774850e-06
4.734942607563448275e-06
4.733778935036716154e-06
4.732624077233802483e-06
4.731465170506094567e-06
4.730309591119570568e-06
4.729154639630135614e-06
4.727973419858193154e-06
4.726809186481892579e-06
4.725638869279800800e-06
4.724477977544875421e-06
4.723330883639828846e-06
4.722169499144011563e-06
4.721001985424072223e-06
4.719840905878019686e-06
4.718696558332148547e-06
4.717525109726842007e-06
4.716361426643946534e-06
4.715200528631928493e-06
4.714027971207928825e-06
4.712884039724564298e-06
4.711708125972041316e-06
4.710571743727119277e-06
4.709416808787050470e-06
4.708263225920210023e-06
4.707111335248020922e-06
4.705935017726520899e-06
4.704768854374248941e-06
4.703599550792870710e-06
4.702425291097448195e-06
4.701263748057603735e-06
4.700102705627668433e-06
4.698934294892568713e-06
4.697777303409944975e-06
4.696598827788838543e-06
4.695418225968479168e-06
4.694263088474387612e-06
4.693087787799821731e-06
4.691922876732940467e-06
4.690765787230856850e-06
4.689586856934831013e-06
4.688404817768785610e-06
4.687222679494172141e-06
4.686032126409097825e-06
4.684857997932511936e-06
4.683678292401333707e-06
4.682482333043769399e-06
4.681317901720496392e-06
4.680136198808701005e-06
4.678954959295658751e-06
4.677771922808881659e-06
4.676602085655345243e-06
4.675419393924908834e-06
4.674242533557145333e-06
4.673049817492803514e-06
4.671887264224491335e-06
4.670702764001580870e-06
4.669520273663946873e-06
4.668338827750354485e-06
4.667156008581968018e-06
4.665992318809812803e-06
4.664805683927105695e-06
4.663600481435751086e-06
4.662421046375064427e-06
4.661231166667894926e-06
4.660036399666931578e-06
4.658861386653220679e-06
4.657674189957495115e-06
4.656476818482670490e-06
4.655281646191926491e-06
4.654075806258243989e-06
4.652879804939655962e-06
4.651711510668958147e-06
4.650518042989339353e-06
4.649321826820177640e-06
4.648137728289491377e-06
4.646952096174115686e-06
4.645743832082117322e-06
4.644537766269992758e-06
4.643346205182520224e-06
4.642144376592594442e-06
4.640944813339625206e-06
4.639744297196498817e-06
4.638531423678322505e-06
4.637324566315497766e-06
4.636115392199767108e-06
4.634915945027695445e-06
4.633716597424627100e-06
4.632512106327836252e-06
4.631307841964004797e-06
4.630099620969456988e-06
4.628886939177688884e-06
4.627666194749977950e-06
4.626449909316022030e-06
4.625240071055248124e-06
4.624027594384503031e-06
4.622799887485340703e-06
4.621594824259025008e-06
4.620387193433710804e-06
4.619181864863110512e-06
4.617960927574414455e-06
4.616741067952707282e-06
4.615520178763999403e-06
4.614300748593191340e-06
4.613112506853685734e-06
4.611892163948002978e-06
4.610663643158567216e-06
4.609444808621662241e-06
4.608216130946872771e-06
4.607009023126523337e-06
4.605781391632476917e-06
4.604552817887378161e-06
4.603326092281685709e-06
4.602096276030920084e-06
4.600885418648704956e-06
4.599652375956424622e-06
4.598444993710360729e-06
4.597235566743574920e-06
4.596019768880202171e-06
4.594808043520581463e-06
4.593573935708590863e-06
4.592363060904409800e-06
4.591123064470217414e-06
4.589890580803513255e-06
4.588667528073573017e-06
4.587438199719931081e-06
4.586197134789358691e-06
4.584975558618443106e-06
4.583744241423023204e-06
4.582518530786908692e-06
4.581288794145297791e-06
4.580056603616501718e-06
4.578814028410521040e-06
4.577566291756534067e-06
4.576326540601193334e-06
4.575090685469260936e-06
4.573870785445539922e-06
4.572651225239577191e-06
4.571405232836002354e-06
4.570166298363822063e-06
4.568920493319102836e-06
4.567673065218336644e-06
4.566419047597783524e-06
4.565177401599035685e-06
4.563926356577894093e-06
4.562686566228881993e-06
4.561451057606049627e-06
4.560210345366360090e-06
4.558965658405293868e-06
4.557727612730537332e-06
4.556482152195156357e-06
4.555224116187655753e-06
4.553992668061355699e-06
4.552747568000945520e-06
4.551499798701675179e-06
4.550244479578866719e-06
4.548993536488612055e-06
4.547737852805408240e-06
4.546480322863183313e-06
4.545229321066451504e-06
4.543983082351143721e-06
4.542719437718549728e-06
4.541449783800582619e-06
4.540204685650739109e-06
4.538952057074435687e-06
4.537720120243747193e-06
4.536456505214410912e-06
4.535191729707063472e-06
4.533911393878593444e-06
4.532652522885583285e-06
4.531392382213641229e-06
4.530140489633107854e-06
4.528879086201808676e-06
4.527603901143072474e-06
4.526338228911497603e-06
4.525063292726762236e-06
4.523807051349008971e-06
4.522560483540727647e-06
4.521289670585718442e-06
4.520020302928823383e-06
4.518742071946539279e-06
4.517478129214944052e-06
4.516219638281034032e-06
4.514955558011412827e-06
4.513687831050169855e-06
4.512401870191159660e-06
4.511135727235473040e-06
4.509876387868926854e-06
4.508603517467676819e-06
4.507328491790561407e-06
4.506045592757112708e-06
4.504768498762197854e-06
4.503488347816319037e-06
4.502207740731327804e-06
4.500943288667378825e-06
4.499657943307761688e-06
4.498396396225559841e-06
4.497123015373685370e-06
4.495868373438601241e-06
4.494596466052342207e-06
4.493315206945131358e-06
4.492015577830332431e-06
4.490728981613799078e-06
4.489459109764768861e-06
4.488181807572583515e-06
4.486891048179371835e-06
4.485609074807254982e-06
4.484307262383816753e-06
4.483009682803855731e-06
4.481722575228652365e-06
4.480444073066183358e-06
4.479160608634085129e-06
4.477866708591780287e-06
4.476564197377971601e-06
4.475269929007346983e-06
4.473992378837211547e-06
4.472684395007147906e-06
4.471395697042438930e-06
4.470101577725683502e-06
4.468798681893286955e-06
4.467510774762801782e-06
4.466207112825537025e-06
4.464893056851475240e-06
4.463603389641445595e-06
4.462288116925078687e-06
4.460990486518463515e-06
4.459697421501398307e-06
4.458399302486150923e-06
4.457093778230343989e-06
4.455796098847575687e-06
4.454489078465414810e-06
4.453181498858362434e-06
4.451877095224837400e-06
4.450581412710413435e-06
4.449278588960021797e-06
4.447974989216000420e-06
4.446692158593105025e-06
4.445400910182920101e-06
4.444090519925759110e-06
4.442782117618347054e-06
4.441455084933183685e-06
4.440151000599093261e-06
4.438825884806853141e-06
4.437504697396385018e-06
4.436178664787800444e-06
4.434859244126044914e-06
4.433543820762174772e-06
4.432225605819595137e-06
4.430924390328654677e-06
4.429630497691235527e-06
4.428334976504828513e-06
4.427040090267147922e-06
4.425724465065258758e-06
4.424418155421419478e-06
4.423084537809239368e-06
4.421760067862201450e-06
4.420432975179018650e-06
4.419124918805931243e-06
4.417794872744748114e-06
4.416461906316581603e-06
4.415136607153772692e-06
4.413812191667798085e-06
4.412482482565418507e-06
4.411149909817977696e-06
4.409815792366371620e-06
4.408480522638632012e-06
4.407148355671328544e-06
4.405817569496469639e-06
4.404488429771624344e-06
4.403160743287063745e-06
4.401846352717084059e-06
4.400510999899894824e-06
4.399162310419014522e-06
4.397827120930234210e-06
4.396495229787955489e-06
4.395165390514063338e-06
4.393813414888285071e-06
4.392481821064975789e-06
4.391148984036636719e-06
4.389802034480758385e-06
4.388465935237084720e-06
4.387119764462396990e-06
4.385794559755180550e-06
4.384459691221071905e-06
4.383118011498609142e-06
4.381768408896187841e-06
4.380423473319307219e-06
4.379081171079384478e-06
4.377739991592327961e-06
4.376392355696353880e-06
4.375037141115711038e-06
4.373690349177395572e-06
4.372351536048867250e-06
4.371005348167251395e-06
4.369657913335271701e-06
4.368322332905454793e-06
4.366967551810884543e-06
4.365607621067598080e-06
4.364241763670141609e-06
4.362892339227189094e-06
4.361537792581419041e-06
4.360174705064661887e-06
4.358844379183981310e-06
4.357474026830799357e-06
4.356116846685602033e-06
4.354752711599734361e-06
4.353392434117937462e-06
4.352028450812872614e-06
4.350700780741979248e-06
4.349338276153165951e-06
4.347964544803739238e-06
4.346612387603120664e-06
4.345235661738834653e-06
4.343877681212151964e-06
4.342503255830565763e-06
4.341129672822284223e-06
4.339770303739585861e-06
4.338392121928976129e-06
4.337004011908418678e-06
4.335643710063123432e-06
4.334272748791979176e-06
4.332914942980062694e-06
4.331535276283221993e-06
4.330168569000821065e-06
4.328783764593089859e-06
4.327407137069420504e-06
4.326042853350930915e-06
4.324669004256965311e-06
4.323287680908169202e-06
4.321899849419597096e-06
4.320516603779472492e-06
4.319136826146493755e-06
4.317778855674318308e-06
4.316390235727719171e-06
4.315012633000646034e-06
4.313617115320763773e-06
4.312235347836431889e-06
4.310854487440272753e-06
4.309471688167822417e-06
4.308085399342290638e-06
4.306693082293941492e-06
4.305307393086056135e-06
4.303922873611655893e-06
4.302536355770183923e-06
4.301146213021110627e-06
4.299753056998187532e-06
4.298382027684888316e-06
4.296999091300131608e-06
4.295611251886392293e-06
4.294219383890703438e-06
4.292825975617320680e-06
4.291427956280427500e-06
4.290032294357132011e-06
4.288633554901729534e-06
4.287235338003419767e-06
4.285829475502869053e-06
4.284421157780334603e-06
4.283012837972089940e-06
4.281600427421383405e-06
4.280200521806643660e-06
4.278804472975436930e-06
4.277393932766303426e-06
4.275979488054124916e-06
4.274567445368858367e-06
4.273169756168468073e-06
4.271757892191017418e-06
4.270349032412034514e-06
4.268933861205124084e-06
4.267520626615935547e-06
4.266105407624037480e-06
4.264694339749577483e-06
4.263278656090653686e-06
4.261871321336551025e-06
4.260463859942762485e-06
4.259040923108447864e-06
4.257625187333035250e-06
4.256202991545739469e-06
4.254780755596205394e-06
4.253367531987381932e-06
4.251964856071168242e-06
4.250557697272382691e-06
4.249133968558192257e-06
4.247708826358034520e-06
4.246279962027299294e-06
4.244854581006064012e-06
4.243438155782339453e-06
4.242019129950370584e-06
4.240596476255035721e-06
4.239175212212061767e-06
4.237759641306170996e-06
4.236323376345024984e-06
4.234892962264773589e-06
4.233454123233469300e-06
4.232023543132513065e-06
4.230596943033415681e-06
4.229159232575486486e-06
4.227723276678156104e-06
4.226288507668823579e-06
4.224853255177137815e-06
4.223415081956430693e-06
4.221984748060932720e-06
4.220535410774091544e-06
4.219085831444063727e-06
4.217643026818556631e-06
4.216209159671273028e-06
4.214763736409650150e-06
4.213325732931104063e-06
4.211885120496991166e-06
4.210443411221201371e-06
4.208993108312756589e-06
4.207551938169332152e-06
4.206105255144422884e-06
4.204659635800498610e-06
4.203208932063627050e-06
4.201748557411560393e-06
4.200285749193401462e-06
4.198819996929793618e-06
4.197364962122890498e-06
4.195914193042708307e-06
4.194452500688041784e-06
4.193005090165421260e-06
4.191546957641964148e-06
4.190096627776977882e-06
4.188650465185498107e-06
4.187176702169303984e-06
4.185717661366055467e-06
4.184258034618046831e-06
4.182787736717236565e-06
4.181322670415720766e-06
4.179863521608144790e-06
4.178403755423037744e-06
4.176938499365657963e-06
4.175468228084849439e-06
4.173999789449992344e-06
4.172532458293366550e-06
4.171058419082824375e-06
4.169607187061330042e-06
4.168134354043009640e-06
4.166674208005637737e-06
4.165198370861951068e-06
4.163710549709438889e-06
4.162243709972260615e-06
4.160775296746279438e-06
4.159299585585251285e-06
4.157806296604769027e-06
4.156336370922086764e-06
4.154857891774062384e-06
4.153385911556288194e-06
4.151898333174855337e-06
4.150419865561353785e-06
4.148939580792322452e-06
4.147454037712845694e-06
4.145966154170592891e-06
4.144481057073459019e-06
4.143006839817750920e-06
4.141522488516882708e-06
4.140035017522974695e-06
4.138534979645667166e-06
4.137038446161139833e-06
4.135553967708340872e-06
4.134069942689064229e-06
4.132579406794402641e-06
4.131083493418387136e-06
4.129582760051539795e-06
4.128073706066315516e-06
4.126565653471043743e-06
4.125059717748861822e-06
4.123576180281355747e-06
4.122068458964677806e-06
4.120560483721703304e-06
4.119059981572543950e-06
4.117562399024835694e-06
4.116060963325603090e-06
4.114550044162709108e-06
4.113046934042266570e-06
4.111547692033467264e-06
4.110071817389759230e-06
4.108575563631081381e-06
4.107074737879900553e-06
4.105578462414916687e-06
4.104055721168262261e-06
4.102546643659652323e-06
4.101028926039469510e-06
4.099508437779479841e-06
4.097998584539464624e-06
4.096483967696276802e-06
4.094975324998808152e-06
4.093447795567781755e-06
4.091933888551191288e-06
4.090413068551706668e-06
4.088890158290140990e-06
4.087368482098371704e-06
4.085856513107829237e-06
4.084340667210281264e-06
4.082853531234701400e-06
4.081328385128410350e-06
4.079826066255733430e-06
4.078304687154953818e-06
4.076781015256963469e-06
4.075251827943403727e-06
4.073720828763517422e-06
4.072192389004717101e-06
4.070665538147461635e-06
4.069142612904361539e-06
4.067605179710812335e-06
4.066072585167391385e-06
4.064529415683983640e-06
4.063008926486120129e-06
4.061478061600626752e-06
4.059957260927886113e-06
4.058426436442686253e-06
4.056891076720864311e-06
4.055340449848079493e-06
4.053797669459751654e-06
4.052249053493648146e-06
4.050695985953747421e-06
4.049160374358963837e-06
4.047613518033288522e-06
4.046071152295138958e-06
4.044510717607624806e-06
4.042950421980583488e-06
4.041405943682949989e-06
4.039850463657399680e-06
4.038313368887140112e-06
4.036761913846878207e-06
4.035195716110216826e-06
4.033645108644675459e-06
4.032089090162066126e-06
4.030532775693931512e-06
4.028991027635076976e-06
4.027428715280693857e-06
4.025877609877321420e-06
4.024327806621987324e-06
4.022770670999867718e-06
4.021215395909334526e-06
4.019647868098321911e-06
4.018087854061839229e-06
4.016526249843351986e-06
4.014946796596506238e-06
4.013373493556569113e-06
4.011803990130989978e-06
4.010245240425816960e-06
4.008663741645887102e-06
4.007092005091079591e-06
4.005513574928689808e-06
4.003945106829722815e-06
4.002378911132394899e-06
4.000787747299766237e-06
3.999210786431650241e-06
3.997652451277222300e-06
3.996067701686594948e-06
3.994483116546712961e-06
3.992901815091691151e-06
3.991311190133389424e-06
3.989736039425012408e-06
3.988139393232941734e-06
3.986545790349993327e-06
3.984952052271504650e-06
3.983376232637720116e-06
3.981781107448737630e-06
3.980189802291035952e-06
3.978603504789277493e-06
3.977008344979901060e-06
3.975424051316478809e-06
3.973837440818721127e-06
3.972247576693555294e-06
3.970650068662007578e-06
3.969052841938716817e-06
3.967478384216127302e-06
3.965878565273753925e-06
3.964277875306063279e-06
3.962701194242606407e-06
3.961110535593478571e-06
3.959504064955672841e-06
3.957892115845710863e-06
3.956281653257813081e-06
3.954675938133628105e-06
3.953074993105741608e-06
3.951485003285372289e-06
3.949873675798486506e-06
3.948258451947160829e-06
3.946644792753573344e-06
3.945041659972671601e-06
3.943431070350777160e-06
3.941811185724354116e-06
3.940192461672343050e-06
3.938573534798346974e-06
3.936943363067201282e-06
3.935308958664398169e-06
3.933700240825100879e-06
3.932079858982868660e-06
3.930455949086543130e-06
3.928853820408066982e-06
3.927226639939562859e-06
3.925609833507100561e-06
3.923982309855747355e-06
3.922358339540498171e-06
3.920730509599835729e-06
3.919108182099732752e-06
3.917462804616192264e-06
3.915821292165237919e-06
3.914189363654454287e-06
3.912551935961315748e-06
3.910909242384541492e-06
3.909264858265847425e-06
3.907629462016558659e-06
3.905987186590749849e-06
3.904356032478145025e-06
3.902724237736111931e-06
3.901098750248316739e-06
3.899454569950243433e-06
3.897810668930975952e-06
3.896159372680445780e-06
3.894525341806521969e-06
3.892882304933426710e-06
3.891227625588381965e-06
3.889595234975684829e-06
3.887947811111724894e-06
3.886291836489406310e-06
3.884632675189681263e-06
3.882982410341280864e-06
3.881349179286519268e-06
3.879683441046434199e-06
3.878031281852818440e-06
3.876378023491676647e-06
3.874707972499752034e-06
3.873043967381662830e-06
3.871382238303089617e-06
3.869717076468173837e-06
3.868044032987010774e-06
3.866380526416038687e-06
3.864715526422764543e-06
3.863065343762317453e-06
3.861393967744606997e-06
3.859715483218186391e-06
3.858040333391908419e-06
3.856364228966206547e-06
3.854688235876015356e-06
3.853012696071807743e-06
3.851357248184216128e-06
3.849674256820734653e-06
3.847992773398439410e-06
3.846312922820879952e-06
3.844637275228755021e-06
3.842949677804747134e-06
3.841268090393790744e-06
3.839584330081414436e-06
3.837900700854487393e-06
3.836230106226699423e-06
3.834544348302222017e-06
3.832858110626502047e-06
3.831160780543077166e-06
3.829464440993500296e-06
3.827778203321884201e-06
3.826109211646192274e-06
3.824415486374777166e-06
3.822729556714492524e-06
3.821040382322534560e-06
3.819352100870160870e-06
3.817651483075546202e-06
3.815947311212935143e-06
3.814255692410059079e-06
3.812542120466717092e-06
3.810837455216292010e-06
3.809135611932649120e-06
3.807439280471799404e-06
3.805732466997995895e-06
3.804022731037064361e-06
3.802325048026795270e-06
3.800618333726218934e-06
3.798900252686255318e-06
3.797200758206923622e-06
3.795483571633200042e-06
3.793771287923952565e-06
3.792050303247236542e-06
3.790331271809368342e-06
3.788605781576225645e-06
3.786885255840116596e-06
3.785173050660730650e-06
3.783458958024781488e-06
3.781736765039020265e-06
3.780017785622406852e-06
3.778292485290938507e-06
3.776556125546276491e-06
3.774834350091852396e-06
3.773110677077340470e-06
3.771383763954388951e-06
3.769665682812979588e-06
3.767929382477581342e-06
3.766194512262911866e-06
3.764455556859437586e-06
3.762714022538948674e-06
3.760967793584218981e-06
3.759230424821626805e-06
3.757490353675475816e-06
3.755744737022415738e-06
3.754015151459753371e-06
3.752271900366098419e-06
3.750515961129322564e-06
3.748785181600354013e-06
3.747051001953122246e-06
3.745308980832756548e-06
3.743558168099959116e-06
3.741801690415529268e-06
3.740061657472461978e-06
3.738313587776714082e-06
3.736550946640343437e-06
3.734794125033496323e-06
3.733035092553386859e-06
3.731275705048726022e-06
3.729514912298558705e-06
3.727766078699934342e-06
3.725998971914846999e-06
3.724231611380592931e-06
3.722469182991007535e-06
3.720703878486417666e-06
3.718926219480426935e-06
3.717152002310964766e-06
3.715379342400133133e-06
3.713598376586108623e-06
3.711824054892168781e-06
3.710068378399550226e-06
3.708289949097858559e-06
3.706502806461503590e-06
3.704712823633956630e-06
3.702936188737164018e-06
3.701154421525176913e-06
3.699385690488306947e-06
3.697594266251071711e-06
3.695810351862414438e-06
3.694022481579864608e-06
3.692231076683767831e-06
3.690448286145239778e-06
3.688653724465158091e-06
3.686866254041911610e-06
3.685072510223535914e-06
3.683279467651024557e-06
3.681489043341023924e-06
3.679727294771256758e-06
3.677936330833333294e-06
3.676135575326466222e-06
3.674338268436208021e-06
3.672534003332818078e-06
3.670726256564836528e-06
3.668925642703023568e-06
3.667117492639770270e-06
3.665320867123084763e-06
3.663516276214210730e-06
3.661704275033871546e-06
3.659906635850063979e-06
3.658093219150809808e-06
3.656288112422003368e-06
3.654469352204896117e-06
3.652653477554315190e-06
3.650841557121930528e-06
3.649025138557283779e-06
3.647210687779831799e-06
3.645401725427761885e-06
3.643589099228449542e-06
3.641770170773137806e-06
3.639946902618438413e-06
3.638121649598158172e-06
3.636295409645705490e-06
3.634479707925997878e-06
3.632659856607575071e-06
3.630832268749039477e-06
3.628990860345528657e-06
3.627157651756806559e-06
3.625324621864186312e-06
3.623489336703047911e-06
3.621659095335699001e-06
3.619816238882033072e-06
3.617966887920267602e-06
3.616119489891098840e-06
3.614297817712433357e-06
3.612448342238667361e-06
3.610598667238839290e-06
3.608743017116572425e-06
3.606892259967895353e-06
3.605045707493249834e-06
3.603189418664375818e-06
3.601337386511560493e-06
3.599494520248960809e-06
3.597648120479410207e-06
3.595801482481689876e-06
3.593964225010621320e-06
3.592119598210956975e-06
3.590249203200326917e-06
3.588385897797989110e-06
3.586523365707316386e-06
3.584651031983406193e-06
3.582799904695171265e-06
3.580935087477282527e-06
3.579075048207253584e-06
3.577217533127159760e-06
3.575364635042018591e-06
3.573503079589340976e-06
3.571621094123111898e-06
3.569749301622766051e-06
3.567877998146716470e-06
3.565999219186802166e-06
3.564111429509077977e-06
3.562230630307473706e-06
3.560346493556050467e-06
3.558456580999110028e-06
3.556564362133816031e-06
3.554682402176427582e-06
3.552788309128660432e-06
3.550907636464957480e-06
3.549013716515441592e-06
3.547128568797711668e-06
3.545236354612824006e-06
3.543342236912827001e-06
3.541446645691909660e-06
3.539551331579207606e-06
3.537646352120664315e-06
3.535757246139658594e-06
3.533842686133092163e-06
3.531947423230763315e-06
3.530037905734473115e-06
3.528127975101746962e-06
3.526216297702435047e-06
3.524303969720582546e-06
3.522397329123554884e-06
3.520486990976236846e-06
3.518576670027411617e-06
3.516659580576041753e-06
3.514729204036732906e-06
3.512809083592786773e-06
3.510888040695385619e-06
3.508976180423389186e-06
3.507045850512449144e-06
3.505128216783454636e-06
3.503189798868384345e-06
3.501265922140545730e-06
3.499339320507435007e-06
3.497411448590435949e-06
3.495480308328959184e-06
3.493543573281569076e-06
3.491595669297460624e-06
3.489674463299467258e-06
3.487730788587898421e-06
3.485778584727674538e-06
3.483840891311272534e-06
3.481894030118001232e-06
3.479947649994250527e-06
3.477993717732993051e-06
3.476036656573915044e-06
3.474088131622032778e-06
3.472132617259205019e-06
3.470180108945522640e-06
3.468227631584049186e-06
3.466263307694141538e-06
3.464297751719206371e-06
3.462343820388482350e-06
3.460400696658358396e-06
3.458455833879822637e-06
3.456486157196428991e-06
3.454517145363547771e-06
3.452539460322264667e-06
3.450573767026549262e-06
3.448602320851166311e-06
3.446640214847731471e-06
3.444671230166801390e-06
3.442700138839552331e-06
3.440714060222717269e-06
3.438733207373092253e-06
3.436751602430104962e-06
3.434766154755728688e-06
3.432774407571197090e-06
3.430805664571638020e-06
3.428820850620755435e-06
3.426826276424459200e-06
3.424836517323068133e-06
3.422837617138209573e-06
3.420839431740860251e-06
3.418845175662334725e-06
3.416851391746353993e-06
3.414851624311354883e-06
3.412861161456801062e-06
3.410858576711551199e-06
3.408848005500619180e-06
3.406843059368379881e-06
3.404837819735816744e-06
3.402840393301721757e-06
3.400832114650591963e-06
3.398826388252352266e-06
3.396803012538382344e-06
3.394808808279027754e-06
3.392798057378646583e-06
3.390776019135163738e-06
3.388755045374455839e-06
3.386733358057440902e-06
3.384700198212388480e-06
3.382683348718056062e-06
3.380662008721218402e-06
3.378627009126633301e-06
3.376588252701270165e-06
3.374568240387128193e-06
3.372528438105382687e-06
3.370507468270179949e-06
3.368464299238509025e-06
3.366416787957679680e-06
3.364379741304801015e-06
3.362341804680689232e-06
3.360302592476535567e-06
3.358257100275568953e-06
3.356221697045006653e-06
3.354179413769600766e-06
3.352130171152301949e-06
3.350084395606153877e-06
3.348033106186919407e-06
3.345968327351813662e-06
3.343914678105305213e-06
3.341847908840474859e-06
3.339779554912909594e-06
3.337720396909501322e-06
3.335657342409314423e-06
3.333590687391479502e-06
3.331513401725520149e-06
3.329440354701579497e-06
3.327369771887161807e-06
3.325287828738718241e-06
3.323215948297344187e-06
3.321141786599107693e-06
3.319063385447793040e-06
3.316995980738298473e-06
3.314922999632442987e-06
3.312832187676560623e-06
3.310737437207479535e-06
3.308649424834730746e-06
3.306559400171808276e-06
3.304469006626493828e-06
3.302377423886916636e-06
3.300273925141860385e-06
3.298170464082415076e-06
3.296067447323117927e-06
3.293975692727567899e-06
3.291880727277790653e-06
3.289778296197573692e-06
3.287669860846961187e-06
3.285559941085645822e-06
3.283457507513721358e-06
3.281353032712062825e-06
3.279249006845670475e-06
3.277134028632889589e-06
3.275015759766570404e-06
3.272891271951894175e-06
3.270763286951230814e-06
3.268642029597651439e-06
3.266516057250942081e-06
3.264388929046231485e-06
3.262260456551655833e-06
3.260130200566633485e-06
3.258006242582687903e-06
3.255874275926897560e-06
3.253734101018014491e-06
3.251592301838376109e-06
3.249454413980713901e-06
3.247305726780871243e-06
3.245157068592248383e-06
3.243002174409834099e-06
3.240860431499781519e-06
3.238704318865215571e-06
3.236566684744772266e-06
3.234432705072100984e-06
3.232279762607061756e-06
3.230119768789018735e-06
3.227958667894279535e-06
3.225793225198382721e-06
3.223624620064753432e-06
3.221478667541403767e-06
3.219317466901498725e-06
3.217147430616463353e-06
3.214972192068444556e-06
3.212807048607780993e-06
3.210630276923965925e-06
3.208454345799614930e-06
3.206281259187057488e-06
3.204111688063723134e-06
3.201935601419923010e-06
3.199752397557275954e-06
3.197567246369363620e-06
3.195394101503431519e-06
3.193199238900923481e-06
3.190999675568473257e-06
3.188823394351760732e-06
3.186623938385083969e-06
3.184426007564324222e-06
3.182224126599735598e-06
3.180032088769926670e-06
3.177824040535642725e-06
3.175613705789036375e-06
3.173406845890983080e-06
3.171191701736983554e-06
3.168975091596398888e-06
3.166759098611130009e-06
3.164537549189490259e-06
3.162320259516831231e-06
3.160106535512809968e-06
3.157887948292770358e-06
3.155655737514836760e-06
3.153423975359537954e-06
3.151204185736820237e-06
3.148976498694325956e-06
3.146743716250842937e-06
3.144508979438804347e-06
3.142269878232008432e-06
3.140029410296485425e-06
3.137794479757202810e-06
3.135542619926212742e-06
3.133303559690109955e-06
3.131052781681682903e-06
3.128808261515842021e-06
3.126554371505808717e-06
3.124297069984355358e-06
3.122034105727048057e-06
3.119775504021415796e-06
3.117518015766660987e-06
3.115248000466081041e-06
3.112985170159015064e-06
3.110710405943492292e-06
3.108439091630171117e-06
3.106172912274523804e-06
3.103902298603774103e-06
3.101631742008471421e-06
3.099347945837439326e-06
3.097064861641424459e-06
3.094780935542358564e-06
3.092492573678245634e-06
3.090198639913913726e-06
3.087903317143370251e-06
3.085611333954743429e-06
3.083331466103439862e-06
3.081033193539386177e-06
3.078736489634968476e-06
3.076440685625069639e-06
3.074136359391520861e-06
3.071825669647480678e-06
3.069511431487531059e-06
3.067219637188639338e-06
3.064906129975917243e-06
3.062590030443319845e-06
3.060274845528430681e-06
3.057950188664764086e-06
3.055630783495132243e-06
3.053301961737226849e-06
3.050971434838134465e-06
3.048645101138912492e-06
3.046311624030413334e-06
3.043997346212904591e-06
3.041660530659395460e-06
3.039320127365053536e-06
3.036978386005323651e-06
3.034635972229443617e-06
3.032290369097871552e-06
3.029949547342685649e-06
3.027606088992328414e-06
3.025249948203075498e-06
3.022898081315387236e-06
3.020546444364783682e-06
3.018183448856052000e-06
3.015825314293383118e-06
3.013471741594136345e-06
3.011100438940299703e-06
3.008735166436453600e-06
3.006364107804581831e-06
3.003999766488616624e-06
3.001625129862801079e-06
2.999244132267789481e-06
2.996860747377350286e-06
2.994473524496334173e-06
2.992106607795532971e-06
2.989714937866043560e-06
2.987335579285005164e-06
2.984939123094933482e-06
2.982541799160885794e-06
2.980150500394891288e-06
2.977749268446481109e-06
2.975350569015704491e-06
2.972950202521246017e-06
2.970537977857956062e-06
2.968123126347935554e-06
2.965717517449092795e-06
2.963297781490121602e-06
2.960881771448820253e-06
2.958484374206706523e-06
2.956066252768603555e-06
2.953640200141415229e-06
2.951213625997045435e-06
2.948778509474281179e-06
2.946341558656558364e-06
2.943908596143238927e-06
2.941476212984448184e-06
2.939034058253791642e-06
2.936586535632138509e-06
2.934139194808528605e-06
2.931689666288914278e-06
2.929238765935002570e-06
2.926795687666515192e-06
2.924340616356898660e-06
2.921889717801422129e-06
2.919437831376366453e-06
2.916973430438543422e-06
2.914510913924524491e-06
2.912041968010016602e-06
2.909578489815996664e-06
2.907108326483224679e-06
2.904628459149437052e-06
2.902161200327040904e-06
2.899677965636615523e-06
2.897191743085703840e-06
2.894703772325332356e-06
2.892212072167990543e-06
2.889724207818663569e-06
2.887241267448937152e-06
2.884746241673556804e-06
2.882252051132927997e-06
2.879748204231229921e-06
2.877239669209086236e-06
2.874728584905113268e-06
2.872219446986546714e-06
2.869702410554869137e-06
2.867180860833869498e-06
2.864666199743742961e-06
2.862143645244203323e-06
2.859614858975309326e-06
2.857083645872237682e-06
2.854552162800660073e-06
2.852026071036068136e-06
2.849492311887676288e-06
2.846951682405018412e-06
2.844409040243408473e-06
2.841860015050640036e-06
2.839308963372117749e-06
2.836766546395943090e-06
2.834209836066781778e-06
2.831658120373756725e-06
2.829102243242391533e-06
2.826543920257451465e-06
2.823986910362394297e-06
2.821418122003714754e-06
2.818845097161696493e-06
2.816268248042590566e-06
2.813689023058789957e-06
2.811112357482671035e-06
2.808530225868179269e-06
2.805946566599551347e-06
2.803359559297967204e-06
2.800771732748526710e-06
2.798176735129071458e-06
2.795581477729523227e-06
2.792981653638268152e-06
2.790380888909280679e-06
2.787770598021925957e-06
2.785168423046142485e-06
2.782554763806134131e-06
2.779948096347416317e-06
2.777336209207532415e-06
2.774711347564986710e-06
2.772088837354628719e-06
2.769467847514764218e-06
2.766841140707569050e-06
2.764215307541693963e-06
2.761594688157962493e-06
2.758959426894604606e-06
2.756316249347732594e-06
2.753666765888075113e-06
2.751024668354098437e-06
2.748371295503798228e-06
2.745728777981644185e-06
2.743079643081641269e-06
2.740428688863217141e-06
2.737763006811181137e-06
2.735092782483941417e-06
2.732419198731907890e-06
2.729749410346479435e-06
2.727085140761800253e-06
2.724408943699447256e-06
2.721724408896478652e-06
2.719035935841378736e-06
2.716344995032936450e-06
2.713647875626308732e-06
2.710954941421804503e-06
2.708251408162769127e-06
2.705549526094809302e-06
2.702840373557767388e-06
2.700130815565664978e-06
2.697420303410683352e-06
2.694702635677275407e-06
2.691990819473863331e-06
2.689268689263040631e-06
2.686539448569779135e-06
2.683810156981382146e-06
2.681076333864407773e-06
2.678340528041822566e-06
2.675604833346406312e-06
2.672858528374184614e-06
2.670118522525545532e-06
2.667367977751692463e-06
2.664619025673445142e-06
2.661864151525211207e-06
2.659104107360880349e-06
2.656340004006317744e-06
2.653570923899363460e-06
2.650799635217656279e-06
2.648033416682244361e-06
2.645257877305090560e-06
2.642475290826993044e-06
2.639692466685701434e-06
2.636910706498556591e-06
2.634126034411597558e-06
2.631328139246738809e-06
2.628526394077482909e-06
2.625728926352411673e-06
2.622921055628102194e-06
2.620111752677164702e-06
2.617296805046703353e-06
2.614476760870281139e-06
2.611657394707660185e-06
2.608831412173837348e-06
2.606007005437140590e-06
2.603188201453338589e-06
2.600359088849480819e-06
2.597524787978580482e-06
2.594679202068209083e-06
2.591834772952830156e-06
2.588984003223694838e-06
2.586128513622532042e-06
2.583269482181414072e-06
2.580411200295604620e-06
2.577552210663762300e-06
2.574679834453888961e-06
2.571803781297660233e-06
2.568929186655077785e-06
2.566045956708435831e-06
2.563175485537147836e-06
2.560284116623840456e-06
2.557389710114685732e-06
2.554493536440852394e-06
2.551597653031911239e-06
2.548694580280434482e-06
2.545785009947549905e-06
2.542883567313149813e-06
2.539965507410216951e-06
2.537047216595484685e-06
2.534126563871224123e-06
2.531195807145512363e-06
2.528263788314754411e-06
2.525328510951540789e-06
2.522385859936154614e-06
2.519439957460253526e-06
2.516494814486125757e-06
2.513539871420471445e-06
2.510581697647691089e-06
2.507619655034631124e-06
2.504657236756668311e-06
2.501699668705775990e-06
2.498724252873717651e-06
2.495746701796922043e-06
2.492764108112307584e-06
2.489778991466900221e-06
2.486792586179198349e-06
2.483797278278865606e-06
2.480803501777980625e-06
2.477799203169130867e-06
2.474790067918848290e-06
2.471776705026387069e-06
2.468759144164659397e-06
2.465752725975417836e-06
2.462727207022501282e-06
2.459696646234000308e-06
2.456662429580163888e-06
2.453623968975072371e-06
2.450582692445720372e-06
2.447536647824197705e-06
2.444495810292457501e-06
2.441439231644621447e-06
2.438382650697288301e-06
2.435323968865709090e-06
2.432253582832566427e-06
2.429182435367573643e-06
2.426103081088179523e-06
2.423019534454560500e-06
2.419933953270453528e-06
2.416856726250646405e-06
2.413758957673515453e-06
2.410656611522025456e-06
2.407550064187214348e-06
2.404439217817674012e-06
2.401323470440134836e-06
2.398204054479527649e-06
2.395091047390344521e-06
2.391962168606672647e-06
2.388827904070101192e-06
2.385706386726128694e-06
2.382571282231929133e-06
2.379423324997720474e-06
2.376271741247273374e-06
2.373115015120428742e-06
2.369950980354958286e-06
2.366782183756592486e-06
2.363613139595017384e-06
2.360435353636337429e-06
2.357256822635578093e-06
2.354071233524303847e-06
2.350877623261915344e-06
2.347688290096340751e-06
2.344484860647845832e-06
2.341279073929487089e-06
2.338066243220983009e-06
2.334847807168050449e-06
2.331627202157125501e-06
2.328402163733788801e-06
2.325170763172756734e-06
2.321934891632377217e-06
2.318690817086008538e-06
2.315441615981902372e-06
2.312188976330717130e-06
2.308941190020202321e-06
2.305677082249056790e-06
2.302408960547930864e-06
2.299133854061815961e-06
2.295855995911154238e-06
2.292570355890698778e-06
2.289279474332519850e-06
2.285990277038202876e-06
2.282687246301624492e-06
2.279381635446537686e-06
2.276067816032903674e-06
2.272751939095276290e-06
2.269427186999155376e-06
2.266099099629152366e-06
2.262766173614647942e-06
2.259425040544818484e-06
2.256079311895791451e-06
2.252729924170307162e-06
2.249372234811893238e-06
2.246010832991793082e-06
2.242642597279717140e-06
2.239267078461209547e-06
2.235886585658690505e-06
2.232500455672504213e-06
2.229109195040538969e-06
2.225712037012052082e-06
2.222310949327658285e-06
2.218901008175465734e-06
2.215484128190188360e-06
2.212061687564287845e-06
2.208632927455060432e-06
2.205208780761650497e-06
2.201767809917279343e-06
2.198320760325821505e-06
2.194869172977449684e-06
2.191410795650507518e-06
2.187950589012666815e-06
2.184480788495586891e-06
2.181005887724273126e-06
2.177522447580896587e-06
2.174034599834960292e-06
2.170541030446275174e-06
2.167038195820893006e-06
2.163528670508289798e-06
2.160013093177337386e-06
2.156495010001000688e-06
2.152967432761228500e-06
2.149441172762396117e-06
2.145902133074835017e-06
2.142353695459990427e-06
2.138798975714590824e-06
2.135245272640018320e-06
2.131679323498652022e-06
2.128111210603193560e-06
2.124536233898578910e-06
2.120947643732001661e-06
2.117361752601969380e-06
2.113764704470325063e-06
2.110163475283924064e-06
2.106553703356169479e-06
2.102930804011065377e-06
2.099300798263570495e-06
2.095664672361793467e-06
2.092022676176514606e-06
2.088377237408780323e-06
2.084722671460804449e-06
2.081057274715047095e-06
2.077385309071673995e-06
2.073705366004629383e-06
2.070021526837480990e-06
2.066327126326188105e-06
2.062625772048053294e-06
2.058920157099250295e-06
2.055216453155147320e-06
2.051496063277573523e-06
2.047764251681378425e-06
2.044024863559886575e-06
2.040278024927614244e-06
2.036524298439612377e-06
2.032762166596910492e-06
2.028999536150654956e-06
2.025223021584621372e-06
2.021437394742201341e-06
2.017646861469639548e-06
2.013861357776985659e-06
2.010053390694325339e-06
2.006236027079307150e-06
2.002411452426810288e-06
1.998577996115160511e-06
1.994736283459398639e-06
1.990889747213580672e-06
1.987031698327898939e-06
1.983185596933098454e-06
1.979310825907808020e-06
1.975429378461348163e-06
1.971539815939783268e-06
1.967640210984144265e-06
1.963732405114305043e-06
1.959815620445055015e-06
1.955890197339935603e-06
1.951956115059928699e-06
1.948012951795703487e-06
1.944060896799414634e-06
1.940103521772327000e-06
1.936134371409291231e-06
1.932156126269980940e-06
1.928168320267054964e-06
1.924171830120470345e-06
1.920167212024083178e-06
1.916160395265244957e-06
1.912137403537702151e-06
1.908106861521759802e-06
1.904068061820123118e-06
1.900015873890894114e-06
1.895968587197292409e-06
1.891914134741099903e-06
1.887837460290196763e-06
1.883746970076963303e-06
1.879646423181016785e-06
1.875540933978541609e-06
1.871425860758887298e-06
1.867298323723595104e-06
1.863158178701427690e-06
1.859007990585182965e-06
1.854849302124691216e-06
1.850681218967211858e-06
1.846500902388269223e-06
1.842310279995545607e-06
1.838127738293314443e-06
1.833916161481348492e-06
1.829696220141563007e-06
1.825464418737108427e-06
1.821221466012904517e-06
1.816966963927766243e-06
1.812707170900167101e-06
1.808430772464388086e-06
1.804143366009072135e-06
1.799845203071569919e-06
1.795536701066183601e-06
1.791220073479158460e-06
1.786889199232340808e-06
1.782545835875489247e-06
1.778199964760852483e-06
1.773838264928233294e-06
1.769460069893475819e-06
1.765088599593916512e-06
1.760687377464591205e-06
1.756277701763065644e-06
1.751862993435320324e-06
1.747425783560172984e-06
1.742976433799567377e-06
1.738514073435336050e-06
1.734040092702366070e-06
1.729553455577147245e-06
1.725053928107486112e-06
1.720541709705645445e-06
1.716016783354510565e-06
1.711483971947076037e-06
1.706933620213403917e-06
1.702369993069125397e-06
1.697792895901469668e-06
1.693202407872469443e-06
1.688598388140718108e-06
1.683998205137756825e-06
1.679368042521003269e-06
1.674723978821897649e-06
1.670068065432681364e-06
1.665396327607800443e-06
1.660710383173435408e-06
1.656010603501835185e-06
1.651298480718111107e-06
1.646569208625323495e-06
1.641824906368005775e-06
1.637067312001499643e-06
1.632296389573608543e-06
1.627508940576334677e-06
1.622705680589038573e-06
1.617886587416494939e-06
1.613052023935134314e-06
1.608202816413329803e-06
1.603337552529529234e-06
1.598460446781704166e-06
1.593564530211789741e-06
1.588652686655223426e-06
1.583722976636005374e-06
1.578779193645949487e-06
1.573816640056336460e-06
1.568838404639471433e-06
1.563858973537729452e-06
1.558845784143660036e-06
1.553820407348838522e-06
1.548773385985226175e-06
1.543711132005318388e-06
1.538628777433356314e-06
1.533527932382918936e-06
1.528409696247837044e-06
1.523274840962204112e-06
1.518122205996658666e-06
1.512953608275127965e-06
1.507765831946126722e-06
1.502564899284708591e-06
1.497334846018272861e-06
1.492084350287716189e-06
1.486814880906730643e-06
1.481525940892644820e-06
1.476218626753481293e-06
1.470892304043658412e-06
1.465542143279744566e-06
1.460175518482065651e-06
1.454783258565910832e-06
1.449372313135020956e-06
1.443939750073782966e-06
1.438483368004080888e-06
1.433005268797917244e-06
1.427504988881769536e-06
1.421984704756277704e-06
1.416443288402081682e-06
1.410876903335819639e-06
1.405285453477870130e-06
1.399678192781354439e-06
1.394039656256966057e-06
1.388377687762227343e-06
1.382690594170648220e-06
1.376979525183520762e-06
1.371249611763106347e-06
1.365488248180896410e-06
1.359701439423740631e-06
1.353888159963983846e-06
1.348048490019467126e-06
1.342183716852560312e-06
1.336290659686278924e-06
1.330370747890135149e-06
1.324424257751878729e-06
1.318448461251706937e-06
1.312450151267142381e-06
1.306418461057756474e-06
1.300366654128029059e-06
1.294274644640498753e-06
1.288152373521548820e-06
1.281999612376036294e-06
1.275816045431536815e-06
1.269605331962302116e-06
1.263362872459526644e-06
1.257083819236187581e-06
1.250772255627967142e-06
1.244428744033377945e-06
1.238050866670863769e-06
1.231650167061277716e-06
1.225205869871566986e-06
1.218724343732614441e-06
1.212206286940877158e-06
1.205651301664795934e-06
1.199063582112318384e-06
1.192432998002410511e-06
1.185766926535019284e-06
1.179069538702967784e-06
1.172322384758692570e-06
1.165535178338558246e-06
1.158712803983517041e-06
1.151842299688562980e-06
1.144928700187484567e-06
1.137982086976953163e-06
1.130981907904635809e-06
1.123936947136577109e-06
1.116844347464025275e-06
1.109704993739012262e-06
1.102528033369440168e-06
1.095292409222118310e-06
1.088007318443266395e-06
1.080678019984797430e-06
1.073297066526447183e-06
1.065857187422754200e-06
1.058363612456379058e-06
1.050814943406759470e-06
1.043215550079979072e-06
1.035554276236263778e-06
1.027833681615399319e-06
1.020052919883052156e-06
1.012215639586945449e-06
1.004316655058858015e-06
9.963474544239934331e-07
9.883123958755899147e-07
9.802142706199510822e-07
9.720467247673896687e-07
9.638070344793828362e-07
9.554970658248466600e-07
9.471085572026867474e-07
9.386457114365876845e-07
9.301008909241445467e-07
9.214746269745596380e-07
9.127651445481764837e-07
9.039710840388500948e-07
8.950908953663433585e-07
8.861170472938840944e-07
8.770491314714950199e-07
8.678849683850784182e-07
8.586217883456349399e-07
8.492548325764067838e-07
8.397813653590937365e-07
8.302045474386307041e-07
8.205075634074498805e-07
8.106926228566119873e-07
8.007562477313267873e-07
7.907086990112000089e-07
7.805283006866447599e-07
7.702004118184480834e-07
7.597544885033701723e-07
7.491339980191200045e-07
7.383571517060957610e-07
7.274208206365407548e-07
7.163114535798750134e-07
7.050335210737259279e-07
6.935631874804037273e-07
6.818951717969010283e-07
6.700288586281658921e-07
6.579473934096846951e-07
6.456437843504204071e-07
6.331099471442627363e-07
6.202930672972946539e-07
6.072055785023469669e-07
5.938244687646438138e-07
5.801360940064738971e-07
5.661352937609284326e-07
5.517594999186619654e-07
