2.248004882403096816e-01
1.948468977805533353e-01
1.793726063944161842e-01
1.655852332153773809e-01
1.480761697398062793e-01
1.390249436547209283e-01
1.327022975444525910e-01
1.249432979552172612e-01
1.196348715219596737e-01
1.069235707465251428e-01
1.058374339643590734e-01
1.029588419935008742e-01
9.886735738204488477e-02
9.612842602929945468e-02
9.166577844802180353e-02
8.738343151940980436e-02
8.410963190795787969e-02
8.275835647538430651e-02
7.666289898788443413e-02
7.790388889028772301e-02
7.612063403155265584e-02
7.413983328510334592e-02
7.389237509049703667e-02
6.818101357702710530e-02
6.804300798364366909e-02
6.533110895263735673e-02
6.425063542410731909e-02
6.318626801486432187e-02
6.334735883864249517e-02
6.011235587443169298e-02
6.198408276113626797e-02
5.853936836048381775e-02
5.756782046672162534e-02
5.601292592702079853e-02
5.325661321083690475e-02
5.512172058106520889e-02
5.432103184677257446e-02
5.186937568139238924e-02
5.190452508367320722e-02
5.052714106189760968e-02
4.888525768267739519e-02
4.699696142325884840e-02
4.740648569472683677e-02
4.760855461290520313e-02
4.747709018491329952e-02
4.409990178368398961e-02
4.405861917115461851e-02
4.359655689765890019e-02
4.333133950521581707e-02
4.248017747701687830e-02
4.270177672674245473e-02
4.179060820943245741e-02
4.050840518014880293e-02
4.099865127781494867e-02
4.011159655090443948e-02
4.014356441062402747e-02
3.961053483265171427e-02
3.894061495293783814e-02
3.917288679747586017e-02
3.732930694099528823e-02
3.653360727849697814e-02
3.599563225762036911e-02
3.527188294318728962e-02
3.591794220031879065e-02
3.689069963998593132e-02
3.499089228329563955e-02
3.407120981788038655e-02
3.488411260694035398e-02
3.277470401349405482e-02
3.301619052963158246e-02
3.380477319536589337e-02
3.332874184955151448e-02
3.298147044686908919e-02
3.209165659542927151e-02
3.260096539799480636e-02
3.050854907339010588e-02
3.024259703124118279e-02
3.072767897902236797e-02
3.037781832480145050e-02
3.082906921802973724e-02
3.004036009135506446e-02
3.014398788992228226e-02
2.854597672392115287e-02
2.909040543096128723e-02
2.781121584447133685e-02
2.819888236788284028e-02
2.825717487601670658e-02
2.914684873724633987e-02
2.928611519646985226e-02
2.762186247671015796e-02
2.776420380011714387e-02
2.793834425016126360e-02
2.649143789206608035e-02
2.661372741800123107e-02
2.629326466677934029e-02
2.596009757424054543e-02
2.649907613959805522e-02
2.652177804011258272e-02
2.584654172325875215e-02
2.512983333830606444e-02
2.571425663401952222e-02
2.477187226563873357e-02
2.524577028661079137e-02
2.459449419324457112e-02
2.499148780294743050e-02
2.474554306182231989e-02
2.467611327021241793e-02
2.360485092493746356e-02
2.389796539833729735e-02
2.365985700037600073e-02
2.332135503150248659e-02
2.245015731430278008e-02
2.302007008897376597e-02
2.237919012800390281e-02
2.190195671777493691e-02
2.370375857175999537e-02
2.098798159157452825e-02
2.212126199155902556e-02
2.251042622463635470e-02
2.099538062361585439e-02
2.036876579214324037e-02
2.095777669504022417e-02
2.135112392103923062e-02
2.194180535176141686e-02
2.164184934406372315e-02
2.097645523913792623e-02
2.053829344322705142e-02
2.063279065575587823e-02
1.969356706661023332e-02
2.045059502998926304e-02
2.005694750113439992e-02
2.048164572890526225e-02
1.983633987918633282e-02
2.013386191073150353e-02
1.987471911163743096e-02
2.062740051279604234e-02
2.058588367435988317e-02
2.013194978838992941e-02
1.990766667180920296e-02
1.925241069619678530e-02
1.939190930646669808e-02
1.852408872616615951e-02
1.952725980186610297e-02
1.908358648843364383e-02
1.928529737331165228e-02
1.839165746769026374e-02
1.818888198403864620e-02
1.843774955806105550e-02
1.926016546502435853e-02
1.847952032226686525e-02
1.862994909101844260e-02
1.857877617883059440e-02
1.805629312048158061e-02
1.785300401674015658e-02
1.687958273819611596e-02
1.828951060795676667e-02
1.711677873784525281e-02
1.714613397756385021e-02
1.835105876281987319e-02
1.768458216327046736e-02
1.757796233502599559e-02
1.790873125343031558e-02
1.700684265953208985e-02
1.862647951982224909e-02
1.795833991974921107e-02
1.772218576826811026e-02
1.736891544973522689e-02
1.630651741307611799e-02
1.697350890687550004e-02
1.700138878194181954e-02
1.646131073537519113e-02
1.694996751267538113e-02
1.617514523915608918e-02
1.670721063988621705e-02
1.643803255921194931e-02
1.681387700939713375e-02
1.647913263007616883e-02
1.554844981323602778e-02
1.556563894766053134e-02
1.503318865023036549e-02
1.607807741784644112e-02
1.618919362588249616e-02
1.608680907310371458e-02
1.505424327221642836e-02
1.617424504148412892e-02
1.594558291290908494e-02
1.600301293253658663e-02
1.556214161868071238e-02
1.462207780148537008e-02
1.505179978741830876e-02
1.497698551643199781e-02
1.465952622791723801e-02
1.485654617458245091e-02
1.493174070275589925e-02
1.499652687937978388e-02
1.593336406789268994e-02
1.543376219189518915e-02
1.527178095660084757e-02
1.488698389342490297e-02
1.437207291219413235e-02
1.399149873259504517e-02
1.498253832303367110e-02
1.426555473295116998e-02
1.392515082747025623e-02
1.429707514265164160e-02
1.396751292326894704e-02
1.380861435417791647e-02
1.438757742964797900e-02
1.376161109323941270e-02
1.346880516369362846e-02
1.470812210521300206e-02
1.427414108405661471e-02
1.380548297947078139e-02
1.435186907876436629e-02
1.359294341215039510e-02
1.429733945998551935e-02
1.331897780193595435e-02
1.384602436823373708e-02
1.371846803658630098e-02
1.368607555076010833e-02
1.409981387571899655e-02
1.304541772990222906e-02
1.305447782571762284e-02
1.323611434627224547e-02
1.392638126138051255e-02
1.349645043481836545e-02
1.357305237005486213e-02
1.351593422508089171e-02
1.355130218291991477e-02
1.339199612568213286e-02
1.353043658569831609e-02
1.278467048607761364e-02
1.323794260380424179e-02
1.292687677404475224e-02
1.339286153895281536e-02
1.248929911519241175e-02
1.292842800655820933e-02
1.182102173278597873e-02
1.272978826532368199e-02
1.247987868851196253e-02
1.253975886022283895e-02
1.311537235648982565e-02
1.253789043647859751e-02
1.229855677798067856e-02
1.242241399424114622e-02
1.289622804009445990e-02
1.256892261810725088e-02
1.294947045468783538e-02
1.250496910569026156e-02
1.241104420416755047e-02
1.170452967322715455e-02
1.252795340292230802e-02
1.244441242089660074e-02
1.222228527665689124e-02
1.152385900658353668e-02
1.211776364864802259e-02
1.249716390966553597e-02
1.241903848632233513e-02
1.170700470292098533e-02
1.217283100454748419e-02
1.234708277913615371e-02
1.205845454304080473e-02
1.156003425881045252e-02
1.157026843993041315e-02
1.191785664998873916e-02
1.214458723539217459e-02
1.156135786992231601e-02
1.139857904715873074e-02
1.135014054592449126e-02
1.140066828350420197e-02
1.125636070358484488e-02
1.191990725399556285e-02
1.163430848907355541e-02
1.127698402314668974e-02
1.106435771815298015e-02
1.167707037311134510e-02
1.060806422527792343e-02
1.084249122166914756e-02
1.094292278956237111e-02
1.135225811205823818e-02
1.145085881397860973e-02
1.108720316329052553e-02
1.074594447074738238e-02
1.107232902074143516e-02
1.142469114150609401e-02
1.070481528363554161e-02
1.048230830362599335e-02
1.081178723823263133e-02
1.129153623244685822e-02
1.096061049673821564e-02
1.060583375335286994e-02
1.080913664919670725e-02
1.042980422940448931e-02
9.946965566400388717e-03
1.048854463564050619e-02
1.011563752546918576e-02
1.072497539818634965e-02
1.075915456791035757e-02
1.072406687865537500e-02
1.057921901082380968e-02
1.068280725897011001e-02
1.095227511667546186e-02
1.035185868128171184e-02
1.072049494402874809e-02
1.026792586741898973e-02
1.089828462340820467e-02
1.088007808104819556e-02
1.060825253711471933e-02
1.091722014510747643e-02
1.031846131946420608e-02
1.056668097594157078e-02
1.041446754166803004e-02
9.994067441691302164e-03
9.184025928113084825e-03
1.062635660586303682e-02
9.846194575812945021e-03
9.638955023094229052e-03
9.716556970371268906e-03
1.040327652290285593e-02
9.862522519388789224e-03
9.970555992087699188e-03
1.017430641886146910e-02
1.005977701539014293e-02
9.611712415266853576e-03
1.033509617942557877e-02
1.045773483006525242e-02
9.675519779316243962e-03
1.011020756914856808e-02
9.475596036471663555e-03
9.827477694626893592e-03
9.100715129399939221e-03
1.007320339362166063e-02
9.620111767169059816e-03
9.726855133430521369e-03
9.728757260743951807e-03
9.847847573107623709e-03
9.499627841820165730e-03
9.000162176941056344e-03
9.414716514273965484e-03
9.216629582017812905e-03
9.152476573650050740e-03
9.636282658659340097e-03
9.255375594074358864e-03
9.525769285844145132e-03
9.690760214375825771e-03
9.103168702218373751e-03
9.224623534469839417e-03
9.916006865056255573e-03
9.111820155456059125e-03
9.389417931092484959e-03
9.451628078212995221e-03
9.707954707515214360e-03
9.189396504294749038e-03
9.444729861764689788e-03
9.276132279058100713e-03
9.749112810676505841e-03
9.443711346711401375e-03
9.524479202902324040e-03
9.257121760781278352e-03
9.639378718156238132e-03
9.266658288283772388e-03
9.635086326408784721e-03
9.181049151482363266e-03
9.199765303510847037e-03
9.225813769806663969e-03
9.245731439534396814e-03
9.719644994992105574e-03
8.975671680538152911e-03
9.140696793489474017e-03
9.364444972881646317e-03
8.929351922159821028e-03
8.824386424532634776e-03
9.326948625618107502e-03
9.139671169499909154e-03
9.528557180873399590e-03
8.823966036508043911e-03
9.034460602557302031e-03
9.119305734836364793e-03
8.985052021759776589e-03
9.224956120743759910e-03
9.181675317803367209e-03
8.946755841053590300e-03
8.770555957039594466e-03
8.451067706864715673e-03
8.820757812042981719e-03
9.204765496231434585e-03
8.614213019420946527e-03
8.793695106577526996e-03
8.303658740494775092e-03
8.536244640212719767e-03
8.359940233931526660e-03
9.155654133248295259e-03
8.699992147634803830e-03
8.203812329551271251e-03
8.909187789132874333e-03
8.527244562142268294e-03
8.683968659637556625e-03
8.532504845789695008e-03
8.623061269616649760e-03
9.078308297020351234e-03
8.471539948829659092e-03
8.169210171699928247e-03
8.336419156393142654e-03
8.673812837094448808e-03
8.405506583932817119e-03
8.872401548849509489e-03
7.960490336677511145e-03
8.175476764591439738e-03
8.655565323403904832e-03
8.508282499702970667e-03
8.081483090237774267e-03
8.269744743372805032e-03
8.579296144211889102e-03
7.635342268311848257e-03
8.611062009735354073e-03
8.340550935774885058e-03
8.368697256184264369e-03
7.914315238967508867e-03
8.049793498084699753e-03
7.796783767278789821e-03
7.776069266811444503e-03
8.589780328824509273e-03
8.161859622028712000e-03
7.899017209981273185e-03
8.436427686690122982e-03
7.955311634244016314e-03
8.451179587285584383e-03
7.832214353181574801e-03
8.085720996650733530e-03
7.702127642031651386e-03
8.343010432754236622e-03
8.208834777385492706e-03
7.569545203723575776e-03
7.762810918169409623e-03
8.296270064677356906e-03
8.144810279957439766e-03
7.581248540516835784e-03
7.700015301794401260e-03
7.831089145802331425e-03
7.725701960059359018e-03
8.023276180154139195e-03
7.474060842504607997e-03
8.155690809937700403e-03
7.779766380232447549e-03
7.721605805093490447e-03
7.627478206550095639e-03
7.531318298514452260e-03
8.042936047044669037e-03
7.797894651478651067e-03
7.613984284598649191e-03
7.574985786408515789e-03
7.180041955547616581e-03
7.792461588570692710e-03
7.858324121248209254e-03
7.507434446951385953e-03
7.572364439824725950e-03
7.560887322596294806e-03
7.686792089650723060e-03
7.871521604514724116e-03
7.353191931693663433e-03
7.520815732360569029e-03
7.761940534387412084e-03
7.895216596189835387e-03
7.647367285176065455e-03
7.941166738927113444e-03
7.473747248296335084e-03
7.790516156230495488e-03
7.985533678056124657e-03
7.573164919577803078e-03
7.395785116333672936e-03
7.536866924870190554e-03
7.503378792038433755e-03
7.606429419198215691e-03
7.523876404611979860e-03
7.560183220064288674e-03
7.894375063103581738e-03
7.600213049331188200e-03
7.700443507521166110e-03
7.520288128399393521e-03
7.506764103824239975e-03
7.433040178984239889e-03
7.707445355094639725e-03
7.268183635747160753e-03
7.790144796634299908e-03
7.532100902581571021e-03
7.691871880909451585e-03
7.518445874435505244e-03
7.204426427994394151e-03
7.157509656249086590e-03
7.430243437948287448e-03
7.426011210950000246e-03
7.653066368316011406e-03
7.706918013264617805e-03
7.500686263293559163e-03
7.456615988502913843e-03
7.209545786079627101e-03
7.335438118484226451e-03
7.526574557170095069e-03
7.496858520824010996e-03
7.723589637925897325e-03
7.003923365182812381e-03
7.067449701056432478e-03
7.582926257376939455e-03
7.366038527776321010e-03
7.043885215556850744e-03
7.474034979670023983e-03
6.895439185979377467e-03
6.793956170110635948e-03
6.832101048428549511e-03
7.085843190555841595e-03
6.914799718814338900e-03
7.254501084059858038e-03
7.502971215118631881e-03
7.130948224051576571e-03
7.297210097970813041e-03
7.321128521916888711e-03
6.774471634175906892e-03
7.019131074588457440e-03
7.362801637514169474e-03
7.460703971278243550e-03
7.217671943501224353e-03
7.514511853842832136e-03
7.370975394477329370e-03
6.866213648615091675e-03
7.633664284127859335e-03
6.919824250526151674e-03
7.091896192409008308e-03
6.605801501376789599e-03
6.999491337433835260e-03
7.004816179169015208e-03
7.553485320302388319e-03
6.663775378277651644e-03
6.848877527407766508e-03
7.157080045906471025e-03
7.021697450858931273e-03
6.866795542241007494e-03
7.088240293788956696e-03
6.485424964821976702e-03
6.831038713713536402e-03
6.681431663564453213e-03
7.028585911609209515e-03
6.720450991655029134e-03
6.913540096886087831e-03
6.730192692056932886e-03
7.221299574513943831e-03
6.814038415086885563e-03
6.758317228885139805e-03
7.059107200218593670e-03
7.186831885093195212e-03
6.529625492738432360e-03
6.756854566655961375e-03
6.718591644736583018e-03
6.563226748635401196e-03
7.057166954496784696e-03
6.459980894620890972e-03
6.432898726374696764e-03
7.120841826454534298e-03
7.073068351592100116e-03
6.433184363807939281e-03
6.490432240236987393e-03
6.497350713686522033e-03
6.880179316550416244e-03
6.785026170469021269e-03
6.625068601798250571e-03
6.348030644266517905e-03
6.492035876201176885e-03
6.650336534669571385e-03
6.872694935481332527e-03
6.580914444701164989e-03
6.342965590041544158e-03
6.546286058223095734e-03
6.804837976540806764e-03
6.582751466343464246e-03
6.350649119587228886e-03
6.772898497691258284e-03
6.196903918972777349e-03
6.332121615489912092e-03
6.608384162404095513e-03
6.587573695535709969e-03
6.581635035407405049e-03
6.459752482853968643e-03
6.024461098486106475e-03
6.696328344557019724e-03
6.357137450550524524e-03
6.322304273960875631e-03
6.241270247342662995e-03
6.595370609407505934e-03
6.117755301028034859e-03
6.169490433528644104e-03
6.362020991703929394e-03
6.570103444480283189e-03
6.255783316141000534e-03
6.384542134080758644e-03
6.080540702006795306e-03
6.148788925460447509e-03
6.335579709088256899e-03
6.216983344117374063e-03
6.448848631578522200e-03
6.100532164526915185e-03
6.620663088128358499e-03
6.541848063577127351e-03
6.363845220007405441e-03
6.329010166850557173e-03
6.283688228654491122e-03
6.155755430029746789e-03
6.196817733919975438e-03
5.962954187894759991e-03
6.126431337234398283e-03
6.504537792629661030e-03
6.302148953786035866e-03
6.092439817844436112e-03
6.293329715158158671e-03
6.638520925258333677e-03
6.184778068571051765e-03
5.815376757012272885e-03
6.195608591308311361e-03
6.231027937967425177e-03
6.131165978783143997e-03
5.926519219904419211e-03
5.665808689743505842e-03
6.493351893375023769e-03
6.147201197336660608e-03
6.006557580482406108e-03
6.066360377029781335e-03
6.200079212374203126e-03
6.228470209337372797e-03
6.143793386725251472e-03
6.241018270018638611e-03
6.260798442697357649e-03
6.432298090382928928e-03
6.291393935672688793e-03
6.132953180885030060e-03
6.213684689395577651e-03
5.877995953424959216e-03
5.802659946537945188e-03
6.033979971892295020e-03
6.057408985303658344e-03
6.026033967902897671e-03
5.948324525990960482e-03
6.032545962849840925e-03
5.663759978580520417e-03
6.043330245951610176e-03
6.021110933579233541e-03
5.780864685279594496e-03
5.916217235538616045e-03
5.965283456096356907e-03
6.216159371751653513e-03
6.021834472944880522e-03
6.278176056098505944e-03
6.204154058653646962e-03
5.606816078872080451e-03
5.986716082125441429e-03
5.850149895837736258e-03
6.101518818217655307e-03
5.923955208621304105e-03
5.768855837367024494e-03
5.877712661334861220e-03
6.138367948040965652e-03
5.939810531441165609e-03
5.512905166673472135e-03
5.605434033457042976e-03
5.491138759633409569e-03
6.049180509127447154e-03
5.795164935619934177e-03
5.268829116084975880e-03
5.901006554514475443e-03
6.083277531179736262e-03
5.812189874029752810e-03
5.585298777322035557e-03
5.907957155763684208e-03
5.533110163250866756e-03
5.898766733851704830e-03
5.794153529103669535e-03
5.759216333777292425e-03
5.840918503747420144e-03
6.160267879532079632e-03
5.930915318400537851e-03
5.295896905681525026e-03
5.549065788772115926e-03
5.413763923972325989e-03
5.868573217995695472e-03
5.770806503213546206e-03
6.127736574438427328e-03
5.625902308379680632e-03
5.884098801021015075e-03
5.588949371686557574e-03
5.448858312677213114e-03
5.645300289205588962e-03
5.821136787089777227e-03
5.483894028977517876e-03
5.539235931756611095e-03
5.587224257178795631e-03
5.554145801379638779e-03
5.473893862396454237e-03
5.569880507606908039e-03
5.620455257395988967e-03
5.543901288103282067e-03
5.610057313823604147e-03
5.818264409975126839e-03
5.589164404712930467e-03
5.446044031397148481e-03
5.473168850074573710e-03
5.851473069896675518e-03
5.602846717839562833e-03
5.416587788008383857e-03
5.307581820818392873e-03
5.493065592429706087e-03
5.411255834993699415e-03
5.526191228487640876e-03
5.378773189563739593e-03
5.879554664645033832e-03
5.705545037257220981e-03
5.946075042670342405e-03
5.888924973107684951e-03
5.374956729356982106e-03
5.416463219223007636e-03
5.634253615869956253e-03
5.087640939960279794e-03
5.411813314468624445e-03
5.179421098616073665e-03
5.503795606466338648e-03
5.519848215710463323e-03
5.585030741466715659e-03
5.252780283044088463e-03
5.235664478352088091e-03
5.677762409423996702e-03
5.054239813326320656e-03
5.426026022202684596e-03
5.106495630663551721e-03
5.454629351215569549e-03
5.220978425400927408e-03
5.391724356738684248e-03
5.399625112045393707e-03
4.994332380967920169e-03
5.239109396884177039e-03
5.462201536940796374e-03
5.196671386542685810e-03
5.281920569310687846e-03
5.493086066626754783e-03
5.201953767499325858e-03
5.214913331073701280e-03
5.076217425271164693e-03
5.095968418388109079e-03
4.929458438331247444e-03
5.403166313249438586e-03
5.494468077795072215e-03
5.185341606593716658e-03
5.183856659523189241e-03
5.502758273286905213e-03
5.312923241335930184e-03
5.339685089321290212e-03
5.353400681007895387e-03
5.468509592119991797e-03
4.984326059996368845e-03
4.957401675206520204e-03
5.121962465162270550e-03
5.267210508818584956e-03
5.329515587605560510e-03
4.936633997553714279e-03
5.169546714964140532e-03
5.481444107301569786e-03
5.100200946977236256e-03
5.250589179340812117e-03
5.315965318659682595e-03
5.180509078028828866e-03
5.545986158757022430e-03
5.411785455091218736e-03
4.921425812580981773e-03
5.270905091712032274e-03
5.253157535150836457e-03
4.930622891396482625e-03
5.269407150373854251e-03
5.070551586908884738e-03
5.032057389589120015e-03
5.178233555793801575e-03
4.897150693293099433e-03
5.131969778793423094e-03
4.832669575820645880e-03
5.143006852155117617e-03
5.024876756715869822e-03
5.315257630979483387e-03
5.145425569261238320e-03
4.938884939687928320e-03
5.044913761798003847e-03
4.974355698203061088e-03
5.026949126358172364e-03
5.225254596268010150e-03
5.085095560661495942e-03
4.984677658476569136e-03
4.992356390357677483e-03
5.097428152627167183e-03
5.107900129423637893e-03
5.030059120022693092e-03
5.203725170370818338e-03
5.315365351015584501e-03
4.863544349598896734e-03
4.743958460343551849e-03
5.152780735120893879e-03
4.859205368725147758e-03
4.784491850880203193e-03
5.029836289156296332e-03
5.197370535458395273e-03
4.681434734755603524e-03
4.729724397634639879e-03
5.173540022509873215e-03
5.349251504274241467e-03
4.995330529477781147e-03
5.181276811389146260e-03
5.060273414666319192e-03
4.872474694134979432e-03
4.711500990137570434e-03
5.162815194944515677e-03
4.811160787527794802e-03
4.930503574812395741e-03
4.930718937224785360e-03
4.734454655974934013e-03
5.102259718300811674e-03
4.819125477142212517e-03
4.881368502335821022e-03
4.638228579189443250e-03
4.508596775269758244e-03
4.843084377676332153e-03
4.575599408672102741e-03
4.728268552255825152e-03
4.704359862536044296e-03
4.989979487283313815e-03
4.938825252901210376e-03
4.741127006815139960e-03
4.848334084538307928e-03
4.920373342282865700e-03
4.552578492826308242e-03
4.905507090321048307e-03
4.907083156202582570e-03
4.922093619358371662e-03
4.926206518715244183e-03
4.711540040390623310e-03
4.644098771080519897e-03
4.660226976683489244e-03
4.971335586593371436e-03
4.774141695100415569e-03
4.866127949535625080e-03
4.589281140083591171e-03
5.104278418830151404e-03
4.672046290961705262e-03
4.815926750660439078e-03
4.909892059876010302e-03
4.796862601996237409e-03
4.593734879339781037e-03
4.624145814881980981e-03
4.928832640721659067e-03
4.546841362438742463e-03
4.638612034893355857e-03
4.753312521589526767e-03
4.439768447124962242e-03
4.620250191842280134e-03
4.751573329275165548e-03
4.492904865737302848e-03
4.603739926346402285e-03
4.738125487579259235e-03
4.767567181028222259e-03
4.718981420047885927e-03
4.869869351066531508e-03
4.740861930024184261e-03
4.623147840110390303e-03
4.721828586398478349e-03
4.931653135984259695e-03
4.966316653349208202e-03
4.755311999525697365e-03
4.555852910664441417e-03
5.032045308949241805e-03
4.368716912291219917e-03
4.529017884067463098e-03
4.414384990174748113e-03
4.707107138006870126e-03
4.678354295070010979e-03
4.744362293427123109e-03
4.374313105674690685e-03
4.516191686797049916e-03
4.442301352621580435e-03
4.614917639336303147e-03
4.429300586107271821e-03
4.305169828011827689e-03
4.488907740900029142e-03
4.213927275113264759e-03
4.163004608012711889e-03
4.584303602929599986e-03
4.472142385907524817e-03
4.830450835371194983e-03
4.631986552932284423e-03
4.577121093535184773e-03
4.447699169394679977e-03
4.853156000369751068e-03
4.881416288148259126e-03
4.462677856183722841e-03
4.641684383131066023e-03
4.462399041875102050e-03
4.479202255999075941e-03
4.727094282512454664e-03
4.718448888893184839e-03
4.358161243607018391e-03
4.490974947351257344e-03
4.657392722416255071e-03
4.462251136986076540e-03
4.234620545055054613e-03
4.319701347602226092e-03
4.573680250936748917e-03
4.539048159534268129e-03
4.574634789806852030e-03
4.681787994315946173e-03
4.642341519393376748e-03
4.380065587460859299e-03
4.342093921604950335e-03
4.289568905547087516e-03
4.384740075706904973e-03
4.612231319608132117e-03
4.493267879693695066e-03
4.552921643767532042e-03
4.639696417150136060e-03
4.430542327533676383e-03
4.349917010070297914e-03
4.489553520452226748e-03
4.341064346756545733e-03
4.405346682796867745e-03
4.457808962698273265e-03
4.483258102218171809e-03
4.628664001463803253e-03
4.678362193727888044e-03
4.422983694273375892e-03
4.539182367663093659e-03
4.469598103073614721e-03
4.449245261262241118e-03
4.411656805672539011e-03
4.507505409519358720e-03
4.294313315224341544e-03
4.428967531687717958e-03
4.398418628557498010e-03
4.583008626868361433e-03
4.566665297274401410e-03
4.607039217283876928e-03
4.563625478301551984e-03
4.403520782872542144e-03
4.348291037799773516e-03
4.756346052648113137e-03
4.661399579610567973e-03
4.753667498016452345e-03
4.400495845920543610e-03
4.492140332657524292e-03
4.714496342994403157e-03
4.404508735432592983e-03
4.458416496940921341e-03
4.527342638858905186e-03
4.506326384246884045e-03
4.209988513948904713e-03
4.472346527152098322e-03
4.326060758417211473e-03
4.597800609216680552e-03
4.324294109999148039e-03
4.148879031458644999e-03
4.331817670662309501e-03
4.384428771437963966e-03
4.331593679365707689e-03
4.352211064500182032e-03
4.479016021839146537e-03
4.408529439599303580e-03
3.980837393181395518e-03
4.155836406254548657e-03
4.209150280752918354e-03
4.453834557769840996e-03
4.248864849160348574e-03
4.249906131438571308e-03
4.440225454669479051e-03
4.538690660577944513e-03
4.179596301393037963e-03
4.275144358206216244e-03
4.326076119344479491e-03
4.496270399202766457e-03
4.430244676072977832e-03
4.179698141004262874e-03
4.179788599816837945e-03
4.485486854674283937e-03
4.356021055791761687e-03
4.494434550136509540e-03
4.334602766278174493e-03
4.318426618231882563e-03
4.313165785685539946e-03
4.206911067203725034e-03
4.289468140195621011e-03
4.125322864468444588e-03
4.290910170477770132e-03
4.304434936928409200e-03
4.203479201222663948e-03
4.387766476913724199e-03
3.990105510095737218e-03
4.273408924568282419e-03
4.080723498985659725e-03
4.147882966975643959e-03
4.245942401102631089e-03
4.220748186339092455e-03
4.214600144513852044e-03
4.338451595935655970e-03
4.405301730101016458e-03
4.439204507376149321e-03
4.131236071144224128e-03
4.421416721417381623e-03
4.236438717691967844e-03
4.241947286331999162e-03
4.288954237694882210e-03
4.301188657352091223e-03
4.134358077972077015e-03
4.255729448703666866e-03
4.227859836015323419e-03
4.114704701730542875e-03
4.268901107140459991e-03
4.307716748753581334e-03
4.294970804552059908e-03
4.262984942406337907e-03
4.391792953725302991e-03
4.253667828884324931e-03
4.334739491549125835e-03
4.498987857490536341e-03
4.423094132217512790e-03
4.357719535485788005e-03
4.318131341540052542e-03
3.979638194078056329e-03
4.276546102848161404e-03
4.322485444811514053e-03
4.361116368235972048e-03
4.131126529480220674e-03
4.222880397766209763e-03
4.295744093252142765e-03
3.802642645364537593e-03
4.274033157046107020e-03
4.293235907298536928e-03
4.125040041138204779e-03
3.994931314829143834e-03
4.127976556175183380e-03
4.257378128709728669e-03
4.282651042216456191e-03
4.126105531310788471e-03
4.161373478718314450e-03
4.320037539624273747e-03
4.001245565446746345e-03
3.980311081717551394e-03
4.425879307325857222e-03
4.230018249389112112e-03
3.973442085731924804e-03
4.108820383992841004e-03
3.935854354030966784e-03
3.780262814997048092e-03
4.217625380793058563e-03
4.286861855860502578e-03
4.483250582050247665e-03
4.142890879377904463e-03
3.897947913063050211e-03
4.540971453746164323e-03
4.295022891021831740e-03
4.177398647187047578e-03
4.004207689193232077e-03
4.251877634473710810e-03
4.073580242360749781e-03
4.143052246515371850e-03
4.346177728172663339e-03
3.941474167330685265e-03
4.019944821366790676e-03
4.115141038795504247e-03
4.125968718220232243e-03
4.218432688254772009e-03
4.264243099041990781e-03
3.890094402096913682e-03
4.017843272626746808e-03
4.172781756447347876e-03
3.980579594764836054e-03
4.253813423645365702e-03
4.175615740150444982e-03
4.082575023322460896e-03
4.201650383211319797e-03
4.310531432151938624e-03
4.099953160346405355e-03
4.233784184175851638e-03
4.236844070020456474e-03
4.051776908406815036e-03
4.055060948926896350e-03
3.829411458041726522e-03
4.164821630697403132e-03
4.138088096302378234e-03
4.099335377021179859e-03
3.901329754963775345e-03
3.793782700561061302e-03
4.059303205804934943e-03
4.292848561183462697e-03
4.199449886362378523e-03
3.923723843556384955e-03
4.139681987754734865e-03
4.198233537466867019e-03
3.925911148574263813e-03
3.642850263474618853e-03
4.265200129264185534e-03
3.955800606751937523e-03
3.939488581181442052e-03
4.039328397893016294e-03
3.878950410798141530e-03
4.080227450017483853e-03
3.923048675735669837e-03
4.186117802171271732e-03
3.960913962697453806e-03
4.126730663578091242e-03
3.857196627509280450e-03
3.963187458323729623e-03
3.690393058784666083e-03
3.996217120185756137e-03
3.939399211219682916e-03
3.920214463682521189e-03
3.971099755658446043e-03
4.122795637186245019e-03
3.821846516127023769e-03
4.002921552003387007e-03
3.821854755446381195e-03
3.878905018375020455e-03
3.970038802816871527e-03
3.979591157584249674e-03
4.073840649643163496e-03
4.108275542852162301e-03
3.822997592763331762e-03
4.081136689442782343e-03
4.228122224312361177e-03
4.017307828128329275e-03
3.628989491192836404e-03
3.965727390043625490e-03
3.860479501261594292e-03
3.802079646132809024e-03
4.011084214044923976e-03
4.034168836267401984e-03
3.966543530058778445e-03
3.919289422811463204e-03
3.927153810984315360e-03
3.747984480400650895e-03
3.841657658961825702e-03
4.045145795277134068e-03
4.028398410670681364e-03
4.069543392308939793e-03
4.032791605325847586e-03
3.913771851722112026e-03
4.050979374569909502e-03
3.996373755332858872e-03
3.799791311397030403e-03
3.981623513192203249e-03
3.975305985974392567e-03
3.761698673098943721e-03
3.777592866799556366e-03
3.685780613384391502e-03
3.903764265121689031e-03
4.157216734956436892e-03
3.795123606542534153e-03
3.933170948006194101e-03
3.944718484015953888e-03
3.913636368401267676e-03
3.731144497066725494e-03
3.896040207726989175e-03
4.081208272102543853e-03
3.839797015909710010e-03
3.712985618327017002e-03
3.832426137629105483e-03
3.544332581841794661e-03
3.704961769569927420e-03
3.927957774629011259e-03
4.043898193707672929e-03
3.787425128160046457e-03
3.989054827176186611e-03
3.942135531241285594e-03
3.909892806570705939e-03
4.002014178473164985e-03
4.012928529697665746e-03
3.868363033248073228e-03
3.687951663550775600e-03
3.919718100435700542e-03
3.435616334712367475e-03
3.825345659922506792e-03
3.909824249758434532e-03
4.019426424318755901e-03
3.876969015715557403e-03
3.905358226854518510e-03
3.655346541324398357e-03
3.765345873847811622e-03
3.910692535253391423e-03
3.527821683733799174e-03
4.090100383114200246e-03
3.728366123270978813e-03
3.690329112407856899e-03
3.757074708337829368e-03
3.891333642521848952e-03
3.518952171715101010e-03
3.880764191519810516e-03
3.634399224315504068e-03
3.632100587352572046e-03
3.759588205283083840e-03
3.510282726815080329e-03
3.783437485521251847e-03
3.800955374183648434e-03
3.634840316950260167e-03
3.620306275898714250e-03
3.687562987276511110e-03
3.903482766703391098e-03
3.613627850004605228e-03
3.448727081930516147e-03
3.779601559923686897e-03
4.001632624829262741e-03
3.808469368956137868e-03
3.488503643220792604e-03
3.843350386420010725e-03
3.739315209108379050e-03
3.998052426973560877e-03
3.638429356643187087e-03
3.571206617336460543e-03
3.492588405551748463e-03
3.727460636264055480e-03
3.468959281366216108e-03
3.754772552654521509e-03
3.860745011528335640e-03
3.736335206834965738e-03
3.880046273635283979e-03
3.796375473935893839e-03
3.672194812812441204e-03
3.837483158292960377e-03
3.678686354202540584e-03
3.804746040982901444e-03
3.675561769196663327e-03
3.551762135737445997e-03
3.610381261840122681e-03
3.695407958757666519e-03
3.758773831965671677e-03
3.801174326922296138e-03
3.599634684896556563e-03
3.622016455726814830e-03
3.713190324351042012e-03
3.510468448860307091e-03
3.684310785997959529e-03
3.860577665065604604e-03
3.874423116811073504e-03
3.559732771847340296e-03
3.548291347078469556e-03
3.689170113282777552e-03
3.569718751768917453e-03
3.657803970537322220e-03
3.840932856967056372e-03
3.608917360025352961e-03
3.610678608421650712e-03
3.840287156463840102e-03
3.599510911093339004e-03
3.461572094051510937e-03
3.739361366709926821e-03
3.626414612359794062e-03
3.805149479231435643e-03
3.595852371370456598e-03
3.657971657509926158e-03
3.318684626712756908e-03
3.516411853175287466e-03
3.681698267928189359e-03
3.701767015377220235e-03
3.623347296058082850e-03
3.710732468716775902e-03
3.576406904351328922e-03
3.542957927368424898e-03
3.506313831621934562e-03
3.595492698616165831e-03
3.712122272561033630e-03
3.762705294155058253e-03
3.434228501770489415e-03
3.825102924237880602e-03
3.590709617451086876e-03
3.585628724617063827e-03
3.523095849220806049e-03
3.714153322790261953e-03
3.507974392499048962e-03
3.848606058916274712e-03
3.431470086380728358e-03
3.525118483112095295e-03
3.385485108331708765e-03
3.559105415934824684e-03
3.550014641798610992e-03
3.420577739343100797e-03
3.667594055378617639e-03
3.493543053607552854e-03
3.646777994844793268e-03
3.473379693143238515e-03
3.391367002696549747e-03
3.738387882205194013e-03
3.631241836286045518e-03
3.404436252355564664e-03
3.462932853047837392e-03
3.388900539199067152e-03
3.810313294491012807e-03
3.428069108717147432e-03
3.603666647077155040e-03
3.355063413754980073e-03
3.699773099770437522e-03
3.696396508696329214e-03
3.554851421139035468e-03
3.488264914170396535e-03
3.424857803565738157e-03
3.597567517258004090e-03
3.766885304174013432e-03
3.752349585484290699e-03
3.394497355853878275e-03
3.461175776993807331e-03
3.779127375476132571e-03
3.408178550750244010e-03
3.565186180102811273e-03
3.400133756766781680e-03
3.509849176894629802e-03
3.543051345147179686e-03
3.613966367328202284e-03
3.432165132936601439e-03
3.529719240330122295e-03
3.653762476304520633e-03
3.455110913651462598e-03
3.405602312990324392e-03
3.413538224528703171e-03
3.395642226712635575e-03
3.546565362595603503e-03
3.461627310900155553e-03
3.618299680199634633e-03
3.389929649918715926e-03
3.602270016368265548e-03
3.397679056357790633e-03
3.437848217712345840e-03
3.434060491796253525e-03
3.655668935632112090e-03
3.438315617687895571e-03
3.527669475147582941e-03
3.422428999596824947e-03
3.473907566529442752e-03
3.375323265147856747e-03
3.512383178539858677e-03
3.341484830764754766e-03
3.823083681549170089e-03
3.857143391311305351e-03
3.479430631070647498e-03
3.445767059796394152e-03
3.571951343626404967e-03
3.450141020026328137e-03
3.301789155489153523e-03
3.448057122209263574e-03
3.298627234883493888e-03
3.434037093680781041e-03
3.484854164191665375e-03
3.331993174404894280e-03
3.198401912136810549e-03
3.814797999020668687e-03
3.560125321922066616e-03
3.671309050580814047e-03
3.362346871300808844e-03
3.478845256323548265e-03
3.388505045277027342e-03
3.305184587846157675e-03
3.462760123224817993e-03
3.273883078077986352e-03
3.338142316373882493e-03
3.526281596777117340e-03
3.606510891254864452e-03
3.501394871196789309e-03
3.197838459837260439e-03
3.483005074586814978e-03
3.483448415653226781e-03
3.478564290176456176e-03
3.399976081696508799e-03
3.741874215795581125e-03
3.297019892680292958e-03
3.383685327090855694e-03
3.276729403278662127e-03
3.387761525804380489e-03
3.336737462185227800e-03
3.632928260200269429e-03
3.438361933515127200e-03
3.357532659280318150e-03
3.596089789981474130e-03
3.224089063395140994e-03
3.442404536063911179e-03
3.333058729510489197e-03
3.345600442146411720e-03
3.346173231892829187e-03
3.377818805012706548e-03
3.551854038526309435e-03
3.306359080636687466e-03
3.479464085847628306e-03
3.526282479285214322e-03
3.239167758921254660e-03
3.440786912913162531e-03
3.464721258854996933e-03
3.439945945994526445e-03
3.582085710256116984e-03
3.343184309986959625e-03
3.397364149397107472e-03
3.534788137053128908e-03
3.374342229013228747e-03
3.335651474910102370e-03
3.314243793927006739e-03
3.169035925353361378e-03
3.471374795355114829e-03
3.471812383659483425e-03
3.334943822558127449e-03
3.364160952357255711e-03
3.476953640742605316e-03
3.121756369772658510e-03
3.399708206425847319e-03
3.403528512774710128e-03
3.439623037942993525e-03
3.486881389210502204e-03
3.286256495158020475e-03
3.415298958793117588e-03
3.334723453451396598e-03
3.385319542058957097e-03
3.485533296252838528e-03
3.445755157433701924e-03
3.181033060191816586e-03
3.307034367371518551e-03
3.642455689005596672e-03
3.303690503257992322e-03
3.062868364540584191e-03
3.279702908522428087e-03
3.313151800668028696e-03
3.461947407637710854e-03
3.256462013492697743e-03
3.247243235264116266e-03
3.617461045240479098e-03
3.341814358660448805e-03
3.224713329026230452e-03
3.634047025324522052e-03
3.412198545572273523e-03
3.368876823517418569e-03
3.460038063607331991e-03
3.186370823308116128e-03
3.340799944276719082e-03
3.306415578516566731e-03
3.267259839381806471e-03
3.305831783561395416e-03
3.194719480583685638e-03
3.109376917452174628e-03
3.255134420411970233e-03
3.439975177533523103e-03
3.241797637062236118e-03
3.176202725480754396e-03
3.261818010652236133e-03
3.157699860943764553e-03
3.113956904529360456e-03
3.344730640567464709e-03
3.404160165819762260e-03
3.259620597919017215e-03
3.408204901583246609e-03
3.419332326953931130e-03
3.587440024269245801e-03
3.332235747700642084e-03
3.257301929383637964e-03
3.338764745004435455e-03
3.290692838097297301e-03
3.277021472100583640e-03
3.116531631608953582e-03
3.375048792786128696e-03
3.108305638018340859e-03
3.337703835726284641e-03
3.274521676734077919e-03
3.368333313207645414e-03
3.142389555646720248e-03
3.135233098587892914e-03
3.092955129468315939e-03
3.184837688591550791e-03
3.271478306164986131e-03
3.336388537114616699e-03
3.314112410767134417e-03
3.286104114334535524e-03
3.185496449589771129e-03
3.319133274621150192e-03
3.512982672898840378e-03
3.293833584934955424e-03
3.353772336910873855e-03
3.168882310756933243e-03
3.176856668934708444e-03
3.159242871770923285e-03
3.417979955063326410e-03
3.214532276127478501e-03
3.176316581471917699e-03
3.350390627903891607e-03
3.317040072195037107e-03
3.162749506815634021e-03
3.301569053377518409e-03
3.159451201603390418e-03
3.219242921944922946e-03
3.220336056917117579e-03
3.237843583761067928e-03
3.144504018836621721e-03
3.044954505108019970e-03
3.298536054615034633e-03
3.196857844809916031e-03
3.165310503243897247e-03
3.074025872733704510e-03
3.230759517463853599e-03
3.082877223510177307e-03
3.144772249512946000e-03
3.017789858160938900e-03
3.253843563334179838e-03
3.253071835278417787e-03
3.156895737082734098e-03
3.306713296236277015e-03
3.386248478163904861e-03
3.243661943957206785e-03
3.273706927359180691e-03
2.931067426559232688e-03
3.314106722061145507e-03
3.236688603674577492e-03
3.493861571364897251e-03
3.153557234803425809e-03
3.189250195240450787e-03
3.401179785572492308e-03
3.172665281308457291e-03
3.240257265199220083e-03
3.075959079876519533e-03
3.237766009831280316e-03
3.467202517479938198e-03
3.157251119518926247e-03
3.345528916898432136e-03
3.082174922308730282e-03
3.072377324480167829e-03
3.160533854984016837e-03
3.178495589511820367e-03
3.176822711889659787e-03
3.181102496669924260e-03
3.082716968901007704e-03
3.068902577683318370e-03
3.151600863779364502e-03
2.986262935435750072e-03
3.060076172280967385e-03
3.031236382649129483e-03
3.350781537409449132e-03
3.119559925718959001e-03
3.244435098458121371e-03
3.085250687551507800e-03
2.997563832097723154e-03
3.383868238532256392e-03
3.143097482863929475e-03
3.191523750502659081e-03
3.127087363373295612e-03
3.075566180750645418e-03
3.096659316288715574e-03
3.448357614066712394e-03
3.107965270668719936e-03
3.111539330858655548e-03
3.237355725583540220e-03
3.411896297127898874e-03
3.128764070496946412e-03
3.256741950551172993e-03
3.086445775791219186e-03
3.128312732536009128e-03
3.105648446279038813e-03
3.380326758891349839e-03
2.898458285416953117e-03
3.096124623818942261e-03
3.577370152482196430e-03
3.095876637038968895e-03
3.235223784838470434e-03
3.108336487858822956e-03
3.013383952154939215e-03
3.156427326353666157e-03
3.016831538755460149e-03
3.063857261852817333e-03
3.168103717010764368e-03
3.055669837429488174e-03
3.082778423622502522e-03
3.104380433144859289e-03
3.225398474407092583e-03
3.137193066480654241e-03
3.156086139680591967e-03
3.021612215757091355e-03
3.063819308426023180e-03
3.113497318106687051e-03
3.171453253623116291e-03
2.860440794997438224e-03
3.081351453410700013e-03
3.189022207256152902e-03
3.236917724898949640e-03
3.085138510678887488e-03
3.040785417195242171e-03
3.116880830296268196e-03
3.122479337849972444e-03
2.961056426174211911e-03
3.276152596083318179e-03
2.944960991711443373e-03
3.216669873467084377e-03
3.197693814523503049e-03
3.219531110456830617e-03
3.126306659747604775e-03
3.113089893818767138e-03
3.138169068088380535e-03
3.095158143897635758e-03
2.990541603276654966e-03
3.083044022486021354e-03
2.967926147400738388e-03
3.018299606926894488e-03
2.952355524824751189e-03
3.221928959074649330e-03
2.927249474632602575e-03
2.881354739254686145e-03
2.978311947614425709e-03
3.027049288068992677e-03
2.945584367949279341e-03
3.313144634024947632e-03
3.127481527248988924e-03
3.167534555130191009e-03
3.135980017712415319e-03
3.010494271155426515e-03
3.097027380373587255e-03
3.080418008265142608e-03
3.202700266786165373e-03
3.147617593042824607e-03
3.159085515289999750e-03
2.959727758544860709e-03
3.001058592947435967e-03
3.100274118517830184e-03
3.054379245574027554e-03
3.007343627738304475e-03
2.842457725713563085e-03
3.086755306942090722e-03
3.168433840560412520e-03
2.965402689660566731e-03
2.949489693440189835e-03
3.023133017169258099e-03
3.093450421457629839e-03
3.065574203156022116e-03
3.168263907332521771e-03
2.897230702140574619e-03
2.879603752137976577e-03
3.091067526204320428e-03
3.006591670257939292e-03
3.027882247591637266e-03
2.948211212362487465e-03
3.193251247782458863e-03
2.925255941302470734e-03
3.053913340689387405e-03
2.999884383437000004e-03
3.072776685589387064e-03
3.225557047878184914e-03
2.951461508995567324e-03
3.141226332524045192e-03
2.801490831097879115e-03
3.077362708295769411e-03
3.400531231806581348e-03
3.027710318965204372e-03
2.915921668316754072e-03
3.088489007847342819e-03
3.096577545320118585e-03
3.125693697628152429e-03
2.990110649910339338e-03
2.966521711710293305e-03
3.131498812387113664e-03
2.922739442254489693e-03
3.147847760384758255e-03
3.048853376864445273e-03
3.017811247379238639e-03
3.046517985925826545e-03
2.963736963130132740e-03
3.229248128853075012e-03
2.906247853834069243e-03
2.880480644252354089e-03
2.997194738317431831e-03
3.100306070432049237e-03
3.181612580978565499e-03
2.963866776493560319e-03
3.038930279023790201e-03
3.091276180630255551e-03
3.082362899070012398e-03
3.045417904888812668e-03
3.100825831524002627e-03
3.048984306126388370e-03
2.918659367748012261e-03
3.050886179442015983e-03
2.925984253350175437e-03
2.950726711875031015e-03
3.005325401836302177e-03
2.917296978437366496e-03
3.028537148139041815e-03
2.870272483541404501e-03
3.013277333530464067e-03
2.894665361240516491e-03
3.094887678920503309e-03
3.163980063063442753e-03
3.175757591108894443e-03
3.149849718766305727e-03
2.850001664211750715e-03
3.063131057696578605e-03
3.136624454257635163e-03
3.009057621057029900e-03
2.934916490024350177e-03
3.208975491393381476e-03
2.842986710314117024e-03
3.224980981819339926e-03
2.848158682081885270e-03
2.870332630411979741e-03
3.023421292456440670e-03
2.662852651394465552e-03
2.965167138164477145e-03
2.974183983449467730e-03
3.050096060346456969e-03
2.967007676186373191e-03
3.006734991973809140e-03
2.932013754960623771e-03
2.950973963594363120e-03
2.957127110373741763e-03
3.030065514608629770e-03
2.895578703517286308e-03
2.920983350605906980e-03
2.736479611016149130e-03
2.908778119566423487e-03
3.044293742563182383e-03
2.820793941381172058e-03
2.663010084098886652e-03
2.944692788418619509e-03
2.876208970673983789e-03
2.927920099385424024e-03
2.887855871195112948e-03
2.968316533662043299e-03
2.767431975135084977e-03
2.845494560523796710e-03
2.958124578476666652e-03
2.867037330638866777e-03
2.867781435652047659e-03
2.801491171937974846e-03
2.801667307980138660e-03
2.838480980374674233e-03
2.681272746043121980e-03
2.935713445692419120e-03
2.821411021032143706e-03
2.903866489073677996e-03
2.997407387816239735e-03
3.131869213744576524e-03
2.985200931982216581e-03
2.997365796055070485e-03
2.891601198403545483e-03
2.860660965700475428e-03
3.016911828272416957e-03
2.908057948172377769e-03
2.765897133061120082e-03
2.903037027415140709e-03
2.664519630618910132e-03
2.861783642859801104e-03
2.982565761758820041e-03
2.926316963947058446e-03
2.786955626436504480e-03
2.742997590194837503e-03
2.828113547763669647e-03
2.839262965295876601e-03
2.829578481839212321e-03
2.797444370897652927e-03
2.744853461659616141e-03
2.965116921430876757e-03
2.710725700212479779e-03
2.826687724870799272e-03
2.708497005362088626e-03
3.039218214017608971e-03
2.924448699904295176e-03
2.833804312989881939e-03
3.047467022902980611e-03
2.757908489882473016e-03
2.885899183894751786e-03
2.972527767786561307e-03
2.698142330398676028e-03
3.007159538005817548e-03
2.968138962311916724e-03
2.893925502270469456e-03
2.675429453264883527e-03
2.661603999961243815e-03
2.907526492413701515e-03
2.887473607123846632e-03
2.709840350395949921e-03
2.826547970384347529e-03
2.779046441738578302e-03
2.979252034367891721e-03
2.729397580365388720e-03
2.837027519135522976e-03
3.015358703598542377e-03
2.858945989159633431e-03
2.724097965627886656e-03
3.054404972266424202e-03
3.008202181649201508e-03
3.080676143458384135e-03
2.888934796312925442e-03
2.983769663634780207e-03
2.724886186084614012e-03
2.889120431458922205e-03
2.945995878367026113e-03
2.555359683493731767e-03
2.907797715795071812e-03
2.961839613894531962e-03
2.752438495214408823e-03
2.832587769904116280e-03
2.970126785149359173e-03
2.909473768957148050e-03
2.690847730365079730e-03
2.725068874437469677e-03
2.715800237388729318e-03
2.837185923791452936e-03
2.796280066133625432e-03
3.002245881438137497e-03
2.886390805802727024e-03
2.884216512380347562e-03
2.791526485823675897e-03
2.898222947071307006e-03
3.059039612184823176e-03
2.795818268316067976e-03
2.892466850404732965e-03
2.872875517246529457e-03
2.876219504297620327e-03
2.730651869760000738e-03
2.929950190602327934e-03
2.562115874964988708e-03
2.735012281468664989e-03
2.736189398469794469e-03
2.820241116792602306e-03
2.885868123107570345e-03
2.795901474500597176e-03
2.962171475574080972e-03
2.963376072631936694e-03
2.684504200593761537e-03
2.749669241036277901e-03
2.965490664765324698e-03
2.796041792228348873e-03
2.921644918969667007e-03
2.852961889183051620e-03
2.616723829906240570e-03
2.849800017393976440e-03
2.843922879248953189e-03
2.730042909743303926e-03
2.958882305490859090e-03
2.621730339652916103e-03
2.656792963717853184e-03
2.774029206387819500e-03
2.910403527098440191e-03
2.791401503010776906e-03
2.842994995042789214e-03
2.878861343283700865e-03
2.888160338236309480e-03
2.726887756404317974e-03
2.718505117302478027e-03
2.699499848454071493e-03
2.915913237863160604e-03
2.708227136509921539e-03
2.830984023129107501e-03
2.859570077356845836e-03
2.632683506681134360e-03
2.785677264835246907e-03
2.907461759602341603e-03
2.666931763761547919e-03
2.720873623860808454e-03
2.737153695406237784e-03
2.811956225362633507e-03
2.563599657296939706e-03
2.913376819369099119e-03
2.813076161888010667e-03
2.847288450608119297e-03
2.747749363260027378e-03
2.755620495189077535e-03
2.604839882020017205e-03
2.914491371685887754e-03
2.773549929949408865e-03
2.740127591752356505e-03
2.803254188123625434e-03
2.770297830754477920e-03
2.886896807140239100e-03
2.679670519368047149e-03
2.762767846595612798e-03
2.720582039636187163e-03
2.832907965426138298e-03
2.621220735351232657e-03
2.726243918110246838e-03
2.693507365297121044e-03
2.981226903667879256e-03
2.701577559087430577e-03
2.811535495383164166e-03
3.020776398938654871e-03
2.815351903222253292e-03
2.770984767134933476e-03
2.665919157334370893e-03
2.922427834060040662e-03
2.785170997188249949e-03
2.730734894255434312e-03
2.710947599540831920e-03
2.642914353583169368e-03
2.738441930512852847e-03
2.859185648547066076e-03
2.528200193469579311e-03
2.855011471087100933e-03
2.554292184772120455e-03
2.806413565331147570e-03
2.725469866130847494e-03
2.822763227668112929e-03
2.811197362349306030e-03
2.757401184872891337e-03
2.644365851119062031e-03
2.740183735210668589e-03
2.658940468025605946e-03
2.633922385410769184e-03
2.836895528632333956e-03
2.807991312477375271e-03
2.646676125521663092e-03
2.816583895115592432e-03
2.659290697227590251e-03
2.847581677668472623e-03
2.712567382926620030e-03
2.624276502923325420e-03
2.649164656674845870e-03
2.706346100129057922e-03
2.564908452356863631e-03
2.647423679534898714e-03
2.782301380608168291e-03
2.777630368709510088e-03
2.490257906530576361e-03
2.610959899222551825e-03
2.758328459376229325e-03
2.767097546480870585e-03
2.866717095191026032e-03
2.568972756487509015e-03
2.813850996141661464e-03
2.710198259273867167e-03
2.690334318331313521e-03
2.697759885324231121e-03
2.827780997524771342e-03
2.649597231256849237e-03
2.644618427515041219e-03
2.700730712462684913e-03
2.778963551721906622e-03
2.899722620290013774e-03
2.633135068869250136e-03
2.550962734570300355e-03
2.722318725561385759e-03
2.693244551385808993e-03
2.671349154961716148e-03
2.722916254208727124e-03
2.747380165916282237e-03
2.696711763412133062e-03
2.545899924994608158e-03
2.872198557464999361e-03
2.786679693879479721e-03
2.755577270472143320e-03
2.711998735168407240e-03
2.628584585827181252e-03
2.725749292772286416e-03
2.871289983427797489e-03
2.646939177317194410e-03
2.669548215015547787e-03
2.635813431933168791e-03
2.842702527944515264e-03
2.637521899247479741e-03
2.750585743327568604e-03
2.554225568401282450e-03
2.691978457342488352e-03
2.802035447147714284e-03
2.741612823439046158e-03
2.754049297900045944e-03
2.843059136351311095e-03
2.704730253451395530e-03
2.731238046787647089e-03
2.907781595776981042e-03
2.856404567751429091e-03
2.716305273952603679e-03
2.488257948227101234e-03
2.672756861086697262e-03
2.723734868339286117e-03
2.747528732532341592e-03
2.651267751740679374e-03
2.552131991195723173e-03
2.687754927969102266e-03
2.507404159772429631e-03
2.848079978322277678e-03
2.510933669841491217e-03
2.722275435966919378e-03
2.516397188762732520e-03
2.662083527432565488e-03
2.615737361160095243e-03
2.825182346333066259e-03
2.841121977295634447e-03
2.604982689248093539e-03
2.424319891841361912e-03
2.815443674422331288e-03
2.649420698024519683e-03
2.553408477362187172e-03
2.568634011586871848e-03
2.585899338212804127e-03
2.664192488675571919e-03
2.496100214176431159e-03
2.598148220124371632e-03
2.769075541031350979e-03
2.727029761912845487e-03
2.607169586551925412e-03
2.721768469639546714e-03
2.613540716727361189e-03
2.879615533608998433e-03
2.613609947309220461e-03
2.555343283915457401e-03
2.649180643652407526e-03
2.730466811231442234e-03
2.489408374797501006e-03
2.626172177523384416e-03
2.609861274508725858e-03
2.702603524634637419e-03
2.550883985608150533e-03
2.627170379097331070e-03
2.722213320111579408e-03
2.597867896277590138e-03
2.624283806722211860e-03
2.555475069233405228e-03
2.852094607874203994e-03
2.714675956909637627e-03
2.725372232120687899e-03
2.518307442237944626e-03
2.577663544761501970e-03
2.774197424967257512e-03
2.618463821633176987e-03
2.894505222841111357e-03
2.595996726814455129e-03
2.666165935121636663e-03
2.512475252651384747e-03
2.569147812030467097e-03
2.566361412222232553e-03
2.601760322990424174e-03
2.587295355965246301e-03
2.797832326691095713e-03
2.440228828126045184e-03
2.594941915558173894e-03
2.496887464405251385e-03
2.509529863963880399e-03
2.750052374399819966e-03
2.719277600746154624e-03
2.651852220503917758e-03
2.760457019754570390e-03
2.659641571674126789e-03
2.607702721045316707e-03
2.532697087522974098e-03
2.624230108225809790e-03
2.433212931217584082e-03
2.598934342903392973e-03
2.480299265615641506e-03
2.594695464198365671e-03
2.548502684950557876e-03
2.680521653245183152e-03
2.620747684430049188e-03
2.602908657056777174e-03
2.922366172191441253e-03
2.619063228308424716e-03
2.761156292220584823e-03
2.725184308714910693e-03
2.468190225492431465e-03
2.641882606572686955e-03
2.651848401343501454e-03
2.578431585405285831e-03
2.744183974139929177e-03
2.596002918032326405e-03
2.537007571959585140e-03
2.678256149772170747e-03
2.630780645712040792e-03
2.628251469596313509e-03
2.560336026190491911e-03
2.671779903416794059e-03
2.692465027856705446e-03
2.572151997944362948e-03
2.368616814769169271e-03
2.691336640051524703e-03
2.548939033801131231e-03
2.693695833059452007e-03
2.632503186090890106e-03
2.735073676949345296e-03
2.449096893790584945e-03
2.471469871415100678e-03
2.635026397853493588e-03
2.645907075359514062e-03
2.738295945424884612e-03
2.601347430315576088e-03
2.555312988451005195e-03
2.549625483395867847e-03
2.662913351268745687e-03
2.669163743252733235e-03
2.570309000186390622e-03
2.565976501426030666e-03
2.662627670563906361e-03
2.635721504287947929e-03
2.398601085542129575e-03
2.860613981925841549e-03
2.648759725877432910e-03
2.827471427851405584e-03
2.557559378705049572e-03
2.475032762593372838e-03
2.588970223232061642e-03
2.399782288478980331e-03
2.383083362304306164e-03
2.631252594136059952e-03
2.714423176828131661e-03
2.406833134325706957e-03
2.680159600978164903e-03
2.550910097128135379e-03
2.598254311433235899e-03
2.560598931227443982e-03
2.476120795607149663e-03
2.391968327166854331e-03
2.546918868062747129e-03
2.582497674618561105e-03
2.671573261738397452e-03
2.527975566247171995e-03
2.584712226340735511e-03
2.481761452889950231e-03
2.426880774305459343e-03
2.672909423436271078e-03
2.464983425802068969e-03
2.428153381244294983e-03
2.478984860421649776e-03
2.675844018573323574e-03
2.533312280411516293e-03
2.723604770358188393e-03
2.445288851718858958e-03
2.431916033509823934e-03
2.653948806909538910e-03
2.515436518134319538e-03
2.619673380474359364e-03
2.594157391182442922e-03
2.736333084048209012e-03
2.584165782600420045e-03
2.661334741367142164e-03
2.406685097240874628e-03
2.535858075283326223e-03
2.519622300462071897e-03
2.602412862632488572e-03
2.429861558187235322e-03
2.611366755610528521e-03
2.440912083580603752e-03
2.554138865401112384e-03
2.762216371373739550e-03
2.492070138161141257e-03
2.587776336780730005e-03
2.595316804966305707e-03
2.647597902435949117e-03
2.430265975360961731e-03
2.570303288444662163e-03
2.610889667406260384e-03
2.454640836086203863e-03
2.627997959931454176e-03
2.398234933271692522e-03
2.612928843006469357e-03
2.634657844538445138e-03
2.429276513180532102e-03
2.607789040205326161e-03
2.569614378004147961e-03
2.756348010703671067e-03
2.572410881765729677e-03
2.788025269283864269e-03
2.640267333675400639e-03
2.509878793106512865e-03
2.604848448669490335e-03
2.487206537657455935e-03
2.542876460892031908e-03
2.286550722008418371e-03
2.601071563887919370e-03
2.509740440870391730e-03
2.479315886952182437e-03
2.435866036912069828e-03
2.703845175104629007e-03
2.559164013903271386e-03
2.437419022324869514e-03
2.683546345465694875e-03
2.416340613698141678e-03
2.407002230701988862e-03
2.594793876669073893e-03
2.465697562249188381e-03
2.467516257532562877e-03
2.468571169703583784e-03
2.597570466538046043e-03
2.471657098268679152e-03
2.595036859397368591e-03
2.474482387663628699e-03
2.606379522909472914e-03
2.482517216610018607e-03
2.560832615838909247e-03
2.540159324715898000e-03
2.596656283936900171e-03
2.614716826577116651e-03
2.661832320578839776e-03
2.602328962304198672e-03
2.461791075754694250e-03
2.503412756415834481e-03
2.480858938873119288e-03
2.385583088277904232e-03
2.427183678340591455e-03
2.507064320566723594e-03
2.520132514229422513e-03
2.495207734179194156e-03
2.554304406354157217e-03
2.375527476988040752e-03
2.531913336286573460e-03
2.623960552094155383e-03
2.569232391455133786e-03
2.628439280373749600e-03
2.626295446882006505e-03
2.584136987677106666e-03
2.463485203007650254e-03
2.669988902178008824e-03
2.580850409033008403e-03
2.521773109758823281e-03
2.555011738099494112e-03
2.427390463676851878e-03
2.727326631601325029e-03
2.424511073808115723e-03
2.508388063454789450e-03
2.432640314563965390e-03
2.759279075867445905e-03
2.503548345152228384e-03
2.441980795722381494e-03
2.466620916768624220e-03
2.496836857688713562e-03
2.524028069491971848e-03
2.599344021830632748e-03
2.464574699094620926e-03
2.516545714152528587e-03
2.515962876145073218e-03
2.536852203575737895e-03
2.412051700039257590e-03
2.472097695611160609e-03
2.330830073290586155e-03
2.429210038879052545e-03
2.566484592532163045e-03
2.620559678526049319e-03
2.779902460760114418e-03
2.364243682087470953e-03
2.460267913686315765e-03
2.409817462767987854e-03
2.534296398555912350e-03
2.585869883401872675e-03
2.645074877861375903e-03
2.458186779617426831e-03
2.634566493084328220e-03
2.473996127699809068e-03
2.609113637436195118e-03
2.659257396067542419e-03
2.462219543950277482e-03
2.521353804922934778e-03
2.498998058016654519e-03
2.413600870683480296e-03
2.476654354291112081e-03
2.386025725965407965e-03
2.394666006487969605e-03
2.586891641959153387e-03
2.455206068049721382e-03
2.546472774000350502e-03
2.592992886213260021e-03
2.676392409934694357e-03
2.545557971206883954e-03
2.603045066436690796e-03
2.534845716696494666e-03
2.534969494736723141e-03
2.472057804677988899e-03
2.412866988251481139e-03
2.362811718834709456e-03
2.541986740698756221e-03
2.442174952281426972e-03
2.610869628968825410e-03
2.573259558510062033e-03
2.527392051367210665e-03
2.344557824229737131e-03
2.577093895877676649e-03
2.569765386820228089e-03
2.446109514298442072e-03
2.342467983700622682e-03
2.383152261665993921e-03
2.515003547460290239e-03
2.488327858414929664e-03
2.479350726734653315e-03
2.385031602994522066e-03
2.456676915187745985e-03
2.429939359622027353e-03
2.441728350642736849e-03
2.560102339713494178e-03
2.297255889894559300e-03
2.476486520613775579e-03
2.470423049479097272e-03
2.595083413048846627e-03
2.626719550607464152e-03
2.457635550556809025e-03
2.394344969483297100e-03
2.457330187749303275e-03
2.389483073626668969e-03
2.491008689767311261e-03
2.434056132108923173e-03
2.422370577548171259e-03
2.515279137483523737e-03
2.499043179261029469e-03
2.309660972451508913e-03
2.391003871026695267e-03
2.338985635542042626e-03
2.416565922900196228e-03
2.392572274724853471e-03
2.279804545355640713e-03
2.549985351413697459e-03
2.320309958587019657e-03
2.329636996277443303e-03
2.354841552396531607e-03
2.445350015853031776e-03
2.331586972596267487e-03
2.428184137521622894e-03
2.593235750104169474e-03
2.326850842653731613e-03
2.505200824003793545e-03
2.329099098924310423e-03
2.323466965993608614e-03
2.423934220703520114e-03
2.323626713289939777e-03
2.325454479803068606e-03
2.403488489353249827e-03
2.462581854002241465e-03
2.682813270350212741e-03
2.292508998650744523e-03
2.380764912952113271e-03
2.554811353219144186e-03
2.649099707519752666e-03
2.496806371940255356e-03
2.318944336433878886e-03
2.431738785876420925e-03
2.281908009627200539e-03
2.551982980257260728e-03
2.390025543423202753e-03
2.456141210077674233e-03
2.378369967437953501e-03
2.343992072927419783e-03
2.478254441133489160e-03
2.605005605525684362e-03
2.537460880379707132e-03
2.659367588236709930e-03
2.446654224327180459e-03
2.538694757668452043e-03
2.496406495014291769e-03
2.448541113906732396e-03
2.515545963082602490e-03
2.365143219888785672e-03
2.428210893134673080e-03
2.410721450860324553e-03
2.419540586562056277e-03
2.390754234269939094e-03
2.310383237626455893e-03
2.346679093058971505e-03
2.411091337844796598e-03
2.419197718904384474e-03
2.444763951361035928e-03
2.311592081967349908e-03
2.291419989964251034e-03
2.336853529001039868e-03
2.491035006988561590e-03
2.394625793185007744e-03
2.353575500473043761e-03
2.403537211095638226e-03
2.443587651776810577e-03
2.395375875971628502e-03
2.371145498464405886e-03
2.537503388870912015e-03
2.329525236957697212e-03
2.269826304547043795e-03
2.570747307685404895e-03
2.453580779262890237e-03
2.544832534206693114e-03
2.479254623466054571e-03
2.400257170043038502e-03
2.379458301744160134e-03
2.382900826099734054e-03
2.301410301835958398e-03
2.436120786776511081e-03
2.327408985842024762e-03
2.365501174682168358e-03
2.403663562775360061e-03
2.524518526055478593e-03
2.408236675167713635e-03
2.305361447863672059e-03
2.302546399924324059e-03
2.460783855007446595e-03
2.386032152820472159e-03
2.273649439760144515e-03
2.399420612837854880e-03
2.366593670392506434e-03
2.218165198243224594e-03
2.375208299752308225e-03
2.371358109316182468e-03
2.325118043379361885e-03
2.381952685426624427e-03
2.370698266366807160e-03
2.525563047683889589e-03
2.642192570340850307e-03
2.299406207842412484e-03
2.395280528120885630e-03
2.510893561190456237e-03
2.291980701836554904e-03
2.430367832694698468e-03
2.351164574833192970e-03
2.342869470294741546e-03
2.267123310768591644e-03
2.322753592048642200e-03
2.505545239979250528e-03
2.453582584670474954e-03
2.394034803801146048e-03
2.609013372365705415e-03
2.473858516089711117e-03
2.388064510495644093e-03
2.393512815700981570e-03
2.262451871700789201e-03
2.449439824712823510e-03
2.334475609539738480e-03
2.415616529633432367e-03
2.450045603665739879e-03
2.376709850212586385e-03
2.250323954251434201e-03
2.381508876290832494e-03
2.277138180475762538e-03
2.349179010660710446e-03
2.281576405297464430e-03
2.373135530424470580e-03
2.289851544480448874e-03
2.404184033511289412e-03
2.427631361633087598e-03
2.284961982666631076e-03
2.439664409819335394e-03
2.395569615826351889e-03
2.339143719729459749e-03
2.237179191211720233e-03
2.491447362437231201e-03
2.375986534329284448e-03
2.413810024446528309e-03
2.401204374555392877e-03
2.423695077572001356e-03
2.335918095811360777e-03
2.350682964665182575e-03
2.278808641178815559e-03
2.325846874255770545e-03
2.277348610182861489e-03
2.245120896749740625e-03
2.553443581875392780e-03
2.170907037259447829e-03
2.371729692387370032e-03
2.462982735730328502e-03
2.526233032475318999e-03
2.470759777306796509e-03
2.291465727734749106e-03
2.316223856086745397e-03
2.286045081045927786e-03
2.222246573012969309e-03
2.324992602582446298e-03
2.324982226026888355e-03
2.421773870941468145e-03
2.448964860500738461e-03
2.206450293205052243e-03
2.375902633663498024e-03
2.298460449064113151e-03
2.405993762050145576e-03
2.433129311201232339e-03
2.192218183025497653e-03
2.319862820395004327e-03
2.254894774774899094e-03
2.254510620601212281e-03
2.291430149580346489e-03
2.226906528811269364e-03
2.339112557009057763e-03
2.483529670504535519e-03
2.432451174420121112e-03
2.332415651009021006e-03
2.280773290571099128e-03
2.445676334762496296e-03
2.400508092333875337e-03
2.307483415961578913e-03
2.333422932832262750e-03
2.321952591698571607e-03
2.443661236730731989e-03
2.197176833064160527e-03
2.236163834983800197e-03
2.240585228103140775e-03
2.294845759019312030e-03
2.228494357253248820e-03
2.307528027468305071e-03
2.342030460648411496e-03
2.395239021834266128e-03
2.264848487311889487e-03
2.523933836678632098e-03
2.286300489077376479e-03
2.182996991354655032e-03
2.404929237603139081e-03
2.358660562106819261e-03
2.448195346095029170e-03
2.370339688607244529e-03
2.310408548801078273e-03
2.312082543571598349e-03
2.320714853483202278e-03
2.260655820592130140e-03
2.223686314623789587e-03
2.399056405855512063e-03
2.320538806324157644e-03
2.353341489966930856e-03
2.297414513331904554e-03
2.373708566272149378e-03
2.279496115649897858e-03
2.245045041800183740e-03
2.421095785171076872e-03
2.303350038461019107e-03
2.324505934270757260e-03
2.368770856026029218e-03
2.282577272531149601e-03
2.314094282681294218e-03
2.230890586003319350e-03
2.280999200492857693e-03
2.261085636555069424e-03
2.357729467830655106e-03
2.147023358812911748e-03
2.379528783430215778e-03
2.177878845689638822e-03
2.379308341330355590e-03
2.288253227135296324e-03
2.153370778625753653e-03
2.181793867016858929e-03
2.317077516622819463e-03
2.319651586283674651e-03
2.390691989577304125e-03
2.253268454451876415e-03
2.137914392946472543e-03
2.236862533826906776e-03
2.225333587161698948e-03
2.206999545353181304e-03
2.372203358352288193e-03
2.231682200204253806e-03
2.168411690467531971e-03
2.405561873716000228e-03
2.352003779994883432e-03
2.347643905446733601e-03
2.271885894781038723e-03
2.162045662514312967e-03
2.183789344767350302e-03
2.370235369979576540e-03
2.264990449760374055e-03
2.274715143097964971e-03
2.298557675247699453e-03
2.217841560159285619e-03
2.302908516733870748e-03
2.276261291194230096e-03
2.300567498291376800e-03
2.304132807591756892e-03
2.191314840156160116e-03
2.224201377959270955e-03
2.404223769013297523e-03
2.145308025860003225e-03
2.285014255347220507e-03
2.113990974917758121e-03
2.040680542628497702e-03
2.133748975124333258e-03
2.173921948500202959e-03
2.402940945447585349e-03
2.187234928452165984e-03
2.281826865636102548e-03
2.400038432382779925e-03
2.308498651364921175e-03
2.215150040314961370e-03
2.281325787422130384e-03
2.404462603663305546e-03
2.411887782084857958e-03
2.331069060821716436e-03
2.417039124649099369e-03
2.245412627951693264e-03
2.202685682326039653e-03
2.321493873210524715e-03
2.110311027207368000e-03
2.313711490469801471e-03
2.210673325000851556e-03
2.285145889689452463e-03
2.097408492392326389e-03
2.300732111641258515e-03
2.253973263176441404e-03
2.301269545765076679e-03
2.266312918131143522e-03
2.345954465627237643e-03
2.269360987366289203e-03
2.189048473803778625e-03
2.270596050809924570e-03
2.433872388005035772e-03
2.253191194796021202e-03
2.268119246435822134e-03
2.118670567380875804e-03
2.169388222402491781e-03
2.234201514333536594e-03
2.215006207286148582e-03
2.317149389461151381e-03
2.317685377071864936e-03
2.204110601116573628e-03
2.238902656598089347e-03
2.332802095837915000e-03
2.267824726154072084e-03
2.110069326565603559e-03
2.178119917498975728e-03
2.301016911428194547e-03
2.377475981760608995e-03
2.194140431496511071e-03
2.302718690079321416e-03
2.327930409343200151e-03
2.468697970955960330e-03
2.404938028282831066e-03
2.124858086740658361e-03
2.231705739793190309e-03
2.339703078815728084e-03
2.128731001159417206e-03
2.171600965350880923e-03
2.311339156723579789e-03
2.226891798053283987e-03
2.121447883619225795e-03
2.274477970746308000e-03
2.498639811274956050e-03
2.239761388178368624e-03
2.331512144165505916e-03
2.293423830599327761e-03
2.413154103739009824e-03
2.148293667220860063e-03
2.241156570478372231e-03
2.137374803302091123e-03
2.265836116242499372e-03
2.231093368260272502e-03
2.238787057852231147e-03
2.176061591976266585e-03
2.158891164493281431e-03
2.231791956553464806e-03
2.135121626498790587e-03
2.496077057592693393e-03
2.138934264142289092e-03
2.169237597856045561e-03
2.150937030774549043e-03
2.334829235843577811e-03
2.311149501391725637e-03
2.328823286073423461e-03
2.206973002121602901e-03
2.177974561938904752e-03
2.236256805944472452e-03
2.152267570524167648e-03
2.199137683361453242e-03
2.251016456713619395e-03
2.299581231163608849e-03
2.376408035565978540e-03
2.321005489067130226e-03
2.149881811706138689e-03
2.112826136349786870e-03
2.309784493612971300e-03
2.197407041119339884e-03
2.158223448340438472e-03
2.253642361398033173e-03
2.285521617754006363e-03
2.273016474938073777e-03
2.209566562849432474e-03
2.225070149982014654e-03
2.289069643522720701e-03
2.222105779920271855e-03
2.311000117342871651e-03
2.119421647785837796e-03
2.229034065250267826e-03
2.301799765435096155e-03
2.216492776532535351e-03
2.229264110801874085e-03
2.340292360679856534e-03
2.261433162396504857e-03
2.142476011014952768e-03
2.352747477035387839e-03
2.282075494699502879e-03
2.247643791028231322e-03
2.261797347775375191e-03
2.263166698275712908e-03
2.168039338632232142e-03
2.251559856517188103e-03
2.205842665453535984e-03
2.249593158831757461e-03
2.188317829881979495e-03
2.193719524332721563e-03
2.356977851163343917e-03
2.231606975675106807e-03
2.184808310335462512e-03
2.278403784788515015e-03
2.222638101820313336e-03
2.177500953807584311e-03
2.228328071358664977e-03
2.308554563744333755e-03
2.216590849104505510e-03
2.233876238146716847e-03
2.268299489700553208e-03
2.082198128169352250e-03
2.359616589467354846e-03
2.153320417991558267e-03
2.168557838482170191e-03
2.226146327618538662e-03
2.139762424892624904e-03
2.208436195528455659e-03
2.274369424505096916e-03
2.155923684757263172e-03
2.201792222052481162e-03
2.348633718310683648e-03
2.336567706852458841e-03
2.358463535684128011e-03
2.242822397112490245e-03
2.313896589052969778e-03
2.122553982725024300e-03
2.222820079357368250e-03
2.228498931924735495e-03
2.115069181205238551e-03
2.301727325898271417e-03
2.197761232103561963e-03
2.134907743412280210e-03
2.333623758749884917e-03
2.177901689303585013e-03
2.186647834720467556e-03
2.268766087192435749e-03
2.282634897871024457e-03
2.223092353386731633e-03
2.229446679280868045e-03
2.211672913437185729e-03
2.272313982923229551e-03
2.211053987856443064e-03
2.077958383498522844e-03
2.202176001590218542e-03
2.121219983917170104e-03
2.239391339130299662e-03
2.182546284555146425e-03
2.192464216838887429e-03
2.280276496091104745e-03
2.339986732923482818e-03
2.331384692645355715e-03
2.097085924273123583e-03
2.086105189366737125e-03
2.153517607223584106e-03
2.232618048023808036e-03
2.205221117475230763e-03
2.333062269359802588e-03
2.159041555203003362e-03
2.197049062948416408e-03
2.185146726620693525e-03
2.230429841965142490e-03
2.147436454193223793e-03
2.099070289723059968e-03
2.166213441470605031e-03
2.279042683676068236e-03
2.216594847327881153e-03
2.350458463282553093e-03
2.056416403922258201e-03
2.090027029949980374e-03
2.279040571045399741e-03
2.235692849031342255e-03
2.092063387827175665e-03
2.193334808410193730e-03
2.161731656608952609e-03
2.206311039507306143e-03
2.030864901260818860e-03
2.203521118804279300e-03
2.280253893503059182e-03
2.148164048395512574e-03
2.230417719596407798e-03
2.223121862840935631e-03
2.104743618421851120e-03
2.218423644337197496e-03
2.252960112838202789e-03
2.323083550667078435e-03
2.243688127216785910e-03
2.144900844280325271e-03
2.258342976622544108e-03
2.229757854488226016e-03
2.209597589476679051e-03
2.233095886346422951e-03
2.198612051310750316e-03
2.144460407794172071e-03
2.106355000576439797e-03
2.253820580031996954e-03
2.284720495617760441e-03
2.121172841005108597e-03
2.198039930862444140e-03
2.046529153555288767e-03
2.379280265832738744e-03
2.184927537139281974e-03
2.077719957725594584e-03
2.147295610024590757e-03
2.220511783860230730e-03
2.232702046884923065e-03
2.320032654671088258e-03
2.053483014985891045e-03
2.173349224921173467e-03
2.097612637829199614e-03
2.126125233270021765e-03
2.099822323467756807e-03
2.215385725280326519e-03
2.173584294072436647e-03
2.125289542500911205e-03
2.048229217203768795e-03
2.071798910207428221e-03
2.259994879136750356e-03
2.237122307316920418e-03
2.181863284597354395e-03
2.305422207006316282e-03
2.174926288162779432e-03
2.104431196087218001e-03
1.976475935391141820e-03
2.225072377166917737e-03
2.199274851922417354e-03
2.174640724625600662e-03
2.289055263033389683e-03
2.045509177193113089e-03
2.153471688801602679e-03
2.172443522735761391e-03
2.114876438405565232e-03
2.140164560283547811e-03
2.240993024953541989e-03
2.072772687430787710e-03
2.037651985105555421e-03
2.252501739851465751e-03
2.108330229173624362e-03
2.090425693604254682e-03
2.067408395788770861e-03
2.262051315944701990e-03
2.110734616817134656e-03
2.163293457698030244e-03
2.147238142095269677e-03
2.067773607984969841e-03
2.212108009846698933e-03
2.125877477701417894e-03
2.060836471222427316e-03
2.100880374305202566e-03
2.329709407505091423e-03
2.268418835772492790e-03
2.189807426376937441e-03
2.060488470547813897e-03
2.080028356217596911e-03
2.093081475935177661e-03
2.146635723874505079e-03
2.145646734861997394e-03
2.129242054752081281e-03
2.249701150134696993e-03
2.162613022634289704e-03
2.210248223373203775e-03
2.201324525054456673e-03
2.207495340163751190e-03
2.019784180509136447e-03
2.207654702116702318e-03
2.210337704641141161e-03
2.117198417683997021e-03
2.052564843413255680e-03
2.238695202732965146e-03
1.998758889635564653e-03
2.080841734145476556e-03
2.162366552071549267e-03
2.047802027845773472e-03
2.093950488724052351e-03
2.225074616276712016e-03
2.016645093374483996e-03
2.094221611650112346e-03
2.254590660034645755e-03
2.247880178610036760e-03
2.028409253041602977e-03
2.191942701450608211e-03
2.187464491709351262e-03
2.075114854024240948e-03
2.326939426983317283e-03
2.275393688166639245e-03
2.168899054055872799e-03
2.220263099477024372e-03
2.140053943141377764e-03
2.119502313851176056e-03
2.058487723494370220e-03
2.073525380479681289e-03
2.104801288258057075e-03
2.178715447394185406e-03
2.085208001864952924e-03
2.051185263916321163e-03
2.176162175232997965e-03
2.174623619917582639e-03
2.047220892236379167e-03
2.076658643771399793e-03
2.184093464876823900e-03
2.169345510541334076e-03
2.152307388293535784e-03
2.037053836758258643e-03
2.129718051061704840e-03
2.166310719449724906e-03
2.135285455390027124e-03
2.215533965014195288e-03
2.102098453522849211e-03
2.111851825223430481e-03
2.213369772677276515e-03
2.045441723957842732e-03
2.145677944532407063e-03
2.127762992127496099e-03
2.113152771258559274e-03
2.096335580497880186e-03
2.081076714339476306e-03
2.027817901219215908e-03
2.077779194302659983e-03
2.054381585430069095e-03
2.171376626289562347e-03
2.219325948287205127e-03
2.095576611231267893e-03
2.074590972622741749e-03
2.179439004989018776e-03
2.099170927292776448e-03
2.050073529691527532e-03
2.140479694731691699e-03
2.056676131536987369e-03
2.018771585354546885e-03
2.131477284000302119e-03
2.287182527258271349e-03
2.011250777092321498e-03
2.199502503615824271e-03
2.109989929127076974e-03
2.166154131015513538e-03
2.120872262799992046e-03
2.145175727484655882e-03
2.095326713054492408e-03
2.267452064971024316e-03
2.128552498879230162e-03
2.069631703970423349e-03
2.138554693840782547e-03
2.101022857657436089e-03
2.087281648097389416e-03
2.144902527999218312e-03
2.035324988011500986e-03
2.189492336004741739e-03
2.113513390477211786e-03
2.139611081396103863e-03
1.971334527849203516e-03
2.113910592360976337e-03
2.174737208134876892e-03
2.176138834052003014e-03
2.194144633562751610e-03
2.184384289142493520e-03
2.155502771785913936e-03
2.019904716183571099e-03
2.051896413715226675e-03
2.148386298998728947e-03
2.129265492310954133e-03
2.030336417277624986e-03
2.294226914212845088e-03
2.060555613629690402e-03
2.174574933473430796e-03
1.972599682218860624e-03
1.959921312456959497e-03
2.194138556568879083e-03
2.146269311697887681e-03
2.156197476040529366e-03
2.155632449877554688e-03
2.051199450773691021e-03
2.095809642184803291e-03
2.177119023288316517e-03
2.159556026785921113e-03
2.121898669156328104e-03
2.004469759656985362e-03
2.121560721666260804e-03
2.035891743437479723e-03
2.042281664323452109e-03
2.083276206936621276e-03
2.025778906031750707e-03
2.047199798967346690e-03
2.099801003339018830e-03
2.141632363637267084e-03
2.169656402830089873e-03
2.140804533713220811e-03
2.059172968672431936e-03
2.055792245406401226e-03
2.067429497953205547e-03
2.155120041796178883e-03
2.068652217950928390e-03
2.053548186555705438e-03
2.151423797566061336e-03
2.157354477650428974e-03
2.030353120432124708e-03
2.109194785919709086e-03
2.227395857762737210e-03
2.147650564915960444e-03
2.081273742500044325e-03
2.146326024004999861e-03
2.060483085907396320e-03
2.128719969098493998e-03
2.138407196625635200e-03
2.032306928385512346e-03
2.187837179742158425e-03
2.053403738534879605e-03
2.195430909235366636e-03
2.058293396580273930e-03
1.941568097658915529e-03
2.194880277491641392e-03
2.165947127132969181e-03
2.002665603434130182e-03
2.066590050570807184e-03
2.165374907171497935e-03
2.026266937064404895e-03
2.020564660952530421e-03
2.077596339324767633e-03
2.071425277907760609e-03
2.229933315474533998e-03
2.062869444830708020e-03
2.026647329636203226e-03
2.082960229662161270e-03
2.020385554395855154e-03
2.122513958191469662e-03
2.046396484932756082e-03
2.164850114717498802e-03
2.028615571910420169e-03
2.007258963349381649e-03
2.106699469000891146e-03
2.030207228621835891e-03
2.156702729517485408e-03
2.052575450921985574e-03
2.082484389843479878e-03
2.192171913775178057e-03
2.030770237769161882e-03
2.107434048086669672e-03
2.024040944510981967e-03
2.070576748495700069e-03
2.015796387921391444e-03
1.934337159919271350e-03
2.096567894795091456e-03
2.145029941499414141e-03
2.086301060845733874e-03
2.158025851207407558e-03
2.119984917241138182e-03
1.939041421029666932e-03
2.139455691250020507e-03
1.928056347517777833e-03
1.961401349133898644e-03
2.051134884913893494e-03
1.965265489660096652e-03
2.002398753203229239e-03
2.052747306783384885e-03
2.054933246138078342e-03
2.201269750207186359e-03
1.988576831257146595e-03
2.018078110316878435e-03
2.052354307690389817e-03
2.074157229086495084e-03
1.943977219975644849e-03
2.114244508000535667e-03
2.119723588410382491e-03
2.021367638303158635e-03
1.960474477288208766e-03
2.073653178420893032e-03
2.099657274249074404e-03
1.987847701513696143e-03
2.049015487903058184e-03
2.023741985360346177e-03
2.093786499510478377e-03
2.044451110082231605e-03
2.101372063287545999e-03
2.177564411353026183e-03
2.025287384862559104e-03
2.108930804827430575e-03
1.993100690627053629e-03
2.147931754120631885e-03
2.042981298462495307e-03
2.080251836877730718e-03
1.962223298405265694e-03
2.080720249418097165e-03
2.076278911646306600e-03
1.925458667662628210e-03
2.134335172182929598e-03
2.076449592086406556e-03
1.991117653918269940e-03
1.868862723049333511e-03
2.053759602504479521e-03
2.168350951625043401e-03
2.087549769373970524e-03
2.103442129198032987e-03
2.165473801594057848e-03
2.068674667961400548e-03
1.968106722156822471e-03
2.053734732378227276e-03
2.063546675856087545e-03
2.066458091188566864e-03
2.019959279211130335e-03
1.994440296128399681e-03
2.092042735567745722e-03
2.117793008714340206e-03
2.019983638141248979e-03
2.066378203617767837e-03
2.038657284002752448e-03
2.037447707007033603e-03
1.941217715191072453e-03
1.919958209004656502e-03
1.867678264830807677e-03
2.009817387597811599e-03
2.060958258514529549e-03
1.998439926828841830e-03
2.107319950529409382e-03
2.118933067493406191e-03
2.051961077781525294e-03
2.088286921424666129e-03
2.011420882657747114e-03
2.045875186718015565e-03
1.994574094858267335e-03
2.174539092240092807e-03
2.080225662899094340e-03
2.055138734577734334e-03
2.284099741785472829e-03
2.192198629265542254e-03
2.077456981532696360e-03
1.994957280120330904e-03
2.083369726675555512e-03
2.012805618670905627e-03
2.095555800696227017e-03
2.048792497451440084e-03
2.101584854414390025e-03
2.077011854359061063e-03
2.173028610326193689e-03
2.039177777698795210e-03
2.177210865282711971e-03
2.071999804396383420e-03
2.004843674547182077e-03
2.111083455303256612e-03
1.964870863508509560e-03
2.101030760908732982e-03
1.959901102717900162e-03
1.959844357159105325e-03
1.972979504559272974e-03
2.123964671788082948e-03
1.998858373786382113e-03
2.165926781901697344e-03
1.968173414244005128e-03
2.116350113731192348e-03
1.975319193833505790e-03
2.055513449432356914e-03
2.093442741474038464e-03
1.881374866220265982e-03
2.010232462788799721e-03
2.228257167295134324e-03
2.047934554290064321e-03
2.160644155751442752e-03
1.951069101860979874e-03
2.020398479698576506e-03
2.097907667836130564e-03
1.911805397994705696e-03
2.056521816677266568e-03
2.049664367649860729e-03
2.089448359786106550e-03
1.971187632897125879e-03
2.045056782196721847e-03
1.948354213146299670e-03
2.112622764528508841e-03
1.954025414749523213e-03
1.988439460713264679e-03
2.121676721603183748e-03
1.942364458772659862e-03
1.942636957813008783e-03
2.000897938497660841e-03
1.975530075055670094e-03
1.952284437287207190e-03
1.884238217261100055e-03
2.104843680490845002e-03
1.899270996319667821e-03
2.120175153515204206e-03
2.051883297636536516e-03
2.084922530179715572e-03
2.000811646791678718e-03
2.157257984574890465e-03
1.985752886459879376e-03
2.057525001387286705e-03
1.983885341882245072e-03
2.077803435603478230e-03
2.079014520812658313e-03
2.065892037538249147e-03
2.062422914978556416e-03
2.118018142501842081e-03
2.018779642946369381e-03
2.004043109126150881e-03
2.046373362449928346e-03
2.074333144222163545e-03
2.110224216634899643e-03
2.048293678225699636e-03
1.959165195326646909e-03
2.052032000997182880e-03
1.879893363837038507e-03
2.074230086460651396e-03
2.094346450705866260e-03
2.097082725283283197e-03
2.165321388611453346e-03
2.060488918937913687e-03
2.021424527844076571e-03
2.012275323316133849e-03
1.828161660808402160e-03
2.061324441776346637e-03
2.109681236102588838e-03
2.076401365390523248e-03
1.982859598336288946e-03
1.952285027825977418e-03
2.133163441409309264e-03
1.947244103468565848e-03
2.049873608615810760e-03
1.983600098546758721e-03
1.941045091811408703e-03
1.945797195604110578e-03
2.067420416332205191e-03
2.045256491623638137e-03
2.072515776701444514e-03
1.994423772715415034e-03
1.895272503781771437e-03
2.028432941617515448e-03
1.925721471212363430e-03
2.047225997536338427e-03
1.950964715358227859e-03
2.004625516081429658e-03
2.056931595172804394e-03
2.053986033233450546e-03
2.064215422557060843e-03
2.036314751999468344e-03
2.064783540996880263e-03
2.044669402830862678e-03
2.061424583523807467e-03
2.119079733048497612e-03
2.074291718417208778e-03
2.069273334044714144e-03
2.113662738476592903e-03
2.110028981764855514e-03
2.279458736769838980e-03
2.036289886867503635e-03
1.980415118050081989e-03
2.024585877105287025e-03
1.984280679036346407e-03
2.033462204136987465e-03
1.957004678240230940e-03
1.915765467068099087e-03
1.926971796375550119e-03
1.961296729568063474e-03
1.964239979749772633e-03
2.041898219905260992e-03
2.000735025572941347e-03
2.031953548081288658e-03
2.112395224316905313e-03
2.036651854741549240e-03
1.932229490478821555e-03
2.036304999704618198e-03
1.973385974678311828e-03
1.979964238809198834e-03
2.000637447054342752e-03
2.045247422972368539e-03
1.878574038530396364e-03
2.212004475110826169e-03
2.088078913235028554e-03
1.901447127994578164e-03
2.010902251256552632e-03
1.968283521419314768e-03
2.000850848511635718e-03
1.887117871337152825e-03
2.011114475750685419e-03
1.998383050949755109e-03
1.987666229522603526e-03
1.941659316876344918e-03
1.950935157953289983e-03
2.014659496522687790e-03
2.128202254352693466e-03
2.026034605327565324e-03
1.973067591555915153e-03
2.109719606671850694e-03
1.940900309139827846e-03
1.999126682932345165e-03
1.954684310273858625e-03
2.034413774227255330e-03
2.013638808265773641e-03
1.888673878566231703e-03
2.018913513047544770e-03
1.881294539546121691e-03
2.069775933397200070e-03
2.137196320830412211e-03
2.053376566952664056e-03
1.899433946276049339e-03
2.058190270579434832e-03
2.039633155124291348e-03
2.011495807023299612e-03
1.890733204511014154e-03
2.046074730710327038e-03
1.858886437574846064e-03
2.140293499159834703e-03
2.101684105929880683e-03
2.121242114722146892e-03
1.863791866619592336e-03
2.081258056879861824e-03
2.019998252637981995e-03
2.063726828757964267e-03
2.069293366090523608e-03
1.846578389149898048e-03
2.016106797221708501e-03
1.999891243471189125e-03
2.092357676666834528e-03
2.098617155525605519e-03
2.079654758409829086e-03
1.986228696329613800e-03
2.000803016737007830e-03
1.991374909570912261e-03
2.066256190235284812e-03
1.892582257422900996e-03
1.989411475444008773e-03
1.962648496724338741e-03
1.911905942936745813e-03
1.993302458325921667e-03
1.966926696998055109e-03
2.002815426853155490e-03
2.149759965350202338e-03
2.041809189155044824e-03
2.016506879121461333e-03
1.906316254579300479e-03
1.988623041898193809e-03
2.057729652786437647e-03
1.984877791002952717e-03
1.910816510751452710e-03
1.977820113096577601e-03
1.968850078141878672e-03
2.006161665541962048e-03
1.856010967729374451e-03
1.986090695670551364e-03
1.965469850536752210e-03
2.063508879101902307e-03
1.970649292751490683e-03
1.973280674088727978e-03
1.972064486074225943e-03
1.966701613626267373e-03
1.942261919217490567e-03
1.959191693071262157e-03
1.907524539596284173e-03
1.989136521371367809e-03
2.074919130109728269e-03
2.057483703339604147e-03
2.022869169518667822e-03
1.883637525072521125e-03
2.049527758627921539e-03
1.897825286659835095e-03
2.049217732188616907e-03
2.042228704402670840e-03
1.901406712474412383e-03
1.937727013214664154e-03
1.928701120144465236e-03
1.990598765602354190e-03
2.008118475219572603e-03
1.979653752817914399e-03
1.908742062478639614e-03
1.903505501452026818e-03
1.925173574112492214e-03
1.971686261789668774e-03
2.000748306045518465e-03
1.933432582590058563e-03
2.078004919520311505e-03
2.033331989380334371e-03
1.957743895704448615e-03
2.081164443585714532e-03
1.934995565495672325e-03
1.897468237743509369e-03
1.975565802205954749e-03
1.872803764873802457e-03
2.113458465551842219e-03
1.877902637164295370e-03
1.892352505105232303e-03
2.017085197052667644e-03
1.908273268915125021e-03
1.947874569268069579e-03
2.004347003539813047e-03
2.029549552538417647e-03
2.095563499785368846e-03
2.013160358898887555e-03
1.941999659571156615e-03
1.975171939464410737e-03
1.972791411811946304e-03
2.056496640553427679e-03
2.086722551356444931e-03
2.016555511912941460e-03
2.054397568620874252e-03
1.944021016550754027e-03
1.911380986399187224e-03
2.047397740362349831e-03
1.934884920123413005e-03
1.911072711361542576e-03
1.834819737953000693e-03
1.994409979182315031e-03
2.054777027563057124e-03
1.917447021680883943e-03
1.941089697302709940e-03
1.829730186791924491e-03
1.900101085840352798e-03
1.993752720794579950e-03
1.939103642184893768e-03
1.970281233697663160e-03
1.829986355692739177e-03
2.115261442207655700e-03
1.888100614412384012e-03
1.925330853665561254e-03
1.909670657849571723e-03
2.037957984660812918e-03
1.880530825258305318e-03
1.870562634050896731e-03
1.943758698777927740e-03
1.937448198972558733e-03
1.880213677906851250e-03
2.059986197457548338e-03
1.899253025382319346e-03
1.909482120005883158e-03
1.953924890353581773e-03
1.967727662945091029e-03
1.917991537690065182e-03
1.852793678956726709e-03
1.902158984534484251e-03
2.028815751923619942e-03
1.924626100131863983e-03
1.911338740995564660e-03
1.841975142888751648e-03
1.985900388366112785e-03
2.071524023277992749e-03
2.016062208655808666e-03
1.900067912927531823e-03
1.902115061779977630e-03
2.027994007880553392e-03
1.980443587166247181e-03
2.143561817173018913e-03
1.985081785165258416e-03
2.007987983808157476e-03
2.023197942457870876e-03
1.962751588266069096e-03
2.021418432174917033e-03
1.783152907889176903e-03
1.885126142425739811e-03
1.884015471361327309e-03
1.956961137853854751e-03
1.952572720978215139e-03
1.926000307977292951e-03
1.818573422867516588e-03
2.028625356362804329e-03
2.055238467467999670e-03
1.883234276350631738e-03
1.898900388878706387e-03
2.058490832322906403e-03
1.921853138174351794e-03
2.156343107227258558e-03
1.793475328230128077e-03
1.989173934817044416e-03
1.930820457977094375e-03
1.868873839245369442e-03
2.021306627425813185e-03
2.041624118305446298e-03
1.885263158688504264e-03
2.023236842225936433e-03
2.004915971631331291e-03
2.072356880617875954e-03
2.000779373806149068e-03
2.037763220861443444e-03
1.907193684738701456e-03
1.972265072073939220e-03
1.908397442392377116e-03
2.032085209061603413e-03
1.931869230126665457e-03
2.005315350522251985e-03
1.919221669625216422e-03
1.930971305437177363e-03
2.001644606047480769e-03
1.775481819401149557e-03
1.957775039283850185e-03
1.938538416078001980e-03
1.983676202723291468e-03
1.962916451915248592e-03
2.008814371359363658e-03
2.078624148198793351e-03
1.974797427495780452e-03
1.959974976618176698e-03
1.823153828219733780e-03
1.957767670363508208e-03
1.905540659974007357e-03
1.901860048893636544e-03
2.053116709109005684e-03
2.030125706484909014e-03
1.839484901575879012e-03
1.964179629646159355e-03
1.952121016912802126e-03
1.932177482274540382e-03
1.909089692849046463e-03
1.915960386371845514e-03
2.000113606277479153e-03
1.791761638425927146e-03
2.065099843483547692e-03
1.822393125561077654e-03
1.913073772224322408e-03
2.094155324763217075e-03
1.911967866093520129e-03
1.831028053755217027e-03
1.932968019603764328e-03
1.862740147045003876e-03
1.873035739488167640e-03
1.935678587965034654e-03
1.944699157011292893e-03
1.933213270716252182e-03
1.960695562778900884e-03
1.925077767824394858e-03
1.826223355219104864e-03
1.797830205048179001e-03
1.977272033120089107e-03
2.051340349060013554e-03
1.910384942208727486e-03
1.840211916034493718e-03
1.895566921449581789e-03
1.978036078055162017e-03
1.864595533483124354e-03
2.009564005215935031e-03
1.982895708645157889e-03
2.018934216770053736e-03
1.891426257044123488e-03
1.913306256643109576e-03
1.904218151508631001e-03
1.913699005755595478e-03
2.085229543697348503e-03
1.871223786301076750e-03
1.965849164050628099e-03
1.786719097717824698e-03
1.996394425139403142e-03
1.972025182432153231e-03
1.933208990061862417e-03
1.936598382140757501e-03
1.810517829178656495e-03
1.967027691518417280e-03
1.831508655456825455e-03
2.014472128413327071e-03
1.960317626390364974e-03
1.860192432033870363e-03
1.869381966760639028e-03
1.950439448340043468e-03
1.852654653716487645e-03
1.971468404248791217e-03
2.050636970894266671e-03
1.935635587119003591e-03
1.944486417735064249e-03
1.770951415809927714e-03
1.979743240998710525e-03
1.972064942687036439e-03
1.862628282409383492e-03
1.844790544402571432e-03
1.960721329904031949e-03
1.877440372273367700e-03
1.906957758576500366e-03
1.907843080584186238e-03
2.017997605214598162e-03
1.932359244079323406e-03
1.883307824332928603e-03
1.783463695179717933e-03
1.938209047781302985e-03
1.886474177549904213e-03
1.866958603608855332e-03
1.895327161371567403e-03
1.926441530128562667e-03
1.958164389715327369e-03
1.921868866872374418e-03
1.991237029697785332e-03
1.930507842490497648e-03
1.903553404317627658e-03
1.909107569918101158e-03
1.835990029651923296e-03
1.897686984491492009e-03
1.940608999381083014e-03
1.990767765104239136e-03
2.046087823100380208e-03
2.005519939291188977e-03
1.904638945989423895e-03
1.784267110461576706e-03
1.864115473747679930e-03
1.935457913917425481e-03
1.911617506926748845e-03
1.990150213595453816e-03
1.962442620535991521e-03
1.849768318795670750e-03
1.906411839689040088e-03
1.942260356028029664e-03
1.912163823947040948e-03
1.942209074754097306e-03
1.918688229696628462e-03
1.905448746551316550e-03
1.854837818931350272e-03
1.953390752903963294e-03
1.838839851730474442e-03
1.905520179537692829e-03
1.888708785474734527e-03
1.844432488196784447e-03
1.961233608940218288e-03
1.991741174652993454e-03
2.068534373203978916e-03
1.835847435298667597e-03
1.889398198091071573e-03
1.944043475580144826e-03
2.109133077666083215e-03
1.897867215488835673e-03
1.986104407803453153e-03
1.933657086717204899e-03
1.968341282692353655e-03
1.889109205655242329e-03
1.865896025607985485e-03
1.777598401522311302e-03
1.877670902790312462e-03
1.916502022434514799e-03
1.929477535143969257e-03
1.896816512554913179e-03
1.913923784898209027e-03
2.032331546271257030e-03
1.876581899595052959e-03
1.933242441329791885e-03
1.841804603753047394e-03
1.847547967826482966e-03
1.820096723556396436e-03
1.954240853747414228e-03
1.898610834982437370e-03
1.949889595326606377e-03
1.902760034701728121e-03
1.943735505473859204e-03
1.865895514645964310e-03
1.799644292744766779e-03
1.909003675820231637e-03
1.901285535426131988e-03
1.879348418077914605e-03
1.870950015056576559e-03
1.818237187796773466e-03
1.845730195878877641e-03
1.901576470430127669e-03
1.883662981586509480e-03
1.886152307177268745e-03
1.920247562100541820e-03
1.935565736153185487e-03
2.018366310079890320e-03
1.863330381842677767e-03
1.866101345699299700e-03
2.049840113854755740e-03
1.897756920471428471e-03
1.762894005818003073e-03
1.786864633845309776e-03
1.816925775278663583e-03
1.850894031075267423e-03
1.869584383179839944e-03
1.821118652507818653e-03
1.951036235795298611e-03
1.923507797544772276e-03
1.820694696148872143e-03
1.898033211605714213e-03
1.960003833291738655e-03
1.858514032854165481e-03
1.957240170025400291e-03
1.920146012345631424e-03
1.901450850505380158e-03
1.875097923325402512e-03
1.930748841524332782e-03
1.908884949984132389e-03
2.003987786516957074e-03
2.077490052978802314e-03
1.927443534363415534e-03
1.892021937027688321e-03
1.921606035227042819e-03
1.747483296428717706e-03
1.964234784167991424e-03
1.960357098623881442e-03
1.890572695406228781e-03
1.962490737092767792e-03
1.833921175958487656e-03
1.963413593273833496e-03
1.873406511187748367e-03
1.863436519848510591e-03
1.730768372678053064e-03
1.907443556150239779e-03
1.957947173234225388e-03
1.915792327405225906e-03
1.920493393074756885e-03
1.938948267754443851e-03
1.670825511155365128e-03
2.020280271454638881e-03
1.934798056258842580e-03
1.899840269317309852e-03
1.859393215248063931e-03
2.010450424190100577e-03
1.850000604101974472e-03
1.988579884988217125e-03
1.867624072644015606e-03
1.967376903148864570e-03
1.810111998207067016e-03
1.970269179270411637e-03
1.922967307694248588e-03
1.898060464608925359e-03
1.890133413136962362e-03
1.808472840281588438e-03
1.828560203914700137e-03
1.978715422290173997e-03
1.884522250622189688e-03
1.874667417311459260e-03
1.859389578653226167e-03
1.848120687230570816e-03
2.165708134710387506e-03
1.811579352495104080e-03
1.814772387060337210e-03
1.904768729370147871e-03
1.855272424796292150e-03
1.918520289907804308e-03
1.948469525857753157e-03
1.889558773504573276e-03
1.908231113042354156e-03
1.845301611144707036e-03
1.955711512531296218e-03
1.756458210410702554e-03
1.909973004402811805e-03
1.875235656759270285e-03
1.824234133645981967e-03
1.841839617731818235e-03
1.952509269699743283e-03
1.923882208378225288e-03
1.880501973620975860e-03
1.981156132852680656e-03
1.773953698180918883e-03
1.915648517767999312e-03
1.840621097135637391e-03
1.848594653224420580e-03
1.907083269513454044e-03
1.870936931013403651e-03
1.802140325307309988e-03
1.998366614405678796e-03
2.011024566396245588e-03
1.937679577354690192e-03
1.877024535495643628e-03
1.777556662513266484e-03
1.823431375214485707e-03
1.888427417584808777e-03
1.863570417172466217e-03
1.947227260847218117e-03
1.970699222379075459e-03
2.115745106543885298e-03
1.873786531754433786e-03
1.953997637935832050e-03
1.754427063321594088e-03
1.886726561886755684e-03
1.802885961796353445e-03
1.923551460281525691e-03
1.825185366073949151e-03
1.906236011723983718e-03
1.844958448017979110e-03
1.886774943043509735e-03
1.789078317679048584e-03
1.871653660354692834e-03
1.932016159128953662e-03
1.870265183440523700e-03
1.974251571454004560e-03
1.921496680628751678e-03
1.854592635406946202e-03
1.760376418490098823e-03
1.813183814314013684e-03
1.808396557693480030e-03
1.859693190398019553e-03
1.810523492347036701e-03
1.775682680141229142e-03
1.832984070870331481e-03
1.769233644202327597e-03
1.843894011986683132e-03
1.864107857582124068e-03
1.892939095991304915e-03
1.865699038693878790e-03
1.910275126753225444e-03
1.819648573090581600e-03
1.828817857292888531e-03
1.867764162488831040e-03
1.970790941886592200e-03
1.769367688333522547e-03
1.816939672326210601e-03
1.807617014112949602e-03
1.911015214660790294e-03
1.834662081352932779e-03
1.937988785317900633e-03
1.822256351032076850e-03
1.777711475446033416e-03
1.793991508581033395e-03
1.812239828600979707e-03
1.828543908188792148e-03
1.953170463460327140e-03
1.945625757863872658e-03
1.899499558966367355e-03
1.841731198801136024e-03
1.898547628512577048e-03
1.796702943322113629e-03
1.816280916508181825e-03
1.889589112307825045e-03
1.897172170136438496e-03
1.805194386311740392e-03
2.007419855900315769e-03
1.716115110625337494e-03
1.661573248057542345e-03
1.714404842375879656e-03
1.845152257991188169e-03
1.777294344894920575e-03
1.815762466040612196e-03
1.780144315325224262e-03
1.961749581127516812e-03
1.756033221804693479e-03
1.833603813588006049e-03
1.939106960466050779e-03
1.840761772415773490e-03
1.781967826329604321e-03
1.854453683520845440e-03
1.908926906982501065e-03
1.772065980779551292e-03
1.748146104414504938e-03
1.725317851693571655e-03
1.857675678249265166e-03
1.804725848880816413e-03
1.848581238502732286e-03
1.796827486397269222e-03
1.829427870773342544e-03
1.745913829168722160e-03
1.721968174571018384e-03
1.840354448992028227e-03
1.868877231875389891e-03
1.833753804247101023e-03
1.864366492363466734e-03
1.900030353974778560e-03
1.714792689605506085e-03
1.875469133748712026e-03
1.930560187413852451e-03
1.854973959382651225e-03
1.866773226201114003e-03
1.960225472031223038e-03
1.844967572216826531e-03
1.729420208558679400e-03
1.844051376726302044e-03
1.733400963922305431e-03
1.912901370030139613e-03
1.783540391184324642e-03
1.843169462031068323e-03
1.845039066530295086e-03
1.930210496988102927e-03
1.762430891872586577e-03
1.774758977727794538e-03
2.014461508622773182e-03
2.012462962662004383e-03
1.772989869044229146e-03
1.805884600889333738e-03
1.804886289095998563e-03
1.925213227730576638e-03
1.889108574290394773e-03
1.801927862884466396e-03
1.828735448786160313e-03
1.854159958034986818e-03
1.694990872105118108e-03
1.952205933643174534e-03
1.851916014657494294e-03
1.899456408962666354e-03
1.796620416893266944e-03
1.842892476625297878e-03
1.875256574747246599e-03
1.804177823029641525e-03
1.712319881095596998e-03
1.691191600815645591e-03
1.778316496653289296e-03
1.859817545327698734e-03
1.845669696764772917e-03
1.877364851915185821e-03
2.004425868046977831e-03
1.870263002745666805e-03
1.893067611627607082e-03
1.929389125424185031e-03
1.964900778967647657e-03
1.930984790927973895e-03
1.746816037229046879e-03
1.866931513520894703e-03
1.891062042063160892e-03
1.819911984796907661e-03
1.822940345548197802e-03
1.734524256152835146e-03
1.845054852244706715e-03
1.808036164713688713e-03
1.914550707754904052e-03
1.881517001086515511e-03
2.011296016655549860e-03
1.754603864226481156e-03
1.819761102585863450e-03
1.843403782300777729e-03
1.773773016694753625e-03
1.847066451040335362e-03
2.050482499892632236e-03
2.000188693221109388e-03
1.793295206448303203e-03
1.660489171481416542e-03
1.844079201529835342e-03
1.855956937873181646e-03
1.835108443879294223e-03
1.847372475574348902e-03
1.913884852891480559e-03
1.842137727591677864e-03
1.771267293265885081e-03
1.887889324971658758e-03
1.784148150941463045e-03
1.775673434304781122e-03
1.932276286826459417e-03
1.864188651974680536e-03
1.859492126787135394e-03
1.768865766409535986e-03
1.959086158180523875e-03
1.924364307981067104e-03
1.820394609222667241e-03
1.748439178302500438e-03
1.851100040264240564e-03
1.757375408939831690e-03
1.920326346219901467e-03
1.840760838450611120e-03
1.811928393739195087e-03
1.788378102377348976e-03
1.729064313087434442e-03
1.842863114915520815e-03
1.917985728879499164e-03
1.849088077582305414e-03
1.844344746053506881e-03
1.809766801909396938e-03
1.853680017173074722e-03
1.752137535985770055e-03
1.778410592430828153e-03
1.785791415393952423e-03
1.882816325045470404e-03
1.856631013189721530e-03
1.826389143968866003e-03
1.860979472770026488e-03
1.820094880865315984e-03
1.737580589349075689e-03
1.887242728342727188e-03
1.875838428418335427e-03
1.781439867296685971e-03
1.938161247849079678e-03
1.682960535065156299e-03
1.772521935578988839e-03
1.878362669809767070e-03
1.903608761729187315e-03
1.846388591019407699e-03
1.829996992580055441e-03
1.729385244512419376e-03
1.873279141990046070e-03
1.729609929630910887e-03
1.892172532106605864e-03
1.745774497599664448e-03
1.811619520568994801e-03
1.857467930915067487e-03
1.704239811574245495e-03
1.862355583303241212e-03
1.858933163405722660e-03
1.738385768327808121e-03
1.833412666082439614e-03
1.844062780436781434e-03
1.763685936084877443e-03
1.995648651128150569e-03
1.824273767594340257e-03
1.857789492066072882e-03
1.831876120843835666e-03
1.934121871311799204e-03
1.720220050729626832e-03
1.781432082602798844e-03
1.799493717824246974e-03
1.774728334900026704e-03
1.692103365913189428e-03
1.865916668065921175e-03
1.773506555547319516e-03
1.723651206656974175e-03
1.833853336689131091e-03
1.918175188991635537e-03
1.849288680018073032e-03
1.897887490254638763e-03
1.831502483549617925e-03
1.742292351050351651e-03
1.752709060096746237e-03
1.725908653237222517e-03
1.923449205318198459e-03
1.700838772325033227e-03
1.871505699148316585e-03
1.693867518016867191e-03
1.745050532205681595e-03
1.756684159454268042e-03
1.749765387220910632e-03
1.778811250935766024e-03
1.824157203940965106e-03
1.842992879780626500e-03
1.831413990405389913e-03
1.847363181945509743e-03
1.720430511100881459e-03
1.817761671526804852e-03
1.986629931326653123e-03
1.847682258520896327e-03
1.699924281964606621e-03
1.841965167001738055e-03
2.022058955751781725e-03
1.782823115295136722e-03
1.815910613128687585e-03
1.730854544313324000e-03
1.748195306796908972e-03
1.738146294037264247e-03
1.968611626718508572e-03
1.856324483042324364e-03
1.912378289032071448e-03
1.796894950785065965e-03
1.752948923001777272e-03
1.734238324163013848e-03
1.838637566758622192e-03
1.825179791270330198e-03
1.705121617756560730e-03
1.916089233596049782e-03
1.879734479832938015e-03
1.874933711852080171e-03
1.826029201271463318e-03
1.760841329961696606e-03
1.847755569940477379e-03
1.760102609925585449e-03
1.810367747052820438e-03
1.798006858475790885e-03
1.919498756198040768e-03
1.718964478758785996e-03
1.769806075305706402e-03
1.739818410153622617e-03
1.799567952874817642e-03
1.875102538121970180e-03
1.883007616292086718e-03
1.869465050661985083e-03
1.911077167861129685e-03
1.739139288594323575e-03
1.820076522436717701e-03
1.926459967951419912e-03
1.835403051723007812e-03
1.849807503062082196e-03
1.803622974169327622e-03
1.911420649348106364e-03
1.744525361932298610e-03
1.764147549998435231e-03
1.809004232274897140e-03
1.972780041293792971e-03
1.805874904059023671e-03
1.717123259515318610e-03
1.967650579183992041e-03
1.732946888006460648e-03
1.833633861969863636e-03
1.799573490636647904e-03
1.886116382614815012e-03
1.799677754169657024e-03
1.675264690380823132e-03
1.786641509376892933e-03
1.604512461221341713e-03
1.694684881410272580e-03
1.746997851314139542e-03
1.788801652806552107e-03
1.847620420520950215e-03
1.704875545132598360e-03
1.888787839536313577e-03
1.758559671324183126e-03
1.832076715954624553e-03
1.798936382554293043e-03
1.800421522305392479e-03
1.831828097850120773e-03
1.749571345122737358e-03
1.842305839972319158e-03
1.840596255561538627e-03
1.932500768668686617e-03
1.744300523441155498e-03
1.678450389500477178e-03
1.763386925795945364e-03
1.770045990681259722e-03
1.766567290556125954e-03
1.758111116297737201e-03
1.796639891237517645e-03
1.826428307005912612e-03
1.817507023377150583e-03
1.723603046747386762e-03
1.703059907601596999e-03
1.742379676605329986e-03
1.883856140230124113e-03
1.741311508920931382e-03
1.685717022536038561e-03
1.879587695261596613e-03
1.807847722931418518e-03
1.690254370164062355e-03
1.843176771116041435e-03
1.899077065242459322e-03
1.732766061876901340e-03
1.799136118981078470e-03
1.764532597429530622e-03
1.769322761036158827e-03
1.916637483562581585e-03
1.813226356850512495e-03
1.726949770192735302e-03
1.712206716210919969e-03
1.753580221415603543e-03
1.698866837164440900e-03
1.773391163742851556e-03
1.767596619114449345e-03
1.788281925713976249e-03
1.798345007036579891e-03
1.799681267852944059e-03
1.908212643401097650e-03
1.698972737851454397e-03
1.758113056917960963e-03
1.864584785366474838e-03
1.828607841927309659e-03
1.686313034880730730e-03
1.676246762569580558e-03
1.837552522405339148e-03
1.786643216421699440e-03
1.815946679591128087e-03
1.754400630520534365e-03
1.720839985038710371e-03
1.829377557840358194e-03
1.794829895569731177e-03
1.921241963741803990e-03
1.780371736886586899e-03
1.699664959072410501e-03
1.844013456665192672e-03
1.668705074108732967e-03
1.828272343867859894e-03
1.871029178130136474e-03
1.777427426360284795e-03
1.764307788627815293e-03
1.828486376347955664e-03
1.856531582447081908e-03
1.723568845147242746e-03
1.827334908143844749e-03
1.807541274913666016e-03
1.879769840636644597e-03
1.786546374579938432e-03
1.779093437394427572e-03
1.774031819063011340e-03
1.712714647686155089e-03
1.726751834793510253e-03
1.798943458424304706e-03
1.813370650983112814e-03
1.844648318102658528e-03
1.754491989780394313e-03
1.773883436686563616e-03
1.797690151193445792e-03
1.759686226347896044e-03
1.853137837002639867e-03
1.874681241635840680e-03
1.757892588514431897e-03
1.860480747518586169e-03
1.759273026308189785e-03
1.739893559675012450e-03
1.802132868441486385e-03
1.861983963042622642e-03
1.668226308065813828e-03
1.721243054275812048e-03
1.749920672566484788e-03
1.808972300278381424e-03
1.919181626555845023e-03
1.780646848906919898e-03
1.771489480953653429e-03
1.774162202111758237e-03
1.868513472342339535e-03
1.783336762304452800e-03
1.924721576038467040e-03
1.577722405660624818e-03
1.741816205927471453e-03
1.794606909941183406e-03
1.840799779951690640e-03
1.709809168674439285e-03
1.608358705719428695e-03
1.822935170859669865e-03
1.760316006324008208e-03
1.836106897414124675e-03
1.747057319726573552e-03
1.814493679085655469e-03
1.817407820084868337e-03
1.786430403087209103e-03
1.621779266504551125e-03
1.691971334176610442e-03
1.756141321304954339e-03
1.859189060485103495e-03
1.746656365382649127e-03
1.664612629288483728e-03
1.778486944933951311e-03
1.796919807133319502e-03
1.789101844340607820e-03
1.922201290569484607e-03
1.917616727502566678e-03
1.728627815935649932e-03
1.672600881636140393e-03
1.726708121976411152e-03
1.854255171800556819e-03
1.789455319354460320e-03
1.708616244879709433e-03
1.779834228675754868e-03
1.678985244250051851e-03
1.799433660508857266e-03
1.742787726839977510e-03
1.758569593793723150e-03
1.788676229314715115e-03
1.737033251041811711e-03
1.735187756113848630e-03
1.897455939280038662e-03
1.836399363645580506e-03
1.706572130780130165e-03
1.691635332974936396e-03
1.848230446222249440e-03
1.892811143900819748e-03
1.680915439658491528e-03
1.797180652245310714e-03
1.679535535074649748e-03
1.773002733630722446e-03
1.776669059291525717e-03
1.687684171596357191e-03
1.695624746006141152e-03
1.793020300909027500e-03
1.633982989386674337e-03
1.611581181287934702e-03
1.728804520783782869e-03
1.861818650631568697e-03
1.741721211629204506e-03
1.690258601213143978e-03
1.827857802768781794e-03
1.725711273192660116e-03
1.815193880684416771e-03
1.714938359848047680e-03
1.678739679429080761e-03
1.768726517342489139e-03
1.777470358158681710e-03
1.732846173016875909e-03
1.799068143623213387e-03
1.754429138951855288e-03
1.658129237095002859e-03
1.584175456184926155e-03
1.639515579381124050e-03
1.732973515695153529e-03
1.882671274004218010e-03
1.803000865519284197e-03
1.819589317493938187e-03
1.829895293465264678e-03
1.755401212882690175e-03
1.824869933321438594e-03
1.752988385294427034e-03
1.902991491686134660e-03
1.864628102583753026e-03
1.748424929609184927e-03
1.758563726116881996e-03
1.758668879451628399e-03
1.781277643766706774e-03
1.855855865072008389e-03
1.844541251654536074e-03
1.859717747339753981e-03
1.815025086222076846e-03
1.706345194465938098e-03
1.734974487285697708e-03
1.729000776457147127e-03
1.894703684583014160e-03
1.709503211053134191e-03
1.718473919577821101e-03
1.849230684520407038e-03
1.690686273678783900e-03
1.703411347702051557e-03
1.626688014931194134e-03
1.878284760444870515e-03
1.719235708643221091e-03
1.665738283556055096e-03
1.703152092110149680e-03
1.918514756123311602e-03
1.803879500692296420e-03
1.641902747066522998e-03
1.801261728808882566e-03
1.786737755062934967e-03
1.737712582541418296e-03
1.777502070760584056e-03
1.837457805375380558e-03
1.631746137385161515e-03
1.712836776751066811e-03
1.808315538586769376e-03
1.764285093199560251e-03
1.652435669113619821e-03
1.765509612165616117e-03
1.569812526560240796e-03
1.678581333168837307e-03
1.619586185048241169e-03
1.811310692184923965e-03
1.683440098467087155e-03
1.758901266650569895e-03
1.829690449299585303e-03
1.688779065765021745e-03
1.713774125219711059e-03
1.700000676063926535e-03
1.814352348551642822e-03
1.679299920561668760e-03
1.757065306042433512e-03
1.712307681231205712e-03
1.773673120962052357e-03
1.831247167070730337e-03
1.667679250204584518e-03
1.669205673883374227e-03
1.679126968130166282e-03
1.831357505275000045e-03
1.868274652297664947e-03
1.672063101410527653e-03
1.713474796053890544e-03
1.612622692538186490e-03
1.777818453640205932e-03
1.801622764451272368e-03
1.651132509801664025e-03
1.744201465639840616e-03
1.692637733762856556e-03
1.808628778519516490e-03
1.713398461398853026e-03
1.689730879377084353e-03
1.806967405569930973e-03
1.727782028300832787e-03
1.705876371895896073e-03
1.828389136082990939e-03
1.764126975190444648e-03
1.732289424435235143e-03
1.589415213659430481e-03
1.801895652814284156e-03
1.782761593369579928e-03
1.835668355364018746e-03
1.802746450247026547e-03
1.839367491048506716e-03
1.726297580195139446e-03
1.739948975109191585e-03
1.796486472191637703e-03
1.672262227554210381e-03
1.759908337370741935e-03
1.627017147623684677e-03
1.723944683493354620e-03
1.748306630970056404e-03
1.618700486401799740e-03
1.702477733985999784e-03
1.649259457497916428e-03
1.748001288367803923e-03
1.668723903527737865e-03
1.682246362067888780e-03
1.661945769072986677e-03
1.635522612729263959e-03
1.834717054662777158e-03
1.738757086773983244e-03
1.701514941114790590e-03
1.630967458611422586e-03
1.776199466506258760e-03
1.701631748343059069e-03
1.702374808448465062e-03
1.635589520646625866e-03
1.683850210661260111e-03
1.809352584189044327e-03
1.748348205413928751e-03
1.675361201798287493e-03
1.699887713714247177e-03
1.728133385054839979e-03
1.722353176906191771e-03
1.800985221661474288e-03
1.768762762117007635e-03
1.792207463209061690e-03
1.710960188227730579e-03
1.656504068221146013e-03
1.921358322841515420e-03
1.803126156728453080e-03
1.584866204828470470e-03
1.759025698831437595e-03
1.732655530271382189e-03
1.670321246931895289e-03
1.858085973482904735e-03
1.836108913400798714e-03
1.580519579066459995e-03
1.722216094755609547e-03
1.835546130286331819e-03
1.701336013190821389e-03
1.707954748819522474e-03
1.703959734615708441e-03
1.654706686622127573e-03
1.682018308089731646e-03
1.757137860690532712e-03
1.696139779819298699e-03
1.737796646279738929e-03
1.741143005541996233e-03
1.683016216597596265e-03
1.702836303154429834e-03
1.679513791195921596e-03
1.761584046199119033e-03
1.801641286931719363e-03
1.705778381908235964e-03
1.710435993475845594e-03
1.767930741990932043e-03
1.790289735590406758e-03
1.675660758482030478e-03
1.794500357282110669e-03
1.837513874666285617e-03
1.713943638777712473e-03
1.798201373941611106e-03
1.802426717459467255e-03
1.607165334661480195e-03
1.748644449405622678e-03
1.749894223379395162e-03
1.662501083487675797e-03
1.717647054975255131e-03
1.707545975758307253e-03
1.691595527194143756e-03
1.669008734298288443e-03
1.673566896664052499e-03
1.667317291423592047e-03
1.730152448899136821e-03
1.853340779726510550e-03
1.732249096329082239e-03
1.743718052651405592e-03
1.729851957621072632e-03
1.868470775709466392e-03
1.681004992220429999e-03
1.732205468283274903e-03
1.740293866824134785e-03
1.683316554769329022e-03
1.676554941078031930e-03
1.747116190035855271e-03
1.654425769913154230e-03
1.770770497121072025e-03
1.683092996950327595e-03
1.665961965782728621e-03
1.742595203868403490e-03
1.761226112705450509e-03
1.784857466978239434e-03
1.719704709514218929e-03
1.743493608188900540e-03
1.598615104556243283e-03
1.652365556112778914e-03
1.823548872012971302e-03
1.794663553285090214e-03
1.680122761715300032e-03
1.670364121836364702e-03
1.651382759018903352e-03
1.737840169083168084e-03
1.771122433436567861e-03
1.697044790620607594e-03
1.794016139316958200e-03
1.682001799410334612e-03
1.680392802044566999e-03
1.690887393754225048e-03
1.673035608865599232e-03
1.677432148649813564e-03
1.698871671873228729e-03
1.754548819811019940e-03
1.592696915703853021e-03
1.650143467264278668e-03
1.663126545824897230e-03
1.701424785295677219e-03
1.714521314118987866e-03
1.769566607528599454e-03
1.880460916313416017e-03
1.644461155666722190e-03
1.716634673082658271e-03
1.795824941673416879e-03
1.754066878234776224e-03
1.728691019040810026e-03
1.737323708106743633e-03
1.729630912560481404e-03
1.671983828924375253e-03
1.764200661278300620e-03
1.769079586991463039e-03
1.697033247787707155e-03
1.855234913927309793e-03
1.719155932563598164e-03
1.666266552264208988e-03
1.757628789339299013e-03
1.743542719178756747e-03
1.828630933365246129e-03
1.731240400643308452e-03
1.726838134580781703e-03
1.707036423037376930e-03
1.787145607687873946e-03
1.713349943361760748e-03
1.844187557374887083e-03
1.726872447322829558e-03
1.786047480104458818e-03
1.814956733854602685e-03
1.652298162391733919e-03
1.867139990974192544e-03
1.781026109180233220e-03
1.671695637823784192e-03
1.712426794289765219e-03
1.635364502647484444e-03
1.654162501556070367e-03
1.646186331772595728e-03
1.690538215810799463e-03
1.770453086447984579e-03
1.776276584321166349e-03
1.715671783355117311e-03
1.749410503241165607e-03
1.701351275928961572e-03
1.788357826139217984e-03
1.763538476720223885e-03
1.758216487591787855e-03
1.718033041148235530e-03
1.839816530832179622e-03
1.768237684945608021e-03
1.623959677796820312e-03
1.716278980161284502e-03
1.820572236797035875e-03
1.663146746592886367e-03
1.688156590859399503e-03
1.711425969690236236e-03
1.697857202487574116e-03
1.771004019318331724e-03
1.743011544635144315e-03
1.725515077355208775e-03
1.745052265658308694e-03
1.811582691164391511e-03
1.787198811804524903e-03
1.695643926215785425e-03
1.797592654216051758e-03
1.653697588216742221e-03
1.701953578684208164e-03
1.730549391891207482e-03
1.771782764175554390e-03
1.718860345684676419e-03
1.614909664892312741e-03
1.732346125451537239e-03
1.699084952644646122e-03
1.887397590535963305e-03
1.718620390341829519e-03
1.631209381794481014e-03
1.721423879349795157e-03
1.731321123943752038e-03
1.786304304053059917e-03
1.724816180706741781e-03
1.707235487378319866e-03
1.840131371484386930e-03
1.715631230852832090e-03
1.858908533892420986e-03
1.631708416358463925e-03
1.921361951486922574e-03
1.736864753021772397e-03
1.720210584381800774e-03
1.807343013949441312e-03
1.636405157443577771e-03
1.715224703560799466e-03
1.662749313629211618e-03
1.569302685761162766e-03
1.551833582074088006e-03
1.662102210857942805e-03
1.609155471269198062e-03
1.678028324285935373e-03
1.770213863865405289e-03
1.646359098676499063e-03
1.671976644327806752e-03
1.666238086982698178e-03
1.717799207950285786e-03
1.760876266030589245e-03
1.730737680144374836e-03
1.702586776130410231e-03
1.810863210527739135e-03
1.684246027019544291e-03
1.654542979536450598e-03
1.767788544292298904e-03
1.701397864314464726e-03
1.633699199461697985e-03
1.782781166545575500e-03
1.682396402395952562e-03
1.660756630236977617e-03
1.722725313529512286e-03
1.827982735344073741e-03
1.681542087044866169e-03
1.703113647960345124e-03
1.682148759338515740e-03
1.752654090596798050e-03
1.621747335473649066e-03
1.797520076057286054e-03
1.820036454056771268e-03
1.657319716924681059e-03
1.756706295830572301e-03
1.655342908413978556e-03
1.625528849470068288e-03
1.634785758316587619e-03
1.741627912830559987e-03
1.736317338933039212e-03
1.764731472075598950e-03
1.644100459527784650e-03
1.725589835559354374e-03
1.675175246519080424e-03
1.812288250949737342e-03
1.753188166055254975e-03
1.731900166339055570e-03
1.609163495719545317e-03
1.734403798705373787e-03
1.661545175241928339e-03
1.626759245292676986e-03
1.626084890246451723e-03
1.727485287037362803e-03
1.661955227613118790e-03
1.746047446294263401e-03
1.673631594407835529e-03
1.689858481158435606e-03
1.709643753060075509e-03
1.620548896092894632e-03
1.737480595242469044e-03
1.756027094418963165e-03
1.687441973994604615e-03
1.713133122783757484e-03
1.639267069314837748e-03
1.713293831718376093e-03
1.814669567651147749e-03
1.602433349562593611e-03
1.682168142458692790e-03
1.708903936640225347e-03
1.764410540974771383e-03
1.627067187344856045e-03
1.830031368377859442e-03
1.721739815949558045e-03
1.616251199056663920e-03
1.621999660150199316e-03
1.721468453868662575e-03
1.749968883815129338e-03
1.812596359588727370e-03
1.629107310987347717e-03
1.849210373973763418e-03
1.653512139250793616e-03
1.569997991719733954e-03
1.655698754320998828e-03
1.718573767340971512e-03
1.674786739118527389e-03
1.682698465227930665e-03
1.717093990011797199e-03
1.710832807805815099e-03
1.602914865715121106e-03
1.736224152690218079e-03
1.717517460011603681e-03
1.645791688842744094e-03
1.731212357883553290e-03
1.753126561383801241e-03
1.718897685772181275e-03
1.644525630631005729e-03
1.739670121493234545e-03
1.776340030630135965e-03
1.747152958533694555e-03
1.677168265968889205e-03
1.659028666639948647e-03
1.694136088747430361e-03
1.806962784590124054e-03
1.699523321237985090e-03
1.644655953719045220e-03
1.659241068755731895e-03
1.676423156995712456e-03
1.597733306993726283e-03
1.798657103332482491e-03
1.715800246397114048e-03
1.603495264525560014e-03
1.641351681329752260e-03
1.657972414799003483e-03
1.665821393489248618e-03
1.638978893728834782e-03
1.735112885534854455e-03
1.659736049719228715e-03
1.738353800201055581e-03
1.734002076254056134e-03
1.764424788820412099e-03
1.792187460417024158e-03
1.716299255823430705e-03
1.808523049340520633e-03
1.697465033437770996e-03
1.650563350519259091e-03
1.696902757523961443e-03
1.658668300756025414e-03
1.687820363394197795e-03
1.617919039204129307e-03
1.673681228325161292e-03
1.785094625999229540e-03
1.710520881402644109e-03
1.735838936955315815e-03
1.807265368770357089e-03
1.609728761351626432e-03
1.653612150084908744e-03
1.730279626453741027e-03
1.544414415552342783e-03
1.703960421005731602e-03
1.643758761236596049e-03
1.584778349639225786e-03
1.717390834663168071e-03
1.584592718951812482e-03
1.611738560182450269e-03
1.581037490600855711e-03
1.671890775351801087e-03
1.678546499740119456e-03
1.712312012642040315e-03
1.769792622086514096e-03
1.524514066788151215e-03
1.611830031562323795e-03
1.682070197806272149e-03
1.671662498712400777e-03
1.676661483565477020e-03
1.777750514542220713e-03
1.683582907831321493e-03
1.626210574902258073e-03
1.740858444081665830e-03
1.703430100209631310e-03
1.695986357649601145e-03
1.634939313973729144e-03
1.658567836782555037e-03
1.569388321837481698e-03
1.616281539767841545e-03
1.749646402935788785e-03
1.676656614602456278e-03
1.648958930277158105e-03
1.708333477956744525e-03
1.612361737080547728e-03
1.657495854571285412e-03
1.766189688503602912e-03
1.685433051308705618e-03
1.713107183523665403e-03
1.686044338348914031e-03
1.650649521076556379e-03
1.661654031511465785e-03
1.588142010656113431e-03
1.618927003999411085e-03
1.678439284165976660e-03
1.653841001633254808e-03
1.673823824911190635e-03
1.649232839382905888e-03
1.775656498515619866e-03
1.676556698292670702e-03
1.615574301939702237e-03
1.679361261889969438e-03
1.761820852143721134e-03
1.706888563516671632e-03
1.656914677825720899e-03
1.809863918770280222e-03
1.691409883875639401e-03
1.629960735324850881e-03
1.726515987098696265e-03
1.703957343038688685e-03
1.680757580232627307e-03
1.812762780926136137e-03
1.688279919250986741e-03
1.675010580946144486e-03
1.747624360981101053e-03
1.803202354859518349e-03
1.705749039251998464e-03
1.606759908398219848e-03
1.662631642793984841e-03
1.633523844900996395e-03
1.686210247215276948e-03
1.690795157796485225e-03
1.643673782565010632e-03
1.691461303757980797e-03
1.761890837014001626e-03
1.598696598775713185e-03
1.674933191886803299e-03
1.655828001432211585e-03
1.661942288780753453e-03
1.696726378901134173e-03
1.638238195550786695e-03
1.578623786254453390e-03
1.562233704873311089e-03
1.658655491341249136e-03
1.584443085539105145e-03
1.569756275074977179e-03
1.761988801446374249e-03
1.599611910082310209e-03
1.652189663344063577e-03
1.672603796879582657e-03
1.588236298036652247e-03
1.623396886924054205e-03
1.632363034280604136e-03
1.620438353571774593e-03
1.579489011180262555e-03
1.617420569478676294e-03
1.685504717779229061e-03
1.672006137600189459e-03
1.742721221406492559e-03
1.650576847133218995e-03
1.753968291195879105e-03
1.732672627269798591e-03
1.767907479819148158e-03
1.688530913642541983e-03
1.653422681994433678e-03
1.618331564658785637e-03
1.627732204084020740e-03
1.583496486421661189e-03
1.689114050832236664e-03
1.761903761433283172e-03
1.695447289274330067e-03
1.638167719559597288e-03
1.654748781655761324e-03
1.633601723310674743e-03
1.756304111645972180e-03
1.719328139913144224e-03
1.535754692840454348e-03
1.622359449416951004e-03
1.553901989190336090e-03
1.717868679506753381e-03
1.499896817891090053e-03
1.615760145477605379e-03
1.716324539640076740e-03
1.771661945293793441e-03
1.591989553956930275e-03
1.627001480075238558e-03
1.652563965466451916e-03
1.567420825277033051e-03
1.741180316306375781e-03
1.743614437184733395e-03
1.673098028026862114e-03
1.550992530735094063e-03
1.708164747089109840e-03
1.593085241053358208e-03
1.650355857517554628e-03
1.562658284298420715e-03
1.662165297943149489e-03
1.594255943128987168e-03
1.699802274685872396e-03
1.593676805438258874e-03
1.715447837515846107e-03
1.543282486434676597e-03
1.766685623626548015e-03
1.664904058396691599e-03
1.648884765431590056e-03
1.612255163400565369e-03
1.762913900700083377e-03
1.672459848494573052e-03
1.753784909439593063e-03
1.585862048524783749e-03
1.624059780792156803e-03
1.676673800342856494e-03
1.597933036693661079e-03
1.714505113935093413e-03
1.754723495277188319e-03
1.614676138311036237e-03
1.599467481368596492e-03
1.705552329610665737e-03
1.589045752126948046e-03
1.751019222703590521e-03
1.772941711694128427e-03
1.636239775714166782e-03
1.573692286008111958e-03
1.629212959679949332e-03
1.661559078400147221e-03
1.754398724092499180e-03
1.679352691543710158e-03
1.590975350777825738e-03
1.789924757063678052e-03
1.566314243385497160e-03
1.588472537782566587e-03
1.778476877220677146e-03
1.581416959475335973e-03
1.699270715262798546e-03
1.549231642531487957e-03
1.657252042393071592e-03
1.644080508208757216e-03
1.688898111863886085e-03
1.581017261893427834e-03
1.738364594650137563e-03
1.677582070234279491e-03
1.635824102873114673e-03
1.678671313296781166e-03
1.768622964967192599e-03
1.678988087351793298e-03
1.505641200961636708e-03
1.587688605365513653e-03
1.786925014767272012e-03
1.632981338970600433e-03
1.802646683529710026e-03
1.733812910763672102e-03
1.724639223666898404e-03
1.635809445642173992e-03
1.664005184238247573e-03
1.613263650233476851e-03
1.628747723896705217e-03
1.686838882789427462e-03
1.685051614424367631e-03
1.672040805185750828e-03
1.652676800242329274e-03
1.649761106160924475e-03
1.628667378650792670e-03
1.650701219024859091e-03
1.571809584040345350e-03
1.582489194798204551e-03
1.515075975980075896e-03
1.697028871611300010e-03
1.735524803045604631e-03
1.606467401235284241e-03
1.587602674721582882e-03
1.678169090616023554e-03
1.584250680957501262e-03
1.653853091099124822e-03
1.750354112059817127e-03
1.772592348889615033e-03
1.717015151860743286e-03
1.696956515429077789e-03
1.651243647688027932e-03
1.820218444504095173e-03
1.629212332223804781e-03
1.757921680191887586e-03
1.640765728179029203e-03
1.607002210976912326e-03
1.674561871244681192e-03
1.616650290975612603e-03
1.492195038493601082e-03
1.687998400368326182e-03
1.620992736691946948e-03
1.665741374061711173e-03
1.760313743740790854e-03
1.636428834049581888e-03
1.609511009723671622e-03
1.652852116990174069e-03
1.691328337485244150e-03
1.655751984459742253e-03
1.546591211333536112e-03
1.723685947406352779e-03
1.640255223116279326e-03
1.523502181912461803e-03
1.604220178731221615e-03
1.584941723602591558e-03
1.648479576116547484e-03
1.666907699874318680e-03
1.531338882319668209e-03
1.552660472162402903e-03
1.610385867632754039e-03
1.589661204218990268e-03
1.589964825714803741e-03
1.601943999012544768e-03
1.643345986577913814e-03
1.568525336305306170e-03
1.523379245219421644e-03
1.585486821428385481e-03
1.705462230553026577e-03
1.617246744243637773e-03
1.601070918961956888e-03
1.717010008904958735e-03
1.560066415500768484e-03
1.657245113198838006e-03
1.668257976351165527e-03
1.586129059903380141e-03
1.499940924219263358e-03
1.609176885285273396e-03
1.654683256484416280e-03
1.617560115117561191e-03
1.649686426190796881e-03
1.666880463311063267e-03
1.644694591294170024e-03
1.614336235847498718e-03
1.513902483253849610e-03
1.683224292638394728e-03
1.623687426840096648e-03
1.581145439376868168e-03
1.664709906502797416e-03
1.653140646088285511e-03
1.684681775582358692e-03
1.660485176394632147e-03
1.727933496788716574e-03
1.626002552427539783e-03
1.570933073382859519e-03
1.688470802789782642e-03
1.635755826448687502e-03
1.644466636693930894e-03
1.597525972507764453e-03
1.596982510475250441e-03
1.580084542217283705e-03
1.732483722668701947e-03
1.685494212322290230e-03
1.618406804787703027e-03
1.716663911652745915e-03
1.664377161888690258e-03
1.637763586628930308e-03
1.610396239337372019e-03
1.649305491795908249e-03
1.550861163671690517e-03
1.565319220497184008e-03
1.728823640377839506e-03
1.615545224643621979e-03
1.661014984971588169e-03
1.680517846330220177e-03
1.659033141237447597e-03
1.401977990758396329e-03
1.566724136608329924e-03
1.589376873410674931e-03
1.578151482126611280e-03
1.610476030936106549e-03
1.755432566292412832e-03
1.576992109920283963e-03
1.647603146614975240e-03
1.598319420955887507e-03
1.781172697516557020e-03
1.626540259988639011e-03
1.625571317479813189e-03
1.630847812590283845e-03
1.660103595627785388e-03
1.631679325386918610e-03
1.608629340032376480e-03
1.579097399425857633e-03
1.474835914933099196e-03
1.649796301639214939e-03
1.691060618975467758e-03
1.667594680718283281e-03
1.656841411683575510e-03
1.609531862808600156e-03
1.734586296806617245e-03
1.641110702955354828e-03
1.636734095545894913e-03
1.549280212994652182e-03
1.513255666068695883e-03
1.634495193897377236e-03
1.672123863315182766e-03
1.538726777021312770e-03
1.678262798322088366e-03
1.713706865447281935e-03
1.712750139236095389e-03
1.652832804574050525e-03
1.600617532533891258e-03
1.674867838533092160e-03
1.619540734477333379e-03
1.576635658463694870e-03
1.652527826540893660e-03
1.556790501295313590e-03
1.601547802714954009e-03
1.616861239656393941e-03
1.576863749812192766e-03
1.555754016962783513e-03
1.590651730677828356e-03
1.568365712171879795e-03
1.593332677787510183e-03
1.592691198149919461e-03
1.688738711574575262e-03
1.563087593551334715e-03
1.575076071363224915e-03
1.600093200288978026e-03
1.653821754028153264e-03
1.739967760615246167e-03
1.580703393964844397e-03
1.597662457454628775e-03
1.625154601651244849e-03
1.615775648558193762e-03
1.544976844227462448e-03
1.668684570881514943e-03
1.741408305174132120e-03
1.510564639590262961e-03
1.576677298757300869e-03
1.714609907933754189e-03
1.477058948338543171e-03
1.495886033527197602e-03
1.539354093993944945e-03
1.612267358153729457e-03
1.598580632551929075e-03
1.591553409940902946e-03
1.612903833202792517e-03
1.552729686066699416e-03
1.661835587797305148e-03
1.592156843001288303e-03
1.650974476608811159e-03
1.639718579911128311e-03
1.618030097528311067e-03
1.568916006370691361e-03
1.665706209269779327e-03
1.712478889095405722e-03
1.597012331883823025e-03
1.514919754391463999e-03
1.561243105483675099e-03
1.548251076858325531e-03
1.714284085061440477e-03
1.633847509662503944e-03
1.599177860528176731e-03
1.664107396766802095e-03
1.564052362996022801e-03
1.709423618741587759e-03
1.462768703816387907e-03
1.629301753439715231e-03
1.554897838182818905e-03
1.675356946475967937e-03
1.617907929780679340e-03
1.649211217410800553e-03
1.602515729193693594e-03
1.557698089644129081e-03
1.607080684250558654e-03
1.621649570138452689e-03
1.660226268885250543e-03
1.594111870880975026e-03
1.615504221462072017e-03
1.524433630052085759e-03
1.760856539076421619e-03
1.543049984398389305e-03
1.571793110006992162e-03
1.684088885065030848e-03
1.584581599450569098e-03
1.639636681875586465e-03
1.611269861357992337e-03
1.674491050140153054e-03
1.511678466262590193e-03
1.590616351927413418e-03
1.635847632142408900e-03
1.606808312749537790e-03
1.558499129448028334e-03
1.600682734195628528e-03
1.617661518844221548e-03
1.653301714942086468e-03
1.645336457532876233e-03
1.650687673630535108e-03
1.606905340219773196e-03
1.589575546797353028e-03
1.638950444117813618e-03
1.607459121336665209e-03
1.592287860463741881e-03
1.734350931536206633e-03
1.669813171637775850e-03
1.561361969230757110e-03
1.655527064380397885e-03
1.627554842068061136e-03
1.576765992922789933e-03
1.626157426389878953e-03
1.580424729897276928e-03
1.483534838807356150e-03
1.623550522076330814e-03
1.549535325114665112e-03
1.553915033708883455e-03
1.573415715978862669e-03
1.630717333032369321e-03
1.656109398629485984e-03
1.793394516284651987e-03
1.507976892359936660e-03
1.652513141823810277e-03
1.586311531903678409e-03
1.592307826308098388e-03
1.714004167528495942e-03
1.722023187864289489e-03
1.587846976067502176e-03
1.628132426228797716e-03
1.514505113924835685e-03
1.591892625341079833e-03
1.697403123324014084e-03
1.503344871955572407e-03
1.405776466891313446e-03
1.633652293040143560e-03
1.624842391802390268e-03
1.619426323853527744e-03
1.500039682131013670e-03
1.596404712215084053e-03
1.506162410434632153e-03
1.724685282079314440e-03
1.575918369918296019e-03
1.642689203904615976e-03
1.531872173245351102e-03
1.579033780614338663e-03
1.523316156973131144e-03
1.603303116820735744e-03
1.697691511431743180e-03
1.628369254301799841e-03
1.578811920986988773e-03
1.594998423839171040e-03
1.579477482108221104e-03
1.684200932155491964e-03
1.552928215682182912e-03
1.594423692294153405e-03
1.622353207101972497e-03
1.523184333089367412e-03
1.601672420808205287e-03
1.523344795397108247e-03
1.655293177705964699e-03
1.558629140724375689e-03
1.532491684650024149e-03
1.705157847554634011e-03
1.555223832360531954e-03
1.643486181162805019e-03
1.635468264932193102e-03
1.685446120906680233e-03
1.487267316599606357e-03
1.561444088185004811e-03
1.647729631715975441e-03
1.607437108222433591e-03
1.505816335369065517e-03
1.601149156290356153e-03
1.618750515181833572e-03
1.448840200782154858e-03
1.623827803583271319e-03
1.569827317213503713e-03
1.624981701252484634e-03
1.573985336434377286e-03
1.511983512769788599e-03
1.643013879075484523e-03
1.615073083660097802e-03
1.574969594019085505e-03
1.496004647585148046e-03
1.624669859559931288e-03
1.666593812747116203e-03
1.536127566600131375e-03
1.692381538839275680e-03
1.625632177689631357e-03
1.598179124612576470e-03
1.573838547339251109e-03
1.555106720961237868e-03
1.584050457081172215e-03
1.628941105168183259e-03
1.649721606128715188e-03
1.723200893333772009e-03
1.514646327386351236e-03
1.621546798169821437e-03
1.619987545747234763e-03
1.549236514974184882e-03
1.535535439658864201e-03
1.592715306644898682e-03
1.590657850534467170e-03
1.678447584081266871e-03
1.721310616829980307e-03
1.566231751932439450e-03
1.567786643154103808e-03
1.626828631967306262e-03
1.548805958505897152e-03
1.523504692033919496e-03
1.647599175890103072e-03
1.699244106941064656e-03
1.535844580140406385e-03
1.571630341650865226e-03
1.619882820119267208e-03
1.601791016013310448e-03
1.632368143818037267e-03
1.637281841205556580e-03
1.610882038338897274e-03
1.619382918195163504e-03
1.638475650451244863e-03
1.544633359250156650e-03
1.651556826567499329e-03
1.633486063698684964e-03
1.589823682662070727e-03
1.588645716474864755e-03
1.543324992107231652e-03
1.655027084091517491e-03
1.547875586750903061e-03
1.671343775711033432e-03
1.518075357988046999e-03
1.452283692569924112e-03
1.577112363579513806e-03
1.578678162550721823e-03
1.561972711020695676e-03
1.595565661463934585e-03
1.465263551395757464e-03
1.669794173863641202e-03
1.641019877619604014e-03
1.626547935630961485e-03
1.493144636340918178e-03
1.576659370871564799e-03
1.510339003301292048e-03
1.650340384635061138e-03
1.553632303492755986e-03
1.586424871999437625e-03
1.523898388955166779e-03
1.657720416368953752e-03
1.655576145850102144e-03
1.579512549004171264e-03
1.542227914816186743e-03
1.527071358930056971e-03
1.547422679484216626e-03
1.468540155681189244e-03
1.517240025027550773e-03
1.698165624183401324e-03
1.582969811942981858e-03
1.550754561034318503e-03
1.579384169347295384e-03
1.558757724518590113e-03
1.606836502201390441e-03
1.584448601255209269e-03
1.698332522907141512e-03
1.681380222872444138e-03
1.560658235531094768e-03
1.597871583012230780e-03
1.696967657395999796e-03
1.587822690009788040e-03
1.503173816937238786e-03
1.520916636375625134e-03
1.613517820152985749e-03
1.553602105253744587e-03
1.419732834694944395e-03
1.579742035163491992e-03
1.516088656577156864e-03
1.526492800857054888e-03
1.736934807583776635e-03
1.462625426836148190e-03
1.584659110340411702e-03
1.494608421855164867e-03
1.673874262731077671e-03
1.542373810728358023e-03
1.666983599186388143e-03
1.604272145688709480e-03
1.752133155982761982e-03
1.566608574274465371e-03
1.453925803457074535e-03
1.668293199825531285e-03
1.602038588706281930e-03
1.550949848135740492e-03
1.539122364533380884e-03
1.581742793842048867e-03
1.611637587009889230e-03
1.588323189106933663e-03
1.543067831683787991e-03
1.511405969188611481e-03
1.609438614451477257e-03
1.527293878861560664e-03
1.696849342192786100e-03
1.516569849508489975e-03
1.539692990533352230e-03
1.614576439218755929e-03
1.559027104859662342e-03
1.451043250501307365e-03
1.495011153280648456e-03
1.654544475553503024e-03
1.547297320732729650e-03
1.617488231963689401e-03
1.592573151012712440e-03
1.588772198617499198e-03
1.606160492681051044e-03
1.505969800934249059e-03
1.523087268416305033e-03
1.641069904003283463e-03
1.523717632880140609e-03
1.619192323273069755e-03
1.514711360057506128e-03
1.552718884669585008e-03
1.560364939896857674e-03
1.564115172662259093e-03
1.479526446515814445e-03
1.599632474376349537e-03
1.603029143340670235e-03
1.531768218640897680e-03
1.574350763969149412e-03
1.736593222420900742e-03
1.658280033754783297e-03
1.700763427322162348e-03
1.687653084176812552e-03
1.530023787984343721e-03
1.598297350105109442e-03
1.494556385964205224e-03
1.577901469136963478e-03
1.668829795072803530e-03
1.606484957933345531e-03
1.524059157392437976e-03
1.566601726386941196e-03
1.550831472523563591e-03
1.624324262695467066e-03
1.546893447257729473e-03
1.647772766581232125e-03
1.632124082337819276e-03
1.633145787849663239e-03
1.670845654326733867e-03
1.635009077260697824e-03
1.617008056321731857e-03
1.424054840641531114e-03
1.568067851329748045e-03
1.563930155352638140e-03
1.638600968878155479e-03
1.618301416216954940e-03
1.645185092044565726e-03
1.575412998145813825e-03
1.595339475316945831e-03
1.573193971809770750e-03
1.538840154219387781e-03
1.543523346492490502e-03
1.528282538586209216e-03
1.563697652547707019e-03
1.452873730479144546e-03
1.581692283506685569e-03
1.671844575703825778e-03
1.570304613601113076e-03
1.557488058404989063e-03
1.683764666624851811e-03
1.514807671078286433e-03
1.505989653415805950e-03
1.568154466356839419e-03
1.475691046087670251e-03
1.581869768612335523e-03
1.525563061619189748e-03
1.572961990231639415e-03
1.537240428707849649e-03
1.600745141286054459e-03
1.583251787931115465e-03
1.512810775195980173e-03
1.633948899343549586e-03
1.478186392500788638e-03
1.557244604908798345e-03
1.602248539030941971e-03
1.545175181594031673e-03
1.554825007606752598e-03
1.650537469520697376e-03
1.659085272520308433e-03
1.553757171530958502e-03
1.572423367120451320e-03
1.588180303631855136e-03
1.690350219279120438e-03
1.509183734277397011e-03
1.502094475808582897e-03
1.563796651645254793e-03
1.581326965299266821e-03
1.512548535959920603e-03
1.616873325086180205e-03
1.594009294694457820e-03
1.547442856190087796e-03
1.557462564709023375e-03
1.563801060124473188e-03
1.595494684260029099e-03
1.633352085753358215e-03
1.627111272091708851e-03
1.515382608186926832e-03
1.608913105255156597e-03
1.627484462807301819e-03
1.588935067600630476e-03
1.596944492948981862e-03
1.526936606135865029e-03
1.496909330527858382e-03
1.617120738895769759e-03
1.575208104129767993e-03
1.502282270415983842e-03
1.543339720204307342e-03
1.614033127062237645e-03
1.565649620876945897e-03
1.583562238961906633e-03
1.502596730255214294e-03
1.606650645458143145e-03
1.527611330356413132e-03
1.626867533756518091e-03
1.555542503150443004e-03
1.456698278262207958e-03
1.698322073678886282e-03
1.637432194069566487e-03
1.547019011355957796e-03
1.610381360404504122e-03
1.560921032248106365e-03
1.472399191381513388e-03
1.579630719114556150e-03
1.527110500466766479e-03
1.588700533801274848e-03
1.519849379730483152e-03
1.574295632320780666e-03
1.447591508350292875e-03
1.499473690549467516e-03
1.612978475996794652e-03
1.465079941346832722e-03
1.616987225406948817e-03
1.424544587006748575e-03
1.521514639135701247e-03
1.514268411974750358e-03
1.520102431555782818e-03
1.579295383109340133e-03
1.568425868905653619e-03
1.600299039989075975e-03
1.634242271743275394e-03
1.545836699436069044e-03
1.499759587700689794e-03
1.499182652569948111e-03
1.498409648596318172e-03
1.578097554054407915e-03
1.671127844672330460e-03
1.434054089253316254e-03
1.636121708961754684e-03
1.698350998055526626e-03
1.451429507026858389e-03
1.552549564913973962e-03
1.525244995755634016e-03
1.560885881602783751e-03
1.568206568882024761e-03
1.561007764466308938e-03
1.487845086332171456e-03
1.565289604556797725e-03
1.459838754642900664e-03
1.551312651130047670e-03
1.458258275593446538e-03
1.503159795868748948e-03
1.636712694465906025e-03
1.537089711687895195e-03
1.507334393431967274e-03
1.650321915574793448e-03
1.488748160197830720e-03
1.530758414095668030e-03
1.574904049308208358e-03
1.482654942837109951e-03
1.613678665129066958e-03
1.584917257838204486e-03
1.715197209719357884e-03
1.546325298583727925e-03
1.588965155135330489e-03
1.527030115797282754e-03
1.543652416177710308e-03
1.535751885396970714e-03
1.559739816167157603e-03
1.674437427975899268e-03
1.510630593572717673e-03
1.511944275766031629e-03
1.532287865298444674e-03
1.465916829602937396e-03
1.491807289837986019e-03
1.537811793414774024e-03
1.496325714247820782e-03
1.677588541015096260e-03
1.427625771246228848e-03
1.538053047819024945e-03
1.580850005185861903e-03
1.603225345702212956e-03
1.583122964046440291e-03
1.556498328255743894e-03
1.552228373864390516e-03
1.658869906233611038e-03
1.646745565663238495e-03
1.599172822167859234e-03
1.704927998253229823e-03
1.479591615232762458e-03
1.436166423742259385e-03
1.540157721871886600e-03
1.661834457582250140e-03
1.649282023561885044e-03
1.658331543555526628e-03
1.603071569414447201e-03
1.618798430045859452e-03
1.631719192070408197e-03
1.550399968981320143e-03
1.624696922801574213e-03
1.651654424933060106e-03
1.507371226424373796e-03
1.501976511073093270e-03
1.478799161743655404e-03
1.574028480071032292e-03
1.614594978696774026e-03
1.531817207692612445e-03
1.560848551634684859e-03
1.513667108756191993e-03
1.666361667480075002e-03
1.543474448490301729e-03
1.595569016316163722e-03
1.529562657050683111e-03
1.399394579842780113e-03
1.621330427055716348e-03
1.632195739633868822e-03
1.641980258166510004e-03
1.584756059032814326e-03
1.621875440268588132e-03
1.618512025302281223e-03
1.593924989594669049e-03
1.500216545941728203e-03
1.525783038974398969e-03
1.575209692038385305e-03
1.501436215943602716e-03
1.532287596710962341e-03
1.552369687275734428e-03
1.565998820318008052e-03
1.473847509581466351e-03
1.492131676905040540e-03
1.552394808972928702e-03
1.551639428584201388e-03
1.454103213731982192e-03
1.636900937536148268e-03
1.470582460229996049e-03
1.487974807677093156e-03
1.518894556305534207e-03
1.472883337170433201e-03
1.584611167388183268e-03
1.539717017795156316e-03
1.589204993831867590e-03
1.622557589015357054e-03
1.538023500727957052e-03
1.526781269844315570e-03
1.570500309555518436e-03
1.499202552997790398e-03
1.492080666656747613e-03
1.590438350362437421e-03
1.560440561040000009e-03
1.489593654061046419e-03
1.467964386615352567e-03
1.480305490634609665e-03
1.526996931269846694e-03
1.456120374816607206e-03
1.528161699508352386e-03
1.552324503785587574e-03
1.602942511734046626e-03
1.582069983054864692e-03
1.512712150309096157e-03
1.555377737584587739e-03
1.549231529974264649e-03
1.480370828418188815e-03
1.578786023732609619e-03
1.570347702654159181e-03
1.624251974749393998e-03
1.587111770431171541e-03
1.472099174363825829e-03
1.601056282728735829e-03
1.452565099783832085e-03
1.570730202254442360e-03
1.445873244997820288e-03
1.547620826840646934e-03
1.402056458023192122e-03
1.548419272615872899e-03
1.603163525463924006e-03
1.516563383866868699e-03
1.438519567947438293e-03
1.523903651787597265e-03
1.565876197360511948e-03
1.593211503145585718e-03
1.592255203135156151e-03
1.493613670414756017e-03
1.499377478205271043e-03
1.582046827694283701e-03
1.541451955472293188e-03
1.528594569200757364e-03
1.436295002210276209e-03
1.501616473132516994e-03
1.472298252999777084e-03
1.637094686428166006e-03
1.536950058972378231e-03
1.558033078241102300e-03
1.650112405039357542e-03
1.644284642391614709e-03
1.560763538168242559e-03
1.599883134312747417e-03
1.524722952327220394e-03
1.577536518188014459e-03
1.464436250822333772e-03
1.520451652503700297e-03
1.568485581419115215e-03
1.467289203478798140e-03
1.609929831437126140e-03
1.635262755813774805e-03
1.425909282560350278e-03
1.522331650678543846e-03
1.410050946101419362e-03
1.526023662044545320e-03
1.574971197169308538e-03
1.516268183707104953e-03
1.501533733040168921e-03
1.566424566316762220e-03
1.440630464683205578e-03
1.543469973657212802e-03
1.617210036271821486e-03
1.420639474462699397e-03
1.560444533102322076e-03
1.539537863586516861e-03
1.609179891639287872e-03
1.566186393216892434e-03
1.409574542187587822e-03
1.578733878678218426e-03
1.465377392206830727e-03
1.439847632565843631e-03
1.513874618479620722e-03
1.508184643798796696e-03
1.541074402576970591e-03
1.512691385629422311e-03
1.500357072724151043e-03
1.543270170846142370e-03
1.551741720847354174e-03
1.500534219279112211e-03
1.537951673034614443e-03
1.410382380230145501e-03
1.496498733641340789e-03
1.506110208528534458e-03
1.453887769685659453e-03
1.506611224836242871e-03
1.485725917283038829e-03
1.431852053365012881e-03
1.441601407977914293e-03
1.578885980454494426e-03
1.535799241960509156e-03
1.477314451360398030e-03
1.603759941753113601e-03
1.455609738207275976e-03
1.502962337879639463e-03
1.490721330162168845e-03
1.456394095600069272e-03
1.489114234619718768e-03
1.537697043837810964e-03
1.559430219624278070e-03
1.575348964123758546e-03
1.467709042975575773e-03
1.499190911663292238e-03
1.436957924884897609e-03
1.556439773900775451e-03
1.484652683987842860e-03
1.570029155458988910e-03
1.494718653878709773e-03
1.483691139683685498e-03
1.550309150492691808e-03
1.565310443136670032e-03
1.490284827217734339e-03
1.509127828051610434e-03
1.452684918326808787e-03
1.560409918161138063e-03
1.464668212123199564e-03
1.531237139857942898e-03
1.423949536869545006e-03
1.499570067353221507e-03
1.460655737867028701e-03
1.422948245938206267e-03
1.497284519981922522e-03
1.444157507713679425e-03
1.571069184948109803e-03
1.492309567875850767e-03
1.477421977847753320e-03
1.513401090513726227e-03
1.502456088963723645e-03
1.504174755593532019e-03
1.521387664475344452e-03
1.470721861796239109e-03
1.524333011499032090e-03
1.474145255383385502e-03
1.442323335932983383e-03
1.468126564485596223e-03
1.586098348040042728e-03
1.521289949979953097e-03
1.511222913005015557e-03
1.364774259403485910e-03
1.459896267505917614e-03
1.419391718474936111e-03
1.515913080408773416e-03
1.447637946942139601e-03
1.424727930720901588e-03
1.465715615895034222e-03
1.622081918778685771e-03
1.547955891083524407e-03
1.419740059147250530e-03
1.432292210532123576e-03
1.419276791078872028e-03
1.521943128029521006e-03
1.594091267289298938e-03
1.522037272600730356e-03
1.491472408400251531e-03
1.457752018714143392e-03
1.616017405533335619e-03
1.553154678363289319e-03
1.517196825420319937e-03
1.494726374497344417e-03
1.561622909671247757e-03
1.515677303593182708e-03
1.597373729664318572e-03
1.615065655028771622e-03
1.603059040187520190e-03
1.518055728040069996e-03
1.554146846283125782e-03
1.540801982472955701e-03
1.462756091883096136e-03
1.498978232428543628e-03
1.531951568345415364e-03
1.457455523151245276e-03
1.421948037163664859e-03
1.598169707107613110e-03
1.512196919586146103e-03
1.476336373641919022e-03
1.486103961229038760e-03
1.530761568969025814e-03
1.439626861994151678e-03
1.599545844809400997e-03
1.543721470691764713e-03
1.600996850046456548e-03
1.445366513828823035e-03
1.506373613413722248e-03
1.509546549425377004e-03
1.437950065767488583e-03
1.554389586702376340e-03
1.414188267178515673e-03
1.444196110309547542e-03
1.548176758181040152e-03
1.463848850328519635e-03
1.580443591096375357e-03
1.441436994934262080e-03
1.485964481314970510e-03
1.537426856724049065e-03
1.537119053221005713e-03
1.485890064828530692e-03
1.559917646329647646e-03
1.336800406183228512e-03
1.539675119044494429e-03
1.550082719352922651e-03
1.480719867154683261e-03
1.593617874702785110e-03
1.495234724207935174e-03
1.474737162113124193e-03
1.416932234210594365e-03
1.495377353790434223e-03
1.569157834519598451e-03
1.504309457697320263e-03
1.515617981480862214e-03
1.506426213667208221e-03
1.547137687757107853e-03
1.484774624294822121e-03
1.528399881149999483e-03
1.465293907728036291e-03
1.559471817934138596e-03
1.417172873156542258e-03
1.454617197321817152e-03
1.434777351828640368e-03
1.453794659818946448e-03
1.463397950010888928e-03
1.496732748095756533e-03
1.611600806450553614e-03
1.510330128616139056e-03
1.495926446384952509e-03
1.534989036207237570e-03
1.448099972407320682e-03
1.436920774173728764e-03
1.458695536998874491e-03
1.579563626400516717e-03
1.500550158750360314e-03
1.493938125972472464e-03
1.532436510847294672e-03
1.638194381005793039e-03
1.503238270012508286e-03
1.537062457329207337e-03
1.396490673421133541e-03
1.443306393518081071e-03
1.555265226573737105e-03
1.547027333609099845e-03
1.455786217314512234e-03
1.494837745284133832e-03
1.548930851603800727e-03
1.507642057965319620e-03
1.611473275181843226e-03
1.552561864643819262e-03
1.538792265370979078e-03
1.503232952102549541e-03
1.495276829192436529e-03
1.482962340434032522e-03
1.422930551398756283e-03
1.394039480153558969e-03
1.449639070094127296e-03
1.481950814994898282e-03
1.470786717567901551e-03
1.430942717317901410e-03
1.491425001942719855e-03
1.438201692458491218e-03
1.536548540973254684e-03
1.509383120218918363e-03
1.452714728632789002e-03
1.503502701978431206e-03
1.571483905160213530e-03
1.514686167834129521e-03
1.479525159607543525e-03
1.473823248394533431e-03
1.517867973351177870e-03
1.532939886186194395e-03
1.543078730113486624e-03
1.463962555762180926e-03
1.465438028634705831e-03
1.487391955291817456e-03
1.484819848329569638e-03
1.626544323436942109e-03
1.456373442997482620e-03
1.401638635025922010e-03
1.508309679019443966e-03
1.498728188968529145e-03
1.484405435621611539e-03
1.429931677632993508e-03
1.526892104863457941e-03
1.507606140432269639e-03
1.506028233422109517e-03
1.438539819378605077e-03
1.419412993451690374e-03
1.361735528308704278e-03
1.523124091126569013e-03
1.582389723980723046e-03
1.451438872531581048e-03
1.425465563779927149e-03
1.531570370722443739e-03
1.505473479905997331e-03
1.579593778175301770e-03
1.516632739852398709e-03
1.590195457601971483e-03
1.567406585994123806e-03
1.557558190913118116e-03
1.684786355523948571e-03
1.618460851599789118e-03
1.431090618844833981e-03
1.482413155351057239e-03
1.461023376196917030e-03
1.563062554539856571e-03
1.466878438083528673e-03
1.671456633109541989e-03
1.523612403069971640e-03
1.515713586233037938e-03
1.609833229496556925e-03
1.445725999194996843e-03
1.374030244978131790e-03
1.497734927282936114e-03
1.426449838447427362e-03
1.534041417546175463e-03
1.426731215522541963e-03
1.445292049121004070e-03
1.578536905273907444e-03
1.488277210777870507e-03
1.589827725628053775e-03
1.377051991504415259e-03
1.483368218186535562e-03
1.443183314581185763e-03
1.496736393961871836e-03
1.414637524999579890e-03
1.465894201558286909e-03
1.535543893977915891e-03
1.470840815833801074e-03
1.518057873043747279e-03
1.396191557647582376e-03
1.432255497248378657e-03
1.410889868783029698e-03
1.481693025210977042e-03
1.543137248345329742e-03
1.430574393110882600e-03
1.545851182254300840e-03
1.537658500316982629e-03
1.475684407920213994e-03
1.418165639954337446e-03
1.440538498512815985e-03
1.410304865254892286e-03
1.442860780737747041e-03
1.566466302366527081e-03
1.615451829816462893e-03
1.441365320674394164e-03
1.412167624498593009e-03
1.533508838111862079e-03
1.485094484714911608e-03
1.512999544197212581e-03
1.428370888354268823e-03
1.457789527049232299e-03
1.573272782626692528e-03
1.514926332898579569e-03
1.524691808911106177e-03
1.440639406779621991e-03
1.444225843098195577e-03
1.526433707702644967e-03
1.432011888913279751e-03
1.489368492148086635e-03
1.465474230834499332e-03
1.504268278996459410e-03
1.620465350840840507e-03
1.503140730437543815e-03
1.539966445631543853e-03
1.402354979586496525e-03
1.383718942596811295e-03
1.505362849048476814e-03
1.496462253909064399e-03
1.548979895427432746e-03
1.509832770708980807e-03
1.413974925843151627e-03
1.529939105041079042e-03
1.382615388117067797e-03
1.509324030372928170e-03
1.544301466428349380e-03
1.439547242786018075e-03
1.449447815426991529e-03
1.590792998552907189e-03
1.377056143547076119e-03
1.432372774271945936e-03
1.502020824942215628e-03
1.429575197770408326e-03
1.456552631312627456e-03
1.518092304305710153e-03
1.478205005078464789e-03
1.539633084419058653e-03
1.446641756337502640e-03
1.444799963903998369e-03
1.543810232682677874e-03
1.437418553888283315e-03
1.483962082991745549e-03
1.525535820870289883e-03
1.609998467969814230e-03
1.398900241073322342e-03
1.534555560230391321e-03
1.453935913388317838e-03
1.490123398042634325e-03
1.417199352403557570e-03
1.315432216537532539e-03
1.432180327171455637e-03
1.423584977436284128e-03
1.615475426906664430e-03
1.449409012460231225e-03
1.479546413646471879e-03
1.565619340108167189e-03
1.521433059307360008e-03
1.468728924011648319e-03
1.548161179870780535e-03
1.419657466527732195e-03
1.570531347620123669e-03
1.446236064497953252e-03
1.515748363323076624e-03
1.384391219650513280e-03
1.557834646441738158e-03
1.483589774119512634e-03
1.590336476902603482e-03
1.472769275696632265e-03
1.567072196915660510e-03
1.444505201874510172e-03
1.428162656817265038e-03
1.417289603647628590e-03
1.510726973354828808e-03
1.605400720795947117e-03
1.437301859318204037e-03
1.597066115832097019e-03
1.480848353732977041e-03
1.487578743100974451e-03
1.507840442627982969e-03
1.578597341604345231e-03
1.425574020859139701e-03
1.463007693401167974e-03
1.510133732531578022e-03
1.519710406666347153e-03
1.460164020733334227e-03
1.535376608405237837e-03
1.358197817285256622e-03
1.391397134153499453e-03
1.530837070983924854e-03
1.466353963938181980e-03
1.445168048634494365e-03
1.578938135664934364e-03
1.484534493487564425e-03
1.472744830806024027e-03
1.466989031353971426e-03
1.438194084809268610e-03
1.393906895400242978e-03
1.474727521554150241e-03
1.537673319085295547e-03
1.421261544874273574e-03
1.474543921480635754e-03
1.459957681912592157e-03
1.337968881216277609e-03
1.500964303764885238e-03
1.371133456868935336e-03
1.502451484622722945e-03
1.377291717324394434e-03
1.418214562609865703e-03
1.517699761069797636e-03
1.461091608378345180e-03
1.491095982226483532e-03
1.469236962631483272e-03
1.487497080857304961e-03
1.493586848657741609e-03
1.422930003612710376e-03
1.514741689134542187e-03
1.455669214681582337e-03
1.540713928822448186e-03
1.460354058776980541e-03
1.557257156936364337e-03
1.510164903727856910e-03
1.556350258382656381e-03
1.521957116233564437e-03
1.558658732509124196e-03
1.542974948311836517e-03
1.484487389943274114e-03
1.451301458681219635e-03
1.477925247421315149e-03
1.536636053721107719e-03
1.510723720055829906e-03
1.484984660580828926e-03
1.461472729881409770e-03
1.471673691277095844e-03
1.445648020835085291e-03
1.519570704066262141e-03
1.528607033998552207e-03
1.470512329933642897e-03
1.536877895232925196e-03
1.346306429794109829e-03
1.463965006283625761e-03
1.294810716294609535e-03
1.461778627499702755e-03
1.540910224194594683e-03
1.490932303162653336e-03
1.452466793880074006e-03
1.547160922937106196e-03
1.465619359752095771e-03
1.547847971226114705e-03
1.621893143455650690e-03
1.454852408444760404e-03
1.420088827412887460e-03
1.487077080126309077e-03
1.525656367796507894e-03
1.519860117853285121e-03
1.559117192495523699e-03
1.382070327949411767e-03
1.486895208579032315e-03
1.419881420920600032e-03
1.435268468842263150e-03
1.462832009301725036e-03
1.406020761355933606e-03
1.407002463730052267e-03
1.479331170602002539e-03
1.442097738952770975e-03
1.359080642925663369e-03
1.559062405278899364e-03
1.603726360410374268e-03
1.427887426928294663e-03
1.413868712739075207e-03
1.469540439418163397e-03
1.393954567282249804e-03
1.372211447256277720e-03
1.390539000742315812e-03
1.423180227424999424e-03
1.359502091078739015e-03
1.445784706029070365e-03
1.436026429427938057e-03
1.561057586765102895e-03
1.493878932212863893e-03
1.422746829904384487e-03
1.444618176543217922e-03
1.538765118452140989e-03
1.522640077764159062e-03
1.452841197125549679e-03
1.415707722156739996e-03
1.539542016238400245e-03
1.377989670323041252e-03
1.680718141740977995e-03
1.421912611030093712e-03
1.401139840325563721e-03
1.426538622349944130e-03
1.452416140907361727e-03
1.614986276314321579e-03
1.505249140247798354e-03
1.536102240421364151e-03
1.440016116834703279e-03
1.452559664543997056e-03
1.420053321842391393e-03
1.474308450421358109e-03
1.472598394011211337e-03
1.546612477422173787e-03
1.459673454041344760e-03
1.551972102141276110e-03
1.494610879940445110e-03
1.532525403985185008e-03
1.411606766726099423e-03
1.363104836487581857e-03
1.456286462938604980e-03
1.415356921113893919e-03
1.581040352424541075e-03
1.519719458744354674e-03
1.496637495343050963e-03
1.430844452105442619e-03
1.400747485615661545e-03
1.455494512069287682e-03
1.428734676162321309e-03
1.481140955672692171e-03
1.518887335090144666e-03
1.426948515885023651e-03
1.486119589762074618e-03
1.361208930205997985e-03
1.449194549535453170e-03
1.456785419165478523e-03
1.425122585995678001e-03
1.486491814967861149e-03
1.466384231264549658e-03
1.382265411561185665e-03
1.461254139777521310e-03
1.444987293051587778e-03
1.575280361930674533e-03
1.432285666917902135e-03
1.465997101242107496e-03
1.422163551490459362e-03
1.508862075025741616e-03
1.501025977249150324e-03
1.539019748437670540e-03
1.520206397473966575e-03
1.388538091933371214e-03
1.387889698575754107e-03
1.434875847113844301e-03
1.379245601386003359e-03
1.301774784008198540e-03
1.568419718691703522e-03
1.379199499674267681e-03
1.348443277284350813e-03
1.419194038050703138e-03
1.526126522115168636e-03
1.400031816942920795e-03
1.416956708290977333e-03
1.476015712817138874e-03
1.403630075895068770e-03
1.475691404501852048e-03
1.404840003578859296e-03
1.453963185857680114e-03
1.495593074778661050e-03
1.500089631103490454e-03
1.408502327781444626e-03
1.472283896141037907e-03
1.466720502750990494e-03
1.536037490154922372e-03
1.419523133795355012e-03
1.414059955116973204e-03
1.529528012687535968e-03
1.506424485253224452e-03
1.469091573620374350e-03
1.507796903267993220e-03
1.448131726544953394e-03
1.400799832712457246e-03
1.452141202466952601e-03
1.401983779003467727e-03
1.491544867554060304e-03
1.439934490130045626e-03
1.339944197285510875e-03
1.492737051340737057e-03
1.469756633046910262e-03
1.507491552442134916e-03
1.435566718894000634e-03
1.440096111112586230e-03
1.508217249948148181e-03
1.498718599023470596e-03
1.412066353926130823e-03
1.513663433883911599e-03
1.399819712613684704e-03
1.527220406571213685e-03
1.555206461212184929e-03
1.488104159036072582e-03
1.471224556747764787e-03
1.410674308236661021e-03
1.481981032719059286e-03
1.437250766479421758e-03
1.458678209053760992e-03
1.390309157365286980e-03
1.413843267931939787e-03
1.462010737493117706e-03
1.482580507159535340e-03
1.419686730145781808e-03
1.458241838944288483e-03
1.510281248127193525e-03
1.504265632215678102e-03
1.427279888552993167e-03
1.356473327285449360e-03
1.499824903939185735e-03
1.389570725622761658e-03
1.318338173838690250e-03
1.458256404495729885e-03
1.535540420776710518e-03
1.453397570588462048e-03
1.400335225050301259e-03
1.481861659400336966e-03
1.412238387656608325e-03
1.513464042912756203e-03
1.550353775390407671e-03
1.401786952368908696e-03
1.398041615149111161e-03
1.481745867796959099e-03
1.547045352210312495e-03
1.526877380359755679e-03
1.575574917605817660e-03
1.311063744832824006e-03
1.506214546370577547e-03
1.439831692227354137e-03
1.430105177492728939e-03
1.419569527282403152e-03
1.500540132965241108e-03
1.396473986277982533e-03
1.355669163628082322e-03
1.432683469237428127e-03
1.415071916039770681e-03
1.398233156615403833e-03
1.479539120853368313e-03
1.457478361989416639e-03
1.547815814925404196e-03
1.469917915832747368e-03
1.372243532382673740e-03
1.499204098615775776e-03
1.468214057105079583e-03
1.484640853716300956e-03
1.490729977244894481e-03
1.460352565290762598e-03
1.483645086471371962e-03
1.582491783563902020e-03
1.550543900950020681e-03
1.576424475226697285e-03
1.447098313974987680e-03
1.349061585546298871e-03
1.603312065232456989e-03
1.652178862458122737e-03
1.453681933462305353e-03
1.557084832207549212e-03
1.577858073737134796e-03
1.432509314679918620e-03
1.519277834965773906e-03
1.427988063113577776e-03
1.448930342789902116e-03
1.431869088035284685e-03
1.542960406340264292e-03
1.513877851113346962e-03
1.379440830303148941e-03
1.410968425990002462e-03
1.482913988849545416e-03
1.440886267873534498e-03
1.410045542742723122e-03
1.445613072435337132e-03
1.437501648963853025e-03
1.573453995983460467e-03
1.349921976711542827e-03
1.418578295138714666e-03
1.473229685512938460e-03
1.504802298726613070e-03
1.479203317783121764e-03
1.404882070591344494e-03
1.465305839707037490e-03
1.329737157616927862e-03
1.432522549076016734e-03
1.438294858057682316e-03
1.413273533809143853e-03
1.576313017778635528e-03
1.410134161425207573e-03
1.397306096962141076e-03
1.459823709302755920e-03
1.566410169829952686e-03
1.412502241403822438e-03
1.380890716231117886e-03
1.372328879389714826e-03
1.465859590543534124e-03
1.403138016406174984e-03
1.517435512780483360e-03
1.382587171366169094e-03
1.348744178837471769e-03
1.446242908051081954e-03
1.511948107454995143e-03
1.454175127777620775e-03
1.359854815686479482e-03
1.468952425332921375e-03
1.471134969678413980e-03
1.535994528753598575e-03
1.419847210411109666e-03
1.337347894642183484e-03
1.352277489316151002e-03
1.468759839683328764e-03
1.300553340295462898e-03
1.521452599514193892e-03
1.544627462543511978e-03
1.379260140581225254e-03
1.402172036233602197e-03
1.326900151285203546e-03
1.455491361848491655e-03
1.390678379001196755e-03
1.388921772082299779e-03
1.343807944969949110e-03
1.526512702635233901e-03
1.472320170480051352e-03
1.468248483222980849e-03
1.451723687475699014e-03
1.373447845118952329e-03
1.518140964305925329e-03
1.386580250634953868e-03
1.381345926027780250e-03
1.479238399009433691e-03
1.432460040269373106e-03
1.414676137180007499e-03
1.385806361790617707e-03
1.543259184286808854e-03
1.518772744852607808e-03
1.437029038264005069e-03
1.430842009039971340e-03
1.484742733928631894e-03
1.437588674570109250e-03
1.381841327889009969e-03
1.435044733422074278e-03
1.472261015240630038e-03
1.342866266812618291e-03
1.442175560676988528e-03
1.341365696334578935e-03
1.452435547320605688e-03
1.436486488447180328e-03
1.433837050577798982e-03
1.508397059715221346e-03
1.398333882523823202e-03
1.396382958724053536e-03
1.457960726448204658e-03
1.445081659588762267e-03
1.427701897759814159e-03
1.417188064951565608e-03
1.399735588627632572e-03
1.479729844254382056e-03
1.454332718244058216e-03
1.511706981813888901e-03
1.355746918713761221e-03
1.371584943523511619e-03
1.447396057807408916e-03
1.398615967519632524e-03
1.490080022290247086e-03
1.452191025009748858e-03
1.469946361718101405e-03
1.412126559864148624e-03
1.378999666552612260e-03
1.436978494277908530e-03
1.553572728340394966e-03
1.353765171930100411e-03
1.391510048998042919e-03
1.360857647553462930e-03
1.483049438788526303e-03
1.459560269320776555e-03
1.381232746879248584e-03
1.390747488546985539e-03
1.489656793121853142e-03
1.516639644771167195e-03
1.390909031404501030e-03
1.412429795729094580e-03
1.427252514293643861e-03
1.348483826949290658e-03
1.395714958077093728e-03
1.393659254743426874e-03
1.426883932744771061e-03
1.371545810308228341e-03
1.556882859017570285e-03
1.503996309837707206e-03
1.377089307100373087e-03
1.478269815762523007e-03
1.528334194572521405e-03
1.493146766153562134e-03
1.494588452387953089e-03
1.321895973336961825e-03
1.383424001879120409e-03
1.377770829532749732e-03
1.433472902080320252e-03
1.319453037745292948e-03
1.403989755701764205e-03
1.579020654038650268e-03
1.417905321654887307e-03
1.413292325113160155e-03
1.509476570771424962e-03
1.451947459814538315e-03
1.532732942413463648e-03
1.487103842530125997e-03
1.418309738666734526e-03
1.476194641349949828e-03
1.486904990024803938e-03
1.465906979471772028e-03
1.361871338348984422e-03
1.529785387616614239e-03
1.426519310029026114e-03
1.357063357974428678e-03
1.526321319419924076e-03
1.497854712307494091e-03
1.380952375955784694e-03
1.406341748660517015e-03
1.349501211631538378e-03
1.320538820326167028e-03
1.410526457099411761e-03
1.354245390936836954e-03
1.456728789946594915e-03
1.471027168410245136e-03
1.494775939685202967e-03
1.348340664321558656e-03
1.336585539169514100e-03
1.424262397679754502e-03
1.480579637537733639e-03
1.331652659930608867e-03
1.421610014697875096e-03
1.502648269009862654e-03
1.458176706080623703e-03
1.454760560932229739e-03
1.380653644378247724e-03
1.408798817504450370e-03
1.397626782164581053e-03
1.379505138315406058e-03
1.500995617782087833e-03
1.406119250423348236e-03
1.504285749044966414e-03
1.389333631069603232e-03
1.399414228238581330e-03
1.440252768934859951e-03
1.348253146013752082e-03
1.411805799273137610e-03
1.351140051138194397e-03
1.423861452371229458e-03
1.444915300013227977e-03
1.479580290096191297e-03
1.444002646907385301e-03
1.447914949978921714e-03
1.520643709847070571e-03
1.340785289694646247e-03
1.518742016592092943e-03
1.488921494435643507e-03
1.475487371258793392e-03
1.399154489519435513e-03
1.462711674872957651e-03
1.490032764127145748e-03
1.345549209196719330e-03
1.483956260603826747e-03
1.525079772960264085e-03
1.542836748394389767e-03
1.505565991253999397e-03
1.475124704641451708e-03
1.500033507386522129e-03
1.321564652101705432e-03
1.475207942168135474e-03
1.435568770647094447e-03
1.454063055898835704e-03
1.297843509506175661e-03
1.416731247412745306e-03
1.483512036609776824e-03
1.400127354714062302e-03
1.498691390922904636e-03
1.443139426167857264e-03
1.452654936016768922e-03
1.424381791743143657e-03
1.321506430741050319e-03
1.450903103296938843e-03
1.485967117303193131e-03
1.356718993766367620e-03
1.489562651572608849e-03
1.436412388978989619e-03
1.440388648665520297e-03
1.496657831374615397e-03
1.449774113436289903e-03
1.429336352579511395e-03
1.437756287766882258e-03
1.414483837251100931e-03
1.436990520962823197e-03
1.387302124516844514e-03
1.409529822852309371e-03
1.467408415192949589e-03
1.431919288251089044e-03
1.460560279946060544e-03
1.427531041526219858e-03
1.373172527901539734e-03
1.475987336021015702e-03
1.316548652137725399e-03
1.323993632228646694e-03
1.387233895430178224e-03
1.426952549467522041e-03
1.316060549520522375e-03
1.379516087992277646e-03
1.286354293120291464e-03
1.437659735637624803e-03
1.402419713340701847e-03
1.330493390459343544e-03
1.480605238120676461e-03
1.529437955634834530e-03
1.412630660649409316e-03
1.424496782317336918e-03
1.500865363395490664e-03
1.419970158552677063e-03
1.487145928360152688e-03
1.410200084530071870e-03
1.363981300859407921e-03
1.368530781442664664e-03
1.475903565135349739e-03
1.380395001865729332e-03
1.361202448882901711e-03
1.456019148799669437e-03
1.368855147262372637e-03
1.406629322524132787e-03
1.368169628412419349e-03
1.428658472138101586e-03
1.457022966272454936e-03
1.416537752775758443e-03
1.471338840950478510e-03
1.450576974930685090e-03
1.480111496274874594e-03
1.486483885727085241e-03
1.443310768378418783e-03
1.307272722771982837e-03
1.418522675350189369e-03
1.393479054201681323e-03
1.410140216535646883e-03
1.447013811896921036e-03
1.395525700657608646e-03
1.437733092487740623e-03
1.476185697080553520e-03
1.302277434590354060e-03
1.370247788653551754e-03
1.495381622790561364e-03
1.356627250654617294e-03
1.418094079877715722e-03
1.336106811290307386e-03
1.439898629432804491e-03
1.411072249597552890e-03
1.442624709938144286e-03
1.436942996068821254e-03
1.455273660596114035e-03
1.464700809634374937e-03
1.493222495906451749e-03
1.333643429499140705e-03
1.481163846088213998e-03
1.461034489872746261e-03
1.334631082708159951e-03
1.484477916162032628e-03
1.444414113366016645e-03
1.335780653938030199e-03
1.369121651310703557e-03
1.457881301228776362e-03
1.450833962334880951e-03
1.362955783019022997e-03
1.393698439633565735e-03
1.426801014301071506e-03
1.476856364823540650e-03
1.411785676084250252e-03
1.321917549337579042e-03
1.350535957848183729e-03
1.283529936169323102e-03
1.467894402185857721e-03
1.432628763578578214e-03
1.461808720295116075e-03
1.328185554882609434e-03
1.303299996550085675e-03
1.373502700183054518e-03
1.404452512415739441e-03
1.359569468853318941e-03
1.401735194092275545e-03
1.462665966384140608e-03
1.347358114403358420e-03
1.536180620131568112e-03
1.367004406799047144e-03
1.429375700912112294e-03
1.363371184187292312e-03
1.543401323397758894e-03
1.498368455423343707e-03
1.418020267343515686e-03
1.408971566500532863e-03
1.470874561215452202e-03
1.366976727910381492e-03
1.437823442638978171e-03
1.403494858756635820e-03
1.385709714424079300e-03
1.474958416731666925e-03
1.360647935556223839e-03
1.458715085001127416e-03
1.520812261796391498e-03
1.381131735267967890e-03
1.377977593133287776e-03
1.393588664440195864e-03
1.514393484107646494e-03
1.472972501071810473e-03
1.311869668286958120e-03
1.337691311786317477e-03
1.403870181199761129e-03
1.358069171351631611e-03
1.358402689641685429e-03
1.337297430466248029e-03
1.374684466477791873e-03
1.486801823035679157e-03
1.456347463868986171e-03
1.423821230822260638e-03
1.591124082856076351e-03
1.434810499423077234e-03
1.484705248395451786e-03
1.339772178465005502e-03
1.502157207725637530e-03
1.348670947472085111e-03
1.212817438442291952e-03
1.338091214590467161e-03
1.513845378625644066e-03
1.570247956117619631e-03
1.422368323917023438e-03
1.423932352698608099e-03
1.407345943631986736e-03
1.412652780540980292e-03
1.388927032896540830e-03
1.475311940244422668e-03
1.499108671448378099e-03
1.475463208840758914e-03
1.246192437917554132e-03
1.495833292311999707e-03
1.440483499949323475e-03
1.384653192598729729e-03
1.369842327269036762e-03
1.420219521729764985e-03
1.321940661398343392e-03
1.551835512767167809e-03
1.432012287360438915e-03
1.468153965176225003e-03
1.364104495221890286e-03
1.390226926871676030e-03
1.316905995211494753e-03
1.506580402187007641e-03
1.446774368802496635e-03
1.359431457472284367e-03
1.480971044793569008e-03
1.400738861066731268e-03
1.485133420000339004e-03
1.388559953442919815e-03
1.415384693196940387e-03
1.461042291993084512e-03
1.332770950450719695e-03
1.313240999708586987e-03
1.366871762014372580e-03
1.397869514857400571e-03
1.379517895251955277e-03
1.395979811465517927e-03
1.433899642700890101e-03
1.414850501104018138e-03
1.432380113911821840e-03
1.445197021864005026e-03
1.246344931673034435e-03
1.417647801556801146e-03
1.488996903288540346e-03
1.461887813036654967e-03
1.375445216223303464e-03
1.411730544790261010e-03
1.395524735711829766e-03
1.353277602812379826e-03
1.478467177787602151e-03
1.382344986684927099e-03
1.561523125915693878e-03
1.371772180175116415e-03
1.425129884349728236e-03
1.379639657608076712e-03
1.404098267988429733e-03
1.422941778875264464e-03
1.448341411596226628e-03
1.329898965590735989e-03
1.432159062104104317e-03
1.331861103045676748e-03
1.439023246335380040e-03
1.462353492597937704e-03
1.374771740661049312e-03
1.421417302175192543e-03
1.428588967298007051e-03
1.387299981379988599e-03
1.210285130597722920e-03
1.360564753055754344e-03
1.396732183557900788e-03
1.399681155937568906e-03
1.398858147958705403e-03
1.365990288499323042e-03
1.408211435512650607e-03
1.430800394878698183e-03
1.348249886280121273e-03
1.354549358916547338e-03
1.495173415786818852e-03
1.415018073346711609e-03
1.362604676954016179e-03
1.402058249096678911e-03
1.358510488272814381e-03
1.338655053001963722e-03
1.380910438259677414e-03
1.355086364461679290e-03
1.266521127582699883e-03
1.441745072883675576e-03
1.350578530249852338e-03
1.425187967841380458e-03
1.496151746143771152e-03
1.375424926894081761e-03
1.416708627698204208e-03
1.378545726737591230e-03
1.269607545913582639e-03
1.423817522414160723e-03
1.334528978358707390e-03
1.314430780461368822e-03
1.432744142893280876e-03
1.455188451642986953e-03
1.426731027478680231e-03
1.341088946449960117e-03
1.404559053545576279e-03
1.345861274847216663e-03
1.300729326203567231e-03
1.431004642771368076e-03
1.414092122600315140e-03
1.368379757763790380e-03
1.397727969975110516e-03
1.420940287540875969e-03
1.359850680938921256e-03
1.392744373030350112e-03
1.319457895611116528e-03
1.464088858756058559e-03
1.404003020944407472e-03
1.326721162450458574e-03
1.475440414418584907e-03
1.399038365532775724e-03
1.487392392211269896e-03
1.334872786812276542e-03
1.378107498285613018e-03
1.356194059502409312e-03
1.396029974071030019e-03
1.288419224853456233e-03
1.415167181665296682e-03
1.381543443979175740e-03
1.485655512335455966e-03
1.375584849398256166e-03
1.357247210463494733e-03
1.374685888979380616e-03
1.457635937124521089e-03
1.356067668829605060e-03
1.437620761425337842e-03
1.400082413090149303e-03
1.371196314813330009e-03
1.401791180695847062e-03
1.374414628700811698e-03
1.339903421844395931e-03
1.492580513459915940e-03
1.358979345429068555e-03
1.513380011829943209e-03
1.453269325951689773e-03
1.394070997300899707e-03
1.353528838989676237e-03
1.329635712227862860e-03
1.435269526025685768e-03
1.428381268680071299e-03
1.471845873835196964e-03
1.462847282962664560e-03
1.318411341296758668e-03
1.340427105293425826e-03
1.337497887323843950e-03
1.487448645352994724e-03
1.423606407069713878e-03
1.298149520236556269e-03
1.459054322515378329e-03
1.336343298231620208e-03
1.425027367765074621e-03
1.455338481925050245e-03
1.384242690952921986e-03
1.351522123145840930e-03
1.367670579331801148e-03
1.469614483840077975e-03
1.386309804098930952e-03
1.371462321711151584e-03
1.327615747306079086e-03
1.343534992354643298e-03
1.447930784472381202e-03
1.438421005290500300e-03
1.558874055086606958e-03
1.327025093506771676e-03
1.367518334484453014e-03
1.340341388193522785e-03
1.469694102366718956e-03
1.375891581544642049e-03
1.367382941707317914e-03
1.297374510588024344e-03
1.396696899511321987e-03
1.297941462104675427e-03
1.446455490386718782e-03
1.397666359442986108e-03
1.346867554205394323e-03
1.410810239188950953e-03
1.346802522374019933e-03
1.399964895712036729e-03
1.455081523938023171e-03
1.432307627529916770e-03
1.391459115999387668e-03
1.357960328304601240e-03
1.432715595860566604e-03
1.475678447060248212e-03
1.411584943844926060e-03
1.356525251145274417e-03
1.369707676178147718e-03
1.406069802395348975e-03
1.505711033147305068e-03
1.381324027005570053e-03
1.398178891061326208e-03
1.485050775750033566e-03
1.485591496385535188e-03
1.388960434566185401e-03
1.405419001172500230e-03
1.568282649412079720e-03
1.340659223491177726e-03
1.433950382297862229e-03
1.527541739799742398e-03
1.328833491863059581e-03
1.341773431204170992e-03
1.374954901227858463e-03
1.375811846375926814e-03
1.385694505990687315e-03
1.474150946355853951e-03
1.350337036542104260e-03
1.425951522973038527e-03
1.422830541294483556e-03
1.324235810024658021e-03
1.518220642949746207e-03
1.447812573975939838e-03
1.357212430937240972e-03
1.443107192705244237e-03
1.334573526231020053e-03
1.378225042811439573e-03
1.345071337237058575e-03
1.454963326841559115e-03
1.369444355221912475e-03
1.397288892232078803e-03
1.351548501939389951e-03
1.386391156198999537e-03
1.332610443245230147e-03
1.316461929465780490e-03
1.328760571947253024e-03
1.298996314987944109e-03
1.365193131389803123e-03
1.526982526909778041e-03
1.473602011397582385e-03
1.400084437445388297e-03
1.424128761388387433e-03
1.416674412198256575e-03
1.369434058186663273e-03
1.423501178173408512e-03
1.379464345618545019e-03
1.361382612838363997e-03
1.434201026239769220e-03
1.409501741944428491e-03
1.357714816847674887e-03
1.475145772314901240e-03
1.364993486685616613e-03
1.480384001863410204e-03
1.410703279146916650e-03
1.447540206294911256e-03
1.453121333327187827e-03
1.442178320923419906e-03
1.370000155509129135e-03
1.466421296895362983e-03
1.266716222967910173e-03
1.297672379481352957e-03
1.480876494304530578e-03
1.403857505686482814e-03
1.540818030968205653e-03
1.337465750347948193e-03
1.421713245773476670e-03
1.380925073279906093e-03
1.392178853309131679e-03
1.483928439284375612e-03
1.441408482654614335e-03
1.335355808579934004e-03
1.428353518959782744e-03
1.327051464003945825e-03
1.495396816084935271e-03
1.396243262852370649e-03
1.383998136096362044e-03
1.398430067536779974e-03
1.355005307161890812e-03
1.449496399788697144e-03
1.370896081607794227e-03
1.318993183413244737e-03
1.362426164571083455e-03
1.390976325609688449e-03
1.455970837856614174e-03
1.441525610560935502e-03
1.466779596156520503e-03
1.406873841646518863e-03
1.276263892376686138e-03
1.402796038253635927e-03
1.371997981274557504e-03
1.412203979507634620e-03
1.320461976826768765e-03
1.353675951280704096e-03
1.356486379775931252e-03
1.467201139947314813e-03
1.397265684229987088e-03
1.374695872235408246e-03
1.368009869470114288e-03
1.275787546383498573e-03
1.522331290852983656e-03
1.425999573168641732e-03
1.366927913004028269e-03
1.410071584351380806e-03
1.433085630089764610e-03
1.414608411355968093e-03
1.418973907791009703e-03
1.419777944923729211e-03
1.394953445486920782e-03
1.392251188502654623e-03
1.389330334813403600e-03
1.452074216455696495e-03
1.409116317120243230e-03
1.353310038457607905e-03
1.330938295727358877e-03
1.439384819462365519e-03
1.348169468428061504e-03
1.345334952479906908e-03
1.392635016046578919e-03
1.398383604115958434e-03
1.294798610539340438e-03
1.485037031745928184e-03
1.418120841882994018e-03
1.269000385039047466e-03
1.313418126512519001e-03
1.456767203123042562e-03
1.363768895969696884e-03
1.369698988280123242e-03
1.419469274038131406e-03
1.557732604188345662e-03
1.397100382596163596e-03
1.397018492961089788e-03
1.377827263463125103e-03
1.330817593858579697e-03
1.407619216207511240e-03
1.326398686131193428e-03
1.482674608038634864e-03
1.310293439996023041e-03
1.330833421000031077e-03
1.395477377033127160e-03
1.304678562479733017e-03
1.367980243530510622e-03
1.370817598414513991e-03
1.380412066771124352e-03
1.276616733665782372e-03
1.339388061572043855e-03
1.311428075672224679e-03
1.526067505575486732e-03
1.359454941509997310e-03
1.344447236185458043e-03
1.429335589768514951e-03
1.406561875584589607e-03
1.469653733932990355e-03
1.335278592798064615e-03
1.425891940678951928e-03
1.394745053125271729e-03
1.327993748182377132e-03
1.443442816520307606e-03
1.398845067093092706e-03
1.392175716253629594e-03
1.211260539448664802e-03
1.345344212434769482e-03
1.351778985899606189e-03
1.298987504472914976e-03
1.396026076644775026e-03
1.355164834314507303e-03
1.287577872974430626e-03
1.399507624200975768e-03
1.353353275809066189e-03
1.384801050772521778e-03
1.298835767650326255e-03
1.326349194413182489e-03
1.438729733892882365e-03
1.388645433380103706e-03
1.400533954004441230e-03
1.437204931398089599e-03
1.315461607247521555e-03
1.280444329360337337e-03
1.320389874060170750e-03
1.284637719279253494e-03
1.355090320524952917e-03
1.344068498945868041e-03
1.398522707566521566e-03
1.314449017136668039e-03
1.376948010670340930e-03
1.485658406953435954e-03
1.393517611124039110e-03
1.294323225633766880e-03
1.399170647442149300e-03
1.441203366487099407e-03
1.478242240853816329e-03
1.263270892637237278e-03
1.396285463583842252e-03
1.379532291015934161e-03
1.352257411729120787e-03
1.419572175180885661e-03
1.407033691674654426e-03
1.229237678163809175e-03
1.320714942285551629e-03
1.335208431454915252e-03
1.294769800814077896e-03
1.435675842977139237e-03
1.302609794826627186e-03
1.453436401666199224e-03
1.404135023470985937e-03
1.314775750163866153e-03
1.427851501144357729e-03
1.330492351246985883e-03
1.452952097702215435e-03
1.373648247857888827e-03
1.396330454546049551e-03
1.385076523398976996e-03
1.408393829199804277e-03
1.317616105990817871e-03
1.382078784309129270e-03
1.296116774896238907e-03
1.438255795399146766e-03
1.310810200711113021e-03
1.480667451710165547e-03
1.331048234939873585e-03
1.508087548110446322e-03
1.272565615378771836e-03
1.449454932116062697e-03
1.370837784971812995e-03
1.338909145513439295e-03
1.413281358059248873e-03
1.425568852881648222e-03
1.390299550401048311e-03
1.450308580091209639e-03
1.349596325491422225e-03
1.391000219107895765e-03
1.425783546267524616e-03
1.368297013709284015e-03
1.357054207580966855e-03
1.379779180931384706e-03
1.414146954642062689e-03
1.392635855098386770e-03
1.414096426176833943e-03
1.423337408590569361e-03
1.339245376577459078e-03
1.408044522713104360e-03
1.386787430316389078e-03
1.337076727408096841e-03
1.422713897829779202e-03
1.297528818403896351e-03
1.389420901518322168e-03
1.330538997398424518e-03
1.452332372515506695e-03
1.377364093556725146e-03
1.469954470388221742e-03
1.402251638946899704e-03
1.408810818440557654e-03
1.402578320618550834e-03
1.287347642256827466e-03
1.458626945346845052e-03
1.314938956885719837e-03
1.339055307361589542e-03
1.467710002113161750e-03
1.519837255751751602e-03
1.424299060078277820e-03
1.604829072010425942e-03
1.354228648313964434e-03
1.412608346550768210e-03
1.285855286711178698e-03
1.371891939247779895e-03
1.300649718801013578e-03
1.542723136654523168e-03
1.400202634262466680e-03
1.509447824812978249e-03
1.296970328970702829e-03
1.454845713955050645e-03
1.330494601013537540e-03
1.324565440361956739e-03
1.403367536109770058e-03
1.401235359571674326e-03
1.442969447883553705e-03
1.401266802617800967e-03
1.434866863281359078e-03
1.404436488003318970e-03
1.333798500530179341e-03
1.371385258832420045e-03
1.367803074184318962e-03
1.327334679402413127e-03
1.321354504146668484e-03
1.474694675655843041e-03
1.488075281395360517e-03
1.424865019900152041e-03
1.324567921172988818e-03
1.327690998705654928e-03
1.306112834845196344e-03
1.416171190974107111e-03
1.330254263684514660e-03
1.375852627515783801e-03
1.373428781228458115e-03
1.327337735272235506e-03
1.339631678886943822e-03
1.305618304910135261e-03
1.353326141249535253e-03
1.301403834012233645e-03
1.407000740853703302e-03
1.357305611589686069e-03
1.347099043681583563e-03
1.403991864152085442e-03
1.340671808228325506e-03
1.356468581002578510e-03
1.325690563827795028e-03
1.397915554238991732e-03
1.413157313085649808e-03
1.431627200788364654e-03
1.364413564031922814e-03
1.264917066104753567e-03
1.515387900416567462e-03
1.364859396013039369e-03
1.327875449372706643e-03
1.262966971554237800e-03
1.398261631596346222e-03
1.412470025218582085e-03
1.274426760819053102e-03
1.445460482172404408e-03
1.340785460899892624e-03
1.329580546998501310e-03
1.374990498076785524e-03
1.288721767045336803e-03
1.366518592657792576e-03
1.403514774463216017e-03
1.454442359881931348e-03
1.365449742235571098e-03
1.321366191826318752e-03
1.260973871331133849e-03
1.405483249995634343e-03
1.367362342887197806e-03
1.440905915309963377e-03
1.249346575489614000e-03
1.451905225497312308e-03
1.345714377109117395e-03
1.425988239026576739e-03
1.381882409273689450e-03
1.289130874679739322e-03
1.414549545318819586e-03
1.388233983370497013e-03
1.286286559520098639e-03
1.357198532760476575e-03
1.462171905262001602e-03
1.446759359550916320e-03
1.331513678632520068e-03
1.279949884841353027e-03
1.350840838845918795e-03
1.313337393578197301e-03
1.408060302667784539e-03
1.310431501157116813e-03
1.261916065734222832e-03
1.491143119328343326e-03
1.291067861763816249e-03
1.308693149967655144e-03
1.406417920600263423e-03
1.341756519790227508e-03
1.433878727693294053e-03
1.328620063363750853e-03
1.283750336055876004e-03
1.438064291191468039e-03
1.426973996478710311e-03
1.286754358512352163e-03
1.240482431008555451e-03
1.470101541711691263e-03
1.277975740230271598e-03
1.348055337110626219e-03
1.356837665941520738e-03
1.339796750128982019e-03
1.235945963354494930e-03
1.326903861976141659e-03
1.289132057929708031e-03
1.320224612720241782e-03
1.404348879486856964e-03
1.321446702859488485e-03
1.342838751288166071e-03
1.340086159812334905e-03
1.392679652454139076e-03
1.386353459815416319e-03
1.334246286816944413e-03
1.416905353262087539e-03
1.463230521469233722e-03
1.310058385774527136e-03
1.286329141635072929e-03
1.293792553694630499e-03
1.339369339799640441e-03
1.329459581212113876e-03
1.303677044009204098e-03
1.287136398473445785e-03
1.326784780578846041e-03
1.363471264969909292e-03
1.262412878964610814e-03
1.326321180718579955e-03
1.490077871069359679e-03
1.232567243888405949e-03
1.387661031304718252e-03
1.335622058439611941e-03
1.299923371866087973e-03
1.320668150207847565e-03
1.311841855994450457e-03
1.284459217664197161e-03
1.294547388040723094e-03
1.294149122055152307e-03
1.285967911244989461e-03
1.300115888654429248e-03
1.424417801124832359e-03
1.393722724609971651e-03
1.443545421919141406e-03
1.337516929470922719e-03
1.327923784285065445e-03
1.320594590649585036e-03
1.313499833898830720e-03
1.359440597214033606e-03
1.384849022477267939e-03
1.377264538768358058e-03
1.394544289363486463e-03
1.314224327763558386e-03
1.371797366815334955e-03
1.401494155698748689e-03
1.250667702707555133e-03
1.398702309031594516e-03
1.310119867980142835e-03
1.513589329703611064e-03
1.408465856877850813e-03
1.374332645560979267e-03
1.421895848360595375e-03
1.462074712218854261e-03
1.320356430300124269e-03
1.301351026120142144e-03
1.259798129765077497e-03
1.437842454468608085e-03
1.407257158687622153e-03
1.400504564472266787e-03
1.317226053330543007e-03
1.392096029974913395e-03
1.354748089597473558e-03
1.273671139918566841e-03
1.300400209463270463e-03
1.325676513394783308e-03
1.358018557675319017e-03
1.396707341298827161e-03
1.314474719155569018e-03
1.437707939247403035e-03
1.312118932166779668e-03
1.380281131884640924e-03
1.402754256391328721e-03
1.303868987336383569e-03
1.321667482168392346e-03
1.414231342316197692e-03
1.443648981743528336e-03
1.417099022390808398e-03
1.378712868068116123e-03
1.323735795618195821e-03
1.377476668379927667e-03
1.297894226407369156e-03
1.312012120188068469e-03
1.541791955373416267e-03
1.393513172488389544e-03
1.423582531678653854e-03
1.336519553617439423e-03
1.436084912761749445e-03
1.388881964378056375e-03
1.338764452865816778e-03
1.417455391026728765e-03
1.337269449885210987e-03
1.352153015201565086e-03
1.487520170987992850e-03
1.483630379952312556e-03
1.376192097500622633e-03
1.237093070066583918e-03
1.373604677098450065e-03
1.336085148715101959e-03
1.302205715786435621e-03
1.425391259703327447e-03
1.339910107247180900e-03
1.284057671573037756e-03
1.387086669142216944e-03
1.383170469074314736e-03
1.304155096584233217e-03
1.365341397093071917e-03
1.296330226673113491e-03
1.385375551598946962e-03
1.360198083993039700e-03
1.368211462437944528e-03
1.345120666169673457e-03
1.332033483932625354e-03
1.311995580512701105e-03
1.363499586309083536e-03
1.373582622826085555e-03
1.411596496796375076e-03
1.411379626794649319e-03
1.396508813655350425e-03
1.359595585773139314e-03
1.328088122009706863e-03
1.398811169491847011e-03
1.385244656374048748e-03
1.376440129434276056e-03
1.342824973184816861e-03
1.355319996906167654e-03
1.345132694738639849e-03
1.374582169619551104e-03
1.335059654604634372e-03
1.443991451880792271e-03
1.370761928945332187e-03
1.276599757175680017e-03
1.354807128062177806e-03
1.347379356891707271e-03
1.324414818258012232e-03
1.267207029169762971e-03
1.269278226920104872e-03
1.383660030671580174e-03
1.316109207759029367e-03
1.363716360630799372e-03
1.368682970780865605e-03
1.334397929501654218e-03
1.340874863223181666e-03
1.367300804234917490e-03
1.343888593500558925e-03
1.351555190682008972e-03
1.288996552317248729e-03
1.339767676427268536e-03
1.253505177053390856e-03
1.296191589791693922e-03
1.391105435378098276e-03
1.374760194246930651e-03
1.336268546703562893e-03
1.324390801395001300e-03
1.384914773693370115e-03
1.364014492001897972e-03
1.274210911931952491e-03
1.384400722277353852e-03
1.376365298472716214e-03
1.307135193591105454e-03
1.363192043979951241e-03
1.303600738850131061e-03
1.381788622947988446e-03
1.415447595696480657e-03
1.370471927268772892e-03
1.374257692106641135e-03
1.346810407683486513e-03
1.407121740777499781e-03
1.297904425949852544e-03
1.319047325316906934e-03
1.358520227133310854e-03
1.450559835855720712e-03
1.261561908399253190e-03
1.271268292632927533e-03
1.313780820861763831e-03
1.330115080372500092e-03
1.405801799062864630e-03
1.464431793291808741e-03
1.300550443445614357e-03
1.460282292308300641e-03
1.266388152860239242e-03
1.489933847026315983e-03
1.225711056698704747e-03
1.242306066376476677e-03
1.312127921825242613e-03
1.380578890628528753e-03
1.307969747582515612e-03
1.259481905394659431e-03
1.286061130640923662e-03
1.244676855488331766e-03
1.359030133838014676e-03
1.323600979741705597e-03
1.322469399799329655e-03
1.217969936159919503e-03
1.323903285242423837e-03
1.312514085122808843e-03
1.244226365652797072e-03
1.369942727064965820e-03
1.378016511913234161e-03
1.320142159967349757e-03
1.352863503419504806e-03
1.405697857816707230e-03
1.323934454385872813e-03
1.337046519202763403e-03
1.355658097713079635e-03
1.443345810294068129e-03
1.341966935859585349e-03
1.433355429581721630e-03
1.325884736969262356e-03
1.344976027109271105e-03
1.259184427854584875e-03
1.408997338679792918e-03
1.413009189579955043e-03
1.267927788372909563e-03
1.358539922780255390e-03
1.308051037088911331e-03
1.332055164423742591e-03
1.292178992136014349e-03
1.350951331536396835e-03
1.382380920609589539e-03
1.397510753788929741e-03
1.344256098265493669e-03
1.342733391908160472e-03
1.374773860139939883e-03
1.393504640438197753e-03
1.350045787372192206e-03
1.320073913010075478e-03
1.345319224230683052e-03
1.387404237408099324e-03
1.359723142716116667e-03
1.375851026276845267e-03
1.285631396448720393e-03
1.225854723485088425e-03
1.322633780771715869e-03
1.314331494491186025e-03
1.358344708977359287e-03
1.359592735055740629e-03
1.328518103649215833e-03
1.330592154593842735e-03
1.432974096897873676e-03
1.369217818783706247e-03
1.364400738780717796e-03
1.355092146961046863e-03
1.370751814460586127e-03
1.470940312162351965e-03
1.512025104008653210e-03
1.352105940258089200e-03
1.336002825315590154e-03
1.459078939231234825e-03
1.281084393620409096e-03
1.397035200234412414e-03
1.412040170171101642e-03
1.364007571291344940e-03
1.291532139783376464e-03
1.429406827153625360e-03
1.297956165829249921e-03
1.427680337003671461e-03
1.506885864548942328e-03
1.280227204103927654e-03
1.438315973035148455e-03
1.370354366674135993e-03
1.421964565450167979e-03
1.340054273969667076e-03
1.332952898380629966e-03
1.351356621556241760e-03
1.349076256244929623e-03
1.284981871524135122e-03
1.308168298972894579e-03
1.330233764721169094e-03
1.350548586950365074e-03
1.435262398441395628e-03
1.315606987419280218e-03
1.355296739895310576e-03
1.298506788771473320e-03
1.255368285520275804e-03
1.420081331797208102e-03
1.334331870482539581e-03
1.330808538546594420e-03
1.395503038996492211e-03
1.379995266972181955e-03
1.403268217431946413e-03
1.322718221805907262e-03
1.331213844907453174e-03
1.262679384063559226e-03
1.361780321541528147e-03
1.397395771608675018e-03
1.166356224233684909e-03
1.337697789553748875e-03
1.299145529082290813e-03
1.343785428939565842e-03
1.410949106410739912e-03
1.300169803174842280e-03
1.335626444060853974e-03
1.384635220066249457e-03
1.273745524586602411e-03
1.310599127076437229e-03
1.334474631285390055e-03
1.398564785224789197e-03
1.321515338290816253e-03
1.350226672501996525e-03
1.400945205049764072e-03
1.326001719015102711e-03
1.230703153560041944e-03
1.290957166873881812e-03
1.308326407747468232e-03
1.266749338299116108e-03
1.225238174542101497e-03
1.204091503500323481e-03
1.388248219038287637e-03
1.346067459902795371e-03
1.332643300820235367e-03
1.373416548686606483e-03
1.378666148743007674e-03
1.239114587787518238e-03
1.259466897097362209e-03
1.318899895311990240e-03
1.483055017932365278e-03
1.241499210103083660e-03
1.232874513480767143e-03
1.296835396499445778e-03
1.332564554003690636e-03
1.273546971315328265e-03
1.279057571371545240e-03
1.316396077190358331e-03
1.213103635407501886e-03
1.417847763121286506e-03
1.240896706013169598e-03
1.229291417148463536e-03
1.338036720264438933e-03
1.320684288033555477e-03
1.350720459822022605e-03
1.300424067782438410e-03
1.298668306589061865e-03
1.356627158425455486e-03
1.263134317684519274e-03
1.348948477837276028e-03
1.317169955843761975e-03
1.268845094125548066e-03
1.343196236789411923e-03
1.305635839254561765e-03
1.397380845232683473e-03
1.316992865019703555e-03
1.375117398086544984e-03
1.399616886418977293e-03
1.387238152773312937e-03
1.274933632632601916e-03
1.331187535259033446e-03
1.268923172203794119e-03
1.325325150555003387e-03
1.302449750773365363e-03
1.332731214917589994e-03
1.325499793154898912e-03
1.280860585453449593e-03
1.209528142856345755e-03
1.288608593321129321e-03
1.381600136182682724e-03
1.357825595498457841e-03
1.302822662040181061e-03
1.251730260420614487e-03
1.405470314273089784e-03
1.344910098245150239e-03
1.300561349252496489e-03
1.315672268342654673e-03
1.231810275588162166e-03
1.302321887273569017e-03
1.297247267023482172e-03
1.368750548451223631e-03
1.260278027955118781e-03
1.296801389280787930e-03
1.337890384271796674e-03
1.392146667865876890e-03
1.285913209682830417e-03
1.326236662671962611e-03
1.318686474852545209e-03
1.326446120788303627e-03
1.277887646649842734e-03
1.274836640840470211e-03
1.300629692985610496e-03
1.206933345412770312e-03
1.304818391609237783e-03
1.217505421247777999e-03
1.410205634889697985e-03
1.352603001934903374e-03
1.279836872760452141e-03
1.306715533216663708e-03
1.261440288933270495e-03
1.323753605674839054e-03
1.329125136642331142e-03
1.317211588666424406e-03
1.228109567859700683e-03
1.288251662819854147e-03
1.252124538991414944e-03
1.334137227299636574e-03
1.339089276028687225e-03
1.271479563442172965e-03
1.332313938527147825e-03
1.195258114101933021e-03
1.272997175805397037e-03
1.278514560970895730e-03
1.288155676099622931e-03
1.347483760825093045e-03
1.352854842860216206e-03
1.362696908296288922e-03
1.335104765984659317e-03
1.281785780871739795e-03
1.212656978208795106e-03
1.303127418591548854e-03
1.264177250483690439e-03
1.376325740623013079e-03
1.321812768810029211e-03
1.380952933619175420e-03
1.269117140434051268e-03
1.246718073207292183e-03
1.250895149527805200e-03
1.354395700791481477e-03
1.336439409786793937e-03
1.333906676964697561e-03
1.314655160744617564e-03
1.340221103866457049e-03
1.312371289014001427e-03
1.237681036609485216e-03
1.308305255377039669e-03
1.281367720143161519e-03
1.361107386776193393e-03
1.373288985907609311e-03
1.226831133339804968e-03
1.407153530238759763e-03
1.373695109422214209e-03
1.265345222899298162e-03
1.262143557145908477e-03
1.301178328386456973e-03
1.373850612071653371e-03
1.212438562157021164e-03
1.296406633278273518e-03
1.341905829208587435e-03
1.329886962543823685e-03
1.362477569604712314e-03
1.224677720950068278e-03
1.218761890591183762e-03
1.383649661298503404e-03
1.223548247084086781e-03
1.299692381550255661e-03
1.418555949441480026e-03
1.428970349561450642e-03
1.408933182075230561e-03
1.280007303232036809e-03
1.267056320754594671e-03
1.400941021223759460e-03
1.247850412597890533e-03
1.298576022712453299e-03
1.341680433003974299e-03
1.308225653674322019e-03
1.191124047519385347e-03
1.305946548258374567e-03
1.382775783608840292e-03
1.213570620529781392e-03
1.348487579174832219e-03
1.303623326729816010e-03
1.349543746622492704e-03
1.241956938822323924e-03
1.261301980054927449e-03
1.243256463413586243e-03
1.296264919021758747e-03
1.319439159780175794e-03
1.239216203481117605e-03
1.258666171551579230e-03
1.213010909508409818e-03
1.198012657913456389e-03
1.385797284828200115e-03
1.242957613559817799e-03
1.330662365642990095e-03
1.393741801503812095e-03
1.408382950042848551e-03
1.353482971918590350e-03
1.289896022495260223e-03
1.274681032302048571e-03
1.243999519671728582e-03
1.379519715714651448e-03
1.259982355094483100e-03
1.286906642947585784e-03
1.290041909164864721e-03
1.240264061315780614e-03
1.310886422303021367e-03
1.331204458106975642e-03
1.319919209256905550e-03
1.284163664774284289e-03
1.216645868165528322e-03
1.306804633560342812e-03
1.232133742643334254e-03
1.312987195117972395e-03
1.246576209224203174e-03
1.287244052444907246e-03
1.370863416919420805e-03
1.414449832409135242e-03
1.349095884529351698e-03
1.391431378889934015e-03
1.230759463071329001e-03
1.308502787620430046e-03
1.317995123651044889e-03
1.328473242386731283e-03
1.415830362372047166e-03
1.358844645308531331e-03
1.288944535615134477e-03
1.318125063137549728e-03
1.275351746870341052e-03
1.245330884484024654e-03
1.356504759367304410e-03
1.255233088038628167e-03
1.311852633729275507e-03
1.297286662214793343e-03
1.363801492911336953e-03
1.307808528074990784e-03
1.253185478898678068e-03
1.303542796359820517e-03
1.356110551242955143e-03
1.296396896822966808e-03
1.366459678122621197e-03
1.311579819093632547e-03
1.307035496367781741e-03
1.227266235851584867e-03
1.407893690502377403e-03
1.266598871155116433e-03
1.304909926763212326e-03
1.256349903590956102e-03
1.348193910228877431e-03
1.411228813841036494e-03
1.319188934889664383e-03
1.408694309521681121e-03
1.276285216986244560e-03
1.284705016022282160e-03
1.231180579503569385e-03
1.376894617022591041e-03
1.235838703296102950e-03
1.260762186786344545e-03
1.319375192015337676e-03
1.298506318001696209e-03
1.286903527308377133e-03
1.260338274713760157e-03
1.329346003537311199e-03
1.308949850512119290e-03
1.305472322491948740e-03
1.325303214158175249e-03
1.316617918492704598e-03
1.213275051079599738e-03
1.178971785353816713e-03
1.231754500624435839e-03
1.263818411053756674e-03
1.240965750395406093e-03
1.207556803154304602e-03
1.275931807943710529e-03
1.314524483647046531e-03
1.312804263357122882e-03
1.402311447057861052e-03
1.342660798930716800e-03
1.228282560464963096e-03
1.314987230349572199e-03
1.243712064295902052e-03
1.275039834503799560e-03
1.228959148099777188e-03
1.261239462389715212e-03
1.387104322615774271e-03
1.193446031765454333e-03
1.280094701202761504e-03
1.320449755767468588e-03
1.302200265466228095e-03
1.190423444858752398e-03
1.295108336220308432e-03
1.266438615825929686e-03
1.232727646866147754e-03
1.322763683835196172e-03
1.420031466293167691e-03
1.241211664448495233e-03
1.293229570425173149e-03
1.237676557475407687e-03
1.286193906650820321e-03
1.318718410433343535e-03
1.250428338760930375e-03
1.330873612744096993e-03
1.301173502936242435e-03
1.299953347963406095e-03
1.358611352847891550e-03
1.341010627855143862e-03
1.241642041264916447e-03
1.312388232623894592e-03
1.320643614376794481e-03
1.173124831125007574e-03
1.268801289106141110e-03
1.267921275877088730e-03
1.377417156535069766e-03
1.323414368697416318e-03
1.309857653669765660e-03
1.384506529711675323e-03
1.333315604345200033e-03
1.250269099994582092e-03
1.288616694636554897e-03
1.311314355693061432e-03
1.293438649803642588e-03
1.358442772546159709e-03
1.172252651786257708e-03
1.282709886843761554e-03
1.333563285200644634e-03
1.292949890053479971e-03
1.275401724063256626e-03
1.212133887222032391e-03
1.264996491451324950e-03
1.309054876575692491e-03
1.239929650215384213e-03
1.320421161234439870e-03
1.265450381525068911e-03
1.279460931736471239e-03
1.286454979760237594e-03
1.281395244805033726e-03
1.282174477094678508e-03
1.300531394679237812e-03
1.316310191143299762e-03
1.153471014862315252e-03
1.251519266777243291e-03
1.302505550555856789e-03
1.249728798881415094e-03
1.237890185667056336e-03
1.245666290145561314e-03
1.286799826101794973e-03
1.234463919597400929e-03
1.257859650344625001e-03
1.309464425040751927e-03
1.278393289623616386e-03
1.243394437529715679e-03
1.203256446029245643e-03
1.188720876604773026e-03
1.239048187661921131e-03
1.292491464674166545e-03
1.264693487751918609e-03
1.304743526378365727e-03
1.331093621361168671e-03
1.223983695294528218e-03
1.270505558952169170e-03
1.427461658562494129e-03
1.374810602881969572e-03
1.181050663830336515e-03
1.247659456586711286e-03
1.373848757965257178e-03
1.421655568630952838e-03
1.189941138210845462e-03
1.263007517643723694e-03
1.194171109342681558e-03
1.275270122064183637e-03
1.318257861881243871e-03
1.347001147391615203e-03
1.245155071630276106e-03
1.304769632873942599e-03
1.252319437484022751e-03
1.270234371309215222e-03
1.216993507238142746e-03
1.273744854681364141e-03
1.372318506862545183e-03
1.193375329979281304e-03
1.266420974335342314e-03
1.269603187131812224e-03
1.225694761106961572e-03
1.245510842362918154e-03
1.264102825579679294e-03
1.250366325422477311e-03
1.277562212540534099e-03
1.363428627100772431e-03
1.287575861960185090e-03
1.351514409846181573e-03
1.368801932687554795e-03
1.267747207389447036e-03
1.304490313833846877e-03
1.283863555335375013e-03
1.322883507945752475e-03
1.381736315016877980e-03
1.352495811470193774e-03
1.267319043174192127e-03
1.456175514012470699e-03
1.280790806543430967e-03
1.323317752272751974e-03
1.328695877561461396e-03
1.353004612121546475e-03
1.243201509521144011e-03
1.280099519092400611e-03
1.323273503182448643e-03
1.398771516158193052e-03
1.244192051721857350e-03
1.172493576379910526e-03
1.264369155619660817e-03
1.367439833197412781e-03
1.339549853844352201e-03
1.185369758950184519e-03
1.229470193938318832e-03
1.340914792747994761e-03
1.299978348156384826e-03
1.225879362460271030e-03
1.339383951599969810e-03
1.289463901775779074e-03
1.224501937415212530e-03
1.256149214153867407e-03
1.216501300271577825e-03
1.216298721215716043e-03
1.297958809359506596e-03
1.168885180465114790e-03
1.264747960703538517e-03
1.243330109629456944e-03
1.324522232608775192e-03
1.270360871190543209e-03
1.286425360767138280e-03
1.284505696404861534e-03
1.330081697014734226e-03
1.400387717612439640e-03
1.274905188345956892e-03
1.222794193634894932e-03
1.260237244435122956e-03
1.303235750602516800e-03
1.196590905747332585e-03
1.298818305519124734e-03
1.206889475749578456e-03
1.275894673653510869e-03
1.299579727674314610e-03
1.294963716122437278e-03
1.207244547693742034e-03
1.265282926037062739e-03
1.327620868012840917e-03
1.204984672014470419e-03
1.218734494548464643e-03
1.299080067562211234e-03
1.267099277312018230e-03
1.208155934777988992e-03
1.233065674728405945e-03
1.296755810332357334e-03
1.354234073989075667e-03
1.265921447949342263e-03
1.247364983314388186e-03
1.334326790924696658e-03
1.268676953158324886e-03
1.258458208985772974e-03
1.211857145975342486e-03
1.426604720480801908e-03
1.144939401608580142e-03
1.306278866105689464e-03
1.223131751823792156e-03
1.265738700499586915e-03
1.262827206610488487e-03
1.283858821349771100e-03
1.201090048957018921e-03
1.337314958521625390e-03
1.260559084198287303e-03
1.242382136997901296e-03
1.315357378996670490e-03
1.362448903282148125e-03
1.226846810016751993e-03
1.304562193103522534e-03
1.279936346632025131e-03
1.215818641710092419e-03
1.195254952747387472e-03
1.297037601892353899e-03
1.328205419195780789e-03
1.180282822585482097e-03
1.278161034900885448e-03
1.324817317338319086e-03
1.224354343380091919e-03
1.289621465708784597e-03
1.239714746352272787e-03
1.277492531098164442e-03
1.317598721567332480e-03
1.208005753339429309e-03
1.250374671159502384e-03
1.274068225585116287e-03
1.263307793517322785e-03
1.246949091161718599e-03
1.277297675769705539e-03
1.270224405205890895e-03
1.306778546374577285e-03
1.370812671004428352e-03
1.312872694402423450e-03
1.307234466350626519e-03
1.259393161449281822e-03
1.282617285251557403e-03
1.315114492713292515e-03
1.268762719901923115e-03
1.179039244308783489e-03
1.310584735990733690e-03
1.260039018827410024e-03
1.338692406755281634e-03
1.319204620549292110e-03
1.222870306481192671e-03
1.234920674573411915e-03
1.239434510313180146e-03
1.244748776659144714e-03
1.355935385903480131e-03
1.259434830190950738e-03
1.307735553153784687e-03
1.317636814416988777e-03
1.338422323579715675e-03
1.233755395257974362e-03
1.270839069793315611e-03
1.216300870718310624e-03
1.412920864057499830e-03
1.321522664942549477e-03
1.384411016941339712e-03
1.338993943500536941e-03
1.314237757637812080e-03
1.268627981727275681e-03
1.310515329202581588e-03
1.284520276631515587e-03
1.202599905622828407e-03
1.370638578256574329e-03
1.250189165454433649e-03
1.337029496998356744e-03
1.277759428431371382e-03
1.308465748759327519e-03
1.331042910994775872e-03
1.240084918287458031e-03
1.212317568651373250e-03
1.384334351405002187e-03
1.295522504321140961e-03
1.243137274438235003e-03
1.347885006868897867e-03
1.244758811106146980e-03
1.274651625797529374e-03
1.254334719474585989e-03
1.219839112158882998e-03
1.268128736418556654e-03
1.379736266195934116e-03
1.319117892317436379e-03
1.242747737435052251e-03
1.282240675089888100e-03
1.306178511995279793e-03
1.312776798278163064e-03
1.265952436520017274e-03
1.226886192799752241e-03
1.331786230623011741e-03
1.347265493310241665e-03
1.201544908241128059e-03
1.229617132172041447e-03
1.284449016286327979e-03
1.200332903501415745e-03
1.341051652054451671e-03
1.350486946425358357e-03
1.341960319516158871e-03
1.237332047169319507e-03
1.249543810554650403e-03
1.250979858739614727e-03
1.228774559308251375e-03
1.323695071827200821e-03
1.404524071551368873e-03
1.288370325727208497e-03
1.230667597468735469e-03
1.258755197888718723e-03
1.239387009127717676e-03
1.208081380610120416e-03
1.376116253074329649e-03
1.240100750140855955e-03
1.183140596321634709e-03
1.342511543590451956e-03
1.160279716585635619e-03
1.193329680156496797e-03
1.266243197354930588e-03
1.283616167823927075e-03
1.295744478968259734e-03
1.309683170029598328e-03
1.231511117883810156e-03
1.360658338952056793e-03
1.301653302810512180e-03
1.265468424549150020e-03
1.255973971932068970e-03
1.355722027008078676e-03
1.448882100469529909e-03
1.285135893266088018e-03
1.267513231510850697e-03
1.284891270786325682e-03
1.253442772324014865e-03
1.285912583649738081e-03
1.309828240957604424e-03
1.240929942354655671e-03
1.235575560067957114e-03
1.277387938961777958e-03
1.173269837260828381e-03
1.275873683664656422e-03
1.317655786786637185e-03
1.245579625473658674e-03
1.343780881822030041e-03
1.219085712762499156e-03
1.258432446126373774e-03
1.199063303000094194e-03
1.292139685574372320e-03
1.270026460443047893e-03
1.242188017214095139e-03
1.250972148029785413e-03
1.298450710612042121e-03
1.325647841899797817e-03
1.321482225892474990e-03
1.310030810336566950e-03
1.332057745078704019e-03
1.232596521492712593e-03
1.199154646906001442e-03
1.450933838932032954e-03
1.223201753900027841e-03
1.111495162176385273e-03
1.308185863046946963e-03
1.299518978489359357e-03
1.194381913377805032e-03
1.293402714154841520e-03
1.284851785443655477e-03
1.203186903444759294e-03
1.323424019518254762e-03
1.336485323698393931e-03
1.192173171801785619e-03
1.277838676853776693e-03
1.247353263697078152e-03
1.358805011045531065e-03
1.236908848897932305e-03
1.251730787034359286e-03
1.209090918141550756e-03
1.175921412424950005e-03
1.243102300330293239e-03
1.279409654448982435e-03
1.299978606477991770e-03
1.296661967307631731e-03
1.281125600638421524e-03
1.155306651168033815e-03
1.251857862964833373e-03
1.259881037019834052e-03
1.321118721159418889e-03
1.320370646278819704e-03
1.315002162654683787e-03
1.305906358060980512e-03
1.151807780443739500e-03
1.251015546147306702e-03
1.255690639691002053e-03
1.216832259341363862e-03
1.235531006457514210e-03
1.232767285235552256e-03
1.287554920223709515e-03
1.236884883685049992e-03
1.268609538515239098e-03
1.293509628236156218e-03
1.262254240785761318e-03
1.361104914443907882e-03
1.258496518174481629e-03
1.203802353312538858e-03
1.296524416305522027e-03
1.239554172079497486e-03
1.325709231491278188e-03
1.254299625840466425e-03
1.313687711602043147e-03
1.363160604475188416e-03
1.238926863792883795e-03
1.275489133400777931e-03
1.268837882502393301e-03
1.306055789074207427e-03
1.283252084240483646e-03
1.255898522092778382e-03
1.178280836581068391e-03
1.239896860194859667e-03
1.347435360094204147e-03
1.304381413630303910e-03
1.216578878437213004e-03
1.269657183279466681e-03
1.302080899368880098e-03
1.224019325622144718e-03
1.367747600822457428e-03
1.175612671014989157e-03
1.271396174977931608e-03
1.287895795422773493e-03
1.278027342737617089e-03
1.275709104884405936e-03
1.163104077238948835e-03
1.158835902561446141e-03
1.170946447115263182e-03
1.223709913145059692e-03
1.253483893274013683e-03
1.272074491880719957e-03
1.254225080677262268e-03
1.298441867176482753e-03
1.264829473308751433e-03
1.209769282591759317e-03
1.306601533441343515e-03
1.242969584999620162e-03
1.159604019006651131e-03
1.232488980114728209e-03
1.314658883037676850e-03
1.286641094360703973e-03
1.171043289611910492e-03
1.303680041744649390e-03
1.206737217377596870e-03
1.291013781267844832e-03
1.359723256488968917e-03
1.243476009607042245e-03
1.276496734510042426e-03
1.326328764678545409e-03
1.264492295314457006e-03
1.216418369505737349e-03
1.304510721788690059e-03
1.256667218937363622e-03
1.200994257382532104e-03
1.354949835431904035e-03
1.258841340517839963e-03
1.211095446086975225e-03
1.234168753716553693e-03
1.265087231239213133e-03
1.277727262997850480e-03
1.227939508677322860e-03
1.238245268141563655e-03
1.302784051773666707e-03
1.265167935058018412e-03
1.252135596183675051e-03
1.281907380854845589e-03
1.175072671485792846e-03
1.320039267044665092e-03
1.296832476382710989e-03
1.340719377134215766e-03
1.248804626004479217e-03
1.165024302988457421e-03
1.217277342849799231e-03
1.241495464952647792e-03
1.209940553338543232e-03
1.204780375960410720e-03
1.285183733655339243e-03
1.301645281158318778e-03
1.261959825508527635e-03
1.236098605636383420e-03
1.319760003573426828e-03
1.226945092871642136e-03
1.243754012550914428e-03
1.315653362777949569e-03
1.276440805606723688e-03
1.249559872488776018e-03
1.228918643276095436e-03
1.378394973849053932e-03
1.213984916931511171e-03
1.251917755059790043e-03
1.271011935012370539e-03
1.284548488503845605e-03
1.288320250732840656e-03
1.223303550874096576e-03
1.300602277611413119e-03
1.328030541657669247e-03
1.208777667071985395e-03
1.376366565168261977e-03
1.366877493323927781e-03
1.302017291249732379e-03
1.156428705428728379e-03
1.242201435373548046e-03
1.217128083557837345e-03
1.268253037180887277e-03
1.133577980159931062e-03
1.304458773493022980e-03
1.227707170814185469e-03
1.241300028373060714e-03
1.213229230014895715e-03
1.205856529230491187e-03
1.188667929341748327e-03
1.239418520980318942e-03
1.338360359139466457e-03
1.339323804689147033e-03
1.232912582839070046e-03
1.330048363658745819e-03
1.208264317924390933e-03
1.344968086582977321e-03
1.330980852056571186e-03
1.385731428738756592e-03
1.368266716061308482e-03
1.355403954161039058e-03
1.304569245253828095e-03
1.272147698004974297e-03
1.308820272838366085e-03
1.297236500573650244e-03
1.272155053399724170e-03
1.155025856821311229e-03
1.314894376886239060e-03
1.268086911457683283e-03
1.248675144653120734e-03
1.285947382048649185e-03
1.272645430171943839e-03
1.143145396616436233e-03
1.251588272519950709e-03
1.093166418300247538e-03
1.161086231493137786e-03
1.207679879815624566e-03
1.280244814353479225e-03
1.241034242286502077e-03
1.213556961472891504e-03
1.173073119675661479e-03
1.287702609603209869e-03
1.270506042314793835e-03
1.237045496394130646e-03
1.246728292565074713e-03
1.220460903778294859e-03
1.327789788341870742e-03
1.297845185790403840e-03
1.232009630352077232e-03
1.184464593729149702e-03
1.293366913920118407e-03
1.317213876065466069e-03
1.233123631290893290e-03
1.408393559835765824e-03
1.263205182615750747e-03
1.300918301485528899e-03
1.341543386276222976e-03
1.327994060287185710e-03
1.223466281545225595e-03
1.262420212669099337e-03
1.330040422176717845e-03
1.280327694885100140e-03
1.277664426078203288e-03
1.129136534432831091e-03
1.252847893947538465e-03
1.324191209965391814e-03
1.289699118260767552e-03
1.292028579003888858e-03
1.276638333401873679e-03
1.205403340141813660e-03
1.304767682043860054e-03
1.172647906397377912e-03
1.264433777613333237e-03
1.247045642790041474e-03
1.353406817873490861e-03
1.304295508556964573e-03
1.215621444443113451e-03
1.230553979333981430e-03
1.271061814770473508e-03
1.237352874083974194e-03
1.316679299659724621e-03
1.288316112709429317e-03
1.315939844799723576e-03
1.234065940392872198e-03
1.270071700743494701e-03
1.295849758185249785e-03
1.247937683416982689e-03
1.339537927567464913e-03
1.282202721981404213e-03
1.192338649004594242e-03
1.338113038231873763e-03
1.233125170633330879e-03
1.231119684822027565e-03
1.341390313748191520e-03
1.211608912259664380e-03
1.260010159849036561e-03
1.219843162597404910e-03
1.265779126246411842e-03
1.226438214445356055e-03
1.303134837236458610e-03
1.276895084277704720e-03
1.316893817774326741e-03
1.227861866623153027e-03
1.310530720178034901e-03
1.206575250572649747e-03
1.269867170878965102e-03
1.252230825838640755e-03
1.231288604833906571e-03
1.157197999238271336e-03
1.282075299574579694e-03
1.223062095541593754e-03
1.303727347196586553e-03
1.255375052599051614e-03
1.306084481300824824e-03
1.204180715176246357e-03
1.206531570266294743e-03
1.300534570290084362e-03
1.216352873182076529e-03
1.167835607177741776e-03
1.216241275233831236e-03
1.199816602310295639e-03
1.296186594792576689e-03
1.276187584964561406e-03
1.288042097598201532e-03
1.248606921652076467e-03
1.281580369664451222e-03
1.311985286394362757e-03
1.244390506674857835e-03
1.156595677635246589e-03
1.164537604798258127e-03
1.152480690503199321e-03
1.311801746084376597e-03
1.252295052769306126e-03
1.263647947767071109e-03
1.332299571350982915e-03
1.349063120797176904e-03
1.189243287308613299e-03
1.233283939878425470e-03
1.192996137053644462e-03
1.255685034059616763e-03
1.208217449615165773e-03
1.237176300655551224e-03
1.214857688136237622e-03
1.173399344200272768e-03
1.208141392825379246e-03
1.425914293572705990e-03
1.198732792557706626e-03
1.296030527751483455e-03
1.145548935173020541e-03
1.155801668252626766e-03
1.247673907087005042e-03
1.164397564068034860e-03
1.112869058967074333e-03
1.227560989245112628e-03
1.378026699531229244e-03
1.260641603353068090e-03
1.331127348108501968e-03
1.240340858146765386e-03
1.246429288338115607e-03
1.227714831396621445e-03
1.332154028425746022e-03
1.294737346974132817e-03
1.214204366476205263e-03
1.258553189651075589e-03
1.228867234573282697e-03
1.356817705728891087e-03
1.343289437778712268e-03
1.180508652030912153e-03
1.221816413742930676e-03
1.375273195936427446e-03
1.232869847839373947e-03
1.383044795725414536e-03
1.311522995140083480e-03
1.300606737687349298e-03
1.306110846695073078e-03
1.190041125368777397e-03
1.351434338396905431e-03
1.290010420370908727e-03
1.265915628848349531e-03
1.267143961970987548e-03
1.291212650506390206e-03
1.177366183043894931e-03
1.142360770260848627e-03
1.312125193198936590e-03
1.358763852140351799e-03
1.198671102118058478e-03
1.175720565187803783e-03
1.205289796717438564e-03
1.222780506532153161e-03
1.194571586352062131e-03
1.244464302336238540e-03
1.392043122627469737e-03
1.319090079259162360e-03
1.229002610955079152e-03
1.265710928028102250e-03
1.336979514041740239e-03
1.414063491538600312e-03
1.306255096505333111e-03
1.336148316589725465e-03
1.158252591832638475e-03
1.260944480249288424e-03
1.308542471010132584e-03
1.278702026563337301e-03
1.200427178477373076e-03
1.343216973438041270e-03
1.250349676207190494e-03
1.311484868815886986e-03
1.302311965786774562e-03
1.245859133795699115e-03
1.275692084492319103e-03
1.251333917171239219e-03
1.241318611377407186e-03
1.299220540015805963e-03
1.122390130590673061e-03
1.220594641187538803e-03
1.202095652803018703e-03
1.188783048687134516e-03
1.200161297462118458e-03
1.235706934128901445e-03
1.265930706180840113e-03
1.187371393531752540e-03
1.153471483020551171e-03
1.173368232712165230e-03
1.206659528087376896e-03
1.205159182827215524e-03
1.215998591921507721e-03
1.233667119938469019e-03
1.217229896283536766e-03
1.261195140782564320e-03
1.290080759635851490e-03
1.187904850107275199e-03
1.294914909877856526e-03
1.252812899346475179e-03
1.309307901491466551e-03
1.186953868472773654e-03
1.234276034019622268e-03
1.252142796906716322e-03
1.279634707503776248e-03
1.254959914100541073e-03
1.329314315239946403e-03
1.195949844846377723e-03
1.153092791558526066e-03
1.243795300349306637e-03
1.120948193163268233e-03
1.248799049503115455e-03
1.334566827990897337e-03
1.283392018807889010e-03
1.270019289845432213e-03
1.292745923068926509e-03
1.145368113965915605e-03
1.240602741836742363e-03
1.262513729900211932e-03
1.256624730469994844e-03
1.219712433102055705e-03
1.233943151175606037e-03
1.303934884967694911e-03
1.201923045449981593e-03
1.138303986872589522e-03
1.246259134282912042e-03
1.249815402891672539e-03
1.265225847463054623e-03
1.253807065191525801e-03
1.241867312613935403e-03
1.335177922673669781e-03
1.255053054422777164e-03
1.206631896118509585e-03
1.164407136979115883e-03
1.339078899126489898e-03
1.248154290815925395e-03
1.234108840916499448e-03
1.268557511805346819e-03
1.268129417591926534e-03
1.184889925933447705e-03
1.215762664065024980e-03
1.243320651253225191e-03
1.195818598255629899e-03
1.217414473597362061e-03
1.228047828188701335e-03
1.285604862739543955e-03
1.254871410033845487e-03
1.314555003753520952e-03
1.325970134761895102e-03
1.177323519032637700e-03
1.308402332103495271e-03
1.141019153732206063e-03
1.290549200398686787e-03
1.289449391131241348e-03
1.292600366047175079e-03
1.196125125023840812e-03
1.143873793630888766e-03
1.208535370631451042e-03
1.220010380267213439e-03
1.259810313162650422e-03
1.373543956676649865e-03
1.306588378187169318e-03
1.270057310605142735e-03
1.172099804457463982e-03
1.219421844363284416e-03
1.256106747259450387e-03
1.192458717290953169e-03
1.266819866741598173e-03
1.277749394752262678e-03
1.284199882074270153e-03
1.249447088778405735e-03
1.247481059811262434e-03
1.203668130099010310e-03
1.237749722213237792e-03
1.343537032638615885e-03
1.180726658437280391e-03
1.324508929109911252e-03
1.211513225754163410e-03
1.231895061329736857e-03
1.296344407999960044e-03
1.239893538458380906e-03
1.298970084099844912e-03
1.287482542999736270e-03
1.182460148170841026e-03
1.233267283312258549e-03
1.216487224416254497e-03
1.234687245390568480e-03
1.212959062905648571e-03
1.203155159592513707e-03
1.281157217392936984e-03
1.321757141043841330e-03
1.207028344002654451e-03
1.237120796470605804e-03
1.150334320502357979e-03
1.292705601243366838e-03
1.214417725731310738e-03
1.368196653214685810e-03
1.255862792143863475e-03
1.172282441201179292e-03
1.141539819851500066e-03
1.369276963190666548e-03
1.221820035615368708e-03
1.144323362394667051e-03
1.247593370119076195e-03
1.234619300530757566e-03
1.247242903636315049e-03
1.231015158870718031e-03
1.238747410876435851e-03
1.347276169320529501e-03
1.237343847848328343e-03
1.223936695662563049e-03
1.263271188786920180e-03
1.294595036505226306e-03
1.244614800508645272e-03
1.210774547178381346e-03
1.243173148846068912e-03
1.194156121023412032e-03
1.220077995105606173e-03
1.248571676383722004e-03
1.239816089287771976e-03
1.192391723255782415e-03
1.274259163029437631e-03
1.177259951318833549e-03
1.206728601133786423e-03
1.200127247729922348e-03
1.323919984126725865e-03
1.186392057552623346e-03
1.224910075374641919e-03
1.206359398990652313e-03
1.253802730344475693e-03
1.268716812948504115e-03
1.130333340876522180e-03
1.201442842030290160e-03
1.266713274535114951e-03
1.106976059989864388e-03
1.249238871838384861e-03
1.316878119546818250e-03
1.231442400355147598e-03
1.264305979348570412e-03
1.231560873103437455e-03
1.133612490497772378e-03
1.276241226782592712e-03
1.259333770616123714e-03
1.166841821919284861e-03
1.213555217010570814e-03
1.233981189415794778e-03
1.238210109678485700e-03
1.263990261809984491e-03
1.210892937974278197e-03
1.184619261096947701e-03
1.167978896642591410e-03
1.237816860518416162e-03
1.296945628669175831e-03
1.221013861613463479e-03
1.277988984486895518e-03
1.379898921984761819e-03
1.174245870725389553e-03
1.277993397773762117e-03
1.180555498334668035e-03
1.170401179703648396e-03
1.261562014797830856e-03
1.225649810050332680e-03
1.194635706307174521e-03
1.326628948577850435e-03
1.269885363132721486e-03
1.299427976028875477e-03
1.237887434478024537e-03
1.230995436537301235e-03
1.274767564478763862e-03
1.270193503905623798e-03
1.244012683630061050e-03
1.277911832171044161e-03
1.278105842868239479e-03
1.272288125441695117e-03
1.261634493811444836e-03
1.200743318688052286e-03
1.160452638491888885e-03
1.192199427745581049e-03
1.275169042679891564e-03
1.259349249175601261e-03
1.279738637580947773e-03
1.313510334255812853e-03
1.269905502840672521e-03
1.280943073896133886e-03
1.252919846530728453e-03
1.247583214725290959e-03
1.283521818957319635e-03
1.232967124140780081e-03
1.264009560882346610e-03
1.133528000257574310e-03
1.247925110540716110e-03
1.285894046218851762e-03
1.151121243214305858e-03
1.182635352339719056e-03
1.145696744320433931e-03
1.173701198721602626e-03
1.184337348601520413e-03
1.205084951754388555e-03
1.146544198962556492e-03
1.225645141897275647e-03
1.254948129502110729e-03
1.220370362236383168e-03
1.213269941370182436e-03
1.240017391717930821e-03
1.322884804840269600e-03
1.223562476698676063e-03
1.211666704053444800e-03
1.151203144392161370e-03
1.264187597148467559e-03
1.183908091355364255e-03
1.300513366232523794e-03
1.191115628039151253e-03
1.167461807112491921e-03
1.215827351195963423e-03
1.172136794058159992e-03
1.189615165363784284e-03
1.252190103867765764e-03
1.314120996973862192e-03
1.255408626977510232e-03
1.166973158255922875e-03
1.266702481696886998e-03
1.343873934431097372e-03
1.199316473103699847e-03
1.191220769618483739e-03
1.292634323881202644e-03
1.119700808054073906e-03
1.180561102378876103e-03
1.196582430883644591e-03
1.221331539547960976e-03
1.151336518723021334e-03
1.148740689460708451e-03
1.258430708577377597e-03
1.205281705146991249e-03
1.171021958669506147e-03
1.226403566742934959e-03
1.172911364440120882e-03
1.250451773415141256e-03
1.221283082473930554e-03
1.278573172526927502e-03
1.149506288200842323e-03
1.246366412548145005e-03
1.283021958207007087e-03
1.224742147460344301e-03
1.305438458986666944e-03
1.136738874140664568e-03
1.202883838264195548e-03
1.358584145000930887e-03
1.207703768574922964e-03
1.355313028216427159e-03
1.191599935333455653e-03
1.218816747147435020e-03
1.268167167420676446e-03
1.356052569446446329e-03
1.270800044046177394e-03
1.233811037000967633e-03
1.165885854050188394e-03
1.223939206211059573e-03
1.283067951132976564e-03
1.256056377976033037e-03
1.263488108271584734e-03
1.201997642963053463e-03
1.169059361024698054e-03
1.193220917223220814e-03
1.234390659621610511e-03
1.225035937683554687e-03
1.174229929431104503e-03
1.143714357098490854e-03
1.269727379568267017e-03
1.199821701873149881e-03
1.264089270216173580e-03
1.271635921575471877e-03
1.202104265101054019e-03
1.233849265619059703e-03
1.160029214180469722e-03
1.312063220191657907e-03
1.199811436357244672e-03
1.236512195452340885e-03
1.201500383772289215e-03
1.224928892021359250e-03
1.167289418018880968e-03
1.309447704569725521e-03
1.253512864695863118e-03
1.200376467423297944e-03
1.251223109883278133e-03
1.205338506020139444e-03
1.248286378788072450e-03
1.137754650252106436e-03
1.226106998142688104e-03
1.225668636306838886e-03
1.162549891754846316e-03
1.192420314468811042e-03
1.195979873223641191e-03
1.193707884564883378e-03
1.202022893555366274e-03
1.212607181126082543e-03
1.293573682090081150e-03
1.170091377508616654e-03
1.241305469365054474e-03
1.222071889372076123e-03
1.218946169062947067e-03
1.177503853133792661e-03
1.320141243469833640e-03
1.284703798684704414e-03
1.167795183207778927e-03
1.245709157427714970e-03
1.178725277315356484e-03
1.267186047447123711e-03
1.296801524688779173e-03
1.246819701224333946e-03
1.242504888600530141e-03
1.217116083964392805e-03
1.285282937830536975e-03
1.267480129498081611e-03
1.295952607943064985e-03
1.200833483161047087e-03
1.183379740916067025e-03
1.230548207443370136e-03
1.227358732531596804e-03
1.252442608267324191e-03
1.126416526415297730e-03
1.225716082880178373e-03
1.254044963648636747e-03
1.306532736563474281e-03
1.260126830928092910e-03
1.262403869807257085e-03
1.207388773939622453e-03
1.126081980544150780e-03
1.182865278999389088e-03
1.184292769973564708e-03
1.194383861552282457e-03
1.274230005612566078e-03
1.193114245433282965e-03
1.148707306602736802e-03
1.204376218478421393e-03
1.192019105579224724e-03
1.315329281362065872e-03
1.159897235597317708e-03
1.321915229778475222e-03
1.255871691400485025e-03
1.211495522888266256e-03
1.229879337750194477e-03
1.232153210369838891e-03
1.128415982143326536e-03
1.295372405500663576e-03
1.197975309641910197e-03
1.179806973163275699e-03
1.171905019703824288e-03
1.093213239007149139e-03
1.184170248014707527e-03
1.275201668496403961e-03
1.192770582080654842e-03
1.249971617720469289e-03
1.248663199811438996e-03
1.275174888505212342e-03
1.207442326787635124e-03
1.233438179816349640e-03
1.184607163404075058e-03
1.192932551899437239e-03
1.170845308105684631e-03
1.126396081494461130e-03
1.207809741255625466e-03
1.243953958015532038e-03
1.182052635308770494e-03
1.284401122463052838e-03
1.215089528403512278e-03
1.283488960442592808e-03
1.127241457276148984e-03
1.226422801101071779e-03
1.148578561160713959e-03
1.159327635229396138e-03
1.261089453379120231e-03
1.257745342357825900e-03
1.177128922994388977e-03
1.272007608408965047e-03
1.170611433086406585e-03
1.319596470787132506e-03
1.133358845747389982e-03
1.159588524691566045e-03
1.234535535761498897e-03
1.173315194699821882e-03
1.220638683874634457e-03
1.200991993773069906e-03
1.261683960060039919e-03
1.233136469049399275e-03
1.163518802687472584e-03
1.130803509554364301e-03
1.159944261397036821e-03
1.237313999050088618e-03
1.187906882240200241e-03
1.259586964669902375e-03
1.284534654866824332e-03
1.216059565902331743e-03
1.218427981095686254e-03
1.165831119924441240e-03
1.284115826857870537e-03
1.158803124265762527e-03
1.199071839844627341e-03
1.226875788854807966e-03
1.242062646643878575e-03
1.207541364287489623e-03
1.215429838406074893e-03
1.299096955492811626e-03
1.215547007995770477e-03
1.149015264304651058e-03
1.235465105530268596e-03
1.210995554983714667e-03
1.235582762776693414e-03
1.255727945155619019e-03
1.210717787227090199e-03
1.213786606268643480e-03
1.204459015979178439e-03
1.190413978565740350e-03
1.176653038099919430e-03
1.227186136866153295e-03
1.226691842157959060e-03
1.340598268596941917e-03
1.182961338531498575e-03
1.212139725161870754e-03
1.258098778896095653e-03
1.181702813356604693e-03
1.226322326493620510e-03
1.257317224841216592e-03
1.194480930480752712e-03
1.221015258939149844e-03
1.288976276385380348e-03
1.235150129729116735e-03
1.189414103590919446e-03
1.348144836092203406e-03
1.224915734795770919e-03
1.179079805202843615e-03
1.194524251453676000e-03
1.233357722095506682e-03
1.140820996804103741e-03
1.155420183974820289e-03
1.227855130255015460e-03
1.210074830480174866e-03
1.236855044267704548e-03
1.233402132735104788e-03
1.326668412870623138e-03
1.096523132943077192e-03
1.234963659501134639e-03
1.315157417382441718e-03
1.198261151348041682e-03
1.191800921526368039e-03
1.188618480747394160e-03
1.265627166209675001e-03
1.087546885817094805e-03
1.221461445223520886e-03
1.186775648864714502e-03
1.230917139449493828e-03
1.125180892236866785e-03
1.174072368678318306e-03
1.305962632537396731e-03
1.094110481689076564e-03
1.236205159957976538e-03
1.170587248547100062e-03
1.188503374261152060e-03
1.254516539772122840e-03
1.197134144990130667e-03
1.199449861480631841e-03
1.212061267070731153e-03
1.293999459648312138e-03
1.188370808087797640e-03
1.229542083382685440e-03
1.202688099647179114e-03
1.190886252399448505e-03
1.164892370003446339e-03
1.226027569686057635e-03
1.143335398901431949e-03
1.234267870281583607e-03
1.075498958628690570e-03
1.123237074039866706e-03
1.294140164287310582e-03
1.253435938340409072e-03
1.236376527414570319e-03
1.206792989088649893e-03
1.205977540023174185e-03
1.146933726067618725e-03
1.160720371438659628e-03
1.225631564421419137e-03
1.198703603909574006e-03
1.127123353975121190e-03
1.280650597429106334e-03
1.285075534848411759e-03
1.254156737980708205e-03
1.240438618344507282e-03
1.231361215537425408e-03
1.184583918692680643e-03
1.258236749664103180e-03
1.203094370318475359e-03
1.199926288269337902e-03
1.163250565433297194e-03
1.183419329180681202e-03
1.225160193409200208e-03
1.257705772151649498e-03
1.249441503241842302e-03
1.221099903040807292e-03
1.195701480377462387e-03
1.184422192824629389e-03
1.176596789752572389e-03
1.258842229651772242e-03
1.255843999533262775e-03
1.268628039608402872e-03
1.185728216195029369e-03
1.208836037057961759e-03
1.323252880194177115e-03
1.168302552135164164e-03
1.201301146023329384e-03
1.107758098708020410e-03
1.240248435489951610e-03
1.196436363199101377e-03
1.163573310376420523e-03
1.167013856600485370e-03
1.207117332978265576e-03
1.311329588568939213e-03
1.225717098177295586e-03
1.260649831592035221e-03
1.248051436980257122e-03
1.221797648104362439e-03
1.223654619153781431e-03
1.316736054911607154e-03
1.265491142781550137e-03
1.255715557852635960e-03
1.066764939298971713e-03
1.218030671430172466e-03
1.175998319248929523e-03
1.188396522847442408e-03
1.212242582654026032e-03
1.091667076408578624e-03
1.167718490340330286e-03
1.324065162224557493e-03
1.187136655448631012e-03
1.286248649198217789e-03
1.226572952308327023e-03
1.184109395510049871e-03
1.219531499586370363e-03
1.308272596845892451e-03
1.278684773517218794e-03
1.273458630235923660e-03
1.209083798366153688e-03
1.201607391962434233e-03
1.179369569329940604e-03
1.252097174123657525e-03
1.123184093636403697e-03
1.220363718378950427e-03
1.102296286574633386e-03
1.173660229273092029e-03
1.193228524981645349e-03
1.181126072426198293e-03
1.260478499279795014e-03
1.224347214909931193e-03
1.210494291548625412e-03
1.126730143656280497e-03
1.279232247466909316e-03
1.248651725541230972e-03
1.164707510644281269e-03
1.241482028742975146e-03
1.159908668744984378e-03
1.244024449101408664e-03
1.204750391031489398e-03
1.239368548059963972e-03
1.131113262211210424e-03
1.119748122555039955e-03
1.255051188383627791e-03
1.147022253861629129e-03
1.200204013872377927e-03
1.185479542732859439e-03
1.235236098469307377e-03
1.198801711809926746e-03
1.196470263884763475e-03
1.165247884459424650e-03
1.198725698921975294e-03
1.281318435373309059e-03
1.243479351303682350e-03
1.226850997786236913e-03
1.272935745671097997e-03
1.159552487097624280e-03
1.178431621202902669e-03
1.197159201160728423e-03
1.169337548876596194e-03
1.199620236254253557e-03
1.198372728031384376e-03
1.189244971724321342e-03
1.110370939329857884e-03
1.253245653882496596e-03
1.222285068261517353e-03
1.298099850467853084e-03
1.181748516806448157e-03
1.176346035909660000e-03
1.251588488532238627e-03
1.159438232088035687e-03
1.273961956189707161e-03
1.271962943165217330e-03
1.192656069008672095e-03
1.183180557570752628e-03
1.167397670958665286e-03
1.224280642912190182e-03
1.197435893711068207e-03
1.202025169077159837e-03
1.245368382392243907e-03
1.198294507790171161e-03
1.167204414207613766e-03
1.208182274350460671e-03
1.236145318630031556e-03
1.266614021678135306e-03
1.241648548160065226e-03
1.222932770300952723e-03
1.239470324286148176e-03
1.131433595810505364e-03
1.173366978174880193e-03
1.216316855572101069e-03
1.219423221267846138e-03
1.250671082743240068e-03
1.176939608344894535e-03
1.130393948820004272e-03
1.183882109123395249e-03
1.182331874879342156e-03
1.133896303002541366e-03
1.239267546674992660e-03
1.302339835996629792e-03
1.215202888581769008e-03
1.237436035352818290e-03
1.181554204870027651e-03
1.198319925448998458e-03
1.187368648393545729e-03
1.171685474821138571e-03
1.084453372544414134e-03
1.185809711027919827e-03
1.244642213022833111e-03
1.181533586797420786e-03
1.206772649909307847e-03
1.205907441504309660e-03
1.229927399077724876e-03
1.229766471241654398e-03
1.151449579997396166e-03
1.225299414199411538e-03
1.214936436943532582e-03
1.183849492955692164e-03
1.194579581569119552e-03
1.234096568618275359e-03
1.204152958539150397e-03
1.095089939474680821e-03
1.256970327049549601e-03
1.200393522298097686e-03
1.178065335108799058e-03
1.248294214637818639e-03
1.201681350550982139e-03
1.178521061081220893e-03
1.172234137732658908e-03
1.163859853832417040e-03
1.257552893545964539e-03
1.184650964337478560e-03
1.247047335509515829e-03
1.124031253798989148e-03
1.219705206621057685e-03
1.137272848853446237e-03
1.348557900248185688e-03
1.170081573619088326e-03
1.074160068574180190e-03
1.225384249572316958e-03
1.258317452913248471e-03
1.184738404232611210e-03
1.083364762439248744e-03
1.177415542797228187e-03
1.214310978262143946e-03
1.161223041572723852e-03
1.145766224351237777e-03
1.216184713781937564e-03
1.144937017101023457e-03
1.302794370978423459e-03
1.284211546223851686e-03
1.155500359483788500e-03
1.306709152739137176e-03
1.150449790429557313e-03
1.219003009674079216e-03
1.203202602447745774e-03
1.201529703233019135e-03
1.175539760090553833e-03
1.150752445511188382e-03
1.321039523834655104e-03
1.163443317162751690e-03
1.198971555369438002e-03
1.235347926918043977e-03
1.241716557693628604e-03
1.058988898956470534e-03
1.169972928455859096e-03
1.146476744542703971e-03
1.035143367872252279e-03
1.280988315052093620e-03
1.174595368299566692e-03
1.169668201432703426e-03
1.154188681837361313e-03
1.145951662126283577e-03
1.217326638618597369e-03
1.249189687398299898e-03
1.274367557530207105e-03
1.208645630250869451e-03
1.250670190630912481e-03
1.103866758200183849e-03
1.197455922622332313e-03
1.182691365525106748e-03
1.130656532090187514e-03
1.220271217324005782e-03
1.155992838739241038e-03
1.211521902970683811e-03
1.248383388328695633e-03
1.306752765615147235e-03
1.099607457301436577e-03
1.167745112303522148e-03
1.187050567436568910e-03
1.282964779879665991e-03
1.173290509389341265e-03
1.103394954335593786e-03
1.250647573530311264e-03
1.127458040972174674e-03
1.113717596983410585e-03
1.138784444442593295e-03
1.224255999270326255e-03
1.133378201261228376e-03
1.100108604974710767e-03
1.173661243620058910e-03
1.297877202788352098e-03
1.194124916738065418e-03
1.174530278688341086e-03
1.176041594179268570e-03
1.213343449316654169e-03
1.198329850895549697e-03
1.171241528935141512e-03
1.171707119627042127e-03
1.207545607989296901e-03
1.240429026679513774e-03
1.160305765822820887e-03
1.180216249006078334e-03
1.182398459201838099e-03
1.277930163675708441e-03
1.224020004683407884e-03
1.137994332120394799e-03
1.165169025341116545e-03
1.228950652661009793e-03
1.226565575646221869e-03
1.185177438285739014e-03
1.215266414848792907e-03
1.139612789522258685e-03
1.163984226736127555e-03
1.150915987842301199e-03
1.173875821114591473e-03
1.194086731638728570e-03
1.096219648923202122e-03
1.224311482240131787e-03
1.177877931749064973e-03
1.268944736683730442e-03
1.253388167956295167e-03
1.151183468435088529e-03
1.197009196548770062e-03
1.231783921692601114e-03
1.176571818751271595e-03
1.197073247609950009e-03
1.239654006825633564e-03
1.153409601503774294e-03
1.224677987730243270e-03
1.189009215316066612e-03
1.224314263938772749e-03
1.286082212391315279e-03
1.201848910740240537e-03
1.190823784145015989e-03
1.202366351945097049e-03
1.208805543712610387e-03
1.160224540806113497e-03
1.268436115292384536e-03
1.229267626248782466e-03
1.159905343128899780e-03
1.180452525144710940e-03
1.211838140212273887e-03
1.164369296619198338e-03
1.157576987752369268e-03
1.255706655345898088e-03
1.268472081444549111e-03
1.193523568014227387e-03
1.156789295205645383e-03
1.167384657447901502e-03
1.254436330867801956e-03
1.264462084435152281e-03
1.250055035736798853e-03
1.208488744448581740e-03
1.102819710180959938e-03
1.222427957846972633e-03
1.104955563320755623e-03
1.148490168887908707e-03
1.229598739754414125e-03
1.257978601848700742e-03
1.187003727462565290e-03
1.212513921624507962e-03
1.171086696939659198e-03
1.227825610202538335e-03
1.248796034376039275e-03
1.149623087344602479e-03
1.177579321340696018e-03
1.163785899890483607e-03
1.313746064175428177e-03
1.181795464051256864e-03
1.199164423239483784e-03
1.182243302207502001e-03
1.208327260424132922e-03
1.232288551203708981e-03
1.266294496639182744e-03
1.099019886488422507e-03
1.185101220522789085e-03
1.177277100527898517e-03
1.271656229307690155e-03
1.214257854194130846e-03
1.058328401453248989e-03
1.248529270832982518e-03
1.147602792927150759e-03
1.211913490193415382e-03
1.156568079774478869e-03
1.201550177401117898e-03
1.264967960383819000e-03
1.245769304193571026e-03
1.220068221623038431e-03
1.346945276092569380e-03
1.257253032809501269e-03
1.176895010068257060e-03
1.223632180096400571e-03
1.116575614520748817e-03
1.185619870929762506e-03
1.176527745419733229e-03
1.177984625515053358e-03
1.184504000528095648e-03
1.174554594195958892e-03
1.164593177830191119e-03
1.171891773825001247e-03
1.342861361419092885e-03
1.257833222080164456e-03
1.179510926182895936e-03
1.147942264767697236e-03
1.216378544731254192e-03
1.127823737076054074e-03
1.166172801395270716e-03
1.285361604439456008e-03
1.229445401219760557e-03
1.137065916966970491e-03
1.292094082208002049e-03
1.199363223598524627e-03
1.180666487847285059e-03
1.255178360049602352e-03
1.159407721460767315e-03
1.232270392074097734e-03
1.156619326707540585e-03
1.202172174776081461e-03
1.162409910932112609e-03
1.207605635953886607e-03
1.291233554516654086e-03
1.215407796062849266e-03
1.129207846273216995e-03
1.275509816651533047e-03
1.233452955341616045e-03
1.130377399189514244e-03
1.244148093002812958e-03
1.226273691788811945e-03
1.143864851139901910e-03
1.229209192280128005e-03
1.184848591868765434e-03
1.152374131744387815e-03
1.154004699836389067e-03
1.319474191397330010e-03
1.159150001798633792e-03
1.271785830641202625e-03
1.149340197335513812e-03
1.159661744597143690e-03
1.195981362981022450e-03
1.187600593457521650e-03
1.233968389929497112e-03
1.232111591232383941e-03
1.203236121220776361e-03
1.164183191966373411e-03
1.151039545403279149e-03
1.155659840330827996e-03
1.235461351704171843e-03
1.070390099265260998e-03
1.238210179278860425e-03
1.180464839945393179e-03
1.156165699439361478e-03
1.148749350823734553e-03
1.133413006873656590e-03
1.331035375754709192e-03
1.186204306044574396e-03
1.331493666163740706e-03
1.143186320046140226e-03
1.197720220965643127e-03
1.212843827539913455e-03
1.106649277720256428e-03
1.224909763327071193e-03
1.187884828856203886e-03
1.164959940051932480e-03
1.150053797193075497e-03
1.127107317242584655e-03
1.178107025289380902e-03
1.143961291367469628e-03
1.110652485891002513e-03
1.196286498813090406e-03
1.210381090364267024e-03
1.214408792464721385e-03
1.250478765579757538e-03
1.246932658953991925e-03
1.270623038981412520e-03
1.176684267593493260e-03
1.193732767265389978e-03
1.178749912243648446e-03
1.145079811874615081e-03
1.230686999476131131e-03
1.096495987065298919e-03
1.181327553079002330e-03
1.229124051150676852e-03
1.142561656704452807e-03
1.226423794131126233e-03
1.304728416236611158e-03
1.139852767133344704e-03
1.133556491481357105e-03
1.173754142740702014e-03
1.225267212077749829e-03
1.261526056718912780e-03
1.159275027506036053e-03
1.230349287717798093e-03
1.165569711914022505e-03
1.211941216779412146e-03
1.208564751794676722e-03
1.232392358800229884e-03
1.170342488092607344e-03
1.176316268087784778e-03
1.194350779973280246e-03
1.248157521423251103e-03
1.207000706901988074e-03
1.120235523990659047e-03
1.140038680932432737e-03
1.161629133914540875e-03
1.183513868370557722e-03
1.252238499942281503e-03
1.223915962034739097e-03
1.210050329543291801e-03
1.130884628419117927e-03
1.155517328117695993e-03
1.125856778374262129e-03
1.119465325003098479e-03
1.145047014132277328e-03
1.154245464062862931e-03
1.180247310948127426e-03
1.131805101284538966e-03
1.194241947880496498e-03
1.304737131609063966e-03
1.176264747693450121e-03
1.206006371551837826e-03
1.215450532067967456e-03
1.202329161630943683e-03
1.185760824604370142e-03
1.233264323445189660e-03
1.230845465146268233e-03
1.133676882780132109e-03
1.209715148868944828e-03
1.248602661763439968e-03
1.163889575842405643e-03
1.210105882282778251e-03
1.175035638848057626e-03
1.270449547431499538e-03
1.110352536310300637e-03
1.175317034692014611e-03
1.219908918128722805e-03
1.190795423679238095e-03
1.226939959157297881e-03
1.172643139573389644e-03
1.255405493600428128e-03
1.152819412373584087e-03
1.133826830870298882e-03
1.108884598897984242e-03
1.129263424587206898e-03
1.187290375599627705e-03
1.197617840077386557e-03
1.111350212929416385e-03
1.120544662419875040e-03
1.197532361869683808e-03
1.104799288489136501e-03
1.174973647733255433e-03
1.211285551167879445e-03
1.205478000287879374e-03
1.121232918717834015e-03
1.191840589634631702e-03
1.131667891174833410e-03
1.214317118606228268e-03
1.173064608566459300e-03
1.220782069992126578e-03
1.184544888506730478e-03
1.221637113675387272e-03
1.067961625285878497e-03
1.101460670404132017e-03
1.094569531647348855e-03
1.298874374910909384e-03
1.112535700952301410e-03
1.215006823749542999e-03
1.169481036978963504e-03
1.143291544518578720e-03
1.166519020312420775e-03
1.097571949498866127e-03
1.239100059103568100e-03
1.183382304962896916e-03
1.225147674058551378e-03
1.237697976546107709e-03
1.118135978721770431e-03
1.244134221721962877e-03
1.203079954864568401e-03
1.122293292408691563e-03
1.172978881861994538e-03
1.170844158192606678e-03
1.244413008476665536e-03
1.259860291762553153e-03
1.197862234189422904e-03
1.256036274430854865e-03
1.185356313489433237e-03
1.032416072173327620e-03
1.156174666836560843e-03
1.166099641478262955e-03
1.282387116247042658e-03
1.163319330725821844e-03
1.179763076924264173e-03
1.101550099707853921e-03
1.166836670530889148e-03
1.140666143110621042e-03
1.204760004985269825e-03
1.169867455389105330e-03
1.289767855451797980e-03
1.179864796956241104e-03
1.153361354526642301e-03
1.126830240020492953e-03
1.248224485444707037e-03
1.133263847747467299e-03
1.086312704652080260e-03
1.187092786616068124e-03
1.159448086197153354e-03
1.144513210279656749e-03
1.240841919008995545e-03
1.196431670623987085e-03
1.109765421677543981e-03
1.136163080570697830e-03
1.193061169928711545e-03
1.189243549516960999e-03
1.192047907931117990e-03
1.117748677712353906e-03
1.266256848035336073e-03
1.136542470783532535e-03
1.178160382483294097e-03
1.226082685425534556e-03
1.136593622676625734e-03
1.105881463185076196e-03
1.208294278215897317e-03
1.262854396673427498e-03
1.148559437381601808e-03
1.152305076098319222e-03
1.204334813136935002e-03
1.164740694695419075e-03
1.185251432004150998e-03
1.127494981955787668e-03
1.158044229293159113e-03
1.091017704851793800e-03
1.179624989596784286e-03
1.191444003762631753e-03
1.205850905354274470e-03
1.171206963225719178e-03
1.229322281842547705e-03
1.175691314484369511e-03
1.175186705446961419e-03
1.253972496329132640e-03
1.231976065487041866e-03
1.104267756987448558e-03
1.166715974664331258e-03
1.117053751233628919e-03
1.179239263960574430e-03
1.211577171065342804e-03
1.154508714851858317e-03
1.233201693831496122e-03
1.196304243099172767e-03
1.140858186236660878e-03
1.143456757265271699e-03
1.160765683199269961e-03
1.109015998057032723e-03
1.142969601695533431e-03
1.108388952240410303e-03
1.225034053784156227e-03
1.299105903651472495e-03
1.143424456968600419e-03
1.145510613337579918e-03
1.152382451130492744e-03
1.124913435845412450e-03
1.162602801940095703e-03
1.216654298306082266e-03
1.107944020767454626e-03
1.088778197985113645e-03
1.238292255141708103e-03
1.198897933570964441e-03
1.296457076146824731e-03
1.150163875755879543e-03
1.263267798384820487e-03
1.256308054657127382e-03
1.138948949024204361e-03
1.131078056512360968e-03
1.060507468046191894e-03
1.143028149643821999e-03
1.175130005388890864e-03
1.187490791799577106e-03
1.231208470551130958e-03
1.169382732044018562e-03
1.184655179880774942e-03
1.267394966861657606e-03
1.131822184860237787e-03
1.158524315135833413e-03
1.238140198553562251e-03
1.214567480020869571e-03
1.152038901001186397e-03
1.150284917603163924e-03
1.128698325702108757e-03
1.179656951942332317e-03
1.150288970555845506e-03
1.128438148081870821e-03
1.203295202419946966e-03
1.133946621524914910e-03
1.171134531912492241e-03
1.253915428423447304e-03
1.191028200762802225e-03
1.148113881512613423e-03
1.274909094289978454e-03
1.240182089407426171e-03
1.130827312053227923e-03
1.234031962047900345e-03
1.078197057233983317e-03
1.141319949716410346e-03
1.138471063648646090e-03
1.180235603247307540e-03
1.242000860781470890e-03
1.175880916263219835e-03
1.044129149607655235e-03
1.141564710611643390e-03
1.161757233755354940e-03
1.195265737716658203e-03
1.253823407177796952e-03
1.175845734912267992e-03
1.120519802622077683e-03
1.137802585565149578e-03
1.162189094035274029e-03
1.209945412075105840e-03
1.163550695764429318e-03
1.238804284033473207e-03
1.146666109626785692e-03
1.175574425593820796e-03
1.237327378628484773e-03
1.223581056218983956e-03
1.182578962909790633e-03
1.201485066113135549e-03
1.145690020123997510e-03
1.186222552763509025e-03
1.187100255795510819e-03
1.109945833702636426e-03
1.128029916280858490e-03
1.208770019341908570e-03
1.240621708553961509e-03
1.182082847863556154e-03
1.193121966696457370e-03
1.230746601077785211e-03
1.251959610723611845e-03
1.054571228261687137e-03
1.170136505324559329e-03
1.103461103392582065e-03
1.106144604824686739e-03
1.074911950508018873e-03
1.201656711659677100e-03
1.135934283577488216e-03
1.186426997900157012e-03
1.074976436494205854e-03
1.133869030889547453e-03
1.226893343175616347e-03
1.101053393713413058e-03
1.220477491065467780e-03
1.192733609193177748e-03
1.157188954661051133e-03
1.141398991564755933e-03
1.115533771291222012e-03
1.249630494585024900e-03
1.091252428538114086e-03
1.104312887946466660e-03
1.162312188238372786e-03
1.151220125966302818e-03
1.085649510743310654e-03
1.251846652469004425e-03
1.208194558239686139e-03
1.114452952008628981e-03
1.262610493812143901e-03
1.165742017816328050e-03
1.171031869046462726e-03
1.165579180055013138e-03
1.159713954922508405e-03
1.149722015471417056e-03
1.274469228815593505e-03
1.083880616109809177e-03
1.175816926117479681e-03
1.148493463518250038e-03
1.075943453487371564e-03
1.201507691915791468e-03
1.276629208749682082e-03
1.172950794795101989e-03
1.122177427081741743e-03
1.142729046244356748e-03
1.159408431951610774e-03
1.162834703595507337e-03
1.124794494514565289e-03
1.189126946315165537e-03
1.132187039840796021e-03
1.088510284445680550e-03
1.162095462170029602e-03
1.176210800497377168e-03
1.264431309310813396e-03
1.213460287045384396e-03
1.277684313023943422e-03
1.137965084086529303e-03
1.309840186023189090e-03
1.179104961694420542e-03
1.084895010977772944e-03
1.076736285983993444e-03
1.109709386944094127e-03
1.183226462275997109e-03
1.095048934040627336e-03
1.227293521713419822e-03
1.187117987449422696e-03
1.161697489657004126e-03
1.151326802279795591e-03
1.097727925810277130e-03
1.130338107071999750e-03
1.085993637872373569e-03
1.218613925346930058e-03
1.145733956973653657e-03
1.065125590107499857e-03
1.131192059855624628e-03
1.089669164242444655e-03
1.147378569227197609e-03
1.194506189381939077e-03
1.147905669396861138e-03
1.072856939736980576e-03
1.160864693276349906e-03
1.129343543692988300e-03
1.222865667035425222e-03
1.180174067148088068e-03
1.062078229355098652e-03
1.158971953588264084e-03
1.211192765571539797e-03
1.243509152119910916e-03
1.101458792783707643e-03
1.141272250624847731e-03
1.146282639355382859e-03
1.225934316603650553e-03
1.194842299704561078e-03
1.122537782334483711e-03
1.163057435217222831e-03
1.154122880207717741e-03
1.178587651802373180e-03
1.166474129706106559e-03
1.112591454561720527e-03
1.125576797073492155e-03
1.201601448944133880e-03
1.127591542808801216e-03
1.157342742697446518e-03
1.135452708876246233e-03
1.154179179721050727e-03
1.149443749618479912e-03
1.100562621273958736e-03
1.110797076925230031e-03
1.069705874026640998e-03
1.187963774597314238e-03
1.059105620341673068e-03
1.200108334531564853e-03
1.186391058318683614e-03
1.167931049100107317e-03
1.203834990983730820e-03
1.087513069212570375e-03
1.155276367836024229e-03
1.256202766202871648e-03
1.025091953726261053e-03
1.130892809414299569e-03
1.201069716968381938e-03
1.136484581395066744e-03
1.223521414009406602e-03
1.152484890385810064e-03
1.030482238548676571e-03
1.171671994830786974e-03
1.202533675648076320e-03
1.191012309415170108e-03
1.199268688863630063e-03
1.080047831066541534e-03
1.245866193595578575e-03
1.132023557518110467e-03
1.180558556464693072e-03
1.216419241507711449e-03
1.247698679566194542e-03
1.154088963896883263e-03
1.246755028457912457e-03
1.101831860904989172e-03
1.149532184590628791e-03
1.102773136540895378e-03
1.105713915635910980e-03
1.074935519271389512e-03
1.153218349266840618e-03
1.079466429485160389e-03
1.097965085001277727e-03
1.150871621476802237e-03
1.207011502813199735e-03
1.107082683240806498e-03
1.170504421385953637e-03
1.112310503709290459e-03
1.151965288298819950e-03
1.141635684618440717e-03
1.116414997546630837e-03
1.150526344852834679e-03
1.193169783760153349e-03
1.145163401015744523e-03
1.260949874592395825e-03
1.110776806927223342e-03
1.116584491581823100e-03
1.074614031189362285e-03
1.158076471866017034e-03
1.159821698264942294e-03
1.152574583864249226e-03
1.121413557133597643e-03
1.142152549510351946e-03
1.151327241806718044e-03
1.156235167819075508e-03
1.194281022462719780e-03
1.164983829908443911e-03
1.083538422120163252e-03
1.046554842086223121e-03
1.352990652038760103e-03
1.035681030447159652e-03
1.007520820712897412e-03
1.087573139370566185e-03
1.052415713516321235e-03
1.228896401458417446e-03
1.071495897874825921e-03
1.078331921516528747e-03
1.153873315411254328e-03
1.055384155663458825e-03
1.117736835019516239e-03
1.161553195294473149e-03
1.155239856865020089e-03
1.090514865074850405e-03
1.215596556579761007e-03
1.123173932955211013e-03
1.042758586215315406e-03
1.153616478559894507e-03
1.146893463131162718e-03
1.146385895787451143e-03
1.146205787801645283e-03
1.158375297044150027e-03
1.275794723077298140e-03
1.145586824007860730e-03
1.189194149193873156e-03
1.147551005207220198e-03
1.160398193936346351e-03
1.127271579584424943e-03
1.133019170280550377e-03
1.183185752464493935e-03
1.252657434121820859e-03
1.110808329431174852e-03
1.195013778782148556e-03
1.088472506392366458e-03
1.120881352261643687e-03
1.161460597379720353e-03
1.137346350619338050e-03
1.165098154907866527e-03
1.285720665354730908e-03
1.043624703374872176e-03
1.111556981784940111e-03
1.204573271219657208e-03
1.155219163820057210e-03
1.150855841780358416e-03
1.092902437077179550e-03
1.234154850956394218e-03
1.124648450664809084e-03
1.064144443255924093e-03
1.139013093090277809e-03
1.158793116984504308e-03
1.044807969588815730e-03
1.095178919769195089e-03
1.060756388112705541e-03
1.248294687494407593e-03
1.174370547885356759e-03
1.129110713368600095e-03
1.064457289910491220e-03
1.146645294729179603e-03
1.173654551977729686e-03
1.053345002422599900e-03
1.159832634695653203e-03
1.123569644148540107e-03
1.183806641730532350e-03
1.075342430184722661e-03
1.144353427033223316e-03
1.185994476449293757e-03
1.126169114956794082e-03
1.104909230069672137e-03
1.177604496235786034e-03
1.157874362350030115e-03
1.084716910723706410e-03
1.263251958443352418e-03
1.168222619594337435e-03
1.202846121094664064e-03
1.076817554975067299e-03
1.150489496842262193e-03
1.157902688297485780e-03
1.134526473435029095e-03
1.064846017402628752e-03
1.189836478520608660e-03
1.069494040151087793e-03
1.099281024855303709e-03
1.109036786882599754e-03
1.186624118613349666e-03
1.121466077900862409e-03
1.070492505504520115e-03
1.101103249482868586e-03
1.142918955208522885e-03
1.162833449553213501e-03
1.141301454719322039e-03
1.056992009378326545e-03
1.196772184667029091e-03
1.231617762429670568e-03
1.193208584626782387e-03
1.117486528175325308e-03
1.181314143840540539e-03
1.151346606894115181e-03
1.173353291645338765e-03
1.104559071335430584e-03
1.171978590719784455e-03
1.167859753763926750e-03
1.152016940182509601e-03
1.218849621428370065e-03
1.112762739603630072e-03
1.105240325909142077e-03
1.064155929894156907e-03
1.152183905854165750e-03
1.254793228202132896e-03
1.067835056249227983e-03
1.035795542352346355e-03
1.120011677104969933e-03
1.164724267613052823e-03
1.176327248841672977e-03
1.191714847940237090e-03
1.196519966357828231e-03
1.220662615133399475e-03
1.184962652885748844e-03
1.155679781767038209e-03
1.177539384722040700e-03
1.125937448700342972e-03
1.233095842761975465e-03
1.121183921782712431e-03
1.192414006667575493e-03
1.131774022014506859e-03
1.165346534725023421e-03
1.200579474389982170e-03
1.235340932679332123e-03
1.127068166445546749e-03
1.080471341077404550e-03
1.156699003263087899e-03
1.132666086316265605e-03
1.082367596386008164e-03
1.149749559756947648e-03
1.242382995334106359e-03
1.112329671276785035e-03
1.063200769604569348e-03
1.199248866369010801e-03
1.115300763253391754e-03
1.121528167043371214e-03
1.166457333464171291e-03
1.110049547011941924e-03
1.120344725982780516e-03
1.155943487540001197e-03
1.206593160871611333e-03
1.087599878340961886e-03
1.162527031788249121e-03
1.135928220897363793e-03
1.120672491959239262e-03
1.175691111970328167e-03
1.018517889629169627e-03
1.129170214910696314e-03
1.135796020403328230e-03
1.164018873847321280e-03
1.185812732936709002e-03
1.158816869435811119e-03
1.137477451656133953e-03
1.178498777741282663e-03
1.105580454756816076e-03
1.101398357204104147e-03
1.195189027230242730e-03
1.191709854777299070e-03
1.141898039771388788e-03
1.112544123350290085e-03
1.196705026130075698e-03
1.151953902056941127e-03
1.169766508841926528e-03
1.218093180658505470e-03
1.091581500485611827e-03
1.178444103783901024e-03
1.091048000550230278e-03
1.207872452043144045e-03
1.107713680601254578e-03
1.208073079088866362e-03
1.179941455037459208e-03
1.142457479758438857e-03
1.230564080605825797e-03
1.166665523009233251e-03
1.152077115409878534e-03
1.131796480677891171e-03
1.109933475233911048e-03
1.142073930170078942e-03
1.122893827715629785e-03
1.134449441413457266e-03
1.262029428022213608e-03
1.187665054165473397e-03
1.188785555261026973e-03
1.200389688501165859e-03
1.189581680834048746e-03
1.082921057503582769e-03
1.135794016704744875e-03
1.163425183737096334e-03
1.159441133666264025e-03
1.097777335873525040e-03
1.086018797733423382e-03
1.107835681745730771e-03
1.169822640388606342e-03
1.109649657819558686e-03
1.083948933176627277e-03
1.155446712748443893e-03
1.142924186271423439e-03
1.100359538956590484e-03
1.150483193382082804e-03
1.172913961617983629e-03
1.153875721000504912e-03
1.348569105334166719e-03
1.190797548745175334e-03
1.245477134822468987e-03
1.138209325625477155e-03
1.145941189286776938e-03
1.263054014819284905e-03
1.161680931836672065e-03
1.160686193808036426e-03
1.179892547198250997e-03
1.132803546907584910e-03
1.139100015189074486e-03
1.172457011660022353e-03
9.983591209507386693e-04
1.153879437432780769e-03
1.183305695801174220e-03
1.162842949906972827e-03
1.180807930987216219e-03
1.162678599815269173e-03
1.139457537217385130e-03
1.133678414081024186e-03
1.056944943144960333e-03
1.086985653021522221e-03
1.078304242060361320e-03
1.107840281671245699e-03
1.240221233191175255e-03
