9.995000000000000551e-01 1.000000000000000000e+00
9.971999999999999753e-01 9.981999999999999762e-01
9.946000000000000396e-01 9.961999999999999744e-01
9.942999999999999616e-01 9.937000000000000277e-01
9.939000000000000057e-01 9.899999999999999911e-01
9.909000000000000030e-01 9.862999999999999545e-01
9.900999999999999801e-01 9.841999999999999638e-01
9.898000000000000131e-01 9.808999999999999941e-01
9.876000000000000334e-01 9.776000000000000245e-01
9.872999999999999554e-01 9.750999999999999668e-01
9.879000000000000004e-01 9.728999999999999870e-01
9.868999999999999995e-01 9.703000000000000513e-01
9.855000000000000426e-01 9.675000000000000266e-01
9.850999999999999757e-01 9.647000000000000020e-01
9.852999999999999536e-01 9.616000000000000103e-01
9.848999999999999977e-01 9.593000000000000416e-01
9.855000000000000426e-01 9.578999999999999737e-01
9.845000000000000417e-01 9.576000000000000068e-01
9.831999999999999629e-01 9.538999999999999702e-01
9.835000000000000409e-01 9.559999999999999609e-01
9.827000000000000179e-01 9.536000000000000032e-01
9.820999999999999730e-01 9.527999999999999803e-01
9.825000000000000400e-01 9.506000000000000005e-01
9.820999999999999730e-01 9.492000000000000437e-01
9.815000000000000391e-01 9.468999999999999639e-01
9.804000000000000492e-01 9.466999999999999860e-01
9.805000000000000382e-01 9.455999999999999961e-01
9.811999999999999611e-01 9.439999999999999503e-01
9.811999999999999611e-01 9.435000000000000053e-01
9.814000000000000501e-01 9.425000000000000044e-01
9.806000000000000272e-01 9.408999999999999586e-01
9.808999999999999941e-01 9.413000000000000256e-01
9.808999999999999941e-01 9.397999999999999687e-01
9.808000000000000052e-01 9.406999999999999806e-01
9.797000000000000153e-01 9.372000000000000330e-01
9.790999999999999703e-01 9.367999999999999661e-01
9.791999999999999593e-01 9.361000000000000432e-01
9.794000000000000483e-01 9.337999999999999634e-01
9.778999999999999915e-01 9.341000000000000414e-01
9.780999999999999694e-01 9.334999999999999964e-01
9.787000000000000144e-01 9.323000000000000176e-01
9.794000000000000483e-01 9.338999999999999524e-01
9.798000000000000043e-01 9.341000000000000414e-01
9.789999999999999813e-01 9.346999999999999753e-01
9.799999999999999822e-01 9.338999999999999524e-01
9.790999999999999703e-01 9.353000000000000203e-01
9.789999999999999813e-01 9.347999999999999643e-01
9.778000000000000025e-01 9.325999999999999845e-01
9.779999999999999805e-01 9.338999999999999524e-01
9.771999999999999575e-01 9.332000000000000295e-01
9.778999999999999915e-01 9.305999999999999828e-01
9.762999999999999456e-01 9.292000000000000259e-01
9.765000000000000346e-01 9.305999999999999828e-01
9.766000000000000236e-01 9.308999999999999497e-01
9.768000000000000016e-01 9.293000000000000149e-01
9.767000000000000126e-01 9.311000000000000387e-01
9.754000000000000448e-01 9.304000000000000048e-01
9.751999999999999558e-01 9.294999999999999929e-01
9.745000000000000329e-01 9.303000000000000158e-01
9.734000000000000430e-01 9.302000000000000268e-01
9.736000000000000210e-01 9.296999999999999709e-01
9.746000000000000218e-01 9.292000000000000259e-01
9.740999999999999659e-01 9.296999999999999709e-01
9.739999999999999769e-01 9.301000000000000378e-01
9.739999999999999769e-01 9.310000000000000497e-01
9.735000000000000320e-01 9.315999999999999837e-01
9.731999999999999540e-01 9.294000000000000039e-01
9.735000000000000320e-01 9.294000000000000039e-01
9.735000000000000320e-01 9.312000000000000277e-01
9.727000000000000091e-01 9.306999999999999718e-01
9.723000000000000531e-01 9.294999999999999929e-01
9.717000000000000082e-01 9.294000000000000039e-01
9.713000000000000522e-01 9.290000000000000480e-01
9.716000000000000192e-01 9.305999999999999828e-01
9.714000000000000412e-01 9.302000000000000268e-01
9.715000000000000302e-01 9.303000000000000158e-01
9.724000000000000421e-01 9.307999999999999607e-01
9.721999999999999531e-01 9.297999999999999599e-01
9.721999999999999531e-01 9.300000000000000488e-01
9.707999999999999963e-01 9.297999999999999599e-01
9.701999999999999513e-01 9.308999999999999497e-01
9.697999999999999954e-01 9.313000000000000167e-01
9.690999999999999615e-01 9.313000000000000167e-01
9.690999999999999615e-01 9.320000000000000506e-01
9.690999999999999615e-01 9.316999999999999726e-01
9.698999999999999844e-01 9.330000000000000515e-01
9.697999999999999954e-01 9.335999999999999854e-01
9.688999999999999835e-01 9.325999999999999845e-01
9.684000000000000385e-01 9.333000000000000185e-01
9.676000000000000156e-01 9.321000000000000396e-01
9.677000000000000046e-01 9.318999999999999506e-01
9.677999999999999936e-01 9.306999999999999718e-01
9.676000000000000156e-01 9.308999999999999497e-01
9.683000000000000496e-01 9.322000000000000286e-01
9.676000000000000156e-01 9.321000000000000396e-01
9.669999999999999707e-01 9.326999999999999735e-01
9.666000000000000147e-01 9.336999999999999744e-01
9.665000000000000258e-01 9.338999999999999524e-01
9.669999999999999707e-01 9.332000000000000295e-01
9.671999999999999487e-01 9.344000000000000083e-01
9.664000000000000368e-01 9.344999999999999973e-01
9.661999999999999478e-01 9.340000000000000524e-01
9.666000000000000147e-01 9.340000000000000524e-01
9.660999999999999588e-01 9.334999999999999964e-01
9.664000000000000368e-01 9.348999999999999533e-01
9.659999999999999698e-01 9.352000000000000313e-01
9.659999999999999698e-01 9.350000000000000533e-01
9.664000000000000368e-01 9.353000000000000203e-01
9.663000000000000478e-01 9.354000000000000092e-01
9.667000000000000037e-01 9.373000000000000220e-01
9.658999999999999808e-01 9.354000000000000092e-01
9.657999999999999918e-01 9.357999999999999652e-01
9.658999999999999808e-01 9.363000000000000211e-01
9.663000000000000478e-01 9.361000000000000432e-01
9.663000000000000478e-01 9.364999999999999991e-01
9.653000000000000469e-01 9.368999999999999551e-01
9.646000000000000130e-01 9.370000000000000551e-01
9.645000000000000240e-01 9.375000000000000000e-01
9.655000000000000249e-01 9.363000000000000211e-01
9.647999999999999909e-01 9.384000000000000119e-01
9.639999999999999680e-01 9.376999999999999780e-01
9.646000000000000130e-01 9.365999999999999881e-01
9.639999999999999680e-01 9.373000000000000220e-01
9.636000000000000121e-01 9.375999999999999890e-01
9.636000000000000121e-01 9.384000000000000119e-01
9.636000000000000121e-01 9.387999999999999678e-01
9.638999999999999790e-01 9.391000000000000458e-01
9.643000000000000460e-01 9.386999999999999789e-01
9.634000000000000341e-01 9.382000000000000339e-01
9.629999999999999671e-01 9.372000000000000330e-01
9.634000000000000341e-01 9.382000000000000339e-01
9.631999999999999451e-01 9.375000000000000000e-01
9.634000000000000341e-01 9.386999999999999789e-01
9.629999999999999671e-01 9.388999999999999568e-01
9.630999999999999561e-01 9.385000000000000009e-01
9.628999999999999782e-01 9.381000000000000449e-01
9.628999999999999782e-01 9.385999999999999899e-01
9.627000000000000002e-01 9.385999999999999899e-01
9.636000000000000121e-01 9.395999999999999908e-01
9.638999999999999790e-01 9.411000000000000476e-01
9.633000000000000451e-01 9.408999999999999586e-01
9.627999999999999892e-01 9.409999999999999476e-01
9.630999999999999561e-01 9.419999999999999485e-01
9.625000000000000222e-01 9.424000000000000155e-01
9.624000000000000332e-01 9.428999999999999604e-01
9.625000000000000222e-01 9.421000000000000485e-01
9.623000000000000442e-01 9.398999999999999577e-01
9.625000000000000222e-01 9.398999999999999577e-01
9.624000000000000332e-01 9.413000000000000256e-01
9.620999999999999552e-01 9.408999999999999586e-01
9.618999999999999773e-01 9.397999999999999687e-01
9.617999999999999883e-01 9.415999999999999925e-01
9.614000000000000323e-01 9.401000000000000467e-01
9.612000000000000544e-01 9.396999999999999797e-01
9.615000000000000213e-01 9.406999999999999806e-01
9.616999999999999993e-01 9.406999999999999806e-01
9.615000000000000213e-01 9.403000000000000247e-01
9.608999999999999764e-01 9.403000000000000247e-01
9.609999999999999654e-01 9.412000000000000366e-01
9.616999999999999993e-01 9.416999999999999815e-01
9.607999999999999874e-01 9.417999999999999705e-01
9.617999999999999883e-01 9.417999999999999705e-01
9.616999999999999993e-01 9.416999999999999815e-01
9.616000000000000103e-01 9.418999999999999595e-01
9.618999999999999773e-01 9.427999999999999714e-01
9.622000000000000552e-01 9.423000000000000265e-01
9.618999999999999773e-01 9.426999999999999824e-01
9.616999999999999993e-01 9.425999999999999934e-01
9.610999999999999543e-01 9.435999999999999943e-01
9.605000000000000204e-01 9.435000000000000053e-01
9.607999999999999874e-01 9.425999999999999934e-01
9.609999999999999654e-01 9.417999999999999705e-01
9.606999999999999984e-01 9.419999999999999485e-01
9.605000000000000204e-01 9.423000000000000265e-01
9.600999999999999535e-01 9.419999999999999485e-01
9.604000000000000314e-01 9.431000000000000494e-01
9.605000000000000204e-01 9.438999999999999613e-01
9.605000000000000204e-01 9.439999999999999503e-01
9.604000000000000314e-01 9.444000000000000172e-01
9.604000000000000314e-01 9.435000000000000053e-01
9.606000000000000094e-01 9.434000000000000163e-01
9.604000000000000314e-01 9.425999999999999934e-01
9.603000000000000425e-01 9.419999999999999485e-01
9.604000000000000314e-01 9.437999999999999723e-01
9.606000000000000094e-01 9.435000000000000053e-01
9.603000000000000425e-01 9.428999999999999604e-01
9.595000000000000195e-01 9.437999999999999723e-01
9.589999999999999636e-01 9.445000000000000062e-01
9.594000000000000306e-01 9.451000000000000512e-01
9.589999999999999636e-01 9.441000000000000503e-01
9.594000000000000306e-01 9.427999999999999714e-01
9.588999999999999746e-01 9.435999999999999943e-01
9.588999999999999746e-01 9.433000000000000274e-01
9.586999999999999966e-01 9.442000000000000393e-01
9.590999999999999526e-01 9.445000000000000062e-01
9.585000000000000187e-01 9.438999999999999613e-01
9.582000000000000517e-01 9.436999999999999833e-01
9.589999999999999636e-01 9.448999999999999622e-01
9.588999999999999746e-01 9.436999999999999833e-01
9.587999999999999856e-01 9.432000000000000384e-01
9.587999999999999856e-01 9.428999999999999604e-01
9.588999999999999746e-01 9.435000000000000053e-01
9.580999999999999517e-01 9.433000000000000274e-01
9.584000000000000297e-01 9.441000000000000503e-01
9.585000000000000187e-01 9.448999999999999622e-01
9.586999999999999966e-01 9.441000000000000503e-01
9.585000000000000187e-01 9.451000000000000512e-01
9.583000000000000407e-01 9.457999999999999741e-01
9.582000000000000517e-01 9.454000000000000181e-01
9.585000000000000187e-01 9.455000000000000071e-01
9.585000000000000187e-01 9.455000000000000071e-01
9.587999999999999856e-01 9.445000000000000062e-01
9.584000000000000297e-01 9.445999999999999952e-01
9.583000000000000407e-01 9.452000000000000401e-01
9.587999999999999856e-01 9.447999999999999732e-01
9.585000000000000187e-01 9.447999999999999732e-01
9.577999999999999847e-01 9.454000000000000181e-01
9.579999999999999627e-01 9.456999999999999851e-01
9.582000000000000517e-01 9.459999999999999520e-01
9.583000000000000407e-01 9.453000000000000291e-01
9.577999999999999847e-01 9.438999999999999613e-01
9.576999999999999957e-01 9.453000000000000291e-01
9.576000000000000068e-01 9.456999999999999851e-01
9.576000000000000068e-01 9.448999999999999622e-01
9.582000000000000517e-01 9.452000000000000401e-01
9.578999999999999737e-01 9.464000000000000190e-01
9.579999999999999627e-01 9.457999999999999741e-01
9.580999999999999517e-01 9.461000000000000520e-01
9.582000000000000517e-01 9.457999999999999741e-01
9.578999999999999737e-01 9.452000000000000401e-01
9.583000000000000407e-01 9.453000000000000291e-01
9.585000000000000187e-01 9.447999999999999732e-01
9.582000000000000517e-01 9.442000000000000393e-01
9.576000000000000068e-01 9.441000000000000503e-01
9.578999999999999737e-01 9.445999999999999952e-01
9.575000000000000178e-01 9.455999999999999961e-01
9.573000000000000398e-01 9.456999999999999851e-01
9.575000000000000178e-01 9.454000000000000181e-01
9.576999999999999957e-01 9.461000000000000520e-01
9.574000000000000288e-01 9.466999999999999860e-01
9.574000000000000288e-01 9.469999999999999529e-01
9.576000000000000068e-01 9.462000000000000410e-01
9.577999999999999847e-01 9.453000000000000291e-01
9.569999999999999618e-01 9.458999999999999631e-01
9.568999999999999728e-01 9.447999999999999732e-01
9.568999999999999728e-01 9.461000000000000520e-01
9.566999999999999948e-01 9.469999999999999529e-01
9.564000000000000279e-01 9.467999999999999750e-01
9.564000000000000279e-01 9.465000000000000080e-01
9.565000000000000169e-01 9.461000000000000520e-01
9.559999999999999609e-01 9.467999999999999750e-01
9.564000000000000279e-01 9.468999999999999639e-01
9.557999999999999829e-01 9.474000000000000199e-01
9.559999999999999609e-01 9.475999999999999979e-01
9.560999999999999499e-01 9.481000000000000538e-01
9.564000000000000279e-01 9.468999999999999639e-01
9.559999999999999609e-01 9.466999999999999860e-01
9.556000000000000050e-01 9.464000000000000190e-01
9.564000000000000279e-01 9.461000000000000520e-01
9.559999999999999609e-01 9.458999999999999631e-01
9.559999999999999609e-01 9.461000000000000520e-01
9.560999999999999499e-01 9.448999999999999622e-01
9.556999999999999940e-01 9.449999999999999512e-01
9.555000000000000160e-01 9.452000000000000401e-01
9.555000000000000160e-01 9.462000000000000410e-01
9.556000000000000050e-01 9.463000000000000300e-01
9.553000000000000380e-01 9.458999999999999631e-01
9.553000000000000380e-01 9.469999999999999529e-01
9.553000000000000380e-01 9.463000000000000300e-01
9.556000000000000050e-01 9.477999999999999758e-01
9.557999999999999829e-01 9.467999999999999750e-01
9.554000000000000270e-01 9.485000000000000098e-01
9.554000000000000270e-01 9.482000000000000428e-01
9.552000000000000490e-01 9.473000000000000309e-01
9.553000000000000380e-01 9.483000000000000318e-01
9.555000000000000160e-01 9.486999999999999877e-01
9.554000000000000270e-01 9.491000000000000547e-01
9.548999999999999710e-01 9.488999999999999657e-01
9.553000000000000380e-01 9.487999999999999767e-01
9.552000000000000490e-01 9.499999999999999556e-01
9.552000000000000490e-01 9.508999999999999675e-01
9.554000000000000270e-01 9.507999999999999785e-01
9.554000000000000270e-01 9.488999999999999657e-01
9.556000000000000050e-01 9.484000000000000208e-01
9.550999999999999490e-01 9.479999999999999538e-01
9.554000000000000270e-01 9.492000000000000437e-01
9.549999999999999600e-01 9.491000000000000547e-01
9.546999999999999931e-01 9.493000000000000327e-01
9.546999999999999931e-01 9.497999999999999776e-01
9.550999999999999490e-01 9.493000000000000327e-01
9.547999999999999821e-01 9.505000000000000115e-01
9.547999999999999821e-01 9.505000000000000115e-01
9.547999999999999821e-01 9.502000000000000446e-01
9.546999999999999931e-01 9.507999999999999785e-01
9.546999999999999931e-01 9.498999999999999666e-01
9.543000000000000371e-01 9.496999999999999886e-01
9.546000000000000041e-01 9.492000000000000437e-01
9.546999999999999931e-01 9.505000000000000115e-01
9.545000000000000151e-01 9.492000000000000437e-01
9.545000000000000151e-01 9.496999999999999886e-01
9.538999999999999702e-01 9.497999999999999776e-01
9.539999999999999591e-01 9.498999999999999666e-01
9.540999999999999481e-01 9.507999999999999785e-01
9.537999999999999812e-01 9.509999999999999565e-01
9.538999999999999702e-01 9.506999999999999895e-01
9.544000000000000261e-01 9.509999999999999565e-01
9.536000000000000032e-01 9.502000000000000446e-01
9.537999999999999812e-01 9.503000000000000336e-01
9.543000000000000371e-01 9.504000000000000226e-01
9.544000000000000261e-01 9.502000000000000446e-01
9.539999999999999591e-01 9.504000000000000226e-01
9.544000000000000261e-01 9.508999999999999675e-01
9.540999999999999481e-01 9.495000000000000107e-01
9.536999999999999922e-01 9.497999999999999776e-01
9.539999999999999591e-01 9.497999999999999776e-01
9.536999999999999922e-01 9.484000000000000208e-01
9.535000000000000142e-01 9.489999999999999547e-01
9.535000000000000142e-01 9.485000000000000098e-01
9.534000000000000252e-01 9.491000000000000547e-01
9.528999999999999693e-01 9.496999999999999886e-01
9.527999999999999803e-01 9.487999999999999767e-01
9.536000000000000032e-01 9.496999999999999886e-01
9.530999999999999472e-01 9.491000000000000547e-01
9.526999999999999913e-01 9.494000000000000217e-01
9.526000000000000023e-01 9.487999999999999767e-01
9.524000000000000243e-01 9.487999999999999767e-01
9.526000000000000023e-01 9.506999999999999895e-01
9.524000000000000243e-01 9.494000000000000217e-01
9.522000000000000464e-01 9.494000000000000217e-01
9.519999999999999574e-01 9.493000000000000327e-01
9.518999999999999684e-01 9.475999999999999979e-01
9.517999999999999794e-01 9.488999999999999657e-01
9.519999999999999574e-01 9.496999999999999886e-01
9.516999999999999904e-01 9.485000000000000098e-01
9.516999999999999904e-01 9.489999999999999547e-01
9.519999999999999574e-01 9.497999999999999776e-01
9.516000000000000014e-01 9.487999999999999767e-01
9.520999999999999464e-01 9.487999999999999767e-01
9.522000000000000464e-01 9.491000000000000547e-01
9.517999999999999794e-01 9.491000000000000547e-01
9.512000000000000455e-01 9.487999999999999767e-01
9.514000000000000234e-01 9.493000000000000327e-01
9.510999999999999455e-01 9.487999999999999767e-01
9.509999999999999565e-01 9.487999999999999767e-01
9.510999999999999455e-01 9.496999999999999886e-01
9.514000000000000234e-01 9.485999999999999988e-01
9.517999999999999794e-01 9.495999999999999996e-01
9.517999999999999794e-01 9.495000000000000107e-01
9.517999999999999794e-01 9.492000000000000437e-01
9.516000000000000014e-01 9.484000000000000208e-01
9.518999999999999684e-01 9.483000000000000318e-01
9.517999999999999794e-01 9.486999999999999877e-01
9.518999999999999684e-01 9.494000000000000217e-01
9.515000000000000124e-01 9.508999999999999675e-01
9.515000000000000124e-01 9.503000000000000336e-01
9.509999999999999565e-01 9.504000000000000226e-01
9.513000000000000345e-01 9.503000000000000336e-01
9.510999999999999455e-01 9.495000000000000107e-01
9.507999999999999785e-01 9.495999999999999996e-01
9.509999999999999565e-01 9.496999999999999886e-01
9.516000000000000014e-01 9.498999999999999666e-01
9.516000000000000014e-01 9.484000000000000208e-01
9.510999999999999455e-01 9.492000000000000437e-01
9.504000000000000226e-01 9.492000000000000437e-01
9.499999999999999556e-01 9.494000000000000217e-01
9.500999999999999446e-01 9.495000000000000107e-01
9.497999999999999776e-01 9.498999999999999666e-01
9.498999999999999666e-01 9.498999999999999666e-01
9.495000000000000107e-01 9.497999999999999776e-01
9.498999999999999666e-01 9.508999999999999675e-01
9.497999999999999776e-01 9.506999999999999895e-01
9.498999999999999666e-01 9.503000000000000336e-01
9.498999999999999666e-01 9.509999999999999565e-01
9.502000000000000446e-01 9.495999999999999996e-01
9.500999999999999446e-01 9.488999999999999657e-01
9.502000000000000446e-01 9.488999999999999657e-01
9.502000000000000446e-01 9.486999999999999877e-01
9.503000000000000336e-01 9.497999999999999776e-01
9.505000000000000115e-01 9.503000000000000336e-01
9.498999999999999666e-01 9.497999999999999776e-01
9.497999999999999776e-01 9.498999999999999666e-01
9.497999999999999776e-01 9.503000000000000336e-01
9.499999999999999556e-01 9.493000000000000327e-01
9.503000000000000336e-01 9.495000000000000107e-01
9.500999999999999446e-01 9.493000000000000327e-01
9.496999999999999886e-01 9.493000000000000327e-01
9.497999999999999776e-01 9.485999999999999988e-01
9.498999999999999666e-01 9.497999999999999776e-01
9.499999999999999556e-01 9.492000000000000437e-01
9.498999999999999666e-01 9.500999999999999446e-01
9.500999999999999446e-01 9.495999999999999996e-01
9.502000000000000446e-01 9.499999999999999556e-01
9.500999999999999446e-01 9.502000000000000446e-01
9.500999999999999446e-01 9.495000000000000107e-01
9.502000000000000446e-01 9.495000000000000107e-01
9.500999999999999446e-01 9.500999999999999446e-01
9.497999999999999776e-01 9.506000000000000005e-01
9.494000000000000217e-01 9.510999999999999455e-01
9.491000000000000547e-01 9.510999999999999455e-01
9.497999999999999776e-01 9.504000000000000226e-01
9.497999999999999776e-01 9.502000000000000446e-01
9.495999999999999996e-01 9.500999999999999446e-01
9.500999999999999446e-01 9.506999999999999895e-01
9.497999999999999776e-01 9.504000000000000226e-01
9.495999999999999996e-01 9.500999999999999446e-01
9.493000000000000327e-01 9.495999999999999996e-01
9.491000000000000547e-01 9.498999999999999666e-01
9.495000000000000107e-01 9.497999999999999776e-01
9.497999999999999776e-01 9.500999999999999446e-01
9.495999999999999996e-01 9.497999999999999776e-01
9.495000000000000107e-01 9.498999999999999666e-01
9.495999999999999996e-01 9.513000000000000345e-01
9.495000000000000107e-01 9.504000000000000226e-01
9.498999999999999666e-01 9.514000000000000234e-01
9.495999999999999996e-01 9.517999999999999794e-01
9.495999999999999996e-01 9.502000000000000446e-01
9.496999999999999886e-01 9.499999999999999556e-01
9.498999999999999666e-01 9.499999999999999556e-01
9.497999999999999776e-01 9.499999999999999556e-01
9.495999999999999996e-01 9.500999999999999446e-01
9.495999999999999996e-01 9.494000000000000217e-01
9.496999999999999886e-01 9.509999999999999565e-01
9.494000000000000217e-01 9.513000000000000345e-01
9.489999999999999547e-01 9.514000000000000234e-01
9.489999999999999547e-01 9.508999999999999675e-01
9.487999999999999767e-01 9.504000000000000226e-01
9.486999999999999877e-01 9.508999999999999675e-01
9.486999999999999877e-01 9.508999999999999675e-01
9.488999999999999657e-01 9.504000000000000226e-01
9.489999999999999547e-01 9.493000000000000327e-01
9.492000000000000437e-01 9.496999999999999886e-01
9.495000000000000107e-01 9.504000000000000226e-01
9.487999999999999767e-01 9.497999999999999776e-01
9.488999999999999657e-01 9.505000000000000115e-01
9.486999999999999877e-01 9.506999999999999895e-01
9.488999999999999657e-01 9.499999999999999556e-01
9.488999999999999657e-01 9.506000000000000005e-01
9.488999999999999657e-01 9.502000000000000446e-01
9.492000000000000437e-01 9.502000000000000446e-01
9.489999999999999547e-01 9.513000000000000345e-01
9.492000000000000437e-01 9.518999999999999684e-01
9.491000000000000547e-01 9.506000000000000005e-01
9.488999999999999657e-01 9.506999999999999895e-01
9.486999999999999877e-01 9.504000000000000226e-01
9.486999999999999877e-01 9.504000000000000226e-01
9.486999999999999877e-01 9.497999999999999776e-01
9.494000000000000217e-01 9.497999999999999776e-01
9.495000000000000107e-01 9.495000000000000107e-01
9.493000000000000327e-01 9.494000000000000217e-01
9.489999999999999547e-01 9.497999999999999776e-01
9.489999999999999547e-01 9.507999999999999785e-01
9.493000000000000327e-01 9.500999999999999446e-01
9.491000000000000547e-01 9.515000000000000124e-01
9.491000000000000547e-01 9.515000000000000124e-01
9.492000000000000437e-01 9.507999999999999785e-01
9.488999999999999657e-01 9.512000000000000455e-01
9.487999999999999767e-01 9.506000000000000005e-01
9.487999999999999767e-01 9.516000000000000014e-01
9.486999999999999877e-01 9.509999999999999565e-01
9.485000000000000098e-01 9.506000000000000005e-01
9.483000000000000318e-01 9.506999999999999895e-01
9.477999999999999758e-01 9.500999999999999446e-01
9.478999999999999648e-01 9.504000000000000226e-01
9.478999999999999648e-01 9.506000000000000005e-01
9.482000000000000428e-01 9.504000000000000226e-01
9.484000000000000208e-01 9.494000000000000217e-01
9.482000000000000428e-01 9.494000000000000217e-01
9.481000000000000538e-01 9.486999999999999877e-01
9.482000000000000428e-01 9.487999999999999767e-01
9.481000000000000538e-01 9.483000000000000318e-01
9.481000000000000538e-01 9.485999999999999988e-01
9.484000000000000208e-01 9.486999999999999877e-01
9.477999999999999758e-01 9.492000000000000437e-01
9.481000000000000538e-01 9.475999999999999979e-01
9.481000000000000538e-01 9.489999999999999547e-01
9.481000000000000538e-01 9.494000000000000217e-01
9.486999999999999877e-01 9.496999999999999886e-01
9.482000000000000428e-01 9.495999999999999996e-01
9.481000000000000538e-01 9.500999999999999446e-01
9.478999999999999648e-01 9.494000000000000217e-01
9.479999999999999538e-01 9.505000000000000115e-01
9.479999999999999538e-01 9.504000000000000226e-01
9.479999999999999538e-01 9.486999999999999877e-01
9.479999999999999538e-01 9.494000000000000217e-01
9.478999999999999648e-01 9.496999999999999886e-01
9.477999999999999758e-01 9.492000000000000437e-01
9.483000000000000318e-01 9.492000000000000437e-01
9.482000000000000428e-01 9.484000000000000208e-01
9.482000000000000428e-01 9.484000000000000208e-01
9.479999999999999538e-01 9.485999999999999988e-01
9.479999999999999538e-01 9.484000000000000208e-01
9.475999999999999979e-01 9.489999999999999547e-01
9.481000000000000538e-01 9.486999999999999877e-01
9.481000000000000538e-01 9.485000000000000098e-01
9.485000000000000098e-01 9.477999999999999758e-01
9.485000000000000098e-01 9.487999999999999767e-01
9.485999999999999988e-01 9.487999999999999767e-01
9.485000000000000098e-01 9.493000000000000327e-01
9.485000000000000098e-01 9.495000000000000107e-01
9.482000000000000428e-01 9.493000000000000327e-01
9.482000000000000428e-01 9.488999999999999657e-01
9.483000000000000318e-01 9.482000000000000428e-01
9.484000000000000208e-01 9.492000000000000437e-01
9.483000000000000318e-01 9.492000000000000437e-01
9.479999999999999538e-01 9.488999999999999657e-01
9.485000000000000098e-01 9.478999999999999648e-01
9.479999999999999538e-01 9.491000000000000547e-01
9.482000000000000428e-01 9.485999999999999988e-01
9.483000000000000318e-01 9.496999999999999886e-01
9.476999999999999869e-01 9.497999999999999776e-01
9.478999999999999648e-01 9.506000000000000005e-01
9.476999999999999869e-01 9.495000000000000107e-01
9.477999999999999758e-01 9.498999999999999666e-01
9.475000000000000089e-01 9.506000000000000005e-01
9.475000000000000089e-01 9.498999999999999666e-01
9.473000000000000309e-01 9.502000000000000446e-01
9.476999999999999869e-01 9.502000000000000446e-01
9.475999999999999979e-01 9.495999999999999996e-01
9.476999999999999869e-01 9.499999999999999556e-01
9.476999999999999869e-01 9.513000000000000345e-01
9.476999999999999869e-01 9.516999999999999904e-01
9.476999999999999869e-01 9.516999999999999904e-01
9.478999999999999648e-01 9.510999999999999455e-01
9.474000000000000199e-01 9.513000000000000345e-01
9.474000000000000199e-01 9.505000000000000115e-01
9.473000000000000309e-01 9.506000000000000005e-01
9.476999999999999869e-01 9.499999999999999556e-01
9.475999999999999979e-01 9.514000000000000234e-01
9.471000000000000529e-01 9.498999999999999666e-01
9.474000000000000199e-01 9.499999999999999556e-01
9.474000000000000199e-01 9.497999999999999776e-01
9.474000000000000199e-01 9.496999999999999886e-01
9.472000000000000419e-01 9.486999999999999877e-01
9.472000000000000419e-01 9.495999999999999996e-01
9.469999999999999529e-01 9.484000000000000208e-01
9.467999999999999750e-01 9.488999999999999657e-01
9.467999999999999750e-01 9.485000000000000098e-01
9.467999999999999750e-01 9.483000000000000318e-01
9.472000000000000419e-01 9.477999999999999758e-01
9.468999999999999639e-01 9.486999999999999877e-01
9.469999999999999529e-01 9.491000000000000547e-01
9.466999999999999860e-01 9.483000000000000318e-01
9.467999999999999750e-01 9.485999999999999988e-01
9.466999999999999860e-01 9.483000000000000318e-01
9.465999999999999970e-01 9.482000000000000428e-01
9.465000000000000080e-01 9.484000000000000208e-01
9.465000000000000080e-01 9.491000000000000547e-01
9.464000000000000190e-01 9.493000000000000327e-01
9.465000000000000080e-01 9.496999999999999886e-01
9.464000000000000190e-01 9.492000000000000437e-01
9.465999999999999970e-01 9.495999999999999996e-01
9.465000000000000080e-01 9.496999999999999886e-01
9.464000000000000190e-01 9.503000000000000336e-01
9.459999999999999520e-01 9.500999999999999446e-01
9.461000000000000520e-01 9.500999999999999446e-01
9.465000000000000080e-01 9.506000000000000005e-01
9.464000000000000190e-01 9.503000000000000336e-01
9.464000000000000190e-01 9.488999999999999657e-01
9.467999999999999750e-01 9.495000000000000107e-01
9.471000000000000529e-01 9.496999999999999886e-01
9.467999999999999750e-01 9.484000000000000208e-01
9.467999999999999750e-01 9.495000000000000107e-01
9.467999999999999750e-01 9.484000000000000208e-01
9.467999999999999750e-01 9.492000000000000437e-01
9.468999999999999639e-01 9.495999999999999996e-01
9.467999999999999750e-01 9.491000000000000547e-01
9.468999999999999639e-01 9.488999999999999657e-01
9.467999999999999750e-01 9.487999999999999767e-01
9.466999999999999860e-01 9.485999999999999988e-01
9.465000000000000080e-01 9.489999999999999547e-01
9.463000000000000300e-01 9.486999999999999877e-01
9.463000000000000300e-01 9.492000000000000437e-01
9.465000000000000080e-01 9.493000000000000327e-01
9.464000000000000190e-01 9.479999999999999538e-01
9.464000000000000190e-01 9.486999999999999877e-01
9.463000000000000300e-01 9.484000000000000208e-01
9.464000000000000190e-01 9.482000000000000428e-01
9.465000000000000080e-01 9.485000000000000098e-01
9.465000000000000080e-01 9.479999999999999538e-01
9.463000000000000300e-01 9.484000000000000208e-01
9.461000000000000520e-01 9.482000000000000428e-01
9.465999999999999970e-01 9.495000000000000107e-01
9.465999999999999970e-01 9.497999999999999776e-01
9.465999999999999970e-01 9.496999999999999886e-01
9.464000000000000190e-01 9.500999999999999446e-01
9.464000000000000190e-01 9.500999999999999446e-01
9.462000000000000410e-01 9.495000000000000107e-01
9.461000000000000520e-01 9.496999999999999886e-01
9.463000000000000300e-01 9.495000000000000107e-01
9.462000000000000410e-01 9.499999999999999556e-01
9.464000000000000190e-01 9.498999999999999666e-01
9.465000000000000080e-01 9.492000000000000437e-01
9.465000000000000080e-01 9.500999999999999446e-01
9.464000000000000190e-01 9.493000000000000327e-01
9.464000000000000190e-01 9.495000000000000107e-01
9.461000000000000520e-01 9.495999999999999996e-01
9.458999999999999631e-01 9.500999999999999446e-01
9.457999999999999741e-01 9.503000000000000336e-01
9.456999999999999851e-01 9.503000000000000336e-01
9.457999999999999741e-01 9.507999999999999785e-01
9.458999999999999631e-01 9.507999999999999785e-01
9.456999999999999851e-01 9.510999999999999455e-01
9.456999999999999851e-01 9.506999999999999895e-01
9.455999999999999961e-01 9.506999999999999895e-01
9.452000000000000401e-01 9.506000000000000005e-01
9.452000000000000401e-01 9.510999999999999455e-01
9.454000000000000181e-01 9.516000000000000014e-01
9.455000000000000071e-01 9.515000000000000124e-01
9.455000000000000071e-01 9.508999999999999675e-01
9.457999999999999741e-01 9.502000000000000446e-01
9.457999999999999741e-01 9.502000000000000446e-01
9.457999999999999741e-01 9.503000000000000336e-01
9.455000000000000071e-01 9.509999999999999565e-01
9.458999999999999631e-01 9.506000000000000005e-01
9.455000000000000071e-01 9.509999999999999565e-01
9.457999999999999741e-01 9.507999999999999785e-01
9.456999999999999851e-01 9.507999999999999785e-01
9.459999999999999520e-01 9.506999999999999895e-01
9.458999999999999631e-01 9.513000000000000345e-01
9.459999999999999520e-01 9.515000000000000124e-01
9.458999999999999631e-01 9.513000000000000345e-01
9.461000000000000520e-01 9.508999999999999675e-01
9.459999999999999520e-01 9.512000000000000455e-01
9.455999999999999961e-01 9.508999999999999675e-01
9.456999999999999851e-01 9.516999999999999904e-01
9.456999999999999851e-01 9.510999999999999455e-01
9.456999999999999851e-01 9.509999999999999565e-01
9.455000000000000071e-01 9.504000000000000226e-01
9.455000000000000071e-01 9.509999999999999565e-01
9.451000000000000512e-01 9.515000000000000124e-01
9.451000000000000512e-01 9.516999999999999904e-01
9.449999999999999512e-01 9.509999999999999565e-01
9.452000000000000401e-01 9.509999999999999565e-01
9.452000000000000401e-01 9.504000000000000226e-01
9.455999999999999961e-01 9.513000000000000345e-01
9.453000000000000291e-01 9.517999999999999794e-01
9.451000000000000512e-01 9.506000000000000005e-01
9.449999999999999512e-01 9.514000000000000234e-01
9.448999999999999622e-01 9.514000000000000234e-01
9.451000000000000512e-01 9.507999999999999785e-01
9.451000000000000512e-01 9.512000000000000455e-01
9.453000000000000291e-01 9.516000000000000014e-01
9.446999999999999842e-01 9.510999999999999455e-01
9.447999999999999732e-01 9.505000000000000115e-01
9.445999999999999952e-01 9.513000000000000345e-01
9.447999999999999732e-01 9.513000000000000345e-01
9.447999999999999732e-01 9.514000000000000234e-01
9.445000000000000062e-01 9.510999999999999455e-01
9.445999999999999952e-01 9.507999999999999785e-01
9.445999999999999952e-01 9.507999999999999785e-01
9.446999999999999842e-01 9.505000000000000115e-01
9.445999999999999952e-01 9.498999999999999666e-01
9.446999999999999842e-01 9.499999999999999556e-01
9.445000000000000062e-01 9.508999999999999675e-01
9.443000000000000282e-01 9.504000000000000226e-01
9.445999999999999952e-01 9.498999999999999666e-01
9.447999999999999732e-01 9.507999999999999785e-01
9.445000000000000062e-01 9.500999999999999446e-01
9.445000000000000062e-01 9.494000000000000217e-01
9.445000000000000062e-01 9.494000000000000217e-01
9.445999999999999952e-01 9.491000000000000547e-01
9.447999999999999732e-01 9.489999999999999547e-01
9.446999999999999842e-01 9.496999999999999886e-01
9.451000000000000512e-01 9.495000000000000107e-01
9.451000000000000512e-01 9.503000000000000336e-01
9.449999999999999512e-01 9.502000000000000446e-01
9.449999999999999512e-01 9.509999999999999565e-01
9.445999999999999952e-01 9.495999999999999996e-01
9.447999999999999732e-01 9.497999999999999776e-01
9.447999999999999732e-01 9.503000000000000336e-01
9.447999999999999732e-01 9.502000000000000446e-01
9.451000000000000512e-01 9.504000000000000226e-01
9.451000000000000512e-01 9.497999999999999776e-01
9.452000000000000401e-01 9.507999999999999785e-01
9.453000000000000291e-01 9.502000000000000446e-01
9.455000000000000071e-01 9.495999999999999996e-01
9.455999999999999961e-01 9.487999999999999767e-01
9.454000000000000181e-01 9.491000000000000547e-01
9.454000000000000181e-01 9.497999999999999776e-01
9.453000000000000291e-01 9.491000000000000547e-01
9.453000000000000291e-01 9.495000000000000107e-01
9.451000000000000512e-01 9.492000000000000437e-01
9.451000000000000512e-01 9.503000000000000336e-01
9.452000000000000401e-01 9.497999999999999776e-01
9.453000000000000291e-01 9.503000000000000336e-01
9.452000000000000401e-01 9.500999999999999446e-01
9.449999999999999512e-01 9.506999999999999895e-01
9.451000000000000512e-01 9.503000000000000336e-01
9.449999999999999512e-01 9.506000000000000005e-01
9.451000000000000512e-01 9.495999999999999996e-01
9.453000000000000291e-01 9.506000000000000005e-01
9.452000000000000401e-01 9.506999999999999895e-01
9.454000000000000181e-01 9.513000000000000345e-01
9.451000000000000512e-01 9.506999999999999895e-01
9.453000000000000291e-01 9.500999999999999446e-01
9.453000000000000291e-01 9.498999999999999666e-01
9.446999999999999842e-01 9.502000000000000446e-01
9.449999999999999512e-01 9.495999999999999996e-01
9.451000000000000512e-01 9.492000000000000437e-01
9.453000000000000291e-01 9.495999999999999996e-01
9.447999999999999732e-01 9.495000000000000107e-01
9.449999999999999512e-01 9.489999999999999547e-01
9.445999999999999952e-01 9.491000000000000547e-01
9.448999999999999622e-01 9.477999999999999758e-01
9.447999999999999732e-01 9.482000000000000428e-01
9.445999999999999952e-01 9.482000000000000428e-01
9.446999999999999842e-01 9.488999999999999657e-01
9.448999999999999622e-01 9.495000000000000107e-01
9.449999999999999512e-01 9.493000000000000327e-01
9.446999999999999842e-01 9.488999999999999657e-01
9.448999999999999622e-01 9.491000000000000547e-01
9.444000000000000172e-01 9.493000000000000327e-01
9.448999999999999622e-01 9.491000000000000547e-01
9.449999999999999512e-01 9.488999999999999657e-01
9.452000000000000401e-01 9.485999999999999988e-01
9.451000000000000512e-01 9.491000000000000547e-01
9.448999999999999622e-01 9.496999999999999886e-01
9.449999999999999512e-01 9.492000000000000437e-01
9.448999999999999622e-01 9.488999999999999657e-01
9.447999999999999732e-01 9.491000000000000547e-01
9.446999999999999842e-01 9.498999999999999666e-01
9.446999999999999842e-01 9.489999999999999547e-01
9.447999999999999732e-01 9.502000000000000446e-01
9.449999999999999512e-01 9.504000000000000226e-01
9.449999999999999512e-01 9.514000000000000234e-01
9.448999999999999622e-01 9.507999999999999785e-01
9.448999999999999622e-01 9.510999999999999455e-01
9.446999999999999842e-01 9.519999999999999574e-01
9.445999999999999952e-01 9.525000000000000133e-01
9.446999999999999842e-01 9.526999999999999913e-01
9.451000000000000512e-01 9.522000000000000464e-01
9.449999999999999512e-01 9.514000000000000234e-01
9.448999999999999622e-01 9.512000000000000455e-01
9.451000000000000512e-01 9.516999999999999904e-01
9.449999999999999512e-01 9.506999999999999895e-01
9.449999999999999512e-01 9.507999999999999785e-01
9.449999999999999512e-01 9.500999999999999446e-01
9.445000000000000062e-01 9.502000000000000446e-01
9.443000000000000282e-01 9.504000000000000226e-01
9.442000000000000393e-01 9.506000000000000005e-01
9.444000000000000172e-01 9.509999999999999565e-01
9.442000000000000393e-01 9.505000000000000115e-01
9.442000000000000393e-01 9.505000000000000115e-01
9.438999999999999613e-01 9.506000000000000005e-01
9.437999999999999723e-01 9.496999999999999886e-01
9.441000000000000503e-01 9.505000000000000115e-01
9.444000000000000172e-01 9.495999999999999996e-01
9.444000000000000172e-01 9.506999999999999895e-01
9.445000000000000062e-01 9.498999999999999666e-01
9.444000000000000172e-01 9.496999999999999886e-01
9.445000000000000062e-01 9.494000000000000217e-01
9.446999999999999842e-01 9.505000000000000115e-01
9.446999999999999842e-01 9.507999999999999785e-01
9.445999999999999952e-01 9.505000000000000115e-01
9.446999999999999842e-01 9.504000000000000226e-01
9.445999999999999952e-01 9.499999999999999556e-01
9.445999999999999952e-01 9.505000000000000115e-01
9.444000000000000172e-01 9.506000000000000005e-01
9.444000000000000172e-01 9.509999999999999565e-01
9.445000000000000062e-01 9.499999999999999556e-01
9.445999999999999952e-01 9.500999999999999446e-01
9.445999999999999952e-01 9.503000000000000336e-01
9.445999999999999952e-01 9.506000000000000005e-01
9.444000000000000172e-01 9.500999999999999446e-01
9.443000000000000282e-01 9.508999999999999675e-01
9.443000000000000282e-01 9.508999999999999675e-01
9.445000000000000062e-01 9.507999999999999785e-01
9.445999999999999952e-01 9.506999999999999895e-01
9.446999999999999842e-01 9.506999999999999895e-01
9.446999999999999842e-01 9.516000000000000014e-01
9.448999999999999622e-01 9.498999999999999666e-01
9.448999999999999622e-01 9.503000000000000336e-01
9.449999999999999512e-01 9.503000000000000336e-01
9.451000000000000512e-01 9.500999999999999446e-01
9.447999999999999732e-01 9.495000000000000107e-01
9.447999999999999732e-01 9.500999999999999446e-01
9.448999999999999622e-01 9.502000000000000446e-01
9.447999999999999732e-01 9.509999999999999565e-01
9.447999999999999732e-01 9.506999999999999895e-01
9.447999999999999732e-01 9.509999999999999565e-01
9.447999999999999732e-01 9.506000000000000005e-01
9.445999999999999952e-01 9.510999999999999455e-01
9.448999999999999622e-01 9.508999999999999675e-01
9.451000000000000512e-01 9.506000000000000005e-01
9.449999999999999512e-01 9.496999999999999886e-01
9.446999999999999842e-01 9.496999999999999886e-01
9.445000000000000062e-01 9.498999999999999666e-01
9.445000000000000062e-01 9.498999999999999666e-01
9.443000000000000282e-01 9.494000000000000217e-01
9.445999999999999952e-01 9.494000000000000217e-01
9.449999999999999512e-01 9.495000000000000107e-01
9.447999999999999732e-01 9.496999999999999886e-01
9.446999999999999842e-01 9.492000000000000437e-01
9.442000000000000393e-01 9.495000000000000107e-01
9.443000000000000282e-01 9.493000000000000327e-01
9.444000000000000172e-01 9.493000000000000327e-01
9.443000000000000282e-01 9.495999999999999996e-01
9.444000000000000172e-01 9.508999999999999675e-01
9.445000000000000062e-01 9.506000000000000005e-01
9.444000000000000172e-01 9.510999999999999455e-01
9.443000000000000282e-01 9.506999999999999895e-01
9.443000000000000282e-01 9.506000000000000005e-01
9.441000000000000503e-01 9.508999999999999675e-01
9.442000000000000393e-01 9.500999999999999446e-01
9.442000000000000393e-01 9.499999999999999556e-01
9.443000000000000282e-01 9.498999999999999666e-01
9.445999999999999952e-01 9.506000000000000005e-01
9.445999999999999952e-01 9.499999999999999556e-01
9.446999999999999842e-01 9.500999999999999446e-01
9.445999999999999952e-01 9.496999999999999886e-01
9.445000000000000062e-01 9.487999999999999767e-01
9.447999999999999732e-01 9.489999999999999547e-01
9.448999999999999622e-01 9.494000000000000217e-01
9.451000000000000512e-01 9.498999999999999666e-01
9.451000000000000512e-01 9.498999999999999666e-01
9.449999999999999512e-01 9.492000000000000437e-01
9.446999999999999842e-01 9.495000000000000107e-01
9.449999999999999512e-01 9.491000000000000547e-01
9.447999999999999732e-01 9.493000000000000327e-01
9.446999999999999842e-01 9.494000000000000217e-01
9.445000000000000062e-01 9.493000000000000327e-01
9.446999999999999842e-01 9.491000000000000547e-01
9.445999999999999952e-01 9.493000000000000327e-01
9.446999999999999842e-01 9.492000000000000437e-01
9.446999999999999842e-01 9.496999999999999886e-01
9.445000000000000062e-01 9.487999999999999767e-01
9.443000000000000282e-01 9.496999999999999886e-01
9.444000000000000172e-01 9.492000000000000437e-01
9.443000000000000282e-01 9.486999999999999877e-01
9.444000000000000172e-01 9.497999999999999776e-01
9.444000000000000172e-01 9.493000000000000327e-01
9.443000000000000282e-01 9.492000000000000437e-01
9.443000000000000282e-01 9.492000000000000437e-01
9.445000000000000062e-01 9.485999999999999988e-01
9.445999999999999952e-01 9.487999999999999767e-01
9.446999999999999842e-01 9.492000000000000437e-01
9.445999999999999952e-01 9.485000000000000098e-01
9.444000000000000172e-01 9.483000000000000318e-01
9.444000000000000172e-01 9.481000000000000538e-01
9.443000000000000282e-01 9.487999999999999767e-01
9.445000000000000062e-01 9.489999999999999547e-01
9.446999999999999842e-01 9.483000000000000318e-01
9.445000000000000062e-01 9.483000000000000318e-01
9.443000000000000282e-01 9.484000000000000208e-01
9.441000000000000503e-01 9.482000000000000428e-01
9.443000000000000282e-01 9.491000000000000547e-01
9.443000000000000282e-01 9.489999999999999547e-01
9.441000000000000503e-01 9.486999999999999877e-01
9.442000000000000393e-01 9.495000000000000107e-01
9.442000000000000393e-01 9.495999999999999996e-01
9.441000000000000503e-01 9.495999999999999996e-01
9.445000000000000062e-01 9.500999999999999446e-01
9.445000000000000062e-01 9.496999999999999886e-01
9.444000000000000172e-01 9.489999999999999547e-01
9.441000000000000503e-01 9.497999999999999776e-01
9.444000000000000172e-01 9.503000000000000336e-01
9.445000000000000062e-01 9.495999999999999996e-01
9.444000000000000172e-01 9.499999999999999556e-01
9.447999999999999732e-01 9.496999999999999886e-01
9.447999999999999732e-01 9.502000000000000446e-01
9.446999999999999842e-01 9.504000000000000226e-01
9.446999999999999842e-01 9.498999999999999666e-01
9.445000000000000062e-01 9.502000000000000446e-01
9.447999999999999732e-01 9.504000000000000226e-01
9.448999999999999622e-01 9.496999999999999886e-01
9.445999999999999952e-01 9.505000000000000115e-01
9.445999999999999952e-01 9.488999999999999657e-01
9.445999999999999952e-01 9.500999999999999446e-01
9.446999999999999842e-01 9.495999999999999996e-01
9.445999999999999952e-01 9.488999999999999657e-01
9.445999999999999952e-01 9.491000000000000547e-01
9.448999999999999622e-01 9.492000000000000437e-01
9.448999999999999622e-01 9.491000000000000547e-01
9.453000000000000291e-01 9.481000000000000538e-01
9.451000000000000512e-01 9.482000000000000428e-01
9.448999999999999622e-01 9.473000000000000309e-01
9.449999999999999512e-01 9.485000000000000098e-01
9.452000000000000401e-01 9.478999999999999648e-01
9.453000000000000291e-01 9.481000000000000538e-01
9.455000000000000071e-01 9.473000000000000309e-01
9.453000000000000291e-01 9.478999999999999648e-01
9.452000000000000401e-01 9.489999999999999547e-01
9.454000000000000181e-01 9.485999999999999988e-01
9.453000000000000291e-01 9.491000000000000547e-01
9.454000000000000181e-01 9.492000000000000437e-01
9.454000000000000181e-01 9.489999999999999547e-01
9.452000000000000401e-01 9.489999999999999547e-01
9.454000000000000181e-01 9.488999999999999657e-01
9.454000000000000181e-01 9.486999999999999877e-01
9.452000000000000401e-01 9.491000000000000547e-01
9.454000000000000181e-01 9.485000000000000098e-01
9.455000000000000071e-01 9.486999999999999877e-01
9.452000000000000401e-01 9.489999999999999547e-01
9.452000000000000401e-01 9.493000000000000327e-01
9.452000000000000401e-01 9.493000000000000327e-01
9.452000000000000401e-01 9.489999999999999547e-01
9.452000000000000401e-01 9.495999999999999996e-01
9.451000000000000512e-01 9.492000000000000437e-01
9.453000000000000291e-01 9.494000000000000217e-01
9.452000000000000401e-01 9.493000000000000327e-01
9.446999999999999842e-01 9.487999999999999767e-01
9.448999999999999622e-01 9.489999999999999547e-01
9.448999999999999622e-01 9.479999999999999538e-01
9.445999999999999952e-01 9.489999999999999547e-01
9.446999999999999842e-01 9.485000000000000098e-01
9.446999999999999842e-01 9.484000000000000208e-01
9.446999999999999842e-01 9.488999999999999657e-01
9.445999999999999952e-01 9.497999999999999776e-01
9.445000000000000062e-01 9.495000000000000107e-01
9.445999999999999952e-01 9.496999999999999886e-01
9.445000000000000062e-01 9.488999999999999657e-01
9.446999999999999842e-01 9.489999999999999547e-01
9.446999999999999842e-01 9.484000000000000208e-01
9.447999999999999732e-01 9.491000000000000547e-01
9.448999999999999622e-01 9.487999999999999767e-01
9.449999999999999512e-01 9.495999999999999996e-01
9.454000000000000181e-01 9.495000000000000107e-01
9.452000000000000401e-01 9.494000000000000217e-01
9.452000000000000401e-01 9.491000000000000547e-01
9.453000000000000291e-01 9.495999999999999996e-01
9.453000000000000291e-01 9.498999999999999666e-01
9.453000000000000291e-01 9.496999999999999886e-01
9.451000000000000512e-01 9.496999999999999886e-01
9.449999999999999512e-01 9.491000000000000547e-01
9.448999999999999622e-01 9.493000000000000327e-01
9.448999999999999622e-01 9.498999999999999666e-01
9.451000000000000512e-01 9.495000000000000107e-01
9.453000000000000291e-01 9.497999999999999776e-01
9.447999999999999732e-01 9.498999999999999666e-01
9.447999999999999732e-01 9.504000000000000226e-01
9.445999999999999952e-01 9.504000000000000226e-01
9.448999999999999622e-01 9.495999999999999996e-01
9.448999999999999622e-01 9.495000000000000107e-01
9.449999999999999512e-01 9.493000000000000327e-01
9.449999999999999512e-01 9.498999999999999666e-01
9.449999999999999512e-01 9.495000000000000107e-01
9.452000000000000401e-01 9.498999999999999666e-01
9.448999999999999622e-01 9.499999999999999556e-01
9.448999999999999622e-01 9.509999999999999565e-01
9.448999999999999622e-01 9.502000000000000446e-01
9.447999999999999732e-01 9.509999999999999565e-01
9.448999999999999622e-01 9.516000000000000014e-01
9.448999999999999622e-01 9.513000000000000345e-01
9.445999999999999952e-01 9.519999999999999574e-01
9.447999999999999732e-01 9.519999999999999574e-01
9.446999999999999842e-01 9.516999999999999904e-01
9.447999999999999732e-01 9.525000000000000133e-01
9.451000000000000512e-01 9.524000000000000243e-01
9.448999999999999622e-01 9.522000000000000464e-01
9.447999999999999732e-01 9.514000000000000234e-01
9.452000000000000401e-01 9.514000000000000234e-01
9.452000000000000401e-01 9.523000000000000353e-01
9.449999999999999512e-01 9.518999999999999684e-01
9.451000000000000512e-01 9.509999999999999565e-01
9.453000000000000291e-01 9.510999999999999455e-01
9.451000000000000512e-01 9.508999999999999675e-01
9.455000000000000071e-01 9.516999999999999904e-01
9.454000000000000181e-01 9.514000000000000234e-01
9.455000000000000071e-01 9.508999999999999675e-01
9.454000000000000181e-01 9.505000000000000115e-01
9.453000000000000291e-01 9.506000000000000005e-01
9.454000000000000181e-01 9.500999999999999446e-01
9.452000000000000401e-01 9.500999999999999446e-01
9.452000000000000401e-01 9.508999999999999675e-01
9.452000000000000401e-01 9.515000000000000124e-01
9.452000000000000401e-01 9.514000000000000234e-01
9.448999999999999622e-01 9.516999999999999904e-01
9.446999999999999842e-01 9.509999999999999565e-01
9.447999999999999732e-01 9.503000000000000336e-01
9.448999999999999622e-01 9.506000000000000005e-01
9.448999999999999622e-01 9.510999999999999455e-01
9.452000000000000401e-01 9.506000000000000005e-01
9.454000000000000181e-01 9.506999999999999895e-01
9.452000000000000401e-01 9.499999999999999556e-01
9.453000000000000291e-01 9.510999999999999455e-01
9.449999999999999512e-01 9.508999999999999675e-01
9.448999999999999622e-01 9.505000000000000115e-01
9.451000000000000512e-01 9.506000000000000005e-01
9.448999999999999622e-01 9.516000000000000014e-01
9.454000000000000181e-01 9.512000000000000455e-01
9.454000000000000181e-01 9.507999999999999785e-01
9.454000000000000181e-01 9.510999999999999455e-01
9.454000000000000181e-01 9.515000000000000124e-01
9.455999999999999961e-01 9.513000000000000345e-01
9.455000000000000071e-01 9.504000000000000226e-01
9.453000000000000291e-01 9.504000000000000226e-01
9.454000000000000181e-01 9.493000000000000327e-01
9.455000000000000071e-01 9.499999999999999556e-01
9.454000000000000181e-01 9.503000000000000336e-01
9.453000000000000291e-01 9.498999999999999666e-01
9.453000000000000291e-01 9.508999999999999675e-01
9.454000000000000181e-01 9.505000000000000115e-01
9.452000000000000401e-01 9.514000000000000234e-01
9.453000000000000291e-01 9.506000000000000005e-01
9.454000000000000181e-01 9.508999999999999675e-01
9.453000000000000291e-01 9.507999999999999785e-01
9.451000000000000512e-01 9.510999999999999455e-01
9.448999999999999622e-01 9.500999999999999446e-01
9.448999999999999622e-01 9.504000000000000226e-01
9.449999999999999512e-01 9.505000000000000115e-01
9.446999999999999842e-01 9.495000000000000107e-01
9.448999999999999622e-01 9.498999999999999666e-01
9.447999999999999732e-01 9.496999999999999886e-01
9.446999999999999842e-01 9.497999999999999776e-01
9.447999999999999732e-01 9.495999999999999996e-01
9.448999999999999622e-01 9.498999999999999666e-01
9.445999999999999952e-01 9.503000000000000336e-01
9.446999999999999842e-01 9.502000000000000446e-01
9.446999999999999842e-01 9.496999999999999886e-01
9.445000000000000062e-01 9.498999999999999666e-01
9.443000000000000282e-01 9.499999999999999556e-01
9.444000000000000172e-01 9.499999999999999556e-01
9.444000000000000172e-01 9.488999999999999657e-01
9.441000000000000503e-01 9.497999999999999776e-01
9.439999999999999503e-01 9.499999999999999556e-01
9.441000000000000503e-01 9.495999999999999996e-01
9.443000000000000282e-01 9.488999999999999657e-01
9.442000000000000393e-01 9.493000000000000327e-01
9.445000000000000062e-01 9.492000000000000437e-01
9.443000000000000282e-01 9.495999999999999996e-01
9.445999999999999952e-01 9.496999999999999886e-01
9.446999999999999842e-01 9.491000000000000547e-01
9.445999999999999952e-01 9.482000000000000428e-01
9.444000000000000172e-01 9.474000000000000199e-01
9.443000000000000282e-01 9.468999999999999639e-01
9.445999999999999952e-01 9.469999999999999529e-01
9.445000000000000062e-01 9.476999999999999869e-01
9.445999999999999952e-01 9.473000000000000309e-01
9.446999999999999842e-01 9.474000000000000199e-01
9.446999999999999842e-01 9.478999999999999648e-01
9.446999999999999842e-01 9.475999999999999979e-01
9.446999999999999842e-01 9.475999999999999979e-01
9.446999999999999842e-01 9.483000000000000318e-01
9.445000000000000062e-01 9.481000000000000538e-01
9.446999999999999842e-01 9.479999999999999538e-01
9.446999999999999842e-01 9.484000000000000208e-01
9.446999999999999842e-01 9.486999999999999877e-01
9.447999999999999732e-01 9.488999999999999657e-01
9.446999999999999842e-01 9.487999999999999767e-01
9.446999999999999842e-01 9.496999999999999886e-01
9.449999999999999512e-01 9.492000000000000437e-01
9.451000000000000512e-01 9.491000000000000547e-01
9.447999999999999732e-01 9.494000000000000217e-01
9.447999999999999732e-01 9.497999999999999776e-01
9.449999999999999512e-01 9.496999999999999886e-01
9.449999999999999512e-01 9.495000000000000107e-01
9.447999999999999732e-01 9.492000000000000437e-01
9.446999999999999842e-01 9.492000000000000437e-01
9.445999999999999952e-01 9.491000000000000547e-01
9.445000000000000062e-01 9.491000000000000547e-01
9.444000000000000172e-01 9.495999999999999996e-01
9.445999999999999952e-01 9.489999999999999547e-01
9.445000000000000062e-01 9.497999999999999776e-01
9.442000000000000393e-01 9.489999999999999547e-01
9.439999999999999503e-01 9.489999999999999547e-01
9.438999999999999613e-01 9.503000000000000336e-01
9.438999999999999613e-01 9.495999999999999996e-01
9.438999999999999613e-01 9.488999999999999657e-01
9.436999999999999833e-01 9.486999999999999877e-01
9.436999999999999833e-01 9.491000000000000547e-01
9.435000000000000053e-01 9.488999999999999657e-01
9.434000000000000163e-01 9.493000000000000327e-01
9.433000000000000274e-01 9.491000000000000547e-01
9.435000000000000053e-01 9.481000000000000538e-01
9.435999999999999943e-01 9.482000000000000428e-01
9.436999999999999833e-01 9.485000000000000098e-01
9.436999999999999833e-01 9.482000000000000428e-01
9.435000000000000053e-01 9.482000000000000428e-01
9.435000000000000053e-01 9.477999999999999758e-01
9.435000000000000053e-01 9.475000000000000089e-01
9.435000000000000053e-01 9.476999999999999869e-01
9.435999999999999943e-01 9.477999999999999758e-01
9.435000000000000053e-01 9.475999999999999979e-01
9.435999999999999943e-01 9.476999999999999869e-01
9.436999999999999833e-01 9.477999999999999758e-01
9.437999999999999723e-01 9.487999999999999767e-01
9.437999999999999723e-01 9.486999999999999877e-01
9.436999999999999833e-01 9.481000000000000538e-01
9.437999999999999723e-01 9.483000000000000318e-01
9.435000000000000053e-01 9.485000000000000098e-01
9.435999999999999943e-01 9.486999999999999877e-01
9.435999999999999943e-01 9.482000000000000428e-01
9.435999999999999943e-01 9.481000000000000538e-01
9.435999999999999943e-01 9.484000000000000208e-01
9.434000000000000163e-01 9.483000000000000318e-01
9.439999999999999503e-01 9.485000000000000098e-01
9.437999999999999723e-01 9.485000000000000098e-01
9.439999999999999503e-01 9.477999999999999758e-01
9.438999999999999613e-01 9.484000000000000208e-01
9.436999999999999833e-01 9.488999999999999657e-01
9.437999999999999723e-01 9.491000000000000547e-01
9.438999999999999613e-01 9.494000000000000217e-01
9.441000000000000503e-01 9.500999999999999446e-01
9.437999999999999723e-01 9.497999999999999776e-01
9.437999999999999723e-01 9.491000000000000547e-01
9.439999999999999503e-01 9.492000000000000437e-01
9.441000000000000503e-01 9.494000000000000217e-01
9.441000000000000503e-01 9.492000000000000437e-01
9.439999999999999503e-01 9.483000000000000318e-01
9.438999999999999613e-01 9.491000000000000547e-01
9.435999999999999943e-01 9.482000000000000428e-01
9.436999999999999833e-01 9.485999999999999988e-01
9.443000000000000282e-01 9.488999999999999657e-01
9.443000000000000282e-01 9.482000000000000428e-01
9.442000000000000393e-01 9.483000000000000318e-01
9.443000000000000282e-01 9.475000000000000089e-01
9.444000000000000172e-01 9.478999999999999648e-01
9.445999999999999952e-01 9.479999999999999538e-01
9.444000000000000172e-01 9.489999999999999547e-01
9.445000000000000062e-01 9.497999999999999776e-01
9.443000000000000282e-01 9.497999999999999776e-01
9.445999999999999952e-01 9.495999999999999996e-01
9.447999999999999732e-01 9.497999999999999776e-01
9.446999999999999842e-01 9.498999999999999666e-01
9.446999999999999842e-01 9.495999999999999996e-01
9.445000000000000062e-01 9.499999999999999556e-01
9.445999999999999952e-01 9.492000000000000437e-01
9.445000000000000062e-01 9.496999999999999886e-01
9.443000000000000282e-01 9.502000000000000446e-01
9.442000000000000393e-01 9.481000000000000538e-01
9.443000000000000282e-01 9.481000000000000538e-01
9.442000000000000393e-01 9.489999999999999547e-01
9.441000000000000503e-01 9.498999999999999666e-01
9.441000000000000503e-01 9.499999999999999556e-01
9.442000000000000393e-01 9.504000000000000226e-01
9.442000000000000393e-01 9.500999999999999446e-01
9.443000000000000282e-01 9.494000000000000217e-01
9.441000000000000503e-01 9.494000000000000217e-01
9.442000000000000393e-01 9.494000000000000217e-01
9.439999999999999503e-01 9.496999999999999886e-01
9.438999999999999613e-01 9.496999999999999886e-01
9.438999999999999613e-01 9.495999999999999996e-01
9.437999999999999723e-01 9.493000000000000327e-01
9.438999999999999613e-01 9.495000000000000107e-01
9.437999999999999723e-01 9.499999999999999556e-01
9.438999999999999613e-01 9.496999999999999886e-01
9.437999999999999723e-01 9.489999999999999547e-01
9.439999999999999503e-01 9.496999999999999886e-01
9.441000000000000503e-01 9.495000000000000107e-01
9.441000000000000503e-01 9.495000000000000107e-01
9.439999999999999503e-01 9.499999999999999556e-01
9.438999999999999613e-01 9.495000000000000107e-01
9.435999999999999943e-01 9.504000000000000226e-01
9.435999999999999943e-01 9.500999999999999446e-01
9.435999999999999943e-01 9.502000000000000446e-01
9.437999999999999723e-01 9.500999999999999446e-01
9.442000000000000393e-01 9.495000000000000107e-01
9.438999999999999613e-01 9.500999999999999446e-01
9.441000000000000503e-01 9.489999999999999547e-01
9.439999999999999503e-01 9.494000000000000217e-01
9.439999999999999503e-01 9.492000000000000437e-01
9.441000000000000503e-01 9.493000000000000327e-01
9.439999999999999503e-01 9.502000000000000446e-01
9.438999999999999613e-01 9.498999999999999666e-01
9.441000000000000503e-01 9.502000000000000446e-01
9.439999999999999503e-01 9.497999999999999776e-01
9.438999999999999613e-01 9.503000000000000336e-01
9.442000000000000393e-01 9.506999999999999895e-01
9.443000000000000282e-01 9.498999999999999666e-01
9.444000000000000172e-01 9.503000000000000336e-01
9.443000000000000282e-01 9.499999999999999556e-01
9.442000000000000393e-01 9.499999999999999556e-01
9.442000000000000393e-01 9.504000000000000226e-01
9.442000000000000393e-01 9.495000000000000107e-01
9.441000000000000503e-01 9.500999999999999446e-01
9.441000000000000503e-01 9.497999999999999776e-01
9.441000000000000503e-01 9.493000000000000327e-01
9.444000000000000172e-01 9.495000000000000107e-01
9.441000000000000503e-01 9.499999999999999556e-01
9.442000000000000393e-01 9.500999999999999446e-01
9.438999999999999613e-01 9.505000000000000115e-01
9.439999999999999503e-01 9.510999999999999455e-01
9.439999999999999503e-01 9.512000000000000455e-01
9.439999999999999503e-01 9.510999999999999455e-01
9.441000000000000503e-01 9.512000000000000455e-01
9.441000000000000503e-01 9.515000000000000124e-01
9.439999999999999503e-01 9.506999999999999895e-01
9.438999999999999613e-01 9.505000000000000115e-01
9.439999999999999503e-01 9.506999999999999895e-01
9.442000000000000393e-01 9.506999999999999895e-01
9.442000000000000393e-01 9.508999999999999675e-01
9.443000000000000282e-01 9.506000000000000005e-01
9.441000000000000503e-01 9.502000000000000446e-01
9.444000000000000172e-01 9.499999999999999556e-01
9.444000000000000172e-01 9.506999999999999895e-01
9.443000000000000282e-01 9.506999999999999895e-01
9.442000000000000393e-01 9.502000000000000446e-01
9.444000000000000172e-01 9.502000000000000446e-01
9.443000000000000282e-01 9.506000000000000005e-01
9.445000000000000062e-01 9.502000000000000446e-01
9.444000000000000172e-01 9.498999999999999666e-01
9.444000000000000172e-01 9.499999999999999556e-01
9.443000000000000282e-01 9.492000000000000437e-01
9.444000000000000172e-01 9.488999999999999657e-01
9.443000000000000282e-01 9.493000000000000327e-01
9.444000000000000172e-01 9.495000000000000107e-01
9.443000000000000282e-01 9.493000000000000327e-01
9.443000000000000282e-01 9.504000000000000226e-01
9.445000000000000062e-01 9.495999999999999996e-01
9.445000000000000062e-01 9.489999999999999547e-01
9.447999999999999732e-01 9.492000000000000437e-01
9.446999999999999842e-01 9.495000000000000107e-01
9.446999999999999842e-01 9.486999999999999877e-01
9.446999999999999842e-01 9.485999999999999988e-01
9.446999999999999842e-01 9.492000000000000437e-01
9.448999999999999622e-01 9.495000000000000107e-01
9.448999999999999622e-01 9.489999999999999547e-01
9.451000000000000512e-01 9.488999999999999657e-01
9.453000000000000291e-01 9.496999999999999886e-01
9.452000000000000401e-01 9.491000000000000547e-01
9.452000000000000401e-01 9.488999999999999657e-01
9.454000000000000181e-01 9.492000000000000437e-01
9.452000000000000401e-01 9.485999999999999988e-01
9.452000000000000401e-01 9.485000000000000098e-01
9.453000000000000291e-01 9.491000000000000547e-01
9.454000000000000181e-01 9.494000000000000217e-01
9.451000000000000512e-01 9.482000000000000428e-01
9.449999999999999512e-01 9.485000000000000098e-01
9.451000000000000512e-01 9.492000000000000437e-01
9.449999999999999512e-01 9.486999999999999877e-01
9.451000000000000512e-01 9.489999999999999547e-01
9.451000000000000512e-01 9.489999999999999547e-01
9.452000000000000401e-01 9.487999999999999767e-01
9.451000000000000512e-01 9.485999999999999988e-01
9.451000000000000512e-01 9.493000000000000327e-01
9.451000000000000512e-01 9.493000000000000327e-01
9.452000000000000401e-01 9.485999999999999988e-01
9.453000000000000291e-01 9.494000000000000217e-01
9.453000000000000291e-01 9.487999999999999767e-01
9.454000000000000181e-01 9.489999999999999547e-01
9.454000000000000181e-01 9.483000000000000318e-01
9.454000000000000181e-01 9.481000000000000538e-01
9.455000000000000071e-01 9.484000000000000208e-01
9.455000000000000071e-01 9.483000000000000318e-01
9.456999999999999851e-01 9.487999999999999767e-01
9.455999999999999961e-01 9.494000000000000217e-01
9.455999999999999961e-01 9.496999999999999886e-01
9.454000000000000181e-01 9.494000000000000217e-01
9.455999999999999961e-01 9.496999999999999886e-01
9.454000000000000181e-01 9.493000000000000327e-01
9.454000000000000181e-01 9.493000000000000327e-01
9.454000000000000181e-01 9.493000000000000327e-01
9.452000000000000401e-01 9.494000000000000217e-01
9.453000000000000291e-01 9.496999999999999886e-01
9.455999999999999961e-01 9.493000000000000327e-01
9.456999999999999851e-01 9.496999999999999886e-01
9.455000000000000071e-01 9.504000000000000226e-01
9.454000000000000181e-01 9.497999999999999776e-01
9.455000000000000071e-01 9.495000000000000107e-01
9.454000000000000181e-01 9.492000000000000437e-01
9.455000000000000071e-01 9.494000000000000217e-01
9.456999999999999851e-01 9.491000000000000547e-01
9.456999999999999851e-01 9.486999999999999877e-01
9.457999999999999741e-01 9.486999999999999877e-01
9.456999999999999851e-01 9.489999999999999547e-01
9.455999999999999961e-01 9.485000000000000098e-01
9.459999999999999520e-01 9.488999999999999657e-01
9.458999999999999631e-01 9.488999999999999657e-01
9.457999999999999741e-01 9.493000000000000327e-01
9.457999999999999741e-01 9.492000000000000437e-01
9.456999999999999851e-01 9.484000000000000208e-01
9.456999999999999851e-01 9.483000000000000318e-01
9.457999999999999741e-01 9.482000000000000428e-01
9.457999999999999741e-01 9.487999999999999767e-01
9.453000000000000291e-01 9.487999999999999767e-01
9.454000000000000181e-01 9.484000000000000208e-01
9.454000000000000181e-01 9.485999999999999988e-01
9.454000000000000181e-01 9.485000000000000098e-01
9.454000000000000181e-01 9.486999999999999877e-01
9.455000000000000071e-01 9.492000000000000437e-01
9.453000000000000291e-01 9.491000000000000547e-01
9.455000000000000071e-01 9.495999999999999996e-01
9.455000000000000071e-01 9.498999999999999666e-01
9.453000000000000291e-01 9.492000000000000437e-01
9.454000000000000181e-01 9.495999999999999996e-01
9.453000000000000291e-01 9.492000000000000437e-01
9.454000000000000181e-01 9.497999999999999776e-01
9.454000000000000181e-01 9.497999999999999776e-01
9.455000000000000071e-01 9.498999999999999666e-01
9.455000000000000071e-01 9.485000000000000098e-01
9.454000000000000181e-01 9.486999999999999877e-01
9.454000000000000181e-01 9.485000000000000098e-01
9.453000000000000291e-01 9.485000000000000098e-01
9.453000000000000291e-01 9.481000000000000538e-01
9.452000000000000401e-01 9.474000000000000199e-01
9.453000000000000291e-01 9.472000000000000419e-01
9.455999999999999961e-01 9.474000000000000199e-01
9.454000000000000181e-01 9.465999999999999970e-01
9.455000000000000071e-01 9.475000000000000089e-01
9.457999999999999741e-01 9.479999999999999538e-01
9.455999999999999961e-01 9.475000000000000089e-01
9.455999999999999961e-01 9.469999999999999529e-01
9.456999999999999851e-01 9.463000000000000300e-01
9.455999999999999961e-01 9.465999999999999970e-01
9.455999999999999961e-01 9.462000000000000410e-01
9.457999999999999741e-01 9.463000000000000300e-01
9.457999999999999741e-01 9.464000000000000190e-01
9.455999999999999961e-01 9.465999999999999970e-01
9.458999999999999631e-01 9.464000000000000190e-01
9.459999999999999520e-01 9.466999999999999860e-01
9.457999999999999741e-01 9.471000000000000529e-01
9.458999999999999631e-01 9.467999999999999750e-01
9.458999999999999631e-01 9.464000000000000190e-01
9.458999999999999631e-01 9.458999999999999631e-01
9.458999999999999631e-01 9.454000000000000181e-01
9.457999999999999741e-01 9.465999999999999970e-01
9.458999999999999631e-01 9.465999999999999970e-01
9.458999999999999631e-01 9.468999999999999639e-01
9.459999999999999520e-01 9.467999999999999750e-01
9.459999999999999520e-01 9.468999999999999639e-01
9.457999999999999741e-01 9.465000000000000080e-01
9.459999999999999520e-01 9.466999999999999860e-01
9.458999999999999631e-01 9.463000000000000300e-01
9.458999999999999631e-01 9.456999999999999851e-01
9.459999999999999520e-01 9.455000000000000071e-01
9.457999999999999741e-01 9.458999999999999631e-01
9.459999999999999520e-01 9.463000000000000300e-01
9.457999999999999741e-01 9.464000000000000190e-01
9.458999999999999631e-01 9.457999999999999741e-01
9.458999999999999631e-01 9.462000000000000410e-01
9.458999999999999631e-01 9.465999999999999970e-01
9.456999999999999851e-01 9.462000000000000410e-01
9.455999999999999961e-01 9.469999999999999529e-01
9.456999999999999851e-01 9.473000000000000309e-01
9.456999999999999851e-01 9.476999999999999869e-01
9.456999999999999851e-01 9.475000000000000089e-01
9.455999999999999961e-01 9.481000000000000538e-01
9.455999999999999961e-01 9.474000000000000199e-01
9.455999999999999961e-01 9.474000000000000199e-01
9.459999999999999520e-01 9.468999999999999639e-01
9.458999999999999631e-01 9.471000000000000529e-01
9.459999999999999520e-01 9.469999999999999529e-01
9.456999999999999851e-01 9.475000000000000089e-01
9.456999999999999851e-01 9.482000000000000428e-01
9.455000000000000071e-01 9.479999999999999538e-01
9.456999999999999851e-01 9.478999999999999648e-01
9.455999999999999961e-01 9.483000000000000318e-01
9.455999999999999961e-01 9.477999999999999758e-01
9.457999999999999741e-01 9.481000000000000538e-01
9.462000000000000410e-01 9.475999999999999979e-01
9.462000000000000410e-01 9.468999999999999639e-01
9.463000000000000300e-01 9.469999999999999529e-01
9.465999999999999970e-01 9.474000000000000199e-01
9.465000000000000080e-01 9.467999999999999750e-01
9.465000000000000080e-01 9.472000000000000419e-01
9.464000000000000190e-01 9.468999999999999639e-01
9.464000000000000190e-01 9.475000000000000089e-01
9.464000000000000190e-01 9.472000000000000419e-01
9.464000000000000190e-01 9.474000000000000199e-01
9.462000000000000410e-01 9.472000000000000419e-01
9.463000000000000300e-01 9.472000000000000419e-01
9.463000000000000300e-01 9.479999999999999538e-01
9.463000000000000300e-01 9.475999999999999979e-01
9.463000000000000300e-01 9.477999999999999758e-01
9.463000000000000300e-01 9.474000000000000199e-01
9.463000000000000300e-01 9.468999999999999639e-01
9.465000000000000080e-01 9.475000000000000089e-01
9.463000000000000300e-01 9.479999999999999538e-01
9.462000000000000410e-01 9.475999999999999979e-01
9.462000000000000410e-01 9.477999999999999758e-01
9.461000000000000520e-01 9.476999999999999869e-01
9.459999999999999520e-01 9.477999999999999758e-01
9.457999999999999741e-01 9.473000000000000309e-01
9.458999999999999631e-01 9.483000000000000318e-01
9.456999999999999851e-01 9.484000000000000208e-01
9.456999999999999851e-01 9.478999999999999648e-01
9.458999999999999631e-01 9.484000000000000208e-01
9.456999999999999851e-01 9.485999999999999988e-01
9.456999999999999851e-01 9.481000000000000538e-01
9.456999999999999851e-01 9.484000000000000208e-01
9.459999999999999520e-01 9.483000000000000318e-01
9.457999999999999741e-01 9.477999999999999758e-01
9.458999999999999631e-01 9.476999999999999869e-01
9.458999999999999631e-01 9.481000000000000538e-01
9.457999999999999741e-01 9.481000000000000538e-01
9.457999999999999741e-01 9.475999999999999979e-01
9.458999999999999631e-01 9.487999999999999767e-01
9.457999999999999741e-01 9.487999999999999767e-01
9.458999999999999631e-01 9.484000000000000208e-01
9.456999999999999851e-01 9.484000000000000208e-01
9.455000000000000071e-01 9.485000000000000098e-01
9.454000000000000181e-01 9.485999999999999988e-01
9.452000000000000401e-01 9.487999999999999767e-01
9.449999999999999512e-01 9.486999999999999877e-01
9.449999999999999512e-01 9.482000000000000428e-01
9.449999999999999512e-01 9.489999999999999547e-01
9.452000000000000401e-01 9.485000000000000098e-01
9.452000000000000401e-01 9.485999999999999988e-01
9.451000000000000512e-01 9.491000000000000547e-01
9.451000000000000512e-01 9.486999999999999877e-01
9.449999999999999512e-01 9.489999999999999547e-01
9.447999999999999732e-01 9.486999999999999877e-01
9.448999999999999622e-01 9.485000000000000098e-01
9.448999999999999622e-01 9.481000000000000538e-01
9.448999999999999622e-01 9.493000000000000327e-01
9.447999999999999732e-01 9.483000000000000318e-01
9.447999999999999732e-01 9.484000000000000208e-01
9.448999999999999622e-01 9.484000000000000208e-01
9.447999999999999732e-01 9.473000000000000309e-01
9.447999999999999732e-01 9.482000000000000428e-01
9.447999999999999732e-01 9.476999999999999869e-01
9.446999999999999842e-01 9.484000000000000208e-01
9.445999999999999952e-01 9.477999999999999758e-01
9.446999999999999842e-01 9.482000000000000428e-01
9.446999999999999842e-01 9.479999999999999538e-01
9.445000000000000062e-01 9.482000000000000428e-01
9.444000000000000172e-01 9.483000000000000318e-01
9.445000000000000062e-01 9.485000000000000098e-01
9.445000000000000062e-01 9.492000000000000437e-01
9.444000000000000172e-01 9.483000000000000318e-01
9.444000000000000172e-01 9.485999999999999988e-01
9.445000000000000062e-01 9.477999999999999758e-01
9.447999999999999732e-01 9.478999999999999648e-01
9.449999999999999512e-01 9.476999999999999869e-01
9.449999999999999512e-01 9.476999999999999869e-01
9.448999999999999622e-01 9.486999999999999877e-01
9.447999999999999732e-01 9.491000000000000547e-01
9.445999999999999952e-01 9.492000000000000437e-01
9.445000000000000062e-01 9.482000000000000428e-01
9.444000000000000172e-01 9.485000000000000098e-01
9.444000000000000172e-01 9.485000000000000098e-01
9.445000000000000062e-01 9.484000000000000208e-01
9.443000000000000282e-01 9.495000000000000107e-01
9.445000000000000062e-01 9.485999999999999988e-01
9.444000000000000172e-01 9.486999999999999877e-01
9.443000000000000282e-01 9.486999999999999877e-01
9.443000000000000282e-01 9.491000000000000547e-01
9.439999999999999503e-01 9.483000000000000318e-01
9.439999999999999503e-01 9.489999999999999547e-01
9.437999999999999723e-01 9.484000000000000208e-01
9.441000000000000503e-01 9.491000000000000547e-01
9.441000000000000503e-01 9.493000000000000327e-01
9.442000000000000393e-01 9.487999999999999767e-01
9.445000000000000062e-01 9.489999999999999547e-01
9.444000000000000172e-01 9.484000000000000208e-01
9.443000000000000282e-01 9.489999999999999547e-01
9.442000000000000393e-01 9.500999999999999446e-01
9.442000000000000393e-01 9.498999999999999666e-01
9.441000000000000503e-01 9.497999999999999776e-01
9.442000000000000393e-01 9.497999999999999776e-01
9.443000000000000282e-01 9.494000000000000217e-01
9.443000000000000282e-01 9.495000000000000107e-01
9.443000000000000282e-01 9.504000000000000226e-01
9.443000000000000282e-01 9.493000000000000327e-01
9.444000000000000172e-01 9.497999999999999776e-01
9.445000000000000062e-01 9.495000000000000107e-01
9.443000000000000282e-01 9.500999999999999446e-01
9.442000000000000393e-01 9.494000000000000217e-01
9.442000000000000393e-01 9.493000000000000327e-01
9.439999999999999503e-01 9.487999999999999767e-01
9.438999999999999613e-01 9.491000000000000547e-01
9.438999999999999613e-01 9.491000000000000547e-01
9.437999999999999723e-01 9.491000000000000547e-01
9.436999999999999833e-01 9.483000000000000318e-01
9.438999999999999613e-01 9.492000000000000437e-01
9.437999999999999723e-01 9.486999999999999877e-01
9.437999999999999723e-01 9.483000000000000318e-01
9.435999999999999943e-01 9.481000000000000538e-01
9.435999999999999943e-01 9.475999999999999979e-01
9.435999999999999943e-01 9.495999999999999996e-01
9.437999999999999723e-01 9.489999999999999547e-01
9.441000000000000503e-01 9.487999999999999767e-01
9.439999999999999503e-01 9.487999999999999767e-01
9.441000000000000503e-01 9.492000000000000437e-01
9.442000000000000393e-01 9.485000000000000098e-01
9.443000000000000282e-01 9.486999999999999877e-01
9.442000000000000393e-01 9.491000000000000547e-01
9.443000000000000282e-01 9.491000000000000547e-01
9.436999999999999833e-01 9.493000000000000327e-01
9.438999999999999613e-01 9.488999999999999657e-01
9.438999999999999613e-01 9.489999999999999547e-01
9.438999999999999613e-01 9.500999999999999446e-01
9.442000000000000393e-01 9.498999999999999666e-01
9.442000000000000393e-01 9.502000000000000446e-01
9.438999999999999613e-01 9.498999999999999666e-01
9.439999999999999503e-01 9.496999999999999886e-01
9.442000000000000393e-01 9.498999999999999666e-01
9.437999999999999723e-01 9.498999999999999666e-01
9.439999999999999503e-01 9.491000000000000547e-01
9.442000000000000393e-01 9.494000000000000217e-01
9.441000000000000503e-01 9.492000000000000437e-01
9.441000000000000503e-01 9.489999999999999547e-01
9.439999999999999503e-01 9.494000000000000217e-01
9.439999999999999503e-01 9.495999999999999996e-01
9.439999999999999503e-01 9.495000000000000107e-01
9.439999999999999503e-01 9.491000000000000547e-01
9.438999999999999613e-01 9.493000000000000327e-01
9.438999999999999613e-01 9.495000000000000107e-01
9.438999999999999613e-01 9.493000000000000327e-01
9.437999999999999723e-01 9.491000000000000547e-01
9.437999999999999723e-01 9.492000000000000437e-01
9.438999999999999613e-01 9.495999999999999996e-01
9.442000000000000393e-01 9.502000000000000446e-01
9.441000000000000503e-01 9.498999999999999666e-01
9.435999999999999943e-01 9.506000000000000005e-01
9.437999999999999723e-01 9.507999999999999785e-01
9.437999999999999723e-01 9.492000000000000437e-01
9.441000000000000503e-01 9.495000000000000107e-01
9.438999999999999613e-01 9.491000000000000547e-01
9.438999999999999613e-01 9.497999999999999776e-01
9.437999999999999723e-01 9.489999999999999547e-01
9.437999999999999723e-01 9.487999999999999767e-01
9.438999999999999613e-01 9.495999999999999996e-01
9.438999999999999613e-01 9.497999999999999776e-01
9.439999999999999503e-01 9.498999999999999666e-01
9.438999999999999613e-01 9.493000000000000327e-01
9.439999999999999503e-01 9.491000000000000547e-01
9.437999999999999723e-01 9.495000000000000107e-01
9.436999999999999833e-01 9.495000000000000107e-01
9.435000000000000053e-01 9.494000000000000217e-01
9.435000000000000053e-01 9.493000000000000327e-01
9.436999999999999833e-01 9.491000000000000547e-01
9.435999999999999943e-01 9.495999999999999996e-01
9.438999999999999613e-01 9.488999999999999657e-01
9.437999999999999723e-01 9.498999999999999666e-01
9.436999999999999833e-01 9.491000000000000547e-01
9.436999999999999833e-01 9.493000000000000327e-01
9.434000000000000163e-01 9.492000000000000437e-01
9.435000000000000053e-01 9.491000000000000547e-01
9.437999999999999723e-01 9.492000000000000437e-01
9.438999999999999613e-01 9.493000000000000327e-01
9.437999999999999723e-01 9.488999999999999657e-01
9.435999999999999943e-01 9.488999999999999657e-01
9.437999999999999723e-01 9.482000000000000428e-01
9.438999999999999613e-01 9.485999999999999988e-01
9.438999999999999613e-01 9.485000000000000098e-01
9.438999999999999613e-01 9.485999999999999988e-01
9.436999999999999833e-01 9.485000000000000098e-01
9.435999999999999943e-01 9.488999999999999657e-01
9.435999999999999943e-01 9.488999999999999657e-01
9.437999999999999723e-01 9.494000000000000217e-01
9.435999999999999943e-01 9.491000000000000547e-01
9.435000000000000053e-01 9.496999999999999886e-01
9.435000000000000053e-01 9.489999999999999547e-01
9.435000000000000053e-01 9.492000000000000437e-01
9.436999999999999833e-01 9.489999999999999547e-01
9.435999999999999943e-01 9.478999999999999648e-01
9.437999999999999723e-01 9.488999999999999657e-01
9.435999999999999943e-01 9.495000000000000107e-01
9.435000000000000053e-01 9.485000000000000098e-01
9.437999999999999723e-01 9.486999999999999877e-01
9.435999999999999943e-01 9.485000000000000098e-01
9.433000000000000274e-01 9.491000000000000547e-01
9.436999999999999833e-01 9.492000000000000437e-01
9.436999999999999833e-01 9.495000000000000107e-01
9.436999999999999833e-01 9.497999999999999776e-01
9.436999999999999833e-01 9.494000000000000217e-01
9.435999999999999943e-01 9.491000000000000547e-01
9.435999999999999943e-01 9.489999999999999547e-01
9.436999999999999833e-01 9.485999999999999988e-01
9.436999999999999833e-01 9.488999999999999657e-01
9.434000000000000163e-01 9.486999999999999877e-01
9.435999999999999943e-01 9.486999999999999877e-01
9.437999999999999723e-01 9.485999999999999988e-01
9.437999999999999723e-01 9.486999999999999877e-01
9.435999999999999943e-01 9.494000000000000217e-01
9.436999999999999833e-01 9.487999999999999767e-01
9.435999999999999943e-01 9.484000000000000208e-01
9.438999999999999613e-01 9.484000000000000208e-01
9.437999999999999723e-01 9.479999999999999538e-01
9.437999999999999723e-01 9.476999999999999869e-01
9.439999999999999503e-01 9.481000000000000538e-01
9.437999999999999723e-01 9.489999999999999547e-01
9.436999999999999833e-01 9.489999999999999547e-01
9.436999999999999833e-01 9.488999999999999657e-01
9.435999999999999943e-01 9.485000000000000098e-01
9.435999999999999943e-01 9.485999999999999988e-01
9.437999999999999723e-01 9.489999999999999547e-01
9.435000000000000053e-01 9.489999999999999547e-01
9.435000000000000053e-01 9.482000000000000428e-01
9.435999999999999943e-01 9.479999999999999538e-01
9.435999999999999943e-01 9.478999999999999648e-01
9.435999999999999943e-01 9.489999999999999547e-01
9.435999999999999943e-01 9.488999999999999657e-01
9.436999999999999833e-01 9.488999999999999657e-01
9.436999999999999833e-01 9.482000000000000428e-01
9.435999999999999943e-01 9.473000000000000309e-01
9.435999999999999943e-01 9.476999999999999869e-01
9.435999999999999943e-01 9.482000000000000428e-01
9.435999999999999943e-01 9.474000000000000199e-01
9.436999999999999833e-01 9.474000000000000199e-01
9.437999999999999723e-01 9.476999999999999869e-01
9.436999999999999833e-01 9.479999999999999538e-01
9.438999999999999613e-01 9.479999999999999538e-01
9.437999999999999723e-01 9.475999999999999979e-01
9.437999999999999723e-01 9.483000000000000318e-01
9.436999999999999833e-01 9.478999999999999648e-01
9.436999999999999833e-01 9.475999999999999979e-01
9.436999999999999833e-01 9.477999999999999758e-01
9.435999999999999943e-01 9.476999999999999869e-01
9.435999999999999943e-01 9.475000000000000089e-01
9.435000000000000053e-01 9.471000000000000529e-01
9.434000000000000163e-01 9.476999999999999869e-01
9.433000000000000274e-01 9.484000000000000208e-01
9.432000000000000384e-01 9.483000000000000318e-01
9.433000000000000274e-01 9.482000000000000428e-01
9.434000000000000163e-01 9.486999999999999877e-01
9.436999999999999833e-01 9.492000000000000437e-01
9.436999999999999833e-01 9.489999999999999547e-01
9.435999999999999943e-01 9.489999999999999547e-01
9.435999999999999943e-01 9.485999999999999988e-01
9.435000000000000053e-01 9.484000000000000208e-01
9.435000000000000053e-01 9.486999999999999877e-01
9.435000000000000053e-01 9.486999999999999877e-01
9.435999999999999943e-01 9.485999999999999988e-01
9.436999999999999833e-01 9.489999999999999547e-01
9.436999999999999833e-01 9.479999999999999538e-01
9.438999999999999613e-01 9.479999999999999538e-01
9.438999999999999613e-01 9.486999999999999877e-01
9.435999999999999943e-01 9.485999999999999988e-01
9.435000000000000053e-01 9.482000000000000428e-01
9.435000000000000053e-01 9.487999999999999767e-01
9.435000000000000053e-01 9.484000000000000208e-01
9.434000000000000163e-01 9.488999999999999657e-01
9.435000000000000053e-01 9.487999999999999767e-01
9.434000000000000163e-01 9.486999999999999877e-01
9.433000000000000274e-01 9.484000000000000208e-01
9.435999999999999943e-01 9.485999999999999988e-01
9.437999999999999723e-01 9.487999999999999767e-01
9.436999999999999833e-01 9.486999999999999877e-01
9.437999999999999723e-01 9.488999999999999657e-01
9.437999999999999723e-01 9.488999999999999657e-01
9.436999999999999833e-01 9.486999999999999877e-01
9.436999999999999833e-01 9.493000000000000327e-01
9.437999999999999723e-01 9.488999999999999657e-01
9.436999999999999833e-01 9.485000000000000098e-01
9.436999999999999833e-01 9.486999999999999877e-01
9.435999999999999943e-01 9.487999999999999767e-01
9.434000000000000163e-01 9.492000000000000437e-01
9.436999999999999833e-01 9.481000000000000538e-01
9.434000000000000163e-01 9.483000000000000318e-01
9.434000000000000163e-01 9.477999999999999758e-01
9.435000000000000053e-01 9.484000000000000208e-01
9.436999999999999833e-01 9.484000000000000208e-01
9.435999999999999943e-01 9.485000000000000098e-01
9.433000000000000274e-01 9.486999999999999877e-01
9.433000000000000274e-01 9.487999999999999767e-01
9.434000000000000163e-01 9.485999999999999988e-01
9.434000000000000163e-01 9.486999999999999877e-01
9.433000000000000274e-01 9.479999999999999538e-01
9.432000000000000384e-01 9.485999999999999988e-01
9.432000000000000384e-01 9.478999999999999648e-01
9.433000000000000274e-01 9.486999999999999877e-01
9.435000000000000053e-01 9.475999999999999979e-01
9.435000000000000053e-01 9.478999999999999648e-01
9.435000000000000053e-01 9.476999999999999869e-01
9.435999999999999943e-01 9.485999999999999988e-01
9.435000000000000053e-01 9.485999999999999988e-01
9.435999999999999943e-01 9.481000000000000538e-01
9.433000000000000274e-01 9.482000000000000428e-01
9.433000000000000274e-01 9.477999999999999758e-01
9.433000000000000274e-01 9.483000000000000318e-01
9.435999999999999943e-01 9.473000000000000309e-01
9.435999999999999943e-01 9.471000000000000529e-01
9.436999999999999833e-01 9.471000000000000529e-01
9.436999999999999833e-01 9.476999999999999869e-01
9.438999999999999613e-01 9.475000000000000089e-01
9.438999999999999613e-01 9.475999999999999979e-01
9.439999999999999503e-01 9.474000000000000199e-01
9.439999999999999503e-01 9.473000000000000309e-01
9.438999999999999613e-01 9.477999999999999758e-01
9.439999999999999503e-01 9.471000000000000529e-01
9.439999999999999503e-01 9.469999999999999529e-01
9.438999999999999613e-01 9.465000000000000080e-01
9.438999999999999613e-01 9.461000000000000520e-01
9.439999999999999503e-01 9.468999999999999639e-01
9.439999999999999503e-01 9.469999999999999529e-01
9.438999999999999613e-01 9.475999999999999979e-01
9.439999999999999503e-01 9.476999999999999869e-01
9.441000000000000503e-01 9.467999999999999750e-01
9.438999999999999613e-01 9.469999999999999529e-01
9.441000000000000503e-01 9.466999999999999860e-01
9.441000000000000503e-01 9.462000000000000410e-01
9.438999999999999613e-01 9.457999999999999741e-01
9.438999999999999613e-01 9.465999999999999970e-01
9.438999999999999613e-01 9.478999999999999648e-01
9.437999999999999723e-01 9.478999999999999648e-01
9.437999999999999723e-01 9.471000000000000529e-01
9.438999999999999613e-01 9.474000000000000199e-01
9.438999999999999613e-01 9.465999999999999970e-01
9.438999999999999613e-01 9.464000000000000190e-01
9.441000000000000503e-01 9.462000000000000410e-01
9.439999999999999503e-01 9.463000000000000300e-01
9.439999999999999503e-01 9.461000000000000520e-01
9.439999999999999503e-01 9.465000000000000080e-01
9.441000000000000503e-01 9.458999999999999631e-01
9.439999999999999503e-01 9.456999999999999851e-01
9.439999999999999503e-01 9.455999999999999961e-01
9.442000000000000393e-01 9.457999999999999741e-01
9.442000000000000393e-01 9.455999999999999961e-01
9.442000000000000393e-01 9.455999999999999961e-01
9.443000000000000282e-01 9.462000000000000410e-01
9.441000000000000503e-01 9.465000000000000080e-01
9.439999999999999503e-01 9.465999999999999970e-01
9.439999999999999503e-01 9.466999999999999860e-01
9.439999999999999503e-01 9.467999999999999750e-01
9.439999999999999503e-01 9.475999999999999979e-01
9.441000000000000503e-01 9.469999999999999529e-01
9.444000000000000172e-01 9.485000000000000098e-01
9.441000000000000503e-01 9.475999999999999979e-01
9.441000000000000503e-01 9.477999999999999758e-01
9.441000000000000503e-01 9.467999999999999750e-01
9.441000000000000503e-01 9.467999999999999750e-01
9.441000000000000503e-01 9.473000000000000309e-01
9.442000000000000393e-01 9.469999999999999529e-01
9.439999999999999503e-01 9.469999999999999529e-01
9.442000000000000393e-01 9.461000000000000520e-01
9.441000000000000503e-01 9.467999999999999750e-01
9.441000000000000503e-01 9.467999999999999750e-01
9.441000000000000503e-01 9.474000000000000199e-01
9.441000000000000503e-01 9.471000000000000529e-01
9.441000000000000503e-01 9.469999999999999529e-01
9.439999999999999503e-01 9.468999999999999639e-01
9.437999999999999723e-01 9.471000000000000529e-01
9.437999999999999723e-01 9.464000000000000190e-01
9.439999999999999503e-01 9.465000000000000080e-01
9.437999999999999723e-01 9.463000000000000300e-01
9.435999999999999943e-01 9.465999999999999970e-01
9.437999999999999723e-01 9.465000000000000080e-01
9.436999999999999833e-01 9.466999999999999860e-01
9.436999999999999833e-01 9.472000000000000419e-01
9.437999999999999723e-01 9.471000000000000529e-01
9.436999999999999833e-01 9.471000000000000529e-01
9.437999999999999723e-01 9.481000000000000538e-01
9.438999999999999613e-01 9.482000000000000428e-01
9.439999999999999503e-01 9.483000000000000318e-01
9.439999999999999503e-01 9.478999999999999648e-01
9.438999999999999613e-01 9.475999999999999979e-01
9.439999999999999503e-01 9.474000000000000199e-01
9.441000000000000503e-01 9.469999999999999529e-01
9.441000000000000503e-01 9.484000000000000208e-01
9.441000000000000503e-01 9.476999999999999869e-01
9.442000000000000393e-01 9.467999999999999750e-01
9.441000000000000503e-01 9.472000000000000419e-01
9.441000000000000503e-01 9.464000000000000190e-01
9.441000000000000503e-01 9.458999999999999631e-01
9.441000000000000503e-01 9.466999999999999860e-01
9.438999999999999613e-01 9.471000000000000529e-01
9.439999999999999503e-01 9.472000000000000419e-01
9.436999999999999833e-01 9.463000000000000300e-01
9.438999999999999613e-01 9.466999999999999860e-01
9.439999999999999503e-01 9.458999999999999631e-01
9.437999999999999723e-01 9.457999999999999741e-01
9.438999999999999613e-01 9.471000000000000529e-01
9.437999999999999723e-01 9.467999999999999750e-01
9.438999999999999613e-01 9.466999999999999860e-01
9.438999999999999613e-01 9.475000000000000089e-01
9.437999999999999723e-01 9.468999999999999639e-01
9.436999999999999833e-01 9.468999999999999639e-01
9.435999999999999943e-01 9.465000000000000080e-01
9.435999999999999943e-01 9.467999999999999750e-01
9.434000000000000163e-01 9.467999999999999750e-01
9.434000000000000163e-01 9.485000000000000098e-01
9.435999999999999943e-01 9.475999999999999979e-01
9.435000000000000053e-01 9.484000000000000208e-01
9.434000000000000163e-01 9.478999999999999648e-01
9.435000000000000053e-01 9.478999999999999648e-01
9.435000000000000053e-01 9.484000000000000208e-01
9.435000000000000053e-01 9.484000000000000208e-01
9.435000000000000053e-01 9.483000000000000318e-01
9.433000000000000274e-01 9.481000000000000538e-01
9.433000000000000274e-01 9.476999999999999869e-01
9.433000000000000274e-01 9.473000000000000309e-01
9.431000000000000494e-01 9.479999999999999538e-01
9.431000000000000494e-01 9.477999999999999758e-01
9.431000000000000494e-01 9.473000000000000309e-01
9.431000000000000494e-01 9.476999999999999869e-01
9.431000000000000494e-01 9.478999999999999648e-01
9.429999999999999494e-01 9.475999999999999979e-01
9.429999999999999494e-01 9.473000000000000309e-01
9.429999999999999494e-01 9.469999999999999529e-01
9.429999999999999494e-01 9.471000000000000529e-01
9.429999999999999494e-01 9.475000000000000089e-01
9.427999999999999714e-01 9.475000000000000089e-01
9.428999999999999604e-01 9.475999999999999979e-01
9.429999999999999494e-01 9.479999999999999538e-01
9.429999999999999494e-01 9.474000000000000199e-01
9.429999999999999494e-01 9.473000000000000309e-01
9.429999999999999494e-01 9.478999999999999648e-01
9.429999999999999494e-01 9.485000000000000098e-01
9.428999999999999604e-01 9.484000000000000208e-01
9.428999999999999604e-01 9.478999999999999648e-01
9.428999999999999604e-01 9.481000000000000538e-01
9.431000000000000494e-01 9.479999999999999538e-01
9.432000000000000384e-01 9.476999999999999869e-01
9.432000000000000384e-01 9.485000000000000098e-01
9.432000000000000384e-01 9.476999999999999869e-01
9.432000000000000384e-01 9.473000000000000309e-01
9.428999999999999604e-01 9.473000000000000309e-01
9.431000000000000494e-01 9.471000000000000529e-01
9.429999999999999494e-01 9.465000000000000080e-01
9.428999999999999604e-01 9.471000000000000529e-01
9.428999999999999604e-01 9.474000000000000199e-01
9.427999999999999714e-01 9.472000000000000419e-01
9.426999999999999824e-01 9.478999999999999648e-01
9.426999999999999824e-01 9.475999999999999979e-01
9.427999999999999714e-01 9.475000000000000089e-01
9.425000000000000044e-01 9.465999999999999970e-01
9.425999999999999934e-01 9.474000000000000199e-01
9.425999999999999934e-01 9.473000000000000309e-01
9.426999999999999824e-01 9.477999999999999758e-01
9.426999999999999824e-01 9.481000000000000538e-01
9.426999999999999824e-01 9.477999999999999758e-01
9.426999999999999824e-01 9.481000000000000538e-01
9.425999999999999934e-01 9.475999999999999979e-01
9.425999999999999934e-01 9.471000000000000529e-01
9.426999999999999824e-01 9.481000000000000538e-01
9.427999999999999714e-01 9.478999999999999648e-01
9.428999999999999604e-01 9.479999999999999538e-01
9.428999999999999604e-01 9.482000000000000428e-01
9.428999999999999604e-01 9.488999999999999657e-01
9.427999999999999714e-01 9.482000000000000428e-01
9.429999999999999494e-01 9.482000000000000428e-01
9.428999999999999604e-01 9.485000000000000098e-01
9.428999999999999604e-01 9.488999999999999657e-01
9.428999999999999604e-01 9.485000000000000098e-01
9.429999999999999494e-01 9.491000000000000547e-01
9.428999999999999604e-01 9.489999999999999547e-01
9.428999999999999604e-01 9.484000000000000208e-01
9.427999999999999714e-01 9.494000000000000217e-01
9.428999999999999604e-01 9.495999999999999996e-01
9.428999999999999604e-01 9.493000000000000327e-01
9.427999999999999714e-01 9.489999999999999547e-01
9.427999999999999714e-01 9.492000000000000437e-01
9.429999999999999494e-01 9.494000000000000217e-01
9.427999999999999714e-01 9.498999999999999666e-01
9.426999999999999824e-01 9.495000000000000107e-01
9.425999999999999934e-01 9.488999999999999657e-01
9.425000000000000044e-01 9.492000000000000437e-01
9.425000000000000044e-01 9.486999999999999877e-01
9.425000000000000044e-01 9.485000000000000098e-01
9.425000000000000044e-01 9.486999999999999877e-01
9.425000000000000044e-01 9.487999999999999767e-01
9.425999999999999934e-01 9.494000000000000217e-01
9.427999999999999714e-01 9.486999999999999877e-01
9.426999999999999824e-01 9.495999999999999996e-01
9.428999999999999604e-01 9.489999999999999547e-01
9.427999999999999714e-01 9.498999999999999666e-01
9.427999999999999714e-01 9.495000000000000107e-01
9.428999999999999604e-01 9.500999999999999446e-01
9.432000000000000384e-01 9.495999999999999996e-01
9.431000000000000494e-01 9.493000000000000327e-01
9.429999999999999494e-01 9.493000000000000327e-01
9.429999999999999494e-01 9.492000000000000437e-01
9.429999999999999494e-01 9.496999999999999886e-01
9.431000000000000494e-01 9.499999999999999556e-01
9.428999999999999604e-01 9.491000000000000547e-01
9.428999999999999604e-01 9.495999999999999996e-01
9.428999999999999604e-01 9.499999999999999556e-01
9.432000000000000384e-01 9.497999999999999776e-01
9.432000000000000384e-01 9.500999999999999446e-01
9.432000000000000384e-01 9.499999999999999556e-01
9.431000000000000494e-01 9.491000000000000547e-01
9.431000000000000494e-01 9.492000000000000437e-01
9.432000000000000384e-01 9.493000000000000327e-01
9.428999999999999604e-01 9.487999999999999767e-01
9.429999999999999494e-01 9.485999999999999988e-01
9.432000000000000384e-01 9.484000000000000208e-01
9.429999999999999494e-01 9.483000000000000318e-01
9.427999999999999714e-01 9.489999999999999547e-01
9.426999999999999824e-01 9.492000000000000437e-01
9.426999999999999824e-01 9.496999999999999886e-01
9.427999999999999714e-01 9.496999999999999886e-01
9.426999999999999824e-01 9.492000000000000437e-01
9.427999999999999714e-01 9.488999999999999657e-01
9.427999999999999714e-01 9.488999999999999657e-01
9.426999999999999824e-01 9.482000000000000428e-01
9.427999999999999714e-01 9.491000000000000547e-01
9.426999999999999824e-01 9.489999999999999547e-01
9.425999999999999934e-01 9.492000000000000437e-01
9.425999999999999934e-01 9.485000000000000098e-01
9.425999999999999934e-01 9.487999999999999767e-01
9.425999999999999934e-01 9.487999999999999767e-01
9.425000000000000044e-01 9.488999999999999657e-01
9.425999999999999934e-01 9.493000000000000327e-01
9.425999999999999934e-01 9.495999999999999996e-01
9.425999999999999934e-01 9.497999999999999776e-01
9.424000000000000155e-01 9.491000000000000547e-01
9.425000000000000044e-01 9.493000000000000327e-01
9.425999999999999934e-01 9.486999999999999877e-01
9.426999999999999824e-01 9.485999999999999988e-01
9.426999999999999824e-01 9.486999999999999877e-01
9.425999999999999934e-01 9.488999999999999657e-01
9.425999999999999934e-01 9.486999999999999877e-01
9.426999999999999824e-01 9.491000000000000547e-01
9.426999999999999824e-01 9.486999999999999877e-01
9.425999999999999934e-01 9.485000000000000098e-01
9.426999999999999824e-01 9.475999999999999979e-01
9.426999999999999824e-01 9.477999999999999758e-01
9.425999999999999934e-01 9.484000000000000208e-01
9.425999999999999934e-01 9.485000000000000098e-01
9.425999999999999934e-01 9.493000000000000327e-01
9.425999999999999934e-01 9.494000000000000217e-01
9.425000000000000044e-01 9.491000000000000547e-01
9.425000000000000044e-01 9.489999999999999547e-01
9.425000000000000044e-01 9.483000000000000318e-01
9.425999999999999934e-01 9.489999999999999547e-01
9.423000000000000265e-01 9.483000000000000318e-01
9.423000000000000265e-01 9.483000000000000318e-01
9.423000000000000265e-01 9.485999999999999988e-01
9.422000000000000375e-01 9.488999999999999657e-01
9.423000000000000265e-01 9.495000000000000107e-01
9.423000000000000265e-01 9.493000000000000327e-01
9.423000000000000265e-01 9.494000000000000217e-01
9.422000000000000375e-01 9.496999999999999886e-01
9.422000000000000375e-01 9.487999999999999767e-01
9.422000000000000375e-01 9.494000000000000217e-01
9.418999999999999595e-01 9.483000000000000318e-01
9.421000000000000485e-01 9.485999999999999988e-01
9.418999999999999595e-01 9.485999999999999988e-01
9.418999999999999595e-01 9.492000000000000437e-01
9.422000000000000375e-01 9.502000000000000446e-01
9.424000000000000155e-01 9.494000000000000217e-01
9.423000000000000265e-01 9.494000000000000217e-01
9.419999999999999485e-01 9.488999999999999657e-01
9.419999999999999485e-01 9.484000000000000208e-01
9.419999999999999485e-01 9.486999999999999877e-01
9.417999999999999705e-01 9.488999999999999657e-01
9.419999999999999485e-01 9.489999999999999547e-01
9.419999999999999485e-01 9.489999999999999547e-01
9.418999999999999595e-01 9.488999999999999657e-01
9.418999999999999595e-01 9.488999999999999657e-01
9.418999999999999595e-01 9.485999999999999988e-01
9.418999999999999595e-01 9.484000000000000208e-01
9.419999999999999485e-01 9.489999999999999547e-01
9.419999999999999485e-01 9.487999999999999767e-01
9.421000000000000485e-01 9.491000000000000547e-01
9.417999999999999705e-01 9.489999999999999547e-01
9.418999999999999595e-01 9.494000000000000217e-01
9.421000000000000485e-01 9.487999999999999767e-01
9.421000000000000485e-01 9.487999999999999767e-01
9.421000000000000485e-01 9.485999999999999988e-01
9.422000000000000375e-01 9.479999999999999538e-01
9.422000000000000375e-01 9.484000000000000208e-01
9.422000000000000375e-01 9.482000000000000428e-01
9.422000000000000375e-01 9.486999999999999877e-01
9.422000000000000375e-01 9.485000000000000098e-01
9.422000000000000375e-01 9.476999999999999869e-01
9.422000000000000375e-01 9.485000000000000098e-01
9.422000000000000375e-01 9.485000000000000098e-01
9.423000000000000265e-01 9.485000000000000098e-01
9.423000000000000265e-01 9.481000000000000538e-01
9.424000000000000155e-01 9.479999999999999538e-01
9.424000000000000155e-01 9.481000000000000538e-01
9.423000000000000265e-01 9.483000000000000318e-01
9.419999999999999485e-01 9.485000000000000098e-01
9.417999999999999705e-01 9.483000000000000318e-01
9.416999999999999815e-01 9.479999999999999538e-01
9.417999999999999705e-01 9.475999999999999979e-01
9.418999999999999595e-01 9.475000000000000089e-01
9.419999999999999485e-01 9.482000000000000428e-01
9.418999999999999595e-01 9.477999999999999758e-01
9.417999999999999705e-01 9.478999999999999648e-01
9.418999999999999595e-01 9.483000000000000318e-01
9.418999999999999595e-01 9.495000000000000107e-01
9.423000000000000265e-01 9.493000000000000327e-01
9.422000000000000375e-01 9.498999999999999666e-01
9.423000000000000265e-01 9.505000000000000115e-01
9.424000000000000155e-01 9.498999999999999666e-01
9.423000000000000265e-01 9.496999999999999886e-01
9.423000000000000265e-01 9.489999999999999547e-01
9.424000000000000155e-01 9.492000000000000437e-01
9.423000000000000265e-01 9.492000000000000437e-01
9.423000000000000265e-01 9.502000000000000446e-01
9.424000000000000155e-01 9.503000000000000336e-01
9.423000000000000265e-01 9.502000000000000446e-01
9.423000000000000265e-01 9.504000000000000226e-01
9.423000000000000265e-01 9.498999999999999666e-01
9.422000000000000375e-01 9.495000000000000107e-01
9.422000000000000375e-01 9.491000000000000547e-01
9.422000000000000375e-01 9.489999999999999547e-01
9.423000000000000265e-01 9.495999999999999996e-01
9.423000000000000265e-01 9.495999999999999996e-01
9.424000000000000155e-01 9.497999999999999776e-01
9.424000000000000155e-01 9.502000000000000446e-01
9.424000000000000155e-01 9.503000000000000336e-01
9.424000000000000155e-01 9.510999999999999455e-01
9.423000000000000265e-01 9.507999999999999785e-01
9.425000000000000044e-01 9.509999999999999565e-01
9.425000000000000044e-01 9.512000000000000455e-01
9.423000000000000265e-01 9.509999999999999565e-01
9.423000000000000265e-01 9.512000000000000455e-01
9.424000000000000155e-01 9.505000000000000115e-01
9.423000000000000265e-01 9.499999999999999556e-01
9.423000000000000265e-01 9.509999999999999565e-01
9.425000000000000044e-01 9.503000000000000336e-01
9.426999999999999824e-01 9.504000000000000226e-01
9.424000000000000155e-01 9.506000000000000005e-01
9.424000000000000155e-01 9.502000000000000446e-01
9.424000000000000155e-01 9.509999999999999565e-01
9.424000000000000155e-01 9.498999999999999666e-01
9.425000000000000044e-01 9.500999999999999446e-01
9.425000000000000044e-01 9.502000000000000446e-01
9.425000000000000044e-01 9.494000000000000217e-01
9.425000000000000044e-01 9.497999999999999776e-01
9.424000000000000155e-01 9.495999999999999996e-01
9.425999999999999934e-01 9.495000000000000107e-01
9.425999999999999934e-01 9.496999999999999886e-01
9.425999999999999934e-01 9.491000000000000547e-01
9.425000000000000044e-01 9.495999999999999996e-01
9.425000000000000044e-01 9.499999999999999556e-01
9.425000000000000044e-01 9.496999999999999886e-01
9.425000000000000044e-01 9.499999999999999556e-01
9.425999999999999934e-01 9.500999999999999446e-01
9.425999999999999934e-01 9.505000000000000115e-01
9.425999999999999934e-01 9.500999999999999446e-01
9.425000000000000044e-01 9.497999999999999776e-01
9.425000000000000044e-01 9.506000000000000005e-01
9.425000000000000044e-01 9.505000000000000115e-01
9.425999999999999934e-01 9.506000000000000005e-01
9.425000000000000044e-01 9.495999999999999996e-01
9.425000000000000044e-01 9.497999999999999776e-01
9.425999999999999934e-01 9.494000000000000217e-01
9.425999999999999934e-01 9.498999999999999666e-01
9.425000000000000044e-01 9.495000000000000107e-01
9.425000000000000044e-01 9.497999999999999776e-01
9.425000000000000044e-01 9.500999999999999446e-01
9.426999999999999824e-01 9.502000000000000446e-01
9.427999999999999714e-01 9.493000000000000327e-01
9.425999999999999934e-01 9.497999999999999776e-01
9.426999999999999824e-01 9.504000000000000226e-01
9.426999999999999824e-01 9.498999999999999666e-01
9.426999999999999824e-01 9.500999999999999446e-01
9.425999999999999934e-01 9.497999999999999776e-01
9.425999999999999934e-01 9.496999999999999886e-01
9.426999999999999824e-01 9.498999999999999666e-01
9.425999999999999934e-01 9.495000000000000107e-01
9.426999999999999824e-01 9.489999999999999547e-01
9.427999999999999714e-01 9.489999999999999547e-01
9.426999999999999824e-01 9.492000000000000437e-01
9.425999999999999934e-01 9.499999999999999556e-01
9.425000000000000044e-01 9.495999999999999996e-01
9.425999999999999934e-01 9.499999999999999556e-01
9.425000000000000044e-01 9.499999999999999556e-01
9.425999999999999934e-01 9.496999999999999886e-01
9.425000000000000044e-01 9.499999999999999556e-01
9.426999999999999824e-01 9.496999999999999886e-01
9.425999999999999934e-01 9.494000000000000217e-01
9.424000000000000155e-01 9.493000000000000327e-01
9.424000000000000155e-01 9.496999999999999886e-01
9.423000000000000265e-01 9.495999999999999996e-01
9.422000000000000375e-01 9.495000000000000107e-01
9.423000000000000265e-01 9.495000000000000107e-01
9.424000000000000155e-01 9.489999999999999547e-01
9.424000000000000155e-01 9.492000000000000437e-01
9.424000000000000155e-01 9.488999999999999657e-01
9.425999999999999934e-01 9.493000000000000327e-01
9.425999999999999934e-01 9.495999999999999996e-01
9.425999999999999934e-01 9.493000000000000327e-01
9.426999999999999824e-01 9.493000000000000327e-01
9.425999999999999934e-01 9.494000000000000217e-01
9.425999999999999934e-01 9.495000000000000107e-01
9.425999999999999934e-01 9.485999999999999988e-01
9.425999999999999934e-01 9.488999999999999657e-01
9.425999999999999934e-01 9.485999999999999988e-01
9.425999999999999934e-01 9.485999999999999988e-01
9.424000000000000155e-01 9.482000000000000428e-01
9.424000000000000155e-01 9.476999999999999869e-01
9.423000000000000265e-01 9.486999999999999877e-01
9.424000000000000155e-01 9.485999999999999988e-01
9.425000000000000044e-01 9.478999999999999648e-01
9.425000000000000044e-01 9.477999999999999758e-01
9.425999999999999934e-01 9.484000000000000208e-01
9.425999999999999934e-01 9.477999999999999758e-01
9.424000000000000155e-01 9.479999999999999538e-01
9.424000000000000155e-01 9.478999999999999648e-01
9.426999999999999824e-01 9.493000000000000327e-01
9.425000000000000044e-01 9.491000000000000547e-01
9.424000000000000155e-01 9.483000000000000318e-01
9.424000000000000155e-01 9.485999999999999988e-01
9.425000000000000044e-01 9.485000000000000098e-01
9.423000000000000265e-01 9.484000000000000208e-01
9.423000000000000265e-01 9.487999999999999767e-01
9.424000000000000155e-01 9.485999999999999988e-01
9.424000000000000155e-01 9.485000000000000098e-01
9.424000000000000155e-01 9.485999999999999988e-01
9.424000000000000155e-01 9.496999999999999886e-01
9.424000000000000155e-01 9.489999999999999547e-01
9.424000000000000155e-01 9.485999999999999988e-01
9.425999999999999934e-01 9.485999999999999988e-01
9.425000000000000044e-01 9.494000000000000217e-01
9.425000000000000044e-01 9.494000000000000217e-01
9.424000000000000155e-01 9.498999999999999666e-01
9.423000000000000265e-01 9.492000000000000437e-01
9.423000000000000265e-01 9.494000000000000217e-01
9.423000000000000265e-01 9.494000000000000217e-01
9.423000000000000265e-01 9.497999999999999776e-01
9.422000000000000375e-01 9.498999999999999666e-01
9.424000000000000155e-01 9.507999999999999785e-01
9.425000000000000044e-01 9.509999999999999565e-01
9.425999999999999934e-01 9.506000000000000005e-01
9.423000000000000265e-01 9.509999999999999565e-01
9.423000000000000265e-01 9.506000000000000005e-01
9.422000000000000375e-01 9.509999999999999565e-01
9.422000000000000375e-01 9.506999999999999895e-01
9.422000000000000375e-01 9.512000000000000455e-01
9.422000000000000375e-01 9.512000000000000455e-01
9.422000000000000375e-01 9.508999999999999675e-01
9.422000000000000375e-01 9.504000000000000226e-01
9.422000000000000375e-01 9.503000000000000336e-01
9.421000000000000485e-01 9.506000000000000005e-01
9.421000000000000485e-01 9.504000000000000226e-01
9.421000000000000485e-01 9.505000000000000115e-01
9.421000000000000485e-01 9.502000000000000446e-01
9.419999999999999485e-01 9.500999999999999446e-01
9.418999999999999595e-01 9.509999999999999565e-01
9.418999999999999595e-01 9.506000000000000005e-01
9.418999999999999595e-01 9.502000000000000446e-01
9.417999999999999705e-01 9.507999999999999785e-01
9.417999999999999705e-01 9.507999999999999785e-01
9.417999999999999705e-01 9.508999999999999675e-01
9.416999999999999815e-01 9.506999999999999895e-01
9.417999999999999705e-01 9.512000000000000455e-01
9.416999999999999815e-01 9.506999999999999895e-01
9.416999999999999815e-01 9.509999999999999565e-01
9.416999999999999815e-01 9.508999999999999675e-01
9.417999999999999705e-01 9.506000000000000005e-01
9.417999999999999705e-01 9.502000000000000446e-01
9.416999999999999815e-01 9.508999999999999675e-01
9.416999999999999815e-01 9.506000000000000005e-01
9.418999999999999595e-01 9.505000000000000115e-01
9.418999999999999595e-01 9.503000000000000336e-01
9.417999999999999705e-01 9.499999999999999556e-01
9.417999999999999705e-01 9.497999999999999776e-01
9.417999999999999705e-01 9.499999999999999556e-01
9.417999999999999705e-01 9.495000000000000107e-01
9.418999999999999595e-01 9.498999999999999666e-01
9.419999999999999485e-01 9.500999999999999446e-01
9.418999999999999595e-01 9.492000000000000437e-01
9.417999999999999705e-01 9.496999999999999886e-01
9.419999999999999485e-01 9.496999999999999886e-01
9.419999999999999485e-01 9.496999999999999886e-01
9.421000000000000485e-01 9.492000000000000437e-01
9.421000000000000485e-01 9.494000000000000217e-01
9.419999999999999485e-01 9.495999999999999996e-01
9.419999999999999485e-01 9.495000000000000107e-01
9.418999999999999595e-01 9.495000000000000107e-01
9.417999999999999705e-01 9.494000000000000217e-01
9.419999999999999485e-01 9.491000000000000547e-01
9.418999999999999595e-01 9.487999999999999767e-01
9.416999999999999815e-01 9.486999999999999877e-01
9.418999999999999595e-01 9.488999999999999657e-01
9.419999999999999485e-01 9.491000000000000547e-01
9.421000000000000485e-01 9.494000000000000217e-01
9.422000000000000375e-01 9.495999999999999996e-01
9.418999999999999595e-01 9.503000000000000336e-01
9.417999999999999705e-01 9.495999999999999996e-01
9.418999999999999595e-01 9.496999999999999886e-01
9.419999999999999485e-01 9.500999999999999446e-01
9.418999999999999595e-01 9.496999999999999886e-01
9.418999999999999595e-01 9.504000000000000226e-01
9.417999999999999705e-01 9.506999999999999895e-01
9.418999999999999595e-01 9.504000000000000226e-01
9.417999999999999705e-01 9.498999999999999666e-01
9.417999999999999705e-01 9.495999999999999996e-01
9.415999999999999925e-01 9.495999999999999996e-01
9.415000000000000036e-01 9.503000000000000336e-01
9.415000000000000036e-01 9.504000000000000226e-01
9.415000000000000036e-01 9.503000000000000336e-01
9.416999999999999815e-01 9.502000000000000446e-01
9.417999999999999705e-01 9.503000000000000336e-01
9.417999999999999705e-01 9.502000000000000446e-01
9.419999999999999485e-01 9.498999999999999666e-01
9.416999999999999815e-01 9.500999999999999446e-01
9.417999999999999705e-01 9.493000000000000327e-01
9.417999999999999705e-01 9.489999999999999547e-01
9.419999999999999485e-01 9.493000000000000327e-01
9.417999999999999705e-01 9.485999999999999988e-01
9.417999999999999705e-01 9.485999999999999988e-01
9.416999999999999815e-01 9.482000000000000428e-01
9.415999999999999925e-01 9.485999999999999988e-01
9.416999999999999815e-01 9.483000000000000318e-01
9.418999999999999595e-01 9.491000000000000547e-01
9.418999999999999595e-01 9.489999999999999547e-01
9.417999999999999705e-01 9.486999999999999877e-01
9.417999999999999705e-01 9.489999999999999547e-01
9.418999999999999595e-01 9.486999999999999877e-01
9.418999999999999595e-01 9.483000000000000318e-01
9.417999999999999705e-01 9.482000000000000428e-01
9.416999999999999815e-01 9.482000000000000428e-01
9.416999999999999815e-01 9.476999999999999869e-01
9.415999999999999925e-01 9.481000000000000538e-01
9.415999999999999925e-01 9.477999999999999758e-01
9.415000000000000036e-01 9.479999999999999538e-01
9.415000000000000036e-01 9.486999999999999877e-01
9.416999999999999815e-01 9.486999999999999877e-01
9.417999999999999705e-01 9.488999999999999657e-01
9.417999999999999705e-01 9.484000000000000208e-01
9.417999999999999705e-01 9.486999999999999877e-01
9.416999999999999815e-01 9.491000000000000547e-01
9.417999999999999705e-01 9.486999999999999877e-01
9.418999999999999595e-01 9.485000000000000098e-01
9.418999999999999595e-01 9.478999999999999648e-01
9.417999999999999705e-01 9.481000000000000538e-01
9.418999999999999595e-01 9.481000000000000538e-01
9.418999999999999595e-01 9.483000000000000318e-01
9.418999999999999595e-01 9.481000000000000538e-01
9.418999999999999595e-01 9.476999999999999869e-01
9.418999999999999595e-01 9.476999999999999869e-01
9.417999999999999705e-01 9.483000000000000318e-01
9.418999999999999595e-01 9.485000000000000098e-01
9.415999999999999925e-01 9.486999999999999877e-01
9.415999999999999925e-01 9.482000000000000428e-01
9.415000000000000036e-01 9.482000000000000428e-01
9.415999999999999925e-01 9.479999999999999538e-01
9.415000000000000036e-01 9.483000000000000318e-01
9.415000000000000036e-01 9.483000000000000318e-01
9.414000000000000146e-01 9.475999999999999979e-01
9.414000000000000146e-01 9.482000000000000428e-01
9.414000000000000146e-01 9.485999999999999988e-01
9.415000000000000036e-01 9.495999999999999996e-01
9.411000000000000476e-01 9.493000000000000327e-01
9.413000000000000256e-01 9.488999999999999657e-01
9.415000000000000036e-01 9.486999999999999877e-01
9.414000000000000146e-01 9.483000000000000318e-01
9.415999999999999925e-01 9.492000000000000437e-01
9.415000000000000036e-01 9.483000000000000318e-01
9.415000000000000036e-01 9.485000000000000098e-01
9.415999999999999925e-01 9.486999999999999877e-01
9.416999999999999815e-01 9.483000000000000318e-01
9.414000000000000146e-01 9.482000000000000428e-01
9.415000000000000036e-01 9.481000000000000538e-01
9.415000000000000036e-01 9.482000000000000428e-01
9.415000000000000036e-01 9.482000000000000428e-01
9.415000000000000036e-01 9.482000000000000428e-01
9.414000000000000146e-01 9.478999999999999648e-01
9.414000000000000146e-01 9.485000000000000098e-01
9.414000000000000146e-01 9.491000000000000547e-01
9.415000000000000036e-01 9.488999999999999657e-01
9.414000000000000146e-01 9.489999999999999547e-01
9.414000000000000146e-01 9.485000000000000098e-01
9.414000000000000146e-01 9.488999999999999657e-01
9.414000000000000146e-01 9.485999999999999988e-01
9.414000000000000146e-01 9.487999999999999767e-01
9.414000000000000146e-01 9.493000000000000327e-01
9.415000000000000036e-01 9.486999999999999877e-01
9.415000000000000036e-01 9.482000000000000428e-01
9.414000000000000146e-01 9.484000000000000208e-01
9.414000000000000146e-01 9.487999999999999767e-01
9.414000000000000146e-01 9.482000000000000428e-01
9.414000000000000146e-01 9.483000000000000318e-01
9.413000000000000256e-01 9.486999999999999877e-01
9.412000000000000366e-01 9.486999999999999877e-01
9.412000000000000366e-01 9.485000000000000098e-01
9.412000000000000366e-01 9.481000000000000538e-01
9.413000000000000256e-01 9.485999999999999988e-01
9.411000000000000476e-01 9.486999999999999877e-01
9.411000000000000476e-01 9.476999999999999869e-01
9.411000000000000476e-01 9.483000000000000318e-01
9.412000000000000366e-01 9.487999999999999767e-01
9.409999999999999476e-01 9.479999999999999538e-01
9.408999999999999586e-01 9.481000000000000538e-01
9.409999999999999476e-01 9.483000000000000318e-01
9.412000000000000366e-01 9.482000000000000428e-01
9.412000000000000366e-01 9.477999999999999758e-01
9.409999999999999476e-01 9.485000000000000098e-01
9.409999999999999476e-01 9.484000000000000208e-01
9.409999999999999476e-01 9.482000000000000428e-01
9.411000000000000476e-01 9.485000000000000098e-01
9.408999999999999586e-01 9.481000000000000538e-01
9.407999999999999696e-01 9.473000000000000309e-01
9.408999999999999586e-01 9.474000000000000199e-01
9.409999999999999476e-01 9.471000000000000529e-01
9.407999999999999696e-01 9.469999999999999529e-01
9.408999999999999586e-01 9.463000000000000300e-01
9.407999999999999696e-01 9.465000000000000080e-01
9.408999999999999586e-01 9.469999999999999529e-01
9.407999999999999696e-01 9.472000000000000419e-01
9.408999999999999586e-01 9.475999999999999979e-01
9.407999999999999696e-01 9.477999999999999758e-01
9.405999999999999917e-01 9.469999999999999529e-01
9.407999999999999696e-01 9.482000000000000428e-01
9.405999999999999917e-01 9.471000000000000529e-01
9.408999999999999586e-01 9.473000000000000309e-01
9.408999999999999586e-01 9.474000000000000199e-01
9.407999999999999696e-01 9.475000000000000089e-01
9.407999999999999696e-01 9.475000000000000089e-01
9.406999999999999806e-01 9.466999999999999860e-01
9.406999999999999806e-01 9.468999999999999639e-01
9.405999999999999917e-01 9.468999999999999639e-01
9.405000000000000027e-01 9.474000000000000199e-01
9.405000000000000027e-01 9.482000000000000428e-01
9.404000000000000137e-01 9.478999999999999648e-01
9.405000000000000027e-01 9.469999999999999529e-01
9.405000000000000027e-01 9.466999999999999860e-01
9.404000000000000137e-01 9.472000000000000419e-01
9.404000000000000137e-01 9.471000000000000529e-01
9.402000000000000357e-01 9.475000000000000089e-01
9.404000000000000137e-01 9.469999999999999529e-01
9.404000000000000137e-01 9.473000000000000309e-01
9.405000000000000027e-01 9.468999999999999639e-01
9.406999999999999806e-01 9.471000000000000529e-01
9.407999999999999696e-01 9.468999999999999639e-01
9.407999999999999696e-01 9.474000000000000199e-01
9.409999999999999476e-01 9.475000000000000089e-01
9.412000000000000366e-01 9.473000000000000309e-01
9.411000000000000476e-01 9.471000000000000529e-01
9.411000000000000476e-01 9.474000000000000199e-01
9.409999999999999476e-01 9.476999999999999869e-01
9.411000000000000476e-01 9.466999999999999860e-01
9.413000000000000256e-01 9.474000000000000199e-01
9.415000000000000036e-01 9.473000000000000309e-01
9.414000000000000146e-01 9.474000000000000199e-01
9.414000000000000146e-01 9.477999999999999758e-01
9.413000000000000256e-01 9.474000000000000199e-01
9.413000000000000256e-01 9.477999999999999758e-01
9.413000000000000256e-01 9.476999999999999869e-01
9.413000000000000256e-01 9.475999999999999979e-01
9.413000000000000256e-01 9.475999999999999979e-01
9.411000000000000476e-01 9.475000000000000089e-01
9.411000000000000476e-01 9.481000000000000538e-01
9.412000000000000366e-01 9.483000000000000318e-01
9.412000000000000366e-01 9.486999999999999877e-01
9.413000000000000256e-01 9.483000000000000318e-01
9.413000000000000256e-01 9.486999999999999877e-01
9.414000000000000146e-01 9.494000000000000217e-01
9.414000000000000146e-01 9.488999999999999657e-01
9.413000000000000256e-01 9.489999999999999547e-01
9.413000000000000256e-01 9.485000000000000098e-01
9.413000000000000256e-01 9.485000000000000098e-01
9.413000000000000256e-01 9.488999999999999657e-01
9.413000000000000256e-01 9.485999999999999988e-01
9.412000000000000366e-01 9.481000000000000538e-01
9.412000000000000366e-01 9.475999999999999979e-01
9.412000000000000366e-01 9.477999999999999758e-01
9.414000000000000146e-01 9.473000000000000309e-01
9.414000000000000146e-01 9.477999999999999758e-01
9.413000000000000256e-01 9.475000000000000089e-01
9.412000000000000366e-01 9.469999999999999529e-01
9.411000000000000476e-01 9.465999999999999970e-01
9.411000000000000476e-01 9.476999999999999869e-01
9.409999999999999476e-01 9.477999999999999758e-01
9.411000000000000476e-01 9.477999999999999758e-01
9.409999999999999476e-01 9.476999999999999869e-01
9.409999999999999476e-01 9.475999999999999979e-01
9.409999999999999476e-01 9.476999999999999869e-01
9.408999999999999586e-01 9.482000000000000428e-01
9.411000000000000476e-01 9.482000000000000428e-01
9.411000000000000476e-01 9.484000000000000208e-01
9.411000000000000476e-01 9.476999999999999869e-01
9.411000000000000476e-01 9.475999999999999979e-01
9.412000000000000366e-01 9.476999999999999869e-01
9.413000000000000256e-01 9.473000000000000309e-01
9.413000000000000256e-01 9.467999999999999750e-01
9.412000000000000366e-01 9.467999999999999750e-01
9.411000000000000476e-01 9.473000000000000309e-01
9.412000000000000366e-01 9.479999999999999538e-01
9.412000000000000366e-01 9.481000000000000538e-01
9.413000000000000256e-01 9.482000000000000428e-01
9.412000000000000366e-01 9.485000000000000098e-01
9.411000000000000476e-01 9.478999999999999648e-01
9.409999999999999476e-01 9.477999999999999758e-01
9.414000000000000146e-01 9.484000000000000208e-01
9.413000000000000256e-01 9.487999999999999767e-01
9.414000000000000146e-01 9.493000000000000327e-01
9.414000000000000146e-01 9.488999999999999657e-01
9.414000000000000146e-01 9.497999999999999776e-01
9.414000000000000146e-01 9.499999999999999556e-01
9.414000000000000146e-01 9.495999999999999996e-01
9.414000000000000146e-01 9.493000000000000327e-01
9.415999999999999925e-01 9.487999999999999767e-01
9.416999999999999815e-01 9.486999999999999877e-01
9.415999999999999925e-01 9.486999999999999877e-01
9.415000000000000036e-01 9.486999999999999877e-01
9.415000000000000036e-01 9.487999999999999767e-01
9.414000000000000146e-01 9.491000000000000547e-01
9.415999999999999925e-01 9.486999999999999877e-01
9.415999999999999925e-01 9.486999999999999877e-01
9.416999999999999815e-01 9.497999999999999776e-01
9.415999999999999925e-01 9.496999999999999886e-01
9.415999999999999925e-01 9.493000000000000327e-01
9.415000000000000036e-01 9.488999999999999657e-01
9.415000000000000036e-01 9.494000000000000217e-01
9.414000000000000146e-01 9.493000000000000327e-01
9.414000000000000146e-01 9.486999999999999877e-01
9.415999999999999925e-01 9.486999999999999877e-01
9.415999999999999925e-01 9.485000000000000098e-01
9.415999999999999925e-01 9.485999999999999988e-01
9.415999999999999925e-01 9.487999999999999767e-01
9.415000000000000036e-01 9.491000000000000547e-01
9.415000000000000036e-01 9.488999999999999657e-01
9.415000000000000036e-01 9.486999999999999877e-01
9.415000000000000036e-01 9.487999999999999767e-01
9.415000000000000036e-01 9.477999999999999758e-01
9.412000000000000366e-01 9.484000000000000208e-01
9.412000000000000366e-01 9.483000000000000318e-01
9.411000000000000476e-01 9.477999999999999758e-01
9.411000000000000476e-01 9.479999999999999538e-01
9.411000000000000476e-01 9.482000000000000428e-01
9.411000000000000476e-01 9.482000000000000428e-01
9.411000000000000476e-01 9.473000000000000309e-01
9.412000000000000366e-01 9.484000000000000208e-01
9.412000000000000366e-01 9.479999999999999538e-01
9.412000000000000366e-01 9.472000000000000419e-01
9.411000000000000476e-01 9.477999999999999758e-01
9.412000000000000366e-01 9.474000000000000199e-01
9.411000000000000476e-01 9.475999999999999979e-01
9.412000000000000366e-01 9.478999999999999648e-01
9.414000000000000146e-01 9.472000000000000419e-01
9.414000000000000146e-01 9.475999999999999979e-01
9.414000000000000146e-01 9.475000000000000089e-01
9.414000000000000146e-01 9.481000000000000538e-01
9.414000000000000146e-01 9.481000000000000538e-01
9.414000000000000146e-01 9.485000000000000098e-01
9.413000000000000256e-01 9.482000000000000428e-01
9.414000000000000146e-01 9.484000000000000208e-01
9.413000000000000256e-01 9.487999999999999767e-01
9.412000000000000366e-01 9.489999999999999547e-01
9.412000000000000366e-01 9.493000000000000327e-01
9.413000000000000256e-01 9.487999999999999767e-01
9.412000000000000366e-01 9.491000000000000547e-01
9.412000000000000366e-01 9.485000000000000098e-01
9.412000000000000366e-01 9.482000000000000428e-01
9.412000000000000366e-01 9.478999999999999648e-01
9.412000000000000366e-01 9.478999999999999648e-01
9.412000000000000366e-01 9.483000000000000318e-01
9.412000000000000366e-01 9.479999999999999538e-01
9.412000000000000366e-01 9.491000000000000547e-01
9.412000000000000366e-01 9.484000000000000208e-01
9.412000000000000366e-01 9.488999999999999657e-01
9.412000000000000366e-01 9.485000000000000098e-01
9.412000000000000366e-01 9.488999999999999657e-01
9.412000000000000366e-01 9.485999999999999988e-01
9.411000000000000476e-01 9.486999999999999877e-01
9.411000000000000476e-01 9.485000000000000098e-01
9.411000000000000476e-01 9.481000000000000538e-01
9.411000000000000476e-01 9.484000000000000208e-01
9.412000000000000366e-01 9.488999999999999657e-01
9.412000000000000366e-01 9.487999999999999767e-01
9.411000000000000476e-01 9.487999999999999767e-01
9.411000000000000476e-01 9.479999999999999538e-01
9.411000000000000476e-01 9.479999999999999538e-01
9.409999999999999476e-01 9.478999999999999648e-01
9.408999999999999586e-01 9.477999999999999758e-01
9.409999999999999476e-01 9.482000000000000428e-01
9.409999999999999476e-01 9.471000000000000529e-01
9.408999999999999586e-01 9.475999999999999979e-01
9.411000000000000476e-01 9.471000000000000529e-01
9.409999999999999476e-01 9.472000000000000419e-01
9.408999999999999586e-01 9.471000000000000529e-01
9.408999999999999586e-01 9.468999999999999639e-01
9.408999999999999586e-01 9.475000000000000089e-01
9.409999999999999476e-01 9.476999999999999869e-01
9.412000000000000366e-01 9.475999999999999979e-01
9.412000000000000366e-01 9.473000000000000309e-01
9.411000000000000476e-01 9.475999999999999979e-01
9.411000000000000476e-01 9.477999999999999758e-01
9.411000000000000476e-01 9.478999999999999648e-01
9.408999999999999586e-01 9.477999999999999758e-01
9.408999999999999586e-01 9.485999999999999988e-01
9.408999999999999586e-01 9.486999999999999877e-01
9.408999999999999586e-01 9.482000000000000428e-01
9.408999999999999586e-01 9.484000000000000208e-01
9.409999999999999476e-01 9.477999999999999758e-01
9.409999999999999476e-01 9.482000000000000428e-01
9.407999999999999696e-01 9.479999999999999538e-01
9.407999999999999696e-01 9.484000000000000208e-01
9.408999999999999586e-01 9.491000000000000547e-01
9.407999999999999696e-01 9.487999999999999767e-01
9.407999999999999696e-01 9.487999999999999767e-01
9.408999999999999586e-01 9.478999999999999648e-01
9.408999999999999586e-01 9.483000000000000318e-01
9.408999999999999586e-01 9.477999999999999758e-01
9.408999999999999586e-01 9.472000000000000419e-01
9.408999999999999586e-01 9.475999999999999979e-01
9.408999999999999586e-01 9.479999999999999538e-01
9.409999999999999476e-01 9.475000000000000089e-01
9.408999999999999586e-01 9.475999999999999979e-01
9.407999999999999696e-01 9.473000000000000309e-01
9.406999999999999806e-01 9.475000000000000089e-01
9.406999999999999806e-01 9.475000000000000089e-01
9.406999999999999806e-01 9.475000000000000089e-01
9.407999999999999696e-01 9.478999999999999648e-01
9.407999999999999696e-01 9.477999999999999758e-01
9.408999999999999586e-01 9.479999999999999538e-01
9.407999999999999696e-01 9.476999999999999869e-01
9.407999999999999696e-01 9.472000000000000419e-01
9.407999999999999696e-01 9.477999999999999758e-01
9.407999999999999696e-01 9.476999999999999869e-01
9.405999999999999917e-01 9.478999999999999648e-01
9.404000000000000137e-01 9.478999999999999648e-01
9.404000000000000137e-01 9.476999999999999869e-01
9.405000000000000027e-01 9.476999999999999869e-01
9.405000000000000027e-01 9.473000000000000309e-01
9.404000000000000137e-01 9.466999999999999860e-01
9.404000000000000137e-01 9.472000000000000419e-01
9.404000000000000137e-01 9.473000000000000309e-01
9.404000000000000137e-01 9.474000000000000199e-01
9.404000000000000137e-01 9.479999999999999538e-01
9.405000000000000027e-01 9.481000000000000538e-01
9.405000000000000027e-01 9.481000000000000538e-01
9.405000000000000027e-01 9.478999999999999648e-01
9.405999999999999917e-01 9.482000000000000428e-01
9.405999999999999917e-01 9.486999999999999877e-01
9.405999999999999917e-01 9.483000000000000318e-01
9.405999999999999917e-01 9.478999999999999648e-01
9.405999999999999917e-01 9.477999999999999758e-01
9.404000000000000137e-01 9.478999999999999648e-01
9.405999999999999917e-01 9.477999999999999758e-01
9.404000000000000137e-01 9.475000000000000089e-01
9.403000000000000247e-01 9.477999999999999758e-01
9.404000000000000137e-01 9.483000000000000318e-01
9.405999999999999917e-01 9.479999999999999538e-01
9.405999999999999917e-01 9.477999999999999758e-01
9.406999999999999806e-01 9.474000000000000199e-01
9.405999999999999917e-01 9.472000000000000419e-01
9.405999999999999917e-01 9.475999999999999979e-01
9.406999999999999806e-01 9.471000000000000529e-01
9.405999999999999917e-01 9.472000000000000419e-01
9.405000000000000027e-01 9.478999999999999648e-01
9.404000000000000137e-01 9.484000000000000208e-01
9.405000000000000027e-01 9.482000000000000428e-01
9.405999999999999917e-01 9.473000000000000309e-01
9.405999999999999917e-01 9.472000000000000419e-01
9.405999999999999917e-01 9.476999999999999869e-01
9.405999999999999917e-01 9.481000000000000538e-01
9.408999999999999586e-01 9.476999999999999869e-01
9.408999999999999586e-01 9.477999999999999758e-01
9.406999999999999806e-01 9.476999999999999869e-01
9.407999999999999696e-01 9.474000000000000199e-01
9.405999999999999917e-01 9.475999999999999979e-01
9.405999999999999917e-01 9.479999999999999538e-01
9.406999999999999806e-01 9.477999999999999758e-01
9.406999999999999806e-01 9.475999999999999979e-01
9.407999999999999696e-01 9.479999999999999538e-01
9.406999999999999806e-01 9.475000000000000089e-01
9.406999999999999806e-01 9.473000000000000309e-01
9.406999999999999806e-01 9.475000000000000089e-01
9.405999999999999917e-01 9.475999999999999979e-01
9.406999999999999806e-01 9.473000000000000309e-01
9.406999999999999806e-01 9.477999999999999758e-01
9.405999999999999917e-01 9.486999999999999877e-01
9.406999999999999806e-01 9.484000000000000208e-01
9.405999999999999917e-01 9.486999999999999877e-01
9.405999999999999917e-01 9.481000000000000538e-01
9.405999999999999917e-01 9.482000000000000428e-01
9.405000000000000027e-01 9.476999999999999869e-01
9.405000000000000027e-01 9.485000000000000098e-01
9.405999999999999917e-01 9.475999999999999979e-01
9.406999999999999806e-01 9.478999999999999648e-01
9.407999999999999696e-01 9.473000000000000309e-01
9.406999999999999806e-01 9.482000000000000428e-01
9.407999999999999696e-01 9.476999999999999869e-01
9.405999999999999917e-01 9.483000000000000318e-01
9.406999999999999806e-01 9.476999999999999869e-01
9.405999999999999917e-01 9.481000000000000538e-01
9.406999999999999806e-01 9.478999999999999648e-01
9.407999999999999696e-01 9.481000000000000538e-01
9.406999999999999806e-01 9.477999999999999758e-01
9.406999999999999806e-01 9.482000000000000428e-01
9.406999999999999806e-01 9.473000000000000309e-01
9.406999999999999806e-01 9.477999999999999758e-01
9.405999999999999917e-01 9.468999999999999639e-01
9.406999999999999806e-01 9.468999999999999639e-01
9.405999999999999917e-01 9.475000000000000089e-01
9.406999999999999806e-01 9.475000000000000089e-01
9.406999999999999806e-01 9.473000000000000309e-01
9.405999999999999917e-01 9.468999999999999639e-01
9.406999999999999806e-01 9.473000000000000309e-01
9.405999999999999917e-01 9.472000000000000419e-01
9.405999999999999917e-01 9.466999999999999860e-01
9.405999999999999917e-01 9.468999999999999639e-01
9.405999999999999917e-01 9.472000000000000419e-01
9.406999999999999806e-01 9.478999999999999648e-01
9.405999999999999917e-01 9.465999999999999970e-01
9.405000000000000027e-01 9.467999999999999750e-01
9.404000000000000137e-01 9.465999999999999970e-01
9.404000000000000137e-01 9.466999999999999860e-01
9.404000000000000137e-01 9.467999999999999750e-01
9.402000000000000357e-01 9.474000000000000199e-01
9.403000000000000247e-01 9.473000000000000309e-01
9.404000000000000137e-01 9.473000000000000309e-01
9.402000000000000357e-01 9.472000000000000419e-01
9.402000000000000357e-01 9.471000000000000529e-01
9.402000000000000357e-01 9.465999999999999970e-01
9.402000000000000357e-01 9.472000000000000419e-01
9.402000000000000357e-01 9.465999999999999970e-01
9.405999999999999917e-01 9.468999999999999639e-01
9.405000000000000027e-01 9.471000000000000529e-01
9.405999999999999917e-01 9.468999999999999639e-01
9.406999999999999806e-01 9.468999999999999639e-01
9.405999999999999917e-01 9.465999999999999970e-01
9.405000000000000027e-01 9.466999999999999860e-01
9.404000000000000137e-01 9.465999999999999970e-01
9.405000000000000027e-01 9.464000000000000190e-01
9.404000000000000137e-01 9.471000000000000529e-01
9.404000000000000137e-01 9.466999999999999860e-01
9.405000000000000027e-01 9.472000000000000419e-01
9.405000000000000027e-01 9.468999999999999639e-01
9.405000000000000027e-01 9.465999999999999970e-01
9.402000000000000357e-01 9.468999999999999639e-01
9.402000000000000357e-01 9.466999999999999860e-01
9.404000000000000137e-01 9.472000000000000419e-01
9.405000000000000027e-01 9.471000000000000529e-01
9.405000000000000027e-01 9.467999999999999750e-01
9.404000000000000137e-01 9.469999999999999529e-01
9.405000000000000027e-01 9.476999999999999869e-01
9.405000000000000027e-01 9.475999999999999979e-01
9.405999999999999917e-01 9.479999999999999538e-01
9.405000000000000027e-01 9.479999999999999538e-01
9.405000000000000027e-01 9.481000000000000538e-01
9.405000000000000027e-01 9.482000000000000428e-01
9.405000000000000027e-01 9.477999999999999758e-01
9.405999999999999917e-01 9.483000000000000318e-01
9.405000000000000027e-01 9.478999999999999648e-01
9.405000000000000027e-01 9.483000000000000318e-01
9.405000000000000027e-01 9.484000000000000208e-01
9.405000000000000027e-01 9.485999999999999988e-01
9.405999999999999917e-01 9.487999999999999767e-01
9.405999999999999917e-01 9.486999999999999877e-01
9.407999999999999696e-01 9.484000000000000208e-01
9.408999999999999586e-01 9.485000000000000098e-01
9.408999999999999586e-01 9.484000000000000208e-01
9.408999999999999586e-01 9.482000000000000428e-01
9.406999999999999806e-01 9.485999999999999988e-01
9.406999999999999806e-01 9.478999999999999648e-01
9.406999999999999806e-01 9.485999999999999988e-01
9.407999999999999696e-01 9.485000000000000098e-01
9.406999999999999806e-01 9.483000000000000318e-01
9.406999999999999806e-01 9.473000000000000309e-01
9.406999999999999806e-01 9.476999999999999869e-01
9.406999999999999806e-01 9.472000000000000419e-01
9.406999999999999806e-01 9.479999999999999538e-01
9.408999999999999586e-01 9.475999999999999979e-01
9.408999999999999586e-01 9.466999999999999860e-01
9.408999999999999586e-01 9.472000000000000419e-01
9.408999999999999586e-01 9.473000000000000309e-01
9.408999999999999586e-01 9.465999999999999970e-01
9.408999999999999586e-01 9.472000000000000419e-01
9.408999999999999586e-01 9.475999999999999979e-01
9.408999999999999586e-01 9.475000000000000089e-01
9.409999999999999476e-01 9.474000000000000199e-01
9.409999999999999476e-01 9.476999999999999869e-01
9.411000000000000476e-01 9.473000000000000309e-01
9.411000000000000476e-01 9.471000000000000529e-01
9.412000000000000366e-01 9.474000000000000199e-01
9.412000000000000366e-01 9.479999999999999538e-01
9.412000000000000366e-01 9.476999999999999869e-01
9.411000000000000476e-01 9.478999999999999648e-01
9.412000000000000366e-01 9.472000000000000419e-01
9.412000000000000366e-01 9.476999999999999869e-01
9.409999999999999476e-01 9.477999999999999758e-01
9.412000000000000366e-01 9.473000000000000309e-01
9.409999999999999476e-01 9.481000000000000538e-01
9.412000000000000366e-01 9.484000000000000208e-01
9.412000000000000366e-01 9.479999999999999538e-01
9.413000000000000256e-01 9.481000000000000538e-01
9.411000000000000476e-01 9.483000000000000318e-01
9.409999999999999476e-01 9.485000000000000098e-01
9.409999999999999476e-01 9.485000000000000098e-01
9.407999999999999696e-01 9.492000000000000437e-01
9.409999999999999476e-01 9.493000000000000327e-01
9.409999999999999476e-01 9.483000000000000318e-01
9.409999999999999476e-01 9.481000000000000538e-01
9.409999999999999476e-01 9.479999999999999538e-01
9.409999999999999476e-01 9.481000000000000538e-01
9.411000000000000476e-01 9.484000000000000208e-01
9.411000000000000476e-01 9.491000000000000547e-01
9.411000000000000476e-01 9.485999999999999988e-01
9.411000000000000476e-01 9.491000000000000547e-01
9.413000000000000256e-01 9.487999999999999767e-01
9.413000000000000256e-01 9.486999999999999877e-01
9.412000000000000366e-01 9.487999999999999767e-01
9.412000000000000366e-01 9.486999999999999877e-01
9.412000000000000366e-01 9.492000000000000437e-01
9.412000000000000366e-01 9.493000000000000327e-01
9.412000000000000366e-01 9.488999999999999657e-01
9.411000000000000476e-01 9.491000000000000547e-01
9.413000000000000256e-01 9.497999999999999776e-01
9.414000000000000146e-01 9.504000000000000226e-01
9.415000000000000036e-01 9.487999999999999767e-01
9.415000000000000036e-01 9.492000000000000437e-01
9.414000000000000146e-01 9.495999999999999996e-01
9.414000000000000146e-01 9.496999999999999886e-01
9.414000000000000146e-01 9.493000000000000327e-01
9.414000000000000146e-01 9.491000000000000547e-01
9.414000000000000146e-01 9.495000000000000107e-01
9.414000000000000146e-01 9.504000000000000226e-01
9.413000000000000256e-01 9.500999999999999446e-01
9.413000000000000256e-01 9.499999999999999556e-01
9.414000000000000146e-01 9.492000000000000437e-01
9.414000000000000146e-01 9.494000000000000217e-01
9.414000000000000146e-01 9.494000000000000217e-01
9.414000000000000146e-01 9.493000000000000327e-01
9.413000000000000256e-01 9.492000000000000437e-01
9.412000000000000366e-01 9.488999999999999657e-01
9.412000000000000366e-01 9.489999999999999547e-01
9.412000000000000366e-01 9.484000000000000208e-01
9.414000000000000146e-01 9.485999999999999988e-01
9.414000000000000146e-01 9.492000000000000437e-01
9.413000000000000256e-01 9.489999999999999547e-01
9.414000000000000146e-01 9.487999999999999767e-01
9.414000000000000146e-01 9.487999999999999767e-01
9.413000000000000256e-01 9.487999999999999767e-01
9.413000000000000256e-01 9.487999999999999767e-01
9.414000000000000146e-01 9.482000000000000428e-01
9.413000000000000256e-01 9.482000000000000428e-01
9.413000000000000256e-01 9.479999999999999538e-01
9.413000000000000256e-01 9.479999999999999538e-01
9.414000000000000146e-01 9.479999999999999538e-01
9.413000000000000256e-01 9.482000000000000428e-01
9.413000000000000256e-01 9.485999999999999988e-01
9.413000000000000256e-01 9.487999999999999767e-01
9.413000000000000256e-01 9.482000000000000428e-01
9.414000000000000146e-01 9.485000000000000098e-01
9.415000000000000036e-01 9.475000000000000089e-01
9.414000000000000146e-01 9.477999999999999758e-01
9.414000000000000146e-01 9.479999999999999538e-01
9.415000000000000036e-01 9.478999999999999648e-01
9.414000000000000146e-01 9.483000000000000318e-01
9.413000000000000256e-01 9.485999999999999988e-01
9.413000000000000256e-01 9.477999999999999758e-01
9.413000000000000256e-01 9.483000000000000318e-01
9.414000000000000146e-01 9.483000000000000318e-01
9.413000000000000256e-01 9.487999999999999767e-01
9.413000000000000256e-01 9.483000000000000318e-01
9.413000000000000256e-01 9.485999999999999988e-01
9.413000000000000256e-01 9.482000000000000428e-01
9.413000000000000256e-01 9.477999999999999758e-01
9.414000000000000146e-01 9.481000000000000538e-01
9.414000000000000146e-01 9.482000000000000428e-01
9.414000000000000146e-01 9.481000000000000538e-01
9.413000000000000256e-01 9.477999999999999758e-01
9.413000000000000256e-01 9.483000000000000318e-01
9.412000000000000366e-01 9.483000000000000318e-01
9.413000000000000256e-01 9.483000000000000318e-01
9.413000000000000256e-01 9.491000000000000547e-01
9.414000000000000146e-01 9.488999999999999657e-01
9.415000000000000036e-01 9.493000000000000327e-01
9.414000000000000146e-01 9.493000000000000327e-01
9.415999999999999925e-01 9.492000000000000437e-01
9.415000000000000036e-01 9.485999999999999988e-01
9.415000000000000036e-01 9.481000000000000538e-01
9.414000000000000146e-01 9.489999999999999547e-01
9.415000000000000036e-01 9.488999999999999657e-01
9.415000000000000036e-01 9.493000000000000327e-01
9.415000000000000036e-01 9.488999999999999657e-01
9.415000000000000036e-01 9.485999999999999988e-01
9.415000000000000036e-01 9.486999999999999877e-01
9.415000000000000036e-01 9.487999999999999767e-01
9.415000000000000036e-01 9.488999999999999657e-01
9.415999999999999925e-01 9.487999999999999767e-01
9.415000000000000036e-01 9.496999999999999886e-01
9.415999999999999925e-01 9.486999999999999877e-01
9.415000000000000036e-01 9.485999999999999988e-01
9.414000000000000146e-01 9.481000000000000538e-01
9.414000000000000146e-01 9.485000000000000098e-01
9.412000000000000366e-01 9.481000000000000538e-01
9.412000000000000366e-01 9.486999999999999877e-01
9.412000000000000366e-01 9.479999999999999538e-01
9.411000000000000476e-01 9.483000000000000318e-01
9.411000000000000476e-01 9.482000000000000428e-01
9.412000000000000366e-01 9.488999999999999657e-01
9.412000000000000366e-01 9.482000000000000428e-01
9.412000000000000366e-01 9.488999999999999657e-01
9.412000000000000366e-01 9.487999999999999767e-01
9.413000000000000256e-01 9.488999999999999657e-01
9.413000000000000256e-01 9.487999999999999767e-01
9.413000000000000256e-01 9.489999999999999547e-01
9.413000000000000256e-01 9.487999999999999767e-01
9.413000000000000256e-01 9.484000000000000208e-01
9.413000000000000256e-01 9.484000000000000208e-01
9.414000000000000146e-01 9.483000000000000318e-01
9.414000000000000146e-01 9.484000000000000208e-01
9.414000000000000146e-01 9.492000000000000437e-01
9.412000000000000366e-01 9.489999999999999547e-01
9.411000000000000476e-01 9.492000000000000437e-01
9.412000000000000366e-01 9.486999999999999877e-01
9.412000000000000366e-01 9.484000000000000208e-01
9.413000000000000256e-01 9.484000000000000208e-01
9.413000000000000256e-01 9.481000000000000538e-01
9.413000000000000256e-01 9.481000000000000538e-01
9.412000000000000366e-01 9.485000000000000098e-01
9.411000000000000476e-01 9.485999999999999988e-01
9.409999999999999476e-01 9.485000000000000098e-01
9.408999999999999586e-01 9.486999999999999877e-01
9.412000000000000366e-01 9.483000000000000318e-01
9.412000000000000366e-01 9.485999999999999988e-01
9.412000000000000366e-01 9.491000000000000547e-01
9.413000000000000256e-01 9.488999999999999657e-01
9.413000000000000256e-01 9.479999999999999538e-01
9.413000000000000256e-01 9.483000000000000318e-01
9.412000000000000366e-01 9.485000000000000098e-01
9.411000000000000476e-01 9.485000000000000098e-01
9.411000000000000476e-01 9.486999999999999877e-01
9.412000000000000366e-01 9.477999999999999758e-01
9.409999999999999476e-01 9.485000000000000098e-01
9.409999999999999476e-01 9.476999999999999869e-01
9.411000000000000476e-01 9.476999999999999869e-01
9.408999999999999586e-01 9.476999999999999869e-01
9.408999999999999586e-01 9.479999999999999538e-01
9.408999999999999586e-01 9.479999999999999538e-01
9.407999999999999696e-01 9.474000000000000199e-01
9.408999999999999586e-01 9.481000000000000538e-01
9.408999999999999586e-01 9.478999999999999648e-01
9.408999999999999586e-01 9.476999999999999869e-01
9.407999999999999696e-01 9.479999999999999538e-01
9.407999999999999696e-01 9.482000000000000428e-01
9.407999999999999696e-01 9.482000000000000428e-01
9.406999999999999806e-01 9.478999999999999648e-01
9.405999999999999917e-01 9.486999999999999877e-01
9.405999999999999917e-01 9.487999999999999767e-01
9.405999999999999917e-01 9.485000000000000098e-01
9.406999999999999806e-01 9.484000000000000208e-01
9.405000000000000027e-01 9.475000000000000089e-01
9.405000000000000027e-01 9.479999999999999538e-01
9.407999999999999696e-01 9.479999999999999538e-01
9.406999999999999806e-01 9.483000000000000318e-01
9.406999999999999806e-01 9.476999999999999869e-01
9.406999999999999806e-01 9.478999999999999648e-01
9.406999999999999806e-01 9.478999999999999648e-01
9.406999999999999806e-01 9.475000000000000089e-01
9.406999999999999806e-01 9.477999999999999758e-01
9.405999999999999917e-01 9.479999999999999538e-01
9.405999999999999917e-01 9.481000000000000538e-01
9.405000000000000027e-01 9.471000000000000529e-01
9.405999999999999917e-01 9.466999999999999860e-01
9.404000000000000137e-01 9.471000000000000529e-01
9.404000000000000137e-01 9.475999999999999979e-01
9.405000000000000027e-01 9.467999999999999750e-01
9.405000000000000027e-01 9.472000000000000419e-01
9.405000000000000027e-01 9.479999999999999538e-01
9.404000000000000137e-01 9.485000000000000098e-01
9.404000000000000137e-01 9.481000000000000538e-01
9.404000000000000137e-01 9.478999999999999648e-01
9.405000000000000027e-01 9.477999999999999758e-01
9.405000000000000027e-01 9.482000000000000428e-01
9.404000000000000137e-01 9.482000000000000428e-01
9.405000000000000027e-01 9.483000000000000318e-01
9.405999999999999917e-01 9.478999999999999648e-01
9.405999999999999917e-01 9.477999999999999758e-01
9.405999999999999917e-01 9.475999999999999979e-01
9.406999999999999806e-01 9.477999999999999758e-01
9.406999999999999806e-01 9.472000000000000419e-01
9.405999999999999917e-01 9.474000000000000199e-01
9.405000000000000027e-01 9.467999999999999750e-01
9.405000000000000027e-01 9.481000000000000538e-01
9.404000000000000137e-01 9.476999999999999869e-01
9.404000000000000137e-01 9.475999999999999979e-01
9.404000000000000137e-01 9.475999999999999979e-01
9.404000000000000137e-01 9.477999999999999758e-01
9.405000000000000027e-01 9.479999999999999538e-01
9.404000000000000137e-01 9.475000000000000089e-01
9.405000000000000027e-01 9.474000000000000199e-01
9.405000000000000027e-01 9.479999999999999538e-01
9.404000000000000137e-01 9.477999999999999758e-01
9.403000000000000247e-01 9.477999999999999758e-01
9.405000000000000027e-01 9.476999999999999869e-01
9.405000000000000027e-01 9.475999999999999979e-01
9.405000000000000027e-01 9.475000000000000089e-01
9.405000000000000027e-01 9.475000000000000089e-01
9.405000000000000027e-01 9.472000000000000419e-01
9.405000000000000027e-01 9.481000000000000538e-01
9.405000000000000027e-01 9.473000000000000309e-01
9.405000000000000027e-01 9.473000000000000309e-01
9.404000000000000137e-01 9.468999999999999639e-01
9.404000000000000137e-01 9.465999999999999970e-01
9.404000000000000137e-01 9.465000000000000080e-01
9.404000000000000137e-01 9.463000000000000300e-01
9.404000000000000137e-01 9.471000000000000529e-01
9.405000000000000027e-01 9.473000000000000309e-01
9.405000000000000027e-01 9.474000000000000199e-01
9.405000000000000027e-01 9.468999999999999639e-01
9.405000000000000027e-01 9.465000000000000080e-01
9.404000000000000137e-01 9.465000000000000080e-01
9.404000000000000137e-01 9.465000000000000080e-01
9.404000000000000137e-01 9.461000000000000520e-01
9.404000000000000137e-01 9.458999999999999631e-01
9.403000000000000247e-01 9.468999999999999639e-01
9.404000000000000137e-01 9.472000000000000419e-01
9.402000000000000357e-01 9.476999999999999869e-01
9.403000000000000247e-01 9.466999999999999860e-01
9.403000000000000247e-01 9.467999999999999750e-01
9.405000000000000027e-01 9.467999999999999750e-01
9.404000000000000137e-01 9.473000000000000309e-01
9.404000000000000137e-01 9.475000000000000089e-01
9.404000000000000137e-01 9.472000000000000419e-01
9.404000000000000137e-01 9.474000000000000199e-01
9.402000000000000357e-01 9.474000000000000199e-01
9.401000000000000467e-01 9.476999999999999869e-01
9.401000000000000467e-01 9.477999999999999758e-01
9.401000000000000467e-01 9.477999999999999758e-01
9.401000000000000467e-01 9.477999999999999758e-01
9.397999999999999687e-01 9.487999999999999767e-01
9.401000000000000467e-01 9.476999999999999869e-01
9.399999999999999467e-01 9.475000000000000089e-01
9.399999999999999467e-01 9.473000000000000309e-01
9.402000000000000357e-01 9.475999999999999979e-01
9.401000000000000467e-01 9.477999999999999758e-01
9.399999999999999467e-01 9.477999999999999758e-01
9.399999999999999467e-01 9.474000000000000199e-01
9.401000000000000467e-01 9.476999999999999869e-01
9.402000000000000357e-01 9.475000000000000089e-01
9.401000000000000467e-01 9.472000000000000419e-01
9.402000000000000357e-01 9.472000000000000419e-01
9.402000000000000357e-01 9.468999999999999639e-01
9.402000000000000357e-01 9.476999999999999869e-01
9.401000000000000467e-01 9.475999999999999979e-01
9.399999999999999467e-01 9.473000000000000309e-01
9.401000000000000467e-01 9.468999999999999639e-01
9.402000000000000357e-01 9.465999999999999970e-01
9.401000000000000467e-01 9.469999999999999529e-01
9.401000000000000467e-01 9.472000000000000419e-01
9.401000000000000467e-01 9.474000000000000199e-01
9.399999999999999467e-01 9.475000000000000089e-01
9.401000000000000467e-01 9.478999999999999648e-01
9.402000000000000357e-01 9.473000000000000309e-01
9.402000000000000357e-01 9.475999999999999979e-01
9.402000000000000357e-01 9.481000000000000538e-01
9.403000000000000247e-01 9.472000000000000419e-01
9.403000000000000247e-01 9.476999999999999869e-01
9.403000000000000247e-01 9.478999999999999648e-01
9.403000000000000247e-01 9.483000000000000318e-01
9.403000000000000247e-01 9.484000000000000208e-01
9.402000000000000357e-01 9.479999999999999538e-01
9.401000000000000467e-01 9.478999999999999648e-01
9.402000000000000357e-01 9.475999999999999979e-01
9.401000000000000467e-01 9.475000000000000089e-01
9.401000000000000467e-01 9.476999999999999869e-01
9.401000000000000467e-01 9.473000000000000309e-01
9.402000000000000357e-01 9.481000000000000538e-01
9.402000000000000357e-01 9.478999999999999648e-01
9.399999999999999467e-01 9.479999999999999538e-01
9.399999999999999467e-01 9.487999999999999767e-01
9.399999999999999467e-01 9.483000000000000318e-01
9.399999999999999467e-01 9.485000000000000098e-01
9.399999999999999467e-01 9.486999999999999877e-01
9.401000000000000467e-01 9.488999999999999657e-01
9.402000000000000357e-01 9.487999999999999767e-01
9.402000000000000357e-01 9.493000000000000327e-01
9.401000000000000467e-01 9.487999999999999767e-01
9.402000000000000357e-01 9.485000000000000098e-01
9.401000000000000467e-01 9.482000000000000428e-01
9.402000000000000357e-01 9.483000000000000318e-01
9.402000000000000357e-01 9.495000000000000107e-01
9.401000000000000467e-01 9.492000000000000437e-01
9.402000000000000357e-01 9.489999999999999547e-01
9.402000000000000357e-01 9.487999999999999767e-01
9.402000000000000357e-01 9.489999999999999547e-01
9.402000000000000357e-01 9.491000000000000547e-01
9.402000000000000357e-01 9.486999999999999877e-01
9.403000000000000247e-01 9.486999999999999877e-01
9.403000000000000247e-01 9.494000000000000217e-01
9.403000000000000247e-01 9.491000000000000547e-01
9.404000000000000137e-01 9.489999999999999547e-01
9.404000000000000137e-01 9.487999999999999767e-01
9.404000000000000137e-01 9.485999999999999988e-01
9.405000000000000027e-01 9.483000000000000318e-01
9.405000000000000027e-01 9.493000000000000327e-01
9.405000000000000027e-01 9.487999999999999767e-01
9.405999999999999917e-01 9.484000000000000208e-01
9.405999999999999917e-01 9.483000000000000318e-01
9.405000000000000027e-01 9.488999999999999657e-01
9.405000000000000027e-01 9.479999999999999538e-01
9.405000000000000027e-01 9.484000000000000208e-01
9.404000000000000137e-01 9.491000000000000547e-01
9.403000000000000247e-01 9.483000000000000318e-01
9.405999999999999917e-01 9.487999999999999767e-01
9.405000000000000027e-01 9.482000000000000428e-01
9.402000000000000357e-01 9.484000000000000208e-01
9.403000000000000247e-01 9.487999999999999767e-01
9.399999999999999467e-01 9.491000000000000547e-01
9.401000000000000467e-01 9.485000000000000098e-01
9.402000000000000357e-01 9.485999999999999988e-01
9.403000000000000247e-01 9.484000000000000208e-01
9.403000000000000247e-01 9.485000000000000098e-01
9.404000000000000137e-01 9.483000000000000318e-01
9.404000000000000137e-01 9.486999999999999877e-01
9.404000000000000137e-01 9.495000000000000107e-01
9.404000000000000137e-01 9.487999999999999767e-01
9.404000000000000137e-01 9.483000000000000318e-01
9.403000000000000247e-01 9.489999999999999547e-01
9.403000000000000247e-01 9.479999999999999538e-01
9.403000000000000247e-01 9.485000000000000098e-01
9.403000000000000247e-01 9.481000000000000538e-01
9.403000000000000247e-01 9.478999999999999648e-01
9.402000000000000357e-01 9.483000000000000318e-01
9.403000000000000247e-01 9.485999999999999988e-01
9.403000000000000247e-01 9.476999999999999869e-01
9.402000000000000357e-01 9.479999999999999538e-01
9.402000000000000357e-01 9.479999999999999538e-01
9.402000000000000357e-01 9.477999999999999758e-01
9.401000000000000467e-01 9.482000000000000428e-01
9.401000000000000467e-01 9.483000000000000318e-01
9.401000000000000467e-01 9.479999999999999538e-01
9.403000000000000247e-01 9.473000000000000309e-01
9.402000000000000357e-01 9.478999999999999648e-01
9.401000000000000467e-01 9.477999999999999758e-01
9.399999999999999467e-01 9.474000000000000199e-01
9.403000000000000247e-01 9.475000000000000089e-01
9.402000000000000357e-01 9.471000000000000529e-01
9.403000000000000247e-01 9.474000000000000199e-01
9.405000000000000027e-01 9.472000000000000419e-01
9.405000000000000027e-01 9.467999999999999750e-01
9.404000000000000137e-01 9.468999999999999639e-01
9.405000000000000027e-01 9.467999999999999750e-01
9.405000000000000027e-01 9.469999999999999529e-01
9.405999999999999917e-01 9.471000000000000529e-01
9.405999999999999917e-01 9.467999999999999750e-01
9.405999999999999917e-01 9.465999999999999970e-01
9.405999999999999917e-01 9.462000000000000410e-01
9.405999999999999917e-01 9.461000000000000520e-01
9.405999999999999917e-01 9.465000000000000080e-01
9.405999999999999917e-01 9.464000000000000190e-01
9.405999999999999917e-01 9.467999999999999750e-01
9.405999999999999917e-01 9.462000000000000410e-01
9.405999999999999917e-01 9.463000000000000300e-01
9.405000000000000027e-01 9.466999999999999860e-01
9.404000000000000137e-01 9.468999999999999639e-01
9.404000000000000137e-01 9.475999999999999979e-01
9.405000000000000027e-01 9.471000000000000529e-01
9.404000000000000137e-01 9.465999999999999970e-01
9.404000000000000137e-01 9.466999999999999860e-01
9.405000000000000027e-01 9.472000000000000419e-01
9.404000000000000137e-01 9.471000000000000529e-01
9.405999999999999917e-01 9.469999999999999529e-01
9.405000000000000027e-01 9.469999999999999529e-01
9.405999999999999917e-01 9.471000000000000529e-01
9.404000000000000137e-01 9.469999999999999529e-01
9.405000000000000027e-01 9.465999999999999970e-01
9.405000000000000027e-01 9.463000000000000300e-01
9.404000000000000137e-01 9.474000000000000199e-01
9.404000000000000137e-01 9.473000000000000309e-01
9.404000000000000137e-01 9.475999999999999979e-01
9.404000000000000137e-01 9.469999999999999529e-01
9.404000000000000137e-01 9.468999999999999639e-01
9.403000000000000247e-01 9.467999999999999750e-01
9.403000000000000247e-01 9.471000000000000529e-01
9.402000000000000357e-01 9.473000000000000309e-01
9.402000000000000357e-01 9.475000000000000089e-01
9.402000000000000357e-01 9.474000000000000199e-01
9.402000000000000357e-01 9.475999999999999979e-01
9.401000000000000467e-01 9.471000000000000529e-01
9.402000000000000357e-01 9.469999999999999529e-01
9.401000000000000467e-01 9.472000000000000419e-01
9.401000000000000467e-01 9.469999999999999529e-01
9.401000000000000467e-01 9.474000000000000199e-01
9.401000000000000467e-01 9.468999999999999639e-01
9.402000000000000357e-01 9.472000000000000419e-01
9.402000000000000357e-01 9.474000000000000199e-01
9.402000000000000357e-01 9.474000000000000199e-01
9.402000000000000357e-01 9.475999999999999979e-01
9.402000000000000357e-01 9.466999999999999860e-01
9.402000000000000357e-01 9.467999999999999750e-01
9.402000000000000357e-01 9.466999999999999860e-01
9.401000000000000467e-01 9.464000000000000190e-01
9.402000000000000357e-01 9.469999999999999529e-01
9.403000000000000247e-01 9.465999999999999970e-01
9.402000000000000357e-01 9.466999999999999860e-01
9.402000000000000357e-01 9.464000000000000190e-01
9.401000000000000467e-01 9.467999999999999750e-01
9.401000000000000467e-01 9.465000000000000080e-01
9.404000000000000137e-01 9.472000000000000419e-01
9.402000000000000357e-01 9.468999999999999639e-01
9.402000000000000357e-01 9.471000000000000529e-01
9.402000000000000357e-01 9.472000000000000419e-01
9.403000000000000247e-01 9.473000000000000309e-01
9.403000000000000247e-01 9.466999999999999860e-01
9.403000000000000247e-01 9.467999999999999750e-01
9.403000000000000247e-01 9.471000000000000529e-01
9.403000000000000247e-01 9.468999999999999639e-01
9.403000000000000247e-01 9.469999999999999529e-01
9.404000000000000137e-01 9.469999999999999529e-01
9.403000000000000247e-01 9.467999999999999750e-01
9.404000000000000137e-01 9.468999999999999639e-01
9.405000000000000027e-01 9.467999999999999750e-01
9.404000000000000137e-01 9.469999999999999529e-01
9.405000000000000027e-01 9.468999999999999639e-01
9.405000000000000027e-01 9.467999999999999750e-01
9.404000000000000137e-01 9.462000000000000410e-01
9.404000000000000137e-01 9.465000000000000080e-01
9.403000000000000247e-01 9.457999999999999741e-01
9.402000000000000357e-01 9.458999999999999631e-01
9.401000000000000467e-01 9.459999999999999520e-01
9.401000000000000467e-01 9.455000000000000071e-01
9.401000000000000467e-01 9.455000000000000071e-01
9.401000000000000467e-01 9.454000000000000181e-01
9.402000000000000357e-01 9.451000000000000512e-01
9.404000000000000137e-01 9.454000000000000181e-01
9.404000000000000137e-01 9.456999999999999851e-01
9.405999999999999917e-01 9.464000000000000190e-01
9.408999999999999586e-01 9.465000000000000080e-01
9.407999999999999696e-01 9.459999999999999520e-01
9.406999999999999806e-01 9.461000000000000520e-01
9.407999999999999696e-01 9.459999999999999520e-01
9.408999999999999586e-01 9.458999999999999631e-01
9.408999999999999586e-01 9.459999999999999520e-01
9.407999999999999696e-01 9.461000000000000520e-01
9.407999999999999696e-01 9.458999999999999631e-01
9.405999999999999917e-01 9.462000000000000410e-01
9.405999999999999917e-01 9.459999999999999520e-01
9.405999999999999917e-01 9.463000000000000300e-01
9.405999999999999917e-01 9.456999999999999851e-01
9.405999999999999917e-01 9.465000000000000080e-01
9.404000000000000137e-01 9.456999999999999851e-01
9.405000000000000027e-01 9.462000000000000410e-01
9.405999999999999917e-01 9.461000000000000520e-01
9.405999999999999917e-01 9.456999999999999851e-01
9.406999999999999806e-01 9.454000000000000181e-01
9.405999999999999917e-01 9.456999999999999851e-01
9.406999999999999806e-01 9.458999999999999631e-01
9.406999999999999806e-01 9.454000000000000181e-01
9.407999999999999696e-01 9.458999999999999631e-01
9.408999999999999586e-01 9.458999999999999631e-01
9.408999999999999586e-01 9.463000000000000300e-01
9.407999999999999696e-01 9.455999999999999961e-01
9.407999999999999696e-01 9.456999999999999851e-01
9.408999999999999586e-01 9.452000000000000401e-01
9.408999999999999586e-01 9.456999999999999851e-01
9.409999999999999476e-01 9.456999999999999851e-01
9.412000000000000366e-01 9.462000000000000410e-01
9.409999999999999476e-01 9.457999999999999741e-01
9.409999999999999476e-01 9.454000000000000181e-01
9.408999999999999586e-01 9.456999999999999851e-01
9.409999999999999476e-01 9.461000000000000520e-01
9.411000000000000476e-01 9.459999999999999520e-01
9.414000000000000146e-01 9.454000000000000181e-01
9.413000000000000256e-01 9.457999999999999741e-01
9.414000000000000146e-01 9.452000000000000401e-01
9.413000000000000256e-01 9.455000000000000071e-01
9.413000000000000256e-01 9.455999999999999961e-01
9.413000000000000256e-01 9.457999999999999741e-01
9.412000000000000366e-01 9.458999999999999631e-01
9.412000000000000366e-01 9.462000000000000410e-01
9.412000000000000366e-01 9.462000000000000410e-01
9.411000000000000476e-01 9.457999999999999741e-01
9.411000000000000476e-01 9.455000000000000071e-01
9.411000000000000476e-01 9.463000000000000300e-01
9.411000000000000476e-01 9.456999999999999851e-01
9.411000000000000476e-01 9.456999999999999851e-01
9.411000000000000476e-01 9.456999999999999851e-01
9.411000000000000476e-01 9.463000000000000300e-01
9.411000000000000476e-01 9.465000000000000080e-01
9.413000000000000256e-01 9.462000000000000410e-01
9.412000000000000366e-01 9.467999999999999750e-01
9.411000000000000476e-01 9.466999999999999860e-01
9.411000000000000476e-01 9.465000000000000080e-01
9.408999999999999586e-01 9.465000000000000080e-01
9.411000000000000476e-01 9.468999999999999639e-01
9.411000000000000476e-01 9.459999999999999520e-01
9.411000000000000476e-01 9.469999999999999529e-01
9.411000000000000476e-01 9.468999999999999639e-01
9.409999999999999476e-01 9.466999999999999860e-01
9.411000000000000476e-01 9.466999999999999860e-01
9.411000000000000476e-01 9.466999999999999860e-01
9.411000000000000476e-01 9.468999999999999639e-01
9.409999999999999476e-01 9.466999999999999860e-01
9.408999999999999586e-01 9.462000000000000410e-01
9.407999999999999696e-01 9.466999999999999860e-01
9.407999999999999696e-01 9.462000000000000410e-01
9.406999999999999806e-01 9.464000000000000190e-01
9.405999999999999917e-01 9.465999999999999970e-01
9.405999999999999917e-01 9.465000000000000080e-01
9.408999999999999586e-01 9.468999999999999639e-01
9.408999999999999586e-01 9.471000000000000529e-01
9.407999999999999696e-01 9.471000000000000529e-01
9.408999999999999586e-01 9.469999999999999529e-01
9.408999999999999586e-01 9.472000000000000419e-01
9.408999999999999586e-01 9.468999999999999639e-01
9.407999999999999696e-01 9.472000000000000419e-01
9.407999999999999696e-01 9.471000000000000529e-01
9.407999999999999696e-01 9.466999999999999860e-01
9.408999999999999586e-01 9.465000000000000080e-01
9.408999999999999586e-01 9.469999999999999529e-01
9.408999999999999586e-01 9.468999999999999639e-01
9.408999999999999586e-01 9.464000000000000190e-01
9.408999999999999586e-01 9.464000000000000190e-01
9.407999999999999696e-01 9.471000000000000529e-01
9.407999999999999696e-01 9.469999999999999529e-01
9.407999999999999696e-01 9.465000000000000080e-01
9.407999999999999696e-01 9.468999999999999639e-01
9.407999999999999696e-01 9.467999999999999750e-01
9.407999999999999696e-01 9.466999999999999860e-01
9.406999999999999806e-01 9.465000000000000080e-01
9.406999999999999806e-01 9.473000000000000309e-01
9.405000000000000027e-01 9.473000000000000309e-01
9.405999999999999917e-01 9.471000000000000529e-01
9.406999999999999806e-01 9.474000000000000199e-01
9.405999999999999917e-01 9.468999999999999639e-01
9.406999999999999806e-01 9.479999999999999538e-01
9.406999999999999806e-01 9.475999999999999979e-01
9.406999999999999806e-01 9.471000000000000529e-01
9.406999999999999806e-01 9.478999999999999648e-01
9.406999999999999806e-01 9.473000000000000309e-01
9.407999999999999696e-01 9.468999999999999639e-01
9.407999999999999696e-01 9.472000000000000419e-01
9.408999999999999586e-01 9.473000000000000309e-01
9.407999999999999696e-01 9.475999999999999979e-01
9.405999999999999917e-01 9.465000000000000080e-01
9.405000000000000027e-01 9.462000000000000410e-01
9.404000000000000137e-01 9.465999999999999970e-01
9.404000000000000137e-01 9.462000000000000410e-01
9.405999999999999917e-01 9.465999999999999970e-01
9.405999999999999917e-01 9.469999999999999529e-01
9.405999999999999917e-01 9.465000000000000080e-01
9.405999999999999917e-01 9.469999999999999529e-01
9.405999999999999917e-01 9.464000000000000190e-01
9.404000000000000137e-01 9.466999999999999860e-01
9.405999999999999917e-01 9.468999999999999639e-01
9.405000000000000027e-01 9.469999999999999529e-01
9.405999999999999917e-01 9.468999999999999639e-01
9.406999999999999806e-01 9.469999999999999529e-01
9.406999999999999806e-01 9.465000000000000080e-01
9.406999999999999806e-01 9.466999999999999860e-01
9.406999999999999806e-01 9.471000000000000529e-01
9.406999999999999806e-01 9.469999999999999529e-01
9.407999999999999696e-01 9.473000000000000309e-01
9.406999999999999806e-01 9.466999999999999860e-01
9.406999999999999806e-01 9.465000000000000080e-01
9.405000000000000027e-01 9.465999999999999970e-01
9.405000000000000027e-01 9.472000000000000419e-01
9.405000000000000027e-01 9.474000000000000199e-01
9.405000000000000027e-01 9.469999999999999529e-01
9.404000000000000137e-01 9.471000000000000529e-01
9.405000000000000027e-01 9.474000000000000199e-01
9.404000000000000137e-01 9.466999999999999860e-01
9.404000000000000137e-01 9.466999999999999860e-01
9.404000000000000137e-01 9.463000000000000300e-01
9.404000000000000137e-01 9.461000000000000520e-01
9.403000000000000247e-01 9.464000000000000190e-01
9.403000000000000247e-01 9.467999999999999750e-01
9.403000000000000247e-01 9.465999999999999970e-01
9.404000000000000137e-01 9.461000000000000520e-01
9.405000000000000027e-01 9.463000000000000300e-01
9.404000000000000137e-01 9.459999999999999520e-01
9.404000000000000137e-01 9.463000000000000300e-01
9.403000000000000247e-01 9.467999999999999750e-01
9.403000000000000247e-01 9.467999999999999750e-01
9.403000000000000247e-01 9.471000000000000529e-01
9.403000000000000247e-01 9.468999999999999639e-01
9.402000000000000357e-01 9.465999999999999970e-01
9.402000000000000357e-01 9.468999999999999639e-01
9.403000000000000247e-01 9.472000000000000419e-01
9.404000000000000137e-01 9.468999999999999639e-01
9.404000000000000137e-01 9.466999999999999860e-01
9.403000000000000247e-01 9.476999999999999869e-01
9.404000000000000137e-01 9.469999999999999529e-01
9.404000000000000137e-01 9.467999999999999750e-01
9.403000000000000247e-01 9.473000000000000309e-01
9.403000000000000247e-01 9.472000000000000419e-01
9.402000000000000357e-01 9.466999999999999860e-01
9.404000000000000137e-01 9.469999999999999529e-01
9.403000000000000247e-01 9.472000000000000419e-01
9.403000000000000247e-01 9.464000000000000190e-01
9.403000000000000247e-01 9.469999999999999529e-01
9.403000000000000247e-01 9.474000000000000199e-01
9.402000000000000357e-01 9.471000000000000529e-01
9.401000000000000467e-01 9.482000000000000428e-01
9.401000000000000467e-01 9.475999999999999979e-01
9.399999999999999467e-01 9.471000000000000529e-01
9.398999999999999577e-01 9.475000000000000089e-01
9.398999999999999577e-01 9.466999999999999860e-01
9.399999999999999467e-01 9.466999999999999860e-01
9.403000000000000247e-01 9.471000000000000529e-01
9.401000000000000467e-01 9.469999999999999529e-01
9.402000000000000357e-01 9.473000000000000309e-01
9.402000000000000357e-01 9.466999999999999860e-01
9.402000000000000357e-01 9.468999999999999639e-01
9.402000000000000357e-01 9.469999999999999529e-01
9.403000000000000247e-01 9.471000000000000529e-01
9.401000000000000467e-01 9.468999999999999639e-01
9.401000000000000467e-01 9.469999999999999529e-01
9.398999999999999577e-01 9.466999999999999860e-01
9.401000000000000467e-01 9.467999999999999750e-01
9.402000000000000357e-01 9.469999999999999529e-01
9.399999999999999467e-01 9.469999999999999529e-01
9.401000000000000467e-01 9.468999999999999639e-01
9.401000000000000467e-01 9.472000000000000419e-01
9.399999999999999467e-01 9.469999999999999529e-01
9.399999999999999467e-01 9.472000000000000419e-01
9.399999999999999467e-01 9.474000000000000199e-01
9.401000000000000467e-01 9.468999999999999639e-01
9.399999999999999467e-01 9.468999999999999639e-01
9.401000000000000467e-01 9.473000000000000309e-01
9.401000000000000467e-01 9.471000000000000529e-01
9.399999999999999467e-01 9.467999999999999750e-01
9.399999999999999467e-01 9.469999999999999529e-01
9.401000000000000467e-01 9.465000000000000080e-01
9.398999999999999577e-01 9.464000000000000190e-01
9.398999999999999577e-01 9.462000000000000410e-01
9.398999999999999577e-01 9.469999999999999529e-01
9.398999999999999577e-01 9.469999999999999529e-01
9.398999999999999577e-01 9.467999999999999750e-01
9.398999999999999577e-01 9.472000000000000419e-01
9.398999999999999577e-01 9.472000000000000419e-01
9.398999999999999577e-01 9.467999999999999750e-01
9.397999999999999687e-01 9.474000000000000199e-01
9.397999999999999687e-01 9.464000000000000190e-01
9.397999999999999687e-01 9.469999999999999529e-01
9.398999999999999577e-01 9.473000000000000309e-01
9.398999999999999577e-01 9.471000000000000529e-01
9.399999999999999467e-01 9.466999999999999860e-01
9.399999999999999467e-01 9.471000000000000529e-01
9.399999999999999467e-01 9.465999999999999970e-01
9.398999999999999577e-01 9.469999999999999529e-01
9.398999999999999577e-01 9.468999999999999639e-01
9.398999999999999577e-01 9.471000000000000529e-01
9.398999999999999577e-01 9.467999999999999750e-01
9.398999999999999577e-01 9.465000000000000080e-01
9.397999999999999687e-01 9.462000000000000410e-01
9.395999999999999908e-01 9.464000000000000190e-01
9.395999999999999908e-01 9.463000000000000300e-01
9.396999999999999797e-01 9.467999999999999750e-01
9.396999999999999797e-01 9.465000000000000080e-01
9.396999999999999797e-01 9.463000000000000300e-01
9.395999999999999908e-01 9.459999999999999520e-01
9.396999999999999797e-01 9.461000000000000520e-01
9.395999999999999908e-01 9.457999999999999741e-01
9.395999999999999908e-01 9.456999999999999851e-01
9.395999999999999908e-01 9.461000000000000520e-01
9.395999999999999908e-01 9.463000000000000300e-01
9.395999999999999908e-01 9.461000000000000520e-01
9.395999999999999908e-01 9.468999999999999639e-01
9.395999999999999908e-01 9.464000000000000190e-01
9.395000000000000018e-01 9.465000000000000080e-01
9.395000000000000018e-01 9.461000000000000520e-01
9.395000000000000018e-01 9.454000000000000181e-01
9.395000000000000018e-01 9.452000000000000401e-01
9.395000000000000018e-01 9.461000000000000520e-01
9.395000000000000018e-01 9.462000000000000410e-01
9.395000000000000018e-01 9.456999999999999851e-01
9.395000000000000018e-01 9.459999999999999520e-01
9.395000000000000018e-01 9.457999999999999741e-01
9.396999999999999797e-01 9.455000000000000071e-01
9.396999999999999797e-01 9.455999999999999961e-01
9.396999999999999797e-01 9.457999999999999741e-01
9.395999999999999908e-01 9.454000000000000181e-01
9.395000000000000018e-01 9.457999999999999741e-01
9.395000000000000018e-01 9.461000000000000520e-01
9.393000000000000238e-01 9.465000000000000080e-01
9.394000000000000128e-01 9.455000000000000071e-01
9.395000000000000018e-01 9.464000000000000190e-01
9.395000000000000018e-01 9.459999999999999520e-01
9.394000000000000128e-01 9.457999999999999741e-01
9.395000000000000018e-01 9.455999999999999961e-01
9.395000000000000018e-01 9.461000000000000520e-01
9.395000000000000018e-01 9.465000000000000080e-01
9.395000000000000018e-01 9.461000000000000520e-01
9.394000000000000128e-01 9.458999999999999631e-01
9.394000000000000128e-01 9.453000000000000291e-01
9.394000000000000128e-01 9.454000000000000181e-01
9.394000000000000128e-01 9.454000000000000181e-01
9.394000000000000128e-01 9.447999999999999732e-01
9.395999999999999908e-01 9.455000000000000071e-01
9.395000000000000018e-01 9.458999999999999631e-01
9.394000000000000128e-01 9.458999999999999631e-01
9.394000000000000128e-01 9.458999999999999631e-01
9.394000000000000128e-01 9.467999999999999750e-01
9.394000000000000128e-01 9.464000000000000190e-01
9.395000000000000018e-01 9.469999999999999529e-01
9.394000000000000128e-01 9.464000000000000190e-01
9.393000000000000238e-01 9.456999999999999851e-01
9.393000000000000238e-01 9.464000000000000190e-01
9.393000000000000238e-01 9.455999999999999961e-01
9.393000000000000238e-01 9.464000000000000190e-01
9.394000000000000128e-01 9.453000000000000291e-01
9.394000000000000128e-01 9.464000000000000190e-01
9.394000000000000128e-01 9.463000000000000300e-01
9.394000000000000128e-01 9.465999999999999970e-01
9.394000000000000128e-01 9.466999999999999860e-01
9.394000000000000128e-01 9.472000000000000419e-01
9.394000000000000128e-01 9.479999999999999538e-01
9.394000000000000128e-01 9.472000000000000419e-01
9.393000000000000238e-01 9.476999999999999869e-01
9.394000000000000128e-01 9.467999999999999750e-01
9.393000000000000238e-01 9.468999999999999639e-01
9.393000000000000238e-01 9.475999999999999979e-01
9.394000000000000128e-01 9.475000000000000089e-01
9.395999999999999908e-01 9.468999999999999639e-01
9.395999999999999908e-01 9.472000000000000419e-01
9.395000000000000018e-01 9.473000000000000309e-01
9.395000000000000018e-01 9.475999999999999979e-01
9.394000000000000128e-01 9.471000000000000529e-01
9.395000000000000018e-01 9.476999999999999869e-01
9.395000000000000018e-01 9.473000000000000309e-01
9.395000000000000018e-01 9.478999999999999648e-01
9.395000000000000018e-01 9.475999999999999979e-01
9.395000000000000018e-01 9.471000000000000529e-01
9.395000000000000018e-01 9.469999999999999529e-01
9.395000000000000018e-01 9.464000000000000190e-01
9.395000000000000018e-01 9.466999999999999860e-01
9.394000000000000128e-01 9.473000000000000309e-01
9.394000000000000128e-01 9.474000000000000199e-01
9.394000000000000128e-01 9.475999999999999979e-01
9.395000000000000018e-01 9.478999999999999648e-01
9.395000000000000018e-01 9.477999999999999758e-01
9.395000000000000018e-01 9.481000000000000538e-01
9.395000000000000018e-01 9.478999999999999648e-01
9.395000000000000018e-01 9.479999999999999538e-01
9.393000000000000238e-01 9.472000000000000419e-01
9.393000000000000238e-01 9.478999999999999648e-01
9.394000000000000128e-01 9.479999999999999538e-01
9.393000000000000238e-01 9.475999999999999979e-01
9.395000000000000018e-01 9.479999999999999538e-01
9.395000000000000018e-01 9.481000000000000538e-01
9.394000000000000128e-01 9.475999999999999979e-01
9.394000000000000128e-01 9.478999999999999648e-01
9.394000000000000128e-01 9.474000000000000199e-01
9.394000000000000128e-01 9.469999999999999529e-01
9.393000000000000238e-01 9.473000000000000309e-01
9.393000000000000238e-01 9.475000000000000089e-01
9.393000000000000238e-01 9.475999999999999979e-01
9.394000000000000128e-01 9.469999999999999529e-01
9.393000000000000238e-01 9.477999999999999758e-01
9.394000000000000128e-01 9.479999999999999538e-01
9.394000000000000128e-01 9.477999999999999758e-01
9.394000000000000128e-01 9.481000000000000538e-01
9.394000000000000128e-01 9.481000000000000538e-01
9.393000000000000238e-01 9.482000000000000428e-01
9.393000000000000238e-01 9.481000000000000538e-01
9.394000000000000128e-01 9.486999999999999877e-01
9.393000000000000238e-01 9.478999999999999648e-01
9.394000000000000128e-01 9.478999999999999648e-01
9.394000000000000128e-01 9.479999999999999538e-01
9.391000000000000458e-01 9.477999999999999758e-01
9.391000000000000458e-01 9.483000000000000318e-01
9.392000000000000348e-01 9.479999999999999538e-01
9.391000000000000458e-01 9.484000000000000208e-01
9.393000000000000238e-01 9.481000000000000538e-01
9.391000000000000458e-01 9.479999999999999538e-01
9.393000000000000238e-01 9.483000000000000318e-01
9.393000000000000238e-01 9.483000000000000318e-01
9.392000000000000348e-01 9.475000000000000089e-01
9.394000000000000128e-01 9.473000000000000309e-01
9.393000000000000238e-01 9.471000000000000529e-01
9.394000000000000128e-01 9.475999999999999979e-01
9.394000000000000128e-01 9.475000000000000089e-01
9.394000000000000128e-01 9.474000000000000199e-01
9.395000000000000018e-01 9.475000000000000089e-01
9.394000000000000128e-01 9.478999999999999648e-01
9.395000000000000018e-01 9.481000000000000538e-01
9.395000000000000018e-01 9.478999999999999648e-01
9.395000000000000018e-01 9.489999999999999547e-01
9.395000000000000018e-01 9.484000000000000208e-01
9.395000000000000018e-01 9.477999999999999758e-01
9.394000000000000128e-01 9.476999999999999869e-01
9.394000000000000128e-01 9.471000000000000529e-01
9.394000000000000128e-01 9.466999999999999860e-01
9.394000000000000128e-01 9.465000000000000080e-01
9.394000000000000128e-01 9.469999999999999529e-01
9.394000000000000128e-01 9.473000000000000309e-01
9.394000000000000128e-01 9.472000000000000419e-01
9.395000000000000018e-01 9.472000000000000419e-01
9.395000000000000018e-01 9.463000000000000300e-01
9.395999999999999908e-01 9.464000000000000190e-01
9.395999999999999908e-01 9.468999999999999639e-01
9.395999999999999908e-01 9.464000000000000190e-01
9.395000000000000018e-01 9.465000000000000080e-01
9.396999999999999797e-01 9.467999999999999750e-01
9.397999999999999687e-01 9.465999999999999970e-01
9.396999999999999797e-01 9.466999999999999860e-01
9.396999999999999797e-01 9.463000000000000300e-01
9.396999999999999797e-01 9.469999999999999529e-01
9.396999999999999797e-01 9.469999999999999529e-01
9.396999999999999797e-01 9.468999999999999639e-01
9.396999999999999797e-01 9.472000000000000419e-01
9.396999999999999797e-01 9.464000000000000190e-01
9.396999999999999797e-01 9.465999999999999970e-01
9.396999999999999797e-01 9.461000000000000520e-01
9.395999999999999908e-01 9.455999999999999961e-01
9.396999999999999797e-01 9.459999999999999520e-01
9.395999999999999908e-01 9.455000000000000071e-01
9.395999999999999908e-01 9.456999999999999851e-01
9.395000000000000018e-01 9.463000000000000300e-01
9.395000000000000018e-01 9.458999999999999631e-01
9.395000000000000018e-01 9.455000000000000071e-01
9.394000000000000128e-01 9.453000000000000291e-01
9.395000000000000018e-01 9.461000000000000520e-01
9.395000000000000018e-01 9.463000000000000300e-01
9.395000000000000018e-01 9.464000000000000190e-01
9.395000000000000018e-01 9.467999999999999750e-01
9.394000000000000128e-01 9.471000000000000529e-01
9.394000000000000128e-01 9.467999999999999750e-01
9.395000000000000018e-01 9.465000000000000080e-01
9.394000000000000128e-01 9.469999999999999529e-01
9.394000000000000128e-01 9.473000000000000309e-01
9.394000000000000128e-01 9.468999999999999639e-01
9.394000000000000128e-01 9.465999999999999970e-01
9.394000000000000128e-01 9.459999999999999520e-01
9.394000000000000128e-01 9.463000000000000300e-01
9.393000000000000238e-01 9.464000000000000190e-01
9.394000000000000128e-01 9.464000000000000190e-01
9.395000000000000018e-01 9.459999999999999520e-01
9.395000000000000018e-01 9.458999999999999631e-01
9.395000000000000018e-01 9.455999999999999961e-01
9.395000000000000018e-01 9.457999999999999741e-01
9.395000000000000018e-01 9.456999999999999851e-01
9.395999999999999908e-01 9.453000000000000291e-01
9.394000000000000128e-01 9.453000000000000291e-01
9.394000000000000128e-01 9.454000000000000181e-01
9.394000000000000128e-01 9.451000000000000512e-01
9.394000000000000128e-01 9.456999999999999851e-01
9.394000000000000128e-01 9.457999999999999741e-01
9.393000000000000238e-01 9.457999999999999741e-01
9.395000000000000018e-01 9.458999999999999631e-01
9.395000000000000018e-01 9.458999999999999631e-01
9.393000000000000238e-01 9.456999999999999851e-01
9.392000000000000348e-01 9.458999999999999631e-01
9.392000000000000348e-01 9.462000000000000410e-01
9.392000000000000348e-01 9.463000000000000300e-01
9.393000000000000238e-01 9.458999999999999631e-01
9.393000000000000238e-01 9.456999999999999851e-01
9.392000000000000348e-01 9.456999999999999851e-01
9.394000000000000128e-01 9.457999999999999741e-01
9.395000000000000018e-01 9.465000000000000080e-01
9.395000000000000018e-01 9.469999999999999529e-01
9.393000000000000238e-01 9.462000000000000410e-01
9.392000000000000348e-01 9.457999999999999741e-01
9.393000000000000238e-01 9.452000000000000401e-01
9.392000000000000348e-01 9.452000000000000401e-01
9.392000000000000348e-01 9.454000000000000181e-01
9.392000000000000348e-01 9.458999999999999631e-01
9.393000000000000238e-01 9.457999999999999741e-01
9.393000000000000238e-01 9.455999999999999961e-01
9.392000000000000348e-01 9.455000000000000071e-01
9.392000000000000348e-01 9.449999999999999512e-01
9.392000000000000348e-01 9.454000000000000181e-01
9.392000000000000348e-01 9.448999999999999622e-01
9.392000000000000348e-01 9.455000000000000071e-01
9.393000000000000238e-01 9.461000000000000520e-01
9.392000000000000348e-01 9.459999999999999520e-01
9.392000000000000348e-01 9.455000000000000071e-01
9.393000000000000238e-01 9.456999999999999851e-01
9.393000000000000238e-01 9.461000000000000520e-01
9.392000000000000348e-01 9.455999999999999961e-01
9.393000000000000238e-01 9.455999999999999961e-01
9.391000000000000458e-01 9.454000000000000181e-01
9.389999999999999458e-01 9.452000000000000401e-01
9.389999999999999458e-01 9.454000000000000181e-01
9.388999999999999568e-01 9.449999999999999512e-01
9.388999999999999568e-01 9.456999999999999851e-01
9.389999999999999458e-01 9.456999999999999851e-01
9.389999999999999458e-01 9.458999999999999631e-01
9.389999999999999458e-01 9.455000000000000071e-01
9.389999999999999458e-01 9.456999999999999851e-01
9.389999999999999458e-01 9.459999999999999520e-01
9.388999999999999568e-01 9.455999999999999961e-01
9.387999999999999678e-01 9.455000000000000071e-01
9.386999999999999789e-01 9.457999999999999741e-01
9.386999999999999789e-01 9.456999999999999851e-01
9.386999999999999789e-01 9.452000000000000401e-01
9.386999999999999789e-01 9.449999999999999512e-01
9.386999999999999789e-01 9.456999999999999851e-01
9.387999999999999678e-01 9.455999999999999961e-01
9.387999999999999678e-01 9.457999999999999741e-01
9.386999999999999789e-01 9.456999999999999851e-01
9.386999999999999789e-01 9.456999999999999851e-01
9.387999999999999678e-01 9.455999999999999961e-01
9.387999999999999678e-01 9.457999999999999741e-01
9.386999999999999789e-01 9.455999999999999961e-01
9.387999999999999678e-01 9.454000000000000181e-01
9.388999999999999568e-01 9.455000000000000071e-01
9.387999999999999678e-01 9.457999999999999741e-01
9.387999999999999678e-01 9.458999999999999631e-01
9.385999999999999899e-01 9.455000000000000071e-01
9.385999999999999899e-01 9.452000000000000401e-01
9.385999999999999899e-01 9.454000000000000181e-01
9.385000000000000009e-01 9.448999999999999622e-01
9.385000000000000009e-01 9.451000000000000512e-01
9.385000000000000009e-01 9.449999999999999512e-01
9.384000000000000119e-01 9.452000000000000401e-01
9.385000000000000009e-01 9.455999999999999961e-01
9.385000000000000009e-01 9.459999999999999520e-01
9.385000000000000009e-01 9.455999999999999961e-01
9.385000000000000009e-01 9.449999999999999512e-01
9.385000000000000009e-01 9.448999999999999622e-01
9.384000000000000119e-01 9.444000000000000172e-01
9.385000000000000009e-01 9.457999999999999741e-01
9.385000000000000009e-01 9.459999999999999520e-01
9.385000000000000009e-01 9.458999999999999631e-01
9.384000000000000119e-01 9.455999999999999961e-01
9.385000000000000009e-01 9.452000000000000401e-01
9.385000000000000009e-01 9.451000000000000512e-01
9.385000000000000009e-01 9.456999999999999851e-01
9.385000000000000009e-01 9.449999999999999512e-01
9.385999999999999899e-01 9.453000000000000291e-01
9.385000000000000009e-01 9.451000000000000512e-01
9.385000000000000009e-01 9.447999999999999732e-01
9.385999999999999899e-01 9.453000000000000291e-01
9.386999999999999789e-01 9.441000000000000503e-01
9.385000000000000009e-01 9.445000000000000062e-01
9.384000000000000119e-01 9.439999999999999503e-01
9.384000000000000119e-01 9.442000000000000393e-01
9.385999999999999899e-01 9.443000000000000282e-01
9.385999999999999899e-01 9.443000000000000282e-01
9.385999999999999899e-01 9.447999999999999732e-01
9.386999999999999789e-01 9.445000000000000062e-01
9.385999999999999899e-01 9.441000000000000503e-01
9.385999999999999899e-01 9.441000000000000503e-01
9.386999999999999789e-01 9.441000000000000503e-01
9.384000000000000119e-01 9.445000000000000062e-01
9.383000000000000229e-01 9.447999999999999732e-01
9.384000000000000119e-01 9.452000000000000401e-01
9.384000000000000119e-01 9.446999999999999842e-01
9.384000000000000119e-01 9.453000000000000291e-01
9.384000000000000119e-01 9.442000000000000393e-01
9.385999999999999899e-01 9.439999999999999503e-01
9.385999999999999899e-01 9.443000000000000282e-01
9.385999999999999899e-01 9.441000000000000503e-01
9.385999999999999899e-01 9.442000000000000393e-01
9.385999999999999899e-01 9.435999999999999943e-01
9.385000000000000009e-01 9.442000000000000393e-01
9.382000000000000339e-01 9.435999999999999943e-01
9.382000000000000339e-01 9.435999999999999943e-01
9.382000000000000339e-01 9.439999999999999503e-01
9.382000000000000339e-01 9.442000000000000393e-01
9.382000000000000339e-01 9.438999999999999613e-01
9.382000000000000339e-01 9.445000000000000062e-01
9.382000000000000339e-01 9.445999999999999952e-01
9.382000000000000339e-01 9.445999999999999952e-01
9.382000000000000339e-01 9.443000000000000282e-01
9.382000000000000339e-01 9.443000000000000282e-01
9.382000000000000339e-01 9.443000000000000282e-01
9.381000000000000449e-01 9.445000000000000062e-01
9.382000000000000339e-01 9.444000000000000172e-01
9.381000000000000449e-01 9.441000000000000503e-01
9.381000000000000449e-01 9.447999999999999732e-01
9.381000000000000449e-01 9.448999999999999622e-01
9.381000000000000449e-01 9.445999999999999952e-01
9.381000000000000449e-01 9.446999999999999842e-01
9.379999999999999449e-01 9.454000000000000181e-01
9.379999999999999449e-01 9.454000000000000181e-01
9.379999999999999449e-01 9.453000000000000291e-01
9.378999999999999559e-01 9.454000000000000181e-01
9.378999999999999559e-01 9.447999999999999732e-01
9.378999999999999559e-01 9.447999999999999732e-01
9.378999999999999559e-01 9.446999999999999842e-01
9.379999999999999449e-01 9.443000000000000282e-01
9.379999999999999449e-01 9.446999999999999842e-01
9.378999999999999559e-01 9.447999999999999732e-01
9.379999999999999449e-01 9.451000000000000512e-01
9.379999999999999449e-01 9.447999999999999732e-01
9.379999999999999449e-01 9.456999999999999851e-01
9.379999999999999449e-01 9.456999999999999851e-01
9.379999999999999449e-01 9.463000000000000300e-01
9.381000000000000449e-01 9.465999999999999970e-01
9.381000000000000449e-01 9.475999999999999979e-01
9.381000000000000449e-01 9.474000000000000199e-01
9.381000000000000449e-01 9.472000000000000419e-01
9.381000000000000449e-01 9.461000000000000520e-01
9.382000000000000339e-01 9.461000000000000520e-01
9.382000000000000339e-01 9.465999999999999970e-01
9.382000000000000339e-01 9.465999999999999970e-01
9.381000000000000449e-01 9.464000000000000190e-01
9.381000000000000449e-01 9.469999999999999529e-01
9.381000000000000449e-01 9.465999999999999970e-01
9.381000000000000449e-01 9.462000000000000410e-01
9.379999999999999449e-01 9.461000000000000520e-01
9.379999999999999449e-01 9.458999999999999631e-01
9.379999999999999449e-01 9.463000000000000300e-01
9.382000000000000339e-01 9.465000000000000080e-01
9.382000000000000339e-01 9.461000000000000520e-01
9.381000000000000449e-01 9.461000000000000520e-01
9.381000000000000449e-01 9.463000000000000300e-01
9.381000000000000449e-01 9.465999999999999970e-01
9.382000000000000339e-01 9.464000000000000190e-01
9.382000000000000339e-01 9.465000000000000080e-01
9.382000000000000339e-01 9.464000000000000190e-01
9.382000000000000339e-01 9.463000000000000300e-01
9.382000000000000339e-01 9.464000000000000190e-01
9.382000000000000339e-01 9.465999999999999970e-01
9.383000000000000229e-01 9.459999999999999520e-01
9.383000000000000229e-01 9.459999999999999520e-01
9.383000000000000229e-01 9.457999999999999741e-01
9.383000000000000229e-01 9.461000000000000520e-01
9.384000000000000119e-01 9.457999999999999741e-01
9.384000000000000119e-01 9.461000000000000520e-01
9.384000000000000119e-01 9.465999999999999970e-01
9.384000000000000119e-01 9.461000000000000520e-01
9.384000000000000119e-01 9.464000000000000190e-01
9.383000000000000229e-01 9.461000000000000520e-01
9.384000000000000119e-01 9.466999999999999860e-01
9.383000000000000229e-01 9.464000000000000190e-01
9.383000000000000229e-01 9.466999999999999860e-01
9.383000000000000229e-01 9.464000000000000190e-01
9.382000000000000339e-01 9.463000000000000300e-01
9.383000000000000229e-01 9.461000000000000520e-01
9.384000000000000119e-01 9.463000000000000300e-01
9.384000000000000119e-01 9.459999999999999520e-01
9.383000000000000229e-01 9.461000000000000520e-01
9.384000000000000119e-01 9.465000000000000080e-01
9.384000000000000119e-01 9.464000000000000190e-01
9.384000000000000119e-01 9.461000000000000520e-01
9.384000000000000119e-01 9.458999999999999631e-01
9.384000000000000119e-01 9.459999999999999520e-01
9.384000000000000119e-01 9.464000000000000190e-01
9.385000000000000009e-01 9.457999999999999741e-01
9.384000000000000119e-01 9.461000000000000520e-01
9.384000000000000119e-01 9.459999999999999520e-01
9.385000000000000009e-01 9.465999999999999970e-01
9.385000000000000009e-01 9.461000000000000520e-01
9.384000000000000119e-01 9.465999999999999970e-01
9.384000000000000119e-01 9.462000000000000410e-01
9.384000000000000119e-01 9.466999999999999860e-01
9.384000000000000119e-01 9.464000000000000190e-01
9.384000000000000119e-01 9.463000000000000300e-01
9.384000000000000119e-01 9.462000000000000410e-01
9.384000000000000119e-01 9.467999999999999750e-01
9.384000000000000119e-01 9.466999999999999860e-01
9.384000000000000119e-01 9.463000000000000300e-01
9.384000000000000119e-01 9.456999999999999851e-01
9.383000000000000229e-01 9.461000000000000520e-01
9.383000000000000229e-01 9.464000000000000190e-01
9.383000000000000229e-01 9.461000000000000520e-01
9.383000000000000229e-01 9.458999999999999631e-01
9.382000000000000339e-01 9.458999999999999631e-01
9.383000000000000229e-01 9.465000000000000080e-01
9.383000000000000229e-01 9.461000000000000520e-01
9.382000000000000339e-01 9.463000000000000300e-01
9.383000000000000229e-01 9.456999999999999851e-01
9.384000000000000119e-01 9.457999999999999741e-01
9.384000000000000119e-01 9.455999999999999961e-01
9.383000000000000229e-01 9.454000000000000181e-01
9.383000000000000229e-01 9.456999999999999851e-01
9.383000000000000229e-01 9.456999999999999851e-01
9.384000000000000119e-01 9.455999999999999961e-01
9.385000000000000009e-01 9.455000000000000071e-01
9.383000000000000229e-01 9.455999999999999961e-01
9.384000000000000119e-01 9.455000000000000071e-01
9.382000000000000339e-01 9.449999999999999512e-01
9.383000000000000229e-01 9.457999999999999741e-01
9.382000000000000339e-01 9.459999999999999520e-01
9.381000000000000449e-01 9.451000000000000512e-01
9.381000000000000449e-01 9.457999999999999741e-01
9.383000000000000229e-01 9.455000000000000071e-01
9.383000000000000229e-01 9.457999999999999741e-01
9.382000000000000339e-01 9.457999999999999741e-01
9.382000000000000339e-01 9.456999999999999851e-01
9.382000000000000339e-01 9.456999999999999851e-01
9.383000000000000229e-01 9.455000000000000071e-01
9.382000000000000339e-01 9.456999999999999851e-01
9.382000000000000339e-01 9.457999999999999741e-01
9.383000000000000229e-01 9.458999999999999631e-01
9.384000000000000119e-01 9.457999999999999741e-01
9.384000000000000119e-01 9.461000000000000520e-01
9.385000000000000009e-01 9.454000000000000181e-01
9.383000000000000229e-01 9.459999999999999520e-01
9.383000000000000229e-01 9.458999999999999631e-01
9.382000000000000339e-01 9.461000000000000520e-01
9.382000000000000339e-01 9.457999999999999741e-01
9.382000000000000339e-01 9.467999999999999750e-01
9.382000000000000339e-01 9.465999999999999970e-01
9.383000000000000229e-01 9.465000000000000080e-01
9.384000000000000119e-01 9.459999999999999520e-01
9.384000000000000119e-01 9.456999999999999851e-01
9.383000000000000229e-01 9.458999999999999631e-01
9.386999999999999789e-01 9.464000000000000190e-01
9.385999999999999899e-01 9.465999999999999970e-01
9.386999999999999789e-01 9.469999999999999529e-01
9.385000000000000009e-01 9.463000000000000300e-01
9.385999999999999899e-01 9.461000000000000520e-01
9.385999999999999899e-01 9.473000000000000309e-01
9.385000000000000009e-01 9.459999999999999520e-01
9.385999999999999899e-01 9.455000000000000071e-01
9.385000000000000009e-01 9.456999999999999851e-01
9.383000000000000229e-01 9.456999999999999851e-01
9.384000000000000119e-01 9.456999999999999851e-01
9.384000000000000119e-01 9.455999999999999961e-01
9.385000000000000009e-01 9.453000000000000291e-01
9.385000000000000009e-01 9.456999999999999851e-01
9.385000000000000009e-01 9.455000000000000071e-01
9.384000000000000119e-01 9.453000000000000291e-01
9.384000000000000119e-01 9.455999999999999961e-01
9.384000000000000119e-01 9.455000000000000071e-01
9.385000000000000009e-01 9.454000000000000181e-01
9.385000000000000009e-01 9.446999999999999842e-01
9.384000000000000119e-01 9.454000000000000181e-01
9.385000000000000009e-01 9.458999999999999631e-01
9.385000000000000009e-01 9.456999999999999851e-01
9.385000000000000009e-01 9.457999999999999741e-01
9.385000000000000009e-01 9.457999999999999741e-01
9.385000000000000009e-01 9.459999999999999520e-01
9.385000000000000009e-01 9.465999999999999970e-01
9.385000000000000009e-01 9.458999999999999631e-01
9.385000000000000009e-01 9.463000000000000300e-01
9.385000000000000009e-01 9.456999999999999851e-01
9.384000000000000119e-01 9.454000000000000181e-01
9.383000000000000229e-01 9.453000000000000291e-01
9.383000000000000229e-01 9.452000000000000401e-01
9.385000000000000009e-01 9.454000000000000181e-01
9.384000000000000119e-01 9.446999999999999842e-01
9.385000000000000009e-01 9.448999999999999622e-01
9.383000000000000229e-01 9.453000000000000291e-01
9.383000000000000229e-01 9.453000000000000291e-01
9.384000000000000119e-01 9.456999999999999851e-01
9.384000000000000119e-01 9.455999999999999961e-01
9.385999999999999899e-01 9.454000000000000181e-01
9.385999999999999899e-01 9.451000000000000512e-01
9.385000000000000009e-01 9.446999999999999842e-01
9.385000000000000009e-01 9.451000000000000512e-01
9.385999999999999899e-01 9.455999999999999961e-01
9.385000000000000009e-01 9.456999999999999851e-01
9.385999999999999899e-01 9.454000000000000181e-01
9.386999999999999789e-01 9.454000000000000181e-01
9.386999999999999789e-01 9.455999999999999961e-01
9.386999999999999789e-01 9.455999999999999961e-01
9.386999999999999789e-01 9.461000000000000520e-01
9.386999999999999789e-01 9.458999999999999631e-01
9.386999999999999789e-01 9.457999999999999741e-01
9.386999999999999789e-01 9.455999999999999961e-01
9.385000000000000009e-01 9.459999999999999520e-01
9.385000000000000009e-01 9.466999999999999860e-01
9.385999999999999899e-01 9.469999999999999529e-01
9.385000000000000009e-01 9.468999999999999639e-01
9.387999999999999678e-01 9.469999999999999529e-01
9.388999999999999568e-01 9.465999999999999970e-01
9.388999999999999568e-01 9.466999999999999860e-01
9.388999999999999568e-01 9.461000000000000520e-01
9.388999999999999568e-01 9.461000000000000520e-01
9.389999999999999458e-01 9.454000000000000181e-01
9.391000000000000458e-01 9.462000000000000410e-01
9.391000000000000458e-01 9.466999999999999860e-01
9.389999999999999458e-01 9.456999999999999851e-01
9.389999999999999458e-01 9.453000000000000291e-01
9.389999999999999458e-01 9.454000000000000181e-01
9.391000000000000458e-01 9.456999999999999851e-01
9.391000000000000458e-01 9.453000000000000291e-01
9.391000000000000458e-01 9.466999999999999860e-01
9.391000000000000458e-01 9.463000000000000300e-01
9.391000000000000458e-01 9.463000000000000300e-01
9.392000000000000348e-01 9.458999999999999631e-01
9.392000000000000348e-01 9.464000000000000190e-01
9.392000000000000348e-01 9.457999999999999741e-01
9.392000000000000348e-01 9.462000000000000410e-01
9.392000000000000348e-01 9.465000000000000080e-01
9.392000000000000348e-01 9.459999999999999520e-01
9.391000000000000458e-01 9.457999999999999741e-01
9.392000000000000348e-01 9.459999999999999520e-01
9.393000000000000238e-01 9.464000000000000190e-01
9.393000000000000238e-01 9.461000000000000520e-01
9.393000000000000238e-01 9.458999999999999631e-01
9.392000000000000348e-01 9.457999999999999741e-01
9.392000000000000348e-01 9.454000000000000181e-01
9.392000000000000348e-01 9.456999999999999851e-01
9.392000000000000348e-01 9.455000000000000071e-01
9.391000000000000458e-01 9.455000000000000071e-01
9.393000000000000238e-01 9.444000000000000172e-01
9.393000000000000238e-01 9.451000000000000512e-01
9.391000000000000458e-01 9.452000000000000401e-01
9.392000000000000348e-01 9.455999999999999961e-01
9.393000000000000238e-01 9.457999999999999741e-01
9.393000000000000238e-01 9.454000000000000181e-01
9.392000000000000348e-01 9.449999999999999512e-01
9.392000000000000348e-01 9.452000000000000401e-01
9.393000000000000238e-01 9.445999999999999952e-01
9.391000000000000458e-01 9.447999999999999732e-01
9.393000000000000238e-01 9.453000000000000291e-01
9.391000000000000458e-01 9.451000000000000512e-01
9.391000000000000458e-01 9.452000000000000401e-01
9.389999999999999458e-01 9.455000000000000071e-01
9.391000000000000458e-01 9.446999999999999842e-01
9.391000000000000458e-01 9.445000000000000062e-01
9.389999999999999458e-01 9.445999999999999952e-01
9.388999999999999568e-01 9.446999999999999842e-01
9.388999999999999568e-01 9.445000000000000062e-01
9.388999999999999568e-01 9.442000000000000393e-01
9.387999999999999678e-01 9.443000000000000282e-01
9.389999999999999458e-01 9.444000000000000172e-01
9.388999999999999568e-01 9.441000000000000503e-01
9.388999999999999568e-01 9.443000000000000282e-01
9.388999999999999568e-01 9.444000000000000172e-01
9.389999999999999458e-01 9.443000000000000282e-01
9.391000000000000458e-01 9.442000000000000393e-01
9.389999999999999458e-01 9.446999999999999842e-01
9.389999999999999458e-01 9.441000000000000503e-01
9.389999999999999458e-01 9.441000000000000503e-01
9.391000000000000458e-01 9.444000000000000172e-01
9.389999999999999458e-01 9.441000000000000503e-01
9.389999999999999458e-01 9.432000000000000384e-01
9.389999999999999458e-01 9.432000000000000384e-01
9.389999999999999458e-01 9.439999999999999503e-01
9.389999999999999458e-01 9.434000000000000163e-01
9.391000000000000458e-01 9.433000000000000274e-01
9.389999999999999458e-01 9.436999999999999833e-01
9.391000000000000458e-01 9.435000000000000053e-01
9.391000000000000458e-01 9.435000000000000053e-01
9.391000000000000458e-01 9.432000000000000384e-01
9.392000000000000348e-01 9.433000000000000274e-01
9.391000000000000458e-01 9.429999999999999494e-01
9.393000000000000238e-01 9.428999999999999604e-01
9.393000000000000238e-01 9.427999999999999714e-01
9.394000000000000128e-01 9.432000000000000384e-01
9.394000000000000128e-01 9.431000000000000494e-01
9.392000000000000348e-01 9.431000000000000494e-01
9.393000000000000238e-01 9.433000000000000274e-01
9.393000000000000238e-01 9.423000000000000265e-01
9.391000000000000458e-01 9.426999999999999824e-01
9.391000000000000458e-01 9.426999999999999824e-01
9.391000000000000458e-01 9.435000000000000053e-01
9.389999999999999458e-01 9.432000000000000384e-01
9.389999999999999458e-01 9.437999999999999723e-01
9.389999999999999458e-01 9.435000000000000053e-01
9.389999999999999458e-01 9.435999999999999943e-01
9.391000000000000458e-01 9.429999999999999494e-01
9.391000000000000458e-01 9.434000000000000163e-01
9.392000000000000348e-01 9.435000000000000053e-01
9.392000000000000348e-01 9.432000000000000384e-01
9.392000000000000348e-01 9.428999999999999604e-01
9.393000000000000238e-01 9.425000000000000044e-01
9.393000000000000238e-01 9.432000000000000384e-01
9.392000000000000348e-01 9.431000000000000494e-01
9.392000000000000348e-01 9.429999999999999494e-01
9.391000000000000458e-01 9.432000000000000384e-01
9.391000000000000458e-01 9.431000000000000494e-01
9.391000000000000458e-01 9.425000000000000044e-01
9.391000000000000458e-01 9.429999999999999494e-01
9.391000000000000458e-01 9.432000000000000384e-01
9.391000000000000458e-01 9.434000000000000163e-01
9.391000000000000458e-01 9.429999999999999494e-01
9.391000000000000458e-01 9.428999999999999604e-01
9.392000000000000348e-01 9.426999999999999824e-01
9.392000000000000348e-01 9.437999999999999723e-01
9.393000000000000238e-01 9.435000000000000053e-01
9.392000000000000348e-01 9.435000000000000053e-01
9.392000000000000348e-01 9.441000000000000503e-01
9.393000000000000238e-01 9.438999999999999613e-01
9.393000000000000238e-01 9.439999999999999503e-01
9.393000000000000238e-01 9.442000000000000393e-01
9.393000000000000238e-01 9.439999999999999503e-01
9.393000000000000238e-01 9.443000000000000282e-01
9.393000000000000238e-01 9.444000000000000172e-01
9.393000000000000238e-01 9.443000000000000282e-01
9.392000000000000348e-01 9.436999999999999833e-01
9.393000000000000238e-01 9.436999999999999833e-01
9.393000000000000238e-01 9.437999999999999723e-01
9.392000000000000348e-01 9.439999999999999503e-01
9.393000000000000238e-01 9.438999999999999613e-01
9.393000000000000238e-01 9.441000000000000503e-01
9.392000000000000348e-01 9.443000000000000282e-01
9.392000000000000348e-01 9.435999999999999943e-01
9.392000000000000348e-01 9.441000000000000503e-01
9.391000000000000458e-01 9.437999999999999723e-01
9.392000000000000348e-01 9.441000000000000503e-01
9.392000000000000348e-01 9.437999999999999723e-01
9.392000000000000348e-01 9.443000000000000282e-01
9.392000000000000348e-01 9.444000000000000172e-01
9.392000000000000348e-01 9.441000000000000503e-01
9.393000000000000238e-01 9.443000000000000282e-01
9.391000000000000458e-01 9.445000000000000062e-01
9.391000000000000458e-01 9.445999999999999952e-01
9.392000000000000348e-01 9.446999999999999842e-01
9.391000000000000458e-01 9.449999999999999512e-01
9.393000000000000238e-01 9.447999999999999732e-01
9.392000000000000348e-01 9.445999999999999952e-01
9.392000000000000348e-01 9.445999999999999952e-01
9.391000000000000458e-01 9.445999999999999952e-01
9.392000000000000348e-01 9.449999999999999512e-01
9.391000000000000458e-01 9.447999999999999732e-01
9.391000000000000458e-01 9.445000000000000062e-01
9.388999999999999568e-01 9.445000000000000062e-01
9.389999999999999458e-01 9.444000000000000172e-01
9.387999999999999678e-01 9.443000000000000282e-01
9.388999999999999568e-01 9.441000000000000503e-01
9.388999999999999568e-01 9.437999999999999723e-01
9.386999999999999789e-01 9.431000000000000494e-01
9.386999999999999789e-01 9.432000000000000384e-01
9.386999999999999789e-01 9.435999999999999943e-01
9.386999999999999789e-01 9.434000000000000163e-01
9.386999999999999789e-01 9.435000000000000053e-01
9.386999999999999789e-01 9.437999999999999723e-01
9.391000000000000458e-01 9.435000000000000053e-01
9.389999999999999458e-01 9.437999999999999723e-01
9.389999999999999458e-01 9.441000000000000503e-01
9.389999999999999458e-01 9.445000000000000062e-01
9.389999999999999458e-01 9.442000000000000393e-01
9.389999999999999458e-01 9.448999999999999622e-01
9.389999999999999458e-01 9.437999999999999723e-01
9.389999999999999458e-01 9.435999999999999943e-01
9.389999999999999458e-01 9.443000000000000282e-01
9.388999999999999568e-01 9.445000000000000062e-01
9.388999999999999568e-01 9.445999999999999952e-01
9.388999999999999568e-01 9.454000000000000181e-01
9.388999999999999568e-01 9.457999999999999741e-01
9.387999999999999678e-01 9.459999999999999520e-01
9.387999999999999678e-01 9.456999999999999851e-01
9.388999999999999568e-01 9.454000000000000181e-01
9.389999999999999458e-01 9.446999999999999842e-01
9.388999999999999568e-01 9.449999999999999512e-01
9.388999999999999568e-01 9.445999999999999952e-01
9.388999999999999568e-01 9.448999999999999622e-01
9.388999999999999568e-01 9.452000000000000401e-01
9.388999999999999568e-01 9.447999999999999732e-01
9.389999999999999458e-01 9.448999999999999622e-01
9.388999999999999568e-01 9.453000000000000291e-01
9.388999999999999568e-01 9.455999999999999961e-01
9.388999999999999568e-01 9.448999999999999622e-01
9.387999999999999678e-01 9.454000000000000181e-01
9.387999999999999678e-01 9.452000000000000401e-01
9.388999999999999568e-01 9.449999999999999512e-01
9.387999999999999678e-01 9.445999999999999952e-01
9.387999999999999678e-01 9.446999999999999842e-01
9.387999999999999678e-01 9.446999999999999842e-01
9.388999999999999568e-01 9.448999999999999622e-01
9.388999999999999568e-01 9.445999999999999952e-01
9.388999999999999568e-01 9.449999999999999512e-01
9.387999999999999678e-01 9.449999999999999512e-01
9.387999999999999678e-01 9.447999999999999732e-01
9.388999999999999568e-01 9.447999999999999732e-01
9.387999999999999678e-01 9.446999999999999842e-01
9.387999999999999678e-01 9.448999999999999622e-01
9.386999999999999789e-01 9.452000000000000401e-01
9.386999999999999789e-01 9.446999999999999842e-01
9.386999999999999789e-01 9.449999999999999512e-01
9.385999999999999899e-01 9.453000000000000291e-01
9.386999999999999789e-01 9.454000000000000181e-01
9.386999999999999789e-01 9.451000000000000512e-01
9.387999999999999678e-01 9.455999999999999961e-01
9.387999999999999678e-01 9.455000000000000071e-01
9.388999999999999568e-01 9.455000000000000071e-01
9.388999999999999568e-01 9.454000000000000181e-01
9.391000000000000458e-01 9.447999999999999732e-01
9.391000000000000458e-01 9.448999999999999622e-01
9.392000000000000348e-01 9.455000000000000071e-01
9.393000000000000238e-01 9.453000000000000291e-01
9.391000000000000458e-01 9.451000000000000512e-01
9.391000000000000458e-01 9.449999999999999512e-01
9.392000000000000348e-01 9.452000000000000401e-01
9.391000000000000458e-01 9.454000000000000181e-01
9.392000000000000348e-01 9.454000000000000181e-01
9.392000000000000348e-01 9.456999999999999851e-01
9.392000000000000348e-01 9.455999999999999961e-01
9.392000000000000348e-01 9.455000000000000071e-01
9.392000000000000348e-01 9.455000000000000071e-01
9.391000000000000458e-01 9.465000000000000080e-01
9.392000000000000348e-01 9.461000000000000520e-01
9.391000000000000458e-01 9.458999999999999631e-01
9.392000000000000348e-01 9.461000000000000520e-01
9.392000000000000348e-01 9.455000000000000071e-01
9.393000000000000238e-01 9.456999999999999851e-01
9.393000000000000238e-01 9.454000000000000181e-01
9.392000000000000348e-01 9.455000000000000071e-01
9.393000000000000238e-01 9.456999999999999851e-01
9.392000000000000348e-01 9.454000000000000181e-01
9.392000000000000348e-01 9.452000000000000401e-01
9.392000000000000348e-01 9.452000000000000401e-01
9.392000000000000348e-01 9.456999999999999851e-01
9.392000000000000348e-01 9.455000000000000071e-01
9.392000000000000348e-01 9.454000000000000181e-01
9.392000000000000348e-01 9.458999999999999631e-01
9.392000000000000348e-01 9.455999999999999961e-01
9.392000000000000348e-01 9.454000000000000181e-01
9.392000000000000348e-01 9.453000000000000291e-01
9.391000000000000458e-01 9.448999999999999622e-01
9.394000000000000128e-01 9.451000000000000512e-01
9.394000000000000128e-01 9.452000000000000401e-01
9.392000000000000348e-01 9.452000000000000401e-01
9.391000000000000458e-01 9.452000000000000401e-01
9.392000000000000348e-01 9.455000000000000071e-01
9.393000000000000238e-01 9.452000000000000401e-01
9.393000000000000238e-01 9.448999999999999622e-01
9.393000000000000238e-01 9.448999999999999622e-01
9.393000000000000238e-01 9.452000000000000401e-01
9.393000000000000238e-01 9.455999999999999961e-01
9.393000000000000238e-01 9.451000000000000512e-01
9.392000000000000348e-01 9.454000000000000181e-01
9.393000000000000238e-01 9.455999999999999961e-01
9.394000000000000128e-01 9.448999999999999622e-01
9.393000000000000238e-01 9.454000000000000181e-01
9.393000000000000238e-01 9.456999999999999851e-01
9.393000000000000238e-01 9.455000000000000071e-01
9.393000000000000238e-01 9.458999999999999631e-01
9.393000000000000238e-01 9.458999999999999631e-01
9.392000000000000348e-01 9.461000000000000520e-01
9.392000000000000348e-01 9.463000000000000300e-01
9.393000000000000238e-01 9.459999999999999520e-01
9.393000000000000238e-01 9.458999999999999631e-01
9.393000000000000238e-01 9.457999999999999741e-01
9.395000000000000018e-01 9.459999999999999520e-01
9.394000000000000128e-01 9.458999999999999631e-01
9.394000000000000128e-01 9.461000000000000520e-01
9.394000000000000128e-01 9.459999999999999520e-01
9.394000000000000128e-01 9.461000000000000520e-01
9.394000000000000128e-01 9.457999999999999741e-01
9.394000000000000128e-01 9.458999999999999631e-01
9.394000000000000128e-01 9.461000000000000520e-01
9.394000000000000128e-01 9.457999999999999741e-01
9.393000000000000238e-01 9.458999999999999631e-01
9.395000000000000018e-01 9.463000000000000300e-01
9.395000000000000018e-01 9.457999999999999741e-01
9.394000000000000128e-01 9.462000000000000410e-01
9.394000000000000128e-01 9.461000000000000520e-01
9.395000000000000018e-01 9.459999999999999520e-01
9.394000000000000128e-01 9.456999999999999851e-01
9.394000000000000128e-01 9.451000000000000512e-01
9.394000000000000128e-01 9.452000000000000401e-01
9.394000000000000128e-01 9.451000000000000512e-01
9.393000000000000238e-01 9.455000000000000071e-01
9.393000000000000238e-01 9.455999999999999961e-01
9.393000000000000238e-01 9.455000000000000071e-01
9.393000000000000238e-01 9.451000000000000512e-01
9.393000000000000238e-01 9.446999999999999842e-01
9.393000000000000238e-01 9.451000000000000512e-01
9.393000000000000238e-01 9.456999999999999851e-01
9.393000000000000238e-01 9.454000000000000181e-01
9.393000000000000238e-01 9.453000000000000291e-01
9.393000000000000238e-01 9.454000000000000181e-01
9.393000000000000238e-01 9.451000000000000512e-01
9.393000000000000238e-01 9.457999999999999741e-01
9.393000000000000238e-01 9.462000000000000410e-01
9.393000000000000238e-01 9.459999999999999520e-01
9.394000000000000128e-01 9.456999999999999851e-01
9.394000000000000128e-01 9.455999999999999961e-01
9.394000000000000128e-01 9.459999999999999520e-01
9.393000000000000238e-01 9.452000000000000401e-01
9.393000000000000238e-01 9.458999999999999631e-01
9.392000000000000348e-01 9.464000000000000190e-01
9.392000000000000348e-01 9.458999999999999631e-01
9.392000000000000348e-01 9.458999999999999631e-01
9.393000000000000238e-01 9.459999999999999520e-01
9.393000000000000238e-01 9.462000000000000410e-01
9.393000000000000238e-01 9.459999999999999520e-01
9.394000000000000128e-01 9.457999999999999741e-01
9.393000000000000238e-01 9.457999999999999741e-01
9.393000000000000238e-01 9.463000000000000300e-01
9.393000000000000238e-01 9.463000000000000300e-01
9.392000000000000348e-01 9.459999999999999520e-01
9.392000000000000348e-01 9.457999999999999741e-01
9.391000000000000458e-01 9.465999999999999970e-01
9.392000000000000348e-01 9.461000000000000520e-01
9.392000000000000348e-01 9.461000000000000520e-01
9.392000000000000348e-01 9.457999999999999741e-01
9.392000000000000348e-01 9.459999999999999520e-01
9.392000000000000348e-01 9.462000000000000410e-01
9.393000000000000238e-01 9.455999999999999961e-01
9.393000000000000238e-01 9.457999999999999741e-01
9.393000000000000238e-01 9.455999999999999961e-01
9.393000000000000238e-01 9.453000000000000291e-01
9.393000000000000238e-01 9.453000000000000291e-01
9.392000000000000348e-01 9.453000000000000291e-01
9.392000000000000348e-01 9.454000000000000181e-01
9.391000000000000458e-01 9.456999999999999851e-01
9.389999999999999458e-01 9.454000000000000181e-01
9.388999999999999568e-01 9.454000000000000181e-01
9.388999999999999568e-01 9.455999999999999961e-01
9.388999999999999568e-01 9.458999999999999631e-01
9.389999999999999458e-01 9.462000000000000410e-01
9.388999999999999568e-01 9.461000000000000520e-01
9.391000000000000458e-01 9.462000000000000410e-01
9.389999999999999458e-01 9.457999999999999741e-01
9.391000000000000458e-01 9.455000000000000071e-01
9.391000000000000458e-01 9.454000000000000181e-01
9.389999999999999458e-01 9.451000000000000512e-01
9.387999999999999678e-01 9.454000000000000181e-01
9.388999999999999568e-01 9.453000000000000291e-01
9.389999999999999458e-01 9.455000000000000071e-01
9.389999999999999458e-01 9.454000000000000181e-01
9.389999999999999458e-01 9.455000000000000071e-01
9.389999999999999458e-01 9.461000000000000520e-01
9.389999999999999458e-01 9.462000000000000410e-01
9.391000000000000458e-01 9.463000000000000300e-01
9.391000000000000458e-01 9.456999999999999851e-01
9.391000000000000458e-01 9.457999999999999741e-01
9.389999999999999458e-01 9.464000000000000190e-01
9.391000000000000458e-01 9.463000000000000300e-01
9.389999999999999458e-01 9.457999999999999741e-01
9.389999999999999458e-01 9.459999999999999520e-01
9.393000000000000238e-01 9.461000000000000520e-01
9.393000000000000238e-01 9.461000000000000520e-01
9.393000000000000238e-01 9.465000000000000080e-01
9.394000000000000128e-01 9.464000000000000190e-01
9.394000000000000128e-01 9.464000000000000190e-01
9.394000000000000128e-01 9.456999999999999851e-01
9.394000000000000128e-01 9.458999999999999631e-01
9.394000000000000128e-01 9.455999999999999961e-01
9.394000000000000128e-01 9.455999999999999961e-01
9.392000000000000348e-01 9.455999999999999961e-01
9.392000000000000348e-01 9.463000000000000300e-01
9.393000000000000238e-01 9.457999999999999741e-01
9.394000000000000128e-01 9.454000000000000181e-01
9.393000000000000238e-01 9.454000000000000181e-01
9.393000000000000238e-01 9.454000000000000181e-01
9.393000000000000238e-01 9.454000000000000181e-01
9.393000000000000238e-01 9.456999999999999851e-01
9.392000000000000348e-01 9.452000000000000401e-01
9.391000000000000458e-01 9.456999999999999851e-01
9.389999999999999458e-01 9.458999999999999631e-01
9.388999999999999568e-01 9.456999999999999851e-01
9.388999999999999568e-01 9.456999999999999851e-01
9.391000000000000458e-01 9.455999999999999961e-01
9.389999999999999458e-01 9.456999999999999851e-01
9.389999999999999458e-01 9.454000000000000181e-01
9.389999999999999458e-01 9.457999999999999741e-01
9.389999999999999458e-01 9.457999999999999741e-01
9.389999999999999458e-01 9.455999999999999961e-01
9.391000000000000458e-01 9.458999999999999631e-01
9.391000000000000458e-01 9.453000000000000291e-01
9.391000000000000458e-01 9.449999999999999512e-01
9.391000000000000458e-01 9.454000000000000181e-01
9.391000000000000458e-01 9.456999999999999851e-01
9.391000000000000458e-01 9.456999999999999851e-01
9.391000000000000458e-01 9.456999999999999851e-01
9.389999999999999458e-01 9.458999999999999631e-01
9.388999999999999568e-01 9.461000000000000520e-01
9.389999999999999458e-01 9.464000000000000190e-01
9.388999999999999568e-01 9.458999999999999631e-01
9.387999999999999678e-01 9.456999999999999851e-01
9.388999999999999568e-01 9.457999999999999741e-01
9.387999999999999678e-01 9.456999999999999851e-01
9.386999999999999789e-01 9.451000000000000512e-01
9.386999999999999789e-01 9.449999999999999512e-01
9.386999999999999789e-01 9.456999999999999851e-01
9.386999999999999789e-01 9.454000000000000181e-01
9.386999999999999789e-01 9.455000000000000071e-01
9.386999999999999789e-01 9.453000000000000291e-01
9.386999999999999789e-01 9.452000000000000401e-01
9.387999999999999678e-01 9.457999999999999741e-01
9.387999999999999678e-01 9.446999999999999842e-01
9.387999999999999678e-01 9.445000000000000062e-01
9.387999999999999678e-01 9.443000000000000282e-01
9.386999999999999789e-01 9.438999999999999613e-01
9.387999999999999678e-01 9.439999999999999503e-01
9.386999999999999789e-01 9.439999999999999503e-01
9.387999999999999678e-01 9.445000000000000062e-01
9.387999999999999678e-01 9.444000000000000172e-01
9.387999999999999678e-01 9.445000000000000062e-01
9.387999999999999678e-01 9.445000000000000062e-01
9.387999999999999678e-01 9.448999999999999622e-01
9.387999999999999678e-01 9.447999999999999732e-01
9.386999999999999789e-01 9.448999999999999622e-01
9.386999999999999789e-01 9.447999999999999732e-01
9.386999999999999789e-01 9.453000000000000291e-01
9.385999999999999899e-01 9.448999999999999622e-01
9.385999999999999899e-01 9.448999999999999622e-01
9.385999999999999899e-01 9.447999999999999732e-01
9.385999999999999899e-01 9.446999999999999842e-01
9.384000000000000119e-01 9.446999999999999842e-01
9.384000000000000119e-01 9.449999999999999512e-01
9.384000000000000119e-01 9.447999999999999732e-01
9.384000000000000119e-01 9.445999999999999952e-01
9.384000000000000119e-01 9.442000000000000393e-01
9.384000000000000119e-01 9.441000000000000503e-01
9.385000000000000009e-01 9.445999999999999952e-01
9.385999999999999899e-01 9.441000000000000503e-01
9.385000000000000009e-01 9.446999999999999842e-01
9.385999999999999899e-01 9.451000000000000512e-01
9.385000000000000009e-01 9.448999999999999622e-01
9.385000000000000009e-01 9.449999999999999512e-01
9.385000000000000009e-01 9.453000000000000291e-01
9.385999999999999899e-01 9.457999999999999741e-01
9.387999999999999678e-01 9.456999999999999851e-01
9.386999999999999789e-01 9.451000000000000512e-01
9.385000000000000009e-01 9.452000000000000401e-01
9.385999999999999899e-01 9.457999999999999741e-01
9.385000000000000009e-01 9.462000000000000410e-01
9.387999999999999678e-01 9.459999999999999520e-01
9.386999999999999789e-01 9.453000000000000291e-01
9.386999999999999789e-01 9.458999999999999631e-01
9.387999999999999678e-01 9.458999999999999631e-01
9.387999999999999678e-01 9.455999999999999961e-01
9.388999999999999568e-01 9.458999999999999631e-01
9.389999999999999458e-01 9.453000000000000291e-01
9.389999999999999458e-01 9.455999999999999961e-01
9.389999999999999458e-01 9.455000000000000071e-01
9.389999999999999458e-01 9.454000000000000181e-01
9.389999999999999458e-01 9.453000000000000291e-01
9.388999999999999568e-01 9.449999999999999512e-01
9.388999999999999568e-01 9.455999999999999961e-01
9.388999999999999568e-01 9.448999999999999622e-01
9.389999999999999458e-01 9.454000000000000181e-01
9.389999999999999458e-01 9.451000000000000512e-01
9.391000000000000458e-01 9.454000000000000181e-01
9.391000000000000458e-01 9.456999999999999851e-01
9.389999999999999458e-01 9.455000000000000071e-01
9.388999999999999568e-01 9.455999999999999961e-01
9.387999999999999678e-01 9.458999999999999631e-01
9.387999999999999678e-01 9.459999999999999520e-01
9.387999999999999678e-01 9.462000000000000410e-01
9.386999999999999789e-01 9.465000000000000080e-01
9.386999999999999789e-01 9.455000000000000071e-01
9.386999999999999789e-01 9.454000000000000181e-01
9.385999999999999899e-01 9.459999999999999520e-01
9.385999999999999899e-01 9.455999999999999961e-01
9.385999999999999899e-01 9.452000000000000401e-01
9.386999999999999789e-01 9.456999999999999851e-01
9.387999999999999678e-01 9.456999999999999851e-01
9.387999999999999678e-01 9.458999999999999631e-01
9.385999999999999899e-01 9.462000000000000410e-01
9.386999999999999789e-01 9.456999999999999851e-01
9.386999999999999789e-01 9.459999999999999520e-01
9.386999999999999789e-01 9.459999999999999520e-01
9.386999999999999789e-01 9.456999999999999851e-01
9.386999999999999789e-01 9.463000000000000300e-01
9.386999999999999789e-01 9.462000000000000410e-01
9.385999999999999899e-01 9.467999999999999750e-01
9.386999999999999789e-01 9.467999999999999750e-01
9.386999999999999789e-01 9.465999999999999970e-01
9.387999999999999678e-01 9.465999999999999970e-01
9.387999999999999678e-01 9.464000000000000190e-01
9.386999999999999789e-01 9.467999999999999750e-01
9.385000000000000009e-01 9.469999999999999529e-01
9.385000000000000009e-01 9.469999999999999529e-01
9.385000000000000009e-01 9.473000000000000309e-01
9.385000000000000009e-01 9.469999999999999529e-01
9.385000000000000009e-01 9.468999999999999639e-01
9.385999999999999899e-01 9.472000000000000419e-01
9.385000000000000009e-01 9.465000000000000080e-01
9.385000000000000009e-01 9.463000000000000300e-01
9.385000000000000009e-01 9.459999999999999520e-01
9.385000000000000009e-01 9.466999999999999860e-01
9.385000000000000009e-01 9.465999999999999970e-01
9.385000000000000009e-01 9.458999999999999631e-01
9.385000000000000009e-01 9.459999999999999520e-01
9.385000000000000009e-01 9.455000000000000071e-01
9.385000000000000009e-01 9.448999999999999622e-01
9.385000000000000009e-01 9.454000000000000181e-01
9.385000000000000009e-01 9.453000000000000291e-01
9.385000000000000009e-01 9.453000000000000291e-01
9.385000000000000009e-01 9.455000000000000071e-01
9.384000000000000119e-01 9.454000000000000181e-01
9.385000000000000009e-01 9.455000000000000071e-01
9.385000000000000009e-01 9.456999999999999851e-01
9.385000000000000009e-01 9.453000000000000291e-01
9.385000000000000009e-01 9.455000000000000071e-01
9.385000000000000009e-01 9.455000000000000071e-01
9.385000000000000009e-01 9.454000000000000181e-01
9.383000000000000229e-01 9.451000000000000512e-01
9.384000000000000119e-01 9.453000000000000291e-01
9.383000000000000229e-01 9.454000000000000181e-01
9.385000000000000009e-01 9.453000000000000291e-01
9.384000000000000119e-01 9.452000000000000401e-01
9.384000000000000119e-01 9.456999999999999851e-01
9.384000000000000119e-01 9.457999999999999741e-01
9.384000000000000119e-01 9.457999999999999741e-01
9.385000000000000009e-01 9.463000000000000300e-01
9.383000000000000229e-01 9.457999999999999741e-01
9.385000000000000009e-01 9.459999999999999520e-01
9.384000000000000119e-01 9.461000000000000520e-01
9.385000000000000009e-01 9.464000000000000190e-01
9.384000000000000119e-01 9.461000000000000520e-01
9.384000000000000119e-01 9.461000000000000520e-01
9.382000000000000339e-01 9.463000000000000300e-01
9.382000000000000339e-01 9.462000000000000410e-01
9.382000000000000339e-01 9.459999999999999520e-01
9.381000000000000449e-01 9.459999999999999520e-01
9.381000000000000449e-01 9.464000000000000190e-01
9.381000000000000449e-01 9.468999999999999639e-01
9.382000000000000339e-01 9.468999999999999639e-01
9.382000000000000339e-01 9.467999999999999750e-01
9.381000000000000449e-01 9.468999999999999639e-01
9.381000000000000449e-01 9.461000000000000520e-01
9.382000000000000339e-01 9.465000000000000080e-01
9.381000000000000449e-01 9.464000000000000190e-01
9.381000000000000449e-01 9.466999999999999860e-01
9.382000000000000339e-01 9.463000000000000300e-01
9.383000000000000229e-01 9.463000000000000300e-01
9.382000000000000339e-01 9.466999999999999860e-01
9.383000000000000229e-01 9.468999999999999639e-01
9.383000000000000229e-01 9.466999999999999860e-01
9.383000000000000229e-01 9.465999999999999970e-01
9.384000000000000119e-01 9.461000000000000520e-01
9.383000000000000229e-01 9.466999999999999860e-01
9.382000000000000339e-01 9.465999999999999970e-01
9.382000000000000339e-01 9.465999999999999970e-01
9.382000000000000339e-01 9.465000000000000080e-01
9.382000000000000339e-01 9.463000000000000300e-01
9.382000000000000339e-01 9.471000000000000529e-01
9.382000000000000339e-01 9.462000000000000410e-01
9.382000000000000339e-01 9.463000000000000300e-01
9.383000000000000229e-01 9.464000000000000190e-01
9.383000000000000229e-01 9.465999999999999970e-01
9.383000000000000229e-01 9.464000000000000190e-01
9.383000000000000229e-01 9.464000000000000190e-01
9.383000000000000229e-01 9.459999999999999520e-01
9.383000000000000229e-01 9.465000000000000080e-01
9.384000000000000119e-01 9.462000000000000410e-01
9.383000000000000229e-01 9.462000000000000410e-01
9.383000000000000229e-01 9.461000000000000520e-01
9.383000000000000229e-01 9.464000000000000190e-01
9.383000000000000229e-01 9.462000000000000410e-01
9.384000000000000119e-01 9.459999999999999520e-01
9.384000000000000119e-01 9.464000000000000190e-01
9.383000000000000229e-01 9.465000000000000080e-01
9.382000000000000339e-01 9.467999999999999750e-01
9.382000000000000339e-01 9.463000000000000300e-01
9.382000000000000339e-01 9.459999999999999520e-01
9.383000000000000229e-01 9.463000000000000300e-01
9.383000000000000229e-01 9.459999999999999520e-01
9.383000000000000229e-01 9.459999999999999520e-01
9.383000000000000229e-01 9.462000000000000410e-01
9.383000000000000229e-01 9.467999999999999750e-01
9.382000000000000339e-01 9.466999999999999860e-01
9.382000000000000339e-01 9.467999999999999750e-01
9.382000000000000339e-01 9.466999999999999860e-01
9.381000000000000449e-01 9.462000000000000410e-01
9.382000000000000339e-01 9.466999999999999860e-01
9.382000000000000339e-01 9.465000000000000080e-01
9.382000000000000339e-01 9.471000000000000529e-01
9.382000000000000339e-01 9.471000000000000529e-01
9.383000000000000229e-01 9.465000000000000080e-01
9.383000000000000229e-01 9.463000000000000300e-01
9.383000000000000229e-01 9.464000000000000190e-01
9.383000000000000229e-01 9.465000000000000080e-01
9.382000000000000339e-01 9.459999999999999520e-01
9.382000000000000339e-01 9.458999999999999631e-01
9.382000000000000339e-01 9.462000000000000410e-01
9.382000000000000339e-01 9.459999999999999520e-01
9.382000000000000339e-01 9.459999999999999520e-01
9.382000000000000339e-01 9.456999999999999851e-01
9.381000000000000449e-01 9.462000000000000410e-01
9.382000000000000339e-01 9.463000000000000300e-01
9.382000000000000339e-01 9.463000000000000300e-01
9.382000000000000339e-01 9.453000000000000291e-01
9.381000000000000449e-01 9.457999999999999741e-01
9.379999999999999449e-01 9.457999999999999741e-01
9.381000000000000449e-01 9.462000000000000410e-01
9.382000000000000339e-01 9.468999999999999639e-01
9.381000000000000449e-01 9.468999999999999639e-01
9.381000000000000449e-01 9.467999999999999750e-01
9.381000000000000449e-01 9.463000000000000300e-01
9.382000000000000339e-01 9.456999999999999851e-01
9.382000000000000339e-01 9.462000000000000410e-01
9.382000000000000339e-01 9.461000000000000520e-01
9.383000000000000229e-01 9.458999999999999631e-01
9.381000000000000449e-01 9.459999999999999520e-01
9.381000000000000449e-01 9.459999999999999520e-01
9.381000000000000449e-01 9.463000000000000300e-01
9.381000000000000449e-01 9.465999999999999970e-01
9.382000000000000339e-01 9.466999999999999860e-01
9.383000000000000229e-01 9.462000000000000410e-01
9.382000000000000339e-01 9.464000000000000190e-01
9.383000000000000229e-01 9.465999999999999970e-01
9.384000000000000119e-01 9.462000000000000410e-01
9.384000000000000119e-01 9.462000000000000410e-01
9.383000000000000229e-01 9.463000000000000300e-01
9.381000000000000449e-01 9.461000000000000520e-01
9.382000000000000339e-01 9.456999999999999851e-01
9.383000000000000229e-01 9.462000000000000410e-01
9.382000000000000339e-01 9.463000000000000300e-01
9.383000000000000229e-01 9.464000000000000190e-01
9.384000000000000119e-01 9.464000000000000190e-01
9.384000000000000119e-01 9.468999999999999639e-01
9.384000000000000119e-01 9.474000000000000199e-01
9.383000000000000229e-01 9.474000000000000199e-01
9.384000000000000119e-01 9.464000000000000190e-01
9.385000000000000009e-01 9.465000000000000080e-01
9.385000000000000009e-01 9.463000000000000300e-01
9.385999999999999899e-01 9.461000000000000520e-01
9.385999999999999899e-01 9.465999999999999970e-01
9.385999999999999899e-01 9.467999999999999750e-01
9.385999999999999899e-01 9.468999999999999639e-01
9.385999999999999899e-01 9.472000000000000419e-01
9.385999999999999899e-01 9.467999999999999750e-01
9.385999999999999899e-01 9.469999999999999529e-01
9.385999999999999899e-01 9.473000000000000309e-01
9.385999999999999899e-01 9.474000000000000199e-01
9.385999999999999899e-01 9.472000000000000419e-01
9.385000000000000009e-01 9.474000000000000199e-01
9.384000000000000119e-01 9.473000000000000309e-01
9.384000000000000119e-01 9.475000000000000089e-01
9.385000000000000009e-01 9.475999999999999979e-01
9.385000000000000009e-01 9.475000000000000089e-01
9.385000000000000009e-01 9.476999999999999869e-01
9.385000000000000009e-01 9.477999999999999758e-01
9.385000000000000009e-01 9.482000000000000428e-01
9.385000000000000009e-01 9.483000000000000318e-01
9.385000000000000009e-01 9.478999999999999648e-01
9.385000000000000009e-01 9.472000000000000419e-01
9.385000000000000009e-01 9.477999999999999758e-01
9.385000000000000009e-01 9.482000000000000428e-01
9.385000000000000009e-01 9.475999999999999979e-01
9.385000000000000009e-01 9.471000000000000529e-01
9.385000000000000009e-01 9.477999999999999758e-01
9.385999999999999899e-01 9.475999999999999979e-01
9.385999999999999899e-01 9.471000000000000529e-01
9.385999999999999899e-01 9.474000000000000199e-01
9.385999999999999899e-01 9.471000000000000529e-01
9.385999999999999899e-01 9.476999999999999869e-01
9.386999999999999789e-01 9.475999999999999979e-01
9.385000000000000009e-01 9.474000000000000199e-01
9.385999999999999899e-01 9.474000000000000199e-01
9.385999999999999899e-01 9.475000000000000089e-01
9.385999999999999899e-01 9.471000000000000529e-01
9.385999999999999899e-01 9.469999999999999529e-01
9.386999999999999789e-01 9.471000000000000529e-01
9.385000000000000009e-01 9.476999999999999869e-01
9.385000000000000009e-01 9.474000000000000199e-01
9.385999999999999899e-01 9.471000000000000529e-01
9.385999999999999899e-01 9.477999999999999758e-01
9.386999999999999789e-01 9.479999999999999538e-01
9.386999999999999789e-01 9.475999999999999979e-01
9.385999999999999899e-01 9.478999999999999648e-01
9.387999999999999678e-01 9.469999999999999529e-01
9.388999999999999568e-01 9.468999999999999639e-01
9.387999999999999678e-01 9.468999999999999639e-01
9.387999999999999678e-01 9.468999999999999639e-01
9.385999999999999899e-01 9.469999999999999529e-01
9.386999999999999789e-01 9.475000000000000089e-01
9.385999999999999899e-01 9.475999999999999979e-01
9.385999999999999899e-01 9.469999999999999529e-01
9.385999999999999899e-01 9.467999999999999750e-01
9.385999999999999899e-01 9.461000000000000520e-01
9.385999999999999899e-01 9.474000000000000199e-01
9.385999999999999899e-01 9.481000000000000538e-01
9.385999999999999899e-01 9.473000000000000309e-01
9.385999999999999899e-01 9.477999999999999758e-01
9.386999999999999789e-01 9.475999999999999979e-01
9.386999999999999789e-01 9.479999999999999538e-01
9.386999999999999789e-01 9.475999999999999979e-01
9.386999999999999789e-01 9.475000000000000089e-01
9.386999999999999789e-01 9.477999999999999758e-01
9.386999999999999789e-01 9.477999999999999758e-01
9.386999999999999789e-01 9.474000000000000199e-01
9.386999999999999789e-01 9.476999999999999869e-01
9.386999999999999789e-01 9.476999999999999869e-01
9.386999999999999789e-01 9.477999999999999758e-01
9.387999999999999678e-01 9.481000000000000538e-01
9.387999999999999678e-01 9.473000000000000309e-01
9.388999999999999568e-01 9.475999999999999979e-01
9.386999999999999789e-01 9.475999999999999979e-01
9.387999999999999678e-01 9.474000000000000199e-01
9.388999999999999568e-01 9.466999999999999860e-01
9.388999999999999568e-01 9.468999999999999639e-01
9.387999999999999678e-01 9.469999999999999529e-01
9.387999999999999678e-01 9.473000000000000309e-01
9.389999999999999458e-01 9.476999999999999869e-01
9.388999999999999568e-01 9.479999999999999538e-01
9.389999999999999458e-01 9.479999999999999538e-01
9.389999999999999458e-01 9.477999999999999758e-01
9.389999999999999458e-01 9.481000000000000538e-01
9.391000000000000458e-01 9.483000000000000318e-01
9.391000000000000458e-01 9.484000000000000208e-01
9.391000000000000458e-01 9.475999999999999979e-01
9.391000000000000458e-01 9.482000000000000428e-01
9.391000000000000458e-01 9.475999999999999979e-01
9.392000000000000348e-01 9.475000000000000089e-01
9.392000000000000348e-01 9.475000000000000089e-01
9.392000000000000348e-01 9.475999999999999979e-01
9.392000000000000348e-01 9.475000000000000089e-01
9.392000000000000348e-01 9.466999999999999860e-01
9.392000000000000348e-01 9.472000000000000419e-01
9.392000000000000348e-01 9.469999999999999529e-01
9.392000000000000348e-01 9.468999999999999639e-01
9.392000000000000348e-01 9.466999999999999860e-01
9.391000000000000458e-01 9.475999999999999979e-01
9.391000000000000458e-01 9.473000000000000309e-01
9.389999999999999458e-01 9.473000000000000309e-01
9.389999999999999458e-01 9.474000000000000199e-01
9.391000000000000458e-01 9.474000000000000199e-01
9.389999999999999458e-01 9.465000000000000080e-01
9.389999999999999458e-01 9.467999999999999750e-01
9.389999999999999458e-01 9.469999999999999529e-01
9.389999999999999458e-01 9.474000000000000199e-01
9.387999999999999678e-01 9.465000000000000080e-01
9.388999999999999568e-01 9.468999999999999639e-01
9.389999999999999458e-01 9.467999999999999750e-01
9.389999999999999458e-01 9.465999999999999970e-01
9.391000000000000458e-01 9.467999999999999750e-01
9.392000000000000348e-01 9.468999999999999639e-01
9.392000000000000348e-01 9.472000000000000419e-01
9.391000000000000458e-01 9.473000000000000309e-01
9.389999999999999458e-01 9.469999999999999529e-01
9.392000000000000348e-01 9.476999999999999869e-01
9.392000000000000348e-01 9.468999999999999639e-01
9.391000000000000458e-01 9.468999999999999639e-01
9.392000000000000348e-01 9.468999999999999639e-01
9.389999999999999458e-01 9.467999999999999750e-01
9.389999999999999458e-01 9.465999999999999970e-01
9.388999999999999568e-01 9.471000000000000529e-01
9.386999999999999789e-01 9.473000000000000309e-01
9.387999999999999678e-01 9.476999999999999869e-01
9.389999999999999458e-01 9.473000000000000309e-01
9.387999999999999678e-01 9.469999999999999529e-01
9.388999999999999568e-01 9.469999999999999529e-01
9.387999999999999678e-01 9.467999999999999750e-01
9.389999999999999458e-01 9.467999999999999750e-01
9.389999999999999458e-01 9.475999999999999979e-01
9.389999999999999458e-01 9.468999999999999639e-01
9.389999999999999458e-01 9.469999999999999529e-01
9.389999999999999458e-01 9.469999999999999529e-01
9.389999999999999458e-01 9.467999999999999750e-01
9.389999999999999458e-01 9.469999999999999529e-01
9.389999999999999458e-01 9.468999999999999639e-01
9.389999999999999458e-01 9.472000000000000419e-01
9.389999999999999458e-01 9.475999999999999979e-01
9.389999999999999458e-01 9.476999999999999869e-01
9.387999999999999678e-01 9.474000000000000199e-01
9.388999999999999568e-01 9.466999999999999860e-01
9.388999999999999568e-01 9.468999999999999639e-01
9.388999999999999568e-01 9.466999999999999860e-01
9.389999999999999458e-01 9.466999999999999860e-01
9.391000000000000458e-01 9.468999999999999639e-01
9.391000000000000458e-01 9.465000000000000080e-01
9.391000000000000458e-01 9.465999999999999970e-01
9.389999999999999458e-01 9.471000000000000529e-01
9.391000000000000458e-01 9.467999999999999750e-01
9.389999999999999458e-01 9.466999999999999860e-01
9.389999999999999458e-01 9.467999999999999750e-01
9.389999999999999458e-01 9.464000000000000190e-01
9.391000000000000458e-01 9.465000000000000080e-01
9.391000000000000458e-01 9.465000000000000080e-01
9.391000000000000458e-01 9.465999999999999970e-01
9.391000000000000458e-01 9.465000000000000080e-01
9.388999999999999568e-01 9.465000000000000080e-01
9.388999999999999568e-01 9.466999999999999860e-01
9.389999999999999458e-01 9.463000000000000300e-01
9.389999999999999458e-01 9.465000000000000080e-01
9.389999999999999458e-01 9.465000000000000080e-01
9.391000000000000458e-01 9.463000000000000300e-01
9.391000000000000458e-01 9.458999999999999631e-01
9.391000000000000458e-01 9.456999999999999851e-01
9.391000000000000458e-01 9.459999999999999520e-01
9.392000000000000348e-01 9.461000000000000520e-01
9.393000000000000238e-01 9.462000000000000410e-01
9.392000000000000348e-01 9.462000000000000410e-01
9.392000000000000348e-01 9.464000000000000190e-01
9.392000000000000348e-01 9.456999999999999851e-01
9.393000000000000238e-01 9.455999999999999961e-01
9.393000000000000238e-01 9.455000000000000071e-01
9.393000000000000238e-01 9.453000000000000291e-01
9.393000000000000238e-01 9.452000000000000401e-01
9.393000000000000238e-01 9.455999999999999961e-01
9.393000000000000238e-01 9.456999999999999851e-01
9.393000000000000238e-01 9.455999999999999961e-01
9.394000000000000128e-01 9.454000000000000181e-01
9.393000000000000238e-01 9.458999999999999631e-01
9.393000000000000238e-01 9.461000000000000520e-01
9.392000000000000348e-01 9.459999999999999520e-01
9.393000000000000238e-01 9.464000000000000190e-01
9.393000000000000238e-01 9.464000000000000190e-01
9.392000000000000348e-01 9.458999999999999631e-01
9.391000000000000458e-01 9.456999999999999851e-01
9.392000000000000348e-01 9.464000000000000190e-01
9.391000000000000458e-01 9.454000000000000181e-01
9.391000000000000458e-01 9.456999999999999851e-01
9.388999999999999568e-01 9.458999999999999631e-01
9.388999999999999568e-01 9.455999999999999961e-01
9.388999999999999568e-01 9.455999999999999961e-01
9.388999999999999568e-01 9.455000000000000071e-01
9.388999999999999568e-01 9.455999999999999961e-01
9.388999999999999568e-01 9.461000000000000520e-01
9.389999999999999458e-01 9.455000000000000071e-01
9.389999999999999458e-01 9.456999999999999851e-01
9.389999999999999458e-01 9.457999999999999741e-01
9.391000000000000458e-01 9.459999999999999520e-01
9.393000000000000238e-01 9.462000000000000410e-01
9.392000000000000348e-01 9.462000000000000410e-01
9.393000000000000238e-01 9.468999999999999639e-01
9.392000000000000348e-01 9.465000000000000080e-01
9.393000000000000238e-01 9.464000000000000190e-01
9.392000000000000348e-01 9.465999999999999970e-01
9.392000000000000348e-01 9.465999999999999970e-01
9.393000000000000238e-01 9.465999999999999970e-01
9.394000000000000128e-01 9.465000000000000080e-01
9.393000000000000238e-01 9.465000000000000080e-01
9.395000000000000018e-01 9.465999999999999970e-01
9.395999999999999908e-01 9.471000000000000529e-01
9.395999999999999908e-01 9.465000000000000080e-01
9.395999999999999908e-01 9.459999999999999520e-01
9.395999999999999908e-01 9.457999999999999741e-01
9.395999999999999908e-01 9.461000000000000520e-01
9.395000000000000018e-01 9.468999999999999639e-01
9.394000000000000128e-01 9.469999999999999529e-01
9.394000000000000128e-01 9.467999999999999750e-01
9.393000000000000238e-01 9.467999999999999750e-01
9.394000000000000128e-01 9.467999999999999750e-01
9.394000000000000128e-01 9.465000000000000080e-01
9.395000000000000018e-01 9.467999999999999750e-01
9.395000000000000018e-01 9.462000000000000410e-01
9.395000000000000018e-01 9.463000000000000300e-01
9.393000000000000238e-01 9.465000000000000080e-01
9.393000000000000238e-01 9.469999999999999529e-01
9.393000000000000238e-01 9.471000000000000529e-01
9.393000000000000238e-01 9.471000000000000529e-01
9.393000000000000238e-01 9.474000000000000199e-01
9.392000000000000348e-01 9.474000000000000199e-01
9.393000000000000238e-01 9.473000000000000309e-01
9.394000000000000128e-01 9.465999999999999970e-01
9.394000000000000128e-01 9.476999999999999869e-01
9.394000000000000128e-01 9.474000000000000199e-01
9.394000000000000128e-01 9.474000000000000199e-01
9.394000000000000128e-01 9.469999999999999529e-01
9.394000000000000128e-01 9.469999999999999529e-01
9.393000000000000238e-01 9.472000000000000419e-01
9.392000000000000348e-01 9.466999999999999860e-01
9.393000000000000238e-01 9.465999999999999970e-01
9.392000000000000348e-01 9.462000000000000410e-01
9.392000000000000348e-01 9.465000000000000080e-01
9.391000000000000458e-01 9.467999999999999750e-01
9.392000000000000348e-01 9.463000000000000300e-01
9.391000000000000458e-01 9.468999999999999639e-01
9.392000000000000348e-01 9.466999999999999860e-01
9.391000000000000458e-01 9.469999999999999529e-01
9.391000000000000458e-01 9.473000000000000309e-01
9.389999999999999458e-01 9.478999999999999648e-01
9.388999999999999568e-01 9.474000000000000199e-01
9.389999999999999458e-01 9.475000000000000089e-01
9.391000000000000458e-01 9.468999999999999639e-01
9.389999999999999458e-01 9.468999999999999639e-01
9.391000000000000458e-01 9.469999999999999529e-01
9.394000000000000128e-01 9.472000000000000419e-01
9.394000000000000128e-01 9.474000000000000199e-01
9.393000000000000238e-01 9.469999999999999529e-01
9.392000000000000348e-01 9.469999999999999529e-01
9.392000000000000348e-01 9.467999999999999750e-01
9.391000000000000458e-01 9.473000000000000309e-01
9.391000000000000458e-01 9.469999999999999529e-01
9.391000000000000458e-01 9.466999999999999860e-01
9.391000000000000458e-01 9.466999999999999860e-01
9.391000000000000458e-01 9.471000000000000529e-01
9.391000000000000458e-01 9.465999999999999970e-01
9.391000000000000458e-01 9.463000000000000300e-01
9.391000000000000458e-01 9.465999999999999970e-01
9.389999999999999458e-01 9.459999999999999520e-01
9.389999999999999458e-01 9.474000000000000199e-01
9.389999999999999458e-01 9.467999999999999750e-01
9.389999999999999458e-01 9.471000000000000529e-01
9.389999999999999458e-01 9.473000000000000309e-01
9.391000000000000458e-01 9.473000000000000309e-01
9.391000000000000458e-01 9.474000000000000199e-01
9.393000000000000238e-01 9.474000000000000199e-01
9.392000000000000348e-01 9.475999999999999979e-01
9.392000000000000348e-01 9.474000000000000199e-01
9.392000000000000348e-01 9.465999999999999970e-01
9.392000000000000348e-01 9.469999999999999529e-01
9.392000000000000348e-01 9.475999999999999979e-01
9.392000000000000348e-01 9.474000000000000199e-01
9.393000000000000238e-01 9.476999999999999869e-01
9.394000000000000128e-01 9.468999999999999639e-01
9.392000000000000348e-01 9.468999999999999639e-01
9.393000000000000238e-01 9.475000000000000089e-01
9.394000000000000128e-01 9.477999999999999758e-01
9.394000000000000128e-01 9.475000000000000089e-01
9.391000000000000458e-01 9.472000000000000419e-01
9.391000000000000458e-01 9.476999999999999869e-01
9.392000000000000348e-01 9.471000000000000529e-01
9.388999999999999568e-01 9.466999999999999860e-01
9.391000000000000458e-01 9.471000000000000529e-01
9.392000000000000348e-01 9.465999999999999970e-01
9.391000000000000458e-01 9.467999999999999750e-01
9.392000000000000348e-01 9.466999999999999860e-01
9.392000000000000348e-01 9.465999999999999970e-01
9.393000000000000238e-01 9.467999999999999750e-01
9.394000000000000128e-01 9.467999999999999750e-01
9.394000000000000128e-01 9.471000000000000529e-01
9.394000000000000128e-01 9.468999999999999639e-01
9.393000000000000238e-01 9.467999999999999750e-01
9.393000000000000238e-01 9.465000000000000080e-01
9.393000000000000238e-01 9.465999999999999970e-01
9.393000000000000238e-01 9.465000000000000080e-01
9.393000000000000238e-01 9.465000000000000080e-01
9.393000000000000238e-01 9.468999999999999639e-01
9.393000000000000238e-01 9.472000000000000419e-01
9.392000000000000348e-01 9.475999999999999979e-01
9.392000000000000348e-01 9.474000000000000199e-01
9.393000000000000238e-01 9.472000000000000419e-01
9.393000000000000238e-01 9.473000000000000309e-01
9.393000000000000238e-01 9.472000000000000419e-01
9.393000000000000238e-01 9.475999999999999979e-01
9.393000000000000238e-01 9.469999999999999529e-01
9.393000000000000238e-01 9.471000000000000529e-01
9.389999999999999458e-01 9.471000000000000529e-01
9.391000000000000458e-01 9.475000000000000089e-01
9.389999999999999458e-01 9.474000000000000199e-01
9.391000000000000458e-01 9.472000000000000419e-01
9.391000000000000458e-01 9.467999999999999750e-01
9.389999999999999458e-01 9.468999999999999639e-01
9.389999999999999458e-01 9.466999999999999860e-01
9.389999999999999458e-01 9.469999999999999529e-01
9.388999999999999568e-01 9.475999999999999979e-01
9.392000000000000348e-01 9.475999999999999979e-01
9.392000000000000348e-01 9.476999999999999869e-01
9.393000000000000238e-01 9.475999999999999979e-01
9.392000000000000348e-01 9.479999999999999538e-01
9.393000000000000238e-01 9.471000000000000529e-01
9.393000000000000238e-01 9.468999999999999639e-01
9.392000000000000348e-01 9.473000000000000309e-01
9.393000000000000238e-01 9.474000000000000199e-01
9.393000000000000238e-01 9.476999999999999869e-01
9.393000000000000238e-01 9.471000000000000529e-01
9.394000000000000128e-01 9.477999999999999758e-01
9.394000000000000128e-01 9.477999999999999758e-01
9.393000000000000238e-01 9.478999999999999648e-01
9.392000000000000348e-01 9.476999999999999869e-01
9.392000000000000348e-01 9.475999999999999979e-01
9.391000000000000458e-01 9.472000000000000419e-01
9.389999999999999458e-01 9.469999999999999529e-01
9.389999999999999458e-01 9.472000000000000419e-01
9.391000000000000458e-01 9.467999999999999750e-01
9.392000000000000348e-01 9.468999999999999639e-01
9.392000000000000348e-01 9.478999999999999648e-01
9.392000000000000348e-01 9.475999999999999979e-01
9.392000000000000348e-01 9.476999999999999869e-01
9.392000000000000348e-01 9.475999999999999979e-01
9.392000000000000348e-01 9.474000000000000199e-01
9.392000000000000348e-01 9.473000000000000309e-01
9.392000000000000348e-01 9.474000000000000199e-01
9.392000000000000348e-01 9.475000000000000089e-01
9.393000000000000238e-01 9.469999999999999529e-01
9.393000000000000238e-01 9.472000000000000419e-01
9.393000000000000238e-01 9.476999999999999869e-01
9.393000000000000238e-01 9.479999999999999538e-01
9.392000000000000348e-01 9.479999999999999538e-01
9.393000000000000238e-01 9.478999999999999648e-01
9.393000000000000238e-01 9.481000000000000538e-01
9.394000000000000128e-01 9.477999999999999758e-01
9.394000000000000128e-01 9.476999999999999869e-01
9.393000000000000238e-01 9.484000000000000208e-01
9.393000000000000238e-01 9.479999999999999538e-01
9.393000000000000238e-01 9.482000000000000428e-01
9.393000000000000238e-01 9.478999999999999648e-01
9.393000000000000238e-01 9.479999999999999538e-01
9.394000000000000128e-01 9.479999999999999538e-01
9.393000000000000238e-01 9.482000000000000428e-01
9.394000000000000128e-01 9.481000000000000538e-01
9.393000000000000238e-01 9.485999999999999988e-01
9.393000000000000238e-01 9.488999999999999657e-01
9.393000000000000238e-01 9.487999999999999767e-01
9.392000000000000348e-01 9.482000000000000428e-01
9.393000000000000238e-01 9.485999999999999988e-01
9.392000000000000348e-01 9.482000000000000428e-01
9.392000000000000348e-01 9.484000000000000208e-01
9.392000000000000348e-01 9.485999999999999988e-01
9.393000000000000238e-01 9.483000000000000318e-01
9.393000000000000238e-01 9.481000000000000538e-01
9.393000000000000238e-01 9.482000000000000428e-01
9.393000000000000238e-01 9.488999999999999657e-01
9.393000000000000238e-01 9.485000000000000098e-01
9.394000000000000128e-01 9.481000000000000538e-01
9.394000000000000128e-01 9.484000000000000208e-01
9.394000000000000128e-01 9.485000000000000098e-01
9.393000000000000238e-01 9.483000000000000318e-01
9.394000000000000128e-01 9.483000000000000318e-01
9.394000000000000128e-01 9.486999999999999877e-01
9.394000000000000128e-01 9.484000000000000208e-01
9.394000000000000128e-01 9.487999999999999767e-01
9.393000000000000238e-01 9.482000000000000428e-01
9.393000000000000238e-01 9.485000000000000098e-01
9.395999999999999908e-01 9.485999999999999988e-01
9.395999999999999908e-01 9.477999999999999758e-01
9.396999999999999797e-01 9.479999999999999538e-01
9.396999999999999797e-01 9.485000000000000098e-01
9.395999999999999908e-01 9.478999999999999648e-01
9.395000000000000018e-01 9.477999999999999758e-01
9.395000000000000018e-01 9.473000000000000309e-01
9.395000000000000018e-01 9.476999999999999869e-01
9.394000000000000128e-01 9.477999999999999758e-01
9.395000000000000018e-01 9.477999999999999758e-01
9.395999999999999908e-01 9.478999999999999648e-01
9.397999999999999687e-01 9.481000000000000538e-01
9.397999999999999687e-01 9.475000000000000089e-01
9.396999999999999797e-01 9.475999999999999979e-01
9.396999999999999797e-01 9.475000000000000089e-01
9.396999999999999797e-01 9.477999999999999758e-01
9.396999999999999797e-01 9.477999999999999758e-01
9.396999999999999797e-01 9.484000000000000208e-01
9.395999999999999908e-01 9.483000000000000318e-01
9.395999999999999908e-01 9.484000000000000208e-01
9.395999999999999908e-01 9.479999999999999538e-01
9.395999999999999908e-01 9.481000000000000538e-01
9.395000000000000018e-01 9.479999999999999538e-01
9.395000000000000018e-01 9.481000000000000538e-01
9.395000000000000018e-01 9.475000000000000089e-01
9.395000000000000018e-01 9.485999999999999988e-01
9.395999999999999908e-01 9.484000000000000208e-01
9.395999999999999908e-01 9.487999999999999767e-01
9.395000000000000018e-01 9.485999999999999988e-01
9.395000000000000018e-01 9.486999999999999877e-01
9.395000000000000018e-01 9.483000000000000318e-01
9.395000000000000018e-01 9.484000000000000208e-01
9.395000000000000018e-01 9.486999999999999877e-01
9.395000000000000018e-01 9.485999999999999988e-01
9.395000000000000018e-01 9.481000000000000538e-01
9.395999999999999908e-01 9.477999999999999758e-01
9.395999999999999908e-01 9.481000000000000538e-01
9.395999999999999908e-01 9.485000000000000098e-01
9.395999999999999908e-01 9.485000000000000098e-01
9.395999999999999908e-01 9.486999999999999877e-01
9.395999999999999908e-01 9.482000000000000428e-01
9.395999999999999908e-01 9.482000000000000428e-01
9.396999999999999797e-01 9.488999999999999657e-01
9.396999999999999797e-01 9.478999999999999648e-01
9.395999999999999908e-01 9.479999999999999538e-01
9.395999999999999908e-01 9.485000000000000098e-01
9.395999999999999908e-01 9.483000000000000318e-01
9.395000000000000018e-01 9.483000000000000318e-01
9.395000000000000018e-01 9.486999999999999877e-01
9.395999999999999908e-01 9.479999999999999538e-01
9.395000000000000018e-01 9.479999999999999538e-01
9.395999999999999908e-01 9.475999999999999979e-01
9.395999999999999908e-01 9.476999999999999869e-01
9.395999999999999908e-01 9.479999999999999538e-01
9.395999999999999908e-01 9.478999999999999648e-01
9.396999999999999797e-01 9.481000000000000538e-01
9.396999999999999797e-01 9.487999999999999767e-01
9.396999999999999797e-01 9.483000000000000318e-01
9.396999999999999797e-01 9.484000000000000208e-01
9.396999999999999797e-01 9.481000000000000538e-01
9.396999999999999797e-01 9.485000000000000098e-01
9.395999999999999908e-01 9.478999999999999648e-01
9.395999999999999908e-01 9.477999999999999758e-01
9.395999999999999908e-01 9.483000000000000318e-01
9.395999999999999908e-01 9.481000000000000538e-01
9.396999999999999797e-01 9.477999999999999758e-01
9.396999999999999797e-01 9.481000000000000538e-01
9.396999999999999797e-01 9.479999999999999538e-01
9.397999999999999687e-01 9.482000000000000428e-01
9.396999999999999797e-01 9.481000000000000538e-01
9.396999999999999797e-01 9.479999999999999538e-01
9.396999999999999797e-01 9.482000000000000428e-01
9.395999999999999908e-01 9.478999999999999648e-01
9.395999999999999908e-01 9.483000000000000318e-01
9.396999999999999797e-01 9.479999999999999538e-01
9.395999999999999908e-01 9.485000000000000098e-01
9.395999999999999908e-01 9.491000000000000547e-01
9.395000000000000018e-01 9.492000000000000437e-01
9.395999999999999908e-01 9.489999999999999547e-01
9.395999999999999908e-01 9.494000000000000217e-01
9.395999999999999908e-01 9.485999999999999988e-01
9.395999999999999908e-01 9.485999999999999988e-01
9.395000000000000018e-01 9.491000000000000547e-01
9.395000000000000018e-01 9.487999999999999767e-01
9.395999999999999908e-01 9.485999999999999988e-01
9.395999999999999908e-01 9.481000000000000538e-01
9.396999999999999797e-01 9.482000000000000428e-01
9.395999999999999908e-01 9.481000000000000538e-01
9.395999999999999908e-01 9.482000000000000428e-01
9.396999999999999797e-01 9.488999999999999657e-01
9.396999999999999797e-01 9.479999999999999538e-01
9.397999999999999687e-01 9.473000000000000309e-01
9.397999999999999687e-01 9.475000000000000089e-01
9.397999999999999687e-01 9.475999999999999979e-01
9.396999999999999797e-01 9.477999999999999758e-01
9.397999999999999687e-01 9.484000000000000208e-01
9.397999999999999687e-01 9.481000000000000538e-01
9.397999999999999687e-01 9.482000000000000428e-01
9.395999999999999908e-01 9.476999999999999869e-01
9.395999999999999908e-01 9.476999999999999869e-01
9.395999999999999908e-01 9.474000000000000199e-01
9.395999999999999908e-01 9.475000000000000089e-01
9.395999999999999908e-01 9.477999999999999758e-01
9.396999999999999797e-01 9.476999999999999869e-01
9.396999999999999797e-01 9.484000000000000208e-01
9.396999999999999797e-01 9.481000000000000538e-01
9.396999999999999797e-01 9.484000000000000208e-01
9.396999999999999797e-01 9.485999999999999988e-01
9.395999999999999908e-01 9.479999999999999538e-01
9.395999999999999908e-01 9.477999999999999758e-01
9.395999999999999908e-01 9.472000000000000419e-01
9.395999999999999908e-01 9.474000000000000199e-01
9.395999999999999908e-01 9.472000000000000419e-01
9.395999999999999908e-01 9.473000000000000309e-01
9.395999999999999908e-01 9.471000000000000529e-01
9.395999999999999908e-01 9.475999999999999979e-01
9.395999999999999908e-01 9.475999999999999979e-01
9.395999999999999908e-01 9.471000000000000529e-01
9.395999999999999908e-01 9.472000000000000419e-01
9.395999999999999908e-01 9.475999999999999979e-01
9.395999999999999908e-01 9.472000000000000419e-01
9.396999999999999797e-01 9.474000000000000199e-01
9.395000000000000018e-01 9.473000000000000309e-01
9.395999999999999908e-01 9.479999999999999538e-01
9.396999999999999797e-01 9.475999999999999979e-01
9.396999999999999797e-01 9.474000000000000199e-01
9.397999999999999687e-01 9.478999999999999648e-01
9.398999999999999577e-01 9.476999999999999869e-01
9.396999999999999797e-01 9.473000000000000309e-01
9.396999999999999797e-01 9.476999999999999869e-01
9.397999999999999687e-01 9.478999999999999648e-01
9.397999999999999687e-01 9.481000000000000538e-01
9.397999999999999687e-01 9.476999999999999869e-01
9.397999999999999687e-01 9.473000000000000309e-01
9.397999999999999687e-01 9.482000000000000428e-01
9.397999999999999687e-01 9.483000000000000318e-01
9.397999999999999687e-01 9.484000000000000208e-01
9.397999999999999687e-01 9.483000000000000318e-01
9.397999999999999687e-01 9.484000000000000208e-01
9.397999999999999687e-01 9.483000000000000318e-01
9.398999999999999577e-01 9.481000000000000538e-01
9.398999999999999577e-01 9.483000000000000318e-01
9.399999999999999467e-01 9.482000000000000428e-01
9.401000000000000467e-01 9.478999999999999648e-01
9.401000000000000467e-01 9.482000000000000428e-01
9.399999999999999467e-01 9.481000000000000538e-01
9.399999999999999467e-01 9.481000000000000538e-01
9.399999999999999467e-01 9.483000000000000318e-01
9.399999999999999467e-01 9.485999999999999988e-01
9.401000000000000467e-01 9.481000000000000538e-01
9.401000000000000467e-01 9.475999999999999979e-01
9.399999999999999467e-01 9.477999999999999758e-01
9.398999999999999577e-01 9.476999999999999869e-01
9.398999999999999577e-01 9.484000000000000208e-01
9.397999999999999687e-01 9.483000000000000318e-01
9.397999999999999687e-01 9.479999999999999538e-01
9.397999999999999687e-01 9.479999999999999538e-01
9.396999999999999797e-01 9.477999999999999758e-01
9.396999999999999797e-01 9.476999999999999869e-01
9.396999999999999797e-01 9.475999999999999979e-01
9.395999999999999908e-01 9.481000000000000538e-01
9.396999999999999797e-01 9.478999999999999648e-01
9.396999999999999797e-01 9.481000000000000538e-01
9.396999999999999797e-01 9.482000000000000428e-01
9.395999999999999908e-01 9.476999999999999869e-01
9.396999999999999797e-01 9.477999999999999758e-01
9.396999999999999797e-01 9.481000000000000538e-01
9.396999999999999797e-01 9.483000000000000318e-01
9.396999999999999797e-01 9.484000000000000208e-01
9.396999999999999797e-01 9.482000000000000428e-01
9.396999999999999797e-01 9.484000000000000208e-01
9.395999999999999908e-01 9.482000000000000428e-01
9.395999999999999908e-01 9.479999999999999538e-01
9.395999999999999908e-01 9.479999999999999538e-01
9.397999999999999687e-01 9.479999999999999538e-01
9.396999999999999797e-01 9.482000000000000428e-01
9.395999999999999908e-01 9.479999999999999538e-01
9.396999999999999797e-01 9.478999999999999648e-01
9.395999999999999908e-01 9.477999999999999758e-01
9.395999999999999908e-01 9.477999999999999758e-01
9.395999999999999908e-01 9.478999999999999648e-01
9.394000000000000128e-01 9.475000000000000089e-01
9.394000000000000128e-01 9.473000000000000309e-01
9.394000000000000128e-01 9.475000000000000089e-01
9.393000000000000238e-01 9.468999999999999639e-01
9.395000000000000018e-01 9.473000000000000309e-01
9.395000000000000018e-01 9.465999999999999970e-01
9.395000000000000018e-01 9.471000000000000529e-01
9.395999999999999908e-01 9.466999999999999860e-01
9.395999999999999908e-01 9.471000000000000529e-01
9.395999999999999908e-01 9.473000000000000309e-01
9.395999999999999908e-01 9.466999999999999860e-01
9.395999999999999908e-01 9.468999999999999639e-01
9.395999999999999908e-01 9.471000000000000529e-01
9.395000000000000018e-01 9.475999999999999979e-01
9.395999999999999908e-01 9.475000000000000089e-01
9.393000000000000238e-01 9.471000000000000529e-01
9.393000000000000238e-01 9.471000000000000529e-01
9.394000000000000128e-01 9.474000000000000199e-01
9.394000000000000128e-01 9.474000000000000199e-01
9.394000000000000128e-01 9.475000000000000089e-01
9.393000000000000238e-01 9.475999999999999979e-01
9.393000000000000238e-01 9.475000000000000089e-01
9.393000000000000238e-01 9.474000000000000199e-01
9.394000000000000128e-01 9.474000000000000199e-01
9.393000000000000238e-01 9.472000000000000419e-01
9.393000000000000238e-01 9.473000000000000309e-01
9.393000000000000238e-01 9.471000000000000529e-01
9.393000000000000238e-01 9.465999999999999970e-01
9.394000000000000128e-01 9.466999999999999860e-01
9.394000000000000128e-01 9.473000000000000309e-01
9.394000000000000128e-01 9.475000000000000089e-01
9.394000000000000128e-01 9.474000000000000199e-01
9.394000000000000128e-01 9.473000000000000309e-01
9.394000000000000128e-01 9.477999999999999758e-01
9.395000000000000018e-01 9.475000000000000089e-01
9.395000000000000018e-01 9.469999999999999529e-01
9.394000000000000128e-01 9.475000000000000089e-01
9.395000000000000018e-01 9.473000000000000309e-01
9.394000000000000128e-01 9.472000000000000419e-01
9.393000000000000238e-01 9.467999999999999750e-01
9.393000000000000238e-01 9.467999999999999750e-01
9.394000000000000128e-01 9.472000000000000419e-01
9.393000000000000238e-01 9.469999999999999529e-01
9.392000000000000348e-01 9.472000000000000419e-01
9.393000000000000238e-01 9.464000000000000190e-01
9.392000000000000348e-01 9.465999999999999970e-01
9.391000000000000458e-01 9.465999999999999970e-01
9.392000000000000348e-01 9.465999999999999970e-01
9.392000000000000348e-01 9.467999999999999750e-01
9.392000000000000348e-01 9.458999999999999631e-01
9.392000000000000348e-01 9.467999999999999750e-01
9.392000000000000348e-01 9.468999999999999639e-01
9.392000000000000348e-01 9.473000000000000309e-01
9.392000000000000348e-01 9.474000000000000199e-01
9.392000000000000348e-01 9.471000000000000529e-01
9.392000000000000348e-01 9.475000000000000089e-01
9.392000000000000348e-01 9.475999999999999979e-01
9.392000000000000348e-01 9.465999999999999970e-01
9.393000000000000238e-01 9.471000000000000529e-01
9.393000000000000238e-01 9.479999999999999538e-01
9.393000000000000238e-01 9.472000000000000419e-01
9.393000000000000238e-01 9.468999999999999639e-01
9.393000000000000238e-01 9.473000000000000309e-01
9.392000000000000348e-01 9.475000000000000089e-01
9.392000000000000348e-01 9.479999999999999538e-01
9.392000000000000348e-01 9.477999999999999758e-01
9.389999999999999458e-01 9.481000000000000538e-01
9.392000000000000348e-01 9.475000000000000089e-01
9.392000000000000348e-01 9.479999999999999538e-01
9.392000000000000348e-01 9.481000000000000538e-01
9.391000000000000458e-01 9.482000000000000428e-01
9.389999999999999458e-01 9.479999999999999538e-01
9.391000000000000458e-01 9.481000000000000538e-01
9.391000000000000458e-01 9.475999999999999979e-01
9.391000000000000458e-01 9.477999999999999758e-01
9.389999999999999458e-01 9.469999999999999529e-01
9.391000000000000458e-01 9.471000000000000529e-01
9.392000000000000348e-01 9.477999999999999758e-01
9.392000000000000348e-01 9.471000000000000529e-01
9.392000000000000348e-01 9.465999999999999970e-01
9.389999999999999458e-01 9.475999999999999979e-01
9.389999999999999458e-01 9.478999999999999648e-01
9.389999999999999458e-01 9.475999999999999979e-01
9.389999999999999458e-01 9.477999999999999758e-01
9.391000000000000458e-01 9.485999999999999988e-01
9.389999999999999458e-01 9.479999999999999538e-01
9.389999999999999458e-01 9.485000000000000098e-01
9.391000000000000458e-01 9.485000000000000098e-01
9.391000000000000458e-01 9.482000000000000428e-01
9.391000000000000458e-01 9.483000000000000318e-01
9.392000000000000348e-01 9.487999999999999767e-01
9.392000000000000348e-01 9.482000000000000428e-01
9.392000000000000348e-01 9.481000000000000538e-01
9.392000000000000348e-01 9.482000000000000428e-01
9.392000000000000348e-01 9.486999999999999877e-01
9.392000000000000348e-01 9.483000000000000318e-01
9.392000000000000348e-01 9.485999999999999988e-01
9.392000000000000348e-01 9.477999999999999758e-01
9.392000000000000348e-01 9.475999999999999979e-01
9.392000000000000348e-01 9.475000000000000089e-01
9.392000000000000348e-01 9.482000000000000428e-01
9.392000000000000348e-01 9.482000000000000428e-01
9.392000000000000348e-01 9.483000000000000318e-01
9.392000000000000348e-01 9.483000000000000318e-01
9.392000000000000348e-01 9.487999999999999767e-01
9.393000000000000238e-01 9.489999999999999547e-01
9.394000000000000128e-01 9.491000000000000547e-01
9.394000000000000128e-01 9.484000000000000208e-01
9.394000000000000128e-01 9.486999999999999877e-01
9.394000000000000128e-01 9.488999999999999657e-01
9.394000000000000128e-01 9.483000000000000318e-01
9.395000000000000018e-01 9.479999999999999538e-01
9.395000000000000018e-01 9.479999999999999538e-01
9.395000000000000018e-01 9.479999999999999538e-01
9.395000000000000018e-01 9.478999999999999648e-01
9.395999999999999908e-01 9.475000000000000089e-01
9.395999999999999908e-01 9.475999999999999979e-01
9.395999999999999908e-01 9.475000000000000089e-01
9.395999999999999908e-01 9.477999999999999758e-01
9.396999999999999797e-01 9.482000000000000428e-01
9.396999999999999797e-01 9.478999999999999648e-01
9.396999999999999797e-01 9.482000000000000428e-01
9.395999999999999908e-01 9.481000000000000538e-01
9.395000000000000018e-01 9.484000000000000208e-01
9.395000000000000018e-01 9.476999999999999869e-01
9.395000000000000018e-01 9.475999999999999979e-01
9.395000000000000018e-01 9.476999999999999869e-01
9.395000000000000018e-01 9.475000000000000089e-01
9.395000000000000018e-01 9.473000000000000309e-01
9.395000000000000018e-01 9.474000000000000199e-01
9.395000000000000018e-01 9.472000000000000419e-01
9.395000000000000018e-01 9.469999999999999529e-01
9.395000000000000018e-01 9.469999999999999529e-01
9.395000000000000018e-01 9.475999999999999979e-01
9.395000000000000018e-01 9.472000000000000419e-01
9.395000000000000018e-01 9.473000000000000309e-01
9.395000000000000018e-01 9.474000000000000199e-01
9.395000000000000018e-01 9.476999999999999869e-01
9.395000000000000018e-01 9.479999999999999538e-01
9.395000000000000018e-01 9.479999999999999538e-01
9.395000000000000018e-01 9.483000000000000318e-01
9.395000000000000018e-01 9.475000000000000089e-01
9.395000000000000018e-01 9.475000000000000089e-01
9.394000000000000128e-01 9.476999999999999869e-01
9.394000000000000128e-01 9.475999999999999979e-01
9.394000000000000128e-01 9.472000000000000419e-01
9.394000000000000128e-01 9.463000000000000300e-01
9.394000000000000128e-01 9.465999999999999970e-01
9.395000000000000018e-01 9.465000000000000080e-01
9.395000000000000018e-01 9.466999999999999860e-01
9.394000000000000128e-01 9.469999999999999529e-01
9.395000000000000018e-01 9.475000000000000089e-01
9.395000000000000018e-01 9.474000000000000199e-01
9.394000000000000128e-01 9.478999999999999648e-01
9.394000000000000128e-01 9.475999999999999979e-01
9.394000000000000128e-01 9.472000000000000419e-01
9.393000000000000238e-01 9.478999999999999648e-01
9.392000000000000348e-01 9.481000000000000538e-01
9.393000000000000238e-01 9.479999999999999538e-01
9.392000000000000348e-01 9.484000000000000208e-01
9.392000000000000348e-01 9.479999999999999538e-01
9.387999999999999678e-01 9.482000000000000428e-01
9.387999999999999678e-01 9.477999999999999758e-01
9.386999999999999789e-01 9.474000000000000199e-01
9.388999999999999568e-01 9.469999999999999529e-01
9.388999999999999568e-01 9.471000000000000529e-01
9.388999999999999568e-01 9.476999999999999869e-01
9.386999999999999789e-01 9.477999999999999758e-01
9.388999999999999568e-01 9.479999999999999538e-01
9.386999999999999789e-01 9.484000000000000208e-01
9.388999999999999568e-01 9.475000000000000089e-01
9.386999999999999789e-01 9.475999999999999979e-01
9.386999999999999789e-01 9.475999999999999979e-01
9.386999999999999789e-01 9.475999999999999979e-01
9.387999999999999678e-01 9.477999999999999758e-01
9.386999999999999789e-01 9.478999999999999648e-01
9.386999999999999789e-01 9.478999999999999648e-01
9.386999999999999789e-01 9.478999999999999648e-01
9.386999999999999789e-01 9.484000000000000208e-01
9.386999999999999789e-01 9.476999999999999869e-01
9.386999999999999789e-01 9.479999999999999538e-01
9.386999999999999789e-01 9.474000000000000199e-01
9.386999999999999789e-01 9.472000000000000419e-01
9.386999999999999789e-01 9.476999999999999869e-01
9.386999999999999789e-01 9.474000000000000199e-01
9.385999999999999899e-01 9.477999999999999758e-01
9.386999999999999789e-01 9.481000000000000538e-01
9.386999999999999789e-01 9.477999999999999758e-01
9.386999999999999789e-01 9.475000000000000089e-01
9.387999999999999678e-01 9.478999999999999648e-01
9.387999999999999678e-01 9.475999999999999979e-01
9.387999999999999678e-01 9.474000000000000199e-01
9.386999999999999789e-01 9.482000000000000428e-01
9.386999999999999789e-01 9.484000000000000208e-01
9.386999999999999789e-01 9.484000000000000208e-01
9.387999999999999678e-01 9.482000000000000428e-01
9.386999999999999789e-01 9.481000000000000538e-01
9.387999999999999678e-01 9.483000000000000318e-01
9.387999999999999678e-01 9.482000000000000428e-01
9.387999999999999678e-01 9.485000000000000098e-01
9.387999999999999678e-01 9.485000000000000098e-01
9.387999999999999678e-01 9.485000000000000098e-01
9.387999999999999678e-01 9.485999999999999988e-01
9.387999999999999678e-01 9.483000000000000318e-01
9.387999999999999678e-01 9.485000000000000098e-01
9.387999999999999678e-01 9.477999999999999758e-01
9.387999999999999678e-01 9.476999999999999869e-01
9.387999999999999678e-01 9.486999999999999877e-01
9.387999999999999678e-01 9.483000000000000318e-01
9.386999999999999789e-01 9.485000000000000098e-01
9.387999999999999678e-01 9.479999999999999538e-01
9.387999999999999678e-01 9.481000000000000538e-01
9.387999999999999678e-01 9.482000000000000428e-01
9.387999999999999678e-01 9.482000000000000428e-01
9.388999999999999568e-01 9.484000000000000208e-01
9.387999999999999678e-01 9.485000000000000098e-01
9.388999999999999568e-01 9.492000000000000437e-01
9.387999999999999678e-01 9.493000000000000327e-01
9.388999999999999568e-01 9.488999999999999657e-01
9.388999999999999568e-01 9.486999999999999877e-01
9.388999999999999568e-01 9.485999999999999988e-01
9.388999999999999568e-01 9.487999999999999767e-01
9.388999999999999568e-01 9.491000000000000547e-01
9.388999999999999568e-01 9.486999999999999877e-01
9.388999999999999568e-01 9.487999999999999767e-01
9.388999999999999568e-01 9.488999999999999657e-01
9.388999999999999568e-01 9.485999999999999988e-01
9.388999999999999568e-01 9.487999999999999767e-01
9.387999999999999678e-01 9.485000000000000098e-01
9.387999999999999678e-01 9.487999999999999767e-01
9.387999999999999678e-01 9.489999999999999547e-01
9.387999999999999678e-01 9.486999999999999877e-01
9.387999999999999678e-01 9.494000000000000217e-01
9.388999999999999568e-01 9.487999999999999767e-01
9.388999999999999568e-01 9.484000000000000208e-01
9.388999999999999568e-01 9.482000000000000428e-01
9.388999999999999568e-01 9.489999999999999547e-01
9.388999999999999568e-01 9.485000000000000098e-01
9.388999999999999568e-01 9.488999999999999657e-01
9.388999999999999568e-01 9.485999999999999988e-01
9.388999999999999568e-01 9.489999999999999547e-01
9.388999999999999568e-01 9.492000000000000437e-01
9.387999999999999678e-01 9.492000000000000437e-01
9.388999999999999568e-01 9.487999999999999767e-01
9.388999999999999568e-01 9.485999999999999988e-01
9.387999999999999678e-01 9.485999999999999988e-01
9.387999999999999678e-01 9.482000000000000428e-01
9.387999999999999678e-01 9.481000000000000538e-01
9.387999999999999678e-01 9.486999999999999877e-01
9.388999999999999568e-01 9.485999999999999988e-01
9.388999999999999568e-01 9.484000000000000208e-01
9.387999999999999678e-01 9.484000000000000208e-01
9.387999999999999678e-01 9.485999999999999988e-01
9.387999999999999678e-01 9.481000000000000538e-01
9.387999999999999678e-01 9.479999999999999538e-01
9.388999999999999568e-01 9.478999999999999648e-01
9.388999999999999568e-01 9.482000000000000428e-01
9.389999999999999458e-01 9.472000000000000419e-01
9.389999999999999458e-01 9.474000000000000199e-01
9.389999999999999458e-01 9.473000000000000309e-01
9.389999999999999458e-01 9.475999999999999979e-01
9.391000000000000458e-01 9.476999999999999869e-01
9.389999999999999458e-01 9.477999999999999758e-01
9.392000000000000348e-01 9.476999999999999869e-01
9.392000000000000348e-01 9.475999999999999979e-01
9.392000000000000348e-01 9.476999999999999869e-01
9.392000000000000348e-01 9.475000000000000089e-01
9.391000000000000458e-01 9.475000000000000089e-01
9.392000000000000348e-01 9.474000000000000199e-01
9.392000000000000348e-01 9.474000000000000199e-01
9.392000000000000348e-01 9.473000000000000309e-01
9.393000000000000238e-01 9.477999999999999758e-01
9.391000000000000458e-01 9.471000000000000529e-01
9.391000000000000458e-01 9.469999999999999529e-01
9.393000000000000238e-01 9.471000000000000529e-01
9.393000000000000238e-01 9.469999999999999529e-01
9.393000000000000238e-01 9.471000000000000529e-01
9.393000000000000238e-01 9.474000000000000199e-01
9.393000000000000238e-01 9.473000000000000309e-01
9.392000000000000348e-01 9.472000000000000419e-01
9.393000000000000238e-01 9.474000000000000199e-01
9.392000000000000348e-01 9.472000000000000419e-01
9.392000000000000348e-01 9.471000000000000529e-01
9.393000000000000238e-01 9.468999999999999639e-01
9.392000000000000348e-01 9.465999999999999970e-01
9.392000000000000348e-01 9.465999999999999970e-01
9.392000000000000348e-01 9.469999999999999529e-01
9.392000000000000348e-01 9.465999999999999970e-01
9.392000000000000348e-01 9.469999999999999529e-01
9.392000000000000348e-01 9.464000000000000190e-01
9.392000000000000348e-01 9.466999999999999860e-01
9.392000000000000348e-01 9.465000000000000080e-01
9.392000000000000348e-01 9.464000000000000190e-01
9.392000000000000348e-01 9.469999999999999529e-01
9.394000000000000128e-01 9.467999999999999750e-01
9.394000000000000128e-01 9.464000000000000190e-01
9.394000000000000128e-01 9.465000000000000080e-01
9.394000000000000128e-01 9.465000000000000080e-01
9.394000000000000128e-01 9.457999999999999741e-01
9.394000000000000128e-01 9.461000000000000520e-01
9.395000000000000018e-01 9.457999999999999741e-01
9.394000000000000128e-01 9.458999999999999631e-01
9.394000000000000128e-01 9.456999999999999851e-01
9.395000000000000018e-01 9.466999999999999860e-01
9.395999999999999908e-01 9.461000000000000520e-01
9.395999999999999908e-01 9.457999999999999741e-01
9.395999999999999908e-01 9.462000000000000410e-01
9.395999999999999908e-01 9.466999999999999860e-01
9.395999999999999908e-01 9.461000000000000520e-01
9.395999999999999908e-01 9.457999999999999741e-01
9.395999999999999908e-01 9.457999999999999741e-01
9.395999999999999908e-01 9.463000000000000300e-01
9.395999999999999908e-01 9.462000000000000410e-01
9.396999999999999797e-01 9.461000000000000520e-01
9.395999999999999908e-01 9.464000000000000190e-01
9.395999999999999908e-01 9.463000000000000300e-01
9.395999999999999908e-01 9.459999999999999520e-01
9.395999999999999908e-01 9.457999999999999741e-01
9.395999999999999908e-01 9.459999999999999520e-01
9.395999999999999908e-01 9.461000000000000520e-01
9.395999999999999908e-01 9.467999999999999750e-01
9.395999999999999908e-01 9.465000000000000080e-01
9.395000000000000018e-01 9.467999999999999750e-01
9.394000000000000128e-01 9.467999999999999750e-01
9.394000000000000128e-01 9.459999999999999520e-01
9.395000000000000018e-01 9.464000000000000190e-01
9.395999999999999908e-01 9.465999999999999970e-01
9.395000000000000018e-01 9.462000000000000410e-01
9.395000000000000018e-01 9.464000000000000190e-01
9.395000000000000018e-01 9.461000000000000520e-01
9.395000000000000018e-01 9.461000000000000520e-01
9.395000000000000018e-01 9.459999999999999520e-01
9.395000000000000018e-01 9.454000000000000181e-01
9.395000000000000018e-01 9.451000000000000512e-01
9.395000000000000018e-01 9.457999999999999741e-01
9.395000000000000018e-01 9.462000000000000410e-01
9.395000000000000018e-01 9.456999999999999851e-01
9.395000000000000018e-01 9.455000000000000071e-01
9.395000000000000018e-01 9.455999999999999961e-01
9.395000000000000018e-01 9.465000000000000080e-01
9.395000000000000018e-01 9.462000000000000410e-01
9.395000000000000018e-01 9.459999999999999520e-01
9.395000000000000018e-01 9.461000000000000520e-01
9.395000000000000018e-01 9.456999999999999851e-01
9.395000000000000018e-01 9.458999999999999631e-01
9.395000000000000018e-01 9.465999999999999970e-01
9.395000000000000018e-01 9.465000000000000080e-01
9.395000000000000018e-01 9.462000000000000410e-01
9.395000000000000018e-01 9.461000000000000520e-01
9.395000000000000018e-01 9.464000000000000190e-01
9.395000000000000018e-01 9.458999999999999631e-01
9.395000000000000018e-01 9.457999999999999741e-01
9.395000000000000018e-01 9.455000000000000071e-01
9.395000000000000018e-01 9.462000000000000410e-01
9.395000000000000018e-01 9.456999999999999851e-01
9.394000000000000128e-01 9.456999999999999851e-01
9.394000000000000128e-01 9.457999999999999741e-01
9.394000000000000128e-01 9.456999999999999851e-01
9.393000000000000238e-01 9.462000000000000410e-01
9.394000000000000128e-01 9.454000000000000181e-01
9.394000000000000128e-01 9.456999999999999851e-01
9.393000000000000238e-01 9.458999999999999631e-01
9.394000000000000128e-01 9.455999999999999961e-01
9.394000000000000128e-01 9.455999999999999961e-01
9.395000000000000018e-01 9.458999999999999631e-01
9.395000000000000018e-01 9.457999999999999741e-01
9.395000000000000018e-01 9.454000000000000181e-01
9.395000000000000018e-01 9.452000000000000401e-01
9.395000000000000018e-01 9.455999999999999961e-01
9.395000000000000018e-01 9.457999999999999741e-01
9.395000000000000018e-01 9.455000000000000071e-01
9.395000000000000018e-01 9.452000000000000401e-01
9.394000000000000128e-01 9.453000000000000291e-01
9.395000000000000018e-01 9.456999999999999851e-01
9.395000000000000018e-01 9.454000000000000181e-01
9.395000000000000018e-01 9.454000000000000181e-01
9.395000000000000018e-01 9.457999999999999741e-01
9.395000000000000018e-01 9.464000000000000190e-01
9.395000000000000018e-01 9.459999999999999520e-01
9.396999999999999797e-01 9.465999999999999970e-01
9.395999999999999908e-01 9.464000000000000190e-01
9.396999999999999797e-01 9.463000000000000300e-01
9.396999999999999797e-01 9.466999999999999860e-01
9.396999999999999797e-01 9.466999999999999860e-01
9.395999999999999908e-01 9.469999999999999529e-01
9.395000000000000018e-01 9.468999999999999639e-01
9.395000000000000018e-01 9.465999999999999970e-01
9.395000000000000018e-01 9.463000000000000300e-01
9.395000000000000018e-01 9.464000000000000190e-01
9.395000000000000018e-01 9.463000000000000300e-01
9.395999999999999908e-01 9.463000000000000300e-01
9.395999999999999908e-01 9.471000000000000529e-01
9.396999999999999797e-01 9.465999999999999970e-01
9.396999999999999797e-01 9.465999999999999970e-01
9.395999999999999908e-01 9.464000000000000190e-01
9.395999999999999908e-01 9.465000000000000080e-01
9.395999999999999908e-01 9.465000000000000080e-01
9.395999999999999908e-01 9.468999999999999639e-01
9.395999999999999908e-01 9.471000000000000529e-01
9.395999999999999908e-01 9.469999999999999529e-01
9.395999999999999908e-01 9.469999999999999529e-01
9.395999999999999908e-01 9.471000000000000529e-01
9.395999999999999908e-01 9.468999999999999639e-01
9.395999999999999908e-01 9.468999999999999639e-01
9.395999999999999908e-01 9.469999999999999529e-01
9.395999999999999908e-01 9.472000000000000419e-01
9.395999999999999908e-01 9.466999999999999860e-01
9.395000000000000018e-01 9.465000000000000080e-01
9.395999999999999908e-01 9.468999999999999639e-01
9.394000000000000128e-01 9.467999999999999750e-01
9.395000000000000018e-01 9.465000000000000080e-01
9.395000000000000018e-01 9.468999999999999639e-01
9.395999999999999908e-01 9.465999999999999970e-01
9.395000000000000018e-01 9.467999999999999750e-01
9.395000000000000018e-01 9.469999999999999529e-01
9.395000000000000018e-01 9.471000000000000529e-01
9.394000000000000128e-01 9.472000000000000419e-01
9.394000000000000128e-01 9.473000000000000309e-01
9.394000000000000128e-01 9.471000000000000529e-01
9.394000000000000128e-01 9.468999999999999639e-01
9.394000000000000128e-01 9.467999999999999750e-01
9.394000000000000128e-01 9.469999999999999529e-01
9.394000000000000128e-01 9.467999999999999750e-01
9.395000000000000018e-01 9.471000000000000529e-01
9.395000000000000018e-01 9.471000000000000529e-01
9.395000000000000018e-01 9.471000000000000529e-01
9.394000000000000128e-01 9.471000000000000529e-01
9.392000000000000348e-01 9.467999999999999750e-01
9.392000000000000348e-01 9.469999999999999529e-01
9.392000000000000348e-01 9.467999999999999750e-01
9.392000000000000348e-01 9.466999999999999860e-01
9.393000000000000238e-01 9.465999999999999970e-01
9.393000000000000238e-01 9.461000000000000520e-01
9.392000000000000348e-01 9.462000000000000410e-01
9.393000000000000238e-01 9.463000000000000300e-01
9.394000000000000128e-01 9.465000000000000080e-01
9.392000000000000348e-01 9.467999999999999750e-01
9.392000000000000348e-01 9.462000000000000410e-01
9.392000000000000348e-01 9.465000000000000080e-01
9.392000000000000348e-01 9.465999999999999970e-01
9.389999999999999458e-01 9.461000000000000520e-01
9.389999999999999458e-01 9.466999999999999860e-01
9.389999999999999458e-01 9.463000000000000300e-01
9.389999999999999458e-01 9.469999999999999529e-01
9.389999999999999458e-01 9.472000000000000419e-01
9.389999999999999458e-01 9.462000000000000410e-01
9.389999999999999458e-01 9.463000000000000300e-01
9.389999999999999458e-01 9.467999999999999750e-01
9.389999999999999458e-01 9.468999999999999639e-01
9.391000000000000458e-01 9.466999999999999860e-01
9.391000000000000458e-01 9.468999999999999639e-01
9.391000000000000458e-01 9.465000000000000080e-01
9.389999999999999458e-01 9.468999999999999639e-01
9.392000000000000348e-01 9.467999999999999750e-01
9.392000000000000348e-01 9.463000000000000300e-01
9.392000000000000348e-01 9.456999999999999851e-01
9.392000000000000348e-01 9.464000000000000190e-01
9.393000000000000238e-01 9.459999999999999520e-01
9.393000000000000238e-01 9.459999999999999520e-01
9.393000000000000238e-01 9.462000000000000410e-01
9.393000000000000238e-01 9.459999999999999520e-01
9.393000000000000238e-01 9.455000000000000071e-01
9.393000000000000238e-01 9.461000000000000520e-01
9.393000000000000238e-01 9.455000000000000071e-01
9.393000000000000238e-01 9.454000000000000181e-01
9.393000000000000238e-01 9.457999999999999741e-01
9.393000000000000238e-01 9.461000000000000520e-01
9.393000000000000238e-01 9.462000000000000410e-01
9.393000000000000238e-01 9.461000000000000520e-01
9.392000000000000348e-01 9.459999999999999520e-01
9.389999999999999458e-01 9.456999999999999851e-01
9.391000000000000458e-01 9.457999999999999741e-01
9.389999999999999458e-01 9.458999999999999631e-01
9.389999999999999458e-01 9.459999999999999520e-01
9.389999999999999458e-01 9.458999999999999631e-01
9.391000000000000458e-01 9.453000000000000291e-01
9.391000000000000458e-01 9.458999999999999631e-01
9.392000000000000348e-01 9.457999999999999741e-01
9.392000000000000348e-01 9.455000000000000071e-01
9.392000000000000348e-01 9.459999999999999520e-01
9.392000000000000348e-01 9.459999999999999520e-01
9.392000000000000348e-01 9.459999999999999520e-01
9.391000000000000458e-01 9.458999999999999631e-01
9.391000000000000458e-01 9.459999999999999520e-01
9.391000000000000458e-01 9.462000000000000410e-01
9.391000000000000458e-01 9.455999999999999961e-01
9.392000000000000348e-01 9.456999999999999851e-01
9.392000000000000348e-01 9.456999999999999851e-01
9.392000000000000348e-01 9.456999999999999851e-01
9.394000000000000128e-01 9.462000000000000410e-01
9.393000000000000238e-01 9.455999999999999961e-01
9.393000000000000238e-01 9.456999999999999851e-01
9.393000000000000238e-01 9.456999999999999851e-01
9.393000000000000238e-01 9.462000000000000410e-01
9.392000000000000348e-01 9.461000000000000520e-01
9.392000000000000348e-01 9.461000000000000520e-01
9.393000000000000238e-01 9.459999999999999520e-01
9.393000000000000238e-01 9.457999999999999741e-01
9.393000000000000238e-01 9.455999999999999961e-01
9.393000000000000238e-01 9.455999999999999961e-01
9.393000000000000238e-01 9.456999999999999851e-01
9.393000000000000238e-01 9.454000000000000181e-01
9.393000000000000238e-01 9.463000000000000300e-01
9.392000000000000348e-01 9.456999999999999851e-01
9.393000000000000238e-01 9.459999999999999520e-01
9.392000000000000348e-01 9.464000000000000190e-01
9.392000000000000348e-01 9.463000000000000300e-01
9.392000000000000348e-01 9.462000000000000410e-01
9.391000000000000458e-01 9.464000000000000190e-01
9.392000000000000348e-01 9.469999999999999529e-01
9.391000000000000458e-01 9.469999999999999529e-01
9.391000000000000458e-01 9.466999999999999860e-01
9.391000000000000458e-01 9.464000000000000190e-01
9.391000000000000458e-01 9.468999999999999639e-01
9.389999999999999458e-01 9.462000000000000410e-01
9.388999999999999568e-01 9.463000000000000300e-01
9.389999999999999458e-01 9.459999999999999520e-01
9.391000000000000458e-01 9.457999999999999741e-01
9.391000000000000458e-01 9.454000000000000181e-01
9.389999999999999458e-01 9.459999999999999520e-01
9.391000000000000458e-01 9.459999999999999520e-01
9.389999999999999458e-01 9.461000000000000520e-01
9.389999999999999458e-01 9.456999999999999851e-01
9.391000000000000458e-01 9.455000000000000071e-01
9.391000000000000458e-01 9.464000000000000190e-01
9.391000000000000458e-01 9.468999999999999639e-01
9.392000000000000348e-01 9.467999999999999750e-01
9.392000000000000348e-01 9.468999999999999639e-01
9.392000000000000348e-01 9.464000000000000190e-01
9.393000000000000238e-01 9.466999999999999860e-01
9.393000000000000238e-01 9.458999999999999631e-01
9.393000000000000238e-01 9.458999999999999631e-01
9.393000000000000238e-01 9.461000000000000520e-01
9.393000000000000238e-01 9.459999999999999520e-01
9.393000000000000238e-01 9.461000000000000520e-01
9.393000000000000238e-01 9.458999999999999631e-01
9.393000000000000238e-01 9.464000000000000190e-01
9.393000000000000238e-01 9.464000000000000190e-01
9.393000000000000238e-01 9.465000000000000080e-01
9.393000000000000238e-01 9.459999999999999520e-01
9.393000000000000238e-01 9.457999999999999741e-01
9.393000000000000238e-01 9.452000000000000401e-01
9.392000000000000348e-01 9.461000000000000520e-01
9.392000000000000348e-01 9.464000000000000190e-01
9.392000000000000348e-01 9.466999999999999860e-01
9.392000000000000348e-01 9.458999999999999631e-01
9.392000000000000348e-01 9.457999999999999741e-01
9.391000000000000458e-01 9.459999999999999520e-01
9.391000000000000458e-01 9.458999999999999631e-01
9.389999999999999458e-01 9.462000000000000410e-01
9.391000000000000458e-01 9.459999999999999520e-01
9.389999999999999458e-01 9.462000000000000410e-01
9.389999999999999458e-01 9.458999999999999631e-01
9.389999999999999458e-01 9.458999999999999631e-01
9.391000000000000458e-01 9.454000000000000181e-01
9.392000000000000348e-01 9.456999999999999851e-01
9.391000000000000458e-01 9.461000000000000520e-01
9.391000000000000458e-01 9.461000000000000520e-01
9.391000000000000458e-01 9.461000000000000520e-01
9.391000000000000458e-01 9.461000000000000520e-01
9.392000000000000348e-01 9.463000000000000300e-01
9.392000000000000348e-01 9.459999999999999520e-01
9.389999999999999458e-01 9.462000000000000410e-01
9.391000000000000458e-01 9.465000000000000080e-01
9.389999999999999458e-01 9.464000000000000190e-01
9.389999999999999458e-01 9.463000000000000300e-01
9.389999999999999458e-01 9.466999999999999860e-01
9.389999999999999458e-01 9.462000000000000410e-01
9.391000000000000458e-01 9.458999999999999631e-01
9.391000000000000458e-01 9.456999999999999851e-01
9.391000000000000458e-01 9.457999999999999741e-01
9.389999999999999458e-01 9.459999999999999520e-01
9.391000000000000458e-01 9.461000000000000520e-01
9.392000000000000348e-01 9.465999999999999970e-01
9.391000000000000458e-01 9.467999999999999750e-01
9.391000000000000458e-01 9.464000000000000190e-01
9.391000000000000458e-01 9.463000000000000300e-01
9.391000000000000458e-01 9.458999999999999631e-01
9.391000000000000458e-01 9.462000000000000410e-01
9.392000000000000348e-01 9.462000000000000410e-01
9.392000000000000348e-01 9.465999999999999970e-01
9.392000000000000348e-01 9.465000000000000080e-01
9.392000000000000348e-01 9.467999999999999750e-01
9.391000000000000458e-01 9.469999999999999529e-01
9.391000000000000458e-01 9.468999999999999639e-01
9.391000000000000458e-01 9.466999999999999860e-01
9.391000000000000458e-01 9.469999999999999529e-01
9.391000000000000458e-01 9.465000000000000080e-01
9.391000000000000458e-01 9.463000000000000300e-01
9.391000000000000458e-01 9.465000000000000080e-01
9.391000000000000458e-01 9.463000000000000300e-01
9.391000000000000458e-01 9.464000000000000190e-01
9.392000000000000348e-01 9.464000000000000190e-01
9.392000000000000348e-01 9.464000000000000190e-01
9.392000000000000348e-01 9.466999999999999860e-01
9.393000000000000238e-01 9.469999999999999529e-01
9.393000000000000238e-01 9.463000000000000300e-01
9.393000000000000238e-01 9.463000000000000300e-01
9.393000000000000238e-01 9.467999999999999750e-01
9.393000000000000238e-01 9.471000000000000529e-01
9.393000000000000238e-01 9.475999999999999979e-01
9.392000000000000348e-01 9.475999999999999979e-01
9.392000000000000348e-01 9.479999999999999538e-01
9.392000000000000348e-01 9.475000000000000089e-01
9.391000000000000458e-01 9.474000000000000199e-01
9.391000000000000458e-01 9.475000000000000089e-01
9.391000000000000458e-01 9.475999999999999979e-01
9.391000000000000458e-01 9.475000000000000089e-01
9.391000000000000458e-01 9.481000000000000538e-01
9.391000000000000458e-01 9.483000000000000318e-01
9.391000000000000458e-01 9.485000000000000098e-01
9.391000000000000458e-01 9.478999999999999648e-01
9.389999999999999458e-01 9.479999999999999538e-01
9.389999999999999458e-01 9.477999999999999758e-01
9.389999999999999458e-01 9.481000000000000538e-01
9.389999999999999458e-01 9.472000000000000419e-01
9.389999999999999458e-01 9.477999999999999758e-01
9.389999999999999458e-01 9.476999999999999869e-01
9.389999999999999458e-01 9.479999999999999538e-01
9.389999999999999458e-01 9.478999999999999648e-01
9.389999999999999458e-01 9.479999999999999538e-01
9.389999999999999458e-01 9.474000000000000199e-01
9.386999999999999789e-01 9.477999999999999758e-01
9.386999999999999789e-01 9.475999999999999979e-01
9.385999999999999899e-01 9.485999999999999988e-01
9.386999999999999789e-01 9.478999999999999648e-01
9.385999999999999899e-01 9.475000000000000089e-01
9.386999999999999789e-01 9.474000000000000199e-01
9.386999999999999789e-01 9.478999999999999648e-01
9.386999999999999789e-01 9.479999999999999538e-01
9.387999999999999678e-01 9.482000000000000428e-01
9.387999999999999678e-01 9.479999999999999538e-01
9.387999999999999678e-01 9.477999999999999758e-01
9.387999999999999678e-01 9.477999999999999758e-01
9.386999999999999789e-01 9.483000000000000318e-01
9.385999999999999899e-01 9.478999999999999648e-01
9.385999999999999899e-01 9.481000000000000538e-01
9.386999999999999789e-01 9.484000000000000208e-01
9.386999999999999789e-01 9.482000000000000428e-01
9.386999999999999789e-01 9.479999999999999538e-01
9.386999999999999789e-01 9.473000000000000309e-01
9.388999999999999568e-01 9.477999999999999758e-01
9.388999999999999568e-01 9.477999999999999758e-01
9.388999999999999568e-01 9.477999999999999758e-01
9.388999999999999568e-01 9.479999999999999538e-01
9.388999999999999568e-01 9.481000000000000538e-01
9.388999999999999568e-01 9.476999999999999869e-01
9.388999999999999568e-01 9.474000000000000199e-01
9.389999999999999458e-01 9.478999999999999648e-01
9.389999999999999458e-01 9.475999999999999979e-01
9.389999999999999458e-01 9.479999999999999538e-01
9.389999999999999458e-01 9.475999999999999979e-01
9.389999999999999458e-01 9.476999999999999869e-01
9.389999999999999458e-01 9.476999999999999869e-01
9.389999999999999458e-01 9.475999999999999979e-01
9.391000000000000458e-01 9.474000000000000199e-01
9.389999999999999458e-01 9.472000000000000419e-01
9.391000000000000458e-01 9.476999999999999869e-01
9.391000000000000458e-01 9.468999999999999639e-01
9.391000000000000458e-01 9.472000000000000419e-01
9.391000000000000458e-01 9.474000000000000199e-01
9.391000000000000458e-01 9.468999999999999639e-01
9.392000000000000348e-01 9.475999999999999979e-01
9.392000000000000348e-01 9.473000000000000309e-01
9.392000000000000348e-01 9.472000000000000419e-01
9.392000000000000348e-01 9.482000000000000428e-01
9.392000000000000348e-01 9.474000000000000199e-01
9.392000000000000348e-01 9.473000000000000309e-01
9.392000000000000348e-01 9.475000000000000089e-01
9.392000000000000348e-01 9.474000000000000199e-01
9.392000000000000348e-01 9.474000000000000199e-01
9.392000000000000348e-01 9.473000000000000309e-01
9.392000000000000348e-01 9.475000000000000089e-01
9.392000000000000348e-01 9.471000000000000529e-01
9.392000000000000348e-01 9.471000000000000529e-01
9.392000000000000348e-01 9.466999999999999860e-01
9.392000000000000348e-01 9.469999999999999529e-01
9.393000000000000238e-01 9.473000000000000309e-01
9.392000000000000348e-01 9.472000000000000419e-01
9.393000000000000238e-01 9.475000000000000089e-01
9.393000000000000238e-01 9.478999999999999648e-01
9.393000000000000238e-01 9.476999999999999869e-01
9.393000000000000238e-01 9.473000000000000309e-01
9.392000000000000348e-01 9.472000000000000419e-01
9.392000000000000348e-01 9.471000000000000529e-01
9.393000000000000238e-01 9.471000000000000529e-01
9.393000000000000238e-01 9.468999999999999639e-01
9.391000000000000458e-01 9.472000000000000419e-01
9.392000000000000348e-01 9.475000000000000089e-01
9.392000000000000348e-01 9.475999999999999979e-01
9.391000000000000458e-01 9.477999999999999758e-01
9.391000000000000458e-01 9.469999999999999529e-01
9.392000000000000348e-01 9.469999999999999529e-01
9.392000000000000348e-01 9.473000000000000309e-01
9.392000000000000348e-01 9.475000000000000089e-01
9.393000000000000238e-01 9.475000000000000089e-01
9.394000000000000128e-01 9.466999999999999860e-01
9.394000000000000128e-01 9.472000000000000419e-01
9.394000000000000128e-01 9.473000000000000309e-01
9.393000000000000238e-01 9.475999999999999979e-01
9.394000000000000128e-01 9.473000000000000309e-01
9.394000000000000128e-01 9.464000000000000190e-01
9.393000000000000238e-01 9.469999999999999529e-01
9.393000000000000238e-01 9.464000000000000190e-01
9.393000000000000238e-01 9.461000000000000520e-01
9.393000000000000238e-01 9.458999999999999631e-01
9.393000000000000238e-01 9.463000000000000300e-01
9.393000000000000238e-01 9.464000000000000190e-01
9.393000000000000238e-01 9.463000000000000300e-01
9.394000000000000128e-01 9.466999999999999860e-01
9.393000000000000238e-01 9.465000000000000080e-01
9.393000000000000238e-01 9.468999999999999639e-01
9.392000000000000348e-01 9.472000000000000419e-01
9.392000000000000348e-01 9.468999999999999639e-01
9.393000000000000238e-01 9.468999999999999639e-01
9.393000000000000238e-01 9.465999999999999970e-01
9.393000000000000238e-01 9.464000000000000190e-01
9.393000000000000238e-01 9.464000000000000190e-01
9.393000000000000238e-01 9.469999999999999529e-01
9.393000000000000238e-01 9.468999999999999639e-01
9.393000000000000238e-01 9.466999999999999860e-01
9.394000000000000128e-01 9.469999999999999529e-01
9.394000000000000128e-01 9.472000000000000419e-01
9.394000000000000128e-01 9.471000000000000529e-01
9.394000000000000128e-01 9.466999999999999860e-01
9.394000000000000128e-01 9.469999999999999529e-01
9.394000000000000128e-01 9.466999999999999860e-01
9.394000000000000128e-01 9.466999999999999860e-01
9.394000000000000128e-01 9.466999999999999860e-01
9.394000000000000128e-01 9.468999999999999639e-01
9.394000000000000128e-01 9.467999999999999750e-01
9.394000000000000128e-01 9.465000000000000080e-01
9.394000000000000128e-01 9.465999999999999970e-01
9.394000000000000128e-01 9.468999999999999639e-01
9.394000000000000128e-01 9.464000000000000190e-01
9.393000000000000238e-01 9.461000000000000520e-01
9.391000000000000458e-01 9.462000000000000410e-01
9.388999999999999568e-01 9.465999999999999970e-01
9.391000000000000458e-01 9.458999999999999631e-01
9.391000000000000458e-01 9.461000000000000520e-01
9.391000000000000458e-01 9.459999999999999520e-01
9.391000000000000458e-01 9.456999999999999851e-01
9.391000000000000458e-01 9.463000000000000300e-01
9.391000000000000458e-01 9.456999999999999851e-01
9.391000000000000458e-01 9.457999999999999741e-01
9.391000000000000458e-01 9.457999999999999741e-01
9.391000000000000458e-01 9.455999999999999961e-01
9.391000000000000458e-01 9.457999999999999741e-01
9.389999999999999458e-01 9.464000000000000190e-01
9.391000000000000458e-01 9.465000000000000080e-01
9.391000000000000458e-01 9.459999999999999520e-01
9.391000000000000458e-01 9.458999999999999631e-01
9.391000000000000458e-01 9.461000000000000520e-01
9.391000000000000458e-01 9.462000000000000410e-01
9.389999999999999458e-01 9.462000000000000410e-01
9.391000000000000458e-01 9.464000000000000190e-01
9.391000000000000458e-01 9.467999999999999750e-01
9.391000000000000458e-01 9.463000000000000300e-01
9.391000000000000458e-01 9.467999999999999750e-01
9.391000000000000458e-01 9.468999999999999639e-01
9.391000000000000458e-01 9.466999999999999860e-01
9.392000000000000348e-01 9.466999999999999860e-01
9.392000000000000348e-01 9.463000000000000300e-01
9.392000000000000348e-01 9.468999999999999639e-01
9.392000000000000348e-01 9.465000000000000080e-01
9.392000000000000348e-01 9.463000000000000300e-01
9.391000000000000458e-01 9.466999999999999860e-01
9.392000000000000348e-01 9.462000000000000410e-01
9.392000000000000348e-01 9.462000000000000410e-01
9.392000000000000348e-01 9.465999999999999970e-01
9.393000000000000238e-01 9.467999999999999750e-01
9.392000000000000348e-01 9.466999999999999860e-01
9.393000000000000238e-01 9.465999999999999970e-01
9.393000000000000238e-01 9.475000000000000089e-01
9.393000000000000238e-01 9.478999999999999648e-01
9.393000000000000238e-01 9.472000000000000419e-01
9.393000000000000238e-01 9.475000000000000089e-01
9.393000000000000238e-01 9.473000000000000309e-01
9.393000000000000238e-01 9.474000000000000199e-01
9.393000000000000238e-01 9.468999999999999639e-01
9.393000000000000238e-01 9.471000000000000529e-01
9.393000000000000238e-01 9.468999999999999639e-01
9.393000000000000238e-01 9.465000000000000080e-01
9.394000000000000128e-01 9.466999999999999860e-01
9.394000000000000128e-01 9.469999999999999529e-01
9.394000000000000128e-01 9.467999999999999750e-01
9.394000000000000128e-01 9.464000000000000190e-01
9.393000000000000238e-01 9.459999999999999520e-01
9.394000000000000128e-01 9.462000000000000410e-01
9.393000000000000238e-01 9.465999999999999970e-01
9.393000000000000238e-01 9.462000000000000410e-01
9.393000000000000238e-01 9.462000000000000410e-01
9.394000000000000128e-01 9.462000000000000410e-01
9.394000000000000128e-01 9.455000000000000071e-01
9.395000000000000018e-01 9.459999999999999520e-01
9.394000000000000128e-01 9.462000000000000410e-01
9.393000000000000238e-01 9.463000000000000300e-01
9.393000000000000238e-01 9.466999999999999860e-01
9.394000000000000128e-01 9.466999999999999860e-01
9.395999999999999908e-01 9.465999999999999970e-01
9.395000000000000018e-01 9.468999999999999639e-01
9.395000000000000018e-01 9.467999999999999750e-01
9.394000000000000128e-01 9.466999999999999860e-01
9.393000000000000238e-01 9.469999999999999529e-01
9.394000000000000128e-01 9.469999999999999529e-01
9.395000000000000018e-01 9.469999999999999529e-01
9.395000000000000018e-01 9.474000000000000199e-01
9.395000000000000018e-01 9.466999999999999860e-01
9.392000000000000348e-01 9.473000000000000309e-01
9.392000000000000348e-01 9.471000000000000529e-01
9.394000000000000128e-01 9.469999999999999529e-01
9.394000000000000128e-01 9.465000000000000080e-01
9.394000000000000128e-01 9.465999999999999970e-01
9.394000000000000128e-01 9.469999999999999529e-01
9.394000000000000128e-01 9.468999999999999639e-01
9.395000000000000018e-01 9.472000000000000419e-01
9.394000000000000128e-01 9.469999999999999529e-01
9.394000000000000128e-01 9.466999999999999860e-01
9.394000000000000128e-01 9.464000000000000190e-01
9.394000000000000128e-01 9.462000000000000410e-01
9.394000000000000128e-01 9.466999999999999860e-01
9.394000000000000128e-01 9.466999999999999860e-01
9.395000000000000018e-01 9.471000000000000529e-01
9.394000000000000128e-01 9.468999999999999639e-01
9.394000000000000128e-01 9.469999999999999529e-01
9.394000000000000128e-01 9.473000000000000309e-01
9.394000000000000128e-01 9.472000000000000419e-01
9.394000000000000128e-01 9.476999999999999869e-01
9.395000000000000018e-01 9.473000000000000309e-01
9.394000000000000128e-01 9.475999999999999979e-01
9.394000000000000128e-01 9.473000000000000309e-01
9.394000000000000128e-01 9.469999999999999529e-01
9.394000000000000128e-01 9.469999999999999529e-01
9.395000000000000018e-01 9.473000000000000309e-01
9.395000000000000018e-01 9.468999999999999639e-01
9.395000000000000018e-01 9.467999999999999750e-01
9.394000000000000128e-01 9.471000000000000529e-01
9.394000000000000128e-01 9.468999999999999639e-01
9.395000000000000018e-01 9.475000000000000089e-01
9.394000000000000128e-01 9.473000000000000309e-01
9.395000000000000018e-01 9.473000000000000309e-01
9.394000000000000128e-01 9.473000000000000309e-01
9.394000000000000128e-01 9.469999999999999529e-01
9.395000000000000018e-01 9.467999999999999750e-01
9.395000000000000018e-01 9.471000000000000529e-01
9.394000000000000128e-01 9.468999999999999639e-01
9.395000000000000018e-01 9.474000000000000199e-01
9.395000000000000018e-01 9.469999999999999529e-01
9.395000000000000018e-01 9.466999999999999860e-01
9.395000000000000018e-01 9.467999999999999750e-01
9.395000000000000018e-01 9.469999999999999529e-01
9.395000000000000018e-01 9.465999999999999970e-01
9.394000000000000128e-01 9.465999999999999970e-01
9.394000000000000128e-01 9.466999999999999860e-01
9.394000000000000128e-01 9.466999999999999860e-01
9.394000000000000128e-01 9.468999999999999639e-01
9.393000000000000238e-01 9.468999999999999639e-01
9.394000000000000128e-01 9.474000000000000199e-01
9.394000000000000128e-01 9.464000000000000190e-01
9.394000000000000128e-01 9.466999999999999860e-01
9.394000000000000128e-01 9.471000000000000529e-01
9.394000000000000128e-01 9.471000000000000529e-01
9.395000000000000018e-01 9.474000000000000199e-01
9.395000000000000018e-01 9.474000000000000199e-01
9.395000000000000018e-01 9.474000000000000199e-01
9.395000000000000018e-01 9.466999999999999860e-01
9.395000000000000018e-01 9.467999999999999750e-01
9.395000000000000018e-01 9.467999999999999750e-01
9.395000000000000018e-01 9.474000000000000199e-01
9.395000000000000018e-01 9.473000000000000309e-01
9.395999999999999908e-01 9.474000000000000199e-01
9.395999999999999908e-01 9.475000000000000089e-01
9.395000000000000018e-01 9.476999999999999869e-01
9.395999999999999908e-01 9.473000000000000309e-01
9.395000000000000018e-01 9.464000000000000190e-01
9.395000000000000018e-01 9.474000000000000199e-01
9.395000000000000018e-01 9.472000000000000419e-01
9.395999999999999908e-01 9.468999999999999639e-01
9.395000000000000018e-01 9.467999999999999750e-01
9.395000000000000018e-01 9.464000000000000190e-01
9.395000000000000018e-01 9.466999999999999860e-01
9.395000000000000018e-01 9.471000000000000529e-01
9.395000000000000018e-01 9.473000000000000309e-01
9.395000000000000018e-01 9.475000000000000089e-01
9.395999999999999908e-01 9.472000000000000419e-01
9.395000000000000018e-01 9.472000000000000419e-01
9.395000000000000018e-01 9.474000000000000199e-01
9.394000000000000128e-01 9.472000000000000419e-01
9.394000000000000128e-01 9.475999999999999979e-01
9.395000000000000018e-01 9.472000000000000419e-01
9.395000000000000018e-01 9.472000000000000419e-01
9.394000000000000128e-01 9.468999999999999639e-01
9.395000000000000018e-01 9.471000000000000529e-01
9.395000000000000018e-01 9.476999999999999869e-01
9.395000000000000018e-01 9.479999999999999538e-01
9.395999999999999908e-01 9.484000000000000208e-01
9.395999999999999908e-01 9.482000000000000428e-01
9.395999999999999908e-01 9.485000000000000098e-01
9.395999999999999908e-01 9.474000000000000199e-01
9.395999999999999908e-01 9.475999999999999979e-01
9.395999999999999908e-01 9.475999999999999979e-01
9.395000000000000018e-01 9.477999999999999758e-01
9.395000000000000018e-01 9.476999999999999869e-01
9.395000000000000018e-01 9.477999999999999758e-01
9.395000000000000018e-01 9.474000000000000199e-01
9.395000000000000018e-01 9.481000000000000538e-01
9.395000000000000018e-01 9.479999999999999538e-01
9.395000000000000018e-01 9.479999999999999538e-01
9.395000000000000018e-01 9.482000000000000428e-01
9.395000000000000018e-01 9.479999999999999538e-01
9.395000000000000018e-01 9.476999999999999869e-01
9.395000000000000018e-01 9.477999999999999758e-01
9.394000000000000128e-01 9.476999999999999869e-01
9.394000000000000128e-01 9.476999999999999869e-01
9.394000000000000128e-01 9.478999999999999648e-01
9.395000000000000018e-01 9.481000000000000538e-01
9.395000000000000018e-01 9.481000000000000538e-01
9.395999999999999908e-01 9.483000000000000318e-01
9.395999999999999908e-01 9.478999999999999648e-01
9.395999999999999908e-01 9.489999999999999547e-01
9.395999999999999908e-01 9.481000000000000538e-01
9.395999999999999908e-01 9.484000000000000208e-01
9.395999999999999908e-01 9.484000000000000208e-01
9.395000000000000018e-01 9.484000000000000208e-01
9.395000000000000018e-01 9.483000000000000318e-01
9.395000000000000018e-01 9.485000000000000098e-01
9.394000000000000128e-01 9.486999999999999877e-01
9.394000000000000128e-01 9.485000000000000098e-01
9.395000000000000018e-01 9.483000000000000318e-01
9.395000000000000018e-01 9.479999999999999538e-01
9.395000000000000018e-01 9.484000000000000208e-01
9.395000000000000018e-01 9.482000000000000428e-01
9.395000000000000018e-01 9.483000000000000318e-01
9.395000000000000018e-01 9.485000000000000098e-01
9.395000000000000018e-01 9.487999999999999767e-01
9.395000000000000018e-01 9.484000000000000208e-01
9.395000000000000018e-01 9.479999999999999538e-01
9.395000000000000018e-01 9.478999999999999648e-01
9.395000000000000018e-01 9.478999999999999648e-01
9.395000000000000018e-01 9.477999999999999758e-01
9.394000000000000128e-01 9.484000000000000208e-01
9.395000000000000018e-01 9.478999999999999648e-01
9.395000000000000018e-01 9.484000000000000208e-01
9.394000000000000128e-01 9.482000000000000428e-01
9.394000000000000128e-01 9.484000000000000208e-01
9.395000000000000018e-01 9.483000000000000318e-01
9.395000000000000018e-01 9.481000000000000538e-01
9.395999999999999908e-01 9.482000000000000428e-01
9.395999999999999908e-01 9.479999999999999538e-01
9.395000000000000018e-01 9.477999999999999758e-01
9.395000000000000018e-01 9.479999999999999538e-01
9.395000000000000018e-01 9.479999999999999538e-01
9.395000000000000018e-01 9.478999999999999648e-01
9.395000000000000018e-01 9.478999999999999648e-01
9.395000000000000018e-01 9.479999999999999538e-01
9.395000000000000018e-01 9.474000000000000199e-01
9.395000000000000018e-01 9.475000000000000089e-01
9.395999999999999908e-01 9.472000000000000419e-01
9.395999999999999908e-01 9.468999999999999639e-01
9.395999999999999908e-01 9.475000000000000089e-01
9.395999999999999908e-01 9.473000000000000309e-01
9.395999999999999908e-01 9.475000000000000089e-01
9.396999999999999797e-01 9.473000000000000309e-01
9.396999999999999797e-01 9.474000000000000199e-01
9.396999999999999797e-01 9.473000000000000309e-01
9.396999999999999797e-01 9.474000000000000199e-01
9.396999999999999797e-01 9.475000000000000089e-01
9.396999999999999797e-01 9.476999999999999869e-01
9.396999999999999797e-01 9.472000000000000419e-01
9.396999999999999797e-01 9.465000000000000080e-01
9.396999999999999797e-01 9.474000000000000199e-01
9.396999999999999797e-01 9.469999999999999529e-01
9.395999999999999908e-01 9.465999999999999970e-01
9.395999999999999908e-01 9.473000000000000309e-01
9.395999999999999908e-01 9.465999999999999970e-01
9.395999999999999908e-01 9.468999999999999639e-01
9.395999999999999908e-01 9.467999999999999750e-01
9.395999999999999908e-01 9.471000000000000529e-01
9.396999999999999797e-01 9.476999999999999869e-01
9.396999999999999797e-01 9.476999999999999869e-01
9.397999999999999687e-01 9.475999999999999979e-01
9.398999999999999577e-01 9.475999999999999979e-01
9.398999999999999577e-01 9.469999999999999529e-01
9.398999999999999577e-01 9.475999999999999979e-01
9.398999999999999577e-01 9.475999999999999979e-01
9.398999999999999577e-01 9.474000000000000199e-01
9.397999999999999687e-01 9.474000000000000199e-01
9.397999999999999687e-01 9.474000000000000199e-01
9.397999999999999687e-01 9.473000000000000309e-01
9.397999999999999687e-01 9.475000000000000089e-01
9.397999999999999687e-01 9.474000000000000199e-01
9.397999999999999687e-01 9.471000000000000529e-01
9.397999999999999687e-01 9.473000000000000309e-01
9.398999999999999577e-01 9.479999999999999538e-01
9.398999999999999577e-01 9.477999999999999758e-01
9.399999999999999467e-01 9.478999999999999648e-01
9.399999999999999467e-01 9.475999999999999979e-01
9.399999999999999467e-01 9.473000000000000309e-01
9.399999999999999467e-01 9.476999999999999869e-01
9.399999999999999467e-01 9.477999999999999758e-01
9.399999999999999467e-01 9.475999999999999979e-01
9.401000000000000467e-01 9.479999999999999538e-01
9.401000000000000467e-01 9.481000000000000538e-01
9.401000000000000467e-01 9.483000000000000318e-01
9.401000000000000467e-01 9.474000000000000199e-01
9.401000000000000467e-01 9.475999999999999979e-01
9.401000000000000467e-01 9.473000000000000309e-01
9.401000000000000467e-01 9.467999999999999750e-01
9.401000000000000467e-01 9.476999999999999869e-01
9.402000000000000357e-01 9.474000000000000199e-01
9.402000000000000357e-01 9.472000000000000419e-01
9.401000000000000467e-01 9.476999999999999869e-01
9.399999999999999467e-01 9.477999999999999758e-01
9.399999999999999467e-01 9.475999999999999979e-01
9.399999999999999467e-01 9.478999999999999648e-01
9.399999999999999467e-01 9.475000000000000089e-01
9.399999999999999467e-01 9.478999999999999648e-01
9.399999999999999467e-01 9.475999999999999979e-01
9.398999999999999577e-01 9.471000000000000529e-01
9.399999999999999467e-01 9.465000000000000080e-01
9.399999999999999467e-01 9.468999999999999639e-01
9.399999999999999467e-01 9.467999999999999750e-01
9.399999999999999467e-01 9.465999999999999970e-01
9.399999999999999467e-01 9.465999999999999970e-01
9.399999999999999467e-01 9.467999999999999750e-01
9.399999999999999467e-01 9.468999999999999639e-01
9.399999999999999467e-01 9.471000000000000529e-01
9.399999999999999467e-01 9.471000000000000529e-01
9.399999999999999467e-01 9.472000000000000419e-01
9.401000000000000467e-01 9.468999999999999639e-01
9.403000000000000247e-01 9.474000000000000199e-01
9.402000000000000357e-01 9.467999999999999750e-01
9.402000000000000357e-01 9.465999999999999970e-01
9.402000000000000357e-01 9.469999999999999529e-01
9.402000000000000357e-01 9.469999999999999529e-01
9.402000000000000357e-01 9.471000000000000529e-01
9.402000000000000357e-01 9.469999999999999529e-01
9.402000000000000357e-01 9.468999999999999639e-01
9.402000000000000357e-01 9.473000000000000309e-01
9.402000000000000357e-01 9.474000000000000199e-01
9.402000000000000357e-01 9.474000000000000199e-01
9.402000000000000357e-01 9.475999999999999979e-01
9.401000000000000467e-01 9.477999999999999758e-01
9.401000000000000467e-01 9.477999999999999758e-01
9.401000000000000467e-01 9.478999999999999648e-01
9.401000000000000467e-01 9.478999999999999648e-01
9.401000000000000467e-01 9.479999999999999538e-01
9.401000000000000467e-01 9.475999999999999979e-01
9.401000000000000467e-01 9.478999999999999648e-01
9.401000000000000467e-01 9.475999999999999979e-01
9.401000000000000467e-01 9.478999999999999648e-01
9.401000000000000467e-01 9.477999999999999758e-01
9.401000000000000467e-01 9.477999999999999758e-01
9.401000000000000467e-01 9.475999999999999979e-01
9.399999999999999467e-01 9.478999999999999648e-01
9.399999999999999467e-01 9.475000000000000089e-01
9.399999999999999467e-01 9.476999999999999869e-01
9.401000000000000467e-01 9.478999999999999648e-01
9.402000000000000357e-01 9.479999999999999538e-01
9.402000000000000357e-01 9.476999999999999869e-01
9.401000000000000467e-01 9.474000000000000199e-01
9.401000000000000467e-01 9.469999999999999529e-01
9.401000000000000467e-01 9.475000000000000089e-01
9.401000000000000467e-01 9.475999999999999979e-01
9.401000000000000467e-01 9.471000000000000529e-01
9.401000000000000467e-01 9.468999999999999639e-01
9.402000000000000357e-01 9.473000000000000309e-01
9.402000000000000357e-01 9.476999999999999869e-01
9.401000000000000467e-01 9.473000000000000309e-01
9.401000000000000467e-01 9.467999999999999750e-01
9.401000000000000467e-01 9.465999999999999970e-01
9.402000000000000357e-01 9.465000000000000080e-01
9.401000000000000467e-01 9.468999999999999639e-01
9.402000000000000357e-01 9.467999999999999750e-01
9.402000000000000357e-01 9.468999999999999639e-01
9.403000000000000247e-01 9.465000000000000080e-01
9.403000000000000247e-01 9.469999999999999529e-01
9.403000000000000247e-01 9.468999999999999639e-01
9.403000000000000247e-01 9.473000000000000309e-01
9.402000000000000357e-01 9.463000000000000300e-01
9.402000000000000357e-01 9.465000000000000080e-01
9.401000000000000467e-01 9.467999999999999750e-01
9.401000000000000467e-01 9.464000000000000190e-01
9.402000000000000357e-01 9.467999999999999750e-01
9.402000000000000357e-01 9.472000000000000419e-01
9.402000000000000357e-01 9.469999999999999529e-01
9.402000000000000357e-01 9.468999999999999639e-01
9.402000000000000357e-01 9.465999999999999970e-01
9.401000000000000467e-01 9.472000000000000419e-01
9.401000000000000467e-01 9.474000000000000199e-01
9.401000000000000467e-01 9.475000000000000089e-01
9.401000000000000467e-01 9.477999999999999758e-01
9.401000000000000467e-01 9.473000000000000309e-01
9.402000000000000357e-01 9.467999999999999750e-01
9.403000000000000247e-01 9.467999999999999750e-01
9.403000000000000247e-01 9.472000000000000419e-01
9.403000000000000247e-01 9.475999999999999979e-01
9.403000000000000247e-01 9.465999999999999970e-01
9.402000000000000357e-01 9.466999999999999860e-01
9.402000000000000357e-01 9.463000000000000300e-01
9.404000000000000137e-01 9.469999999999999529e-01
9.403000000000000247e-01 9.469999999999999529e-01
9.403000000000000247e-01 9.473000000000000309e-01
9.403000000000000247e-01 9.469999999999999529e-01
9.403000000000000247e-01 9.469999999999999529e-01
9.402000000000000357e-01 9.466999999999999860e-01
9.402000000000000357e-01 9.469999999999999529e-01
9.402000000000000357e-01 9.467999999999999750e-01
9.403000000000000247e-01 9.466999999999999860e-01
9.403000000000000247e-01 9.473000000000000309e-01
9.403000000000000247e-01 9.467999999999999750e-01
9.404000000000000137e-01 9.475000000000000089e-01
9.403000000000000247e-01 9.473000000000000309e-01
9.403000000000000247e-01 9.476999999999999869e-01
9.403000000000000247e-01 9.471000000000000529e-01
9.403000000000000247e-01 9.474000000000000199e-01
9.403000000000000247e-01 9.466999999999999860e-01
9.403000000000000247e-01 9.474000000000000199e-01
9.403000000000000247e-01 9.468999999999999639e-01
9.402000000000000357e-01 9.472000000000000419e-01
9.402000000000000357e-01 9.469999999999999529e-01
9.403000000000000247e-01 9.468999999999999639e-01
9.403000000000000247e-01 9.464000000000000190e-01
9.403000000000000247e-01 9.469999999999999529e-01
9.403000000000000247e-01 9.469999999999999529e-01
9.403000000000000247e-01 9.471000000000000529e-01
9.403000000000000247e-01 9.469999999999999529e-01
9.403000000000000247e-01 9.472000000000000419e-01
9.403000000000000247e-01 9.471000000000000529e-01
9.404000000000000137e-01 9.468999999999999639e-01
9.404000000000000137e-01 9.473000000000000309e-01
9.403000000000000247e-01 9.464000000000000190e-01
9.403000000000000247e-01 9.475000000000000089e-01
9.403000000000000247e-01 9.472000000000000419e-01
9.403000000000000247e-01 9.473000000000000309e-01
9.403000000000000247e-01 9.472000000000000419e-01
9.404000000000000137e-01 9.467999999999999750e-01
9.404000000000000137e-01 9.469999999999999529e-01
9.404000000000000137e-01 9.465000000000000080e-01
9.404000000000000137e-01 9.467999999999999750e-01
9.404000000000000137e-01 9.469999999999999529e-01
9.404000000000000137e-01 9.473000000000000309e-01
9.404000000000000137e-01 9.473000000000000309e-01
9.403000000000000247e-01 9.475999999999999979e-01
9.403000000000000247e-01 9.469999999999999529e-01
9.404000000000000137e-01 9.465999999999999970e-01
9.404000000000000137e-01 9.467999999999999750e-01
9.404000000000000137e-01 9.465999999999999970e-01
9.404000000000000137e-01 9.465000000000000080e-01
9.403000000000000247e-01 9.465999999999999970e-01
9.404000000000000137e-01 9.467999999999999750e-01
9.403000000000000247e-01 9.465999999999999970e-01
9.404000000000000137e-01 9.463000000000000300e-01
9.404000000000000137e-01 9.463000000000000300e-01
9.403000000000000247e-01 9.457999999999999741e-01
9.404000000000000137e-01 9.462000000000000410e-01
9.404000000000000137e-01 9.458999999999999631e-01
9.402000000000000357e-01 9.459999999999999520e-01
9.404000000000000137e-01 9.461000000000000520e-01
9.404000000000000137e-01 9.467999999999999750e-01
9.403000000000000247e-01 9.461000000000000520e-01
9.403000000000000247e-01 9.465000000000000080e-01
9.401000000000000467e-01 9.469999999999999529e-01
9.402000000000000357e-01 9.465000000000000080e-01
9.402000000000000357e-01 9.462000000000000410e-01
9.403000000000000247e-01 9.466999999999999860e-01
9.404000000000000137e-01 9.466999999999999860e-01
9.404000000000000137e-01 9.472000000000000419e-01
9.404000000000000137e-01 9.473000000000000309e-01
9.403000000000000247e-01 9.472000000000000419e-01
9.404000000000000137e-01 9.471000000000000529e-01
9.404000000000000137e-01 9.474000000000000199e-01
9.404000000000000137e-01 9.466999999999999860e-01
9.403000000000000247e-01 9.466999999999999860e-01
9.403000000000000247e-01 9.465999999999999970e-01
9.405000000000000027e-01 9.465999999999999970e-01
9.405000000000000027e-01 9.463000000000000300e-01
9.405000000000000027e-01 9.465000000000000080e-01
9.405000000000000027e-01 9.467999999999999750e-01
9.405000000000000027e-01 9.468999999999999639e-01
9.405000000000000027e-01 9.467999999999999750e-01
9.405000000000000027e-01 9.466999999999999860e-01
9.405000000000000027e-01 9.462000000000000410e-01
9.405000000000000027e-01 9.464000000000000190e-01
9.405000000000000027e-01 9.473000000000000309e-01
9.405000000000000027e-01 9.468999999999999639e-01
9.405000000000000027e-01 9.464000000000000190e-01
9.405000000000000027e-01 9.468999999999999639e-01
9.405999999999999917e-01 9.464000000000000190e-01
9.405999999999999917e-01 9.468999999999999639e-01
9.405999999999999917e-01 9.466999999999999860e-01
9.405999999999999917e-01 9.465999999999999970e-01
9.405999999999999917e-01 9.468999999999999639e-01
9.405999999999999917e-01 9.469999999999999529e-01
9.404000000000000137e-01 9.466999999999999860e-01
9.404000000000000137e-01 9.465999999999999970e-01
9.404000000000000137e-01 9.465000000000000080e-01
9.404000000000000137e-01 9.466999999999999860e-01
9.405999999999999917e-01 9.465000000000000080e-01
9.405999999999999917e-01 9.465000000000000080e-01
9.405000000000000027e-01 9.468999999999999639e-01
9.405999999999999917e-01 9.465000000000000080e-01
9.405999999999999917e-01 9.467999999999999750e-01
9.405999999999999917e-01 9.465999999999999970e-01
9.405999999999999917e-01 9.465000000000000080e-01
9.405999999999999917e-01 9.462000000000000410e-01
9.405999999999999917e-01 9.459999999999999520e-01
9.405000000000000027e-01 9.461000000000000520e-01
9.405000000000000027e-01 9.463000000000000300e-01
9.405000000000000027e-01 9.465999999999999970e-01
9.405000000000000027e-01 9.465000000000000080e-01
9.405000000000000027e-01 9.467999999999999750e-01
9.405000000000000027e-01 9.468999999999999639e-01
9.405000000000000027e-01 9.462000000000000410e-01
9.405000000000000027e-01 9.463000000000000300e-01
9.405000000000000027e-01 9.463000000000000300e-01
9.405000000000000027e-01 9.465999999999999970e-01
9.405000000000000027e-01 9.465999999999999970e-01
9.405000000000000027e-01 9.471000000000000529e-01
9.405000000000000027e-01 9.473000000000000309e-01
9.405000000000000027e-01 9.474000000000000199e-01
9.405000000000000027e-01 9.474000000000000199e-01
9.405000000000000027e-01 9.475999999999999979e-01
9.405000000000000027e-01 9.473000000000000309e-01
9.405000000000000027e-01 9.474000000000000199e-01
9.405000000000000027e-01 9.475999999999999979e-01
9.405000000000000027e-01 9.475000000000000089e-01
9.405000000000000027e-01 9.472000000000000419e-01
9.405000000000000027e-01 9.469999999999999529e-01
9.405000000000000027e-01 9.469999999999999529e-01
9.405999999999999917e-01 9.468999999999999639e-01
9.405999999999999917e-01 9.468999999999999639e-01
9.405999999999999917e-01 9.467999999999999750e-01
9.405999999999999917e-01 9.467999999999999750e-01
9.405999999999999917e-01 9.472000000000000419e-01
9.405999999999999917e-01 9.471000000000000529e-01
9.405999999999999917e-01 9.469999999999999529e-01
9.405999999999999917e-01 9.475000000000000089e-01
9.405999999999999917e-01 9.475000000000000089e-01
9.405999999999999917e-01 9.469999999999999529e-01
9.405999999999999917e-01 9.473000000000000309e-01
9.405999999999999917e-01 9.466999999999999860e-01
9.405000000000000027e-01 9.473000000000000309e-01
9.405000000000000027e-01 9.472000000000000419e-01
9.405000000000000027e-01 9.473000000000000309e-01
9.405000000000000027e-01 9.467999999999999750e-01
9.405000000000000027e-01 9.469999999999999529e-01
9.405000000000000027e-01 9.474000000000000199e-01
9.405000000000000027e-01 9.469999999999999529e-01
9.404000000000000137e-01 9.469999999999999529e-01
9.404000000000000137e-01 9.475000000000000089e-01
9.405000000000000027e-01 9.484000000000000208e-01
9.405000000000000027e-01 9.483000000000000318e-01
9.404000000000000137e-01 9.479999999999999538e-01
9.404000000000000137e-01 9.483000000000000318e-01
9.405000000000000027e-01 9.479999999999999538e-01
9.405000000000000027e-01 9.478999999999999648e-01
9.405000000000000027e-01 9.475000000000000089e-01
9.405000000000000027e-01 9.477999999999999758e-01
9.405000000000000027e-01 9.476999999999999869e-01
9.405000000000000027e-01 9.479999999999999538e-01
9.405000000000000027e-01 9.479999999999999538e-01
9.405000000000000027e-01 9.478999999999999648e-01
9.405000000000000027e-01 9.475999999999999979e-01
9.405000000000000027e-01 9.476999999999999869e-01
9.405000000000000027e-01 9.479999999999999538e-01
9.405000000000000027e-01 9.479999999999999538e-01
9.405000000000000027e-01 9.477999999999999758e-01
9.404000000000000137e-01 9.482000000000000428e-01
9.404000000000000137e-01 9.484000000000000208e-01
9.404000000000000137e-01 9.478999999999999648e-01
9.405000000000000027e-01 9.475999999999999979e-01
9.405000000000000027e-01 9.476999999999999869e-01
9.405000000000000027e-01 9.476999999999999869e-01
9.404000000000000137e-01 9.474000000000000199e-01
9.404000000000000137e-01 9.478999999999999648e-01
9.404000000000000137e-01 9.475000000000000089e-01
9.404000000000000137e-01 9.473000000000000309e-01
9.404000000000000137e-01 9.476999999999999869e-01
9.404000000000000137e-01 9.475999999999999979e-01
9.404000000000000137e-01 9.473000000000000309e-01
9.404000000000000137e-01 9.473000000000000309e-01
9.404000000000000137e-01 9.476999999999999869e-01
9.404000000000000137e-01 9.477999999999999758e-01
9.404000000000000137e-01 9.477999999999999758e-01
9.403000000000000247e-01 9.475000000000000089e-01
9.404000000000000137e-01 9.481000000000000538e-01
9.403000000000000247e-01 9.474000000000000199e-01
9.402000000000000357e-01 9.468999999999999639e-01
9.403000000000000247e-01 9.467999999999999750e-01
9.403000000000000247e-01 9.475000000000000089e-01
9.403000000000000247e-01 9.468999999999999639e-01
9.402000000000000357e-01 9.471000000000000529e-01
9.402000000000000357e-01 9.471000000000000529e-01
9.402000000000000357e-01 9.468999999999999639e-01
9.402000000000000357e-01 9.472000000000000419e-01
9.402000000000000357e-01 9.472000000000000419e-01
9.401000000000000467e-01 9.472000000000000419e-01
9.403000000000000247e-01 9.474000000000000199e-01
9.402000000000000357e-01 9.475000000000000089e-01
9.402000000000000357e-01 9.477999999999999758e-01
9.403000000000000247e-01 9.475999999999999979e-01
9.403000000000000247e-01 9.475000000000000089e-01
9.403000000000000247e-01 9.477999999999999758e-01
9.403000000000000247e-01 9.475000000000000089e-01
9.403000000000000247e-01 9.475999999999999979e-01
9.403000000000000247e-01 9.475999999999999979e-01
9.403000000000000247e-01 9.475999999999999979e-01
9.403000000000000247e-01 9.474000000000000199e-01
9.403000000000000247e-01 9.477999999999999758e-01
9.403000000000000247e-01 9.468999999999999639e-01
9.404000000000000137e-01 9.473000000000000309e-01
9.404000000000000137e-01 9.475000000000000089e-01
9.404000000000000137e-01 9.475000000000000089e-01
9.404000000000000137e-01 9.474000000000000199e-01
9.405000000000000027e-01 9.475999999999999979e-01
9.405000000000000027e-01 9.471000000000000529e-01
9.405000000000000027e-01 9.464000000000000190e-01
9.405000000000000027e-01 9.461000000000000520e-01
9.405000000000000027e-01 9.462000000000000410e-01
9.405000000000000027e-01 9.466999999999999860e-01
9.405000000000000027e-01 9.468999999999999639e-01
9.404000000000000137e-01 9.472000000000000419e-01
9.404000000000000137e-01 9.474000000000000199e-01
9.403000000000000247e-01 9.476999999999999869e-01
9.403000000000000247e-01 9.475000000000000089e-01
9.403000000000000247e-01 9.476999999999999869e-01
9.403000000000000247e-01 9.471000000000000529e-01
9.403000000000000247e-01 9.474000000000000199e-01
9.403000000000000247e-01 9.474000000000000199e-01
9.403000000000000247e-01 9.475000000000000089e-01
9.403000000000000247e-01 9.479999999999999538e-01
9.403000000000000247e-01 9.479999999999999538e-01
9.403000000000000247e-01 9.476999999999999869e-01
9.402000000000000357e-01 9.475000000000000089e-01
9.401000000000000467e-01 9.475999999999999979e-01
9.402000000000000357e-01 9.475999999999999979e-01
9.401000000000000467e-01 9.476999999999999869e-01
9.401000000000000467e-01 9.469999999999999529e-01
9.401000000000000467e-01 9.466999999999999860e-01
9.399999999999999467e-01 9.465999999999999970e-01
9.399999999999999467e-01 9.462000000000000410e-01
9.399999999999999467e-01 9.468999999999999639e-01
9.398999999999999577e-01 9.466999999999999860e-01
9.399999999999999467e-01 9.467999999999999750e-01
9.401000000000000467e-01 9.469999999999999529e-01
9.401000000000000467e-01 9.468999999999999639e-01
9.398999999999999577e-01 9.467999999999999750e-01
9.398999999999999577e-01 9.466999999999999860e-01
9.398999999999999577e-01 9.464000000000000190e-01
9.398999999999999577e-01 9.473000000000000309e-01
9.399999999999999467e-01 9.471000000000000529e-01
9.398999999999999577e-01 9.468999999999999639e-01
9.398999999999999577e-01 9.469999999999999529e-01
9.398999999999999577e-01 9.468999999999999639e-01
9.399999999999999467e-01 9.466999999999999860e-01
9.401000000000000467e-01 9.469999999999999529e-01
9.401000000000000467e-01 9.471000000000000529e-01
9.401000000000000467e-01 9.472000000000000419e-01
9.401000000000000467e-01 9.472000000000000419e-01
9.401000000000000467e-01 9.468999999999999639e-01
9.401000000000000467e-01 9.467999999999999750e-01
9.401000000000000467e-01 9.468999999999999639e-01
9.401000000000000467e-01 9.468999999999999639e-01
9.401000000000000467e-01 9.467999999999999750e-01
9.401000000000000467e-01 9.468999999999999639e-01
9.401000000000000467e-01 9.468999999999999639e-01
9.401000000000000467e-01 9.465999999999999970e-01
9.401000000000000467e-01 9.461000000000000520e-01
9.401000000000000467e-01 9.465999999999999970e-01
9.401000000000000467e-01 9.461000000000000520e-01
9.401000000000000467e-01 9.463000000000000300e-01
9.404000000000000137e-01 9.461000000000000520e-01
9.404000000000000137e-01 9.455000000000000071e-01
9.404000000000000137e-01 9.453000000000000291e-01
9.403000000000000247e-01 9.454000000000000181e-01
9.403000000000000247e-01 9.455999999999999961e-01
9.403000000000000247e-01 9.455999999999999961e-01
9.402000000000000357e-01 9.456999999999999851e-01
9.403000000000000247e-01 9.456999999999999851e-01
9.403000000000000247e-01 9.463000000000000300e-01
9.403000000000000247e-01 9.465000000000000080e-01
9.403000000000000247e-01 9.463000000000000300e-01
9.403000000000000247e-01 9.462000000000000410e-01
9.403000000000000247e-01 9.461000000000000520e-01
9.403000000000000247e-01 9.465000000000000080e-01
9.403000000000000247e-01 9.465000000000000080e-01
9.403000000000000247e-01 9.465000000000000080e-01
9.403000000000000247e-01 9.465000000000000080e-01
9.403000000000000247e-01 9.464000000000000190e-01
9.403000000000000247e-01 9.465999999999999970e-01
9.403000000000000247e-01 9.458999999999999631e-01
9.403000000000000247e-01 9.462000000000000410e-01
9.403000000000000247e-01 9.455000000000000071e-01
9.403000000000000247e-01 9.461000000000000520e-01
9.403000000000000247e-01 9.458999999999999631e-01
9.403000000000000247e-01 9.464000000000000190e-01
9.403000000000000247e-01 9.465000000000000080e-01
9.402000000000000357e-01 9.465000000000000080e-01
9.402000000000000357e-01 9.464000000000000190e-01
9.402000000000000357e-01 9.465000000000000080e-01
9.402000000000000357e-01 9.465000000000000080e-01
9.402000000000000357e-01 9.469999999999999529e-01
9.402000000000000357e-01 9.471000000000000529e-01
9.402000000000000357e-01 9.475000000000000089e-01
9.403000000000000247e-01 9.472000000000000419e-01
9.403000000000000247e-01 9.463000000000000300e-01
9.403000000000000247e-01 9.467999999999999750e-01
9.404000000000000137e-01 9.471000000000000529e-01
9.404000000000000137e-01 9.466999999999999860e-01
9.404000000000000137e-01 9.465999999999999970e-01
9.404000000000000137e-01 9.462000000000000410e-01
9.403000000000000247e-01 9.468999999999999639e-01
9.404000000000000137e-01 9.464000000000000190e-01
9.403000000000000247e-01 9.465999999999999970e-01
9.403000000000000247e-01 9.461000000000000520e-01
9.403000000000000247e-01 9.466999999999999860e-01
9.403000000000000247e-01 9.465999999999999970e-01
9.403000000000000247e-01 9.465999999999999970e-01
9.403000000000000247e-01 9.467999999999999750e-01
9.403000000000000247e-01 9.467999999999999750e-01
9.403000000000000247e-01 9.465999999999999970e-01
9.403000000000000247e-01 9.464000000000000190e-01
9.403000000000000247e-01 9.458999999999999631e-01
9.403000000000000247e-01 9.461000000000000520e-01
9.403000000000000247e-01 9.468999999999999639e-01
9.403000000000000247e-01 9.467999999999999750e-01
9.403000000000000247e-01 9.467999999999999750e-01
9.403000000000000247e-01 9.472000000000000419e-01
9.403000000000000247e-01 9.469999999999999529e-01
9.403000000000000247e-01 9.466999999999999860e-01
9.403000000000000247e-01 9.468999999999999639e-01
9.403000000000000247e-01 9.476999999999999869e-01
9.403000000000000247e-01 9.474000000000000199e-01
9.403000000000000247e-01 9.475000000000000089e-01
9.403000000000000247e-01 9.475000000000000089e-01
9.403000000000000247e-01 9.475999999999999979e-01
9.403000000000000247e-01 9.468999999999999639e-01
9.403000000000000247e-01 9.468999999999999639e-01
9.403000000000000247e-01 9.469999999999999529e-01
9.403000000000000247e-01 9.467999999999999750e-01
9.403000000000000247e-01 9.466999999999999860e-01
9.403000000000000247e-01 9.467999999999999750e-01
9.403000000000000247e-01 9.472000000000000419e-01
9.403000000000000247e-01 9.465000000000000080e-01
9.404000000000000137e-01 9.468999999999999639e-01
9.404000000000000137e-01 9.468999999999999639e-01
9.405000000000000027e-01 9.468999999999999639e-01
9.405000000000000027e-01 9.469999999999999529e-01
9.405000000000000027e-01 9.473000000000000309e-01
9.405000000000000027e-01 9.468999999999999639e-01
9.405000000000000027e-01 9.474000000000000199e-01
9.405000000000000027e-01 9.473000000000000309e-01
9.405000000000000027e-01 9.467999999999999750e-01
9.405000000000000027e-01 9.467999999999999750e-01
9.405000000000000027e-01 9.466999999999999860e-01
9.405000000000000027e-01 9.467999999999999750e-01
9.405999999999999917e-01 9.469999999999999529e-01
9.405999999999999917e-01 9.475999999999999979e-01
9.405999999999999917e-01 9.472000000000000419e-01
9.405999999999999917e-01 9.471000000000000529e-01
9.405999999999999917e-01 9.472000000000000419e-01
9.405999999999999917e-01 9.468999999999999639e-01
9.405000000000000027e-01 9.471000000000000529e-01
9.404000000000000137e-01 9.468999999999999639e-01
9.405000000000000027e-01 9.464000000000000190e-01
9.405000000000000027e-01 9.468999999999999639e-01
9.405000000000000027e-01 9.459999999999999520e-01
9.405000000000000027e-01 9.462000000000000410e-01
9.405000000000000027e-01 9.463000000000000300e-01
9.405000000000000027e-01 9.464000000000000190e-01
9.405000000000000027e-01 9.462000000000000410e-01
9.405999999999999917e-01 9.463000000000000300e-01
9.405999999999999917e-01 9.458999999999999631e-01
9.405999999999999917e-01 9.457999999999999741e-01
9.405999999999999917e-01 9.455000000000000071e-01
9.405999999999999917e-01 9.457999999999999741e-01
9.405999999999999917e-01 9.459999999999999520e-01
9.405999999999999917e-01 9.458999999999999631e-01
9.405999999999999917e-01 9.455999999999999961e-01
9.405999999999999917e-01 9.463000000000000300e-01
9.405999999999999917e-01 9.459999999999999520e-01
9.405999999999999917e-01 9.459999999999999520e-01
9.405999999999999917e-01 9.461000000000000520e-01
9.406999999999999806e-01 9.464000000000000190e-01
9.406999999999999806e-01 9.459999999999999520e-01
9.406999999999999806e-01 9.456999999999999851e-01
9.405999999999999917e-01 9.458999999999999631e-01
9.405000000000000027e-01 9.462000000000000410e-01
9.405000000000000027e-01 9.467999999999999750e-01
9.405000000000000027e-01 9.462000000000000410e-01
9.405000000000000027e-01 9.455000000000000071e-01
9.405000000000000027e-01 9.455000000000000071e-01
9.405000000000000027e-01 9.463000000000000300e-01
9.405000000000000027e-01 9.459999999999999520e-01
9.404000000000000137e-01 9.461000000000000520e-01
9.404000000000000137e-01 9.455999999999999961e-01
9.404000000000000137e-01 9.456999999999999851e-01
9.405000000000000027e-01 9.464000000000000190e-01
9.405000000000000027e-01 9.462000000000000410e-01
9.405000000000000027e-01 9.459999999999999520e-01
9.405000000000000027e-01 9.458999999999999631e-01
9.404000000000000137e-01 9.465000000000000080e-01
9.404000000000000137e-01 9.467999999999999750e-01
9.403000000000000247e-01 9.465000000000000080e-01
9.404000000000000137e-01 9.463000000000000300e-01
9.404000000000000137e-01 9.459999999999999520e-01
9.404000000000000137e-01 9.465000000000000080e-01
9.404000000000000137e-01 9.464000000000000190e-01
9.404000000000000137e-01 9.459999999999999520e-01
9.404000000000000137e-01 9.456999999999999851e-01
9.404000000000000137e-01 9.455000000000000071e-01
9.403000000000000247e-01 9.457999999999999741e-01
9.403000000000000247e-01 9.455999999999999961e-01
9.403000000000000247e-01 9.452000000000000401e-01
9.404000000000000137e-01 9.453000000000000291e-01
9.404000000000000137e-01 9.455999999999999961e-01
9.404000000000000137e-01 9.459999999999999520e-01
9.404000000000000137e-01 9.458999999999999631e-01
9.404000000000000137e-01 9.453000000000000291e-01
9.404000000000000137e-01 9.456999999999999851e-01
9.404000000000000137e-01 9.453000000000000291e-01
9.403000000000000247e-01 9.451000000000000512e-01
9.404000000000000137e-01 9.451000000000000512e-01
9.403000000000000247e-01 9.455000000000000071e-01
9.403000000000000247e-01 9.453000000000000291e-01
9.403000000000000247e-01 9.449999999999999512e-01
9.403000000000000247e-01 9.445999999999999952e-01
9.403000000000000247e-01 9.453000000000000291e-01
9.404000000000000137e-01 9.446999999999999842e-01
9.404000000000000137e-01 9.453000000000000291e-01
9.404000000000000137e-01 9.452000000000000401e-01
9.404000000000000137e-01 9.457999999999999741e-01
9.403000000000000247e-01 9.455000000000000071e-01
9.404000000000000137e-01 9.459999999999999520e-01
9.404000000000000137e-01 9.457999999999999741e-01
9.404000000000000137e-01 9.452000000000000401e-01
9.404000000000000137e-01 9.447999999999999732e-01
9.403000000000000247e-01 9.454000000000000181e-01
9.403000000000000247e-01 9.455999999999999961e-01
9.404000000000000137e-01 9.455999999999999961e-01
9.404000000000000137e-01 9.448999999999999622e-01
9.404000000000000137e-01 9.446999999999999842e-01
9.405000000000000027e-01 9.454000000000000181e-01
9.405000000000000027e-01 9.447999999999999732e-01
9.405000000000000027e-01 9.445999999999999952e-01
9.405000000000000027e-01 9.449999999999999512e-01
9.405000000000000027e-01 9.451000000000000512e-01
9.405000000000000027e-01 9.447999999999999732e-01
9.405999999999999917e-01 9.445999999999999952e-01
9.405999999999999917e-01 9.445999999999999952e-01
9.405999999999999917e-01 9.448999999999999622e-01
9.405999999999999917e-01 9.448999999999999622e-01
9.405999999999999917e-01 9.455000000000000071e-01
9.405999999999999917e-01 9.445999999999999952e-01
9.405000000000000027e-01 9.447999999999999732e-01
9.405000000000000027e-01 9.447999999999999732e-01
9.405999999999999917e-01 9.444000000000000172e-01
9.406999999999999806e-01 9.445999999999999952e-01
9.405999999999999917e-01 9.446999999999999842e-01
9.405000000000000027e-01 9.449999999999999512e-01
9.405999999999999917e-01 9.445999999999999952e-01
9.405000000000000027e-01 9.449999999999999512e-01
9.405000000000000027e-01 9.449999999999999512e-01
9.405000000000000027e-01 9.444000000000000172e-01
9.405000000000000027e-01 9.451000000000000512e-01
9.405000000000000027e-01 9.452000000000000401e-01
9.405000000000000027e-01 9.455999999999999961e-01
9.405000000000000027e-01 9.457999999999999741e-01
9.405000000000000027e-01 9.452000000000000401e-01
9.405000000000000027e-01 9.453000000000000291e-01
9.405000000000000027e-01 9.455000000000000071e-01
9.405000000000000027e-01 9.455000000000000071e-01
9.405000000000000027e-01 9.455000000000000071e-01
9.405999999999999917e-01 9.448999999999999622e-01
9.405999999999999917e-01 9.446999999999999842e-01
9.405999999999999917e-01 9.446999999999999842e-01
9.405999999999999917e-01 9.447999999999999732e-01
9.405999999999999917e-01 9.449999999999999512e-01
9.405999999999999917e-01 9.455000000000000071e-01
9.405999999999999917e-01 9.451000000000000512e-01
9.405999999999999917e-01 9.448999999999999622e-01
9.405999999999999917e-01 9.455999999999999961e-01
9.405000000000000027e-01 9.455000000000000071e-01
9.405000000000000027e-01 9.448999999999999622e-01
9.405000000000000027e-01 9.442000000000000393e-01
9.405000000000000027e-01 9.446999999999999842e-01
9.405000000000000027e-01 9.443000000000000282e-01
9.405000000000000027e-01 9.436999999999999833e-01
9.405000000000000027e-01 9.436999999999999833e-01
9.404000000000000137e-01 9.437999999999999723e-01
9.405000000000000027e-01 9.446999999999999842e-01
9.403000000000000247e-01 9.445999999999999952e-01
9.404000000000000137e-01 9.446999999999999842e-01
9.404000000000000137e-01 9.444000000000000172e-01
9.404000000000000137e-01 9.449999999999999512e-01
9.404000000000000137e-01 9.447999999999999732e-01
9.404000000000000137e-01 9.446999999999999842e-01
9.403000000000000247e-01 9.447999999999999732e-01
9.403000000000000247e-01 9.448999999999999622e-01
9.403000000000000247e-01 9.445999999999999952e-01
9.403000000000000247e-01 9.452000000000000401e-01
9.403000000000000247e-01 9.451000000000000512e-01
9.403000000000000247e-01 9.447999999999999732e-01
9.404000000000000137e-01 9.451000000000000512e-01
9.404000000000000137e-01 9.444000000000000172e-01
9.404000000000000137e-01 9.446999999999999842e-01
9.403000000000000247e-01 9.449999999999999512e-01
9.403000000000000247e-01 9.448999999999999622e-01
9.402000000000000357e-01 9.454000000000000181e-01
9.403000000000000247e-01 9.455000000000000071e-01
9.402000000000000357e-01 9.449999999999999512e-01
9.401000000000000467e-01 9.452000000000000401e-01
9.401000000000000467e-01 9.452000000000000401e-01
9.401000000000000467e-01 9.452000000000000401e-01
9.401000000000000467e-01 9.453000000000000291e-01
9.399999999999999467e-01 9.455999999999999961e-01
9.401000000000000467e-01 9.455999999999999961e-01
9.401000000000000467e-01 9.455999999999999961e-01
9.402000000000000357e-01 9.455000000000000071e-01
9.403000000000000247e-01 9.456999999999999851e-01
9.403000000000000247e-01 9.453000000000000291e-01
9.403000000000000247e-01 9.452000000000000401e-01
9.404000000000000137e-01 9.449999999999999512e-01
9.403000000000000247e-01 9.446999999999999842e-01
9.404000000000000137e-01 9.451000000000000512e-01
9.404000000000000137e-01 9.458999999999999631e-01
9.404000000000000137e-01 9.453000000000000291e-01
9.404000000000000137e-01 9.449999999999999512e-01
9.403000000000000247e-01 9.446999999999999842e-01
9.403000000000000247e-01 9.446999999999999842e-01
9.403000000000000247e-01 9.447999999999999732e-01
9.404000000000000137e-01 9.448999999999999622e-01
9.404000000000000137e-01 9.444000000000000172e-01
9.404000000000000137e-01 9.442000000000000393e-01
9.404000000000000137e-01 9.441000000000000503e-01
9.404000000000000137e-01 9.443000000000000282e-01
9.404000000000000137e-01 9.444000000000000172e-01
9.403000000000000247e-01 9.445000000000000062e-01
9.403000000000000247e-01 9.447999999999999732e-01
9.403000000000000247e-01 9.447999999999999732e-01
9.403000000000000247e-01 9.447999999999999732e-01
9.404000000000000137e-01 9.448999999999999622e-01
9.404000000000000137e-01 9.446999999999999842e-01
9.403000000000000247e-01 9.445999999999999952e-01
9.404000000000000137e-01 9.444000000000000172e-01
9.405000000000000027e-01 9.447999999999999732e-01
9.405000000000000027e-01 9.448999999999999622e-01
9.404000000000000137e-01 9.448999999999999622e-01
9.405000000000000027e-01 9.448999999999999622e-01
9.405000000000000027e-01 9.448999999999999622e-01
9.405000000000000027e-01 9.449999999999999512e-01
9.405000000000000027e-01 9.451000000000000512e-01
9.405000000000000027e-01 9.452000000000000401e-01
9.405000000000000027e-01 9.452000000000000401e-01
9.405000000000000027e-01 9.455999999999999961e-01
9.405000000000000027e-01 9.448999999999999622e-01
9.404000000000000137e-01 9.454000000000000181e-01
9.405000000000000027e-01 9.451000000000000512e-01
9.405000000000000027e-01 9.454000000000000181e-01
9.404000000000000137e-01 9.454000000000000181e-01
9.404000000000000137e-01 9.456999999999999851e-01
9.403000000000000247e-01 9.461000000000000520e-01
9.403000000000000247e-01 9.457999999999999741e-01
9.403000000000000247e-01 9.455000000000000071e-01
9.403000000000000247e-01 9.456999999999999851e-01
9.402000000000000357e-01 9.452000000000000401e-01
9.403000000000000247e-01 9.451000000000000512e-01
9.403000000000000247e-01 9.453000000000000291e-01
9.403000000000000247e-01 9.455999999999999961e-01
9.403000000000000247e-01 9.459999999999999520e-01
9.403000000000000247e-01 9.459999999999999520e-01
9.403000000000000247e-01 9.461000000000000520e-01
9.403000000000000247e-01 9.455000000000000071e-01
9.403000000000000247e-01 9.459999999999999520e-01
9.403000000000000247e-01 9.462000000000000410e-01
9.403000000000000247e-01 9.463000000000000300e-01
9.403000000000000247e-01 9.466999999999999860e-01
9.403000000000000247e-01 9.465000000000000080e-01
9.403000000000000247e-01 9.465999999999999970e-01
9.403000000000000247e-01 9.471000000000000529e-01
9.403000000000000247e-01 9.469999999999999529e-01
9.402000000000000357e-01 9.468999999999999639e-01
9.403000000000000247e-01 9.464000000000000190e-01
9.403000000000000247e-01 9.461000000000000520e-01
9.404000000000000137e-01 9.456999999999999851e-01
9.405000000000000027e-01 9.454000000000000181e-01
9.405000000000000027e-01 9.455999999999999961e-01
9.405000000000000027e-01 9.454000000000000181e-01
9.405000000000000027e-01 9.457999999999999741e-01
9.405000000000000027e-01 9.458999999999999631e-01
9.405000000000000027e-01 9.461000000000000520e-01
9.405999999999999917e-01 9.461000000000000520e-01
9.405999999999999917e-01 9.463000000000000300e-01
9.405999999999999917e-01 9.465000000000000080e-01
9.405000000000000027e-01 9.461000000000000520e-01
9.405000000000000027e-01 9.462000000000000410e-01
9.405999999999999917e-01 9.456999999999999851e-01
9.405999999999999917e-01 9.461000000000000520e-01
9.405999999999999917e-01 9.465000000000000080e-01
9.405000000000000027e-01 9.467999999999999750e-01
9.405000000000000027e-01 9.464000000000000190e-01
9.405000000000000027e-01 9.461000000000000520e-01
9.405000000000000027e-01 9.455999999999999961e-01
9.405000000000000027e-01 9.456999999999999851e-01
9.404000000000000137e-01 9.459999999999999520e-01
9.404000000000000137e-01 9.462000000000000410e-01
9.404000000000000137e-01 9.457999999999999741e-01
9.403000000000000247e-01 9.462000000000000410e-01
9.404000000000000137e-01 9.465000000000000080e-01
9.405000000000000027e-01 9.462000000000000410e-01
9.404000000000000137e-01 9.465000000000000080e-01
9.403000000000000247e-01 9.463000000000000300e-01
9.403000000000000247e-01 9.461000000000000520e-01
9.403000000000000247e-01 9.459999999999999520e-01
9.402000000000000357e-01 9.464000000000000190e-01
9.403000000000000247e-01 9.464000000000000190e-01
9.403000000000000247e-01 9.468999999999999639e-01
9.403000000000000247e-01 9.466999999999999860e-01
9.403000000000000247e-01 9.465000000000000080e-01
9.402000000000000357e-01 9.468999999999999639e-01
9.402000000000000357e-01 9.471000000000000529e-01
9.403000000000000247e-01 9.471000000000000529e-01
9.403000000000000247e-01 9.469999999999999529e-01
9.403000000000000247e-01 9.472000000000000419e-01
9.403000000000000247e-01 9.467999999999999750e-01
9.403000000000000247e-01 9.465999999999999970e-01
9.403000000000000247e-01 9.472000000000000419e-01
9.402000000000000357e-01 9.473000000000000309e-01
9.402000000000000357e-01 9.472000000000000419e-01
9.402000000000000357e-01 9.474000000000000199e-01
9.402000000000000357e-01 9.469999999999999529e-01
9.402000000000000357e-01 9.469999999999999529e-01
9.402000000000000357e-01 9.471000000000000529e-01
9.402000000000000357e-01 9.472000000000000419e-01
9.401000000000000467e-01 9.471000000000000529e-01
9.401000000000000467e-01 9.471000000000000529e-01
9.401000000000000467e-01 9.473000000000000309e-01
9.401000000000000467e-01 9.469999999999999529e-01
9.401000000000000467e-01 9.474000000000000199e-01
9.401000000000000467e-01 9.472000000000000419e-01
9.401000000000000467e-01 9.473000000000000309e-01
9.399999999999999467e-01 9.473000000000000309e-01
9.399999999999999467e-01 9.469999999999999529e-01
9.402000000000000357e-01 9.471000000000000529e-01
9.403000000000000247e-01 9.466999999999999860e-01
9.404000000000000137e-01 9.465999999999999970e-01
9.403000000000000247e-01 9.473000000000000309e-01
9.402000000000000357e-01 9.471000000000000529e-01
9.402000000000000357e-01 9.469999999999999529e-01
9.403000000000000247e-01 9.471000000000000529e-01
9.404000000000000137e-01 9.469999999999999529e-01
9.404000000000000137e-01 9.465999999999999970e-01
9.402000000000000357e-01 9.467999999999999750e-01
9.402000000000000357e-01 9.466999999999999860e-01
9.402000000000000357e-01 9.469999999999999529e-01
9.402000000000000357e-01 9.465000000000000080e-01
9.402000000000000357e-01 9.465000000000000080e-01
9.402000000000000357e-01 9.466999999999999860e-01
9.402000000000000357e-01 9.464000000000000190e-01
9.402000000000000357e-01 9.459999999999999520e-01
9.403000000000000247e-01 9.457999999999999741e-01
9.403000000000000247e-01 9.455000000000000071e-01
9.403000000000000247e-01 9.455999999999999961e-01
9.404000000000000137e-01 9.457999999999999741e-01
9.403000000000000247e-01 9.458999999999999631e-01
9.404000000000000137e-01 9.458999999999999631e-01
9.403000000000000247e-01 9.459999999999999520e-01
9.403000000000000247e-01 9.458999999999999631e-01
9.403000000000000247e-01 9.462000000000000410e-01
9.403000000000000247e-01 9.462000000000000410e-01
9.403000000000000247e-01 9.465000000000000080e-01
9.403000000000000247e-01 9.466999999999999860e-01
9.403000000000000247e-01 9.464000000000000190e-01
9.403000000000000247e-01 9.467999999999999750e-01
9.403000000000000247e-01 9.465999999999999970e-01
9.403000000000000247e-01 9.468999999999999639e-01
9.402000000000000357e-01 9.472000000000000419e-01
9.402000000000000357e-01 9.473000000000000309e-01
9.402000000000000357e-01 9.471000000000000529e-01
9.402000000000000357e-01 9.468999999999999639e-01
9.402000000000000357e-01 9.467999999999999750e-01
9.402000000000000357e-01 9.475999999999999979e-01
9.402000000000000357e-01 9.473000000000000309e-01
9.402000000000000357e-01 9.465999999999999970e-01
9.402000000000000357e-01 9.462000000000000410e-01
9.402000000000000357e-01 9.465999999999999970e-01
9.403000000000000247e-01 9.465999999999999970e-01
9.403000000000000247e-01 9.466999999999999860e-01
9.403000000000000247e-01 9.466999999999999860e-01
9.402000000000000357e-01 9.464000000000000190e-01
9.402000000000000357e-01 9.465000000000000080e-01
9.403000000000000247e-01 9.463000000000000300e-01
9.403000000000000247e-01 9.467999999999999750e-01
9.403000000000000247e-01 9.464000000000000190e-01
9.402000000000000357e-01 9.464000000000000190e-01
9.402000000000000357e-01 9.465000000000000080e-01
9.402000000000000357e-01 9.459999999999999520e-01
9.401000000000000467e-01 9.462000000000000410e-01
9.401000000000000467e-01 9.465000000000000080e-01
9.401000000000000467e-01 9.462000000000000410e-01
9.401000000000000467e-01 9.462000000000000410e-01
9.402000000000000357e-01 9.459999999999999520e-01
9.402000000000000357e-01 9.461000000000000520e-01
9.401000000000000467e-01 9.458999999999999631e-01
9.401000000000000467e-01 9.458999999999999631e-01
9.399999999999999467e-01 9.462000000000000410e-01
9.402000000000000357e-01 9.461000000000000520e-01
9.402000000000000357e-01 9.464000000000000190e-01
9.402000000000000357e-01 9.462000000000000410e-01
9.402000000000000357e-01 9.461000000000000520e-01
9.402000000000000357e-01 9.464000000000000190e-01
9.401000000000000467e-01 9.457999999999999741e-01
9.402000000000000357e-01 9.459999999999999520e-01
9.402000000000000357e-01 9.457999999999999741e-01
9.402000000000000357e-01 9.458999999999999631e-01
9.402000000000000357e-01 9.457999999999999741e-01
9.402000000000000357e-01 9.471000000000000529e-01
9.402000000000000357e-01 9.467999999999999750e-01
9.403000000000000247e-01 9.463000000000000300e-01
9.403000000000000247e-01 9.466999999999999860e-01
9.404000000000000137e-01 9.464000000000000190e-01
9.404000000000000137e-01 9.461000000000000520e-01
9.405999999999999917e-01 9.459999999999999520e-01
9.404000000000000137e-01 9.459999999999999520e-01
9.405999999999999917e-01 9.465000000000000080e-01
9.405999999999999917e-01 9.461000000000000520e-01
9.405999999999999917e-01 9.465999999999999970e-01
9.406999999999999806e-01 9.465000000000000080e-01
9.406999999999999806e-01 9.465000000000000080e-01
9.406999999999999806e-01 9.466999999999999860e-01
9.406999999999999806e-01 9.469999999999999529e-01
9.406999999999999806e-01 9.468999999999999639e-01
9.406999999999999806e-01 9.465000000000000080e-01
9.406999999999999806e-01 9.468999999999999639e-01
9.406999999999999806e-01 9.468999999999999639e-01
9.406999999999999806e-01 9.466999999999999860e-01
9.406999999999999806e-01 9.465999999999999970e-01
9.406999999999999806e-01 9.468999999999999639e-01
9.406999999999999806e-01 9.465999999999999970e-01
9.406999999999999806e-01 9.464000000000000190e-01
9.406999999999999806e-01 9.466999999999999860e-01
9.406999999999999806e-01 9.466999999999999860e-01
9.406999999999999806e-01 9.466999999999999860e-01
9.406999999999999806e-01 9.468999999999999639e-01
9.406999999999999806e-01 9.471000000000000529e-01
9.405999999999999917e-01 9.468999999999999639e-01
9.405999999999999917e-01 9.465999999999999970e-01
9.405999999999999917e-01 9.466999999999999860e-01
9.405000000000000027e-01 9.466999999999999860e-01
9.405000000000000027e-01 9.471000000000000529e-01
9.405000000000000027e-01 9.476999999999999869e-01
9.405000000000000027e-01 9.477999999999999758e-01
9.405000000000000027e-01 9.477999999999999758e-01
9.405000000000000027e-01 9.474000000000000199e-01
9.405000000000000027e-01 9.473000000000000309e-01
9.405000000000000027e-01 9.479999999999999538e-01
9.405000000000000027e-01 9.479999999999999538e-01
9.405000000000000027e-01 9.475999999999999979e-01
9.405000000000000027e-01 9.468999999999999639e-01
9.405000000000000027e-01 9.474000000000000199e-01
9.405000000000000027e-01 9.473000000000000309e-01
9.405000000000000027e-01 9.471000000000000529e-01
9.405000000000000027e-01 9.474000000000000199e-01
9.405000000000000027e-01 9.474000000000000199e-01
9.405000000000000027e-01 9.472000000000000419e-01
9.405000000000000027e-01 9.474000000000000199e-01
9.405000000000000027e-01 9.475000000000000089e-01
9.405999999999999917e-01 9.475999999999999979e-01
9.405999999999999917e-01 9.474000000000000199e-01
9.405000000000000027e-01 9.475000000000000089e-01
9.405000000000000027e-01 9.469999999999999529e-01
9.405000000000000027e-01 9.466999999999999860e-01
9.404000000000000137e-01 9.473000000000000309e-01
9.404000000000000137e-01 9.475000000000000089e-01
9.404000000000000137e-01 9.477999999999999758e-01
9.404000000000000137e-01 9.468999999999999639e-01
9.405000000000000027e-01 9.466999999999999860e-01
9.405000000000000027e-01 9.472000000000000419e-01
9.405000000000000027e-01 9.469999999999999529e-01
9.405999999999999917e-01 9.467999999999999750e-01
9.404000000000000137e-01 9.471000000000000529e-01
9.404000000000000137e-01 9.474000000000000199e-01
9.404000000000000137e-01 9.472000000000000419e-01
9.404000000000000137e-01 9.472000000000000419e-01
9.403000000000000247e-01 9.465000000000000080e-01
9.403000000000000247e-01 9.467999999999999750e-01
9.403000000000000247e-01 9.468999999999999639e-01
9.403000000000000247e-01 9.469999999999999529e-01
9.403000000000000247e-01 9.469999999999999529e-01
9.403000000000000247e-01 9.465999999999999970e-01
9.403000000000000247e-01 9.467999999999999750e-01
9.403000000000000247e-01 9.464000000000000190e-01
9.404000000000000137e-01 9.458999999999999631e-01
9.404000000000000137e-01 9.463000000000000300e-01
9.404000000000000137e-01 9.462000000000000410e-01
9.404000000000000137e-01 9.462000000000000410e-01
9.404000000000000137e-01 9.465999999999999970e-01
9.404000000000000137e-01 9.464000000000000190e-01
9.404000000000000137e-01 9.467999999999999750e-01
9.404000000000000137e-01 9.464000000000000190e-01
9.404000000000000137e-01 9.469999999999999529e-01
9.404000000000000137e-01 9.468999999999999639e-01
9.404000000000000137e-01 9.465999999999999970e-01
9.403000000000000247e-01 9.467999999999999750e-01
9.404000000000000137e-01 9.471000000000000529e-01
9.405000000000000027e-01 9.471000000000000529e-01
9.403000000000000247e-01 9.467999999999999750e-01
9.403000000000000247e-01 9.467999999999999750e-01
9.403000000000000247e-01 9.474000000000000199e-01
9.403000000000000247e-01 9.471000000000000529e-01
9.403000000000000247e-01 9.475999999999999979e-01
9.403000000000000247e-01 9.469999999999999529e-01
9.403000000000000247e-01 9.472000000000000419e-01
9.403000000000000247e-01 9.483000000000000318e-01
9.403000000000000247e-01 9.476999999999999869e-01
9.403000000000000247e-01 9.475999999999999979e-01
9.403000000000000247e-01 9.471000000000000529e-01
9.404000000000000137e-01 9.473000000000000309e-01
9.405000000000000027e-01 9.472000000000000419e-01
9.405000000000000027e-01 9.473000000000000309e-01
9.405000000000000027e-01 9.468999999999999639e-01
9.405000000000000027e-01 9.474000000000000199e-01
9.405000000000000027e-01 9.471000000000000529e-01
9.405000000000000027e-01 9.476999999999999869e-01
9.405000000000000027e-01 9.476999999999999869e-01
9.405000000000000027e-01 9.476999999999999869e-01
9.405000000000000027e-01 9.475999999999999979e-01
9.405000000000000027e-01 9.477999999999999758e-01
9.405000000000000027e-01 9.475999999999999979e-01
9.405000000000000027e-01 9.475999999999999979e-01
9.405000000000000027e-01 9.481000000000000538e-01
9.405000000000000027e-01 9.484000000000000208e-01
9.405000000000000027e-01 9.486999999999999877e-01
9.405000000000000027e-01 9.485000000000000098e-01
9.405000000000000027e-01 9.481000000000000538e-01
9.405000000000000027e-01 9.479999999999999538e-01
9.405000000000000027e-01 9.477999999999999758e-01
9.405000000000000027e-01 9.475999999999999979e-01
9.405000000000000027e-01 9.476999999999999869e-01
9.405000000000000027e-01 9.483000000000000318e-01
9.405000000000000027e-01 9.479999999999999538e-01
9.405000000000000027e-01 9.481000000000000538e-01
9.405000000000000027e-01 9.487999999999999767e-01
9.405000000000000027e-01 9.485000000000000098e-01
9.405000000000000027e-01 9.479999999999999538e-01
9.405000000000000027e-01 9.483000000000000318e-01
9.405999999999999917e-01 9.477999999999999758e-01
9.405000000000000027e-01 9.478999999999999648e-01
9.405999999999999917e-01 9.475000000000000089e-01
9.405999999999999917e-01 9.476999999999999869e-01
9.406999999999999806e-01 9.478999999999999648e-01
9.406999999999999806e-01 9.476999999999999869e-01
9.406999999999999806e-01 9.476999999999999869e-01
9.405000000000000027e-01 9.482000000000000428e-01
9.405000000000000027e-01 9.484000000000000208e-01
9.405999999999999917e-01 9.486999999999999877e-01
9.405999999999999917e-01 9.482000000000000428e-01
9.405999999999999917e-01 9.477999999999999758e-01
9.405999999999999917e-01 9.477999999999999758e-01
9.405999999999999917e-01 9.476999999999999869e-01
9.405999999999999917e-01 9.466999999999999860e-01
9.406999999999999806e-01 9.464000000000000190e-01
9.407999999999999696e-01 9.464000000000000190e-01
9.407999999999999696e-01 9.471000000000000529e-01
9.407999999999999696e-01 9.472000000000000419e-01
9.407999999999999696e-01 9.471000000000000529e-01
9.407999999999999696e-01 9.469999999999999529e-01
9.406999999999999806e-01 9.473000000000000309e-01
9.406999999999999806e-01 9.476999999999999869e-01
9.406999999999999806e-01 9.478999999999999648e-01
9.406999999999999806e-01 9.479999999999999538e-01
9.406999999999999806e-01 9.483000000000000318e-01
9.406999999999999806e-01 9.475000000000000089e-01
9.406999999999999806e-01 9.477999999999999758e-01
9.406999999999999806e-01 9.482000000000000428e-01
9.406999999999999806e-01 9.475000000000000089e-01
9.406999999999999806e-01 9.471000000000000529e-01
9.406999999999999806e-01 9.473000000000000309e-01
9.406999999999999806e-01 9.475000000000000089e-01
9.406999999999999806e-01 9.476999999999999869e-01
9.407999999999999696e-01 9.478999999999999648e-01
9.407999999999999696e-01 9.482000000000000428e-01
9.407999999999999696e-01 9.482000000000000428e-01
9.407999999999999696e-01 9.481000000000000538e-01
9.406999999999999806e-01 9.481000000000000538e-01
9.406999999999999806e-01 9.479999999999999538e-01
9.405999999999999917e-01 9.482000000000000428e-01
9.405999999999999917e-01 9.481000000000000538e-01
9.405000000000000027e-01 9.482000000000000428e-01
9.405000000000000027e-01 9.481000000000000538e-01
9.405999999999999917e-01 9.485999999999999988e-01
9.405999999999999917e-01 9.485999999999999988e-01
9.405999999999999917e-01 9.481000000000000538e-01
9.405000000000000027e-01 9.482000000000000428e-01
9.405000000000000027e-01 9.478999999999999648e-01
9.405000000000000027e-01 9.483000000000000318e-01
9.405000000000000027e-01 9.475999999999999979e-01
9.405000000000000027e-01 9.482000000000000428e-01
9.404000000000000137e-01 9.481000000000000538e-01
9.404000000000000137e-01 9.479999999999999538e-01
9.403000000000000247e-01 9.476999999999999869e-01
9.403000000000000247e-01 9.479999999999999538e-01
9.402000000000000357e-01 9.476999999999999869e-01
9.403000000000000247e-01 9.482000000000000428e-01
9.402000000000000357e-01 9.478999999999999648e-01
9.402000000000000357e-01 9.477999999999999758e-01
9.403000000000000247e-01 9.482000000000000428e-01
9.403000000000000247e-01 9.488999999999999657e-01
9.403000000000000247e-01 9.488999999999999657e-01
9.403000000000000247e-01 9.484000000000000208e-01
9.404000000000000137e-01 9.487999999999999767e-01
9.404000000000000137e-01 9.485000000000000098e-01
9.405000000000000027e-01 9.492000000000000437e-01
9.405000000000000027e-01 9.489999999999999547e-01
9.405000000000000027e-01 9.487999999999999767e-01
9.405000000000000027e-01 9.491000000000000547e-01
9.405000000000000027e-01 9.488999999999999657e-01
9.404000000000000137e-01 9.488999999999999657e-01
9.404000000000000137e-01 9.487999999999999767e-01
9.405000000000000027e-01 9.489999999999999547e-01
9.405000000000000027e-01 9.487999999999999767e-01
9.405000000000000027e-01 9.485000000000000098e-01
9.405000000000000027e-01 9.486999999999999877e-01
9.405000000000000027e-01 9.484000000000000208e-01
9.405999999999999917e-01 9.486999999999999877e-01
9.405999999999999917e-01 9.486999999999999877e-01
9.405999999999999917e-01 9.482000000000000428e-01
9.405999999999999917e-01 9.485000000000000098e-01
9.405999999999999917e-01 9.486999999999999877e-01
9.405000000000000027e-01 9.487999999999999767e-01
9.405999999999999917e-01 9.489999999999999547e-01
9.405999999999999917e-01 9.487999999999999767e-01
9.405999999999999917e-01 9.483000000000000318e-01
9.405999999999999917e-01 9.481000000000000538e-01
9.405000000000000027e-01 9.485000000000000098e-01
9.405000000000000027e-01 9.485999999999999988e-01
9.405999999999999917e-01 9.484000000000000208e-01
9.405999999999999917e-01 9.485999999999999988e-01
9.404000000000000137e-01 9.485000000000000098e-01
9.405000000000000027e-01 9.485999999999999988e-01
9.405000000000000027e-01 9.491000000000000547e-01
9.405000000000000027e-01 9.494000000000000217e-01
9.405000000000000027e-01 9.497999999999999776e-01
9.405000000000000027e-01 9.487999999999999767e-01
9.405000000000000027e-01 9.495000000000000107e-01
9.405000000000000027e-01 9.488999999999999657e-01
9.405000000000000027e-01 9.489999999999999547e-01
9.405000000000000027e-01 9.491000000000000547e-01
9.405000000000000027e-01 9.485999999999999988e-01
9.405000000000000027e-01 9.491000000000000547e-01
9.405999999999999917e-01 9.483000000000000318e-01
9.405999999999999917e-01 9.482000000000000428e-01
9.405999999999999917e-01 9.485999999999999988e-01
9.405999999999999917e-01 9.481000000000000538e-01
9.405999999999999917e-01 9.484000000000000208e-01
9.405999999999999917e-01 9.476999999999999869e-01
9.405999999999999917e-01 9.477999999999999758e-01
9.406999999999999806e-01 9.475999999999999979e-01
9.406999999999999806e-01 9.475000000000000089e-01
9.406999999999999806e-01 9.473000000000000309e-01
9.406999999999999806e-01 9.477999999999999758e-01
9.405999999999999917e-01 9.475999999999999979e-01
9.405999999999999917e-01 9.477999999999999758e-01
9.405999999999999917e-01 9.478999999999999648e-01
9.405999999999999917e-01 9.474000000000000199e-01
9.405999999999999917e-01 9.476999999999999869e-01
9.405999999999999917e-01 9.478999999999999648e-01
9.405999999999999917e-01 9.477999999999999758e-01
9.405000000000000027e-01 9.478999999999999648e-01
9.405000000000000027e-01 9.478999999999999648e-01
9.405999999999999917e-01 9.482000000000000428e-01
9.406999999999999806e-01 9.479999999999999538e-01
9.406999999999999806e-01 9.484000000000000208e-01
9.406999999999999806e-01 9.482000000000000428e-01
9.403000000000000247e-01 9.485999999999999988e-01
9.405000000000000027e-01 9.485999999999999988e-01
9.405999999999999917e-01 9.488999999999999657e-01
9.405000000000000027e-01 9.485999999999999988e-01
9.405000000000000027e-01 9.491000000000000547e-01
9.405999999999999917e-01 9.493000000000000327e-01
9.405000000000000027e-01 9.487999999999999767e-01
9.405000000000000027e-01 9.484000000000000208e-01
9.405999999999999917e-01 9.483000000000000318e-01
9.405999999999999917e-01 9.482000000000000428e-01
9.405999999999999917e-01 9.486999999999999877e-01
9.405999999999999917e-01 9.485000000000000098e-01
9.405999999999999917e-01 9.485000000000000098e-01
9.405999999999999917e-01 9.482000000000000428e-01
9.405000000000000027e-01 9.481000000000000538e-01
9.406999999999999806e-01 9.483000000000000318e-01
9.405999999999999917e-01 9.482000000000000428e-01
9.405999999999999917e-01 9.479999999999999538e-01
9.405999999999999917e-01 9.482000000000000428e-01
9.405000000000000027e-01 9.478999999999999648e-01
9.405999999999999917e-01 9.479999999999999538e-01
9.405999999999999917e-01 9.479999999999999538e-01
9.405999999999999917e-01 9.476999999999999869e-01
9.405999999999999917e-01 9.481000000000000538e-01
9.405999999999999917e-01 9.482000000000000428e-01
9.405999999999999917e-01 9.478999999999999648e-01
9.405999999999999917e-01 9.478999999999999648e-01
9.405000000000000027e-01 9.475999999999999979e-01
9.405999999999999917e-01 9.482000000000000428e-01
9.405000000000000027e-01 9.478999999999999648e-01
9.405000000000000027e-01 9.476999999999999869e-01
9.405000000000000027e-01 9.477999999999999758e-01
9.405000000000000027e-01 9.486999999999999877e-01
9.404000000000000137e-01 9.484000000000000208e-01
9.404000000000000137e-01 9.486999999999999877e-01
9.404000000000000137e-01 9.486999999999999877e-01
9.404000000000000137e-01 9.489999999999999547e-01
9.405000000000000027e-01 9.492000000000000437e-01
9.404000000000000137e-01 9.493000000000000327e-01
9.405000000000000027e-01 9.495999999999999996e-01
9.405999999999999917e-01 9.495999999999999996e-01
9.405999999999999917e-01 9.488999999999999657e-01
9.406999999999999806e-01 9.494000000000000217e-01
9.406999999999999806e-01 9.493000000000000327e-01
9.406999999999999806e-01 9.491000000000000547e-01
9.405999999999999917e-01 9.488999999999999657e-01
9.406999999999999806e-01 9.488999999999999657e-01
9.405999999999999917e-01 9.483000000000000318e-01
9.406999999999999806e-01 9.479999999999999538e-01
9.405999999999999917e-01 9.482000000000000428e-01
9.406999999999999806e-01 9.482000000000000428e-01
9.406999999999999806e-01 9.483000000000000318e-01
9.407999999999999696e-01 9.485000000000000098e-01
9.407999999999999696e-01 9.484000000000000208e-01
9.406999999999999806e-01 9.484000000000000208e-01
9.407999999999999696e-01 9.485999999999999988e-01
9.407999999999999696e-01 9.479999999999999538e-01
9.407999999999999696e-01 9.487999999999999767e-01
9.408999999999999586e-01 9.488999999999999657e-01
9.408999999999999586e-01 9.485000000000000098e-01
9.408999999999999586e-01 9.485000000000000098e-01
9.407999999999999696e-01 9.488999999999999657e-01
9.407999999999999696e-01 9.491000000000000547e-01
9.406999999999999806e-01 9.484000000000000208e-01
9.406999999999999806e-01 9.485999999999999988e-01
9.406999999999999806e-01 9.483000000000000318e-01
9.406999999999999806e-01 9.492000000000000437e-01
9.406999999999999806e-01 9.485000000000000098e-01
9.406999999999999806e-01 9.483000000000000318e-01
9.406999999999999806e-01 9.485999999999999988e-01
9.405999999999999917e-01 9.485999999999999988e-01
9.405999999999999917e-01 9.483000000000000318e-01
9.405999999999999917e-01 9.482000000000000428e-01
9.406999999999999806e-01 9.484000000000000208e-01
9.406999999999999806e-01 9.482000000000000428e-01
9.406999999999999806e-01 9.482000000000000428e-01
9.406999999999999806e-01 9.482000000000000428e-01
9.406999999999999806e-01 9.484000000000000208e-01
9.406999999999999806e-01 9.485999999999999988e-01
9.406999999999999806e-01 9.481000000000000538e-01
9.406999999999999806e-01 9.479999999999999538e-01
9.406999999999999806e-01 9.485000000000000098e-01
9.405999999999999917e-01 9.483000000000000318e-01
9.405999999999999917e-01 9.483000000000000318e-01
9.405999999999999917e-01 9.479999999999999538e-01
9.405000000000000027e-01 9.484000000000000208e-01
9.405000000000000027e-01 9.481000000000000538e-01
9.405000000000000027e-01 9.485000000000000098e-01
9.404000000000000137e-01 9.482000000000000428e-01
9.404000000000000137e-01 9.485999999999999988e-01
9.404000000000000137e-01 9.485000000000000098e-01
9.404000000000000137e-01 9.485999999999999988e-01
9.404000000000000137e-01 9.485999999999999988e-01
9.404000000000000137e-01 9.485999999999999988e-01
9.404000000000000137e-01 9.484000000000000208e-01
9.404000000000000137e-01 9.484000000000000208e-01
9.404000000000000137e-01 9.484000000000000208e-01
9.404000000000000137e-01 9.482000000000000428e-01
9.404000000000000137e-01 9.478999999999999648e-01
9.404000000000000137e-01 9.479999999999999538e-01
9.404000000000000137e-01 9.483000000000000318e-01
9.405000000000000027e-01 9.486999999999999877e-01
9.404000000000000137e-01 9.488999999999999657e-01
9.405999999999999917e-01 9.485999999999999988e-01
9.404000000000000137e-01 9.485000000000000098e-01
9.403000000000000247e-01 9.485999999999999988e-01
9.404000000000000137e-01 9.482000000000000428e-01
9.404000000000000137e-01 9.478999999999999648e-01
9.404000000000000137e-01 9.485999999999999988e-01
9.404000000000000137e-01 9.485000000000000098e-01
9.404000000000000137e-01 9.487999999999999767e-01
9.404000000000000137e-01 9.485999999999999988e-01
9.404000000000000137e-01 9.488999999999999657e-01
9.404000000000000137e-01 9.482000000000000428e-01
9.404000000000000137e-01 9.482000000000000428e-01
9.403000000000000247e-01 9.481000000000000538e-01
9.403000000000000247e-01 9.485999999999999988e-01
9.404000000000000137e-01 9.479999999999999538e-01
9.404000000000000137e-01 9.483000000000000318e-01
9.404000000000000137e-01 9.476999999999999869e-01
9.404000000000000137e-01 9.477999999999999758e-01
9.404000000000000137e-01 9.477999999999999758e-01
9.404000000000000137e-01 9.484000000000000208e-01
9.404000000000000137e-01 9.481000000000000538e-01
9.404000000000000137e-01 9.484000000000000208e-01
9.404000000000000137e-01 9.485000000000000098e-01
9.404000000000000137e-01 9.485999999999999988e-01
9.404000000000000137e-01 9.483000000000000318e-01
9.404000000000000137e-01 9.482000000000000428e-01
9.403000000000000247e-01 9.484000000000000208e-01
9.403000000000000247e-01 9.485000000000000098e-01
9.403000000000000247e-01 9.481000000000000538e-01
9.403000000000000247e-01 9.485999999999999988e-01
9.403000000000000247e-01 9.485000000000000098e-01
9.403000000000000247e-01 9.487999999999999767e-01
9.404000000000000137e-01 9.486999999999999877e-01
9.404000000000000137e-01 9.485999999999999988e-01
9.403000000000000247e-01 9.486999999999999877e-01
9.404000000000000137e-01 9.485999999999999988e-01
9.404000000000000137e-01 9.486999999999999877e-01
9.404000000000000137e-01 9.488999999999999657e-01
9.404000000000000137e-01 9.485999999999999988e-01
9.404000000000000137e-01 9.491000000000000547e-01
9.404000000000000137e-01 9.485999999999999988e-01
9.404000000000000137e-01 9.489999999999999547e-01
9.404000000000000137e-01 9.486999999999999877e-01
9.403000000000000247e-01 9.488999999999999657e-01
9.403000000000000247e-01 9.485000000000000098e-01
9.403000000000000247e-01 9.486999999999999877e-01
9.403000000000000247e-01 9.485000000000000098e-01
9.403000000000000247e-01 9.479999999999999538e-01
9.403000000000000247e-01 9.485000000000000098e-01
9.403000000000000247e-01 9.487999999999999767e-01
9.403000000000000247e-01 9.486999999999999877e-01
9.403000000000000247e-01 9.487999999999999767e-01
9.403000000000000247e-01 9.479999999999999538e-01
9.404000000000000137e-01 9.487999999999999767e-01
9.404000000000000137e-01 9.487999999999999767e-01
9.404000000000000137e-01 9.491000000000000547e-01
9.404000000000000137e-01 9.486999999999999877e-01
9.404000000000000137e-01 9.485999999999999988e-01
9.404000000000000137e-01 9.485999999999999988e-01
9.404000000000000137e-01 9.493000000000000327e-01
9.404000000000000137e-01 9.487999999999999767e-01
9.404000000000000137e-01 9.485999999999999988e-01
9.404000000000000137e-01 9.482000000000000428e-01
9.404000000000000137e-01 9.484000000000000208e-01
9.405000000000000027e-01 9.482000000000000428e-01
9.405000000000000027e-01 9.483000000000000318e-01
9.405000000000000027e-01 9.484000000000000208e-01
9.405000000000000027e-01 9.483000000000000318e-01
9.405000000000000027e-01 9.477999999999999758e-01
9.404000000000000137e-01 9.479999999999999538e-01
9.405000000000000027e-01 9.477999999999999758e-01
9.404000000000000137e-01 9.479999999999999538e-01
9.404000000000000137e-01 9.482000000000000428e-01
9.404000000000000137e-01 9.485999999999999988e-01
9.404000000000000137e-01 9.485000000000000098e-01
9.404000000000000137e-01 9.482000000000000428e-01
9.404000000000000137e-01 9.485000000000000098e-01
9.404000000000000137e-01 9.483000000000000318e-01
9.404000000000000137e-01 9.485000000000000098e-01
9.404000000000000137e-01 9.484000000000000208e-01
9.404000000000000137e-01 9.484000000000000208e-01
9.405000000000000027e-01 9.482000000000000428e-01
9.405000000000000027e-01 9.489999999999999547e-01
9.405000000000000027e-01 9.485999999999999988e-01
9.405000000000000027e-01 9.488999999999999657e-01
9.405000000000000027e-01 9.487999999999999767e-01
9.405000000000000027e-01 9.487999999999999767e-01
9.405000000000000027e-01 9.483000000000000318e-01
9.405000000000000027e-01 9.485000000000000098e-01
9.405000000000000027e-01 9.485999999999999988e-01
9.405000000000000027e-01 9.486999999999999877e-01
9.404000000000000137e-01 9.488999999999999657e-01
9.404000000000000137e-01 9.487999999999999767e-01
9.405000000000000027e-01 9.485000000000000098e-01
9.405000000000000027e-01 9.486999999999999877e-01
9.405000000000000027e-01 9.485999999999999988e-01
9.405000000000000027e-01 9.484000000000000208e-01
9.405000000000000027e-01 9.483000000000000318e-01
9.405000000000000027e-01 9.487999999999999767e-01
9.403000000000000247e-01 9.485000000000000098e-01
9.404000000000000137e-01 9.487999999999999767e-01
9.404000000000000137e-01 9.491000000000000547e-01
9.403000000000000247e-01 9.487999999999999767e-01
9.404000000000000137e-01 9.492000000000000437e-01
9.402000000000000357e-01 9.492000000000000437e-01
9.402000000000000357e-01 9.488999999999999657e-01
9.402000000000000357e-01 9.486999999999999877e-01
9.402000000000000357e-01 9.491000000000000547e-01
9.403000000000000247e-01 9.486999999999999877e-01
9.403000000000000247e-01 9.481000000000000538e-01
9.403000000000000247e-01 9.485000000000000098e-01
9.403000000000000247e-01 9.482000000000000428e-01
9.403000000000000247e-01 9.483000000000000318e-01
9.403000000000000247e-01 9.485000000000000098e-01
9.403000000000000247e-01 9.483000000000000318e-01
9.403000000000000247e-01 9.486999999999999877e-01
9.403000000000000247e-01 9.486999999999999877e-01
9.403000000000000247e-01 9.485000000000000098e-01
9.403000000000000247e-01 9.485000000000000098e-01
9.403000000000000247e-01 9.483000000000000318e-01
9.403000000000000247e-01 9.479999999999999538e-01
9.403000000000000247e-01 9.475000000000000089e-01
9.403000000000000247e-01 9.472000000000000419e-01
9.403000000000000247e-01 9.476999999999999869e-01
9.402000000000000357e-01 9.475999999999999979e-01
9.402000000000000357e-01 9.475999999999999979e-01
9.402000000000000357e-01 9.475999999999999979e-01
9.402000000000000357e-01 9.476999999999999869e-01
9.401000000000000467e-01 9.475000000000000089e-01
9.401000000000000467e-01 9.474000000000000199e-01
9.401000000000000467e-01 9.475000000000000089e-01
9.401000000000000467e-01 9.476999999999999869e-01
9.401000000000000467e-01 9.479999999999999538e-01
9.399999999999999467e-01 9.475999999999999979e-01
9.401000000000000467e-01 9.475999999999999979e-01
9.401000000000000467e-01 9.475000000000000089e-01
9.401000000000000467e-01 9.473000000000000309e-01
9.401000000000000467e-01 9.477999999999999758e-01
9.401000000000000467e-01 9.475000000000000089e-01
9.401000000000000467e-01 9.479999999999999538e-01
9.402000000000000357e-01 9.479999999999999538e-01
9.403000000000000247e-01 9.477999999999999758e-01
9.403000000000000247e-01 9.484000000000000208e-01
9.403000000000000247e-01 9.476999999999999869e-01
9.403000000000000247e-01 9.478999999999999648e-01
9.404000000000000137e-01 9.475000000000000089e-01
9.404000000000000137e-01 9.482000000000000428e-01
9.403000000000000247e-01 9.479999999999999538e-01
9.403000000000000247e-01 9.477999999999999758e-01
9.403000000000000247e-01 9.476999999999999869e-01
9.403000000000000247e-01 9.473000000000000309e-01
9.403000000000000247e-01 9.473000000000000309e-01
9.403000000000000247e-01 9.475000000000000089e-01
9.403000000000000247e-01 9.472000000000000419e-01
9.402000000000000357e-01 9.473000000000000309e-01
9.402000000000000357e-01 9.468999999999999639e-01
9.402000000000000357e-01 9.469999999999999529e-01
9.401000000000000467e-01 9.469999999999999529e-01
9.401000000000000467e-01 9.472000000000000419e-01
9.401000000000000467e-01 9.475000000000000089e-01
9.401000000000000467e-01 9.467999999999999750e-01
9.399999999999999467e-01 9.467999999999999750e-01
9.399999999999999467e-01 9.472000000000000419e-01
9.399999999999999467e-01 9.466999999999999860e-01
9.399999999999999467e-01 9.465999999999999970e-01
9.401000000000000467e-01 9.465999999999999970e-01
9.401000000000000467e-01 9.472000000000000419e-01
9.401000000000000467e-01 9.473000000000000309e-01
9.401000000000000467e-01 9.479999999999999538e-01
9.401000000000000467e-01 9.478999999999999648e-01
9.401000000000000467e-01 9.477999999999999758e-01
9.401000000000000467e-01 9.481000000000000538e-01
9.401000000000000467e-01 9.483000000000000318e-01
9.401000000000000467e-01 9.483000000000000318e-01
9.401000000000000467e-01 9.486999999999999877e-01
9.401000000000000467e-01 9.486999999999999877e-01
9.401000000000000467e-01 9.483000000000000318e-01
9.401000000000000467e-01 9.481000000000000538e-01
9.401000000000000467e-01 9.477999999999999758e-01
9.401000000000000467e-01 9.482000000000000428e-01
9.399999999999999467e-01 9.476999999999999869e-01
9.399999999999999467e-01 9.484000000000000208e-01
9.402000000000000357e-01 9.485000000000000098e-01
9.401000000000000467e-01 9.484000000000000208e-01
9.401000000000000467e-01 9.482000000000000428e-01
9.399999999999999467e-01 9.476999999999999869e-01
9.399999999999999467e-01 9.477999999999999758e-01
9.401000000000000467e-01 9.476999999999999869e-01
9.401000000000000467e-01 9.475999999999999979e-01
9.401000000000000467e-01 9.476999999999999869e-01
9.401000000000000467e-01 9.474000000000000199e-01
9.401000000000000467e-01 9.475000000000000089e-01
9.401000000000000467e-01 9.467999999999999750e-01
9.401000000000000467e-01 9.472000000000000419e-01
9.401000000000000467e-01 9.469999999999999529e-01
9.401000000000000467e-01 9.472000000000000419e-01
9.401000000000000467e-01 9.474000000000000199e-01
9.401000000000000467e-01 9.472000000000000419e-01
9.399999999999999467e-01 9.477999999999999758e-01
9.399999999999999467e-01 9.473000000000000309e-01
9.399999999999999467e-01 9.475999999999999979e-01
9.397999999999999687e-01 9.475999999999999979e-01
9.396999999999999797e-01 9.478999999999999648e-01
9.396999999999999797e-01 9.478999999999999648e-01
9.396999999999999797e-01 9.475999999999999979e-01
9.397999999999999687e-01 9.478999999999999648e-01
9.397999999999999687e-01 9.472000000000000419e-01
9.397999999999999687e-01 9.475000000000000089e-01
9.397999999999999687e-01 9.482000000000000428e-01
9.397999999999999687e-01 9.479999999999999538e-01
9.397999999999999687e-01 9.476999999999999869e-01
9.397999999999999687e-01 9.484000000000000208e-01
9.397999999999999687e-01 9.485000000000000098e-01
9.397999999999999687e-01 9.485000000000000098e-01
9.397999999999999687e-01 9.484000000000000208e-01
9.397999999999999687e-01 9.479999999999999538e-01
9.397999999999999687e-01 9.473000000000000309e-01
9.397999999999999687e-01 9.476999999999999869e-01
9.397999999999999687e-01 9.475000000000000089e-01
9.397999999999999687e-01 9.475000000000000089e-01
9.397999999999999687e-01 9.482000000000000428e-01
9.397999999999999687e-01 9.475000000000000089e-01
9.397999999999999687e-01 9.474000000000000199e-01
9.397999999999999687e-01 9.476999999999999869e-01
9.397999999999999687e-01 9.476999999999999869e-01
9.398999999999999577e-01 9.481000000000000538e-01
9.399999999999999467e-01 9.479999999999999538e-01
9.399999999999999467e-01 9.483000000000000318e-01
9.398999999999999577e-01 9.484000000000000208e-01
9.399999999999999467e-01 9.484000000000000208e-01
9.398999999999999577e-01 9.481000000000000538e-01
9.398999999999999577e-01 9.489999999999999547e-01
9.398999999999999577e-01 9.485999999999999988e-01
9.398999999999999577e-01 9.485999999999999988e-01
9.398999999999999577e-01 9.486999999999999877e-01
9.397999999999999687e-01 9.482000000000000428e-01
9.398999999999999577e-01 9.479999999999999538e-01
9.399999999999999467e-01 9.485999999999999988e-01
9.398999999999999577e-01 9.483000000000000318e-01
9.398999999999999577e-01 9.484000000000000208e-01
9.397999999999999687e-01 9.479999999999999538e-01
9.397999999999999687e-01 9.485999999999999988e-01
9.397999999999999687e-01 9.486999999999999877e-01
9.397999999999999687e-01 9.483000000000000318e-01
9.397999999999999687e-01 9.491000000000000547e-01
9.397999999999999687e-01 9.486999999999999877e-01
9.397999999999999687e-01 9.483000000000000318e-01
9.397999999999999687e-01 9.484000000000000208e-01
9.397999999999999687e-01 9.483000000000000318e-01
9.398999999999999577e-01 9.482000000000000428e-01
9.398999999999999577e-01 9.485999999999999988e-01
9.398999999999999577e-01 9.485000000000000098e-01
9.398999999999999577e-01 9.485000000000000098e-01
9.398999999999999577e-01 9.488999999999999657e-01
9.398999999999999577e-01 9.492000000000000437e-01
9.398999999999999577e-01 9.492000000000000437e-01
9.398999999999999577e-01 9.491000000000000547e-01
9.398999999999999577e-01 9.486999999999999877e-01
9.398999999999999577e-01 9.489999999999999547e-01
9.397999999999999687e-01 9.484000000000000208e-01
9.398999999999999577e-01 9.486999999999999877e-01
9.398999999999999577e-01 9.487999999999999767e-01
9.397999999999999687e-01 9.485999999999999988e-01
9.397999999999999687e-01 9.493000000000000327e-01
9.397999999999999687e-01 9.484000000000000208e-01
9.397999999999999687e-01 9.486999999999999877e-01
9.397999999999999687e-01 9.481000000000000538e-01
9.397999999999999687e-01 9.485000000000000098e-01
9.398999999999999577e-01 9.486999999999999877e-01
9.397999999999999687e-01 9.488999999999999657e-01
9.397999999999999687e-01 9.485999999999999988e-01
9.397999999999999687e-01 9.485999999999999988e-01
9.397999999999999687e-01 9.489999999999999547e-01
9.397999999999999687e-01 9.489999999999999547e-01
9.397999999999999687e-01 9.488999999999999657e-01
9.397999999999999687e-01 9.489999999999999547e-01
9.397999999999999687e-01 9.487999999999999767e-01
9.397999999999999687e-01 9.488999999999999657e-01
9.397999999999999687e-01 9.489999999999999547e-01
9.397999999999999687e-01 9.486999999999999877e-01
9.396999999999999797e-01 9.489999999999999547e-01
9.397999999999999687e-01 9.486999999999999877e-01
9.397999999999999687e-01 9.489999999999999547e-01
9.397999999999999687e-01 9.487999999999999767e-01
9.396999999999999797e-01 9.488999999999999657e-01
9.397999999999999687e-01 9.488999999999999657e-01
9.397999999999999687e-01 9.485999999999999988e-01
9.396999999999999797e-01 9.487999999999999767e-01
9.395999999999999908e-01 9.491000000000000547e-01
9.397999999999999687e-01 9.493000000000000327e-01
9.396999999999999797e-01 9.495000000000000107e-01
9.396999999999999797e-01 9.494000000000000217e-01
9.396999999999999797e-01 9.485999999999999988e-01
9.396999999999999797e-01 9.486999999999999877e-01
9.396999999999999797e-01 9.488999999999999657e-01
9.396999999999999797e-01 9.485999999999999988e-01
9.396999999999999797e-01 9.485999999999999988e-01
9.396999999999999797e-01 9.491000000000000547e-01
9.396999999999999797e-01 9.485999999999999988e-01
9.396999999999999797e-01 9.488999999999999657e-01
9.396999999999999797e-01 9.486999999999999877e-01
9.396999999999999797e-01 9.486999999999999877e-01
9.396999999999999797e-01 9.485999999999999988e-01
9.396999999999999797e-01 9.487999999999999767e-01
9.395999999999999908e-01 9.489999999999999547e-01
9.395999999999999908e-01 9.493000000000000327e-01
9.395999999999999908e-01 9.495000000000000107e-01
9.395999999999999908e-01 9.496999999999999886e-01
9.396999999999999797e-01 9.495999999999999996e-01
9.396999999999999797e-01 9.495999999999999996e-01
9.396999999999999797e-01 9.495000000000000107e-01
9.396999999999999797e-01 9.495999999999999996e-01
9.396999999999999797e-01 9.491000000000000547e-01
9.396999999999999797e-01 9.494000000000000217e-01
9.397999999999999687e-01 9.495999999999999996e-01
9.396999999999999797e-01 9.493000000000000327e-01
9.397999999999999687e-01 9.496999999999999886e-01
9.396999999999999797e-01 9.495000000000000107e-01
9.396999999999999797e-01 9.503000000000000336e-01
9.396999999999999797e-01 9.494000000000000217e-01
9.396999999999999797e-01 9.492000000000000437e-01
9.396999999999999797e-01 9.495000000000000107e-01
9.396999999999999797e-01 9.496999999999999886e-01
9.396999999999999797e-01 9.494000000000000217e-01
9.396999999999999797e-01 9.495999999999999996e-01
9.396999999999999797e-01 9.493000000000000327e-01
9.396999999999999797e-01 9.498999999999999666e-01
9.396999999999999797e-01 9.494000000000000217e-01
9.396999999999999797e-01 9.497999999999999776e-01
9.396999999999999797e-01 9.495999999999999996e-01
9.396999999999999797e-01 9.498999999999999666e-01
9.396999999999999797e-01 9.495999999999999996e-01
9.396999999999999797e-01 9.497999999999999776e-01
9.396999999999999797e-01 9.497999999999999776e-01
9.396999999999999797e-01 9.494000000000000217e-01
9.396999999999999797e-01 9.497999999999999776e-01
9.397999999999999687e-01 9.498999999999999666e-01
9.397999999999999687e-01 9.497999999999999776e-01
9.396999999999999797e-01 9.495000000000000107e-01
9.398999999999999577e-01 9.497999999999999776e-01
9.398999999999999577e-01 9.497999999999999776e-01
9.397999999999999687e-01 9.492000000000000437e-01
9.397999999999999687e-01 9.496999999999999886e-01
9.396999999999999797e-01 9.489999999999999547e-01
9.397999999999999687e-01 9.495999999999999996e-01
9.395000000000000018e-01 9.487999999999999767e-01
9.395000000000000018e-01 9.491000000000000547e-01
9.395000000000000018e-01 9.489999999999999547e-01
9.395000000000000018e-01 9.496999999999999886e-01
9.395999999999999908e-01 9.493000000000000327e-01
9.395999999999999908e-01 9.495000000000000107e-01
9.395999999999999908e-01 9.494000000000000217e-01
9.395000000000000018e-01 9.494000000000000217e-01
9.395999999999999908e-01 9.491000000000000547e-01
9.395999999999999908e-01 9.491000000000000547e-01
9.395999999999999908e-01 9.491000000000000547e-01
9.395999999999999908e-01 9.495000000000000107e-01
9.396999999999999797e-01 9.495999999999999996e-01
9.395999999999999908e-01 9.496999999999999886e-01
9.395999999999999908e-01 9.493000000000000327e-01
9.395999999999999908e-01 9.495000000000000107e-01
9.395999999999999908e-01 9.495000000000000107e-01
9.395999999999999908e-01 9.495999999999999996e-01
9.396999999999999797e-01 9.500999999999999446e-01
9.397999999999999687e-01 9.492000000000000437e-01
9.397999999999999687e-01 9.495999999999999996e-01
9.397999999999999687e-01 9.495000000000000107e-01
9.398999999999999577e-01 9.492000000000000437e-01
9.398999999999999577e-01 9.487999999999999767e-01
9.398999999999999577e-01 9.486999999999999877e-01
9.397999999999999687e-01 9.485999999999999988e-01
9.397999999999999687e-01 9.492000000000000437e-01
9.397999999999999687e-01 9.494000000000000217e-01
9.398999999999999577e-01 9.494000000000000217e-01
9.398999999999999577e-01 9.486999999999999877e-01
9.398999999999999577e-01 9.486999999999999877e-01
9.398999999999999577e-01 9.491000000000000547e-01
9.398999999999999577e-01 9.487999999999999767e-01
9.398999999999999577e-01 9.493000000000000327e-01
9.398999999999999577e-01 9.494000000000000217e-01
9.398999999999999577e-01 9.497999999999999776e-01
9.398999999999999577e-01 9.496999999999999886e-01
9.399999999999999467e-01 9.496999999999999886e-01
9.399999999999999467e-01 9.498999999999999666e-01
9.399999999999999467e-01 9.495000000000000107e-01
9.399999999999999467e-01 9.491000000000000547e-01
9.399999999999999467e-01 9.489999999999999547e-01
9.399999999999999467e-01 9.487999999999999767e-01
9.399999999999999467e-01 9.483000000000000318e-01
9.398999999999999577e-01 9.492000000000000437e-01
9.398999999999999577e-01 9.492000000000000437e-01
9.398999999999999577e-01 9.488999999999999657e-01
9.398999999999999577e-01 9.488999999999999657e-01
9.398999999999999577e-01 9.486999999999999877e-01
9.399999999999999467e-01 9.486999999999999877e-01
9.399999999999999467e-01 9.485000000000000098e-01
9.399999999999999467e-01 9.491000000000000547e-01
9.399999999999999467e-01 9.495000000000000107e-01
9.399999999999999467e-01 9.491000000000000547e-01
9.399999999999999467e-01 9.492000000000000437e-01
9.399999999999999467e-01 9.491000000000000547e-01
9.399999999999999467e-01 9.493000000000000327e-01
9.399999999999999467e-01 9.493000000000000327e-01
9.399999999999999467e-01 9.492000000000000437e-01
9.399999999999999467e-01 9.491000000000000547e-01
9.399999999999999467e-01 9.492000000000000437e-01
9.401000000000000467e-01 9.489999999999999547e-01
9.399999999999999467e-01 9.492000000000000437e-01
9.399999999999999467e-01 9.487999999999999767e-01
9.399999999999999467e-01 9.492000000000000437e-01
9.401000000000000467e-01 9.492000000000000437e-01
9.399999999999999467e-01 9.485000000000000098e-01
9.399999999999999467e-01 9.482000000000000428e-01
9.399999999999999467e-01 9.482000000000000428e-01
9.399999999999999467e-01 9.483000000000000318e-01
9.399999999999999467e-01 9.485999999999999988e-01
9.401000000000000467e-01 9.485999999999999988e-01
9.401000000000000467e-01 9.488999999999999657e-01
9.401000000000000467e-01 9.486999999999999877e-01
9.401000000000000467e-01 9.485999999999999988e-01
9.401000000000000467e-01 9.485000000000000098e-01
9.401000000000000467e-01 9.484000000000000208e-01
9.402000000000000357e-01 9.486999999999999877e-01
9.402000000000000357e-01 9.487999999999999767e-01
9.402000000000000357e-01 9.489999999999999547e-01
9.402000000000000357e-01 9.494000000000000217e-01
9.402000000000000357e-01 9.494000000000000217e-01
9.402000000000000357e-01 9.494000000000000217e-01
9.402000000000000357e-01 9.485999999999999988e-01
9.402000000000000357e-01 9.492000000000000437e-01
9.402000000000000357e-01 9.487999999999999767e-01
9.402000000000000357e-01 9.488999999999999657e-01
9.402000000000000357e-01 9.487999999999999767e-01
9.401000000000000467e-01 9.489999999999999547e-01
9.401000000000000467e-01 9.486999999999999877e-01
9.399999999999999467e-01 9.491000000000000547e-01
9.399999999999999467e-01 9.489999999999999547e-01
9.401000000000000467e-01 9.493000000000000327e-01
9.401000000000000467e-01 9.492000000000000437e-01
9.401000000000000467e-01 9.489999999999999547e-01
9.401000000000000467e-01 9.491000000000000547e-01
9.401000000000000467e-01 9.495999999999999996e-01
9.401000000000000467e-01 9.494000000000000217e-01
9.401000000000000467e-01 9.500999999999999446e-01
9.401000000000000467e-01 9.495000000000000107e-01
9.401000000000000467e-01 9.495999999999999996e-01
9.401000000000000467e-01 9.494000000000000217e-01
9.401000000000000467e-01 9.497999999999999776e-01
9.401000000000000467e-01 9.495000000000000107e-01
9.402000000000000357e-01 9.495000000000000107e-01
9.403000000000000247e-01 9.489999999999999547e-01
9.403000000000000247e-01 9.487999999999999767e-01
9.403000000000000247e-01 9.495000000000000107e-01
9.403000000000000247e-01 9.492000000000000437e-01
9.403000000000000247e-01 9.492000000000000437e-01
9.403000000000000247e-01 9.498999999999999666e-01
9.403000000000000247e-01 9.497999999999999776e-01
9.402000000000000357e-01 9.495999999999999996e-01
9.403000000000000247e-01 9.494000000000000217e-01
9.403000000000000247e-01 9.495999999999999996e-01
9.403000000000000247e-01 9.493000000000000327e-01
9.403000000000000247e-01 9.493000000000000327e-01
9.404000000000000137e-01 9.492000000000000437e-01
9.404000000000000137e-01 9.488999999999999657e-01
9.403000000000000247e-01 9.491000000000000547e-01
9.403000000000000247e-01 9.491000000000000547e-01
9.402000000000000357e-01 9.489999999999999547e-01
9.402000000000000357e-01 9.492000000000000437e-01
9.403000000000000247e-01 9.489999999999999547e-01
9.402000000000000357e-01 9.494000000000000217e-01
9.403000000000000247e-01 9.489999999999999547e-01
9.403000000000000247e-01 9.497999999999999776e-01
9.403000000000000247e-01 9.494000000000000217e-01
9.403000000000000247e-01 9.493000000000000327e-01
9.403000000000000247e-01 9.494000000000000217e-01
9.403000000000000247e-01 9.495999999999999996e-01
9.403000000000000247e-01 9.494000000000000217e-01
9.403000000000000247e-01 9.492000000000000437e-01
9.403000000000000247e-01 9.491000000000000547e-01
9.403000000000000247e-01 9.486999999999999877e-01
9.402000000000000357e-01 9.488999999999999657e-01
9.402000000000000357e-01 9.493000000000000327e-01
9.402000000000000357e-01 9.489999999999999547e-01
9.402000000000000357e-01 9.494000000000000217e-01
9.402000000000000357e-01 9.495999999999999996e-01
9.403000000000000247e-01 9.491000000000000547e-01
9.403000000000000247e-01 9.496999999999999886e-01
9.403000000000000247e-01 9.487999999999999767e-01
9.404000000000000137e-01 9.482000000000000428e-01
9.404000000000000137e-01 9.483000000000000318e-01
9.405000000000000027e-01 9.482000000000000428e-01
9.404000000000000137e-01 9.488999999999999657e-01
9.405000000000000027e-01 9.482000000000000428e-01
9.405000000000000027e-01 9.482000000000000428e-01
9.405000000000000027e-01 9.488999999999999657e-01
9.405000000000000027e-01 9.488999999999999657e-01
9.405000000000000027e-01 9.491000000000000547e-01
9.405000000000000027e-01 9.495000000000000107e-01
9.405000000000000027e-01 9.495000000000000107e-01
9.405999999999999917e-01 9.498999999999999666e-01
9.405000000000000027e-01 9.495999999999999996e-01
9.405000000000000027e-01 9.497999999999999776e-01
9.404000000000000137e-01 9.497999999999999776e-01
9.404000000000000137e-01 9.499999999999999556e-01
9.404000000000000137e-01 9.496999999999999886e-01
9.404000000000000137e-01 9.496999999999999886e-01
9.404000000000000137e-01 9.498999999999999666e-01
9.404000000000000137e-01 9.497999999999999776e-01
9.404000000000000137e-01 9.496999999999999886e-01
9.405000000000000027e-01 9.497999999999999776e-01
9.402000000000000357e-01 9.493000000000000327e-01
9.403000000000000247e-01 9.494000000000000217e-01
9.404000000000000137e-01 9.497999999999999776e-01
9.402000000000000357e-01 9.496999999999999886e-01
9.402000000000000357e-01 9.488999999999999657e-01
9.402000000000000357e-01 9.495999999999999996e-01
9.401000000000000467e-01 9.491000000000000547e-01
9.401000000000000467e-01 9.488999999999999657e-01
9.401000000000000467e-01 9.493000000000000327e-01
9.402000000000000357e-01 9.497999999999999776e-01
9.402000000000000357e-01 9.495999999999999996e-01
9.402000000000000357e-01 9.499999999999999556e-01
9.402000000000000357e-01 9.495000000000000107e-01
9.402000000000000357e-01 9.495000000000000107e-01
9.402000000000000357e-01 9.502000000000000446e-01
9.402000000000000357e-01 9.495999999999999996e-01
9.402000000000000357e-01 9.503000000000000336e-01
9.402000000000000357e-01 9.499999999999999556e-01
9.402000000000000357e-01 9.500999999999999446e-01
9.402000000000000357e-01 9.496999999999999886e-01
9.401000000000000467e-01 9.506000000000000005e-01
9.402000000000000357e-01 9.506000000000000005e-01
9.401000000000000467e-01 9.505000000000000115e-01
9.402000000000000357e-01 9.503000000000000336e-01
9.402000000000000357e-01 9.504000000000000226e-01
9.403000000000000247e-01 9.503000000000000336e-01
9.403000000000000247e-01 9.503000000000000336e-01
9.403000000000000247e-01 9.506000000000000005e-01
9.404000000000000137e-01 9.503000000000000336e-01
9.404000000000000137e-01 9.500999999999999446e-01
9.404000000000000137e-01 9.503000000000000336e-01
9.404000000000000137e-01 9.500999999999999446e-01
9.404000000000000137e-01 9.504000000000000226e-01
9.405000000000000027e-01 9.508999999999999675e-01
9.404000000000000137e-01 9.513000000000000345e-01
9.404000000000000137e-01 9.506999999999999895e-01
9.405000000000000027e-01 9.509999999999999565e-01
9.405000000000000027e-01 9.505000000000000115e-01
9.403000000000000247e-01 9.506999999999999895e-01
9.405000000000000027e-01 9.506999999999999895e-01
9.404000000000000137e-01 9.503000000000000336e-01
9.402000000000000357e-01 9.510999999999999455e-01
9.402000000000000357e-01 9.507999999999999785e-01
9.404000000000000137e-01 9.503000000000000336e-01
9.404000000000000137e-01 9.503000000000000336e-01
9.404000000000000137e-01 9.506000000000000005e-01
9.404000000000000137e-01 9.506000000000000005e-01
9.404000000000000137e-01 9.506999999999999895e-01
9.404000000000000137e-01 9.512000000000000455e-01
9.404000000000000137e-01 9.510999999999999455e-01
9.404000000000000137e-01 9.512000000000000455e-01
9.403000000000000247e-01 9.510999999999999455e-01
9.404000000000000137e-01 9.508999999999999675e-01
9.404000000000000137e-01 9.513000000000000345e-01
9.403000000000000247e-01 9.510999999999999455e-01
9.403000000000000247e-01 9.512000000000000455e-01
9.404000000000000137e-01 9.512000000000000455e-01
9.403000000000000247e-01 9.510999999999999455e-01
9.404000000000000137e-01 9.510999999999999455e-01
9.403000000000000247e-01 9.508999999999999675e-01
9.403000000000000247e-01 9.512000000000000455e-01
9.403000000000000247e-01 9.506000000000000005e-01
9.403000000000000247e-01 9.506999999999999895e-01
9.403000000000000247e-01 9.504000000000000226e-01
9.403000000000000247e-01 9.509999999999999565e-01
9.403000000000000247e-01 9.507999999999999785e-01
9.403000000000000247e-01 9.509999999999999565e-01
9.403000000000000247e-01 9.514000000000000234e-01
9.403000000000000247e-01 9.509999999999999565e-01
9.402000000000000357e-01 9.512000000000000455e-01
9.402000000000000357e-01 9.516000000000000014e-01
9.402000000000000357e-01 9.516999999999999904e-01
9.403000000000000247e-01 9.517999999999999794e-01
9.402000000000000357e-01 9.514000000000000234e-01
9.403000000000000247e-01 9.508999999999999675e-01
9.402000000000000357e-01 9.508999999999999675e-01
9.402000000000000357e-01 9.510999999999999455e-01
9.402000000000000357e-01 9.509999999999999565e-01
9.402000000000000357e-01 9.506999999999999895e-01
9.401000000000000467e-01 9.507999999999999785e-01
9.401000000000000467e-01 9.503000000000000336e-01
9.401000000000000467e-01 9.505000000000000115e-01
9.401000000000000467e-01 9.506999999999999895e-01
9.403000000000000247e-01 9.506000000000000005e-01
9.403000000000000247e-01 9.506999999999999895e-01
9.403000000000000247e-01 9.506000000000000005e-01
9.403000000000000247e-01 9.506000000000000005e-01
9.403000000000000247e-01 9.506000000000000005e-01
9.404000000000000137e-01 9.506999999999999895e-01
9.404000000000000137e-01 9.504000000000000226e-01
9.405000000000000027e-01 9.508999999999999675e-01
9.405000000000000027e-01 9.506000000000000005e-01
9.404000000000000137e-01 9.506000000000000005e-01
9.405000000000000027e-01 9.506000000000000005e-01
9.405000000000000027e-01 9.512000000000000455e-01
9.405000000000000027e-01 9.510999999999999455e-01
9.405000000000000027e-01 9.506999999999999895e-01
9.405999999999999917e-01 9.510999999999999455e-01
9.405999999999999917e-01 9.506999999999999895e-01
9.405999999999999917e-01 9.508999999999999675e-01
9.405999999999999917e-01 9.508999999999999675e-01
9.405000000000000027e-01 9.506999999999999895e-01
9.405000000000000027e-01 9.502000000000000446e-01
9.405000000000000027e-01 9.502000000000000446e-01
9.404000000000000137e-01 9.503000000000000336e-01
9.404000000000000137e-01 9.500999999999999446e-01
9.404000000000000137e-01 9.503000000000000336e-01
9.404000000000000137e-01 9.504000000000000226e-01
9.404000000000000137e-01 9.500999999999999446e-01
9.404000000000000137e-01 9.500999999999999446e-01
9.404000000000000137e-01 9.506000000000000005e-01
9.404000000000000137e-01 9.506000000000000005e-01
9.404000000000000137e-01 9.510999999999999455e-01
9.404000000000000137e-01 9.506999999999999895e-01
9.404000000000000137e-01 9.506999999999999895e-01
9.404000000000000137e-01 9.505000000000000115e-01
9.404000000000000137e-01 9.506000000000000005e-01
9.404000000000000137e-01 9.503000000000000336e-01
9.405000000000000027e-01 9.503000000000000336e-01
9.405000000000000027e-01 9.498999999999999666e-01
9.405000000000000027e-01 9.503000000000000336e-01
9.405000000000000027e-01 9.503000000000000336e-01
9.404000000000000137e-01 9.502000000000000446e-01
9.404000000000000137e-01 9.506000000000000005e-01
9.404000000000000137e-01 9.500999999999999446e-01
9.404000000000000137e-01 9.504000000000000226e-01
9.404000000000000137e-01 9.499999999999999556e-01
9.404000000000000137e-01 9.498999999999999666e-01
9.404000000000000137e-01 9.495999999999999996e-01
9.404000000000000137e-01 9.497999999999999776e-01
9.404000000000000137e-01 9.497999999999999776e-01
9.404000000000000137e-01 9.495999999999999996e-01
9.403000000000000247e-01 9.500999999999999446e-01
9.403000000000000247e-01 9.504000000000000226e-01
9.403000000000000247e-01 9.500999999999999446e-01
9.403000000000000247e-01 9.496999999999999886e-01
9.404000000000000137e-01 9.494000000000000217e-01
9.404000000000000137e-01 9.495000000000000107e-01
9.404000000000000137e-01 9.496999999999999886e-01
9.403000000000000247e-01 9.497999999999999776e-01
9.403000000000000247e-01 9.495999999999999996e-01
9.403000000000000247e-01 9.495000000000000107e-01
9.403000000000000247e-01 9.491000000000000547e-01
9.403000000000000247e-01 9.495999999999999996e-01
9.402000000000000357e-01 9.493000000000000327e-01
9.403000000000000247e-01 9.492000000000000437e-01
9.403000000000000247e-01 9.497999999999999776e-01
9.403000000000000247e-01 9.495000000000000107e-01
9.403000000000000247e-01 9.494000000000000217e-01
9.403000000000000247e-01 9.499999999999999556e-01
9.403000000000000247e-01 9.502000000000000446e-01
9.403000000000000247e-01 9.500999999999999446e-01
9.403000000000000247e-01 9.498999999999999666e-01
9.403000000000000247e-01 9.498999999999999666e-01
9.403000000000000247e-01 9.502000000000000446e-01
9.403000000000000247e-01 9.502000000000000446e-01
9.403000000000000247e-01 9.499999999999999556e-01
9.403000000000000247e-01 9.498999999999999666e-01
9.403000000000000247e-01 9.505000000000000115e-01
9.403000000000000247e-01 9.504000000000000226e-01
9.403000000000000247e-01 9.506000000000000005e-01
9.403000000000000247e-01 9.506000000000000005e-01
9.402000000000000357e-01 9.505000000000000115e-01
9.403000000000000247e-01 9.499999999999999556e-01
9.402000000000000357e-01 9.500999999999999446e-01
9.403000000000000247e-01 9.498999999999999666e-01
9.405000000000000027e-01 9.498999999999999666e-01
9.405000000000000027e-01 9.504000000000000226e-01
9.405000000000000027e-01 9.500999999999999446e-01
9.405000000000000027e-01 9.503000000000000336e-01
9.405000000000000027e-01 9.503000000000000336e-01
9.405000000000000027e-01 9.503000000000000336e-01
9.405000000000000027e-01 9.508999999999999675e-01
9.405000000000000027e-01 9.504000000000000226e-01
9.405000000000000027e-01 9.503000000000000336e-01
9.405000000000000027e-01 9.496999999999999886e-01
9.405000000000000027e-01 9.502000000000000446e-01
9.405000000000000027e-01 9.502000000000000446e-01
9.405000000000000027e-01 9.500999999999999446e-01
9.405000000000000027e-01 9.503000000000000336e-01
9.405000000000000027e-01 9.503000000000000336e-01
9.405000000000000027e-01 9.503000000000000336e-01
9.405999999999999917e-01 9.502000000000000446e-01
9.405000000000000027e-01 9.503000000000000336e-01
9.405000000000000027e-01 9.498999999999999666e-01
9.404000000000000137e-01 9.504000000000000226e-01
9.404000000000000137e-01 9.505000000000000115e-01
9.404000000000000137e-01 9.503000000000000336e-01
9.404000000000000137e-01 9.503000000000000336e-01
9.404000000000000137e-01 9.506999999999999895e-01
9.405000000000000027e-01 9.505000000000000115e-01
9.405000000000000027e-01 9.512000000000000455e-01
9.404000000000000137e-01 9.506999999999999895e-01
9.404000000000000137e-01 9.506999999999999895e-01
9.405000000000000027e-01 9.508999999999999675e-01
9.404000000000000137e-01 9.508999999999999675e-01
9.405000000000000027e-01 9.509999999999999565e-01
9.405000000000000027e-01 9.508999999999999675e-01
9.405000000000000027e-01 9.507999999999999785e-01
9.405000000000000027e-01 9.506999999999999895e-01
9.405000000000000027e-01 9.505000000000000115e-01
9.405000000000000027e-01 9.510999999999999455e-01
9.405000000000000027e-01 9.506999999999999895e-01
9.405000000000000027e-01 9.508999999999999675e-01
9.405000000000000027e-01 9.509999999999999565e-01
9.405000000000000027e-01 9.510999999999999455e-01
9.405000000000000027e-01 9.502000000000000446e-01
9.405000000000000027e-01 9.506999999999999895e-01
9.405000000000000027e-01 9.502000000000000446e-01
9.405000000000000027e-01 9.503000000000000336e-01
9.405000000000000027e-01 9.502000000000000446e-01
9.405000000000000027e-01 9.503000000000000336e-01
9.405000000000000027e-01 9.500999999999999446e-01
9.405000000000000027e-01 9.497999999999999776e-01
9.405000000000000027e-01 9.496999999999999886e-01
9.405000000000000027e-01 9.496999999999999886e-01
9.405000000000000027e-01 9.497999999999999776e-01
9.405000000000000027e-01 9.497999999999999776e-01
9.405999999999999917e-01 9.498999999999999666e-01
9.405999999999999917e-01 9.496999999999999886e-01
9.405999999999999917e-01 9.498999999999999666e-01
9.405999999999999917e-01 9.494000000000000217e-01
9.405999999999999917e-01 9.495999999999999996e-01
9.405999999999999917e-01 9.495999999999999996e-01
9.405000000000000027e-01 9.499999999999999556e-01
9.405000000000000027e-01 9.503000000000000336e-01
9.405000000000000027e-01 9.505000000000000115e-01
9.405000000000000027e-01 9.502000000000000446e-01
9.405000000000000027e-01 9.500999999999999446e-01
9.405000000000000027e-01 9.498999999999999666e-01
9.405000000000000027e-01 9.502000000000000446e-01
9.405000000000000027e-01 9.506999999999999895e-01
9.405000000000000027e-01 9.506000000000000005e-01
9.405000000000000027e-01 9.505000000000000115e-01
9.405000000000000027e-01 9.502000000000000446e-01
9.405000000000000027e-01 9.502000000000000446e-01
9.405000000000000027e-01 9.498999999999999666e-01
9.405000000000000027e-01 9.499999999999999556e-01
9.405000000000000027e-01 9.504000000000000226e-01
9.405000000000000027e-01 9.493000000000000327e-01
9.405000000000000027e-01 9.496999999999999886e-01
9.405000000000000027e-01 9.496999999999999886e-01
9.405000000000000027e-01 9.505000000000000115e-01
9.405000000000000027e-01 9.502000000000000446e-01
9.405000000000000027e-01 9.499999999999999556e-01
9.405000000000000027e-01 9.502000000000000446e-01
9.405000000000000027e-01 9.500999999999999446e-01
9.405000000000000027e-01 9.499999999999999556e-01
9.405000000000000027e-01 9.502000000000000446e-01
9.405999999999999917e-01 9.503000000000000336e-01
9.405999999999999917e-01 9.499999999999999556e-01
9.405999999999999917e-01 9.498999999999999666e-01
9.405999999999999917e-01 9.497999999999999776e-01
9.405999999999999917e-01 9.498999999999999666e-01
9.405999999999999917e-01 9.498999999999999666e-01
9.405999999999999917e-01 9.502000000000000446e-01
9.405999999999999917e-01 9.504000000000000226e-01
9.405999999999999917e-01 9.496999999999999886e-01
9.405999999999999917e-01 9.495999999999999996e-01
9.405999999999999917e-01 9.500999999999999446e-01
9.405000000000000027e-01 9.499999999999999556e-01
9.405000000000000027e-01 9.498999999999999666e-01
9.405000000000000027e-01 9.504000000000000226e-01
9.405000000000000027e-01 9.502000000000000446e-01
9.405000000000000027e-01 9.499999999999999556e-01
9.405000000000000027e-01 9.495000000000000107e-01
9.405000000000000027e-01 9.498999999999999666e-01
9.405000000000000027e-01 9.493000000000000327e-01
9.405000000000000027e-01 9.499999999999999556e-01
9.405000000000000027e-01 9.497999999999999776e-01
9.405000000000000027e-01 9.495999999999999996e-01
9.405000000000000027e-01 9.499999999999999556e-01
9.405000000000000027e-01 9.496999999999999886e-01
9.405000000000000027e-01 9.502000000000000446e-01
9.405000000000000027e-01 9.502000000000000446e-01
9.405000000000000027e-01 9.505000000000000115e-01
9.405999999999999917e-01 9.497999999999999776e-01
9.405999999999999917e-01 9.496999999999999886e-01
9.405000000000000027e-01 9.495999999999999996e-01
9.407999999999999696e-01 9.497999999999999776e-01
9.406999999999999806e-01 9.495000000000000107e-01
9.406999999999999806e-01 9.494000000000000217e-01
9.406999999999999806e-01 9.499999999999999556e-01
9.406999999999999806e-01 9.497999999999999776e-01
9.406999999999999806e-01 9.495000000000000107e-01
9.406999999999999806e-01 9.495999999999999996e-01
9.407999999999999696e-01 9.493000000000000327e-01
9.407999999999999696e-01 9.495999999999999996e-01
9.407999999999999696e-01 9.495000000000000107e-01
9.407999999999999696e-01 9.497999999999999776e-01
9.408999999999999586e-01 9.495999999999999996e-01
9.408999999999999586e-01 9.494000000000000217e-01
9.408999999999999586e-01 9.496999999999999886e-01
9.408999999999999586e-01 9.498999999999999666e-01
9.408999999999999586e-01 9.499999999999999556e-01
9.408999999999999586e-01 9.498999999999999666e-01
9.408999999999999586e-01 9.495999999999999996e-01
9.408999999999999586e-01 9.491000000000000547e-01
9.408999999999999586e-01 9.498999999999999666e-01
9.408999999999999586e-01 9.496999999999999886e-01
9.408999999999999586e-01 9.497999999999999776e-01
9.408999999999999586e-01 9.496999999999999886e-01
9.408999999999999586e-01 9.500999999999999446e-01
9.407999999999999696e-01 9.498999999999999666e-01
9.407999999999999696e-01 9.500999999999999446e-01
9.408999999999999586e-01 9.499999999999999556e-01
9.407999999999999696e-01 9.500999999999999446e-01
9.408999999999999586e-01 9.496999999999999886e-01
9.408999999999999586e-01 9.502000000000000446e-01
9.408999999999999586e-01 9.499999999999999556e-01
9.409999999999999476e-01 9.497999999999999776e-01
9.409999999999999476e-01 9.495000000000000107e-01
9.408999999999999586e-01 9.493000000000000327e-01
9.408999999999999586e-01 9.491000000000000547e-01
9.408999999999999586e-01 9.491000000000000547e-01
9.408999999999999586e-01 9.491000000000000547e-01
9.408999999999999586e-01 9.494000000000000217e-01
9.407999999999999696e-01 9.492000000000000437e-01
9.408999999999999586e-01 9.493000000000000327e-01
9.408999999999999586e-01 9.488999999999999657e-01
9.408999999999999586e-01 9.486999999999999877e-01
9.408999999999999586e-01 9.488999999999999657e-01
9.408999999999999586e-01 9.489999999999999547e-01
9.408999999999999586e-01 9.488999999999999657e-01
9.408999999999999586e-01 9.491000000000000547e-01
9.408999999999999586e-01 9.496999999999999886e-01
9.409999999999999476e-01 9.496999999999999886e-01
9.409999999999999476e-01 9.493000000000000327e-01
9.409999999999999476e-01 9.492000000000000437e-01
9.409999999999999476e-01 9.487999999999999767e-01
9.409999999999999476e-01 9.492000000000000437e-01
9.409999999999999476e-01 9.494000000000000217e-01
9.409999999999999476e-01 9.496999999999999886e-01
9.408999999999999586e-01 9.495999999999999996e-01
9.409999999999999476e-01 9.495000000000000107e-01
9.409999999999999476e-01 9.497999999999999776e-01
9.409999999999999476e-01 9.494000000000000217e-01
9.409999999999999476e-01 9.496999999999999886e-01
9.409999999999999476e-01 9.495999999999999996e-01
9.409999999999999476e-01 9.495000000000000107e-01
9.409999999999999476e-01 9.496999999999999886e-01
9.409999999999999476e-01 9.495999999999999996e-01
9.409999999999999476e-01 9.495000000000000107e-01
9.409999999999999476e-01 9.497999999999999776e-01
9.409999999999999476e-01 9.496999999999999886e-01
9.409999999999999476e-01 9.495999999999999996e-01
9.409999999999999476e-01 9.495000000000000107e-01
9.409999999999999476e-01 9.495000000000000107e-01
9.409999999999999476e-01 9.494000000000000217e-01
9.409999999999999476e-01 9.496999999999999886e-01
9.409999999999999476e-01 9.493000000000000327e-01
9.409999999999999476e-01 9.486999999999999877e-01
9.409999999999999476e-01 9.488999999999999657e-01
9.409999999999999476e-01 9.495999999999999996e-01
9.409999999999999476e-01 9.491000000000000547e-01
9.409999999999999476e-01 9.489999999999999547e-01
9.409999999999999476e-01 9.487999999999999767e-01
9.409999999999999476e-01 9.484000000000000208e-01
9.409999999999999476e-01 9.485000000000000098e-01
9.409999999999999476e-01 9.482000000000000428e-01
9.409999999999999476e-01 9.483000000000000318e-01
9.409999999999999476e-01 9.479999999999999538e-01
9.409999999999999476e-01 9.477999999999999758e-01
9.411000000000000476e-01 9.483000000000000318e-01
9.411000000000000476e-01 9.484000000000000208e-01
9.411000000000000476e-01 9.483000000000000318e-01
9.412000000000000366e-01 9.487999999999999767e-01
9.412000000000000366e-01 9.484000000000000208e-01
9.412000000000000366e-01 9.485999999999999988e-01
9.411000000000000476e-01 9.485000000000000098e-01
9.411000000000000476e-01 9.484000000000000208e-01
9.411000000000000476e-01 9.484000000000000208e-01
9.411000000000000476e-01 9.483000000000000318e-01
9.411000000000000476e-01 9.484000000000000208e-01
9.411000000000000476e-01 9.487999999999999767e-01
9.411000000000000476e-01 9.484000000000000208e-01
9.411000000000000476e-01 9.485000000000000098e-01
9.409999999999999476e-01 9.484000000000000208e-01
9.408999999999999586e-01 9.485000000000000098e-01
9.409999999999999476e-01 9.491000000000000547e-01
9.408999999999999586e-01 9.488999999999999657e-01
9.409999999999999476e-01 9.484000000000000208e-01
9.409999999999999476e-01 9.485999999999999988e-01
9.409999999999999476e-01 9.484000000000000208e-01
9.411000000000000476e-01 9.485999999999999988e-01
9.408999999999999586e-01 9.477999999999999758e-01
9.408999999999999586e-01 9.479999999999999538e-01
9.407999999999999696e-01 9.482000000000000428e-01
9.407999999999999696e-01 9.485000000000000098e-01
9.407999999999999696e-01 9.484000000000000208e-01
9.407999999999999696e-01 9.485999999999999988e-01
9.407999999999999696e-01 9.485999999999999988e-01
9.408999999999999586e-01 9.487999999999999767e-01
9.409999999999999476e-01 9.483000000000000318e-01
9.409999999999999476e-01 9.484000000000000208e-01
9.409999999999999476e-01 9.483000000000000318e-01
9.409999999999999476e-01 9.492000000000000437e-01
9.411000000000000476e-01 9.488999999999999657e-01
9.409999999999999476e-01 9.486999999999999877e-01
9.409999999999999476e-01 9.485999999999999988e-01
9.409999999999999476e-01 9.482000000000000428e-01
9.409999999999999476e-01 9.479999999999999538e-01
9.409999999999999476e-01 9.479999999999999538e-01
9.409999999999999476e-01 9.483000000000000318e-01
9.409999999999999476e-01 9.485999999999999988e-01
9.409999999999999476e-01 9.482000000000000428e-01
9.408999999999999586e-01 9.485000000000000098e-01
9.408999999999999586e-01 9.488999999999999657e-01
9.408999999999999586e-01 9.486999999999999877e-01
9.408999999999999586e-01 9.486999999999999877e-01
9.408999999999999586e-01 9.483000000000000318e-01
9.408999999999999586e-01 9.479999999999999538e-01
9.408999999999999586e-01 9.488999999999999657e-01
9.408999999999999586e-01 9.487999999999999767e-01
9.408999999999999586e-01 9.489999999999999547e-01
9.408999999999999586e-01 9.483000000000000318e-01
9.408999999999999586e-01 9.485000000000000098e-01
9.408999999999999586e-01 9.485999999999999988e-01
9.408999999999999586e-01 9.487999999999999767e-01
9.408999999999999586e-01 9.485999999999999988e-01
9.408999999999999586e-01 9.483000000000000318e-01
9.407999999999999696e-01 9.487999999999999767e-01
9.407999999999999696e-01 9.488999999999999657e-01
9.407999999999999696e-01 9.489999999999999547e-01
9.407999999999999696e-01 9.493000000000000327e-01
9.407999999999999696e-01 9.495000000000000107e-01
9.407999999999999696e-01 9.495000000000000107e-01
9.407999999999999696e-01 9.496999999999999886e-01
9.407999999999999696e-01 9.494000000000000217e-01
9.407999999999999696e-01 9.495000000000000107e-01
9.407999999999999696e-01 9.492000000000000437e-01
9.407999999999999696e-01 9.485000000000000098e-01
9.406999999999999806e-01 9.485999999999999988e-01
9.406999999999999806e-01 9.488999999999999657e-01
9.407999999999999696e-01 9.491000000000000547e-01
9.406999999999999806e-01 9.485000000000000098e-01
9.405000000000000027e-01 9.485000000000000098e-01
9.405999999999999917e-01 9.485000000000000098e-01
9.405999999999999917e-01 9.485999999999999988e-01
9.405999999999999917e-01 9.479999999999999538e-01
9.405999999999999917e-01 9.478999999999999648e-01
9.405999999999999917e-01 9.484000000000000208e-01
9.405999999999999917e-01 9.485000000000000098e-01
9.405000000000000027e-01 9.478999999999999648e-01
9.405999999999999917e-01 9.483000000000000318e-01
9.405999999999999917e-01 9.485000000000000098e-01
9.405999999999999917e-01 9.485000000000000098e-01
9.405000000000000027e-01 9.482000000000000428e-01
9.405000000000000027e-01 9.483000000000000318e-01
9.405000000000000027e-01 9.482000000000000428e-01
9.405000000000000027e-01 9.476999999999999869e-01
9.405000000000000027e-01 9.478999999999999648e-01
9.405000000000000027e-01 9.481000000000000538e-01
9.405000000000000027e-01 9.479999999999999538e-01
9.405000000000000027e-01 9.476999999999999869e-01
9.405000000000000027e-01 9.479999999999999538e-01
9.405000000000000027e-01 9.476999999999999869e-01
9.405000000000000027e-01 9.481000000000000538e-01
9.405000000000000027e-01 9.478999999999999648e-01
9.405999999999999917e-01 9.475000000000000089e-01
9.405999999999999917e-01 9.475999999999999979e-01
9.406999999999999806e-01 9.474000000000000199e-01
9.406999999999999806e-01 9.473000000000000309e-01
9.405999999999999917e-01 9.476999999999999869e-01
9.405000000000000027e-01 9.476999999999999869e-01
9.405000000000000027e-01 9.476999999999999869e-01
9.405000000000000027e-01 9.479999999999999538e-01
9.405000000000000027e-01 9.478999999999999648e-01
9.405000000000000027e-01 9.479999999999999538e-01
9.404000000000000137e-01 9.479999999999999538e-01
9.404000000000000137e-01 9.477999999999999758e-01
9.404000000000000137e-01 9.478999999999999648e-01
9.404000000000000137e-01 9.479999999999999538e-01
9.404000000000000137e-01 9.478999999999999648e-01
9.404000000000000137e-01 9.478999999999999648e-01
9.404000000000000137e-01 9.476999999999999869e-01
9.404000000000000137e-01 9.477999999999999758e-01
9.404000000000000137e-01 9.475999999999999979e-01
9.404000000000000137e-01 9.476999999999999869e-01
9.404000000000000137e-01 9.481000000000000538e-01
9.404000000000000137e-01 9.476999999999999869e-01
9.404000000000000137e-01 9.479999999999999538e-01
9.404000000000000137e-01 9.484000000000000208e-01
9.404000000000000137e-01 9.482000000000000428e-01
9.404000000000000137e-01 9.479999999999999538e-01
9.404000000000000137e-01 9.481000000000000538e-01
9.404000000000000137e-01 9.476999999999999869e-01
9.404000000000000137e-01 9.484000000000000208e-01
9.404000000000000137e-01 9.484000000000000208e-01
9.404000000000000137e-01 9.482000000000000428e-01
9.404000000000000137e-01 9.481000000000000538e-01
9.404000000000000137e-01 9.481000000000000538e-01
9.404000000000000137e-01 9.485000000000000098e-01
9.404000000000000137e-01 9.483000000000000318e-01
9.404000000000000137e-01 9.479999999999999538e-01
9.403000000000000247e-01 9.481000000000000538e-01
9.403000000000000247e-01 9.477999999999999758e-01
9.403000000000000247e-01 9.486999999999999877e-01
9.404000000000000137e-01 9.483000000000000318e-01
9.404000000000000137e-01 9.472000000000000419e-01
9.404000000000000137e-01 9.477999999999999758e-01
9.404000000000000137e-01 9.476999999999999869e-01
9.404000000000000137e-01 9.474000000000000199e-01
9.404000000000000137e-01 9.479999999999999538e-01
9.404000000000000137e-01 9.482000000000000428e-01
9.405000000000000027e-01 9.479999999999999538e-01
9.405000000000000027e-01 9.478999999999999648e-01
9.405000000000000027e-01 9.476999999999999869e-01
9.405999999999999917e-01 9.474000000000000199e-01
9.404000000000000137e-01 9.475999999999999979e-01
9.403000000000000247e-01 9.475999999999999979e-01
9.403000000000000247e-01 9.475999999999999979e-01
9.403000000000000247e-01 9.479999999999999538e-01
9.404000000000000137e-01 9.479999999999999538e-01
9.403000000000000247e-01 9.483000000000000318e-01
9.403000000000000247e-01 9.479999999999999538e-01
9.403000000000000247e-01 9.476999999999999869e-01
9.403000000000000247e-01 9.476999999999999869e-01
9.403000000000000247e-01 9.482000000000000428e-01
9.403000000000000247e-01 9.475999999999999979e-01
9.402000000000000357e-01 9.481000000000000538e-01
9.402000000000000357e-01 9.477999999999999758e-01
9.403000000000000247e-01 9.479999999999999538e-01
9.403000000000000247e-01 9.485000000000000098e-01
9.403000000000000247e-01 9.486999999999999877e-01
9.403000000000000247e-01 9.484000000000000208e-01
9.403000000000000247e-01 9.484000000000000208e-01
9.403000000000000247e-01 9.478999999999999648e-01
9.403000000000000247e-01 9.483000000000000318e-01
9.405000000000000027e-01 9.488999999999999657e-01
9.404000000000000137e-01 9.482000000000000428e-01
9.404000000000000137e-01 9.484000000000000208e-01
9.404000000000000137e-01 9.481000000000000538e-01
9.403000000000000247e-01 9.475999999999999979e-01
9.403000000000000247e-01 9.476999999999999869e-01
9.402000000000000357e-01 9.473000000000000309e-01
9.403000000000000247e-01 9.477999999999999758e-01
9.403000000000000247e-01 9.477999999999999758e-01
9.402000000000000357e-01 9.479999999999999538e-01
9.403000000000000247e-01 9.477999999999999758e-01
9.404000000000000137e-01 9.479999999999999538e-01
9.404000000000000137e-01 9.485999999999999988e-01
9.404000000000000137e-01 9.486999999999999877e-01
9.404000000000000137e-01 9.484000000000000208e-01
9.404000000000000137e-01 9.481000000000000538e-01
9.404000000000000137e-01 9.483000000000000318e-01
9.404000000000000137e-01 9.487999999999999767e-01
9.404000000000000137e-01 9.485999999999999988e-01
9.404000000000000137e-01 9.489999999999999547e-01
9.404000000000000137e-01 9.485000000000000098e-01
9.403000000000000247e-01 9.483000000000000318e-01
9.404000000000000137e-01 9.482000000000000428e-01
9.404000000000000137e-01 9.476999999999999869e-01
9.405000000000000027e-01 9.478999999999999648e-01
9.402000000000000357e-01 9.475999999999999979e-01
9.402000000000000357e-01 9.479999999999999538e-01
9.402000000000000357e-01 9.479999999999999538e-01
9.402000000000000357e-01 9.479999999999999538e-01
9.402000000000000357e-01 9.478999999999999648e-01
9.402000000000000357e-01 9.477999999999999758e-01
9.403000000000000247e-01 9.475000000000000089e-01
9.404000000000000137e-01 9.478999999999999648e-01
9.404000000000000137e-01 9.485999999999999988e-01
9.404000000000000137e-01 9.493000000000000327e-01
9.404000000000000137e-01 9.495000000000000107e-01
9.404000000000000137e-01 9.488999999999999657e-01
9.404000000000000137e-01 9.488999999999999657e-01
9.404000000000000137e-01 9.489999999999999547e-01
9.404000000000000137e-01 9.484000000000000208e-01
9.404000000000000137e-01 9.488999999999999657e-01
9.404000000000000137e-01 9.487999999999999767e-01
9.404000000000000137e-01 9.489999999999999547e-01
9.405000000000000027e-01 9.485999999999999988e-01
9.404000000000000137e-01 9.485999999999999988e-01
9.404000000000000137e-01 9.488999999999999657e-01
9.405000000000000027e-01 9.492000000000000437e-01
9.405000000000000027e-01 9.494000000000000217e-01
9.405000000000000027e-01 9.495999999999999996e-01
9.404000000000000137e-01 9.497999999999999776e-01
9.404000000000000137e-01 9.495999999999999996e-01
9.404000000000000137e-01 9.498999999999999666e-01
9.404000000000000137e-01 9.500999999999999446e-01
9.404000000000000137e-01 9.493000000000000327e-01
9.405000000000000027e-01 9.496999999999999886e-01
9.405999999999999917e-01 9.497999999999999776e-01
9.406999999999999806e-01 9.494000000000000217e-01
9.406999999999999806e-01 9.495999999999999996e-01
9.406999999999999806e-01 9.497999999999999776e-01
9.406999999999999806e-01 9.497999999999999776e-01
9.406999999999999806e-01 9.496999999999999886e-01
9.406999999999999806e-01 9.498999999999999666e-01
9.406999999999999806e-01 9.488999999999999657e-01
9.406999999999999806e-01 9.495999999999999996e-01
9.406999999999999806e-01 9.495999999999999996e-01
9.406999999999999806e-01 9.495999999999999996e-01
9.406999999999999806e-01 9.500999999999999446e-01
9.406999999999999806e-01 9.495999999999999996e-01
9.406999999999999806e-01 9.492000000000000437e-01
9.406999999999999806e-01 9.495999999999999996e-01
9.406999999999999806e-01 9.493000000000000327e-01
9.406999999999999806e-01 9.493000000000000327e-01
9.406999999999999806e-01 9.495000000000000107e-01
9.406999999999999806e-01 9.495999999999999996e-01
9.406999999999999806e-01 9.496999999999999886e-01
9.406999999999999806e-01 9.495000000000000107e-01
9.406999999999999806e-01 9.500999999999999446e-01
9.406999999999999806e-01 9.495999999999999996e-01
9.406999999999999806e-01 9.495000000000000107e-01
9.406999999999999806e-01 9.496999999999999886e-01
9.406999999999999806e-01 9.495000000000000107e-01
9.406999999999999806e-01 9.496999999999999886e-01
9.406999999999999806e-01 9.495999999999999996e-01
9.406999999999999806e-01 9.497999999999999776e-01
9.406999999999999806e-01 9.499999999999999556e-01
9.406999999999999806e-01 9.495000000000000107e-01
9.406999999999999806e-01 9.495000000000000107e-01
9.406999999999999806e-01 9.495999999999999996e-01
9.407999999999999696e-01 9.494000000000000217e-01
9.407999999999999696e-01 9.491000000000000547e-01
9.407999999999999696e-01 9.494000000000000217e-01
9.406999999999999806e-01 9.495000000000000107e-01
9.407999999999999696e-01 9.492000000000000437e-01
9.407999999999999696e-01 9.497999999999999776e-01
9.407999999999999696e-01 9.495000000000000107e-01
9.407999999999999696e-01 9.495999999999999996e-01
9.406999999999999806e-01 9.495999999999999996e-01
9.405999999999999917e-01 9.492000000000000437e-01
9.405999999999999917e-01 9.487999999999999767e-01
9.406999999999999806e-01 9.485999999999999988e-01
9.406999999999999806e-01 9.485000000000000098e-01
9.405999999999999917e-01 9.483000000000000318e-01
9.405999999999999917e-01 9.488999999999999657e-01
9.406999999999999806e-01 9.492000000000000437e-01
9.406999999999999806e-01 9.491000000000000547e-01
9.406999999999999806e-01 9.491000000000000547e-01
9.406999999999999806e-01 9.499999999999999556e-01
9.406999999999999806e-01 9.500999999999999446e-01
9.406999999999999806e-01 9.499999999999999556e-01
9.406999999999999806e-01 9.502000000000000446e-01
9.406999999999999806e-01 9.499999999999999556e-01
9.406999999999999806e-01 9.506000000000000005e-01
9.406999999999999806e-01 9.505000000000000115e-01
9.406999999999999806e-01 9.505000000000000115e-01
9.406999999999999806e-01 9.498999999999999666e-01
9.406999999999999806e-01 9.499999999999999556e-01
9.406999999999999806e-01 9.500999999999999446e-01
9.406999999999999806e-01 9.497999999999999776e-01
9.405999999999999917e-01 9.499999999999999556e-01
9.405999999999999917e-01 9.493000000000000327e-01
9.405999999999999917e-01 9.495000000000000107e-01
9.405999999999999917e-01 9.498999999999999666e-01
9.405999999999999917e-01 9.495000000000000107e-01
9.405999999999999917e-01 9.498999999999999666e-01
9.405999999999999917e-01 9.494000000000000217e-01
9.405000000000000027e-01 9.493000000000000327e-01
9.405999999999999917e-01 9.493000000000000327e-01
9.405999999999999917e-01 9.502000000000000446e-01
9.405999999999999917e-01 9.504000000000000226e-01
9.405999999999999917e-01 9.504000000000000226e-01
9.405999999999999917e-01 9.502000000000000446e-01
9.406999999999999806e-01 9.503000000000000336e-01
9.407999999999999696e-01 9.504000000000000226e-01
9.406999999999999806e-01 9.503000000000000336e-01
9.406999999999999806e-01 9.504000000000000226e-01
9.405999999999999917e-01 9.506000000000000005e-01
9.405999999999999917e-01 9.512000000000000455e-01
9.405999999999999917e-01 9.507999999999999785e-01
9.406999999999999806e-01 9.505000000000000115e-01
9.405999999999999917e-01 9.507999999999999785e-01
9.405000000000000027e-01 9.506000000000000005e-01
9.406999999999999806e-01 9.506999999999999895e-01
9.405999999999999917e-01 9.500999999999999446e-01
9.406999999999999806e-01 9.507999999999999785e-01
9.407999999999999696e-01 9.504000000000000226e-01
9.405999999999999917e-01 9.503000000000000336e-01
9.406999999999999806e-01 9.508999999999999675e-01
9.406999999999999806e-01 9.509999999999999565e-01
9.406999999999999806e-01 9.507999999999999785e-01
9.406999999999999806e-01 9.506000000000000005e-01
9.406999999999999806e-01 9.503000000000000336e-01
9.406999999999999806e-01 9.506000000000000005e-01
9.406999999999999806e-01 9.507999999999999785e-01
9.406999999999999806e-01 9.505000000000000115e-01
9.406999999999999806e-01 9.508999999999999675e-01
9.406999999999999806e-01 9.510999999999999455e-01
9.406999999999999806e-01 9.507999999999999785e-01
9.406999999999999806e-01 9.503000000000000336e-01
9.406999999999999806e-01 9.506000000000000005e-01
9.406999999999999806e-01 9.506999999999999895e-01
9.406999999999999806e-01 9.504000000000000226e-01
9.406999999999999806e-01 9.504000000000000226e-01
9.406999999999999806e-01 9.506000000000000005e-01
9.405999999999999917e-01 9.503000000000000336e-01
9.405999999999999917e-01 9.503000000000000336e-01
9.405999999999999917e-01 9.499999999999999556e-01
9.405999999999999917e-01 9.506999999999999895e-01
9.405999999999999917e-01 9.505000000000000115e-01
9.405999999999999917e-01 9.506000000000000005e-01
9.405999999999999917e-01 9.503000000000000336e-01
9.406999999999999806e-01 9.506999999999999895e-01
9.406999999999999806e-01 9.508999999999999675e-01
9.406999999999999806e-01 9.505000000000000115e-01
9.406999999999999806e-01 9.505000000000000115e-01
9.406999999999999806e-01 9.506000000000000005e-01
9.406999999999999806e-01 9.506000000000000005e-01
9.406999999999999806e-01 9.502000000000000446e-01
9.406999999999999806e-01 9.498999999999999666e-01
9.406999999999999806e-01 9.499999999999999556e-01
9.406999999999999806e-01 9.497999999999999776e-01
9.408999999999999586e-01 9.497999999999999776e-01
9.408999999999999586e-01 9.496999999999999886e-01
9.407999999999999696e-01 9.492000000000000437e-01
9.407999999999999696e-01 9.498999999999999666e-01
9.406999999999999806e-01 9.499999999999999556e-01
9.407999999999999696e-01 9.503000000000000336e-01
9.407999999999999696e-01 9.506999999999999895e-01
9.407999999999999696e-01 9.502000000000000446e-01
9.407999999999999696e-01 9.498999999999999666e-01
9.407999999999999696e-01 9.495999999999999996e-01
9.407999999999999696e-01 9.495999999999999996e-01
9.407999999999999696e-01 9.495999999999999996e-01
9.406999999999999806e-01 9.489999999999999547e-01
9.406999999999999806e-01 9.497999999999999776e-01
9.406999999999999806e-01 9.492000000000000437e-01
9.406999999999999806e-01 9.491000000000000547e-01
9.406999999999999806e-01 9.493000000000000327e-01
9.406999999999999806e-01 9.493000000000000327e-01
9.406999999999999806e-01 9.493000000000000327e-01
9.406999999999999806e-01 9.495999999999999996e-01
9.406999999999999806e-01 9.495999999999999996e-01
9.406999999999999806e-01 9.496999999999999886e-01
9.406999999999999806e-01 9.498999999999999666e-01
9.405999999999999917e-01 9.498999999999999666e-01
9.405999999999999917e-01 9.499999999999999556e-01
9.406999999999999806e-01 9.499999999999999556e-01
9.405999999999999917e-01 9.495999999999999996e-01
9.406999999999999806e-01 9.497999999999999776e-01
9.405999999999999917e-01 9.495000000000000107e-01
9.406999999999999806e-01 9.498999999999999666e-01
9.405999999999999917e-01 9.496999999999999886e-01
9.407999999999999696e-01 9.497999999999999776e-01
9.406999999999999806e-01 9.497999999999999776e-01
9.406999999999999806e-01 9.497999999999999776e-01
9.406999999999999806e-01 9.495000000000000107e-01
9.406999999999999806e-01 9.493000000000000327e-01
9.406999999999999806e-01 9.498999999999999666e-01
9.406999999999999806e-01 9.495000000000000107e-01
9.406999999999999806e-01 9.495000000000000107e-01
9.406999999999999806e-01 9.496999999999999886e-01
9.405999999999999917e-01 9.495999999999999996e-01
9.405999999999999917e-01 9.502000000000000446e-01
9.405000000000000027e-01 9.504000000000000226e-01
9.404000000000000137e-01 9.498999999999999666e-01
9.404000000000000137e-01 9.500999999999999446e-01
9.404000000000000137e-01 9.497999999999999776e-01
9.404000000000000137e-01 9.495999999999999996e-01
9.404000000000000137e-01 9.493000000000000327e-01
9.404000000000000137e-01 9.494000000000000217e-01
9.404000000000000137e-01 9.493000000000000327e-01
9.404000000000000137e-01 9.493000000000000327e-01
9.404000000000000137e-01 9.491000000000000547e-01
9.404000000000000137e-01 9.494000000000000217e-01
9.403000000000000247e-01 9.495999999999999996e-01
9.403000000000000247e-01 9.492000000000000437e-01
9.403000000000000247e-01 9.494000000000000217e-01
9.403000000000000247e-01 9.493000000000000327e-01
9.403000000000000247e-01 9.495000000000000107e-01
9.403000000000000247e-01 9.494000000000000217e-01
9.403000000000000247e-01 9.498999999999999666e-01
9.403000000000000247e-01 9.495999999999999996e-01
9.403000000000000247e-01 9.497999999999999776e-01
9.403000000000000247e-01 9.502000000000000446e-01
9.403000000000000247e-01 9.498999999999999666e-01
9.403000000000000247e-01 9.495000000000000107e-01
9.403000000000000247e-01 9.495999999999999996e-01
9.404000000000000137e-01 9.495000000000000107e-01
9.404000000000000137e-01 9.495999999999999996e-01
9.404000000000000137e-01 9.495000000000000107e-01
9.403000000000000247e-01 9.493000000000000327e-01
9.402000000000000357e-01 9.495999999999999996e-01
9.402000000000000357e-01 9.498999999999999666e-01
9.402000000000000357e-01 9.502000000000000446e-01
9.402000000000000357e-01 9.505000000000000115e-01
9.402000000000000357e-01 9.497999999999999776e-01
9.402000000000000357e-01 9.500999999999999446e-01
9.402000000000000357e-01 9.502000000000000446e-01
9.402000000000000357e-01 9.498999999999999666e-01
9.402000000000000357e-01 9.499999999999999556e-01
9.401000000000000467e-01 9.500999999999999446e-01
9.402000000000000357e-01 9.500999999999999446e-01
9.403000000000000247e-01 9.499999999999999556e-01
9.403000000000000247e-01 9.504000000000000226e-01
9.403000000000000247e-01 9.498999999999999666e-01
9.403000000000000247e-01 9.495999999999999996e-01
9.403000000000000247e-01 9.496999999999999886e-01
9.403000000000000247e-01 9.494000000000000217e-01
9.402000000000000357e-01 9.496999999999999886e-01
9.402000000000000357e-01 9.500999999999999446e-01
9.402000000000000357e-01 9.496999999999999886e-01
9.402000000000000357e-01 9.495999999999999996e-01
9.402000000000000357e-01 9.493000000000000327e-01
9.402000000000000357e-01 9.495999999999999996e-01
9.402000000000000357e-01 9.498999999999999666e-01
9.402000000000000357e-01 9.495000000000000107e-01
9.402000000000000357e-01 9.497999999999999776e-01
9.402000000000000357e-01 9.495000000000000107e-01
9.402000000000000357e-01 9.494000000000000217e-01
9.402000000000000357e-01 9.494000000000000217e-01
9.402000000000000357e-01 9.495999999999999996e-01
9.402000000000000357e-01 9.495000000000000107e-01
9.402000000000000357e-01 9.499999999999999556e-01
9.402000000000000357e-01 9.495999999999999996e-01
9.402000000000000357e-01 9.496999999999999886e-01
9.402000000000000357e-01 9.494000000000000217e-01
9.402000000000000357e-01 9.493000000000000327e-01
9.402000000000000357e-01 9.493000000000000327e-01
9.402000000000000357e-01 9.495000000000000107e-01
9.403000000000000247e-01 9.495000000000000107e-01
9.403000000000000247e-01 9.498999999999999666e-01
9.403000000000000247e-01 9.495000000000000107e-01
9.403000000000000247e-01 9.496999999999999886e-01
9.403000000000000247e-01 9.496999999999999886e-01
9.403000000000000247e-01 9.497999999999999776e-01
9.403000000000000247e-01 9.495000000000000107e-01
9.403000000000000247e-01 9.497999999999999776e-01
9.403000000000000247e-01 9.498999999999999666e-01
9.403000000000000247e-01 9.499999999999999556e-01
9.403000000000000247e-01 9.503000000000000336e-01
9.403000000000000247e-01 9.500999999999999446e-01
9.403000000000000247e-01 9.498999999999999666e-01
9.403000000000000247e-01 9.493000000000000327e-01
9.403000000000000247e-01 9.495999999999999996e-01
9.403000000000000247e-01 9.495000000000000107e-01
9.402000000000000357e-01 9.494000000000000217e-01
9.403000000000000247e-01 9.495000000000000107e-01
9.403000000000000247e-01 9.494000000000000217e-01
9.403000000000000247e-01 9.494000000000000217e-01
9.403000000000000247e-01 9.491000000000000547e-01
9.403000000000000247e-01 9.493000000000000327e-01
9.403000000000000247e-01 9.495999999999999996e-01
9.403000000000000247e-01 9.493000000000000327e-01
9.403000000000000247e-01 9.493000000000000327e-01
9.403000000000000247e-01 9.494000000000000217e-01
9.403000000000000247e-01 9.495999999999999996e-01
9.402000000000000357e-01 9.497999999999999776e-01
9.402000000000000357e-01 9.496999999999999886e-01
9.402000000000000357e-01 9.495999999999999996e-01
9.402000000000000357e-01 9.504000000000000226e-01
9.403000000000000247e-01 9.502000000000000446e-01
9.403000000000000247e-01 9.503000000000000336e-01
9.403000000000000247e-01 9.502000000000000446e-01
9.403000000000000247e-01 9.505000000000000115e-01
9.403000000000000247e-01 9.510999999999999455e-01
9.403000000000000247e-01 9.506000000000000005e-01
9.403000000000000247e-01 9.506999999999999895e-01
9.403000000000000247e-01 9.505000000000000115e-01
9.403000000000000247e-01 9.505000000000000115e-01
9.402000000000000357e-01 9.504000000000000226e-01
9.402000000000000357e-01 9.506000000000000005e-01
9.402000000000000357e-01 9.506000000000000005e-01
9.402000000000000357e-01 9.498999999999999666e-01
9.403000000000000247e-01 9.499999999999999556e-01
9.403000000000000247e-01 9.498999999999999666e-01
9.401000000000000467e-01 9.499999999999999556e-01
9.403000000000000247e-01 9.502000000000000446e-01
9.403000000000000247e-01 9.498999999999999666e-01
9.404000000000000137e-01 9.504000000000000226e-01
9.402000000000000357e-01 9.506999999999999895e-01
9.404000000000000137e-01 9.500999999999999446e-01
9.404000000000000137e-01 9.499999999999999556e-01
9.405000000000000027e-01 9.500999999999999446e-01
9.405000000000000027e-01 9.500999999999999446e-01
9.405000000000000027e-01 9.500999999999999446e-01
9.404000000000000137e-01 9.500999999999999446e-01
9.404000000000000137e-01 9.500999999999999446e-01
9.404000000000000137e-01 9.499999999999999556e-01
9.404000000000000137e-01 9.497999999999999776e-01
9.404000000000000137e-01 9.504000000000000226e-01
9.404000000000000137e-01 9.500999999999999446e-01
9.404000000000000137e-01 9.505000000000000115e-01
9.404000000000000137e-01 9.504000000000000226e-01
9.404000000000000137e-01 9.496999999999999886e-01
9.404000000000000137e-01 9.499999999999999556e-01
9.404000000000000137e-01 9.503000000000000336e-01
9.403000000000000247e-01 9.500999999999999446e-01
9.403000000000000247e-01 9.502000000000000446e-01
9.403000000000000247e-01 9.500999999999999446e-01
9.403000000000000247e-01 9.498999999999999666e-01
9.403000000000000247e-01 9.502000000000000446e-01
9.403000000000000247e-01 9.500999999999999446e-01
9.403000000000000247e-01 9.503000000000000336e-01
9.403000000000000247e-01 9.504000000000000226e-01
9.403000000000000247e-01 9.499999999999999556e-01
9.403000000000000247e-01 9.497999999999999776e-01
9.403000000000000247e-01 9.500999999999999446e-01
9.403000000000000247e-01 9.495000000000000107e-01
9.403000000000000247e-01 9.497999999999999776e-01
9.403000000000000247e-01 9.495999999999999996e-01
9.403000000000000247e-01 9.500999999999999446e-01
9.403000000000000247e-01 9.502000000000000446e-01
9.403000000000000247e-01 9.495999999999999996e-01
9.403000000000000247e-01 9.493000000000000327e-01
9.403000000000000247e-01 9.493000000000000327e-01
9.403000000000000247e-01 9.488999999999999657e-01
9.403000000000000247e-01 9.492000000000000437e-01
9.403000000000000247e-01 9.495000000000000107e-01
9.403000000000000247e-01 9.493000000000000327e-01
9.403000000000000247e-01 9.493000000000000327e-01
9.403000000000000247e-01 9.497999999999999776e-01
9.404000000000000137e-01 9.492000000000000437e-01
9.404000000000000137e-01 9.491000000000000547e-01
9.403000000000000247e-01 9.498999999999999666e-01
9.404000000000000137e-01 9.499999999999999556e-01
9.404000000000000137e-01 9.498999999999999666e-01
9.404000000000000137e-01 9.495000000000000107e-01
9.404000000000000137e-01 9.495999999999999996e-01
9.404000000000000137e-01 9.495000000000000107e-01
9.404000000000000137e-01 9.493000000000000327e-01
9.404000000000000137e-01 9.493000000000000327e-01
9.404000000000000137e-01 9.495999999999999996e-01
9.404000000000000137e-01 9.498999999999999666e-01
9.404000000000000137e-01 9.496999999999999886e-01
9.403000000000000247e-01 9.497999999999999776e-01
9.403000000000000247e-01 9.498999999999999666e-01
9.403000000000000247e-01 9.500999999999999446e-01
9.403000000000000247e-01 9.503000000000000336e-01
9.403000000000000247e-01 9.497999999999999776e-01
9.402000000000000357e-01 9.498999999999999666e-01
9.402000000000000357e-01 9.491000000000000547e-01
9.403000000000000247e-01 9.489999999999999547e-01
9.403000000000000247e-01 9.498999999999999666e-01
9.404000000000000137e-01 9.495000000000000107e-01
9.404000000000000137e-01 9.495999999999999996e-01
9.404000000000000137e-01 9.498999999999999666e-01
9.404000000000000137e-01 9.495999999999999996e-01
9.404000000000000137e-01 9.498999999999999666e-01
9.404000000000000137e-01 9.495999999999999996e-01
9.404000000000000137e-01 9.491000000000000547e-01
9.404000000000000137e-01 9.492000000000000437e-01
9.405000000000000027e-01 9.493000000000000327e-01
9.405000000000000027e-01 9.493000000000000327e-01
9.405000000000000027e-01 9.495000000000000107e-01
9.405000000000000027e-01 9.492000000000000437e-01
9.405000000000000027e-01 9.496999999999999886e-01
9.405999999999999917e-01 9.502000000000000446e-01
9.405000000000000027e-01 9.499999999999999556e-01
9.405000000000000027e-01 9.500999999999999446e-01
9.405000000000000027e-01 9.497999999999999776e-01
9.405000000000000027e-01 9.495999999999999996e-01
9.405000000000000027e-01 9.495999999999999996e-01
9.405000000000000027e-01 9.489999999999999547e-01
9.405000000000000027e-01 9.495000000000000107e-01
9.405000000000000027e-01 9.494000000000000217e-01
9.405000000000000027e-01 9.495000000000000107e-01
9.405000000000000027e-01 9.492000000000000437e-01
9.405000000000000027e-01 9.491000000000000547e-01
9.405000000000000027e-01 9.487999999999999767e-01
9.405000000000000027e-01 9.489999999999999547e-01
9.404000000000000137e-01 9.486999999999999877e-01
9.404000000000000137e-01 9.488999999999999657e-01
9.405000000000000027e-01 9.491000000000000547e-01
9.405000000000000027e-01 9.491000000000000547e-01
9.405000000000000027e-01 9.494000000000000217e-01
9.405000000000000027e-01 9.494000000000000217e-01
9.405000000000000027e-01 9.489999999999999547e-01
9.405000000000000027e-01 9.486999999999999877e-01
9.405000000000000027e-01 9.491000000000000547e-01
9.405000000000000027e-01 9.493000000000000327e-01
9.405000000000000027e-01 9.494000000000000217e-01
9.405000000000000027e-01 9.494000000000000217e-01
9.405000000000000027e-01 9.498999999999999666e-01
9.405000000000000027e-01 9.495999999999999996e-01
9.405000000000000027e-01 9.488999999999999657e-01
9.405000000000000027e-01 9.494000000000000217e-01
9.405000000000000027e-01 9.494000000000000217e-01
9.405000000000000027e-01 9.494000000000000217e-01
9.405999999999999917e-01 9.495000000000000107e-01
9.405000000000000027e-01 9.495999999999999996e-01
9.405000000000000027e-01 9.500999999999999446e-01
9.405000000000000027e-01 9.496999999999999886e-01
9.405000000000000027e-01 9.499999999999999556e-01
9.405000000000000027e-01 9.499999999999999556e-01
9.405999999999999917e-01 9.503000000000000336e-01
9.405999999999999917e-01 9.500999999999999446e-01
9.405999999999999917e-01 9.500999999999999446e-01
9.405999999999999917e-01 9.503000000000000336e-01
9.405999999999999917e-01 9.503000000000000336e-01
9.405999999999999917e-01 9.506000000000000005e-01
9.405999999999999917e-01 9.508999999999999675e-01
9.405999999999999917e-01 9.507999999999999785e-01
9.405999999999999917e-01 9.506000000000000005e-01
9.405999999999999917e-01 9.508999999999999675e-01
9.405999999999999917e-01 9.506000000000000005e-01
9.405999999999999917e-01 9.506999999999999895e-01
9.405999999999999917e-01 9.504000000000000226e-01
9.405999999999999917e-01 9.505000000000000115e-01
9.405999999999999917e-01 9.503000000000000336e-01
9.405999999999999917e-01 9.500999999999999446e-01
9.405999999999999917e-01 9.498999999999999666e-01
9.405999999999999917e-01 9.497999999999999776e-01
9.405999999999999917e-01 9.500999999999999446e-01
9.406999999999999806e-01 9.499999999999999556e-01
9.405999999999999917e-01 9.502000000000000446e-01
9.405999999999999917e-01 9.493000000000000327e-01
9.405999999999999917e-01 9.503000000000000336e-01
9.405999999999999917e-01 9.500999999999999446e-01
9.405000000000000027e-01 9.506000000000000005e-01
9.405000000000000027e-01 9.500999999999999446e-01
9.405000000000000027e-01 9.498999999999999666e-01
9.405000000000000027e-01 9.496999999999999886e-01
9.405000000000000027e-01 9.500999999999999446e-01
9.405000000000000027e-01 9.500999999999999446e-01
9.405000000000000027e-01 9.492000000000000437e-01
9.403000000000000247e-01 9.489999999999999547e-01
9.404000000000000137e-01 9.488999999999999657e-01
9.404000000000000137e-01 9.492000000000000437e-01
9.404000000000000137e-01 9.489999999999999547e-01
9.404000000000000137e-01 9.492000000000000437e-01
9.404000000000000137e-01 9.492000000000000437e-01
9.404000000000000137e-01 9.489999999999999547e-01
9.404000000000000137e-01 9.494000000000000217e-01
9.404000000000000137e-01 9.487999999999999767e-01
9.404000000000000137e-01 9.488999999999999657e-01
9.404000000000000137e-01 9.491000000000000547e-01
9.404000000000000137e-01 9.491000000000000547e-01
9.403000000000000247e-01 9.492000000000000437e-01
9.404000000000000137e-01 9.496999999999999886e-01
9.404000000000000137e-01 9.495000000000000107e-01
9.404000000000000137e-01 9.495999999999999996e-01
9.404000000000000137e-01 9.497999999999999776e-01
9.405000000000000027e-01 9.498999999999999666e-01
9.405000000000000027e-01 9.495999999999999996e-01
9.405000000000000027e-01 9.497999999999999776e-01
9.405000000000000027e-01 9.491000000000000547e-01
9.405000000000000027e-01 9.494000000000000217e-01
9.405000000000000027e-01 9.495000000000000107e-01
9.404000000000000137e-01 9.491000000000000547e-01
9.405000000000000027e-01 9.494000000000000217e-01
9.405000000000000027e-01 9.495999999999999996e-01
9.405000000000000027e-01 9.492000000000000437e-01
9.405000000000000027e-01 9.489999999999999547e-01
9.405000000000000027e-01 9.492000000000000437e-01
9.405999999999999917e-01 9.495999999999999996e-01
9.404000000000000137e-01 9.493000000000000327e-01
9.405000000000000027e-01 9.494000000000000217e-01
9.405000000000000027e-01 9.496999999999999886e-01
9.405000000000000027e-01 9.495000000000000107e-01
9.405000000000000027e-01 9.495000000000000107e-01
9.405000000000000027e-01 9.493000000000000327e-01
9.405999999999999917e-01 9.499999999999999556e-01
9.405999999999999917e-01 9.499999999999999556e-01
9.405999999999999917e-01 9.499999999999999556e-01
9.405999999999999917e-01 9.498999999999999666e-01
9.405000000000000027e-01 9.496999999999999886e-01
9.405000000000000027e-01 9.496999999999999886e-01
9.405000000000000027e-01 9.495999999999999996e-01
9.405000000000000027e-01 9.492000000000000437e-01
9.404000000000000137e-01 9.486999999999999877e-01
9.405999999999999917e-01 9.495999999999999996e-01
9.405000000000000027e-01 9.504000000000000226e-01
9.403000000000000247e-01 9.502000000000000446e-01
9.403000000000000247e-01 9.498999999999999666e-01
9.403000000000000247e-01 9.504000000000000226e-01
9.403000000000000247e-01 9.506999999999999895e-01
9.404000000000000137e-01 9.503000000000000336e-01
9.404000000000000137e-01 9.504000000000000226e-01
9.404000000000000137e-01 9.504000000000000226e-01
9.402000000000000357e-01 9.495999999999999996e-01
9.405000000000000027e-01 9.499999999999999556e-01
9.404000000000000137e-01 9.500999999999999446e-01
9.405000000000000027e-01 9.498999999999999666e-01
9.404000000000000137e-01 9.503000000000000336e-01
9.404000000000000137e-01 9.496999999999999886e-01
9.404000000000000137e-01 9.495000000000000107e-01
9.405999999999999917e-01 9.502000000000000446e-01
9.404000000000000137e-01 9.503000000000000336e-01
9.404000000000000137e-01 9.500999999999999446e-01
9.404000000000000137e-01 9.503000000000000336e-01
9.404000000000000137e-01 9.504000000000000226e-01
9.404000000000000137e-01 9.500999999999999446e-01
9.405999999999999917e-01 9.500999999999999446e-01
9.405000000000000027e-01 9.504000000000000226e-01
9.405000000000000027e-01 9.506999999999999895e-01
9.405000000000000027e-01 9.508999999999999675e-01
9.405000000000000027e-01 9.506999999999999895e-01
9.405000000000000027e-01 9.499999999999999556e-01
9.404000000000000137e-01 9.500999999999999446e-01
9.404000000000000137e-01 9.499999999999999556e-01
9.403000000000000247e-01 9.504000000000000226e-01
9.403000000000000247e-01 9.505000000000000115e-01
9.403000000000000247e-01 9.507999999999999785e-01
9.403000000000000247e-01 9.504000000000000226e-01
9.403000000000000247e-01 9.503000000000000336e-01
9.403000000000000247e-01 9.502000000000000446e-01
9.403000000000000247e-01 9.503000000000000336e-01
9.403000000000000247e-01 9.506000000000000005e-01
9.403000000000000247e-01 9.506000000000000005e-01
9.402000000000000357e-01 9.512000000000000455e-01
9.403000000000000247e-01 9.505000000000000115e-01
9.402000000000000357e-01 9.502000000000000446e-01
9.402000000000000357e-01 9.500999999999999446e-01
9.402000000000000357e-01 9.499999999999999556e-01
9.402000000000000357e-01 9.502000000000000446e-01
9.402000000000000357e-01 9.498999999999999666e-01
9.403000000000000247e-01 9.504000000000000226e-01
9.403000000000000247e-01 9.497999999999999776e-01
9.403000000000000247e-01 9.500999999999999446e-01
9.403000000000000247e-01 9.500999999999999446e-01
9.403000000000000247e-01 9.497999999999999776e-01
9.405000000000000027e-01 9.496999999999999886e-01
9.405000000000000027e-01 9.502000000000000446e-01
9.405000000000000027e-01 9.498999999999999666e-01
9.405999999999999917e-01 9.495000000000000107e-01
9.405000000000000027e-01 9.498999999999999666e-01
9.405000000000000027e-01 9.497999999999999776e-01
9.405000000000000027e-01 9.495000000000000107e-01
9.405000000000000027e-01 9.496999999999999886e-01
9.405000000000000027e-01 9.494000000000000217e-01
9.405000000000000027e-01 9.496999999999999886e-01
9.405000000000000027e-01 9.498999999999999666e-01
9.405000000000000027e-01 9.500999999999999446e-01
9.405000000000000027e-01 9.497999999999999776e-01
9.405000000000000027e-01 9.497999999999999776e-01
9.404000000000000137e-01 9.498999999999999666e-01
9.404000000000000137e-01 9.494000000000000217e-01
9.404000000000000137e-01 9.495999999999999996e-01
9.405000000000000027e-01 9.495999999999999996e-01
9.404000000000000137e-01 9.495000000000000107e-01
9.403000000000000247e-01 9.497999999999999776e-01
9.403000000000000247e-01 9.500999999999999446e-01
9.402000000000000357e-01 9.498999999999999666e-01
9.402000000000000357e-01 9.496999999999999886e-01
9.402000000000000357e-01 9.496999999999999886e-01
9.403000000000000247e-01 9.499999999999999556e-01
9.404000000000000137e-01 9.495000000000000107e-01
9.404000000000000137e-01 9.498999999999999666e-01
9.404000000000000137e-01 9.495999999999999996e-01
9.404000000000000137e-01 9.495999999999999996e-01
9.404000000000000137e-01 9.494000000000000217e-01
9.404000000000000137e-01 9.492000000000000437e-01
9.404000000000000137e-01 9.494000000000000217e-01
9.404000000000000137e-01 9.493000000000000327e-01
9.404000000000000137e-01 9.498999999999999666e-01
9.404000000000000137e-01 9.498999999999999666e-01
9.405000000000000027e-01 9.500999999999999446e-01
9.405000000000000027e-01 9.498999999999999666e-01
9.405000000000000027e-01 9.498999999999999666e-01
9.405000000000000027e-01 9.502000000000000446e-01
9.405999999999999917e-01 9.498999999999999666e-01
9.405999999999999917e-01 9.497999999999999776e-01
9.405999999999999917e-01 9.497999999999999776e-01
9.405999999999999917e-01 9.498999999999999666e-01
9.405999999999999917e-01 9.502000000000000446e-01
9.405999999999999917e-01 9.504000000000000226e-01
9.405999999999999917e-01 9.506000000000000005e-01
9.405999999999999917e-01 9.502000000000000446e-01
9.405999999999999917e-01 9.500999999999999446e-01
9.405999999999999917e-01 9.506000000000000005e-01
9.405999999999999917e-01 9.503000000000000336e-01
9.405999999999999917e-01 9.505000000000000115e-01
9.405000000000000027e-01 9.507999999999999785e-01
9.403000000000000247e-01 9.507999999999999785e-01
9.403000000000000247e-01 9.500999999999999446e-01
9.404000000000000137e-01 9.507999999999999785e-01
9.404000000000000137e-01 9.507999999999999785e-01
9.404000000000000137e-01 9.506999999999999895e-01
9.404000000000000137e-01 9.510999999999999455e-01
9.405000000000000027e-01 9.509999999999999565e-01
9.405000000000000027e-01 9.513000000000000345e-01
9.405000000000000027e-01 9.510999999999999455e-01
9.405000000000000027e-01 9.512000000000000455e-01
9.405000000000000027e-01 9.517999999999999794e-01
9.405000000000000027e-01 9.513000000000000345e-01
9.405000000000000027e-01 9.516000000000000014e-01
9.405000000000000027e-01 9.513000000000000345e-01
9.405000000000000027e-01 9.506000000000000005e-01
9.405000000000000027e-01 9.508999999999999675e-01
9.405000000000000027e-01 9.509999999999999565e-01
9.405000000000000027e-01 9.509999999999999565e-01
9.405999999999999917e-01 9.504000000000000226e-01
9.405999999999999917e-01 9.500999999999999446e-01
9.405999999999999917e-01 9.502000000000000446e-01
9.405999999999999917e-01 9.505000000000000115e-01
9.405999999999999917e-01 9.503000000000000336e-01
9.405999999999999917e-01 9.506999999999999895e-01
9.405999999999999917e-01 9.503000000000000336e-01
9.405999999999999917e-01 9.505000000000000115e-01
9.405999999999999917e-01 9.504000000000000226e-01
9.405999999999999917e-01 9.497999999999999776e-01
9.405999999999999917e-01 9.498999999999999666e-01
9.405999999999999917e-01 9.495999999999999996e-01
9.405999999999999917e-01 9.496999999999999886e-01
9.405999999999999917e-01 9.497999999999999776e-01
9.405999999999999917e-01 9.497999999999999776e-01
9.405999999999999917e-01 9.496999999999999886e-01
9.405999999999999917e-01 9.499999999999999556e-01
9.405999999999999917e-01 9.497999999999999776e-01
9.406999999999999806e-01 9.497999999999999776e-01
9.405999999999999917e-01 9.498999999999999666e-01
9.405999999999999917e-01 9.493000000000000327e-01
9.405999999999999917e-01 9.494000000000000217e-01
9.406999999999999806e-01 9.499999999999999556e-01
9.406999999999999806e-01 9.497999999999999776e-01
9.406999999999999806e-01 9.495999999999999996e-01
9.405999999999999917e-01 9.499999999999999556e-01
9.405999999999999917e-01 9.504000000000000226e-01
9.405999999999999917e-01 9.500999999999999446e-01
9.405999999999999917e-01 9.495999999999999996e-01
9.405999999999999917e-01 9.499999999999999556e-01
9.405999999999999917e-01 9.496999999999999886e-01
9.405999999999999917e-01 9.498999999999999666e-01
9.405999999999999917e-01 9.497999999999999776e-01
9.405999999999999917e-01 9.494000000000000217e-01
9.406999999999999806e-01 9.495999999999999996e-01
9.405999999999999917e-01 9.492000000000000437e-01
9.405000000000000027e-01 9.495000000000000107e-01
9.405999999999999917e-01 9.491000000000000547e-01
9.406999999999999806e-01 9.487999999999999767e-01
9.405999999999999917e-01 9.485000000000000098e-01
9.406999999999999806e-01 9.494000000000000217e-01
9.405000000000000027e-01 9.489999999999999547e-01
9.405000000000000027e-01 9.487999999999999767e-01
9.405000000000000027e-01 9.491000000000000547e-01
9.405999999999999917e-01 9.492000000000000437e-01
9.405000000000000027e-01 9.493000000000000327e-01
9.405000000000000027e-01 9.493000000000000327e-01
9.405000000000000027e-01 9.494000000000000217e-01
9.405999999999999917e-01 9.495999999999999996e-01
9.405999999999999917e-01 9.495999999999999996e-01
9.405999999999999917e-01 9.497999999999999776e-01
9.405999999999999917e-01 9.494000000000000217e-01
9.405999999999999917e-01 9.496999999999999886e-01
9.405999999999999917e-01 9.500999999999999446e-01
9.405000000000000027e-01 9.493000000000000327e-01
9.404000000000000137e-01 9.495999999999999996e-01
9.405000000000000027e-01 9.495000000000000107e-01
9.405999999999999917e-01 9.495000000000000107e-01
9.405999999999999917e-01 9.495000000000000107e-01
9.405999999999999917e-01 9.497999999999999776e-01
9.405999999999999917e-01 9.496999999999999886e-01
9.405999999999999917e-01 9.495999999999999996e-01
9.405999999999999917e-01 9.499999999999999556e-01
9.405999999999999917e-01 9.493000000000000327e-01
9.406999999999999806e-01 9.494000000000000217e-01
9.405999999999999917e-01 9.494000000000000217e-01
9.405999999999999917e-01 9.489999999999999547e-01
9.405999999999999917e-01 9.485999999999999988e-01
9.405999999999999917e-01 9.489999999999999547e-01
9.405999999999999917e-01 9.486999999999999877e-01
9.406999999999999806e-01 9.485000000000000098e-01
9.406999999999999806e-01 9.488999999999999657e-01
9.406999999999999806e-01 9.479999999999999538e-01
9.406999999999999806e-01 9.491000000000000547e-01
9.406999999999999806e-01 9.488999999999999657e-01
9.406999999999999806e-01 9.487999999999999767e-01
9.406999999999999806e-01 9.492000000000000437e-01
9.406999999999999806e-01 9.493000000000000327e-01
9.406999999999999806e-01 9.492000000000000437e-01
9.405999999999999917e-01 9.495000000000000107e-01
9.405999999999999917e-01 9.494000000000000217e-01
9.405999999999999917e-01 9.487999999999999767e-01
9.406999999999999806e-01 9.486999999999999877e-01
9.406999999999999806e-01 9.489999999999999547e-01
9.406999999999999806e-01 9.489999999999999547e-01
9.406999999999999806e-01 9.485000000000000098e-01
9.406999999999999806e-01 9.485000000000000098e-01
9.406999999999999806e-01 9.487999999999999767e-01
9.406999999999999806e-01 9.488999999999999657e-01
9.406999999999999806e-01 9.487999999999999767e-01
9.406999999999999806e-01 9.484000000000000208e-01
9.406999999999999806e-01 9.484000000000000208e-01
9.406999999999999806e-01 9.487999999999999767e-01
9.406999999999999806e-01 9.489999999999999547e-01
9.406999999999999806e-01 9.488999999999999657e-01
9.406999999999999806e-01 9.488999999999999657e-01
9.406999999999999806e-01 9.488999999999999657e-01
9.406999999999999806e-01 9.491000000000000547e-01
9.406999999999999806e-01 9.489999999999999547e-01
9.406999999999999806e-01 9.488999999999999657e-01
9.406999999999999806e-01 9.487999999999999767e-01
9.406999999999999806e-01 9.486999999999999877e-01
9.406999999999999806e-01 9.485000000000000098e-01
9.406999999999999806e-01 9.488999999999999657e-01
9.406999999999999806e-01 9.492000000000000437e-01
9.406999999999999806e-01 9.493000000000000327e-01
9.405999999999999917e-01 9.491000000000000547e-01
9.405999999999999917e-01 9.493000000000000327e-01
9.406999999999999806e-01 9.492000000000000437e-01
9.405999999999999917e-01 9.491000000000000547e-01
9.405999999999999917e-01 9.492000000000000437e-01
9.405999999999999917e-01 9.495000000000000107e-01
9.405999999999999917e-01 9.494000000000000217e-01
9.405000000000000027e-01 9.495999999999999996e-01
9.405000000000000027e-01 9.499999999999999556e-01
9.405999999999999917e-01 9.498999999999999666e-01
9.405999999999999917e-01 9.495000000000000107e-01
9.406999999999999806e-01 9.497999999999999776e-01
9.406999999999999806e-01 9.495999999999999996e-01
9.406999999999999806e-01 9.493000000000000327e-01
9.406999999999999806e-01 9.495999999999999996e-01
9.406999999999999806e-01 9.494000000000000217e-01
9.406999999999999806e-01 9.495999999999999996e-01
9.406999999999999806e-01 9.497999999999999776e-01
9.406999999999999806e-01 9.498999999999999666e-01
9.405999999999999917e-01 9.495000000000000107e-01
9.406999999999999806e-01 9.495000000000000107e-01
9.405999999999999917e-01 9.496999999999999886e-01
9.406999999999999806e-01 9.498999999999999666e-01
9.406999999999999806e-01 9.499999999999999556e-01
9.407999999999999696e-01 9.498999999999999666e-01
9.407999999999999696e-01 9.496999999999999886e-01
9.407999999999999696e-01 9.496999999999999886e-01
9.406999999999999806e-01 9.494000000000000217e-01
9.406999999999999806e-01 9.492000000000000437e-01
9.406999999999999806e-01 9.495999999999999996e-01
9.406999999999999806e-01 9.495999999999999996e-01
9.406999999999999806e-01 9.497999999999999776e-01
9.406999999999999806e-01 9.495999999999999996e-01
9.406999999999999806e-01 9.494000000000000217e-01
9.406999999999999806e-01 9.496999999999999886e-01
9.406999999999999806e-01 9.499999999999999556e-01
9.407999999999999696e-01 9.497999999999999776e-01
9.407999999999999696e-01 9.496999999999999886e-01
9.406999999999999806e-01 9.496999999999999886e-01
9.405999999999999917e-01 9.497999999999999776e-01
9.406999999999999806e-01 9.497999999999999776e-01
9.405999999999999917e-01 9.494000000000000217e-01
9.405999999999999917e-01 9.495000000000000107e-01
9.406999999999999806e-01 9.487999999999999767e-01
9.405999999999999917e-01 9.486999999999999877e-01
9.405999999999999917e-01 9.491000000000000547e-01
9.405999999999999917e-01 9.491000000000000547e-01
9.405999999999999917e-01 9.493000000000000327e-01
9.405000000000000027e-01 9.488999999999999657e-01
9.405000000000000027e-01 9.489999999999999547e-01
9.405000000000000027e-01 9.494000000000000217e-01
9.405000000000000027e-01 9.489999999999999547e-01
9.405000000000000027e-01 9.488999999999999657e-01
9.405000000000000027e-01 9.485999999999999988e-01
9.405000000000000027e-01 9.486999999999999877e-01
9.405000000000000027e-01 9.486999999999999877e-01
9.405000000000000027e-01 9.488999999999999657e-01
9.405000000000000027e-01 9.492000000000000437e-01
9.405000000000000027e-01 9.491000000000000547e-01
9.405999999999999917e-01 9.492000000000000437e-01
9.405000000000000027e-01 9.494000000000000217e-01
9.405000000000000027e-01 9.492000000000000437e-01
9.405000000000000027e-01 9.493000000000000327e-01
9.405000000000000027e-01 9.485999999999999988e-01
9.405000000000000027e-01 9.483000000000000318e-01
9.405999999999999917e-01 9.485999999999999988e-01
9.405999999999999917e-01 9.488999999999999657e-01
9.405999999999999917e-01 9.487999999999999767e-01
9.405999999999999917e-01 9.495999999999999996e-01
9.405999999999999917e-01 9.489999999999999547e-01
9.405999999999999917e-01 9.487999999999999767e-01
9.405000000000000027e-01 9.487999999999999767e-01
9.405000000000000027e-01 9.489999999999999547e-01
9.404000000000000137e-01 9.485999999999999988e-01
9.404000000000000137e-01 9.494000000000000217e-01
9.404000000000000137e-01 9.493000000000000327e-01
9.404000000000000137e-01 9.489999999999999547e-01
9.403000000000000247e-01 9.487999999999999767e-01
9.403000000000000247e-01 9.487999999999999767e-01
9.403000000000000247e-01 9.492000000000000437e-01
9.404000000000000137e-01 9.494000000000000217e-01
9.404000000000000137e-01 9.486999999999999877e-01
9.403000000000000247e-01 9.482000000000000428e-01
9.403000000000000247e-01 9.485000000000000098e-01
9.403000000000000247e-01 9.495000000000000107e-01
9.403000000000000247e-01 9.489999999999999547e-01
9.403000000000000247e-01 9.495000000000000107e-01
9.403000000000000247e-01 9.494000000000000217e-01
9.402000000000000357e-01 9.494000000000000217e-01
9.402000000000000357e-01 9.494000000000000217e-01
9.403000000000000247e-01 9.495000000000000107e-01
9.403000000000000247e-01 9.494000000000000217e-01
9.402000000000000357e-01 9.491000000000000547e-01
9.402000000000000357e-01 9.489999999999999547e-01
9.402000000000000357e-01 9.486999999999999877e-01
9.402000000000000357e-01 9.491000000000000547e-01
9.403000000000000247e-01 9.494000000000000217e-01
9.403000000000000247e-01 9.488999999999999657e-01
9.403000000000000247e-01 9.491000000000000547e-01
9.403000000000000247e-01 9.488999999999999657e-01
9.403000000000000247e-01 9.491000000000000547e-01
9.403000000000000247e-01 9.486999999999999877e-01
9.403000000000000247e-01 9.486999999999999877e-01
9.403000000000000247e-01 9.485999999999999988e-01
9.403000000000000247e-01 9.492000000000000437e-01
9.403000000000000247e-01 9.486999999999999877e-01
9.403000000000000247e-01 9.485999999999999988e-01
9.403000000000000247e-01 9.483000000000000318e-01
9.403000000000000247e-01 9.482000000000000428e-01
9.403000000000000247e-01 9.484000000000000208e-01
9.403000000000000247e-01 9.482000000000000428e-01
9.403000000000000247e-01 9.484000000000000208e-01
9.403000000000000247e-01 9.482000000000000428e-01
9.402000000000000357e-01 9.481000000000000538e-01
9.402000000000000357e-01 9.484000000000000208e-01
9.403000000000000247e-01 9.485000000000000098e-01
9.403000000000000247e-01 9.485000000000000098e-01
9.404000000000000137e-01 9.485000000000000098e-01
9.404000000000000137e-01 9.483000000000000318e-01
9.403000000000000247e-01 9.485000000000000098e-01
9.403000000000000247e-01 9.487999999999999767e-01
9.403000000000000247e-01 9.485000000000000098e-01
9.403000000000000247e-01 9.488999999999999657e-01
9.403000000000000247e-01 9.486999999999999877e-01
9.403000000000000247e-01 9.486999999999999877e-01
9.403000000000000247e-01 9.486999999999999877e-01
9.403000000000000247e-01 9.485999999999999988e-01
9.404000000000000137e-01 9.485999999999999988e-01
9.404000000000000137e-01 9.484000000000000208e-01
9.404000000000000137e-01 9.483000000000000318e-01
9.404000000000000137e-01 9.486999999999999877e-01
9.404000000000000137e-01 9.486999999999999877e-01
9.404000000000000137e-01 9.486999999999999877e-01
9.404000000000000137e-01 9.485999999999999988e-01
9.405000000000000027e-01 9.487999999999999767e-01
9.405000000000000027e-01 9.482000000000000428e-01
9.405000000000000027e-01 9.483000000000000318e-01
9.405000000000000027e-01 9.485000000000000098e-01
9.405000000000000027e-01 9.483000000000000318e-01
9.405000000000000027e-01 9.481000000000000538e-01
9.405000000000000027e-01 9.483000000000000318e-01
9.405000000000000027e-01 9.484000000000000208e-01
9.404000000000000137e-01 9.485000000000000098e-01
9.405000000000000027e-01 9.482000000000000428e-01
9.405000000000000027e-01 9.485000000000000098e-01
9.405000000000000027e-01 9.485000000000000098e-01
9.405000000000000027e-01 9.484000000000000208e-01
9.405999999999999917e-01 9.484000000000000208e-01
9.405999999999999917e-01 9.484000000000000208e-01
9.405000000000000027e-01 9.481000000000000538e-01
9.405000000000000027e-01 9.481000000000000538e-01
9.405999999999999917e-01 9.481000000000000538e-01
9.405999999999999917e-01 9.481000000000000538e-01
9.406999999999999806e-01 9.482000000000000428e-01
9.406999999999999806e-01 9.485000000000000098e-01
9.406999999999999806e-01 9.479999999999999538e-01
9.406999999999999806e-01 9.482000000000000428e-01
9.405999999999999917e-01 9.487999999999999767e-01
9.405999999999999917e-01 9.488999999999999657e-01
9.405999999999999917e-01 9.494000000000000217e-01
9.405999999999999917e-01 9.493000000000000327e-01
9.405999999999999917e-01 9.493000000000000327e-01
9.405999999999999917e-01 9.489999999999999547e-01
9.405999999999999917e-01 9.485999999999999988e-01
9.405999999999999917e-01 9.488999999999999657e-01
9.406999999999999806e-01 9.487999999999999767e-01
9.406999999999999806e-01 9.489999999999999547e-01
9.406999999999999806e-01 9.488999999999999657e-01
9.406999999999999806e-01 9.491000000000000547e-01
9.406999999999999806e-01 9.491000000000000547e-01
9.406999999999999806e-01 9.488999999999999657e-01
9.406999999999999806e-01 9.494000000000000217e-01
9.406999999999999806e-01 9.492000000000000437e-01
9.406999999999999806e-01 9.491000000000000547e-01
9.406999999999999806e-01 9.489999999999999547e-01
9.406999999999999806e-01 9.486999999999999877e-01
9.405999999999999917e-01 9.488999999999999657e-01
9.405999999999999917e-01 9.486999999999999877e-01
9.405999999999999917e-01 9.485999999999999988e-01
9.405999999999999917e-01 9.485000000000000098e-01
9.405999999999999917e-01 9.491000000000000547e-01
9.405999999999999917e-01 9.486999999999999877e-01
9.405999999999999917e-01 9.488999999999999657e-01
9.405999999999999917e-01 9.492000000000000437e-01
9.405999999999999917e-01 9.496999999999999886e-01
9.406999999999999806e-01 9.491000000000000547e-01
9.406999999999999806e-01 9.489999999999999547e-01
9.405999999999999917e-01 9.492000000000000437e-01
9.405999999999999917e-01 9.487999999999999767e-01
9.405999999999999917e-01 9.485999999999999988e-01
9.405999999999999917e-01 9.487999999999999767e-01
9.405999999999999917e-01 9.489999999999999547e-01
9.405999999999999917e-01 9.488999999999999657e-01
9.405999999999999917e-01 9.489999999999999547e-01
9.405000000000000027e-01 9.492000000000000437e-01
9.405000000000000027e-01 9.492000000000000437e-01
9.404000000000000137e-01 9.491000000000000547e-01
9.404000000000000137e-01 9.488999999999999657e-01
9.404000000000000137e-01 9.487999999999999767e-01
9.404000000000000137e-01 9.492000000000000437e-01
9.404000000000000137e-01 9.489999999999999547e-01
9.404000000000000137e-01 9.487999999999999767e-01
9.404000000000000137e-01 9.485999999999999988e-01
9.404000000000000137e-01 9.484000000000000208e-01
9.403000000000000247e-01 9.488999999999999657e-01
9.403000000000000247e-01 9.485999999999999988e-01
9.403000000000000247e-01 9.486999999999999877e-01
9.403000000000000247e-01 9.494000000000000217e-01
9.403000000000000247e-01 9.491000000000000547e-01
9.403000000000000247e-01 9.493000000000000327e-01
9.403000000000000247e-01 9.486999999999999877e-01
9.403000000000000247e-01 9.492000000000000437e-01
9.404000000000000137e-01 9.486999999999999877e-01
9.404000000000000137e-01 9.493000000000000327e-01
9.403000000000000247e-01 9.487999999999999767e-01
9.403000000000000247e-01 9.489999999999999547e-01
9.403000000000000247e-01 9.495000000000000107e-01
9.403000000000000247e-01 9.494000000000000217e-01
9.403000000000000247e-01 9.492000000000000437e-01
9.403000000000000247e-01 9.492000000000000437e-01
9.403000000000000247e-01 9.487999999999999767e-01
9.404000000000000137e-01 9.486999999999999877e-01
9.404000000000000137e-01 9.488999999999999657e-01
9.404000000000000137e-01 9.485000000000000098e-01
9.405000000000000027e-01 9.487999999999999767e-01
9.405999999999999917e-01 9.488999999999999657e-01
9.405000000000000027e-01 9.488999999999999657e-01
9.405000000000000027e-01 9.491000000000000547e-01
9.405000000000000027e-01 9.492000000000000437e-01
9.405000000000000027e-01 9.491000000000000547e-01
9.405999999999999917e-01 9.487999999999999767e-01
9.405999999999999917e-01 9.486999999999999877e-01
9.405000000000000027e-01 9.495000000000000107e-01
9.405000000000000027e-01 9.489999999999999547e-01
9.404000000000000137e-01 9.492000000000000437e-01
9.405000000000000027e-01 9.492000000000000437e-01
9.405000000000000027e-01 9.494000000000000217e-01
9.405000000000000027e-01 9.492000000000000437e-01
9.405000000000000027e-01 9.485000000000000098e-01
9.405000000000000027e-01 9.488999999999999657e-01
9.405000000000000027e-01 9.487999999999999767e-01
9.404000000000000137e-01 9.488999999999999657e-01
9.405000000000000027e-01 9.493000000000000327e-01
9.405000000000000027e-01 9.488999999999999657e-01
9.404000000000000137e-01 9.485000000000000098e-01
9.404000000000000137e-01 9.487999999999999767e-01
9.404000000000000137e-01 9.483000000000000318e-01
9.404000000000000137e-01 9.481000000000000538e-01
9.404000000000000137e-01 9.484000000000000208e-01
9.404000000000000137e-01 9.484000000000000208e-01
9.404000000000000137e-01 9.483000000000000318e-01
9.404000000000000137e-01 9.484000000000000208e-01
9.404000000000000137e-01 9.485999999999999988e-01
9.404000000000000137e-01 9.486999999999999877e-01
9.404000000000000137e-01 9.482000000000000428e-01
9.404000000000000137e-01 9.485000000000000098e-01
9.404000000000000137e-01 9.481000000000000538e-01
9.404000000000000137e-01 9.478999999999999648e-01
9.404000000000000137e-01 9.485000000000000098e-01
9.404000000000000137e-01 9.487999999999999767e-01
9.404000000000000137e-01 9.485999999999999988e-01
9.404000000000000137e-01 9.485000000000000098e-01
9.404000000000000137e-01 9.487999999999999767e-01
9.404000000000000137e-01 9.487999999999999767e-01
9.405000000000000027e-01 9.487999999999999767e-01
9.405999999999999917e-01 9.487999999999999767e-01
9.405999999999999917e-01 9.487999999999999767e-01
9.405000000000000027e-01 9.492000000000000437e-01
9.405000000000000027e-01 9.491000000000000547e-01
9.405000000000000027e-01 9.491000000000000547e-01
9.405000000000000027e-01 9.494000000000000217e-01
9.405000000000000027e-01 9.491000000000000547e-01
9.405000000000000027e-01 9.488999999999999657e-01
9.405000000000000027e-01 9.485999999999999988e-01
9.405000000000000027e-01 9.489999999999999547e-01
9.405000000000000027e-01 9.487999999999999767e-01
9.405000000000000027e-01 9.487999999999999767e-01
9.405000000000000027e-01 9.494000000000000217e-01
9.405000000000000027e-01 9.489999999999999547e-01
9.405000000000000027e-01 9.491000000000000547e-01
9.405000000000000027e-01 9.489999999999999547e-01
9.405000000000000027e-01 9.495999999999999996e-01
9.405000000000000027e-01 9.495000000000000107e-01
9.405000000000000027e-01 9.497999999999999776e-01
9.405000000000000027e-01 9.504000000000000226e-01
9.405000000000000027e-01 9.495999999999999996e-01
9.405000000000000027e-01 9.496999999999999886e-01
9.405000000000000027e-01 9.493000000000000327e-01
9.405000000000000027e-01 9.492000000000000437e-01
9.405000000000000027e-01 9.492000000000000437e-01
9.405000000000000027e-01 9.488999999999999657e-01
9.405000000000000027e-01 9.481000000000000538e-01
9.404000000000000137e-01 9.482000000000000428e-01
9.404000000000000137e-01 9.484000000000000208e-01
9.404000000000000137e-01 9.487999999999999767e-01
9.404000000000000137e-01 9.486999999999999877e-01
9.404000000000000137e-01 9.485999999999999988e-01
9.404000000000000137e-01 9.485000000000000098e-01
9.405000000000000027e-01 9.477999999999999758e-01
9.404000000000000137e-01 9.481000000000000538e-01
9.404000000000000137e-01 9.477999999999999758e-01
9.404000000000000137e-01 9.479999999999999538e-01
9.404000000000000137e-01 9.478999999999999648e-01
9.404000000000000137e-01 9.477999999999999758e-01
9.404000000000000137e-01 9.481000000000000538e-01
9.404000000000000137e-01 9.475999999999999979e-01
9.405000000000000027e-01 9.475999999999999979e-01
9.405000000000000027e-01 9.476999999999999869e-01
9.405000000000000027e-01 9.481000000000000538e-01
9.405000000000000027e-01 9.478999999999999648e-01
9.405000000000000027e-01 9.481000000000000538e-01
9.405999999999999917e-01 9.484000000000000208e-01
9.405999999999999917e-01 9.481000000000000538e-01
9.405999999999999917e-01 9.482000000000000428e-01
9.405999999999999917e-01 9.482000000000000428e-01
9.405000000000000027e-01 9.488999999999999657e-01
9.405000000000000027e-01 9.486999999999999877e-01
9.405000000000000027e-01 9.487999999999999767e-01
9.405000000000000027e-01 9.486999999999999877e-01
9.405000000000000027e-01 9.485999999999999988e-01
9.405000000000000027e-01 9.485000000000000098e-01
9.405000000000000027e-01 9.484000000000000208e-01
9.405000000000000027e-01 9.478999999999999648e-01
9.405000000000000027e-01 9.487999999999999767e-01
9.405000000000000027e-01 9.487999999999999767e-01
9.403000000000000247e-01 9.485999999999999988e-01
9.404000000000000137e-01 9.484000000000000208e-01
9.405000000000000027e-01 9.485000000000000098e-01
9.405000000000000027e-01 9.481000000000000538e-01
9.405000000000000027e-01 9.479999999999999538e-01
9.405000000000000027e-01 9.475000000000000089e-01
9.405000000000000027e-01 9.476999999999999869e-01
9.405000000000000027e-01 9.477999999999999758e-01
9.405000000000000027e-01 9.475999999999999979e-01
9.405000000000000027e-01 9.481000000000000538e-01
9.405000000000000027e-01 9.476999999999999869e-01
9.405000000000000027e-01 9.477999999999999758e-01
9.405000000000000027e-01 9.479999999999999538e-01
9.405000000000000027e-01 9.484000000000000208e-01
9.405000000000000027e-01 9.481000000000000538e-01
9.405000000000000027e-01 9.475000000000000089e-01
9.405000000000000027e-01 9.481000000000000538e-01
9.405000000000000027e-01 9.482000000000000428e-01
9.405000000000000027e-01 9.479999999999999538e-01
9.405000000000000027e-01 9.485000000000000098e-01
9.405000000000000027e-01 9.486999999999999877e-01
9.405000000000000027e-01 9.484000000000000208e-01
9.405000000000000027e-01 9.485000000000000098e-01
9.405000000000000027e-01 9.481000000000000538e-01
9.405000000000000027e-01 9.482000000000000428e-01
9.405000000000000027e-01 9.485000000000000098e-01
9.405000000000000027e-01 9.483000000000000318e-01
9.405000000000000027e-01 9.482000000000000428e-01
9.404000000000000137e-01 9.486999999999999877e-01
9.405000000000000027e-01 9.484000000000000208e-01
9.405000000000000027e-01 9.485000000000000098e-01
9.405000000000000027e-01 9.485000000000000098e-01
9.405000000000000027e-01 9.482000000000000428e-01
9.405999999999999917e-01 9.482000000000000428e-01
9.405000000000000027e-01 9.483000000000000318e-01
9.405000000000000027e-01 9.484000000000000208e-01
9.405000000000000027e-01 9.483000000000000318e-01
9.405000000000000027e-01 9.481000000000000538e-01
9.405000000000000027e-01 9.484000000000000208e-01
9.405000000000000027e-01 9.485000000000000098e-01
9.405999999999999917e-01 9.481000000000000538e-01
9.405999999999999917e-01 9.479999999999999538e-01
9.405999999999999917e-01 9.477999999999999758e-01
9.405999999999999917e-01 9.483000000000000318e-01
9.405999999999999917e-01 9.485999999999999988e-01
9.405999999999999917e-01 9.481000000000000538e-01
9.405999999999999917e-01 9.481000000000000538e-01
9.405999999999999917e-01 9.478999999999999648e-01
9.405999999999999917e-01 9.481000000000000538e-01
9.405999999999999917e-01 9.484000000000000208e-01
9.405999999999999917e-01 9.483000000000000318e-01
9.405999999999999917e-01 9.482000000000000428e-01
9.405000000000000027e-01 9.483000000000000318e-01
9.405000000000000027e-01 9.475999999999999979e-01
9.405000000000000027e-01 9.477999999999999758e-01
9.405999999999999917e-01 9.485000000000000098e-01
9.405999999999999917e-01 9.484000000000000208e-01
9.406999999999999806e-01 9.483000000000000318e-01
9.406999999999999806e-01 9.481000000000000538e-01
9.406999999999999806e-01 9.478999999999999648e-01
9.405999999999999917e-01 9.479999999999999538e-01
9.406999999999999806e-01 9.474000000000000199e-01
9.406999999999999806e-01 9.475999999999999979e-01
9.405999999999999917e-01 9.475000000000000089e-01
9.405999999999999917e-01 9.475999999999999979e-01
9.405999999999999917e-01 9.475999999999999979e-01
9.405999999999999917e-01 9.477999999999999758e-01
9.405999999999999917e-01 9.476999999999999869e-01
9.405999999999999917e-01 9.475999999999999979e-01
9.405999999999999917e-01 9.477999999999999758e-01
9.405999999999999917e-01 9.481000000000000538e-01
9.405999999999999917e-01 9.475000000000000089e-01
9.405999999999999917e-01 9.475999999999999979e-01
9.405999999999999917e-01 9.476999999999999869e-01
9.405999999999999917e-01 9.473000000000000309e-01
9.405999999999999917e-01 9.475999999999999979e-01
9.405999999999999917e-01 9.478999999999999648e-01
9.405999999999999917e-01 9.474000000000000199e-01
9.405999999999999917e-01 9.476999999999999869e-01
9.405999999999999917e-01 9.475000000000000089e-01
9.405999999999999917e-01 9.476999999999999869e-01
9.405999999999999917e-01 9.475999999999999979e-01
9.405999999999999917e-01 9.478999999999999648e-01
9.405999999999999917e-01 9.482000000000000428e-01
9.405999999999999917e-01 9.485000000000000098e-01
9.405999999999999917e-01 9.482000000000000428e-01
9.405999999999999917e-01 9.481000000000000538e-01
9.404000000000000137e-01 9.481000000000000538e-01
9.404000000000000137e-01 9.476999999999999869e-01
9.404000000000000137e-01 9.478999999999999648e-01
9.404000000000000137e-01 9.476999999999999869e-01
9.404000000000000137e-01 9.476999999999999869e-01
9.404000000000000137e-01 9.475999999999999979e-01
9.404000000000000137e-01 9.474000000000000199e-01
9.404000000000000137e-01 9.475999999999999979e-01
9.404000000000000137e-01 9.478999999999999648e-01
9.404000000000000137e-01 9.479999999999999538e-01
9.403000000000000247e-01 9.481000000000000538e-01
9.403000000000000247e-01 9.478999999999999648e-01
9.403000000000000247e-01 9.482000000000000428e-01
9.403000000000000247e-01 9.484000000000000208e-01
9.403000000000000247e-01 9.484000000000000208e-01
9.402000000000000357e-01 9.484000000000000208e-01
9.402000000000000357e-01 9.484000000000000208e-01
9.402000000000000357e-01 9.478999999999999648e-01
9.403000000000000247e-01 9.481000000000000538e-01
9.403000000000000247e-01 9.482000000000000428e-01
9.403000000000000247e-01 9.485999999999999988e-01
9.403000000000000247e-01 9.479999999999999538e-01
9.403000000000000247e-01 9.481000000000000538e-01
9.403000000000000247e-01 9.478999999999999648e-01
9.403000000000000247e-01 9.479999999999999538e-01
9.403000000000000247e-01 9.482000000000000428e-01
9.403000000000000247e-01 9.485000000000000098e-01
9.403000000000000247e-01 9.482000000000000428e-01
9.403000000000000247e-01 9.478999999999999648e-01
9.403000000000000247e-01 9.476999999999999869e-01
9.404000000000000137e-01 9.483000000000000318e-01
9.404000000000000137e-01 9.483000000000000318e-01
9.404000000000000137e-01 9.482000000000000428e-01
9.404000000000000137e-01 9.481000000000000538e-01
9.404000000000000137e-01 9.475999999999999979e-01
9.404000000000000137e-01 9.485000000000000098e-01
9.404000000000000137e-01 9.487999999999999767e-01
9.404000000000000137e-01 9.485999999999999988e-01
9.404000000000000137e-01 9.487999999999999767e-01
9.404000000000000137e-01 9.482000000000000428e-01
9.404000000000000137e-01 9.485999999999999988e-01
9.404000000000000137e-01 9.486999999999999877e-01
9.404000000000000137e-01 9.484000000000000208e-01
9.404000000000000137e-01 9.484000000000000208e-01
9.404000000000000137e-01 9.484000000000000208e-01
9.404000000000000137e-01 9.483000000000000318e-01
9.404000000000000137e-01 9.483000000000000318e-01
9.403000000000000247e-01 9.479999999999999538e-01
9.403000000000000247e-01 9.483000000000000318e-01
9.403000000000000247e-01 9.481000000000000538e-01
9.403000000000000247e-01 9.482000000000000428e-01
9.403000000000000247e-01 9.482000000000000428e-01
9.404000000000000137e-01 9.485999999999999988e-01
9.404000000000000137e-01 9.484000000000000208e-01
9.404000000000000137e-01 9.481000000000000538e-01
9.404000000000000137e-01 9.485999999999999988e-01
9.404000000000000137e-01 9.486999999999999877e-01
9.403000000000000247e-01 9.485000000000000098e-01
9.403000000000000247e-01 9.484000000000000208e-01
9.404000000000000137e-01 9.485999999999999988e-01
9.403000000000000247e-01 9.488999999999999657e-01
9.403000000000000247e-01 9.485000000000000098e-01
9.403000000000000247e-01 9.483000000000000318e-01
9.403000000000000247e-01 9.482000000000000428e-01
9.403000000000000247e-01 9.486999999999999877e-01
9.404000000000000137e-01 9.485999999999999988e-01
9.405000000000000027e-01 9.485000000000000098e-01
9.405999999999999917e-01 9.487999999999999767e-01
9.405000000000000027e-01 9.488999999999999657e-01
9.404000000000000137e-01 9.489999999999999547e-01
9.405999999999999917e-01 9.486999999999999877e-01
9.405000000000000027e-01 9.484000000000000208e-01
9.405999999999999917e-01 9.482000000000000428e-01
9.405000000000000027e-01 9.483000000000000318e-01
9.405000000000000027e-01 9.484000000000000208e-01
9.405999999999999917e-01 9.481000000000000538e-01
9.405000000000000027e-01 9.485999999999999988e-01
9.405999999999999917e-01 9.475999999999999979e-01
9.405999999999999917e-01 9.481000000000000538e-01
9.405999999999999917e-01 9.483000000000000318e-01
9.405999999999999917e-01 9.485999999999999988e-01
9.405999999999999917e-01 9.481000000000000538e-01
9.405999999999999917e-01 9.479999999999999538e-01
9.405999999999999917e-01 9.481000000000000538e-01
9.405999999999999917e-01 9.484000000000000208e-01
9.405999999999999917e-01 9.484000000000000208e-01
9.405999999999999917e-01 9.484000000000000208e-01
9.405999999999999917e-01 9.483000000000000318e-01
9.405999999999999917e-01 9.483000000000000318e-01
9.405999999999999917e-01 9.479999999999999538e-01
9.405000000000000027e-01 9.482000000000000428e-01
9.404000000000000137e-01 9.483000000000000318e-01
9.404000000000000137e-01 9.481000000000000538e-01
9.404000000000000137e-01 9.479999999999999538e-01
9.405000000000000027e-01 9.482000000000000428e-01
9.404000000000000137e-01 9.478999999999999648e-01
9.405000000000000027e-01 9.479999999999999538e-01
9.405000000000000027e-01 9.478999999999999648e-01
9.404000000000000137e-01 9.477999999999999758e-01
9.404000000000000137e-01 9.476999999999999869e-01
9.404000000000000137e-01 9.483000000000000318e-01
9.404000000000000137e-01 9.483000000000000318e-01
9.404000000000000137e-01 9.479999999999999538e-01
9.404000000000000137e-01 9.486999999999999877e-01
9.404000000000000137e-01 9.485000000000000098e-01
9.404000000000000137e-01 9.491000000000000547e-01
9.404000000000000137e-01 9.485000000000000098e-01
9.404000000000000137e-01 9.482000000000000428e-01
9.404000000000000137e-01 9.479999999999999538e-01
9.405000000000000027e-01 9.477999999999999758e-01
9.405000000000000027e-01 9.484000000000000208e-01
9.405000000000000027e-01 9.481000000000000538e-01
9.405000000000000027e-01 9.476999999999999869e-01
9.405000000000000027e-01 9.481000000000000538e-01
9.405999999999999917e-01 9.478999999999999648e-01
9.404000000000000137e-01 9.478999999999999648e-01
9.405000000000000027e-01 9.475999999999999979e-01
9.405000000000000027e-01 9.485999999999999988e-01
9.405000000000000027e-01 9.488999999999999657e-01
9.405999999999999917e-01 9.481000000000000538e-01
9.405999999999999917e-01 9.475999999999999979e-01
9.405000000000000027e-01 9.478999999999999648e-01
9.405000000000000027e-01 9.481000000000000538e-01
9.405000000000000027e-01 9.482000000000000428e-01
9.404000000000000137e-01 9.485999999999999988e-01
9.404000000000000137e-01 9.482000000000000428e-01
9.404000000000000137e-01 9.479999999999999538e-01
9.405000000000000027e-01 9.483000000000000318e-01
9.406999999999999806e-01 9.481000000000000538e-01
9.406999999999999806e-01 9.483000000000000318e-01
9.406999999999999806e-01 9.479999999999999538e-01
9.405999999999999917e-01 9.476999999999999869e-01
9.405999999999999917e-01 9.478999999999999648e-01
9.406999999999999806e-01 9.476999999999999869e-01
9.406999999999999806e-01 9.479999999999999538e-01
9.405999999999999917e-01 9.481000000000000538e-01
9.405999999999999917e-01 9.477999999999999758e-01
9.405999999999999917e-01 9.475999999999999979e-01
9.405999999999999917e-01 9.479999999999999538e-01
9.405999999999999917e-01 9.483000000000000318e-01
9.405999999999999917e-01 9.479999999999999538e-01
9.405999999999999917e-01 9.485000000000000098e-01
9.405999999999999917e-01 9.477999999999999758e-01
9.405999999999999917e-01 9.485999999999999988e-01
9.405999999999999917e-01 9.479999999999999538e-01
9.405999999999999917e-01 9.482000000000000428e-01
9.405999999999999917e-01 9.485999999999999988e-01
9.405999999999999917e-01 9.488999999999999657e-01
9.406999999999999806e-01 9.492000000000000437e-01
9.405999999999999917e-01 9.493000000000000327e-01
9.405999999999999917e-01 9.486999999999999877e-01
9.405999999999999917e-01 9.485000000000000098e-01
9.405999999999999917e-01 9.489999999999999547e-01
9.406999999999999806e-01 9.492000000000000437e-01
9.406999999999999806e-01 9.488999999999999657e-01
9.406999999999999806e-01 9.489999999999999547e-01
9.406999999999999806e-01 9.488999999999999657e-01
9.406999999999999806e-01 9.489999999999999547e-01
9.406999999999999806e-01 9.487999999999999767e-01
9.406999999999999806e-01 9.485000000000000098e-01
9.407999999999999696e-01 9.485000000000000098e-01
9.407999999999999696e-01 9.485000000000000098e-01
9.407999999999999696e-01 9.488999999999999657e-01
9.407999999999999696e-01 9.485000000000000098e-01
9.407999999999999696e-01 9.489999999999999547e-01
9.407999999999999696e-01 9.484000000000000208e-01
9.408999999999999586e-01 9.491000000000000547e-01
9.408999999999999586e-01 9.488999999999999657e-01
9.408999999999999586e-01 9.484000000000000208e-01
9.408999999999999586e-01 9.491000000000000547e-01
9.408999999999999586e-01 9.491000000000000547e-01
9.408999999999999586e-01 9.489999999999999547e-01
9.408999999999999586e-01 9.487999999999999767e-01
9.408999999999999586e-01 9.495000000000000107e-01
9.408999999999999586e-01 9.494000000000000217e-01
9.408999999999999586e-01 9.491000000000000547e-01
9.408999999999999586e-01 9.486999999999999877e-01
9.408999999999999586e-01 9.485000000000000098e-01
9.408999999999999586e-01 9.485000000000000098e-01
9.408999999999999586e-01 9.478999999999999648e-01
9.408999999999999586e-01 9.484000000000000208e-01
9.409999999999999476e-01 9.485000000000000098e-01
9.409999999999999476e-01 9.479999999999999538e-01
9.409999999999999476e-01 9.485999999999999988e-01
9.409999999999999476e-01 9.482000000000000428e-01
9.409999999999999476e-01 9.484000000000000208e-01
9.409999999999999476e-01 9.484000000000000208e-01
9.409999999999999476e-01 9.491000000000000547e-01
9.409999999999999476e-01 9.486999999999999877e-01
9.409999999999999476e-01 9.487999999999999767e-01
9.409999999999999476e-01 9.487999999999999767e-01
9.409999999999999476e-01 9.488999999999999657e-01
9.409999999999999476e-01 9.485999999999999988e-01
9.409999999999999476e-01 9.487999999999999767e-01
9.409999999999999476e-01 9.485000000000000098e-01
9.408999999999999586e-01 9.485999999999999988e-01
9.408999999999999586e-01 9.485999999999999988e-01
9.409999999999999476e-01 9.487999999999999767e-01
9.407999999999999696e-01 9.486999999999999877e-01
9.407999999999999696e-01 9.487999999999999767e-01
9.408999999999999586e-01 9.485999999999999988e-01
9.406999999999999806e-01 9.491000000000000547e-01
9.406999999999999806e-01 9.491000000000000547e-01
9.408999999999999586e-01 9.491000000000000547e-01
9.408999999999999586e-01 9.487999999999999767e-01
9.408999999999999586e-01 9.485000000000000098e-01
9.409999999999999476e-01 9.486999999999999877e-01
9.408999999999999586e-01 9.486999999999999877e-01
9.409999999999999476e-01 9.486999999999999877e-01
9.408999999999999586e-01 9.487999999999999767e-01
9.407999999999999696e-01 9.486999999999999877e-01
9.407999999999999696e-01 9.485000000000000098e-01
9.406999999999999806e-01 9.485999999999999988e-01
9.407999999999999696e-01 9.485999999999999988e-01
9.407999999999999696e-01 9.485000000000000098e-01
9.408999999999999586e-01 9.475000000000000089e-01
9.408999999999999586e-01 9.481000000000000538e-01
9.408999999999999586e-01 9.478999999999999648e-01
9.408999999999999586e-01 9.481000000000000538e-01
9.408999999999999586e-01 9.476999999999999869e-01
9.408999999999999586e-01 9.482000000000000428e-01
9.409999999999999476e-01 9.481000000000000538e-01
9.409999999999999476e-01 9.482000000000000428e-01
9.409999999999999476e-01 9.482000000000000428e-01
9.409999999999999476e-01 9.482000000000000428e-01
9.409999999999999476e-01 9.484000000000000208e-01
9.409999999999999476e-01 9.482000000000000428e-01
9.409999999999999476e-01 9.475000000000000089e-01
9.409999999999999476e-01 9.479999999999999538e-01
9.409999999999999476e-01 9.479999999999999538e-01
9.409999999999999476e-01 9.478999999999999648e-01
9.409999999999999476e-01 9.481000000000000538e-01
9.409999999999999476e-01 9.483000000000000318e-01
9.409999999999999476e-01 9.476999999999999869e-01
9.409999999999999476e-01 9.474000000000000199e-01
9.409999999999999476e-01 9.474000000000000199e-01
9.409999999999999476e-01 9.476999999999999869e-01
9.409999999999999476e-01 9.475000000000000089e-01
9.409999999999999476e-01 9.475000000000000089e-01
9.408999999999999586e-01 9.475999999999999979e-01
9.408999999999999586e-01 9.475999999999999979e-01
9.408999999999999586e-01 9.477999999999999758e-01
9.408999999999999586e-01 9.476999999999999869e-01
9.408999999999999586e-01 9.475000000000000089e-01
9.408999999999999586e-01 9.476999999999999869e-01
9.408999999999999586e-01 9.476999999999999869e-01
9.408999999999999586e-01 9.478999999999999648e-01
9.408999999999999586e-01 9.483000000000000318e-01
9.408999999999999586e-01 9.483000000000000318e-01
9.408999999999999586e-01 9.479999999999999538e-01
9.407999999999999696e-01 9.481000000000000538e-01
9.407999999999999696e-01 9.482000000000000428e-01
9.407999999999999696e-01 9.481000000000000538e-01
9.407999999999999696e-01 9.481000000000000538e-01
9.407999999999999696e-01 9.486999999999999877e-01
9.407999999999999696e-01 9.484000000000000208e-01
9.407999999999999696e-01 9.485999999999999988e-01
9.407999999999999696e-01 9.486999999999999877e-01
9.407999999999999696e-01 9.485000000000000098e-01
9.407999999999999696e-01 9.483000000000000318e-01
9.407999999999999696e-01 9.477999999999999758e-01
9.407999999999999696e-01 9.478999999999999648e-01
9.407999999999999696e-01 9.475999999999999979e-01
9.407999999999999696e-01 9.473000000000000309e-01
9.407999999999999696e-01 9.476999999999999869e-01
9.408999999999999586e-01 9.476999999999999869e-01
9.407999999999999696e-01 9.475000000000000089e-01
9.407999999999999696e-01 9.476999999999999869e-01
9.407999999999999696e-01 9.474000000000000199e-01
9.407999999999999696e-01 9.474000000000000199e-01
9.407999999999999696e-01 9.468999999999999639e-01
9.407999999999999696e-01 9.471000000000000529e-01
9.406999999999999806e-01 9.468999999999999639e-01
9.406999999999999806e-01 9.468999999999999639e-01
9.406999999999999806e-01 9.466999999999999860e-01
9.407999999999999696e-01 9.465999999999999970e-01
9.406999999999999806e-01 9.465999999999999970e-01
9.406999999999999806e-01 9.464000000000000190e-01
9.406999999999999806e-01 9.463000000000000300e-01
9.406999999999999806e-01 9.461000000000000520e-01
9.406999999999999806e-01 9.457999999999999741e-01
9.406999999999999806e-01 9.461000000000000520e-01
9.406999999999999806e-01 9.463000000000000300e-01
9.406999999999999806e-01 9.464000000000000190e-01
9.406999999999999806e-01 9.466999999999999860e-01
9.406999999999999806e-01 9.465000000000000080e-01
9.406999999999999806e-01 9.459999999999999520e-01
9.406999999999999806e-01 9.464000000000000190e-01
9.406999999999999806e-01 9.465999999999999970e-01
9.406999999999999806e-01 9.462000000000000410e-01
9.406999999999999806e-01 9.458999999999999631e-01
9.406999999999999806e-01 9.463000000000000300e-01
9.406999999999999806e-01 9.466999999999999860e-01
9.406999999999999806e-01 9.463000000000000300e-01
9.406999999999999806e-01 9.457999999999999741e-01
9.406999999999999806e-01 9.463000000000000300e-01
9.406999999999999806e-01 9.459999999999999520e-01
9.406999999999999806e-01 9.463000000000000300e-01
9.407999999999999696e-01 9.461000000000000520e-01
9.407999999999999696e-01 9.458999999999999631e-01
9.407999999999999696e-01 9.461000000000000520e-01
9.407999999999999696e-01 9.456999999999999851e-01
9.407999999999999696e-01 9.462000000000000410e-01
9.407999999999999696e-01 9.465999999999999970e-01
9.407999999999999696e-01 9.465000000000000080e-01
9.407999999999999696e-01 9.463000000000000300e-01
9.407999999999999696e-01 9.461000000000000520e-01
9.407999999999999696e-01 9.459999999999999520e-01
9.407999999999999696e-01 9.461000000000000520e-01
9.407999999999999696e-01 9.462000000000000410e-01
9.407999999999999696e-01 9.459999999999999520e-01
9.407999999999999696e-01 9.455999999999999961e-01
9.406999999999999806e-01 9.455999999999999961e-01
9.406999999999999806e-01 9.456999999999999851e-01
9.406999999999999806e-01 9.455000000000000071e-01
9.406999999999999806e-01 9.452000000000000401e-01
9.406999999999999806e-01 9.454000000000000181e-01
9.406999999999999806e-01 9.455999999999999961e-01
9.406999999999999806e-01 9.454000000000000181e-01
9.406999999999999806e-01 9.455000000000000071e-01
9.406999999999999806e-01 9.455999999999999961e-01
9.406999999999999806e-01 9.461000000000000520e-01
9.406999999999999806e-01 9.459999999999999520e-01
9.406999999999999806e-01 9.458999999999999631e-01
9.406999999999999806e-01 9.462000000000000410e-01
9.406999999999999806e-01 9.462000000000000410e-01
9.406999999999999806e-01 9.463000000000000300e-01
9.407999999999999696e-01 9.463000000000000300e-01
9.407999999999999696e-01 9.467999999999999750e-01
9.407999999999999696e-01 9.461000000000000520e-01
9.407999999999999696e-01 9.462000000000000410e-01
9.407999999999999696e-01 9.461000000000000520e-01
9.407999999999999696e-01 9.457999999999999741e-01
9.407999999999999696e-01 9.459999999999999520e-01
9.407999999999999696e-01 9.459999999999999520e-01
9.407999999999999696e-01 9.458999999999999631e-01
9.407999999999999696e-01 9.462000000000000410e-01
9.407999999999999696e-01 9.462000000000000410e-01
9.407999999999999696e-01 9.463000000000000300e-01
9.407999999999999696e-01 9.465000000000000080e-01
9.407999999999999696e-01 9.466999999999999860e-01
9.406999999999999806e-01 9.465999999999999970e-01
9.407999999999999696e-01 9.465999999999999970e-01
9.408999999999999586e-01 9.468999999999999639e-01
9.407999999999999696e-01 9.468999999999999639e-01
9.408999999999999586e-01 9.471000000000000529e-01
9.407999999999999696e-01 9.469999999999999529e-01
9.408999999999999586e-01 9.468999999999999639e-01
9.407999999999999696e-01 9.473000000000000309e-01
9.407999999999999696e-01 9.472000000000000419e-01
9.407999999999999696e-01 9.471000000000000529e-01
9.407999999999999696e-01 9.472000000000000419e-01
9.407999999999999696e-01 9.475000000000000089e-01
9.407999999999999696e-01 9.472000000000000419e-01
9.407999999999999696e-01 9.469999999999999529e-01
9.407999999999999696e-01 9.472000000000000419e-01
9.407999999999999696e-01 9.471000000000000529e-01
9.407999999999999696e-01 9.466999999999999860e-01
9.407999999999999696e-01 9.472000000000000419e-01
9.407999999999999696e-01 9.469999999999999529e-01
9.407999999999999696e-01 9.473000000000000309e-01
9.407999999999999696e-01 9.474000000000000199e-01
9.407999999999999696e-01 9.473000000000000309e-01
9.407999999999999696e-01 9.476999999999999869e-01
9.407999999999999696e-01 9.477999999999999758e-01
9.407999999999999696e-01 9.473000000000000309e-01
9.407999999999999696e-01 9.477999999999999758e-01
9.407999999999999696e-01 9.474000000000000199e-01
9.407999999999999696e-01 9.475000000000000089e-01
9.406999999999999806e-01 9.473000000000000309e-01
9.407999999999999696e-01 9.475000000000000089e-01
9.407999999999999696e-01 9.473000000000000309e-01
9.407999999999999696e-01 9.468999999999999639e-01
9.407999999999999696e-01 9.466999999999999860e-01
9.407999999999999696e-01 9.465999999999999970e-01
9.407999999999999696e-01 9.467999999999999750e-01
9.407999999999999696e-01 9.465999999999999970e-01
9.407999999999999696e-01 9.468999999999999639e-01
9.407999999999999696e-01 9.469999999999999529e-01
9.407999999999999696e-01 9.468999999999999639e-01
9.407999999999999696e-01 9.472000000000000419e-01
9.407999999999999696e-01 9.471000000000000529e-01
9.407999999999999696e-01 9.471000000000000529e-01
9.407999999999999696e-01 9.467999999999999750e-01
9.407999999999999696e-01 9.472000000000000419e-01
9.408999999999999586e-01 9.469999999999999529e-01
9.408999999999999586e-01 9.474000000000000199e-01
9.408999999999999586e-01 9.471000000000000529e-01
9.407999999999999696e-01 9.467999999999999750e-01
9.408999999999999586e-01 9.469999999999999529e-01
9.408999999999999586e-01 9.473000000000000309e-01
9.408999999999999586e-01 9.468999999999999639e-01
9.408999999999999586e-01 9.467999999999999750e-01
9.408999999999999586e-01 9.468999999999999639e-01
9.409999999999999476e-01 9.467999999999999750e-01
9.409999999999999476e-01 9.472000000000000419e-01
9.409999999999999476e-01 9.472000000000000419e-01
9.409999999999999476e-01 9.469999999999999529e-01
9.409999999999999476e-01 9.469999999999999529e-01
9.408999999999999586e-01 9.471000000000000529e-01
9.408999999999999586e-01 9.475000000000000089e-01
9.408999999999999586e-01 9.475000000000000089e-01
9.408999999999999586e-01 9.478999999999999648e-01
9.408999999999999586e-01 9.469999999999999529e-01
9.408999999999999586e-01 9.473000000000000309e-01
9.408999999999999586e-01 9.475000000000000089e-01
9.408999999999999586e-01 9.476999999999999869e-01
9.408999999999999586e-01 9.476999999999999869e-01
9.408999999999999586e-01 9.475000000000000089e-01
9.408999999999999586e-01 9.481000000000000538e-01
9.408999999999999586e-01 9.479999999999999538e-01
9.407999999999999696e-01 9.477999999999999758e-01
9.407999999999999696e-01 9.473000000000000309e-01
9.408999999999999586e-01 9.473000000000000309e-01
9.408999999999999586e-01 9.474000000000000199e-01
9.408999999999999586e-01 9.472000000000000419e-01
9.408999999999999586e-01 9.471000000000000529e-01
9.408999999999999586e-01 9.467999999999999750e-01
9.408999999999999586e-01 9.469999999999999529e-01
9.408999999999999586e-01 9.471000000000000529e-01
9.408999999999999586e-01 9.468999999999999639e-01
9.408999999999999586e-01 9.471000000000000529e-01
9.408999999999999586e-01 9.471000000000000529e-01
9.408999999999999586e-01 9.476999999999999869e-01
9.408999999999999586e-01 9.469999999999999529e-01
9.408999999999999586e-01 9.468999999999999639e-01
9.408999999999999586e-01 9.465999999999999970e-01
9.408999999999999586e-01 9.467999999999999750e-01
9.408999999999999586e-01 9.468999999999999639e-01
9.408999999999999586e-01 9.471000000000000529e-01
9.408999999999999586e-01 9.468999999999999639e-01
9.408999999999999586e-01 9.469999999999999529e-01
9.408999999999999586e-01 9.471000000000000529e-01
9.408999999999999586e-01 9.466999999999999860e-01
9.408999999999999586e-01 9.466999999999999860e-01
9.408999999999999586e-01 9.467999999999999750e-01
9.408999999999999586e-01 9.471000000000000529e-01
9.408999999999999586e-01 9.473000000000000309e-01
9.408999999999999586e-01 9.477999999999999758e-01
9.408999999999999586e-01 9.475000000000000089e-01
9.408999999999999586e-01 9.475999999999999979e-01
9.408999999999999586e-01 9.469999999999999529e-01
9.408999999999999586e-01 9.474000000000000199e-01
9.408999999999999586e-01 9.471000000000000529e-01
9.407999999999999696e-01 9.469999999999999529e-01
9.408999999999999586e-01 9.471000000000000529e-01
9.408999999999999586e-01 9.466999999999999860e-01
9.408999999999999586e-01 9.472000000000000419e-01
9.409999999999999476e-01 9.467999999999999750e-01
9.409999999999999476e-01 9.467999999999999750e-01
9.409999999999999476e-01 9.472000000000000419e-01
9.409999999999999476e-01 9.469999999999999529e-01
9.409999999999999476e-01 9.469999999999999529e-01
9.409999999999999476e-01 9.468999999999999639e-01
9.409999999999999476e-01 9.466999999999999860e-01
9.409999999999999476e-01 9.466999999999999860e-01
9.409999999999999476e-01 9.466999999999999860e-01
9.408999999999999586e-01 9.467999999999999750e-01
9.408999999999999586e-01 9.468999999999999639e-01
9.408999999999999586e-01 9.469999999999999529e-01
9.408999999999999586e-01 9.469999999999999529e-01
9.409999999999999476e-01 9.471000000000000529e-01
9.409999999999999476e-01 9.474000000000000199e-01
9.407999999999999696e-01 9.469999999999999529e-01
9.408999999999999586e-01 9.469999999999999529e-01
9.407999999999999696e-01 9.474000000000000199e-01
9.407999999999999696e-01 9.473000000000000309e-01
9.407999999999999696e-01 9.467999999999999750e-01
9.407999999999999696e-01 9.465000000000000080e-01
9.407999999999999696e-01 9.472000000000000419e-01
9.407999999999999696e-01 9.469999999999999529e-01
9.407999999999999696e-01 9.469999999999999529e-01
9.406999999999999806e-01 9.464000000000000190e-01
9.406999999999999806e-01 9.473000000000000309e-01
9.406999999999999806e-01 9.468999999999999639e-01
9.407999999999999696e-01 9.471000000000000529e-01
9.406999999999999806e-01 9.469999999999999529e-01
9.406999999999999806e-01 9.471000000000000529e-01
9.405999999999999917e-01 9.467999999999999750e-01
9.407999999999999696e-01 9.469999999999999529e-01
9.406999999999999806e-01 9.465000000000000080e-01
9.406999999999999806e-01 9.467999999999999750e-01
9.407999999999999696e-01 9.464000000000000190e-01
9.407999999999999696e-01 9.468999999999999639e-01
9.405999999999999917e-01 9.464000000000000190e-01
9.406999999999999806e-01 9.468999999999999639e-01
9.406999999999999806e-01 9.465000000000000080e-01
9.407999999999999696e-01 9.465999999999999970e-01
9.407999999999999696e-01 9.463000000000000300e-01
9.407999999999999696e-01 9.468999999999999639e-01
9.407999999999999696e-01 9.471000000000000529e-01
9.407999999999999696e-01 9.471000000000000529e-01
9.407999999999999696e-01 9.471000000000000529e-01
9.407999999999999696e-01 9.474000000000000199e-01
9.407999999999999696e-01 9.476999999999999869e-01
9.407999999999999696e-01 9.475999999999999979e-01
9.406999999999999806e-01 9.476999999999999869e-01
9.406999999999999806e-01 9.475999999999999979e-01
9.406999999999999806e-01 9.475000000000000089e-01
9.407999999999999696e-01 9.475999999999999979e-01
9.407999999999999696e-01 9.475999999999999979e-01
9.407999999999999696e-01 9.479999999999999538e-01
9.407999999999999696e-01 9.478999999999999648e-01
9.407999999999999696e-01 9.479999999999999538e-01
9.407999999999999696e-01 9.477999999999999758e-01
9.407999999999999696e-01 9.476999999999999869e-01
9.407999999999999696e-01 9.481000000000000538e-01
9.407999999999999696e-01 9.477999999999999758e-01
9.407999999999999696e-01 9.479999999999999538e-01
9.407999999999999696e-01 9.482000000000000428e-01
9.407999999999999696e-01 9.484000000000000208e-01
9.407999999999999696e-01 9.485999999999999988e-01
9.407999999999999696e-01 9.486999999999999877e-01
9.407999999999999696e-01 9.482000000000000428e-01
9.408999999999999586e-01 9.483000000000000318e-01
9.408999999999999586e-01 9.482000000000000428e-01
9.408999999999999586e-01 9.478999999999999648e-01
9.408999999999999586e-01 9.481000000000000538e-01
9.407999999999999696e-01 9.479999999999999538e-01
9.409999999999999476e-01 9.474000000000000199e-01
9.408999999999999586e-01 9.475999999999999979e-01
9.408999999999999586e-01 9.477999999999999758e-01
9.409999999999999476e-01 9.477999999999999758e-01
9.409999999999999476e-01 9.477999999999999758e-01
9.409999999999999476e-01 9.482000000000000428e-01
9.409999999999999476e-01 9.484000000000000208e-01
9.409999999999999476e-01 9.485999999999999988e-01
9.409999999999999476e-01 9.484000000000000208e-01
9.409999999999999476e-01 9.475999999999999979e-01
9.409999999999999476e-01 9.479999999999999538e-01
9.409999999999999476e-01 9.478999999999999648e-01
9.409999999999999476e-01 9.479999999999999538e-01
9.409999999999999476e-01 9.475999999999999979e-01
9.409999999999999476e-01 9.479999999999999538e-01
9.411000000000000476e-01 9.475000000000000089e-01
9.411000000000000476e-01 9.475999999999999979e-01
9.411000000000000476e-01 9.476999999999999869e-01
9.411000000000000476e-01 9.474000000000000199e-01
9.411000000000000476e-01 9.478999999999999648e-01
9.411000000000000476e-01 9.485000000000000098e-01
9.411000000000000476e-01 9.482000000000000428e-01
9.411000000000000476e-01 9.477999999999999758e-01
9.411000000000000476e-01 9.475000000000000089e-01
9.411000000000000476e-01 9.482000000000000428e-01
9.411000000000000476e-01 9.476999999999999869e-01
9.411000000000000476e-01 9.475999999999999979e-01
9.411000000000000476e-01 9.475000000000000089e-01
9.411000000000000476e-01 9.471000000000000529e-01
9.411000000000000476e-01 9.473000000000000309e-01
9.411000000000000476e-01 9.472000000000000419e-01
9.411000000000000476e-01 9.476999999999999869e-01
9.411000000000000476e-01 9.477999999999999758e-01
9.411000000000000476e-01 9.477999999999999758e-01
9.411000000000000476e-01 9.482000000000000428e-01
9.411000000000000476e-01 9.479999999999999538e-01
9.411000000000000476e-01 9.477999999999999758e-01
9.411000000000000476e-01 9.477999999999999758e-01
9.411000000000000476e-01 9.476999999999999869e-01
9.411000000000000476e-01 9.475999999999999979e-01
9.411000000000000476e-01 9.475999999999999979e-01
9.411000000000000476e-01 9.476999999999999869e-01
9.411000000000000476e-01 9.472000000000000419e-01
9.411000000000000476e-01 9.473000000000000309e-01
9.411000000000000476e-01 9.473000000000000309e-01
9.411000000000000476e-01 9.476999999999999869e-01
9.411000000000000476e-01 9.479999999999999538e-01
9.411000000000000476e-01 9.479999999999999538e-01
9.411000000000000476e-01 9.481000000000000538e-01
9.411000000000000476e-01 9.477999999999999758e-01
9.412000000000000366e-01 9.479999999999999538e-01
9.412000000000000366e-01 9.481000000000000538e-01
9.412000000000000366e-01 9.485999999999999988e-01
9.412000000000000366e-01 9.485000000000000098e-01
9.412000000000000366e-01 9.485000000000000098e-01
9.412000000000000366e-01 9.485999999999999988e-01
9.412000000000000366e-01 9.485999999999999988e-01
9.412000000000000366e-01 9.485000000000000098e-01
9.412000000000000366e-01 9.483000000000000318e-01
9.412000000000000366e-01 9.485999999999999988e-01
9.413000000000000256e-01 9.482000000000000428e-01
9.412000000000000366e-01 9.483000000000000318e-01
9.414000000000000146e-01 9.485000000000000098e-01
9.414000000000000146e-01 9.483000000000000318e-01
9.414000000000000146e-01 9.482000000000000428e-01
9.414000000000000146e-01 9.481000000000000538e-01
9.414000000000000146e-01 9.474000000000000199e-01
9.414000000000000146e-01 9.478999999999999648e-01
9.414000000000000146e-01 9.477999999999999758e-01
9.414000000000000146e-01 9.472000000000000419e-01
9.414000000000000146e-01 9.475000000000000089e-01
9.414000000000000146e-01 9.476999999999999869e-01
9.414000000000000146e-01 9.477999999999999758e-01
9.414000000000000146e-01 9.477999999999999758e-01
9.413000000000000256e-01 9.473000000000000309e-01
9.413000000000000256e-01 9.475999999999999979e-01
9.413000000000000256e-01 9.475999999999999979e-01
9.413000000000000256e-01 9.476999999999999869e-01
9.414000000000000146e-01 9.478999999999999648e-01
9.414000000000000146e-01 9.475999999999999979e-01
9.413000000000000256e-01 9.475000000000000089e-01
9.414000000000000146e-01 9.476999999999999869e-01
9.414000000000000146e-01 9.475000000000000089e-01
9.414000000000000146e-01 9.474000000000000199e-01
9.414000000000000146e-01 9.467999999999999750e-01
9.414000000000000146e-01 9.473000000000000309e-01
9.414000000000000146e-01 9.475999999999999979e-01
9.415000000000000036e-01 9.473000000000000309e-01
