9.988000000000000211e-01 1.000000000000000000e+00
9.969999999999999973e-01 9.959000000000000075e-01
9.943999999999999506e-01 9.929000000000000048e-01
9.946000000000000396e-01 9.896000000000000352e-01
9.936000000000000387e-01 9.858000000000000096e-01
9.909000000000000030e-01 9.817000000000000171e-01
9.913999999999999480e-01 9.760999999999999677e-01
9.892999999999999572e-01 9.744000000000000439e-01
9.889999999999999902e-01 9.697999999999999954e-01
9.881999999999999673e-01 9.681999999999999496e-01
9.858999999999999986e-01 9.633000000000000451e-01
9.856000000000000316e-01 9.599999999999999645e-01
9.867000000000000215e-01 9.569999999999999618e-01
9.859999999999999876e-01 9.546000000000000041e-01
9.858999999999999986e-01 9.524000000000000243e-01
9.858999999999999986e-01 9.514000000000000234e-01
9.850999999999999757e-01 9.489999999999999547e-01
9.846000000000000307e-01 9.453000000000000291e-01
9.850999999999999757e-01 9.462000000000000410e-01
9.836000000000000298e-01 9.441000000000000503e-01
9.842999999999999527e-01 9.405000000000000027e-01
9.837000000000000188e-01 9.403000000000000247e-01
9.834000000000000519e-01 9.360000000000000542e-01
9.838000000000000078e-01 9.354000000000000092e-01
9.826000000000000290e-01 9.364000000000000101e-01
9.830999999999999739e-01 9.343000000000000194e-01
9.840999999999999748e-01 9.334999999999999964e-01
9.838000000000000078e-01 9.324999999999999956e-01
9.837000000000000188e-01 9.313000000000000167e-01
9.830999999999999739e-01 9.318999999999999506e-01
9.826000000000000290e-01 9.331000000000000405e-01
9.837000000000000188e-01 9.330000000000000515e-01
9.830999999999999739e-01 9.333000000000000185e-01
9.822999999999999510e-01 9.316999999999999726e-01
9.821999999999999620e-01 9.326999999999999735e-01
9.818999999999999950e-01 9.324999999999999956e-01
9.818000000000000060e-01 9.321000000000000396e-01
9.822999999999999510e-01 9.298999999999999488e-01
9.822999999999999510e-01 9.294999999999999929e-01
9.814000000000000501e-01 9.307999999999999607e-01
9.820999999999999730e-01 9.310000000000000497e-01
9.819999999999999840e-01 9.288999999999999480e-01
9.817000000000000171e-01 9.285999999999999810e-01
9.816000000000000281e-01 9.295999999999999819e-01
9.804000000000000492e-01 9.298999999999999488e-01
9.802999999999999492e-01 9.296999999999999709e-01
9.801999999999999602e-01 9.295999999999999819e-01
9.808999999999999941e-01 9.313000000000000167e-01
9.809999999999999831e-01 9.296999999999999709e-01
9.808000000000000052e-01 9.324999999999999956e-01
9.812999999999999501e-01 9.320000000000000506e-01
9.812999999999999501e-01 9.323000000000000176e-01
9.809999999999999831e-01 9.343000000000000194e-01
9.819999999999999840e-01 9.337999999999999634e-01
9.806000000000000272e-01 9.311000000000000387e-01
9.810999999999999721e-01 9.328999999999999515e-01
9.807000000000000162e-01 9.337999999999999634e-01
9.806000000000000272e-01 9.337999999999999634e-01
9.807000000000000162e-01 9.357999999999999652e-01
9.796000000000000263e-01 9.356999999999999762e-01
9.802999999999999492e-01 9.353000000000000203e-01
9.800999999999999712e-01 9.354000000000000092e-01
9.798000000000000043e-01 9.358999999999999542e-01
9.801999999999999602e-01 9.337999999999999634e-01
9.800999999999999712e-01 9.348999999999999533e-01
9.801999999999999602e-01 9.347999999999999643e-01
9.804000000000000492e-01 9.343000000000000194e-01
9.806000000000000272e-01 9.361000000000000432e-01
9.799999999999999822e-01 9.357999999999999652e-01
9.796000000000000263e-01 9.366999999999999771e-01
9.798000000000000043e-01 9.362000000000000322e-01
9.804000000000000492e-01 9.366999999999999771e-01
9.795000000000000373e-01 9.384000000000000119e-01
9.796000000000000263e-01 9.385999999999999899e-01
9.792999999999999483e-01 9.387999999999999678e-01
9.789999999999999813e-01 9.389999999999999458e-01
9.790999999999999703e-01 9.403000000000000247e-01
9.786000000000000254e-01 9.402000000000000357e-01
9.789999999999999813e-01 9.397999999999999687e-01
9.784000000000000474e-01 9.407999999999999696e-01
9.779999999999999805e-01 9.413000000000000256e-01
9.778999999999999915e-01 9.409999999999999476e-01
9.771999999999999575e-01 9.405999999999999917e-01
9.769999999999999796e-01 9.413000000000000256e-01
9.765000000000000346e-01 9.415000000000000036e-01
9.766000000000000236e-01 9.418999999999999595e-01
9.766000000000000236e-01 9.441000000000000503e-01
9.772999999999999465e-01 9.437999999999999723e-01
9.772999999999999465e-01 9.415000000000000036e-01
9.771999999999999575e-01 9.436999999999999833e-01
9.768999999999999906e-01 9.437999999999999723e-01
9.758999999999999897e-01 9.437999999999999723e-01
9.766000000000000236e-01 9.432000000000000384e-01
9.771999999999999575e-01 9.438999999999999613e-01
9.764000000000000457e-01 9.426999999999999824e-01
9.760999999999999677e-01 9.441000000000000503e-01
9.758999999999999897e-01 9.425999999999999934e-01
9.758999999999999897e-01 9.421000000000000485e-01
9.758999999999999897e-01 9.426999999999999824e-01
9.760999999999999677e-01 9.455000000000000071e-01
9.755000000000000338e-01 9.447999999999999732e-01
9.759999999999999787e-01 9.448999999999999622e-01
9.757000000000000117e-01 9.439999999999999503e-01
9.751999999999999558e-01 9.435999999999999943e-01
9.751999999999999558e-01 9.438999999999999613e-01
9.750999999999999668e-01 9.442000000000000393e-01
9.755000000000000338e-01 9.452000000000000401e-01
9.750999999999999668e-01 9.445000000000000062e-01
9.756000000000000227e-01 9.441000000000000503e-01
9.752999999999999448e-01 9.452000000000000401e-01
9.749999999999999778e-01 9.454000000000000181e-01
9.747000000000000108e-01 9.463000000000000300e-01
9.745000000000000329e-01 9.454000000000000181e-01
9.750999999999999668e-01 9.456999999999999851e-01
9.747999999999999998e-01 9.461000000000000520e-01
9.747999999999999998e-01 9.465999999999999970e-01
9.743000000000000549e-01 9.476999999999999869e-01
9.747000000000000108e-01 9.475999999999999979e-01
9.746000000000000218e-01 9.473000000000000309e-01
9.735000000000000320e-01 9.475000000000000089e-01
9.737999999999999989e-01 9.468999999999999639e-01
9.734000000000000430e-01 9.463000000000000300e-01
9.734000000000000430e-01 9.466999999999999860e-01
9.735000000000000320e-01 9.485999999999999988e-01
9.739999999999999769e-01 9.489999999999999547e-01
9.736000000000000210e-01 9.476999999999999869e-01
9.737999999999999989e-01 9.478999999999999648e-01
9.737999999999999989e-01 9.478999999999999648e-01
9.737999999999999989e-01 9.475000000000000089e-01
9.735000000000000320e-01 9.457999999999999741e-01
9.735000000000000320e-01 9.465999999999999970e-01
9.733000000000000540e-01 9.455999999999999961e-01
9.727000000000000091e-01 9.465000000000000080e-01
9.725000000000000311e-01 9.473000000000000309e-01
9.728999999999999870e-01 9.459999999999999520e-01
9.728999999999999870e-01 9.446999999999999842e-01
9.724000000000000421e-01 9.467999999999999750e-01
9.721999999999999531e-01 9.471000000000000529e-01
9.718999999999999861e-01 9.462000000000000410e-01
9.723000000000000531e-01 9.462000000000000410e-01
9.724000000000000421e-01 9.457999999999999741e-01
9.720999999999999641e-01 9.464000000000000190e-01
9.724000000000000421e-01 9.468999999999999639e-01
9.717999999999999972e-01 9.455999999999999961e-01
9.723000000000000531e-01 9.467999999999999750e-01
9.723000000000000531e-01 9.472000000000000419e-01
9.719999999999999751e-01 9.477999999999999758e-01
9.717000000000000082e-01 9.475999999999999979e-01
9.716000000000000192e-01 9.474000000000000199e-01
9.714000000000000412e-01 9.484000000000000208e-01
9.713000000000000522e-01 9.487999999999999767e-01
9.708999999999999853e-01 9.474000000000000199e-01
9.707999999999999963e-01 9.485999999999999988e-01
9.714000000000000412e-01 9.469999999999999529e-01
9.709999999999999742e-01 9.476999999999999869e-01
9.708999999999999853e-01 9.479999999999999538e-01
9.708999999999999853e-01 9.459999999999999520e-01
9.710999999999999632e-01 9.461000000000000520e-01
9.716000000000000192e-01 9.464000000000000190e-01
9.715000000000000302e-01 9.457999999999999741e-01
9.715000000000000302e-01 9.465000000000000080e-01
9.713000000000000522e-01 9.459999999999999520e-01
9.709999999999999742e-01 9.479999999999999538e-01
9.716000000000000192e-01 9.471000000000000529e-01
9.716000000000000192e-01 9.474000000000000199e-01
9.711999999999999522e-01 9.482000000000000428e-01
9.708999999999999853e-01 9.493000000000000327e-01
9.709999999999999742e-01 9.494000000000000217e-01
9.707999999999999963e-01 9.475999999999999979e-01
9.706000000000000183e-01 9.478999999999999648e-01
9.708999999999999853e-01 9.495999999999999996e-01
9.701999999999999513e-01 9.479999999999999538e-01
9.703000000000000513e-01 9.469999999999999529e-01
9.699999999999999734e-01 9.483000000000000318e-01
9.704000000000000403e-01 9.478999999999999648e-01
9.701999999999999513e-01 9.493000000000000327e-01
9.699999999999999734e-01 9.487999999999999767e-01
9.700999999999999623e-01 9.494000000000000217e-01
9.701999999999999513e-01 9.478999999999999648e-01
9.703000000000000513e-01 9.475000000000000089e-01
9.705000000000000293e-01 9.491000000000000547e-01
9.699999999999999734e-01 9.483000000000000318e-01
9.697999999999999954e-01 9.486999999999999877e-01
9.700999999999999623e-01 9.481000000000000538e-01
9.696000000000000174e-01 9.491000000000000547e-01
9.700999999999999623e-01 9.488999999999999657e-01
9.697000000000000064e-01 9.485999999999999988e-01
9.694000000000000394e-01 9.498999999999999666e-01
9.690999999999999615e-01 9.504000000000000226e-01
9.694000000000000394e-01 9.505000000000000115e-01
9.693000000000000504e-01 9.504000000000000226e-01
9.687999999999999945e-01 9.502000000000000446e-01
9.687999999999999945e-01 9.497999999999999776e-01
9.687999999999999945e-01 9.498999999999999666e-01
9.686000000000000165e-01 9.485000000000000098e-01
9.686000000000000165e-01 9.485999999999999988e-01
9.681999999999999496e-01 9.491000000000000547e-01
9.681999999999999496e-01 9.482000000000000428e-01
9.680999999999999606e-01 9.476999999999999869e-01
9.685000000000000275e-01 9.475000000000000089e-01
9.680999999999999606e-01 9.479999999999999538e-01
9.676000000000000156e-01 9.491000000000000547e-01
9.681999999999999496e-01 9.500999999999999446e-01
9.681999999999999496e-01 9.493000000000000327e-01
9.681999999999999496e-01 9.479999999999999538e-01
9.680999999999999606e-01 9.476999999999999869e-01
9.680999999999999606e-01 9.466999999999999860e-01
9.679999999999999716e-01 9.469999999999999529e-01
9.678999999999999826e-01 9.456999999999999851e-01
9.683000000000000496e-01 9.453000000000000291e-01
9.683000000000000496e-01 9.467999999999999750e-01
9.686000000000000165e-01 9.465000000000000080e-01
9.686000000000000165e-01 9.458999999999999631e-01
9.686000000000000165e-01 9.456999999999999851e-01
9.684000000000000385e-01 9.463000000000000300e-01
9.683000000000000496e-01 9.459999999999999520e-01
9.680999999999999606e-01 9.472000000000000419e-01
9.680999999999999606e-01 9.473000000000000309e-01
9.680999999999999606e-01 9.478999999999999648e-01
9.684000000000000385e-01 9.477999999999999758e-01
9.681999999999999496e-01 9.475000000000000089e-01
9.677999999999999936e-01 9.473000000000000309e-01
9.678999999999999826e-01 9.469999999999999529e-01
9.676000000000000156e-01 9.474000000000000199e-01
9.677999999999999936e-01 9.475000000000000089e-01
9.674000000000000377e-01 9.461000000000000520e-01
9.673000000000000487e-01 9.462000000000000410e-01
9.675000000000000266e-01 9.461000000000000520e-01
9.667999999999999927e-01 9.466999999999999860e-01
9.670999999999999597e-01 9.472000000000000419e-01
9.671999999999999487e-01 9.465999999999999970e-01
9.674000000000000377e-01 9.475999999999999979e-01
9.671999999999999487e-01 9.465999999999999970e-01
9.665000000000000258e-01 9.488999999999999657e-01
9.664000000000000368e-01 9.477999999999999758e-01
9.665000000000000258e-01 9.467999999999999750e-01
9.667000000000000037e-01 9.482000000000000428e-01
9.667000000000000037e-01 9.455000000000000071e-01
9.667999999999999927e-01 9.461000000000000520e-01
9.665000000000000258e-01 9.456999999999999851e-01
9.666000000000000147e-01 9.469999999999999529e-01
9.665000000000000258e-01 9.472000000000000419e-01
9.665000000000000258e-01 9.467999999999999750e-01
9.663000000000000478e-01 9.465000000000000080e-01
9.664000000000000368e-01 9.475000000000000089e-01
9.665000000000000258e-01 9.474000000000000199e-01
9.668999999999999817e-01 9.481000000000000538e-01
9.665000000000000258e-01 9.481000000000000538e-01
9.663000000000000478e-01 9.487999999999999767e-01
9.659999999999999698e-01 9.471000000000000529e-01
9.656000000000000139e-01 9.472000000000000419e-01
9.651999999999999469e-01 9.468999999999999639e-01
9.647999999999999909e-01 9.466999999999999860e-01
9.647000000000000020e-01 9.458999999999999631e-01
9.647999999999999909e-01 9.468999999999999639e-01
9.641999999999999460e-01 9.466999999999999860e-01
9.641999999999999460e-01 9.463000000000000300e-01
9.647000000000000020e-01 9.473000000000000309e-01
9.643000000000000460e-01 9.476999999999999869e-01
9.639999999999999680e-01 9.476999999999999869e-01
9.639999999999999680e-01 9.468999999999999639e-01
9.641999999999999460e-01 9.478999999999999648e-01
9.637000000000000011e-01 9.481000000000000538e-01
9.637000000000000011e-01 9.475000000000000089e-01
9.640999999999999570e-01 9.471000000000000529e-01
9.638999999999999790e-01 9.463000000000000300e-01
9.638999999999999790e-01 9.472000000000000419e-01
9.637000000000000011e-01 9.478999999999999648e-01
9.637000000000000011e-01 9.477999999999999758e-01
9.635000000000000231e-01 9.476999999999999869e-01
9.634000000000000341e-01 9.474000000000000199e-01
9.629999999999999671e-01 9.479999999999999538e-01
9.629999999999999671e-01 9.476999999999999869e-01
9.631999999999999451e-01 9.491000000000000547e-01
9.628999999999999782e-01 9.495999999999999996e-01
9.627999999999999892e-01 9.500999999999999446e-01
9.625000000000000222e-01 9.492000000000000437e-01
9.622000000000000552e-01 9.489999999999999547e-01
9.623000000000000442e-01 9.483000000000000318e-01
9.627999999999999892e-01 9.487999999999999767e-01
9.627000000000000002e-01 9.485000000000000098e-01
9.623000000000000442e-01 9.477999999999999758e-01
9.622000000000000552e-01 9.479999999999999538e-01
9.624000000000000332e-01 9.481000000000000538e-01
9.626000000000000112e-01 9.483000000000000318e-01
9.627999999999999892e-01 9.483000000000000318e-01
9.627000000000000002e-01 9.478999999999999648e-01
9.627999999999999892e-01 9.488999999999999657e-01
9.625000000000000222e-01 9.495000000000000107e-01
9.623000000000000442e-01 9.492000000000000437e-01
9.622000000000000552e-01 9.485999999999999988e-01
9.622000000000000552e-01 9.474000000000000199e-01
9.622000000000000552e-01 9.478999999999999648e-01
9.622000000000000552e-01 9.472000000000000419e-01
9.623000000000000442e-01 9.471000000000000529e-01
9.623000000000000442e-01 9.476999999999999869e-01
9.623000000000000442e-01 9.468999999999999639e-01
9.625000000000000222e-01 9.472000000000000419e-01
9.624000000000000332e-01 9.477999999999999758e-01
9.617999999999999883e-01 9.469999999999999529e-01
9.616999999999999993e-01 9.472000000000000419e-01
9.616999999999999993e-01 9.481000000000000538e-01
9.615000000000000213e-01 9.484000000000000208e-01
9.613000000000000433e-01 9.498999999999999666e-01
9.615000000000000213e-01 9.495000000000000107e-01
9.615000000000000213e-01 9.495000000000000107e-01
9.615000000000000213e-01 9.474000000000000199e-01
9.615000000000000213e-01 9.497999999999999776e-01
9.614000000000000323e-01 9.488999999999999657e-01
9.609999999999999654e-01 9.495000000000000107e-01
9.609999999999999654e-01 9.489999999999999547e-01
9.609999999999999654e-01 9.496999999999999886e-01
9.612000000000000544e-01 9.499999999999999556e-01
9.610999999999999543e-01 9.496999999999999886e-01
9.606000000000000094e-01 9.502000000000000446e-01
9.609999999999999654e-01 9.506999999999999895e-01
9.608999999999999764e-01 9.503000000000000336e-01
9.606000000000000094e-01 9.496999999999999886e-01
9.606999999999999984e-01 9.494000000000000217e-01
9.606000000000000094e-01 9.494000000000000217e-01
9.606000000000000094e-01 9.487999999999999767e-01
9.606999999999999984e-01 9.486999999999999877e-01
9.608999999999999764e-01 9.493000000000000327e-01
9.607999999999999874e-01 9.491000000000000547e-01
9.606000000000000094e-01 9.493000000000000327e-01
9.606000000000000094e-01 9.495999999999999996e-01
9.605000000000000204e-01 9.505000000000000115e-01
9.605000000000000204e-01 9.499999999999999556e-01
9.604000000000000314e-01 9.506000000000000005e-01
9.604000000000000314e-01 9.498999999999999666e-01
9.602000000000000535e-01 9.495999999999999996e-01
9.606000000000000094e-01 9.503000000000000336e-01
9.605000000000000204e-01 9.508999999999999675e-01
9.603000000000000425e-01 9.504000000000000226e-01
9.599999999999999645e-01 9.513000000000000345e-01
9.598999999999999755e-01 9.507999999999999785e-01
9.600999999999999535e-01 9.504000000000000226e-01
9.599999999999999645e-01 9.498999999999999666e-01
9.598999999999999755e-01 9.492000000000000437e-01
9.599999999999999645e-01 9.489999999999999547e-01
9.602000000000000535e-01 9.496999999999999886e-01
9.600999999999999535e-01 9.499999999999999556e-01
9.596999999999999975e-01 9.496999999999999886e-01
9.597999999999999865e-01 9.502000000000000446e-01
9.597999999999999865e-01 9.487999999999999767e-01
9.600999999999999535e-01 9.496999999999999886e-01
9.597999999999999865e-01 9.495000000000000107e-01
9.596000000000000085e-01 9.496999999999999886e-01
9.595000000000000195e-01 9.510999999999999455e-01
9.596000000000000085e-01 9.506999999999999895e-01
9.595000000000000195e-01 9.510999999999999455e-01
9.590999999999999526e-01 9.499999999999999556e-01
9.590999999999999526e-01 9.500999999999999446e-01
9.588999999999999746e-01 9.503000000000000336e-01
9.586000000000000076e-01 9.498999999999999666e-01
9.587999999999999856e-01 9.491000000000000547e-01
9.588999999999999746e-01 9.495000000000000107e-01
9.595000000000000195e-01 9.492000000000000437e-01
9.593000000000000416e-01 9.488999999999999657e-01
9.593000000000000416e-01 9.498999999999999666e-01
9.589999999999999636e-01 9.494000000000000217e-01
9.586999999999999966e-01 9.510999999999999455e-01
9.583000000000000407e-01 9.513000000000000345e-01
9.584000000000000297e-01 9.516999999999999904e-01
9.580999999999999517e-01 9.514000000000000234e-01
9.585000000000000187e-01 9.514000000000000234e-01
9.585000000000000187e-01 9.517999999999999794e-01
9.580999999999999517e-01 9.513000000000000345e-01
9.584000000000000297e-01 9.508999999999999675e-01
9.582000000000000517e-01 9.520999999999999464e-01
9.584000000000000297e-01 9.519999999999999574e-01
9.586000000000000076e-01 9.516000000000000014e-01
9.586999999999999966e-01 9.524000000000000243e-01
9.585000000000000187e-01 9.514000000000000234e-01
9.584000000000000297e-01 9.517999999999999794e-01
9.583000000000000407e-01 9.508999999999999675e-01
9.580999999999999517e-01 9.504000000000000226e-01
9.576000000000000068e-01 9.514000000000000234e-01
9.579999999999999627e-01 9.507999999999999785e-01
9.578999999999999737e-01 9.516000000000000014e-01
9.579999999999999627e-01 9.499999999999999556e-01
9.579999999999999627e-01 9.506999999999999895e-01
9.580999999999999517e-01 9.506000000000000005e-01
9.582000000000000517e-01 9.502000000000000446e-01
9.580999999999999517e-01 9.496999999999999886e-01
9.576999999999999957e-01 9.495000000000000107e-01
9.580999999999999517e-01 9.506000000000000005e-01
9.580999999999999517e-01 9.505000000000000115e-01
9.576000000000000068e-01 9.503000000000000336e-01
9.579999999999999627e-01 9.509999999999999565e-01
9.582000000000000517e-01 9.509999999999999565e-01
9.582000000000000517e-01 9.512000000000000455e-01
9.585000000000000187e-01 9.506000000000000005e-01
9.582000000000000517e-01 9.520999999999999464e-01
9.579999999999999627e-01 9.512000000000000455e-01
9.578999999999999737e-01 9.517999999999999794e-01
9.579999999999999627e-01 9.523000000000000353e-01
9.575000000000000178e-01 9.514000000000000234e-01
9.577999999999999847e-01 9.517999999999999794e-01
9.576999999999999957e-01 9.509999999999999565e-01
9.576999999999999957e-01 9.506000000000000005e-01
9.575000000000000178e-01 9.507999999999999785e-01
9.577999999999999847e-01 9.503000000000000336e-01
9.579999999999999627e-01 9.509999999999999565e-01
9.579999999999999627e-01 9.493000000000000327e-01
9.576999999999999957e-01 9.499999999999999556e-01
9.576000000000000068e-01 9.504000000000000226e-01
9.575000000000000178e-01 9.509999999999999565e-01
9.572000000000000508e-01 9.507999999999999785e-01
9.576999999999999957e-01 9.507999999999999785e-01
9.577999999999999847e-01 9.504000000000000226e-01
9.576999999999999957e-01 9.495000000000000107e-01
9.576999999999999957e-01 9.509999999999999565e-01
9.575000000000000178e-01 9.512000000000000455e-01
9.572000000000000508e-01 9.512000000000000455e-01
9.573000000000000398e-01 9.505000000000000115e-01
9.573000000000000398e-01 9.509999999999999565e-01
9.573000000000000398e-01 9.520999999999999464e-01
9.574000000000000288e-01 9.509999999999999565e-01
9.574000000000000288e-01 9.512000000000000455e-01
9.570999999999999508e-01 9.505000000000000115e-01
9.574000000000000288e-01 9.498999999999999666e-01
9.575000000000000178e-01 9.518999999999999684e-01
9.572000000000000508e-01 9.507999999999999785e-01
9.569999999999999618e-01 9.506000000000000005e-01
9.572000000000000508e-01 9.502000000000000446e-01
9.575000000000000178e-01 9.512000000000000455e-01
9.576000000000000068e-01 9.500999999999999446e-01
9.576000000000000068e-01 9.506999999999999895e-01
9.572000000000000508e-01 9.506000000000000005e-01
9.569999999999999618e-01 9.508999999999999675e-01
9.572000000000000508e-01 9.504000000000000226e-01
9.572000000000000508e-01 9.503000000000000336e-01
9.570999999999999508e-01 9.499999999999999556e-01
9.570999999999999508e-01 9.504000000000000226e-01
9.572000000000000508e-01 9.506000000000000005e-01
9.570999999999999508e-01 9.491000000000000547e-01
9.570999999999999508e-01 9.495000000000000107e-01
9.573000000000000398e-01 9.489999999999999547e-01
9.569999999999999618e-01 9.495999999999999996e-01
9.568999999999999728e-01 9.487999999999999767e-01
9.566000000000000059e-01 9.486999999999999877e-01
9.566000000000000059e-01 9.495000000000000107e-01
9.566999999999999948e-01 9.491000000000000547e-01
9.566000000000000059e-01 9.489999999999999547e-01
9.566999999999999948e-01 9.495000000000000107e-01
9.564000000000000279e-01 9.491000000000000547e-01
9.565000000000000169e-01 9.488999999999999657e-01
9.562000000000000499e-01 9.489999999999999547e-01
9.562000000000000499e-01 9.485999999999999988e-01
9.562000000000000499e-01 9.485999999999999988e-01
9.564000000000000279e-01 9.499999999999999556e-01
9.562000000000000499e-01 9.497999999999999776e-01
9.564000000000000279e-01 9.498999999999999666e-01
9.562000000000000499e-01 9.497999999999999776e-01
9.562000000000000499e-01 9.494000000000000217e-01
9.562000000000000499e-01 9.491000000000000547e-01
9.563000000000000389e-01 9.492000000000000437e-01
9.562000000000000499e-01 9.489999999999999547e-01
9.560999999999999499e-01 9.489999999999999547e-01
9.559999999999999609e-01 9.494000000000000217e-01
9.559999999999999609e-01 9.496999999999999886e-01
9.557999999999999829e-01 9.503000000000000336e-01
9.557999999999999829e-01 9.503000000000000336e-01
9.556000000000000050e-01 9.489999999999999547e-01
9.556999999999999940e-01 9.492000000000000437e-01
9.554000000000000270e-01 9.499999999999999556e-01
9.553000000000000380e-01 9.492000000000000437e-01
9.553000000000000380e-01 9.506000000000000005e-01
9.554000000000000270e-01 9.495999999999999996e-01
9.556000000000000050e-01 9.495999999999999996e-01
9.554000000000000270e-01 9.495000000000000107e-01
9.553000000000000380e-01 9.499999999999999556e-01
9.552000000000000490e-01 9.498999999999999666e-01
9.552000000000000490e-01 9.498999999999999666e-01
9.552000000000000490e-01 9.495000000000000107e-01
9.549999999999999600e-01 9.493000000000000327e-01
9.548999999999999710e-01 9.500999999999999446e-01
9.546999999999999931e-01 9.495999999999999996e-01
9.549999999999999600e-01 9.495999999999999996e-01
9.545000000000000151e-01 9.497999999999999776e-01
9.546000000000000041e-01 9.496999999999999886e-01
9.546000000000000041e-01 9.497999999999999776e-01
9.546999999999999931e-01 9.494000000000000217e-01
9.546000000000000041e-01 9.487999999999999767e-01
9.546999999999999931e-01 9.486999999999999877e-01
9.547999999999999821e-01 9.495000000000000107e-01
9.548999999999999710e-01 9.499999999999999556e-01
9.547999999999999821e-01 9.506000000000000005e-01
9.547999999999999821e-01 9.505000000000000115e-01
9.546999999999999931e-01 9.502000000000000446e-01
9.545000000000000151e-01 9.507999999999999785e-01
9.545000000000000151e-01 9.514000000000000234e-01
9.545000000000000151e-01 9.513000000000000345e-01
9.544000000000000261e-01 9.513000000000000345e-01
9.545000000000000151e-01 9.508999999999999675e-01
9.546000000000000041e-01 9.506000000000000005e-01
9.547999999999999821e-01 9.513000000000000345e-01
9.547999999999999821e-01 9.512000000000000455e-01
9.547999999999999821e-01 9.512000000000000455e-01
9.548999999999999710e-01 9.510999999999999455e-01
9.547999999999999821e-01 9.506999999999999895e-01
9.546000000000000041e-01 9.507999999999999785e-01
9.545000000000000151e-01 9.508999999999999675e-01
9.544000000000000261e-01 9.519999999999999574e-01
9.546000000000000041e-01 9.513000000000000345e-01
9.544000000000000261e-01 9.516000000000000014e-01
9.544000000000000261e-01 9.515000000000000124e-01
9.544000000000000261e-01 9.522000000000000464e-01
9.545000000000000151e-01 9.510999999999999455e-01
9.543000000000000371e-01 9.503000000000000336e-01
9.540999999999999481e-01 9.497999999999999776e-01
9.542000000000000481e-01 9.505000000000000115e-01
9.542000000000000481e-01 9.505000000000000115e-01
9.540999999999999481e-01 9.498999999999999666e-01
9.539999999999999591e-01 9.500999999999999446e-01
9.538999999999999702e-01 9.502000000000000446e-01
9.536999999999999922e-01 9.514000000000000234e-01
9.537999999999999812e-01 9.507999999999999785e-01
9.538999999999999702e-01 9.512000000000000455e-01
9.536000000000000032e-01 9.510999999999999455e-01
9.534000000000000252e-01 9.517999999999999794e-01
9.536000000000000032e-01 9.510999999999999455e-01
9.534000000000000252e-01 9.510999999999999455e-01
9.538999999999999702e-01 9.507999999999999785e-01
9.542000000000000481e-01 9.495000000000000107e-01
9.538999999999999702e-01 9.502000000000000446e-01
9.538999999999999702e-01 9.496999999999999886e-01
9.538999999999999702e-01 9.495999999999999996e-01
9.542000000000000481e-01 9.492000000000000437e-01
9.542000000000000481e-01 9.497999999999999776e-01
9.540999999999999481e-01 9.498999999999999666e-01
9.540999999999999481e-01 9.491000000000000547e-01
9.542000000000000481e-01 9.488999999999999657e-01
9.538999999999999702e-01 9.487999999999999767e-01
9.540999999999999481e-01 9.493000000000000327e-01
9.540999999999999481e-01 9.495000000000000107e-01
9.543000000000000371e-01 9.482000000000000428e-01
9.540999999999999481e-01 9.487999999999999767e-01
9.545000000000000151e-01 9.489999999999999547e-01
9.542000000000000481e-01 9.493000000000000327e-01
9.546000000000000041e-01 9.494000000000000217e-01
9.544000000000000261e-01 9.485000000000000098e-01
9.545000000000000151e-01 9.494000000000000217e-01
9.545000000000000151e-01 9.497999999999999776e-01
9.540999999999999481e-01 9.494000000000000217e-01
9.539999999999999591e-01 9.491000000000000547e-01
9.540999999999999481e-01 9.495999999999999996e-01
9.542000000000000481e-01 9.498999999999999666e-01
9.543000000000000371e-01 9.492000000000000437e-01
9.543000000000000371e-01 9.500999999999999446e-01
9.540999999999999481e-01 9.496999999999999886e-01
9.539999999999999591e-01 9.502000000000000446e-01
9.540999999999999481e-01 9.495999999999999996e-01
9.540999999999999481e-01 9.485000000000000098e-01
9.540999999999999481e-01 9.492000000000000437e-01
9.542000000000000481e-01 9.475000000000000089e-01
9.540999999999999481e-01 9.477999999999999758e-01
9.542000000000000481e-01 9.484000000000000208e-01
9.542000000000000481e-01 9.478999999999999648e-01
9.540999999999999481e-01 9.486999999999999877e-01
9.539999999999999591e-01 9.486999999999999877e-01
9.539999999999999591e-01 9.487999999999999767e-01
9.540999999999999481e-01 9.488999999999999657e-01
9.542000000000000481e-01 9.485999999999999988e-01
9.540999999999999481e-01 9.482000000000000428e-01
9.537999999999999812e-01 9.482000000000000428e-01
9.539999999999999591e-01 9.495000000000000107e-01
9.539999999999999591e-01 9.491000000000000547e-01
9.539999999999999591e-01 9.489999999999999547e-01
9.539999999999999591e-01 9.482000000000000428e-01
9.538999999999999702e-01 9.486999999999999877e-01
9.540999999999999481e-01 9.486999999999999877e-01
9.539999999999999591e-01 9.484000000000000208e-01
9.542000000000000481e-01 9.477999999999999758e-01
9.542000000000000481e-01 9.484000000000000208e-01
9.540999999999999481e-01 9.494000000000000217e-01
9.542000000000000481e-01 9.499999999999999556e-01
9.538999999999999702e-01 9.489999999999999547e-01
9.539999999999999591e-01 9.495000000000000107e-01
9.543000000000000371e-01 9.491000000000000547e-01
9.537999999999999812e-01 9.495999999999999996e-01
9.539999999999999591e-01 9.491000000000000547e-01
9.537999999999999812e-01 9.488999999999999657e-01
9.538999999999999702e-01 9.491000000000000547e-01
9.536000000000000032e-01 9.492000000000000437e-01
9.536999999999999922e-01 9.495000000000000107e-01
9.537999999999999812e-01 9.505000000000000115e-01
9.535000000000000142e-01 9.498999999999999666e-01
9.536000000000000032e-01 9.500999999999999446e-01
9.536999999999999922e-01 9.506000000000000005e-01
9.530999999999999472e-01 9.504000000000000226e-01
9.529999999999999583e-01 9.500999999999999446e-01
9.529999999999999583e-01 9.489999999999999547e-01
9.528999999999999693e-01 9.496999999999999886e-01
9.532000000000000473e-01 9.507999999999999785e-01
9.532000000000000473e-01 9.512000000000000455e-01
9.532000000000000473e-01 9.506999999999999895e-01
9.534000000000000252e-01 9.500999999999999446e-01
9.534000000000000252e-01 9.500999999999999446e-01
9.532000000000000473e-01 9.495999999999999996e-01
9.533000000000000362e-01 9.503000000000000336e-01
9.532000000000000473e-01 9.509999999999999565e-01
9.530999999999999472e-01 9.506999999999999895e-01
9.530999999999999472e-01 9.513000000000000345e-01
9.529999999999999583e-01 9.504000000000000226e-01
9.533000000000000362e-01 9.505000000000000115e-01
9.530999999999999472e-01 9.506000000000000005e-01
9.535000000000000142e-01 9.507999999999999785e-01
9.532000000000000473e-01 9.507999999999999785e-01
9.530999999999999472e-01 9.509999999999999565e-01
9.532000000000000473e-01 9.509999999999999565e-01
9.530999999999999472e-01 9.508999999999999675e-01
9.530999999999999472e-01 9.514000000000000234e-01
9.533000000000000362e-01 9.512000000000000455e-01
9.534000000000000252e-01 9.505000000000000115e-01
9.533000000000000362e-01 9.500999999999999446e-01
9.533000000000000362e-01 9.500999999999999446e-01
9.530999999999999472e-01 9.499999999999999556e-01
9.533000000000000362e-01 9.503000000000000336e-01
9.535000000000000142e-01 9.509999999999999565e-01
9.533000000000000362e-01 9.512000000000000455e-01
9.536999999999999922e-01 9.508999999999999675e-01
9.536999999999999922e-01 9.510999999999999455e-01
9.536000000000000032e-01 9.510999999999999455e-01
9.536000000000000032e-01 9.519999999999999574e-01
9.536999999999999922e-01 9.522000000000000464e-01
9.536999999999999922e-01 9.519999999999999574e-01
9.536999999999999922e-01 9.524000000000000243e-01
9.536000000000000032e-01 9.520999999999999464e-01
9.536999999999999922e-01 9.535000000000000142e-01
9.536000000000000032e-01 9.527999999999999803e-01
9.536999999999999922e-01 9.518999999999999684e-01
9.536999999999999922e-01 9.506000000000000005e-01
9.536999999999999922e-01 9.516999999999999904e-01
9.536999999999999922e-01 9.514000000000000234e-01
9.535000000000000142e-01 9.516999999999999904e-01
9.534000000000000252e-01 9.512000000000000455e-01
9.534000000000000252e-01 9.515000000000000124e-01
9.533000000000000362e-01 9.530999999999999472e-01
9.533000000000000362e-01 9.529999999999999583e-01
9.532000000000000473e-01 9.532000000000000473e-01
9.529999999999999583e-01 9.524000000000000243e-01
9.528999999999999693e-01 9.525000000000000133e-01
9.527999999999999803e-01 9.529999999999999583e-01
9.526999999999999913e-01 9.529999999999999583e-01
9.528999999999999693e-01 9.527999999999999803e-01
9.527999999999999803e-01 9.526999999999999913e-01
9.529999999999999583e-01 9.520999999999999464e-01
9.527999999999999803e-01 9.523000000000000353e-01
9.527999999999999803e-01 9.525000000000000133e-01
9.527999999999999803e-01 9.530999999999999472e-01
9.527999999999999803e-01 9.522000000000000464e-01
9.526000000000000023e-01 9.528999999999999693e-01
9.526000000000000023e-01 9.526000000000000023e-01
9.528999999999999693e-01 9.527999999999999803e-01
9.530999999999999472e-01 9.530999999999999472e-01
9.526999999999999913e-01 9.526999999999999913e-01
9.527999999999999803e-01 9.523000000000000353e-01
9.529999999999999583e-01 9.529999999999999583e-01
9.528999999999999693e-01 9.518999999999999684e-01
9.527999999999999803e-01 9.524000000000000243e-01
9.526000000000000023e-01 9.518999999999999684e-01
9.526999999999999913e-01 9.515000000000000124e-01
9.526000000000000023e-01 9.523000000000000353e-01
9.529999999999999583e-01 9.516000000000000014e-01
9.529999999999999583e-01 9.519999999999999574e-01
9.528999999999999693e-01 9.507999999999999785e-01
9.528999999999999693e-01 9.514000000000000234e-01
9.530999999999999472e-01 9.516000000000000014e-01
9.529999999999999583e-01 9.503000000000000336e-01
9.532000000000000473e-01 9.514000000000000234e-01
9.534000000000000252e-01 9.509999999999999565e-01
9.535000000000000142e-01 9.510999999999999455e-01
9.534000000000000252e-01 9.508999999999999675e-01
9.533000000000000362e-01 9.516000000000000014e-01
9.534000000000000252e-01 9.519999999999999574e-01
9.536000000000000032e-01 9.525000000000000133e-01
9.535000000000000142e-01 9.525000000000000133e-01
9.536000000000000032e-01 9.512000000000000455e-01
9.536999999999999922e-01 9.516000000000000014e-01
9.536000000000000032e-01 9.514000000000000234e-01
9.535000000000000142e-01 9.517999999999999794e-01
9.533000000000000362e-01 9.513000000000000345e-01
9.536000000000000032e-01 9.506000000000000005e-01
9.537999999999999812e-01 9.509999999999999565e-01
9.536999999999999922e-01 9.507999999999999785e-01
9.534000000000000252e-01 9.515000000000000124e-01
9.533000000000000362e-01 9.518999999999999684e-01
9.530999999999999472e-01 9.517999999999999794e-01
9.529999999999999583e-01 9.520999999999999464e-01
9.529999999999999583e-01 9.530999999999999472e-01
9.529999999999999583e-01 9.535000000000000142e-01
9.530999999999999472e-01 9.536000000000000032e-01
9.529999999999999583e-01 9.519999999999999574e-01
9.526999999999999913e-01 9.522000000000000464e-01
9.529999999999999583e-01 9.529999999999999583e-01
9.532000000000000473e-01 9.526999999999999913e-01
9.529999999999999583e-01 9.528999999999999693e-01
9.529999999999999583e-01 9.534000000000000252e-01
9.530999999999999472e-01 9.539999999999999591e-01
9.530999999999999472e-01 9.536000000000000032e-01
9.530999999999999472e-01 9.546000000000000041e-01
9.530999999999999472e-01 9.533000000000000362e-01
9.532000000000000473e-01 9.534000000000000252e-01
9.529999999999999583e-01 9.536000000000000032e-01
9.533000000000000362e-01 9.537999999999999812e-01
9.534000000000000252e-01 9.535000000000000142e-01
9.536999999999999922e-01 9.529999999999999583e-01
9.536000000000000032e-01 9.532000000000000473e-01
9.536000000000000032e-01 9.537999999999999812e-01
9.536999999999999922e-01 9.543000000000000371e-01
9.536000000000000032e-01 9.537999999999999812e-01
9.535000000000000142e-01 9.530999999999999472e-01
9.535000000000000142e-01 9.534000000000000252e-01
9.535000000000000142e-01 9.533000000000000362e-01
9.535000000000000142e-01 9.535000000000000142e-01
9.533000000000000362e-01 9.536999999999999922e-01
9.534000000000000252e-01 9.542000000000000481e-01
9.535000000000000142e-01 9.528999999999999693e-01
9.534000000000000252e-01 9.529999999999999583e-01
9.527999999999999803e-01 9.520999999999999464e-01
9.526999999999999913e-01 9.527999999999999803e-01
9.528999999999999693e-01 9.523000000000000353e-01
9.528999999999999693e-01 9.516999999999999904e-01
9.527999999999999803e-01 9.509999999999999565e-01
9.526999999999999913e-01 9.517999999999999794e-01
9.526999999999999913e-01 9.520999999999999464e-01
9.529999999999999583e-01 9.526000000000000023e-01
9.529999999999999583e-01 9.524000000000000243e-01
9.527999999999999803e-01 9.526000000000000023e-01
9.526999999999999913e-01 9.529999999999999583e-01
9.526000000000000023e-01 9.528999999999999693e-01
9.526000000000000023e-01 9.535000000000000142e-01
9.526999999999999913e-01 9.533000000000000362e-01
9.526000000000000023e-01 9.524000000000000243e-01
9.525000000000000133e-01 9.517999999999999794e-01
9.525000000000000133e-01 9.526999999999999913e-01
9.526000000000000023e-01 9.528999999999999693e-01
9.527999999999999803e-01 9.528999999999999693e-01
9.526999999999999913e-01 9.536999999999999922e-01
9.530999999999999472e-01 9.530999999999999472e-01
9.529999999999999583e-01 9.529999999999999583e-01
9.528999999999999693e-01 9.532000000000000473e-01
9.527999999999999803e-01 9.532000000000000473e-01
9.527999999999999803e-01 9.534000000000000252e-01
9.526999999999999913e-01 9.543000000000000371e-01
9.526999999999999913e-01 9.549999999999999600e-01
9.526999999999999913e-01 9.546999999999999931e-01
9.526000000000000023e-01 9.544000000000000261e-01
9.525000000000000133e-01 9.550999999999999490e-01
9.526000000000000023e-01 9.548999999999999710e-01
9.526999999999999913e-01 9.546000000000000041e-01
9.526999999999999913e-01 9.539999999999999591e-01
9.526000000000000023e-01 9.536000000000000032e-01
9.524000000000000243e-01 9.536000000000000032e-01
9.524000000000000243e-01 9.543000000000000371e-01
9.522000000000000464e-01 9.536999999999999922e-01
9.520999999999999464e-01 9.536999999999999922e-01
9.523000000000000353e-01 9.533000000000000362e-01
9.520999999999999464e-01 9.536000000000000032e-01
9.522000000000000464e-01 9.528999999999999693e-01
9.520999999999999464e-01 9.528999999999999693e-01
9.523000000000000353e-01 9.526000000000000023e-01
9.522000000000000464e-01 9.523000000000000353e-01
9.525000000000000133e-01 9.522000000000000464e-01
9.524000000000000243e-01 9.525000000000000133e-01
9.524000000000000243e-01 9.528999999999999693e-01
9.526000000000000023e-01 9.522000000000000464e-01
9.524000000000000243e-01 9.518999999999999684e-01
9.524000000000000243e-01 9.525000000000000133e-01
9.525000000000000133e-01 9.514000000000000234e-01
9.525000000000000133e-01 9.525000000000000133e-01
9.525000000000000133e-01 9.523000000000000353e-01
9.524000000000000243e-01 9.526000000000000023e-01
9.523000000000000353e-01 9.526999999999999913e-01
9.524000000000000243e-01 9.527999999999999803e-01
9.525000000000000133e-01 9.522000000000000464e-01
9.525000000000000133e-01 9.530999999999999472e-01
9.525000000000000133e-01 9.522000000000000464e-01
9.525000000000000133e-01 9.520999999999999464e-01
9.524000000000000243e-01 9.522000000000000464e-01
9.524000000000000243e-01 9.522000000000000464e-01
9.523000000000000353e-01 9.519999999999999574e-01
9.523000000000000353e-01 9.517999999999999794e-01
9.524000000000000243e-01 9.518999999999999684e-01
9.524000000000000243e-01 9.526000000000000023e-01
9.524000000000000243e-01 9.525000000000000133e-01
9.522000000000000464e-01 9.526999999999999913e-01
9.520999999999999464e-01 9.525000000000000133e-01
9.522000000000000464e-01 9.526999999999999913e-01
9.524000000000000243e-01 9.518999999999999684e-01
9.524000000000000243e-01 9.526999999999999913e-01
9.522000000000000464e-01 9.538999999999999702e-01
9.522000000000000464e-01 9.532000000000000473e-01
9.520999999999999464e-01 9.535000000000000142e-01
9.519999999999999574e-01 9.539999999999999591e-01
9.520999999999999464e-01 9.532000000000000473e-01
9.520999999999999464e-01 9.528999999999999693e-01
9.520999999999999464e-01 9.529999999999999583e-01
9.520999999999999464e-01 9.520999999999999464e-01
9.523000000000000353e-01 9.522000000000000464e-01
9.519999999999999574e-01 9.522000000000000464e-01
9.519999999999999574e-01 9.520999999999999464e-01
9.519999999999999574e-01 9.526000000000000023e-01
9.522000000000000464e-01 9.519999999999999574e-01
9.522000000000000464e-01 9.523000000000000353e-01
9.523000000000000353e-01 9.518999999999999684e-01
9.523000000000000353e-01 9.527999999999999803e-01
9.523000000000000353e-01 9.525000000000000133e-01
9.524000000000000243e-01 9.526999999999999913e-01
9.524000000000000243e-01 9.528999999999999693e-01
9.523000000000000353e-01 9.532000000000000473e-01
9.524000000000000243e-01 9.526999999999999913e-01
9.524000000000000243e-01 9.526999999999999913e-01
9.524000000000000243e-01 9.525000000000000133e-01
9.524000000000000243e-01 9.525000000000000133e-01
9.526999999999999913e-01 9.524000000000000243e-01
9.524000000000000243e-01 9.519999999999999574e-01
9.525000000000000133e-01 9.516999999999999904e-01
9.524000000000000243e-01 9.525000000000000133e-01
9.524000000000000243e-01 9.526999999999999913e-01
9.522000000000000464e-01 9.520999999999999464e-01
9.520999999999999464e-01 9.513000000000000345e-01
9.520999999999999464e-01 9.512000000000000455e-01
9.519999999999999574e-01 9.519999999999999574e-01
9.519999999999999574e-01 9.523000000000000353e-01
9.520999999999999464e-01 9.506999999999999895e-01
9.520999999999999464e-01 9.514000000000000234e-01
9.520999999999999464e-01 9.516999999999999904e-01
9.519999999999999574e-01 9.523000000000000353e-01
9.523000000000000353e-01 9.517999999999999794e-01
9.523000000000000353e-01 9.526000000000000023e-01
9.522000000000000464e-01 9.530999999999999472e-01
9.520999999999999464e-01 9.525000000000000133e-01
9.522000000000000464e-01 9.516999999999999904e-01
9.519999999999999574e-01 9.520999999999999464e-01
9.517999999999999794e-01 9.526000000000000023e-01
9.520999999999999464e-01 9.519999999999999574e-01
9.518999999999999684e-01 9.519999999999999574e-01
9.519999999999999574e-01 9.519999999999999574e-01
9.518999999999999684e-01 9.512000000000000455e-01
9.519999999999999574e-01 9.516000000000000014e-01
9.519999999999999574e-01 9.516999999999999904e-01
9.518999999999999684e-01 9.522000000000000464e-01
9.517999999999999794e-01 9.526000000000000023e-01
9.517999999999999794e-01 9.520999999999999464e-01
9.518999999999999684e-01 9.525000000000000133e-01
9.519999999999999574e-01 9.513000000000000345e-01
9.518999999999999684e-01 9.513000000000000345e-01
9.518999999999999684e-01 9.517999999999999794e-01
9.517999999999999794e-01 9.517999999999999794e-01
9.516000000000000014e-01 9.516000000000000014e-01
9.517999999999999794e-01 9.517999999999999794e-01
9.516000000000000014e-01 9.516000000000000014e-01
9.515000000000000124e-01 9.512000000000000455e-01
9.515000000000000124e-01 9.516999999999999904e-01
9.515000000000000124e-01 9.518999999999999684e-01
9.515000000000000124e-01 9.512000000000000455e-01
9.516000000000000014e-01 9.516999999999999904e-01
9.516000000000000014e-01 9.513000000000000345e-01
9.515000000000000124e-01 9.519999999999999574e-01
9.515000000000000124e-01 9.517999999999999794e-01
9.516000000000000014e-01 9.517999999999999794e-01
9.516000000000000014e-01 9.516000000000000014e-01
9.516000000000000014e-01 9.516000000000000014e-01
9.515000000000000124e-01 9.519999999999999574e-01
9.516000000000000014e-01 9.527999999999999803e-01
9.515000000000000124e-01 9.533000000000000362e-01
9.514000000000000234e-01 9.523000000000000353e-01
9.512000000000000455e-01 9.524000000000000243e-01
9.510999999999999455e-01 9.522000000000000464e-01
9.510999999999999455e-01 9.509999999999999565e-01
9.510999999999999455e-01 9.506000000000000005e-01
9.510999999999999455e-01 9.510999999999999455e-01
9.512000000000000455e-01 9.509999999999999565e-01
9.514000000000000234e-01 9.508999999999999675e-01
9.515000000000000124e-01 9.510999999999999455e-01
9.515000000000000124e-01 9.515000000000000124e-01
9.515000000000000124e-01 9.526000000000000023e-01
9.516000000000000014e-01 9.516999999999999904e-01
9.518999999999999684e-01 9.515000000000000124e-01
9.518999999999999684e-01 9.514000000000000234e-01
9.516999999999999904e-01 9.515000000000000124e-01
9.517999999999999794e-01 9.510999999999999455e-01
9.516999999999999904e-01 9.515000000000000124e-01
9.513000000000000345e-01 9.514000000000000234e-01
9.514000000000000234e-01 9.515000000000000124e-01
9.514000000000000234e-01 9.522000000000000464e-01
9.514000000000000234e-01 9.510999999999999455e-01
9.513000000000000345e-01 9.512000000000000455e-01
9.515000000000000124e-01 9.516000000000000014e-01
9.516000000000000014e-01 9.516000000000000014e-01
9.516000000000000014e-01 9.516000000000000014e-01
9.516999999999999904e-01 9.513000000000000345e-01
9.516999999999999904e-01 9.510999999999999455e-01
9.517999999999999794e-01 9.498999999999999666e-01
9.517999999999999794e-01 9.498999999999999666e-01
9.517999999999999794e-01 9.506000000000000005e-01
9.518999999999999684e-01 9.509999999999999565e-01
9.518999999999999684e-01 9.506000000000000005e-01
9.520999999999999464e-01 9.522000000000000464e-01
9.519999999999999574e-01 9.519999999999999574e-01
9.520999999999999464e-01 9.510999999999999455e-01
9.519999999999999574e-01 9.506999999999999895e-01
9.520999999999999464e-01 9.509999999999999565e-01
9.519999999999999574e-01 9.518999999999999684e-01
9.517999999999999794e-01 9.512000000000000455e-01
9.519999999999999574e-01 9.504000000000000226e-01
9.520999999999999464e-01 9.513000000000000345e-01
9.520999999999999464e-01 9.506999999999999895e-01
9.518999999999999684e-01 9.505000000000000115e-01
9.518999999999999684e-01 9.505000000000000115e-01
9.520999999999999464e-01 9.500999999999999446e-01
9.519999999999999574e-01 9.495999999999999996e-01
9.517999999999999794e-01 9.504000000000000226e-01
9.516999999999999904e-01 9.496999999999999886e-01
9.517999999999999794e-01 9.493000000000000327e-01
9.517999999999999794e-01 9.492000000000000437e-01
9.517999999999999794e-01 9.488999999999999657e-01
9.517999999999999794e-01 9.493000000000000327e-01
9.519999999999999574e-01 9.495999999999999996e-01
9.518999999999999684e-01 9.494000000000000217e-01
9.519999999999999574e-01 9.494000000000000217e-01
9.519999999999999574e-01 9.489999999999999547e-01
9.519999999999999574e-01 9.495999999999999996e-01
9.518999999999999684e-01 9.492000000000000437e-01
9.516999999999999904e-01 9.489999999999999547e-01
9.519999999999999574e-01 9.492000000000000437e-01
9.518999999999999684e-01 9.495000000000000107e-01
9.517999999999999794e-01 9.492000000000000437e-01
9.517999999999999794e-01 9.497999999999999776e-01
9.519999999999999574e-01 9.497999999999999776e-01
9.519999999999999574e-01 9.503000000000000336e-01
9.519999999999999574e-01 9.497999999999999776e-01
9.519999999999999574e-01 9.505000000000000115e-01
9.520999999999999464e-01 9.497999999999999776e-01
9.522000000000000464e-01 9.496999999999999886e-01
9.522000000000000464e-01 9.489999999999999547e-01
9.523000000000000353e-01 9.493000000000000327e-01
9.526000000000000023e-01 9.502000000000000446e-01
9.526999999999999913e-01 9.495999999999999996e-01
9.526999999999999913e-01 9.492000000000000437e-01
9.526999999999999913e-01 9.489999999999999547e-01
9.525000000000000133e-01 9.487999999999999767e-01
9.526999999999999913e-01 9.486999999999999877e-01
9.526000000000000023e-01 9.489999999999999547e-01
9.525000000000000133e-01 9.495000000000000107e-01
9.524000000000000243e-01 9.493000000000000327e-01
9.525000000000000133e-01 9.494000000000000217e-01
9.525000000000000133e-01 9.500999999999999446e-01
9.524000000000000243e-01 9.506999999999999895e-01
9.522000000000000464e-01 9.506000000000000005e-01
9.524000000000000243e-01 9.506999999999999895e-01
9.523000000000000353e-01 9.504000000000000226e-01
9.524000000000000243e-01 9.505000000000000115e-01
9.522000000000000464e-01 9.497999999999999776e-01
9.522000000000000464e-01 9.505000000000000115e-01
9.524000000000000243e-01 9.502000000000000446e-01
9.520999999999999464e-01 9.500999999999999446e-01
9.522000000000000464e-01 9.493000000000000327e-01
9.522000000000000464e-01 9.493000000000000327e-01
9.523000000000000353e-01 9.495000000000000107e-01
9.524000000000000243e-01 9.493000000000000327e-01
9.524000000000000243e-01 9.484000000000000208e-01
9.524000000000000243e-01 9.488999999999999657e-01
9.522000000000000464e-01 9.489999999999999547e-01
9.520999999999999464e-01 9.489999999999999547e-01
9.522000000000000464e-01 9.492000000000000437e-01
9.524000000000000243e-01 9.498999999999999666e-01
9.522000000000000464e-01 9.496999999999999886e-01
9.523000000000000353e-01 9.496999999999999886e-01
9.522000000000000464e-01 9.495999999999999996e-01
9.522000000000000464e-01 9.500999999999999446e-01
9.523000000000000353e-01 9.503000000000000336e-01
9.526000000000000023e-01 9.494000000000000217e-01
9.526000000000000023e-01 9.499999999999999556e-01
9.524000000000000243e-01 9.495000000000000107e-01
9.523000000000000353e-01 9.498999999999999666e-01
9.524000000000000243e-01 9.500999999999999446e-01
9.520999999999999464e-01 9.494000000000000217e-01
9.522000000000000464e-01 9.491000000000000547e-01
9.520999999999999464e-01 9.494000000000000217e-01
9.522000000000000464e-01 9.495999999999999996e-01
9.520999999999999464e-01 9.489999999999999547e-01
9.522000000000000464e-01 9.499999999999999556e-01
9.524000000000000243e-01 9.496999999999999886e-01
9.523000000000000353e-01 9.502000000000000446e-01
9.523000000000000353e-01 9.497999999999999776e-01
9.522000000000000464e-01 9.500999999999999446e-01
9.523000000000000353e-01 9.496999999999999886e-01
9.520999999999999464e-01 9.506000000000000005e-01
9.520999999999999464e-01 9.504000000000000226e-01
9.519999999999999574e-01 9.506999999999999895e-01
9.520999999999999464e-01 9.506999999999999895e-01
9.520999999999999464e-01 9.495999999999999996e-01
9.519999999999999574e-01 9.502000000000000446e-01
9.522000000000000464e-01 9.495999999999999996e-01
9.525000000000000133e-01 9.495999999999999996e-01
9.524000000000000243e-01 9.499999999999999556e-01
9.526999999999999913e-01 9.500999999999999446e-01
9.526000000000000023e-01 9.500999999999999446e-01
9.526000000000000023e-01 9.502000000000000446e-01
9.526999999999999913e-01 9.506999999999999895e-01
9.525000000000000133e-01 9.496999999999999886e-01
9.525000000000000133e-01 9.500999999999999446e-01
9.526000000000000023e-01 9.515000000000000124e-01
9.525000000000000133e-01 9.506000000000000005e-01
9.524000000000000243e-01 9.513000000000000345e-01
9.523000000000000353e-01 9.516999999999999904e-01
9.525000000000000133e-01 9.507999999999999785e-01
9.524000000000000243e-01 9.509999999999999565e-01
9.522000000000000464e-01 9.506000000000000005e-01
9.523000000000000353e-01 9.499999999999999556e-01
9.524000000000000243e-01 9.497999999999999776e-01
9.523000000000000353e-01 9.495000000000000107e-01
9.522000000000000464e-01 9.505000000000000115e-01
9.520999999999999464e-01 9.498999999999999666e-01
9.519999999999999574e-01 9.493000000000000327e-01
9.522000000000000464e-01 9.491000000000000547e-01
9.520999999999999464e-01 9.496999999999999886e-01
9.522000000000000464e-01 9.495000000000000107e-01
9.522000000000000464e-01 9.493000000000000327e-01
9.524000000000000243e-01 9.499999999999999556e-01
9.524000000000000243e-01 9.494000000000000217e-01
9.525000000000000133e-01 9.491000000000000547e-01
9.524000000000000243e-01 9.494000000000000217e-01
9.523000000000000353e-01 9.488999999999999657e-01
9.522000000000000464e-01 9.487999999999999767e-01
9.522000000000000464e-01 9.485000000000000098e-01
9.523000000000000353e-01 9.486999999999999877e-01
9.522000000000000464e-01 9.484000000000000208e-01
9.520999999999999464e-01 9.484000000000000208e-01
9.519999999999999574e-01 9.494000000000000217e-01
9.518999999999999684e-01 9.496999999999999886e-01
9.519999999999999574e-01 9.491000000000000547e-01
9.523000000000000353e-01 9.491000000000000547e-01
9.523000000000000353e-01 9.499999999999999556e-01
9.523000000000000353e-01 9.505000000000000115e-01
9.522000000000000464e-01 9.503000000000000336e-01
9.520999999999999464e-01 9.498999999999999666e-01
9.522000000000000464e-01 9.497999999999999776e-01
9.518999999999999684e-01 9.495999999999999996e-01
9.519999999999999574e-01 9.495000000000000107e-01
9.518999999999999684e-01 9.495000000000000107e-01
9.518999999999999684e-01 9.493000000000000327e-01
9.519999999999999574e-01 9.498999999999999666e-01
9.519999999999999574e-01 9.488999999999999657e-01
9.519999999999999574e-01 9.488999999999999657e-01
9.518999999999999684e-01 9.496999999999999886e-01
9.519999999999999574e-01 9.497999999999999776e-01
9.517999999999999794e-01 9.506000000000000005e-01
9.517999999999999794e-01 9.502000000000000446e-01
9.518999999999999684e-01 9.506999999999999895e-01
9.518999999999999684e-01 9.509999999999999565e-01
9.520999999999999464e-01 9.506000000000000005e-01
9.522000000000000464e-01 9.512000000000000455e-01
9.519999999999999574e-01 9.506999999999999895e-01
9.519999999999999574e-01 9.512000000000000455e-01
9.519999999999999574e-01 9.506000000000000005e-01
9.520999999999999464e-01 9.513000000000000345e-01
9.518999999999999684e-01 9.507999999999999785e-01
9.522000000000000464e-01 9.506999999999999895e-01
9.523000000000000353e-01 9.506000000000000005e-01
9.522000000000000464e-01 9.512000000000000455e-01
9.519999999999999574e-01 9.508999999999999675e-01
9.517999999999999794e-01 9.507999999999999785e-01
9.519999999999999574e-01 9.504000000000000226e-01
9.519999999999999574e-01 9.515000000000000124e-01
9.520999999999999464e-01 9.506000000000000005e-01
9.522000000000000464e-01 9.503000000000000336e-01
9.523000000000000353e-01 9.510999999999999455e-01
9.520999999999999464e-01 9.508999999999999675e-01
9.522000000000000464e-01 9.510999999999999455e-01
9.520999999999999464e-01 9.507999999999999785e-01
9.523000000000000353e-01 9.505000000000000115e-01
9.522000000000000464e-01 9.505000000000000115e-01
9.522000000000000464e-01 9.506999999999999895e-01
9.523000000000000353e-01 9.496999999999999886e-01
9.522000000000000464e-01 9.487999999999999767e-01
9.519999999999999574e-01 9.495000000000000107e-01
9.520999999999999464e-01 9.506999999999999895e-01
9.522000000000000464e-01 9.495000000000000107e-01
9.522000000000000464e-01 9.486999999999999877e-01
9.523000000000000353e-01 9.482000000000000428e-01
9.523000000000000353e-01 9.486999999999999877e-01
9.525000000000000133e-01 9.486999999999999877e-01
9.522000000000000464e-01 9.485999999999999988e-01
9.524000000000000243e-01 9.487999999999999767e-01
9.523000000000000353e-01 9.495999999999999996e-01
9.522000000000000464e-01 9.485000000000000098e-01
9.523000000000000353e-01 9.485000000000000098e-01
9.524000000000000243e-01 9.489999999999999547e-01
9.523000000000000353e-01 9.488999999999999657e-01
9.525000000000000133e-01 9.489999999999999547e-01
9.524000000000000243e-01 9.485000000000000098e-01
9.524000000000000243e-01 9.489999999999999547e-01
9.523000000000000353e-01 9.496999999999999886e-01
9.523000000000000353e-01 9.493000000000000327e-01
9.520999999999999464e-01 9.487999999999999767e-01
9.522000000000000464e-01 9.487999999999999767e-01
9.522000000000000464e-01 9.496999999999999886e-01
9.520999999999999464e-01 9.493000000000000327e-01
9.522000000000000464e-01 9.497999999999999776e-01
9.520999999999999464e-01 9.494000000000000217e-01
9.520999999999999464e-01 9.497999999999999776e-01
9.518999999999999684e-01 9.493000000000000327e-01
9.518999999999999684e-01 9.495000000000000107e-01
9.518999999999999684e-01 9.493000000000000327e-01
9.517999999999999794e-01 9.502000000000000446e-01
9.518999999999999684e-01 9.504000000000000226e-01
9.518999999999999684e-01 9.500999999999999446e-01
9.518999999999999684e-01 9.504000000000000226e-01
9.520999999999999464e-01 9.506999999999999895e-01
9.520999999999999464e-01 9.504000000000000226e-01
9.524000000000000243e-01 9.497999999999999776e-01
9.523000000000000353e-01 9.494000000000000217e-01
9.524000000000000243e-01 9.503000000000000336e-01
9.523000000000000353e-01 9.498999999999999666e-01
9.522000000000000464e-01 9.493000000000000327e-01
9.520999999999999464e-01 9.495000000000000107e-01
9.520999999999999464e-01 9.487999999999999767e-01
9.520999999999999464e-01 9.491000000000000547e-01
9.523000000000000353e-01 9.483000000000000318e-01
9.524000000000000243e-01 9.488999999999999657e-01
9.520999999999999464e-01 9.491000000000000547e-01
9.522000000000000464e-01 9.488999999999999657e-01
9.522000000000000464e-01 9.492000000000000437e-01
9.522000000000000464e-01 9.496999999999999886e-01
9.523000000000000353e-01 9.495000000000000107e-01
9.522000000000000464e-01 9.493000000000000327e-01
9.523000000000000353e-01 9.496999999999999886e-01
9.523000000000000353e-01 9.496999999999999886e-01
9.523000000000000353e-01 9.495999999999999996e-01
9.522000000000000464e-01 9.494000000000000217e-01
9.518999999999999684e-01 9.492000000000000437e-01
9.519999999999999574e-01 9.485999999999999988e-01
9.519999999999999574e-01 9.488999999999999657e-01
9.518999999999999684e-01 9.485000000000000098e-01
9.518999999999999684e-01 9.489999999999999547e-01
9.520999999999999464e-01 9.484000000000000208e-01
9.520999999999999464e-01 9.482000000000000428e-01
9.520999999999999464e-01 9.492000000000000437e-01
9.522000000000000464e-01 9.489999999999999547e-01
9.522000000000000464e-01 9.495999999999999996e-01
9.523000000000000353e-01 9.492000000000000437e-01
9.525000000000000133e-01 9.497999999999999776e-01
9.524000000000000243e-01 9.498999999999999666e-01
9.524000000000000243e-01 9.502000000000000446e-01
9.524000000000000243e-01 9.497999999999999776e-01
9.524000000000000243e-01 9.499999999999999556e-01
9.523000000000000353e-01 9.496999999999999886e-01
9.522000000000000464e-01 9.497999999999999776e-01
9.523000000000000353e-01 9.502000000000000446e-01
9.524000000000000243e-01 9.498999999999999666e-01
9.523000000000000353e-01 9.498999999999999666e-01
9.524000000000000243e-01 9.506000000000000005e-01
9.524000000000000243e-01 9.502000000000000446e-01
9.524000000000000243e-01 9.502000000000000446e-01
9.523000000000000353e-01 9.498999999999999666e-01
9.524000000000000243e-01 9.496999999999999886e-01
9.524000000000000243e-01 9.502000000000000446e-01
9.522000000000000464e-01 9.497999999999999776e-01
9.522000000000000464e-01 9.495000000000000107e-01
9.520999999999999464e-01 9.494000000000000217e-01
9.520999999999999464e-01 9.497999999999999776e-01
9.519999999999999574e-01 9.493000000000000327e-01
9.519999999999999574e-01 9.492000000000000437e-01
9.518999999999999684e-01 9.488999999999999657e-01
9.519999999999999574e-01 9.495999999999999996e-01
9.518999999999999684e-01 9.495999999999999996e-01
9.518999999999999684e-01 9.498999999999999666e-01
9.519999999999999574e-01 9.488999999999999657e-01
9.519999999999999574e-01 9.500999999999999446e-01
9.520999999999999464e-01 9.493000000000000327e-01
9.520999999999999464e-01 9.492000000000000437e-01
9.522000000000000464e-01 9.493000000000000327e-01
9.522000000000000464e-01 9.491000000000000547e-01
9.520999999999999464e-01 9.493000000000000327e-01
9.522000000000000464e-01 9.487999999999999767e-01
9.518999999999999684e-01 9.491000000000000547e-01
9.518999999999999684e-01 9.495000000000000107e-01
9.522000000000000464e-01 9.492000000000000437e-01
9.520999999999999464e-01 9.485000000000000098e-01
9.523000000000000353e-01 9.475999999999999979e-01
9.520999999999999464e-01 9.478999999999999648e-01
9.522000000000000464e-01 9.484000000000000208e-01
9.523000000000000353e-01 9.475999999999999979e-01
9.523000000000000353e-01 9.489999999999999547e-01
9.523000000000000353e-01 9.488999999999999657e-01
9.524000000000000243e-01 9.495999999999999996e-01
9.523000000000000353e-01 9.491000000000000547e-01
9.523000000000000353e-01 9.494000000000000217e-01
9.523000000000000353e-01 9.495000000000000107e-01
9.524000000000000243e-01 9.495999999999999996e-01
9.522000000000000464e-01 9.487999999999999767e-01
9.522000000000000464e-01 9.487999999999999767e-01
9.520999999999999464e-01 9.485999999999999988e-01
9.520999999999999464e-01 9.484000000000000208e-01
9.522000000000000464e-01 9.483000000000000318e-01
9.523000000000000353e-01 9.481000000000000538e-01
9.523000000000000353e-01 9.491000000000000547e-01
9.523000000000000353e-01 9.494000000000000217e-01
9.520999999999999464e-01 9.496999999999999886e-01
9.519999999999999574e-01 9.489999999999999547e-01
9.520999999999999464e-01 9.487999999999999767e-01
9.519999999999999574e-01 9.489999999999999547e-01
9.518999999999999684e-01 9.493000000000000327e-01
9.517999999999999794e-01 9.492000000000000437e-01
9.517999999999999794e-01 9.485000000000000098e-01
9.517999999999999794e-01 9.488999999999999657e-01
9.516999999999999904e-01 9.489999999999999547e-01
9.516999999999999904e-01 9.494000000000000217e-01
9.516000000000000014e-01 9.485999999999999988e-01
9.516999999999999904e-01 9.485000000000000098e-01
9.516000000000000014e-01 9.486999999999999877e-01
9.516000000000000014e-01 9.484000000000000208e-01
9.514000000000000234e-01 9.484000000000000208e-01
9.515000000000000124e-01 9.482000000000000428e-01
9.514000000000000234e-01 9.483000000000000318e-01
9.514000000000000234e-01 9.483000000000000318e-01
9.514000000000000234e-01 9.485000000000000098e-01
9.514000000000000234e-01 9.484000000000000208e-01
9.515000000000000124e-01 9.484000000000000208e-01
9.515000000000000124e-01 9.483000000000000318e-01
9.516000000000000014e-01 9.478999999999999648e-01
9.516000000000000014e-01 9.477999999999999758e-01
9.516000000000000014e-01 9.481000000000000538e-01
9.516000000000000014e-01 9.477999999999999758e-01
9.515000000000000124e-01 9.478999999999999648e-01
9.516000000000000014e-01 9.484000000000000208e-01
9.516000000000000014e-01 9.478999999999999648e-01
9.515000000000000124e-01 9.484000000000000208e-01
9.515000000000000124e-01 9.486999999999999877e-01
9.516000000000000014e-01 9.494000000000000217e-01
9.516000000000000014e-01 9.485000000000000098e-01
9.516999999999999904e-01 9.481000000000000538e-01
9.516999999999999904e-01 9.482000000000000428e-01
9.516999999999999904e-01 9.473000000000000309e-01
9.517999999999999794e-01 9.488999999999999657e-01
9.517999999999999794e-01 9.485999999999999988e-01
9.516999999999999904e-01 9.486999999999999877e-01
9.516999999999999904e-01 9.491000000000000547e-01
9.516999999999999904e-01 9.489999999999999547e-01
9.516000000000000014e-01 9.489999999999999547e-01
9.516999999999999904e-01 9.487999999999999767e-01
9.516999999999999904e-01 9.483000000000000318e-01
9.517999999999999794e-01 9.485999999999999988e-01
9.518999999999999684e-01 9.489999999999999547e-01
9.516999999999999904e-01 9.487999999999999767e-01
9.516999999999999904e-01 9.484000000000000208e-01
9.515000000000000124e-01 9.479999999999999538e-01
9.515000000000000124e-01 9.479999999999999538e-01
9.515000000000000124e-01 9.488999999999999657e-01
9.516000000000000014e-01 9.493000000000000327e-01
9.516999999999999904e-01 9.491000000000000547e-01
9.516999999999999904e-01 9.485000000000000098e-01
9.516999999999999904e-01 9.478999999999999648e-01
9.518999999999999684e-01 9.485000000000000098e-01
9.517999999999999794e-01 9.484000000000000208e-01
9.516999999999999904e-01 9.494000000000000217e-01
9.520999999999999464e-01 9.491000000000000547e-01
9.520999999999999464e-01 9.495999999999999996e-01
9.519999999999999574e-01 9.498999999999999666e-01
9.520999999999999464e-01 9.496999999999999886e-01
9.519999999999999574e-01 9.499999999999999556e-01
9.518999999999999684e-01 9.496999999999999886e-01
9.517999999999999794e-01 9.499999999999999556e-01
9.518999999999999684e-01 9.497999999999999776e-01
9.518999999999999684e-01 9.491000000000000547e-01
9.518999999999999684e-01 9.502000000000000446e-01
9.518999999999999684e-01 9.507999999999999785e-01
9.519999999999999574e-01 9.499999999999999556e-01
9.519999999999999574e-01 9.504000000000000226e-01
9.519999999999999574e-01 9.503000000000000336e-01
9.518999999999999684e-01 9.499999999999999556e-01
9.518999999999999684e-01 9.503000000000000336e-01
9.518999999999999684e-01 9.504000000000000226e-01
9.518999999999999684e-01 9.504000000000000226e-01
9.519999999999999574e-01 9.502000000000000446e-01
9.517999999999999794e-01 9.487999999999999767e-01
9.517999999999999794e-01 9.492000000000000437e-01
9.517999999999999794e-01 9.493000000000000327e-01
9.516999999999999904e-01 9.502000000000000446e-01
9.516000000000000014e-01 9.494000000000000217e-01
9.518999999999999684e-01 9.495999999999999996e-01
9.516000000000000014e-01 9.488999999999999657e-01
9.516999999999999904e-01 9.485999999999999988e-01
9.516000000000000014e-01 9.495999999999999996e-01
9.516999999999999904e-01 9.495000000000000107e-01
9.516999999999999904e-01 9.498999999999999666e-01
9.517999999999999794e-01 9.500999999999999446e-01
9.518999999999999684e-01 9.499999999999999556e-01
9.516999999999999904e-01 9.502000000000000446e-01
9.516999999999999904e-01 9.500999999999999446e-01
9.516999999999999904e-01 9.504000000000000226e-01
9.516999999999999904e-01 9.506999999999999895e-01
9.516999999999999904e-01 9.494000000000000217e-01
9.516000000000000014e-01 9.499999999999999556e-01
9.516000000000000014e-01 9.506000000000000005e-01
9.514000000000000234e-01 9.503000000000000336e-01
9.516000000000000014e-01 9.498999999999999666e-01
9.516000000000000014e-01 9.513000000000000345e-01
9.516000000000000014e-01 9.515000000000000124e-01
9.516000000000000014e-01 9.512000000000000455e-01
9.516000000000000014e-01 9.510999999999999455e-01
9.515000000000000124e-01 9.512000000000000455e-01
9.516999999999999904e-01 9.503000000000000336e-01
9.516999999999999904e-01 9.505000000000000115e-01
9.515000000000000124e-01 9.505000000000000115e-01
9.516000000000000014e-01 9.507999999999999785e-01
9.515000000000000124e-01 9.503000000000000336e-01
9.515000000000000124e-01 9.495999999999999996e-01
9.515000000000000124e-01 9.497999999999999776e-01
9.515000000000000124e-01 9.496999999999999886e-01
9.515000000000000124e-01 9.500999999999999446e-01
9.515000000000000124e-01 9.503000000000000336e-01
9.515000000000000124e-01 9.497999999999999776e-01
9.515000000000000124e-01 9.506999999999999895e-01
9.515000000000000124e-01 9.508999999999999675e-01
9.515000000000000124e-01 9.505000000000000115e-01
9.514000000000000234e-01 9.506000000000000005e-01
9.515000000000000124e-01 9.502000000000000446e-01
9.515000000000000124e-01 9.515000000000000124e-01
9.515000000000000124e-01 9.514000000000000234e-01
9.515000000000000124e-01 9.505000000000000115e-01
9.515000000000000124e-01 9.504000000000000226e-01
9.515000000000000124e-01 9.504000000000000226e-01
9.513000000000000345e-01 9.496999999999999886e-01
9.514000000000000234e-01 9.498999999999999666e-01
9.512000000000000455e-01 9.496999999999999886e-01
9.510999999999999455e-01 9.495000000000000107e-01
9.510999999999999455e-01 9.499999999999999556e-01
9.509999999999999565e-01 9.496999999999999886e-01
9.509999999999999565e-01 9.496999999999999886e-01
9.510999999999999455e-01 9.503000000000000336e-01
9.509999999999999565e-01 9.494000000000000217e-01
9.509999999999999565e-01 9.495000000000000107e-01
9.510999999999999455e-01 9.496999999999999886e-01
9.512000000000000455e-01 9.495000000000000107e-01
9.510999999999999455e-01 9.495000000000000107e-01
9.510999999999999455e-01 9.495000000000000107e-01
9.510999999999999455e-01 9.488999999999999657e-01
9.509999999999999565e-01 9.488999999999999657e-01
9.510999999999999455e-01 9.491000000000000547e-01
9.510999999999999455e-01 9.498999999999999666e-01
9.510999999999999455e-01 9.487999999999999767e-01
9.510999999999999455e-01 9.493000000000000327e-01
9.512000000000000455e-01 9.486999999999999877e-01
9.510999999999999455e-01 9.488999999999999657e-01
9.510999999999999455e-01 9.502000000000000446e-01
9.510999999999999455e-01 9.498999999999999666e-01
9.510999999999999455e-01 9.496999999999999886e-01
9.510999999999999455e-01 9.492000000000000437e-01
9.510999999999999455e-01 9.495000000000000107e-01
9.512000000000000455e-01 9.496999999999999886e-01
9.510999999999999455e-01 9.488999999999999657e-01
9.508999999999999675e-01 9.487999999999999767e-01
9.509999999999999565e-01 9.488999999999999657e-01
9.510999999999999455e-01 9.484000000000000208e-01
9.510999999999999455e-01 9.479999999999999538e-01
9.512000000000000455e-01 9.489999999999999547e-01
9.515000000000000124e-01 9.492000000000000437e-01
9.514000000000000234e-01 9.487999999999999767e-01
9.514000000000000234e-01 9.481000000000000538e-01
9.516000000000000014e-01 9.476999999999999869e-01
9.516000000000000014e-01 9.475000000000000089e-01
9.515000000000000124e-01 9.489999999999999547e-01
9.516000000000000014e-01 9.483000000000000318e-01
9.516000000000000014e-01 9.487999999999999767e-01
9.514000000000000234e-01 9.482000000000000428e-01
9.513000000000000345e-01 9.486999999999999877e-01
9.512000000000000455e-01 9.486999999999999877e-01
9.514000000000000234e-01 9.481000000000000538e-01
9.510999999999999455e-01 9.479999999999999538e-01
9.513000000000000345e-01 9.484000000000000208e-01
9.513000000000000345e-01 9.489999999999999547e-01
9.513000000000000345e-01 9.485000000000000098e-01
9.514000000000000234e-01 9.488999999999999657e-01
9.513000000000000345e-01 9.487999999999999767e-01
9.512000000000000455e-01 9.486999999999999877e-01
9.512000000000000455e-01 9.476999999999999869e-01
9.512000000000000455e-01 9.483000000000000318e-01
9.514000000000000234e-01 9.486999999999999877e-01
9.513000000000000345e-01 9.486999999999999877e-01
9.513000000000000345e-01 9.486999999999999877e-01
9.513000000000000345e-01 9.484000000000000208e-01
9.510999999999999455e-01 9.481000000000000538e-01
9.509999999999999565e-01 9.485000000000000098e-01
9.508999999999999675e-01 9.485999999999999988e-01
9.507999999999999785e-01 9.493000000000000327e-01
9.506999999999999895e-01 9.493000000000000327e-01
9.506999999999999895e-01 9.495000000000000107e-01
9.507999999999999785e-01 9.491000000000000547e-01
9.506999999999999895e-01 9.488999999999999657e-01
9.506000000000000005e-01 9.487999999999999767e-01
9.506000000000000005e-01 9.487999999999999767e-01
9.506000000000000005e-01 9.488999999999999657e-01
9.504000000000000226e-01 9.491000000000000547e-01
9.504000000000000226e-01 9.483000000000000318e-01
9.504000000000000226e-01 9.477999999999999758e-01
9.502000000000000446e-01 9.486999999999999877e-01
9.502000000000000446e-01 9.475999999999999979e-01
9.502000000000000446e-01 9.489999999999999547e-01
9.502000000000000446e-01 9.478999999999999648e-01
9.500999999999999446e-01 9.485000000000000098e-01
9.500999999999999446e-01 9.492000000000000437e-01
9.499999999999999556e-01 9.492000000000000437e-01
9.499999999999999556e-01 9.487999999999999767e-01
9.499999999999999556e-01 9.504000000000000226e-01
9.499999999999999556e-01 9.487999999999999767e-01
9.498999999999999666e-01 9.492000000000000437e-01
9.498999999999999666e-01 9.498999999999999666e-01
9.497999999999999776e-01 9.495000000000000107e-01
9.498999999999999666e-01 9.495999999999999996e-01
9.497999999999999776e-01 9.495000000000000107e-01
9.496999999999999886e-01 9.492000000000000437e-01
9.498999999999999666e-01 9.498999999999999666e-01
9.497999999999999776e-01 9.497999999999999776e-01
9.496999999999999886e-01 9.492000000000000437e-01
9.495999999999999996e-01 9.495999999999999996e-01
9.497999999999999776e-01 9.493000000000000327e-01
9.496999999999999886e-01 9.492000000000000437e-01
9.495999999999999996e-01 9.487999999999999767e-01
9.495999999999999996e-01 9.502000000000000446e-01
9.495999999999999996e-01 9.506000000000000005e-01
9.497999999999999776e-01 9.506999999999999895e-01
9.498999999999999666e-01 9.502000000000000446e-01
9.499999999999999556e-01 9.498999999999999666e-01
9.499999999999999556e-01 9.503000000000000336e-01
9.499999999999999556e-01 9.487999999999999767e-01
9.499999999999999556e-01 9.488999999999999657e-01
9.498999999999999666e-01 9.489999999999999547e-01
9.499999999999999556e-01 9.495000000000000107e-01
9.500999999999999446e-01 9.493000000000000327e-01
9.502000000000000446e-01 9.495000000000000107e-01
9.500999999999999446e-01 9.505000000000000115e-01
9.500999999999999446e-01 9.502000000000000446e-01
9.500999999999999446e-01 9.496999999999999886e-01
9.499999999999999556e-01 9.499999999999999556e-01
9.499999999999999556e-01 9.506000000000000005e-01
9.500999999999999446e-01 9.505000000000000115e-01
9.499999999999999556e-01 9.507999999999999785e-01
9.499999999999999556e-01 9.509999999999999565e-01
9.500999999999999446e-01 9.503000000000000336e-01
9.499999999999999556e-01 9.506000000000000005e-01
9.497999999999999776e-01 9.498999999999999666e-01
9.499999999999999556e-01 9.508999999999999675e-01
9.498999999999999666e-01 9.503000000000000336e-01
9.498999999999999666e-01 9.506000000000000005e-01
9.499999999999999556e-01 9.510999999999999455e-01
9.499999999999999556e-01 9.506999999999999895e-01
9.498999999999999666e-01 9.509999999999999565e-01
9.499999999999999556e-01 9.506000000000000005e-01
9.497999999999999776e-01 9.512000000000000455e-01
9.497999999999999776e-01 9.504000000000000226e-01
9.498999999999999666e-01 9.510999999999999455e-01
9.496999999999999886e-01 9.518999999999999684e-01
9.496999999999999886e-01 9.516999999999999904e-01
9.496999999999999886e-01 9.508999999999999675e-01
9.496999999999999886e-01 9.510999999999999455e-01
9.496999999999999886e-01 9.520999999999999464e-01
9.496999999999999886e-01 9.515000000000000124e-01
9.495999999999999996e-01 9.513000000000000345e-01
9.495999999999999996e-01 9.512000000000000455e-01
9.495999999999999996e-01 9.514000000000000234e-01
9.496999999999999886e-01 9.522000000000000464e-01
9.495000000000000107e-01 9.516000000000000014e-01
9.495999999999999996e-01 9.514000000000000234e-01
9.495999999999999996e-01 9.524000000000000243e-01
9.495000000000000107e-01 9.525000000000000133e-01
9.495000000000000107e-01 9.524000000000000243e-01
9.494000000000000217e-01 9.517999999999999794e-01
9.494000000000000217e-01 9.509999999999999565e-01
9.493000000000000327e-01 9.520999999999999464e-01
9.494000000000000217e-01 9.523000000000000353e-01
9.493000000000000327e-01 9.515000000000000124e-01
9.491000000000000547e-01 9.510999999999999455e-01
9.493000000000000327e-01 9.519999999999999574e-01
9.493000000000000327e-01 9.517999999999999794e-01
9.492000000000000437e-01 9.517999999999999794e-01
9.493000000000000327e-01 9.516000000000000014e-01
9.493000000000000327e-01 9.517999999999999794e-01
9.492000000000000437e-01 9.516000000000000014e-01
9.493000000000000327e-01 9.517999999999999794e-01
9.493000000000000327e-01 9.516000000000000014e-01
9.493000000000000327e-01 9.514000000000000234e-01
9.493000000000000327e-01 9.517999999999999794e-01
9.493000000000000327e-01 9.508999999999999675e-01
9.493000000000000327e-01 9.506000000000000005e-01
9.493000000000000327e-01 9.500999999999999446e-01
9.492000000000000437e-01 9.505000000000000115e-01
9.491000000000000547e-01 9.506999999999999895e-01
9.489999999999999547e-01 9.518999999999999684e-01
9.489999999999999547e-01 9.509999999999999565e-01
9.488999999999999657e-01 9.515000000000000124e-01
9.487999999999999767e-01 9.516000000000000014e-01
9.488999999999999657e-01 9.514000000000000234e-01
9.491000000000000547e-01 9.512000000000000455e-01
9.489999999999999547e-01 9.513000000000000345e-01
9.491000000000000547e-01 9.513000000000000345e-01
9.489999999999999547e-01 9.520999999999999464e-01
9.491000000000000547e-01 9.516999999999999904e-01
9.491000000000000547e-01 9.516000000000000014e-01
9.491000000000000547e-01 9.516999999999999904e-01
9.491000000000000547e-01 9.518999999999999684e-01
9.491000000000000547e-01 9.519999999999999574e-01
9.492000000000000437e-01 9.518999999999999684e-01
9.493000000000000327e-01 9.519999999999999574e-01
9.492000000000000437e-01 9.518999999999999684e-01
9.492000000000000437e-01 9.517999999999999794e-01
9.493000000000000327e-01 9.516999999999999904e-01
9.492000000000000437e-01 9.516999999999999904e-01
9.491000000000000547e-01 9.520999999999999464e-01
9.491000000000000547e-01 9.518999999999999684e-01
9.491000000000000547e-01 9.525000000000000133e-01
9.491000000000000547e-01 9.525000000000000133e-01
9.493000000000000327e-01 9.520999999999999464e-01
9.491000000000000547e-01 9.520999999999999464e-01
9.489999999999999547e-01 9.525000000000000133e-01
9.492000000000000437e-01 9.523000000000000353e-01
9.491000000000000547e-01 9.527999999999999803e-01
9.493000000000000327e-01 9.527999999999999803e-01
9.494000000000000217e-01 9.533000000000000362e-01
9.495000000000000107e-01 9.530999999999999472e-01
9.492000000000000437e-01 9.525000000000000133e-01
9.493000000000000327e-01 9.516999999999999904e-01
9.494000000000000217e-01 9.517999999999999794e-01
9.494000000000000217e-01 9.519999999999999574e-01
9.494000000000000217e-01 9.526000000000000023e-01
9.493000000000000327e-01 9.526999999999999913e-01
9.494000000000000217e-01 9.526000000000000023e-01
9.493000000000000327e-01 9.528999999999999693e-01
9.493000000000000327e-01 9.534000000000000252e-01
9.493000000000000327e-01 9.528999999999999693e-01
9.494000000000000217e-01 9.534000000000000252e-01
9.494000000000000217e-01 9.534000000000000252e-01
9.494000000000000217e-01 9.539999999999999591e-01
9.494000000000000217e-01 9.526000000000000023e-01
9.493000000000000327e-01 9.523000000000000353e-01
9.493000000000000327e-01 9.520999999999999464e-01
9.493000000000000327e-01 9.528999999999999693e-01
9.492000000000000437e-01 9.530999999999999472e-01
9.492000000000000437e-01 9.528999999999999693e-01
9.489999999999999547e-01 9.528999999999999693e-01
9.489999999999999547e-01 9.525000000000000133e-01
9.492000000000000437e-01 9.525000000000000133e-01
9.491000000000000547e-01 9.525000000000000133e-01
9.491000000000000547e-01 9.526000000000000023e-01
9.491000000000000547e-01 9.523000000000000353e-01
9.491000000000000547e-01 9.520999999999999464e-01
9.492000000000000437e-01 9.526000000000000023e-01
9.493000000000000327e-01 9.528999999999999693e-01
9.492000000000000437e-01 9.524000000000000243e-01
9.492000000000000437e-01 9.526999999999999913e-01
9.489999999999999547e-01 9.537999999999999812e-01
9.489999999999999547e-01 9.536000000000000032e-01
9.489999999999999547e-01 9.536999999999999922e-01
9.491000000000000547e-01 9.525000000000000133e-01
9.491000000000000547e-01 9.525000000000000133e-01
9.492000000000000437e-01 9.526000000000000023e-01
9.492000000000000437e-01 9.524000000000000243e-01
9.492000000000000437e-01 9.516999999999999904e-01
9.491000000000000547e-01 9.519999999999999574e-01
9.492000000000000437e-01 9.523000000000000353e-01
9.489999999999999547e-01 9.523000000000000353e-01
9.489999999999999547e-01 9.529999999999999583e-01
9.492000000000000437e-01 9.522000000000000464e-01
9.491000000000000547e-01 9.526000000000000023e-01
9.491000000000000547e-01 9.522000000000000464e-01
9.488999999999999657e-01 9.525000000000000133e-01
9.488999999999999657e-01 9.517999999999999794e-01
9.488999999999999657e-01 9.520999999999999464e-01
9.488999999999999657e-01 9.519999999999999574e-01
9.487999999999999767e-01 9.516000000000000014e-01
9.487999999999999767e-01 9.523000000000000353e-01
9.487999999999999767e-01 9.514000000000000234e-01
9.488999999999999657e-01 9.518999999999999684e-01
9.487999999999999767e-01 9.516999999999999904e-01
9.487999999999999767e-01 9.516999999999999904e-01
9.487999999999999767e-01 9.524000000000000243e-01
9.488999999999999657e-01 9.519999999999999574e-01
9.488999999999999657e-01 9.520999999999999464e-01
9.488999999999999657e-01 9.524000000000000243e-01
9.488999999999999657e-01 9.530999999999999472e-01
9.488999999999999657e-01 9.527999999999999803e-01
9.488999999999999657e-01 9.532000000000000473e-01
9.487999999999999767e-01 9.526999999999999913e-01
9.488999999999999657e-01 9.518999999999999684e-01
9.488999999999999657e-01 9.524000000000000243e-01
9.488999999999999657e-01 9.519999999999999574e-01
9.487999999999999767e-01 9.519999999999999574e-01
9.486999999999999877e-01 9.519999999999999574e-01
9.486999999999999877e-01 9.530999999999999472e-01
9.485999999999999988e-01 9.526000000000000023e-01
9.486999999999999877e-01 9.525000000000000133e-01
9.486999999999999877e-01 9.522000000000000464e-01
9.486999999999999877e-01 9.520999999999999464e-01
9.487999999999999767e-01 9.524000000000000243e-01
9.487999999999999767e-01 9.526000000000000023e-01
9.486999999999999877e-01 9.528999999999999693e-01
9.488999999999999657e-01 9.530999999999999472e-01
9.488999999999999657e-01 9.528999999999999693e-01
9.488999999999999657e-01 9.528999999999999693e-01
9.488999999999999657e-01 9.526000000000000023e-01
9.488999999999999657e-01 9.522000000000000464e-01
9.486999999999999877e-01 9.527999999999999803e-01
9.486999999999999877e-01 9.532000000000000473e-01
9.485999999999999988e-01 9.526000000000000023e-01
9.485999999999999988e-01 9.536000000000000032e-01
9.485999999999999988e-01 9.528999999999999693e-01
9.485999999999999988e-01 9.525000000000000133e-01
9.485999999999999988e-01 9.517999999999999794e-01
9.485000000000000098e-01 9.522000000000000464e-01
9.485000000000000098e-01 9.523000000000000353e-01
9.485000000000000098e-01 9.513000000000000345e-01
9.485999999999999988e-01 9.516999999999999904e-01
9.488999999999999657e-01 9.522000000000000464e-01
9.488999999999999657e-01 9.519999999999999574e-01
9.486999999999999877e-01 9.518999999999999684e-01
9.487999999999999767e-01 9.523000000000000353e-01
9.486999999999999877e-01 9.526000000000000023e-01
9.485999999999999988e-01 9.523000000000000353e-01
9.485999999999999988e-01 9.524000000000000243e-01
9.485999999999999988e-01 9.516999999999999904e-01
9.485999999999999988e-01 9.517999999999999794e-01
9.485999999999999988e-01 9.509999999999999565e-01
9.485999999999999988e-01 9.510999999999999455e-01
9.485999999999999988e-01 9.514000000000000234e-01
9.484000000000000208e-01 9.506000000000000005e-01
9.483000000000000318e-01 9.512000000000000455e-01
9.483000000000000318e-01 9.520999999999999464e-01
9.481000000000000538e-01 9.517999999999999794e-01
9.482000000000000428e-01 9.513000000000000345e-01
9.484000000000000208e-01 9.514000000000000234e-01
9.483000000000000318e-01 9.507999999999999785e-01
9.483000000000000318e-01 9.513000000000000345e-01
9.483000000000000318e-01 9.513000000000000345e-01
9.484000000000000208e-01 9.515000000000000124e-01
9.485000000000000098e-01 9.514000000000000234e-01
9.483000000000000318e-01 9.522000000000000464e-01
9.484000000000000208e-01 9.517999999999999794e-01
9.484000000000000208e-01 9.526000000000000023e-01
9.485000000000000098e-01 9.525000000000000133e-01
9.485000000000000098e-01 9.524000000000000243e-01
9.485000000000000098e-01 9.528999999999999693e-01
9.485999999999999988e-01 9.527999999999999803e-01
9.485999999999999988e-01 9.528999999999999693e-01
9.485999999999999988e-01 9.527999999999999803e-01
9.486999999999999877e-01 9.526000000000000023e-01
9.487999999999999767e-01 9.535000000000000142e-01
9.487999999999999767e-01 9.530999999999999472e-01
9.488999999999999657e-01 9.532000000000000473e-01
9.488999999999999657e-01 9.536999999999999922e-01
9.487999999999999767e-01 9.533000000000000362e-01
9.487999999999999767e-01 9.527999999999999803e-01
9.485999999999999988e-01 9.523000000000000353e-01
9.485999999999999988e-01 9.527999999999999803e-01
9.485999999999999988e-01 9.526000000000000023e-01
9.485999999999999988e-01 9.526999999999999913e-01
9.486999999999999877e-01 9.523000000000000353e-01
9.485999999999999988e-01 9.526999999999999913e-01
9.484000000000000208e-01 9.527999999999999803e-01
9.484000000000000208e-01 9.525000000000000133e-01
9.485000000000000098e-01 9.519999999999999574e-01
9.485000000000000098e-01 9.516000000000000014e-01
9.485999999999999988e-01 9.513000000000000345e-01
9.482000000000000428e-01 9.517999999999999794e-01
9.482000000000000428e-01 9.517999999999999794e-01
9.481000000000000538e-01 9.517999999999999794e-01
9.479999999999999538e-01 9.522000000000000464e-01
9.479999999999999538e-01 9.520999999999999464e-01
9.483000000000000318e-01 9.529999999999999583e-01
9.483000000000000318e-01 9.525000000000000133e-01
9.483000000000000318e-01 9.525000000000000133e-01
9.484000000000000208e-01 9.522000000000000464e-01
9.484000000000000208e-01 9.515000000000000124e-01
9.485000000000000098e-01 9.518999999999999684e-01
9.486999999999999877e-01 9.520999999999999464e-01
9.486999999999999877e-01 9.522000000000000464e-01
9.486999999999999877e-01 9.529999999999999583e-01
9.485999999999999988e-01 9.515000000000000124e-01
9.485999999999999988e-01 9.515000000000000124e-01
9.485000000000000098e-01 9.510999999999999455e-01
9.485000000000000098e-01 9.517999999999999794e-01
9.484000000000000208e-01 9.517999999999999794e-01
9.485000000000000098e-01 9.522000000000000464e-01
9.485000000000000098e-01 9.526000000000000023e-01
9.484000000000000208e-01 9.523000000000000353e-01
9.484000000000000208e-01 9.528999999999999693e-01
9.482000000000000428e-01 9.529999999999999583e-01
9.484000000000000208e-01 9.526999999999999913e-01
9.483000000000000318e-01 9.526000000000000023e-01
9.482000000000000428e-01 9.525000000000000133e-01
9.482000000000000428e-01 9.528999999999999693e-01
9.481000000000000538e-01 9.520999999999999464e-01
9.481000000000000538e-01 9.525000000000000133e-01
9.479999999999999538e-01 9.516999999999999904e-01
9.477999999999999758e-01 9.515000000000000124e-01
9.478999999999999648e-01 9.515000000000000124e-01
9.479999999999999538e-01 9.516000000000000014e-01
9.476999999999999869e-01 9.519999999999999574e-01
9.477999999999999758e-01 9.520999999999999464e-01
9.477999999999999758e-01 9.517999999999999794e-01
9.477999999999999758e-01 9.506999999999999895e-01
9.477999999999999758e-01 9.519999999999999574e-01
9.477999999999999758e-01 9.519999999999999574e-01
9.476999999999999869e-01 9.514000000000000234e-01
9.476999999999999869e-01 9.516999999999999904e-01
9.475000000000000089e-01 9.516000000000000014e-01
9.475999999999999979e-01 9.518999999999999684e-01
9.475999999999999979e-01 9.517999999999999794e-01
9.475000000000000089e-01 9.520999999999999464e-01
9.476999999999999869e-01 9.522000000000000464e-01
9.476999999999999869e-01 9.523000000000000353e-01
9.475999999999999979e-01 9.522000000000000464e-01
9.475999999999999979e-01 9.512000000000000455e-01
9.475999999999999979e-01 9.509999999999999565e-01
9.475999999999999979e-01 9.515000000000000124e-01
9.476999999999999869e-01 9.516999999999999904e-01
9.475999999999999979e-01 9.522000000000000464e-01
9.476999999999999869e-01 9.522000000000000464e-01
9.476999999999999869e-01 9.526000000000000023e-01
9.476999999999999869e-01 9.523000000000000353e-01
9.476999999999999869e-01 9.514000000000000234e-01
9.476999999999999869e-01 9.515000000000000124e-01
9.475000000000000089e-01 9.512000000000000455e-01
9.474000000000000199e-01 9.509999999999999565e-01
9.475000000000000089e-01 9.509999999999999565e-01
9.475000000000000089e-01 9.510999999999999455e-01
9.475999999999999979e-01 9.510999999999999455e-01
9.475999999999999979e-01 9.513000000000000345e-01
9.476999999999999869e-01 9.515000000000000124e-01
9.475999999999999979e-01 9.509999999999999565e-01
9.475999999999999979e-01 9.516000000000000014e-01
9.475999999999999979e-01 9.519999999999999574e-01
9.476999999999999869e-01 9.519999999999999574e-01
9.475000000000000089e-01 9.526000000000000023e-01
9.475000000000000089e-01 9.530999999999999472e-01
9.475000000000000089e-01 9.526999999999999913e-01
9.474000000000000199e-01 9.522000000000000464e-01
9.474000000000000199e-01 9.519999999999999574e-01
9.473000000000000309e-01 9.529999999999999583e-01
9.472000000000000419e-01 9.529999999999999583e-01
9.473000000000000309e-01 9.533000000000000362e-01
9.474000000000000199e-01 9.519999999999999574e-01
9.474000000000000199e-01 9.526999999999999913e-01
9.474000000000000199e-01 9.530999999999999472e-01
9.474000000000000199e-01 9.535000000000000142e-01
9.474000000000000199e-01 9.526999999999999913e-01
9.474000000000000199e-01 9.538999999999999702e-01
9.474000000000000199e-01 9.538999999999999702e-01
9.475000000000000089e-01 9.536000000000000032e-01
9.475999999999999979e-01 9.537999999999999812e-01
9.475000000000000089e-01 9.546000000000000041e-01
9.475000000000000089e-01 9.548999999999999710e-01
9.475000000000000089e-01 9.543000000000000371e-01
9.475000000000000089e-01 9.545000000000000151e-01
9.475999999999999979e-01 9.545000000000000151e-01
9.475999999999999979e-01 9.539999999999999591e-01
9.475999999999999979e-01 9.540999999999999481e-01
9.475999999999999979e-01 9.543000000000000371e-01
9.476999999999999869e-01 9.542000000000000481e-01
9.476999999999999869e-01 9.544000000000000261e-01
9.476999999999999869e-01 9.542000000000000481e-01
9.475999999999999979e-01 9.540999999999999481e-01
9.477999999999999758e-01 9.538999999999999702e-01
9.477999999999999758e-01 9.534000000000000252e-01
9.477999999999999758e-01 9.526000000000000023e-01
9.477999999999999758e-01 9.533000000000000362e-01
9.477999999999999758e-01 9.529999999999999583e-01
9.476999999999999869e-01 9.527999999999999803e-01
9.476999999999999869e-01 9.533000000000000362e-01
9.477999999999999758e-01 9.526000000000000023e-01
9.477999999999999758e-01 9.533000000000000362e-01
9.475999999999999979e-01 9.529999999999999583e-01
9.476999999999999869e-01 9.534000000000000252e-01
9.477999999999999758e-01 9.526999999999999913e-01
9.475999999999999979e-01 9.526999999999999913e-01
9.475999999999999979e-01 9.524000000000000243e-01
9.475999999999999979e-01 9.526999999999999913e-01
9.477999999999999758e-01 9.530999999999999472e-01
9.476999999999999869e-01 9.524000000000000243e-01
9.475999999999999979e-01 9.526000000000000023e-01
9.475999999999999979e-01 9.532000000000000473e-01
9.475000000000000089e-01 9.525000000000000133e-01
9.474000000000000199e-01 9.523000000000000353e-01
9.475000000000000089e-01 9.524000000000000243e-01
9.475999999999999979e-01 9.522000000000000464e-01
9.475000000000000089e-01 9.526000000000000023e-01
9.475999999999999979e-01 9.525000000000000133e-01
9.476999999999999869e-01 9.528999999999999693e-01
9.475000000000000089e-01 9.529999999999999583e-01
9.476999999999999869e-01 9.526999999999999913e-01
9.475999999999999979e-01 9.526000000000000023e-01
9.475999999999999979e-01 9.525000000000000133e-01
9.474000000000000199e-01 9.522000000000000464e-01
9.474000000000000199e-01 9.523000000000000353e-01
9.474000000000000199e-01 9.519999999999999574e-01
9.474000000000000199e-01 9.529999999999999583e-01
9.474000000000000199e-01 9.528999999999999693e-01
9.473000000000000309e-01 9.525000000000000133e-01
9.472000000000000419e-01 9.527999999999999803e-01
9.472000000000000419e-01 9.523000000000000353e-01
9.474000000000000199e-01 9.525000000000000133e-01
9.477999999999999758e-01 9.524000000000000243e-01
9.474000000000000199e-01 9.527999999999999803e-01
9.475000000000000089e-01 9.526000000000000023e-01
9.474000000000000199e-01 9.526999999999999913e-01
9.473000000000000309e-01 9.520999999999999464e-01
9.472000000000000419e-01 9.519999999999999574e-01
9.473000000000000309e-01 9.520999999999999464e-01
9.474000000000000199e-01 9.518999999999999684e-01
9.475000000000000089e-01 9.518999999999999684e-01
9.473000000000000309e-01 9.528999999999999693e-01
9.472000000000000419e-01 9.524000000000000243e-01
9.472000000000000419e-01 9.514000000000000234e-01
9.472000000000000419e-01 9.522000000000000464e-01
9.469999999999999529e-01 9.519999999999999574e-01
9.471000000000000529e-01 9.515000000000000124e-01
9.471000000000000529e-01 9.516000000000000014e-01
9.471000000000000529e-01 9.517999999999999794e-01
9.471000000000000529e-01 9.519999999999999574e-01
9.472000000000000419e-01 9.523000000000000353e-01
9.472000000000000419e-01 9.523000000000000353e-01
9.473000000000000309e-01 9.518999999999999684e-01
9.473000000000000309e-01 9.519999999999999574e-01
9.474000000000000199e-01 9.518999999999999684e-01
9.474000000000000199e-01 9.518999999999999684e-01
9.474000000000000199e-01 9.526000000000000023e-01
9.474000000000000199e-01 9.520999999999999464e-01
9.473000000000000309e-01 9.526999999999999913e-01
9.473000000000000309e-01 9.524000000000000243e-01
9.474000000000000199e-01 9.527999999999999803e-01
9.474000000000000199e-01 9.533000000000000362e-01
9.475000000000000089e-01 9.527999999999999803e-01
9.474000000000000199e-01 9.530999999999999472e-01
9.475000000000000089e-01 9.537999999999999812e-01
9.475000000000000089e-01 9.528999999999999693e-01
9.474000000000000199e-01 9.530999999999999472e-01
9.474000000000000199e-01 9.529999999999999583e-01
9.473000000000000309e-01 9.538999999999999702e-01
9.473000000000000309e-01 9.533000000000000362e-01
9.473000000000000309e-01 9.526000000000000023e-01
9.474000000000000199e-01 9.528999999999999693e-01
9.474000000000000199e-01 9.533000000000000362e-01
9.474000000000000199e-01 9.528999999999999693e-01
9.474000000000000199e-01 9.532000000000000473e-01
9.474000000000000199e-01 9.536999999999999922e-01
9.474000000000000199e-01 9.534000000000000252e-01
9.473000000000000309e-01 9.536999999999999922e-01
9.473000000000000309e-01 9.533000000000000362e-01
9.473000000000000309e-01 9.535000000000000142e-01
9.473000000000000309e-01 9.533000000000000362e-01
9.473000000000000309e-01 9.527999999999999803e-01
9.473000000000000309e-01 9.535000000000000142e-01
9.473000000000000309e-01 9.527999999999999803e-01
9.474000000000000199e-01 9.534000000000000252e-01
9.474000000000000199e-01 9.535000000000000142e-01
9.474000000000000199e-01 9.534000000000000252e-01
9.475999999999999979e-01 9.536000000000000032e-01
9.476999999999999869e-01 9.535000000000000142e-01
9.476999999999999869e-01 9.536999999999999922e-01
9.476999999999999869e-01 9.537999999999999812e-01
9.476999999999999869e-01 9.534000000000000252e-01
9.476999999999999869e-01 9.537999999999999812e-01
9.475999999999999979e-01 9.526999999999999913e-01
9.475999999999999979e-01 9.528999999999999693e-01
9.476999999999999869e-01 9.528999999999999693e-01
9.477999999999999758e-01 9.529999999999999583e-01
9.477999999999999758e-01 9.526000000000000023e-01
9.478999999999999648e-01 9.528999999999999693e-01
9.479999999999999538e-01 9.533000000000000362e-01
9.478999999999999648e-01 9.530999999999999472e-01
9.479999999999999538e-01 9.526000000000000023e-01
9.479999999999999538e-01 9.534000000000000252e-01
9.478999999999999648e-01 9.534000000000000252e-01
9.479999999999999538e-01 9.535000000000000142e-01
9.479999999999999538e-01 9.528999999999999693e-01
9.479999999999999538e-01 9.535000000000000142e-01
9.478999999999999648e-01 9.534000000000000252e-01
9.478999999999999648e-01 9.536999999999999922e-01
9.477999999999999758e-01 9.534000000000000252e-01
9.478999999999999648e-01 9.530999999999999472e-01
9.479999999999999538e-01 9.527999999999999803e-01
9.478999999999999648e-01 9.533000000000000362e-01
9.477999999999999758e-01 9.528999999999999693e-01
9.476999999999999869e-01 9.529999999999999583e-01
9.476999999999999869e-01 9.534000000000000252e-01
9.475000000000000089e-01 9.535000000000000142e-01
9.475000000000000089e-01 9.536000000000000032e-01
9.475999999999999979e-01 9.539999999999999591e-01
9.475999999999999979e-01 9.535000000000000142e-01
9.476999999999999869e-01 9.536999999999999922e-01
9.476999999999999869e-01 9.536999999999999922e-01
9.475999999999999979e-01 9.533000000000000362e-01
9.475000000000000089e-01 9.536999999999999922e-01
9.475000000000000089e-01 9.539999999999999591e-01
9.475000000000000089e-01 9.542000000000000481e-01
9.475000000000000089e-01 9.539999999999999591e-01
9.474000000000000199e-01 9.539999999999999591e-01
9.474000000000000199e-01 9.544000000000000261e-01
9.474000000000000199e-01 9.543000000000000371e-01
9.475000000000000089e-01 9.536000000000000032e-01
9.475000000000000089e-01 9.535000000000000142e-01
9.474000000000000199e-01 9.538999999999999702e-01
9.474000000000000199e-01 9.539999999999999591e-01
9.472000000000000419e-01 9.538999999999999702e-01
9.473000000000000309e-01 9.534000000000000252e-01
9.473000000000000309e-01 9.537999999999999812e-01
9.475000000000000089e-01 9.539999999999999591e-01
9.474000000000000199e-01 9.529999999999999583e-01
9.471000000000000529e-01 9.536999999999999922e-01
9.472000000000000419e-01 9.536000000000000032e-01
9.471000000000000529e-01 9.534000000000000252e-01
9.474000000000000199e-01 9.529999999999999583e-01
9.473000000000000309e-01 9.534000000000000252e-01
9.475000000000000089e-01 9.530999999999999472e-01
9.474000000000000199e-01 9.532000000000000473e-01
9.473000000000000309e-01 9.536999999999999922e-01
9.473000000000000309e-01 9.529999999999999583e-01
9.472000000000000419e-01 9.532000000000000473e-01
9.473000000000000309e-01 9.527999999999999803e-01
9.471000000000000529e-01 9.534000000000000252e-01
9.472000000000000419e-01 9.529999999999999583e-01
9.471000000000000529e-01 9.532000000000000473e-01
9.472000000000000419e-01 9.535000000000000142e-01
9.473000000000000309e-01 9.532000000000000473e-01
9.474000000000000199e-01 9.536999999999999922e-01
9.473000000000000309e-01 9.526999999999999913e-01
9.473000000000000309e-01 9.536000000000000032e-01
9.472000000000000419e-01 9.534000000000000252e-01
9.471000000000000529e-01 9.536999999999999922e-01
9.469999999999999529e-01 9.538999999999999702e-01
9.472000000000000419e-01 9.533000000000000362e-01
9.471000000000000529e-01 9.535000000000000142e-01
9.471000000000000529e-01 9.523000000000000353e-01
9.471000000000000529e-01 9.528999999999999693e-01
9.469999999999999529e-01 9.524000000000000243e-01
9.469999999999999529e-01 9.522000000000000464e-01
9.471000000000000529e-01 9.524000000000000243e-01
9.471000000000000529e-01 9.528999999999999693e-01
9.469999999999999529e-01 9.527999999999999803e-01
9.471000000000000529e-01 9.526000000000000023e-01
9.469999999999999529e-01 9.526000000000000023e-01
9.469999999999999529e-01 9.518999999999999684e-01
9.468999999999999639e-01 9.526000000000000023e-01
9.468999999999999639e-01 9.523000000000000353e-01
9.468999999999999639e-01 9.522000000000000464e-01
9.468999999999999639e-01 9.516999999999999904e-01
9.469999999999999529e-01 9.516999999999999904e-01
9.468999999999999639e-01 9.525000000000000133e-01
9.469999999999999529e-01 9.523000000000000353e-01
9.469999999999999529e-01 9.522000000000000464e-01
9.468999999999999639e-01 9.520999999999999464e-01
9.468999999999999639e-01 9.526999999999999913e-01
9.468999999999999639e-01 9.527999999999999803e-01
9.468999999999999639e-01 9.527999999999999803e-01
9.468999999999999639e-01 9.524000000000000243e-01
9.469999999999999529e-01 9.523000000000000353e-01
9.468999999999999639e-01 9.523000000000000353e-01
9.471000000000000529e-01 9.519999999999999574e-01
9.468999999999999639e-01 9.522000000000000464e-01
9.469999999999999529e-01 9.520999999999999464e-01
9.472000000000000419e-01 9.522000000000000464e-01
9.471000000000000529e-01 9.520999999999999464e-01
9.469999999999999529e-01 9.524000000000000243e-01
9.469999999999999529e-01 9.527999999999999803e-01
9.469999999999999529e-01 9.527999999999999803e-01
9.469999999999999529e-01 9.524000000000000243e-01
9.469999999999999529e-01 9.526000000000000023e-01
9.469999999999999529e-01 9.532000000000000473e-01
9.469999999999999529e-01 9.529999999999999583e-01
9.469999999999999529e-01 9.534000000000000252e-01
9.469999999999999529e-01 9.540999999999999481e-01
9.469999999999999529e-01 9.530999999999999472e-01
9.467999999999999750e-01 9.530999999999999472e-01
9.468999999999999639e-01 9.525000000000000133e-01
9.466999999999999860e-01 9.530999999999999472e-01
9.466999999999999860e-01 9.525000000000000133e-01
9.466999999999999860e-01 9.525000000000000133e-01
9.466999999999999860e-01 9.527999999999999803e-01
9.466999999999999860e-01 9.526000000000000023e-01
9.467999999999999750e-01 9.527999999999999803e-01
9.467999999999999750e-01 9.536000000000000032e-01
9.467999999999999750e-01 9.535000000000000142e-01
9.467999999999999750e-01 9.529999999999999583e-01
9.467999999999999750e-01 9.524000000000000243e-01
9.467999999999999750e-01 9.524000000000000243e-01
9.467999999999999750e-01 9.522000000000000464e-01
9.467999999999999750e-01 9.520999999999999464e-01
9.467999999999999750e-01 9.525000000000000133e-01
9.467999999999999750e-01 9.528999999999999693e-01
9.467999999999999750e-01 9.534000000000000252e-01
9.468999999999999639e-01 9.524000000000000243e-01
9.468999999999999639e-01 9.525000000000000133e-01
9.467999999999999750e-01 9.523000000000000353e-01
9.469999999999999529e-01 9.525000000000000133e-01
9.468999999999999639e-01 9.520999999999999464e-01
9.466999999999999860e-01 9.520999999999999464e-01
9.467999999999999750e-01 9.519999999999999574e-01
9.466999999999999860e-01 9.525000000000000133e-01
9.468999999999999639e-01 9.525000000000000133e-01
9.466999999999999860e-01 9.530999999999999472e-01
9.466999999999999860e-01 9.526000000000000023e-01
9.467999999999999750e-01 9.533000000000000362e-01
9.468999999999999639e-01 9.536999999999999922e-01
9.467999999999999750e-01 9.530999999999999472e-01
9.467999999999999750e-01 9.534000000000000252e-01
9.466999999999999860e-01 9.535000000000000142e-01
9.466999999999999860e-01 9.535000000000000142e-01
9.466999999999999860e-01 9.536999999999999922e-01
9.466999999999999860e-01 9.536000000000000032e-01
9.466999999999999860e-01 9.534000000000000252e-01
9.468999999999999639e-01 9.534000000000000252e-01
9.468999999999999639e-01 9.528999999999999693e-01
9.466999999999999860e-01 9.527999999999999803e-01
9.465999999999999970e-01 9.526000000000000023e-01
9.465999999999999970e-01 9.523000000000000353e-01
9.466999999999999860e-01 9.529999999999999583e-01
9.465999999999999970e-01 9.528999999999999693e-01
9.466999999999999860e-01 9.526999999999999913e-01
9.465000000000000080e-01 9.529999999999999583e-01
9.466999999999999860e-01 9.530999999999999472e-01
9.467999999999999750e-01 9.530999999999999472e-01
9.468999999999999639e-01 9.533000000000000362e-01
9.467999999999999750e-01 9.536999999999999922e-01
9.469999999999999529e-01 9.533000000000000362e-01
9.469999999999999529e-01 9.534000000000000252e-01
9.469999999999999529e-01 9.532000000000000473e-01
9.469999999999999529e-01 9.526000000000000023e-01
9.469999999999999529e-01 9.520999999999999464e-01
9.469999999999999529e-01 9.524000000000000243e-01
9.468999999999999639e-01 9.522000000000000464e-01
9.469999999999999529e-01 9.523000000000000353e-01
9.469999999999999529e-01 9.523000000000000353e-01
9.469999999999999529e-01 9.523000000000000353e-01
9.469999999999999529e-01 9.526000000000000023e-01
9.471000000000000529e-01 9.523000000000000353e-01
9.472000000000000419e-01 9.523000000000000353e-01
9.472000000000000419e-01 9.524000000000000243e-01
9.472000000000000419e-01 9.519999999999999574e-01
9.473000000000000309e-01 9.526000000000000023e-01
9.473000000000000309e-01 9.523000000000000353e-01
9.473000000000000309e-01 9.522000000000000464e-01
9.473000000000000309e-01 9.520999999999999464e-01
9.473000000000000309e-01 9.524000000000000243e-01
9.472000000000000419e-01 9.526000000000000023e-01
9.472000000000000419e-01 9.516999999999999904e-01
9.472000000000000419e-01 9.522000000000000464e-01
9.472000000000000419e-01 9.518999999999999684e-01
9.473000000000000309e-01 9.524000000000000243e-01
9.473000000000000309e-01 9.524000000000000243e-01
9.473000000000000309e-01 9.524000000000000243e-01
9.473000000000000309e-01 9.516999999999999904e-01
9.473000000000000309e-01 9.520999999999999464e-01
9.473000000000000309e-01 9.513000000000000345e-01
9.473000000000000309e-01 9.515000000000000124e-01
9.474000000000000199e-01 9.515000000000000124e-01
9.471000000000000529e-01 9.507999999999999785e-01
9.471000000000000529e-01 9.510999999999999455e-01
9.471000000000000529e-01 9.506999999999999895e-01
9.472000000000000419e-01 9.505000000000000115e-01
9.473000000000000309e-01 9.506999999999999895e-01
9.471000000000000529e-01 9.513000000000000345e-01
9.473000000000000309e-01 9.517999999999999794e-01
9.473000000000000309e-01 9.505000000000000115e-01
9.473000000000000309e-01 9.517999999999999794e-01
9.472000000000000419e-01 9.517999999999999794e-01
9.474000000000000199e-01 9.518999999999999684e-01
9.474000000000000199e-01 9.523000000000000353e-01
9.474000000000000199e-01 9.516999999999999904e-01
9.473000000000000309e-01 9.518999999999999684e-01
9.474000000000000199e-01 9.516999999999999904e-01
9.473000000000000309e-01 9.516000000000000014e-01
9.474000000000000199e-01 9.509999999999999565e-01
9.474000000000000199e-01 9.509999999999999565e-01
9.474000000000000199e-01 9.516999999999999904e-01
9.473000000000000309e-01 9.514000000000000234e-01
9.474000000000000199e-01 9.512000000000000455e-01
9.474000000000000199e-01 9.510999999999999455e-01
9.474000000000000199e-01 9.513000000000000345e-01
9.474000000000000199e-01 9.508999999999999675e-01
9.474000000000000199e-01 9.508999999999999675e-01
9.474000000000000199e-01 9.502000000000000446e-01
9.475000000000000089e-01 9.509999999999999565e-01
9.475000000000000089e-01 9.513000000000000345e-01
9.475000000000000089e-01 9.506999999999999895e-01
9.474000000000000199e-01 9.516000000000000014e-01
9.475000000000000089e-01 9.512000000000000455e-01
9.475000000000000089e-01 9.517999999999999794e-01
9.474000000000000199e-01 9.516000000000000014e-01
9.474000000000000199e-01 9.515000000000000124e-01
9.474000000000000199e-01 9.516999999999999904e-01
9.474000000000000199e-01 9.517999999999999794e-01
9.475000000000000089e-01 9.516999999999999904e-01
9.475000000000000089e-01 9.509999999999999565e-01
9.475000000000000089e-01 9.516999999999999904e-01
9.475000000000000089e-01 9.520999999999999464e-01
9.475000000000000089e-01 9.509999999999999565e-01
9.475000000000000089e-01 9.516999999999999904e-01
9.475000000000000089e-01 9.515000000000000124e-01
9.475000000000000089e-01 9.515000000000000124e-01
9.475999999999999979e-01 9.513000000000000345e-01
9.475999999999999979e-01 9.505000000000000115e-01
9.475999999999999979e-01 9.500999999999999446e-01
9.475999999999999979e-01 9.503000000000000336e-01
9.476999999999999869e-01 9.500999999999999446e-01
9.476999999999999869e-01 9.500999999999999446e-01
9.477999999999999758e-01 9.508999999999999675e-01
9.475999999999999979e-01 9.503000000000000336e-01
9.476999999999999869e-01 9.502000000000000446e-01
9.475999999999999979e-01 9.504000000000000226e-01
9.476999999999999869e-01 9.506000000000000005e-01
9.475999999999999979e-01 9.507999999999999785e-01
9.475999999999999979e-01 9.510999999999999455e-01
9.475999999999999979e-01 9.508999999999999675e-01
9.475999999999999979e-01 9.505000000000000115e-01
9.475999999999999979e-01 9.506000000000000005e-01
9.475999999999999979e-01 9.507999999999999785e-01
9.475000000000000089e-01 9.508999999999999675e-01
9.475999999999999979e-01 9.509999999999999565e-01
9.476999999999999869e-01 9.507999999999999785e-01
9.476999999999999869e-01 9.508999999999999675e-01
9.477999999999999758e-01 9.506999999999999895e-01
9.477999999999999758e-01 9.506000000000000005e-01
9.476999999999999869e-01 9.513000000000000345e-01
9.477999999999999758e-01 9.505000000000000115e-01
9.477999999999999758e-01 9.503000000000000336e-01
9.476999999999999869e-01 9.508999999999999675e-01
9.476999999999999869e-01 9.507999999999999785e-01
9.476999999999999869e-01 9.506999999999999895e-01
9.478999999999999648e-01 9.507999999999999785e-01
9.479999999999999538e-01 9.496999999999999886e-01
9.478999999999999648e-01 9.503000000000000336e-01
9.478999999999999648e-01 9.499999999999999556e-01
9.478999999999999648e-01 9.503000000000000336e-01
9.479999999999999538e-01 9.502000000000000446e-01
9.479999999999999538e-01 9.508999999999999675e-01
9.478999999999999648e-01 9.506000000000000005e-01
9.479999999999999538e-01 9.506999999999999895e-01
9.479999999999999538e-01 9.509999999999999565e-01
9.478999999999999648e-01 9.506000000000000005e-01
9.478999999999999648e-01 9.506999999999999895e-01
9.479999999999999538e-01 9.513000000000000345e-01
9.479999999999999538e-01 9.510999999999999455e-01
9.481000000000000538e-01 9.510999999999999455e-01
9.481000000000000538e-01 9.515000000000000124e-01
9.479999999999999538e-01 9.506000000000000005e-01
9.479999999999999538e-01 9.507999999999999785e-01
9.483000000000000318e-01 9.510999999999999455e-01
9.483000000000000318e-01 9.512000000000000455e-01
9.483000000000000318e-01 9.508999999999999675e-01
9.483000000000000318e-01 9.516999999999999904e-01
9.483000000000000318e-01 9.519999999999999574e-01
9.482000000000000428e-01 9.516000000000000014e-01
9.479999999999999538e-01 9.525000000000000133e-01
9.481000000000000538e-01 9.525000000000000133e-01
9.482000000000000428e-01 9.513000000000000345e-01
9.482000000000000428e-01 9.513000000000000345e-01
9.482000000000000428e-01 9.514000000000000234e-01
9.484000000000000208e-01 9.515000000000000124e-01
9.484000000000000208e-01 9.520999999999999464e-01
9.484000000000000208e-01 9.515000000000000124e-01
9.485000000000000098e-01 9.509999999999999565e-01
9.485999999999999988e-01 9.514000000000000234e-01
9.485999999999999988e-01 9.516999999999999904e-01
9.486999999999999877e-01 9.514000000000000234e-01
9.486999999999999877e-01 9.509999999999999565e-01
9.485999999999999988e-01 9.513000000000000345e-01
9.485999999999999988e-01 9.516000000000000014e-01
9.485999999999999988e-01 9.516999999999999904e-01
9.485000000000000098e-01 9.516999999999999904e-01
9.485000000000000098e-01 9.517999999999999794e-01
9.485000000000000098e-01 9.519999999999999574e-01
9.485000000000000098e-01 9.519999999999999574e-01
9.485999999999999988e-01 9.510999999999999455e-01
9.485000000000000098e-01 9.513000000000000345e-01
9.484000000000000208e-01 9.519999999999999574e-01
9.483000000000000318e-01 9.516999999999999904e-01
9.484000000000000208e-01 9.516000000000000014e-01
9.482000000000000428e-01 9.526000000000000023e-01
9.483000000000000318e-01 9.525000000000000133e-01
9.485000000000000098e-01 9.525000000000000133e-01
9.485000000000000098e-01 9.528999999999999693e-01
9.485000000000000098e-01 9.530999999999999472e-01
9.484000000000000208e-01 9.522000000000000464e-01
9.485000000000000098e-01 9.517999999999999794e-01
9.485000000000000098e-01 9.523000000000000353e-01
9.485000000000000098e-01 9.523000000000000353e-01
9.485000000000000098e-01 9.516999999999999904e-01
9.484000000000000208e-01 9.515000000000000124e-01
9.484000000000000208e-01 9.520999999999999464e-01
9.485999999999999988e-01 9.518999999999999684e-01
9.485000000000000098e-01 9.516000000000000014e-01
9.486999999999999877e-01 9.520999999999999464e-01
9.486999999999999877e-01 9.520999999999999464e-01
9.486999999999999877e-01 9.519999999999999574e-01
9.485999999999999988e-01 9.516999999999999904e-01
9.485000000000000098e-01 9.517999999999999794e-01
9.485000000000000098e-01 9.517999999999999794e-01
9.485000000000000098e-01 9.518999999999999684e-01
9.484000000000000208e-01 9.525000000000000133e-01
9.484000000000000208e-01 9.515000000000000124e-01
9.483000000000000318e-01 9.523000000000000353e-01
9.482000000000000428e-01 9.519999999999999574e-01
9.482000000000000428e-01 9.522000000000000464e-01
9.481000000000000538e-01 9.517999999999999794e-01
9.482000000000000428e-01 9.516999999999999904e-01
9.483000000000000318e-01 9.519999999999999574e-01
9.483000000000000318e-01 9.523000000000000353e-01
9.483000000000000318e-01 9.525000000000000133e-01
9.483000000000000318e-01 9.532000000000000473e-01
9.483000000000000318e-01 9.530999999999999472e-01
9.482000000000000428e-01 9.526999999999999913e-01
9.484000000000000208e-01 9.526999999999999913e-01
9.483000000000000318e-01 9.524000000000000243e-01
9.483000000000000318e-01 9.530999999999999472e-01
9.483000000000000318e-01 9.533000000000000362e-01
9.482000000000000428e-01 9.538999999999999702e-01
9.479999999999999538e-01 9.537999999999999812e-01
9.481000000000000538e-01 9.533000000000000362e-01
9.483000000000000318e-01 9.526999999999999913e-01
9.484000000000000208e-01 9.528999999999999693e-01
9.484000000000000208e-01 9.526000000000000023e-01
9.485000000000000098e-01 9.528999999999999693e-01
9.485000000000000098e-01 9.534000000000000252e-01
9.485000000000000098e-01 9.533000000000000362e-01
9.485000000000000098e-01 9.536999999999999922e-01
9.485000000000000098e-01 9.529999999999999583e-01
9.485999999999999988e-01 9.530999999999999472e-01
9.485000000000000098e-01 9.528999999999999693e-01
9.485000000000000098e-01 9.529999999999999583e-01
9.485000000000000098e-01 9.533000000000000362e-01
9.484000000000000208e-01 9.529999999999999583e-01
9.484000000000000208e-01 9.526999999999999913e-01
9.485999999999999988e-01 9.524000000000000243e-01
9.485000000000000098e-01 9.523000000000000353e-01
9.483000000000000318e-01 9.529999999999999583e-01
9.484000000000000208e-01 9.526999999999999913e-01
9.484000000000000208e-01 9.529999999999999583e-01
9.483000000000000318e-01 9.537999999999999812e-01
9.483000000000000318e-01 9.535000000000000142e-01
9.483000000000000318e-01 9.535000000000000142e-01
9.482000000000000428e-01 9.536000000000000032e-01
9.481000000000000538e-01 9.529999999999999583e-01
9.479999999999999538e-01 9.533000000000000362e-01
9.481000000000000538e-01 9.533000000000000362e-01
9.481000000000000538e-01 9.530999999999999472e-01
9.481000000000000538e-01 9.526000000000000023e-01
9.481000000000000538e-01 9.528999999999999693e-01
9.481000000000000538e-01 9.532000000000000473e-01
9.481000000000000538e-01 9.529999999999999583e-01
9.481000000000000538e-01 9.527999999999999803e-01
9.481000000000000538e-01 9.520999999999999464e-01
9.482000000000000428e-01 9.523000000000000353e-01
9.482000000000000428e-01 9.520999999999999464e-01
9.482000000000000428e-01 9.526999999999999913e-01
9.482000000000000428e-01 9.524000000000000243e-01
9.481000000000000538e-01 9.532000000000000473e-01
9.479999999999999538e-01 9.530999999999999472e-01
9.479999999999999538e-01 9.527999999999999803e-01
9.479999999999999538e-01 9.524000000000000243e-01
9.479999999999999538e-01 9.523000000000000353e-01
9.479999999999999538e-01 9.524000000000000243e-01
9.479999999999999538e-01 9.527999999999999803e-01
9.479999999999999538e-01 9.527999999999999803e-01
9.479999999999999538e-01 9.519999999999999574e-01
9.479999999999999538e-01 9.525000000000000133e-01
9.479999999999999538e-01 9.524000000000000243e-01
9.481000000000000538e-01 9.520999999999999464e-01
9.481000000000000538e-01 9.517999999999999794e-01
9.481000000000000538e-01 9.526999999999999913e-01
9.481000000000000538e-01 9.523000000000000353e-01
9.478999999999999648e-01 9.519999999999999574e-01
9.479999999999999538e-01 9.525000000000000133e-01
9.479999999999999538e-01 9.526999999999999913e-01
9.478999999999999648e-01 9.523000000000000353e-01
9.478999999999999648e-01 9.522000000000000464e-01
9.478999999999999648e-01 9.522000000000000464e-01
9.479999999999999538e-01 9.518999999999999684e-01
9.479999999999999538e-01 9.517999999999999794e-01
9.478999999999999648e-01 9.518999999999999684e-01
9.478999999999999648e-01 9.517999999999999794e-01
9.479999999999999538e-01 9.518999999999999684e-01
9.479999999999999538e-01 9.520999999999999464e-01
9.478999999999999648e-01 9.517999999999999794e-01
9.478999999999999648e-01 9.520999999999999464e-01
9.478999999999999648e-01 9.516999999999999904e-01
9.478999999999999648e-01 9.518999999999999684e-01
9.479999999999999538e-01 9.523000000000000353e-01
9.479999999999999538e-01 9.516999999999999904e-01
9.479999999999999538e-01 9.524000000000000243e-01
9.478999999999999648e-01 9.519999999999999574e-01
9.478999999999999648e-01 9.522000000000000464e-01
9.477999999999999758e-01 9.516000000000000014e-01
9.478999999999999648e-01 9.520999999999999464e-01
9.477999999999999758e-01 9.522000000000000464e-01
9.479999999999999538e-01 9.520999999999999464e-01
9.479999999999999538e-01 9.526000000000000023e-01
9.479999999999999538e-01 9.523000000000000353e-01
9.479999999999999538e-01 9.522000000000000464e-01
9.479999999999999538e-01 9.523000000000000353e-01
9.478999999999999648e-01 9.522000000000000464e-01
9.479999999999999538e-01 9.517999999999999794e-01
9.479999999999999538e-01 9.515000000000000124e-01
9.479999999999999538e-01 9.513000000000000345e-01
9.479999999999999538e-01 9.516999999999999904e-01
9.478999999999999648e-01 9.516999999999999904e-01
9.478999999999999648e-01 9.516000000000000014e-01
9.478999999999999648e-01 9.516000000000000014e-01
9.479999999999999538e-01 9.517999999999999794e-01
9.479999999999999538e-01 9.528999999999999693e-01
9.479999999999999538e-01 9.520999999999999464e-01
9.479999999999999538e-01 9.516999999999999904e-01
9.478999999999999648e-01 9.526000000000000023e-01
9.479999999999999538e-01 9.528999999999999693e-01
9.479999999999999538e-01 9.530999999999999472e-01
9.479999999999999538e-01 9.526999999999999913e-01
9.479999999999999538e-01 9.526000000000000023e-01
9.479999999999999538e-01 9.523000000000000353e-01
9.479999999999999538e-01 9.517999999999999794e-01
9.479999999999999538e-01 9.515000000000000124e-01
9.479999999999999538e-01 9.523000000000000353e-01
9.479999999999999538e-01 9.518999999999999684e-01
9.479999999999999538e-01 9.519999999999999574e-01
9.479999999999999538e-01 9.519999999999999574e-01
9.479999999999999538e-01 9.518999999999999684e-01
9.479999999999999538e-01 9.519999999999999574e-01
9.479999999999999538e-01 9.519999999999999574e-01
9.479999999999999538e-01 9.516000000000000014e-01
9.481000000000000538e-01 9.516000000000000014e-01
9.479999999999999538e-01 9.517999999999999794e-01
9.479999999999999538e-01 9.515000000000000124e-01
9.479999999999999538e-01 9.514000000000000234e-01
9.478999999999999648e-01 9.515000000000000124e-01
9.478999999999999648e-01 9.515000000000000124e-01
9.482000000000000428e-01 9.507999999999999785e-01
9.482000000000000428e-01 9.510999999999999455e-01
9.482000000000000428e-01 9.508999999999999675e-01
9.481000000000000538e-01 9.513000000000000345e-01
9.478999999999999648e-01 9.515000000000000124e-01
9.481000000000000538e-01 9.517999999999999794e-01
9.479999999999999538e-01 9.520999999999999464e-01
9.478999999999999648e-01 9.514000000000000234e-01
9.476999999999999869e-01 9.515000000000000124e-01
9.476999999999999869e-01 9.524000000000000243e-01
9.475000000000000089e-01 9.517999999999999794e-01
9.476999999999999869e-01 9.515000000000000124e-01
9.475999999999999979e-01 9.516000000000000014e-01
9.475999999999999979e-01 9.520999999999999464e-01
9.475999999999999979e-01 9.514000000000000234e-01
9.475999999999999979e-01 9.514000000000000234e-01
9.475999999999999979e-01 9.516000000000000014e-01
9.475999999999999979e-01 9.515000000000000124e-01
9.475999999999999979e-01 9.518999999999999684e-01
9.475000000000000089e-01 9.517999999999999794e-01
9.475000000000000089e-01 9.520999999999999464e-01
9.475000000000000089e-01 9.528999999999999693e-01
9.474000000000000199e-01 9.519999999999999574e-01
9.474000000000000199e-01 9.520999999999999464e-01
9.474000000000000199e-01 9.526999999999999913e-01
9.474000000000000199e-01 9.536999999999999922e-01
9.474000000000000199e-01 9.527999999999999803e-01
9.474000000000000199e-01 9.532000000000000473e-01
9.473000000000000309e-01 9.532000000000000473e-01
9.474000000000000199e-01 9.518999999999999684e-01
9.475000000000000089e-01 9.518999999999999684e-01
9.475000000000000089e-01 9.517999999999999794e-01
9.475000000000000089e-01 9.516999999999999904e-01
9.475000000000000089e-01 9.516000000000000014e-01
9.475000000000000089e-01 9.522000000000000464e-01
9.475000000000000089e-01 9.517999999999999794e-01
9.475000000000000089e-01 9.515000000000000124e-01
9.475000000000000089e-01 9.519999999999999574e-01
9.475000000000000089e-01 9.513000000000000345e-01
9.474000000000000199e-01 9.517999999999999794e-01
9.475000000000000089e-01 9.516000000000000014e-01
9.475000000000000089e-01 9.522000000000000464e-01
9.475000000000000089e-01 9.522000000000000464e-01
9.475000000000000089e-01 9.527999999999999803e-01
9.475000000000000089e-01 9.527999999999999803e-01
9.475000000000000089e-01 9.528999999999999693e-01
9.475000000000000089e-01 9.526000000000000023e-01
9.475000000000000089e-01 9.529999999999999583e-01
9.474000000000000199e-01 9.526000000000000023e-01
9.474000000000000199e-01 9.524000000000000243e-01
9.474000000000000199e-01 9.523000000000000353e-01
9.475000000000000089e-01 9.525000000000000133e-01
9.475000000000000089e-01 9.517999999999999794e-01
9.475000000000000089e-01 9.516000000000000014e-01
9.474000000000000199e-01 9.510999999999999455e-01
9.474000000000000199e-01 9.513000000000000345e-01
9.474000000000000199e-01 9.524000000000000243e-01
9.474000000000000199e-01 9.518999999999999684e-01
9.474000000000000199e-01 9.526000000000000023e-01
9.475000000000000089e-01 9.527999999999999803e-01
9.475000000000000089e-01 9.525000000000000133e-01
9.474000000000000199e-01 9.522000000000000464e-01
9.475000000000000089e-01 9.519999999999999574e-01
9.475000000000000089e-01 9.522000000000000464e-01
9.475000000000000089e-01 9.518999999999999684e-01
9.474000000000000199e-01 9.516999999999999904e-01
9.475000000000000089e-01 9.515000000000000124e-01
9.475000000000000089e-01 9.516999999999999904e-01
9.475000000000000089e-01 9.516999999999999904e-01
9.475999999999999979e-01 9.514000000000000234e-01
9.475999999999999979e-01 9.514000000000000234e-01
9.475000000000000089e-01 9.520999999999999464e-01
9.475000000000000089e-01 9.517999999999999794e-01
9.475000000000000089e-01 9.516999999999999904e-01
9.473000000000000309e-01 9.523000000000000353e-01
9.474000000000000199e-01 9.520999999999999464e-01
9.473000000000000309e-01 9.519999999999999574e-01
9.473000000000000309e-01 9.512000000000000455e-01
9.475000000000000089e-01 9.518999999999999684e-01
9.475000000000000089e-01 9.507999999999999785e-01
9.475000000000000089e-01 9.514000000000000234e-01
9.475000000000000089e-01 9.517999999999999794e-01
9.475000000000000089e-01 9.512000000000000455e-01
9.475000000000000089e-01 9.515000000000000124e-01
9.475999999999999979e-01 9.516000000000000014e-01
9.475000000000000089e-01 9.506999999999999895e-01
9.475000000000000089e-01 9.514000000000000234e-01
9.475000000000000089e-01 9.510999999999999455e-01
9.475000000000000089e-01 9.513000000000000345e-01
9.475000000000000089e-01 9.516999999999999904e-01
9.477999999999999758e-01 9.510999999999999455e-01
9.477999999999999758e-01 9.505000000000000115e-01
9.477999999999999758e-01 9.506000000000000005e-01
9.478999999999999648e-01 9.506000000000000005e-01
9.477999999999999758e-01 9.506999999999999895e-01
9.477999999999999758e-01 9.510999999999999455e-01
9.477999999999999758e-01 9.506999999999999895e-01
9.476999999999999869e-01 9.508999999999999675e-01
9.476999999999999869e-01 9.503000000000000336e-01
9.477999999999999758e-01 9.498999999999999666e-01
9.477999999999999758e-01 9.506000000000000005e-01
9.477999999999999758e-01 9.505000000000000115e-01
9.477999999999999758e-01 9.500999999999999446e-01
9.477999999999999758e-01 9.500999999999999446e-01
9.476999999999999869e-01 9.503000000000000336e-01
9.476999999999999869e-01 9.495999999999999996e-01
9.476999999999999869e-01 9.509999999999999565e-01
9.476999999999999869e-01 9.512000000000000455e-01
9.475999999999999979e-01 9.518999999999999684e-01
9.477999999999999758e-01 9.516000000000000014e-01
9.477999999999999758e-01 9.510999999999999455e-01
9.477999999999999758e-01 9.510999999999999455e-01
9.478999999999999648e-01 9.515000000000000124e-01
9.478999999999999648e-01 9.505000000000000115e-01
9.478999999999999648e-01 9.513000000000000345e-01
9.477999999999999758e-01 9.507999999999999785e-01
9.478999999999999648e-01 9.506000000000000005e-01
9.476999999999999869e-01 9.509999999999999565e-01
9.476999999999999869e-01 9.514000000000000234e-01
9.476999999999999869e-01 9.513000000000000345e-01
9.476999999999999869e-01 9.512000000000000455e-01
9.479999999999999538e-01 9.512000000000000455e-01
9.478999999999999648e-01 9.516000000000000014e-01
9.479999999999999538e-01 9.508999999999999675e-01
9.477999999999999758e-01 9.509999999999999565e-01
9.476999999999999869e-01 9.509999999999999565e-01
9.478999999999999648e-01 9.514000000000000234e-01
9.479999999999999538e-01 9.517999999999999794e-01
9.479999999999999538e-01 9.514000000000000234e-01
9.479999999999999538e-01 9.513000000000000345e-01
9.479999999999999538e-01 9.509999999999999565e-01
9.477999999999999758e-01 9.519999999999999574e-01
9.477999999999999758e-01 9.515000000000000124e-01
9.476999999999999869e-01 9.516000000000000014e-01
9.476999999999999869e-01 9.508999999999999675e-01
9.476999999999999869e-01 9.514000000000000234e-01
9.476999999999999869e-01 9.510999999999999455e-01
9.477999999999999758e-01 9.506999999999999895e-01
9.475999999999999979e-01 9.510999999999999455e-01
9.476999999999999869e-01 9.506999999999999895e-01
9.476999999999999869e-01 9.504000000000000226e-01
9.476999999999999869e-01 9.506999999999999895e-01
9.476999999999999869e-01 9.517999999999999794e-01
9.476999999999999869e-01 9.516999999999999904e-01
9.476999999999999869e-01 9.518999999999999684e-01
9.476999999999999869e-01 9.520999999999999464e-01
9.476999999999999869e-01 9.522000000000000464e-01
9.477999999999999758e-01 9.520999999999999464e-01
9.477999999999999758e-01 9.518999999999999684e-01
9.477999999999999758e-01 9.520999999999999464e-01
9.477999999999999758e-01 9.518999999999999684e-01
9.477999999999999758e-01 9.520999999999999464e-01
9.477999999999999758e-01 9.527999999999999803e-01
9.478999999999999648e-01 9.530999999999999472e-01
9.478999999999999648e-01 9.536999999999999922e-01
9.476999999999999869e-01 9.525000000000000133e-01
9.477999999999999758e-01 9.530999999999999472e-01
9.477999999999999758e-01 9.518999999999999684e-01
9.476999999999999869e-01 9.522000000000000464e-01
9.475999999999999979e-01 9.520999999999999464e-01
9.476999999999999869e-01 9.519999999999999574e-01
9.476999999999999869e-01 9.515000000000000124e-01
9.476999999999999869e-01 9.522000000000000464e-01
9.476999999999999869e-01 9.514000000000000234e-01
9.477999999999999758e-01 9.513000000000000345e-01
9.479999999999999538e-01 9.514000000000000234e-01
9.479999999999999538e-01 9.523000000000000353e-01
9.479999999999999538e-01 9.516000000000000014e-01
9.479999999999999538e-01 9.508999999999999675e-01
9.479999999999999538e-01 9.516999999999999904e-01
9.481000000000000538e-01 9.514000000000000234e-01
9.479999999999999538e-01 9.510999999999999455e-01
9.479999999999999538e-01 9.514000000000000234e-01
9.479999999999999538e-01 9.515000000000000124e-01
9.478999999999999648e-01 9.516999999999999904e-01
9.478999999999999648e-01 9.523000000000000353e-01
9.478999999999999648e-01 9.515000000000000124e-01
9.477999999999999758e-01 9.516000000000000014e-01
9.478999999999999648e-01 9.509999999999999565e-01
9.478999999999999648e-01 9.519999999999999574e-01
9.478999999999999648e-01 9.514000000000000234e-01
9.478999999999999648e-01 9.514000000000000234e-01
9.478999999999999648e-01 9.517999999999999794e-01
9.479999999999999538e-01 9.520999999999999464e-01
9.479999999999999538e-01 9.515000000000000124e-01
9.479999999999999538e-01 9.506999999999999895e-01
9.481000000000000538e-01 9.518999999999999684e-01
9.481000000000000538e-01 9.514000000000000234e-01
9.479999999999999538e-01 9.510999999999999455e-01
9.479999999999999538e-01 9.512000000000000455e-01
9.481000000000000538e-01 9.519999999999999574e-01
9.481000000000000538e-01 9.517999999999999794e-01
9.481000000000000538e-01 9.513000000000000345e-01
9.481000000000000538e-01 9.513000000000000345e-01
9.479999999999999538e-01 9.516000000000000014e-01
9.481000000000000538e-01 9.509999999999999565e-01
9.481000000000000538e-01 9.512000000000000455e-01
9.481000000000000538e-01 9.510999999999999455e-01
9.481000000000000538e-01 9.507999999999999785e-01
9.479999999999999538e-01 9.506999999999999895e-01
9.479999999999999538e-01 9.509999999999999565e-01
9.479999999999999538e-01 9.510999999999999455e-01
9.479999999999999538e-01 9.509999999999999565e-01
9.479999999999999538e-01 9.512000000000000455e-01
9.479999999999999538e-01 9.516000000000000014e-01
9.481000000000000538e-01 9.518999999999999684e-01
9.479999999999999538e-01 9.514000000000000234e-01
9.479999999999999538e-01 9.516000000000000014e-01
9.479999999999999538e-01 9.518999999999999684e-01
9.479999999999999538e-01 9.519999999999999574e-01
9.481000000000000538e-01 9.522000000000000464e-01
9.481000000000000538e-01 9.524000000000000243e-01
9.482000000000000428e-01 9.522000000000000464e-01
9.479999999999999538e-01 9.518999999999999684e-01
9.482000000000000428e-01 9.519999999999999574e-01
9.481000000000000538e-01 9.519999999999999574e-01
9.481000000000000538e-01 9.526999999999999913e-01
9.482000000000000428e-01 9.525000000000000133e-01
9.482000000000000428e-01 9.524000000000000243e-01
9.482000000000000428e-01 9.516999999999999904e-01
9.482000000000000428e-01 9.524000000000000243e-01
9.482000000000000428e-01 9.528999999999999693e-01
9.482000000000000428e-01 9.524000000000000243e-01
9.482000000000000428e-01 9.526999999999999913e-01
9.482000000000000428e-01 9.516999999999999904e-01
9.482000000000000428e-01 9.513000000000000345e-01
9.482000000000000428e-01 9.516999999999999904e-01
9.482000000000000428e-01 9.516000000000000014e-01
9.482000000000000428e-01 9.516000000000000014e-01
9.482000000000000428e-01 9.514000000000000234e-01
9.484000000000000208e-01 9.514000000000000234e-01
9.483000000000000318e-01 9.513000000000000345e-01
9.482000000000000428e-01 9.520999999999999464e-01
9.483000000000000318e-01 9.518999999999999684e-01
9.483000000000000318e-01 9.522000000000000464e-01
9.483000000000000318e-01 9.518999999999999684e-01
9.483000000000000318e-01 9.519999999999999574e-01
9.483000000000000318e-01 9.526999999999999913e-01
9.483000000000000318e-01 9.524000000000000243e-01
9.482000000000000428e-01 9.519999999999999574e-01
9.479999999999999538e-01 9.520999999999999464e-01
9.479999999999999538e-01 9.518999999999999684e-01
9.481000000000000538e-01 9.516999999999999904e-01
9.481000000000000538e-01 9.518999999999999684e-01
9.478999999999999648e-01 9.517999999999999794e-01
9.478999999999999648e-01 9.515000000000000124e-01
9.478999999999999648e-01 9.519999999999999574e-01
9.476999999999999869e-01 9.522000000000000464e-01
9.477999999999999758e-01 9.520999999999999464e-01
9.478999999999999648e-01 9.520999999999999464e-01
9.478999999999999648e-01 9.517999999999999794e-01
9.478999999999999648e-01 9.516999999999999904e-01
9.479999999999999538e-01 9.516000000000000014e-01
9.478999999999999648e-01 9.517999999999999794e-01
9.478999999999999648e-01 9.516000000000000014e-01
9.477999999999999758e-01 9.518999999999999684e-01
9.477999999999999758e-01 9.518999999999999684e-01
9.477999999999999758e-01 9.514000000000000234e-01
9.479999999999999538e-01 9.516999999999999904e-01
9.479999999999999538e-01 9.516999999999999904e-01
9.479999999999999538e-01 9.510999999999999455e-01
9.479999999999999538e-01 9.516999999999999904e-01
9.479999999999999538e-01 9.517999999999999794e-01
9.479999999999999538e-01 9.526999999999999913e-01
9.479999999999999538e-01 9.524000000000000243e-01
9.479999999999999538e-01 9.520999999999999464e-01
9.479999999999999538e-01 9.515000000000000124e-01
9.479999999999999538e-01 9.512000000000000455e-01
9.479999999999999538e-01 9.513000000000000345e-01
9.479999999999999538e-01 9.515000000000000124e-01
9.478999999999999648e-01 9.510999999999999455e-01
9.481000000000000538e-01 9.514000000000000234e-01
9.479999999999999538e-01 9.517999999999999794e-01
9.478999999999999648e-01 9.520999999999999464e-01
9.478999999999999648e-01 9.516999999999999904e-01
9.477999999999999758e-01 9.519999999999999574e-01
9.478999999999999648e-01 9.514000000000000234e-01
9.479999999999999538e-01 9.510999999999999455e-01
9.478999999999999648e-01 9.515000000000000124e-01
9.478999999999999648e-01 9.513000000000000345e-01
9.477999999999999758e-01 9.510999999999999455e-01
9.478999999999999648e-01 9.517999999999999794e-01
9.478999999999999648e-01 9.509999999999999565e-01
9.478999999999999648e-01 9.516000000000000014e-01
9.478999999999999648e-01 9.519999999999999574e-01
9.478999999999999648e-01 9.514000000000000234e-01
9.478999999999999648e-01 9.509999999999999565e-01
9.478999999999999648e-01 9.510999999999999455e-01
9.478999999999999648e-01 9.506000000000000005e-01
9.477999999999999758e-01 9.509999999999999565e-01
9.477999999999999758e-01 9.507999999999999785e-01
9.476999999999999869e-01 9.513000000000000345e-01
9.476999999999999869e-01 9.508999999999999675e-01
9.476999999999999869e-01 9.509999999999999565e-01
9.476999999999999869e-01 9.507999999999999785e-01
9.476999999999999869e-01 9.510999999999999455e-01
9.477999999999999758e-01 9.504000000000000226e-01
9.477999999999999758e-01 9.499999999999999556e-01
9.478999999999999648e-01 9.499999999999999556e-01
9.478999999999999648e-01 9.499999999999999556e-01
9.478999999999999648e-01 9.505000000000000115e-01
9.477999999999999758e-01 9.507999999999999785e-01
9.476999999999999869e-01 9.506000000000000005e-01
9.475999999999999979e-01 9.507999999999999785e-01
9.476999999999999869e-01 9.504000000000000226e-01
9.475999999999999979e-01 9.503000000000000336e-01
9.475999999999999979e-01 9.507999999999999785e-01
9.475999999999999979e-01 9.509999999999999565e-01
9.475999999999999979e-01 9.508999999999999675e-01
9.476999999999999869e-01 9.504000000000000226e-01
9.475999999999999979e-01 9.506000000000000005e-01
9.476999999999999869e-01 9.507999999999999785e-01
9.475999999999999979e-01 9.510999999999999455e-01
9.475999999999999979e-01 9.510999999999999455e-01
9.475999999999999979e-01 9.514000000000000234e-01
9.475999999999999979e-01 9.514000000000000234e-01
9.475999999999999979e-01 9.509999999999999565e-01
9.475999999999999979e-01 9.510999999999999455e-01
9.475999999999999979e-01 9.516999999999999904e-01
9.475999999999999979e-01 9.515000000000000124e-01
9.475999999999999979e-01 9.526000000000000023e-01
9.474000000000000199e-01 9.520999999999999464e-01
9.475999999999999979e-01 9.518999999999999684e-01
9.475000000000000089e-01 9.518999999999999684e-01
9.475000000000000089e-01 9.520999999999999464e-01
9.475999999999999979e-01 9.515000000000000124e-01
9.475999999999999979e-01 9.515000000000000124e-01
9.475999999999999979e-01 9.502000000000000446e-01
9.475999999999999979e-01 9.502000000000000446e-01
9.475999999999999979e-01 9.512000000000000455e-01
9.476999999999999869e-01 9.504000000000000226e-01
9.476999999999999869e-01 9.508999999999999675e-01
9.476999999999999869e-01 9.504000000000000226e-01
9.476999999999999869e-01 9.509999999999999565e-01
9.476999999999999869e-01 9.502000000000000446e-01
9.475999999999999979e-01 9.505000000000000115e-01
9.475000000000000089e-01 9.507999999999999785e-01
9.475000000000000089e-01 9.504000000000000226e-01
9.475000000000000089e-01 9.503000000000000336e-01
9.475000000000000089e-01 9.504000000000000226e-01
9.475000000000000089e-01 9.504000000000000226e-01
9.475000000000000089e-01 9.506000000000000005e-01
9.474000000000000199e-01 9.508999999999999675e-01
9.473000000000000309e-01 9.506999999999999895e-01
9.474000000000000199e-01 9.509999999999999565e-01
9.474000000000000199e-01 9.509999999999999565e-01
9.473000000000000309e-01 9.506999999999999895e-01
9.472000000000000419e-01 9.516000000000000014e-01
9.473000000000000309e-01 9.512000000000000455e-01
9.472000000000000419e-01 9.507999999999999785e-01
9.471000000000000529e-01 9.512000000000000455e-01
9.472000000000000419e-01 9.505000000000000115e-01
9.472000000000000419e-01 9.508999999999999675e-01
9.472000000000000419e-01 9.514000000000000234e-01
9.471000000000000529e-01 9.513000000000000345e-01
9.469999999999999529e-01 9.506000000000000005e-01
9.467999999999999750e-01 9.504000000000000226e-01
9.469999999999999529e-01 9.502000000000000446e-01
9.469999999999999529e-01 9.496999999999999886e-01
9.469999999999999529e-01 9.498999999999999666e-01
9.469999999999999529e-01 9.498999999999999666e-01
9.471000000000000529e-01 9.497999999999999776e-01
9.471000000000000529e-01 9.496999999999999886e-01
9.471000000000000529e-01 9.493000000000000327e-01
9.472000000000000419e-01 9.496999999999999886e-01
9.472000000000000419e-01 9.486999999999999877e-01
9.472000000000000419e-01 9.495000000000000107e-01
9.474000000000000199e-01 9.491000000000000547e-01
9.473000000000000309e-01 9.496999999999999886e-01
9.474000000000000199e-01 9.496999999999999886e-01
9.474000000000000199e-01 9.498999999999999666e-01
9.473000000000000309e-01 9.500999999999999446e-01
9.472000000000000419e-01 9.498999999999999666e-01
9.472000000000000419e-01 9.504000000000000226e-01
9.473000000000000309e-01 9.499999999999999556e-01
9.473000000000000309e-01 9.506000000000000005e-01
9.472000000000000419e-01 9.502000000000000446e-01
9.471000000000000529e-01 9.499999999999999556e-01
9.471000000000000529e-01 9.496999999999999886e-01
9.471000000000000529e-01 9.498999999999999666e-01
9.469999999999999529e-01 9.506999999999999895e-01
9.472000000000000419e-01 9.507999999999999785e-01
9.472000000000000419e-01 9.507999999999999785e-01
9.471000000000000529e-01 9.516999999999999904e-01
9.471000000000000529e-01 9.516000000000000014e-01
9.469999999999999529e-01 9.508999999999999675e-01
9.467999999999999750e-01 9.513000000000000345e-01
9.467999999999999750e-01 9.515000000000000124e-01
9.467999999999999750e-01 9.513000000000000345e-01
9.466999999999999860e-01 9.516999999999999904e-01
9.465999999999999970e-01 9.512000000000000455e-01
9.467999999999999750e-01 9.514000000000000234e-01
9.467999999999999750e-01 9.513000000000000345e-01
9.465999999999999970e-01 9.518999999999999684e-01
9.466999999999999860e-01 9.514000000000000234e-01
9.466999999999999860e-01 9.506000000000000005e-01
9.466999999999999860e-01 9.503000000000000336e-01
9.466999999999999860e-01 9.508999999999999675e-01
9.466999999999999860e-01 9.509999999999999565e-01
9.466999999999999860e-01 9.509999999999999565e-01
9.466999999999999860e-01 9.517999999999999794e-01
9.467999999999999750e-01 9.514000000000000234e-01
9.468999999999999639e-01 9.518999999999999684e-01
9.468999999999999639e-01 9.519999999999999574e-01
9.468999999999999639e-01 9.516999999999999904e-01
9.468999999999999639e-01 9.522000000000000464e-01
9.468999999999999639e-01 9.518999999999999684e-01
9.468999999999999639e-01 9.516999999999999904e-01
9.468999999999999639e-01 9.518999999999999684e-01
9.468999999999999639e-01 9.520999999999999464e-01
9.469999999999999529e-01 9.518999999999999684e-01
9.468999999999999639e-01 9.518999999999999684e-01
9.468999999999999639e-01 9.509999999999999565e-01
9.469999999999999529e-01 9.512000000000000455e-01
9.469999999999999529e-01 9.516000000000000014e-01
9.468999999999999639e-01 9.517999999999999794e-01
9.468999999999999639e-01 9.519999999999999574e-01
9.468999999999999639e-01 9.517999999999999794e-01
9.468999999999999639e-01 9.522000000000000464e-01
9.468999999999999639e-01 9.522000000000000464e-01
9.468999999999999639e-01 9.524000000000000243e-01
9.469999999999999529e-01 9.527999999999999803e-01
9.469999999999999529e-01 9.528999999999999693e-01
9.469999999999999529e-01 9.524000000000000243e-01
9.469999999999999529e-01 9.526999999999999913e-01
9.471000000000000529e-01 9.528999999999999693e-01
9.471000000000000529e-01 9.519999999999999574e-01
9.471000000000000529e-01 9.520999999999999464e-01
9.471000000000000529e-01 9.520999999999999464e-01
9.469999999999999529e-01 9.517999999999999794e-01
9.469999999999999529e-01 9.517999999999999794e-01
9.469999999999999529e-01 9.518999999999999684e-01
9.471000000000000529e-01 9.523000000000000353e-01
9.469999999999999529e-01 9.523000000000000353e-01
9.468999999999999639e-01 9.526000000000000023e-01
9.469999999999999529e-01 9.523000000000000353e-01
9.469999999999999529e-01 9.524000000000000243e-01
9.471000000000000529e-01 9.526999999999999913e-01
9.472000000000000419e-01 9.526000000000000023e-01
9.472000000000000419e-01 9.526999999999999913e-01
9.471000000000000529e-01 9.523000000000000353e-01
9.471000000000000529e-01 9.518999999999999684e-01
9.471000000000000529e-01 9.519999999999999574e-01
9.469999999999999529e-01 9.517999999999999794e-01
9.469999999999999529e-01 9.517999999999999794e-01
9.469999999999999529e-01 9.516999999999999904e-01
9.469999999999999529e-01 9.516000000000000014e-01
9.469999999999999529e-01 9.516000000000000014e-01
9.469999999999999529e-01 9.522000000000000464e-01
9.468999999999999639e-01 9.518999999999999684e-01
9.469999999999999529e-01 9.516999999999999904e-01
9.471000000000000529e-01 9.512000000000000455e-01
9.471000000000000529e-01 9.513000000000000345e-01
9.471000000000000529e-01 9.512000000000000455e-01
9.471000000000000529e-01 9.520999999999999464e-01
9.471000000000000529e-01 9.516000000000000014e-01
9.471000000000000529e-01 9.507999999999999785e-01
9.471000000000000529e-01 9.515000000000000124e-01
9.472000000000000419e-01 9.515000000000000124e-01
9.473000000000000309e-01 9.523000000000000353e-01
9.473000000000000309e-01 9.520999999999999464e-01
9.473000000000000309e-01 9.522000000000000464e-01
9.472000000000000419e-01 9.516999999999999904e-01
9.472000000000000419e-01 9.516999999999999904e-01
9.472000000000000419e-01 9.520999999999999464e-01
9.472000000000000419e-01 9.515000000000000124e-01
9.471000000000000529e-01 9.515000000000000124e-01
9.471000000000000529e-01 9.516999999999999904e-01
9.471000000000000529e-01 9.513000000000000345e-01
9.471000000000000529e-01 9.516999999999999904e-01
9.471000000000000529e-01 9.519999999999999574e-01
9.471000000000000529e-01 9.518999999999999684e-01
9.471000000000000529e-01 9.514000000000000234e-01
9.471000000000000529e-01 9.516999999999999904e-01
9.469999999999999529e-01 9.519999999999999574e-01
9.469999999999999529e-01 9.512000000000000455e-01
9.469999999999999529e-01 9.512000000000000455e-01
9.469999999999999529e-01 9.509999999999999565e-01
9.469999999999999529e-01 9.516999999999999904e-01
9.468999999999999639e-01 9.516999999999999904e-01
9.468999999999999639e-01 9.516000000000000014e-01
9.468999999999999639e-01 9.514000000000000234e-01
9.468999999999999639e-01 9.512000000000000455e-01
9.468999999999999639e-01 9.512000000000000455e-01
9.468999999999999639e-01 9.514000000000000234e-01
9.468999999999999639e-01 9.508999999999999675e-01
9.471000000000000529e-01 9.506000000000000005e-01
9.469999999999999529e-01 9.505000000000000115e-01
9.469999999999999529e-01 9.507999999999999785e-01
9.469999999999999529e-01 9.505000000000000115e-01
9.469999999999999529e-01 9.502000000000000446e-01
9.469999999999999529e-01 9.505000000000000115e-01
9.469999999999999529e-01 9.498999999999999666e-01
9.469999999999999529e-01 9.502000000000000446e-01
9.469999999999999529e-01 9.508999999999999675e-01
9.469999999999999529e-01 9.507999999999999785e-01
9.469999999999999529e-01 9.506999999999999895e-01
9.469999999999999529e-01 9.510999999999999455e-01
9.471000000000000529e-01 9.507999999999999785e-01
9.471000000000000529e-01 9.509999999999999565e-01
9.471000000000000529e-01 9.507999999999999785e-01
9.472000000000000419e-01 9.505000000000000115e-01
9.471000000000000529e-01 9.512000000000000455e-01
9.472000000000000419e-01 9.516000000000000014e-01
9.472000000000000419e-01 9.508999999999999675e-01
9.472000000000000419e-01 9.509999999999999565e-01
9.471000000000000529e-01 9.508999999999999675e-01
9.469999999999999529e-01 9.504000000000000226e-01
9.471000000000000529e-01 9.508999999999999675e-01
9.472000000000000419e-01 9.514000000000000234e-01
9.472000000000000419e-01 9.509999999999999565e-01
9.472000000000000419e-01 9.513000000000000345e-01
9.472000000000000419e-01 9.519999999999999574e-01
9.472000000000000419e-01 9.522000000000000464e-01
9.472000000000000419e-01 9.526999999999999913e-01
9.472000000000000419e-01 9.516000000000000014e-01
9.472000000000000419e-01 9.514000000000000234e-01
9.472000000000000419e-01 9.508999999999999675e-01
9.472000000000000419e-01 9.507999999999999785e-01
9.469999999999999529e-01 9.506999999999999895e-01
9.469999999999999529e-01 9.508999999999999675e-01
9.471000000000000529e-01 9.505000000000000115e-01
9.471000000000000529e-01 9.516999999999999904e-01
9.471000000000000529e-01 9.514000000000000234e-01
9.471000000000000529e-01 9.510999999999999455e-01
9.471000000000000529e-01 9.514000000000000234e-01
9.471000000000000529e-01 9.515000000000000124e-01
9.471000000000000529e-01 9.514000000000000234e-01
9.471000000000000529e-01 9.510999999999999455e-01
9.471000000000000529e-01 9.516000000000000014e-01
9.471000000000000529e-01 9.514000000000000234e-01
9.471000000000000529e-01 9.516999999999999904e-01
9.472000000000000419e-01 9.512000000000000455e-01
9.471000000000000529e-01 9.513000000000000345e-01
9.471000000000000529e-01 9.516000000000000014e-01
9.471000000000000529e-01 9.514000000000000234e-01
9.471000000000000529e-01 9.516000000000000014e-01
9.471000000000000529e-01 9.516000000000000014e-01
9.471000000000000529e-01 9.516000000000000014e-01
9.469999999999999529e-01 9.518999999999999684e-01
9.469999999999999529e-01 9.516999999999999904e-01
9.471000000000000529e-01 9.517999999999999794e-01
9.471000000000000529e-01 9.522000000000000464e-01
9.471000000000000529e-01 9.522000000000000464e-01
9.471000000000000529e-01 9.522000000000000464e-01
9.471000000000000529e-01 9.523000000000000353e-01
9.471000000000000529e-01 9.527999999999999803e-01
9.471000000000000529e-01 9.522000000000000464e-01
9.472000000000000419e-01 9.524000000000000243e-01
9.472000000000000419e-01 9.528999999999999693e-01
9.472000000000000419e-01 9.527999999999999803e-01
9.472000000000000419e-01 9.526999999999999913e-01
9.471000000000000529e-01 9.529999999999999583e-01
9.472000000000000419e-01 9.528999999999999693e-01
9.472000000000000419e-01 9.530999999999999472e-01
9.472000000000000419e-01 9.535000000000000142e-01
9.472000000000000419e-01 9.522000000000000464e-01
9.471000000000000529e-01 9.524000000000000243e-01
9.471000000000000529e-01 9.525000000000000133e-01
9.471000000000000529e-01 9.525000000000000133e-01
9.469999999999999529e-01 9.524000000000000243e-01
9.469999999999999529e-01 9.523000000000000353e-01
9.471000000000000529e-01 9.516999999999999904e-01
9.469999999999999529e-01 9.526000000000000023e-01
9.469999999999999529e-01 9.522000000000000464e-01
9.471000000000000529e-01 9.525000000000000133e-01
9.471000000000000529e-01 9.526000000000000023e-01
9.471000000000000529e-01 9.523000000000000353e-01
9.471000000000000529e-01 9.524000000000000243e-01
9.472000000000000419e-01 9.517999999999999794e-01
9.474000000000000199e-01 9.515000000000000124e-01
9.474000000000000199e-01 9.523000000000000353e-01
9.474000000000000199e-01 9.517999999999999794e-01
9.472000000000000419e-01 9.520999999999999464e-01
9.473000000000000309e-01 9.523000000000000353e-01
9.473000000000000309e-01 9.520999999999999464e-01
9.473000000000000309e-01 9.522000000000000464e-01
9.473000000000000309e-01 9.523000000000000353e-01
9.473000000000000309e-01 9.520999999999999464e-01
9.473000000000000309e-01 9.516000000000000014e-01
9.473000000000000309e-01 9.522000000000000464e-01
9.473000000000000309e-01 9.520999999999999464e-01
9.473000000000000309e-01 9.510999999999999455e-01
9.473000000000000309e-01 9.506999999999999895e-01
9.473000000000000309e-01 9.509999999999999565e-01
9.474000000000000199e-01 9.513000000000000345e-01
9.475000000000000089e-01 9.510999999999999455e-01
9.475000000000000089e-01 9.514000000000000234e-01
9.475000000000000089e-01 9.507999999999999785e-01
9.475000000000000089e-01 9.512000000000000455e-01
9.472000000000000419e-01 9.508999999999999675e-01
9.473000000000000309e-01 9.506999999999999895e-01
9.473000000000000309e-01 9.507999999999999785e-01
9.474000000000000199e-01 9.508999999999999675e-01
9.475000000000000089e-01 9.506000000000000005e-01
9.475000000000000089e-01 9.505000000000000115e-01
9.475000000000000089e-01 9.503000000000000336e-01
9.475000000000000089e-01 9.500999999999999446e-01
9.475000000000000089e-01 9.500999999999999446e-01
9.475000000000000089e-01 9.506000000000000005e-01
9.474000000000000199e-01 9.513000000000000345e-01
9.474000000000000199e-01 9.508999999999999675e-01
9.473000000000000309e-01 9.508999999999999675e-01
9.474000000000000199e-01 9.513000000000000345e-01
9.474000000000000199e-01 9.506999999999999895e-01
9.474000000000000199e-01 9.512000000000000455e-01
9.474000000000000199e-01 9.526000000000000023e-01
9.475000000000000089e-01 9.516000000000000014e-01
9.475000000000000089e-01 9.524000000000000243e-01
9.475000000000000089e-01 9.520999999999999464e-01
9.475000000000000089e-01 9.516999999999999904e-01
9.475000000000000089e-01 9.515000000000000124e-01
9.475000000000000089e-01 9.516999999999999904e-01
9.472000000000000419e-01 9.512000000000000455e-01
9.472000000000000419e-01 9.517999999999999794e-01
9.472000000000000419e-01 9.517999999999999794e-01
9.472000000000000419e-01 9.508999999999999675e-01
9.472000000000000419e-01 9.514000000000000234e-01
9.472000000000000419e-01 9.517999999999999794e-01
9.472000000000000419e-01 9.508999999999999675e-01
9.471000000000000529e-01 9.508999999999999675e-01
9.471000000000000529e-01 9.503000000000000336e-01
9.471000000000000529e-01 9.500999999999999446e-01
9.471000000000000529e-01 9.503000000000000336e-01
9.471000000000000529e-01 9.498999999999999666e-01
9.472000000000000419e-01 9.506000000000000005e-01
9.472000000000000419e-01 9.505000000000000115e-01
9.471000000000000529e-01 9.506000000000000005e-01
9.471000000000000529e-01 9.508999999999999675e-01
9.471000000000000529e-01 9.508999999999999675e-01
9.471000000000000529e-01 9.504000000000000226e-01
9.472000000000000419e-01 9.500999999999999446e-01
9.471000000000000529e-01 9.503000000000000336e-01
9.472000000000000419e-01 9.505000000000000115e-01
9.472000000000000419e-01 9.500999999999999446e-01
9.472000000000000419e-01 9.504000000000000226e-01
9.472000000000000419e-01 9.505000000000000115e-01
9.472000000000000419e-01 9.503000000000000336e-01
9.474000000000000199e-01 9.508999999999999675e-01
9.474000000000000199e-01 9.509999999999999565e-01
9.473000000000000309e-01 9.507999999999999785e-01
9.472000000000000419e-01 9.506999999999999895e-01
9.471000000000000529e-01 9.506999999999999895e-01
9.473000000000000309e-01 9.507999999999999785e-01
9.473000000000000309e-01 9.506999999999999895e-01
9.473000000000000309e-01 9.505000000000000115e-01
9.473000000000000309e-01 9.506999999999999895e-01
9.473000000000000309e-01 9.509999999999999565e-01
9.474000000000000199e-01 9.512000000000000455e-01
9.474000000000000199e-01 9.512000000000000455e-01
9.474000000000000199e-01 9.516000000000000014e-01
9.473000000000000309e-01 9.510999999999999455e-01
9.475000000000000089e-01 9.506000000000000005e-01
9.475000000000000089e-01 9.513000000000000345e-01
9.475000000000000089e-01 9.510999999999999455e-01
9.473000000000000309e-01 9.512000000000000455e-01
9.473000000000000309e-01 9.512000000000000455e-01
9.474000000000000199e-01 9.514000000000000234e-01
9.474000000000000199e-01 9.512000000000000455e-01
9.475000000000000089e-01 9.506000000000000005e-01
9.474000000000000199e-01 9.508999999999999675e-01
9.473000000000000309e-01 9.514000000000000234e-01
9.473000000000000309e-01 9.517999999999999794e-01
9.473000000000000309e-01 9.515000000000000124e-01
9.473000000000000309e-01 9.507999999999999785e-01
9.472000000000000419e-01 9.510999999999999455e-01
9.472000000000000419e-01 9.509999999999999565e-01
9.471000000000000529e-01 9.513000000000000345e-01
9.471000000000000529e-01 9.509999999999999565e-01
9.472000000000000419e-01 9.507999999999999785e-01
9.472000000000000419e-01 9.509999999999999565e-01
9.472000000000000419e-01 9.512000000000000455e-01
9.472000000000000419e-01 9.513000000000000345e-01
9.471000000000000529e-01 9.512000000000000455e-01
9.471000000000000529e-01 9.513000000000000345e-01
9.472000000000000419e-01 9.509999999999999565e-01
9.472000000000000419e-01 9.515000000000000124e-01
9.472000000000000419e-01 9.514000000000000234e-01
9.468999999999999639e-01 9.508999999999999675e-01
9.468999999999999639e-01 9.499999999999999556e-01
9.469999999999999529e-01 9.506000000000000005e-01
9.471000000000000529e-01 9.505000000000000115e-01
9.469999999999999529e-01 9.506999999999999895e-01
9.469999999999999529e-01 9.504000000000000226e-01
9.471000000000000529e-01 9.500999999999999446e-01
9.471000000000000529e-01 9.504000000000000226e-01
9.471000000000000529e-01 9.500999999999999446e-01
9.472000000000000419e-01 9.504000000000000226e-01
9.472000000000000419e-01 9.510999999999999455e-01
9.475000000000000089e-01 9.509999999999999565e-01
9.474000000000000199e-01 9.504000000000000226e-01
9.474000000000000199e-01 9.506000000000000005e-01
9.474000000000000199e-01 9.504000000000000226e-01
9.474000000000000199e-01 9.506000000000000005e-01
9.473000000000000309e-01 9.502000000000000446e-01
9.474000000000000199e-01 9.514000000000000234e-01
9.473000000000000309e-01 9.505000000000000115e-01
9.472000000000000419e-01 9.504000000000000226e-01
9.472000000000000419e-01 9.505000000000000115e-01
9.474000000000000199e-01 9.502000000000000446e-01
9.474000000000000199e-01 9.507999999999999785e-01
9.472000000000000419e-01 9.510999999999999455e-01
9.473000000000000309e-01 9.503000000000000336e-01
9.474000000000000199e-01 9.508999999999999675e-01
9.475000000000000089e-01 9.515000000000000124e-01
9.475000000000000089e-01 9.509999999999999565e-01
9.474000000000000199e-01 9.510999999999999455e-01
9.474000000000000199e-01 9.510999999999999455e-01
9.474000000000000199e-01 9.507999999999999785e-01
9.474000000000000199e-01 9.509999999999999565e-01
9.475000000000000089e-01 9.508999999999999675e-01
9.475000000000000089e-01 9.509999999999999565e-01
9.475000000000000089e-01 9.515000000000000124e-01
9.475000000000000089e-01 9.513000000000000345e-01
9.475000000000000089e-01 9.513000000000000345e-01
9.475000000000000089e-01 9.510999999999999455e-01
9.475000000000000089e-01 9.513000000000000345e-01
9.475000000000000089e-01 9.516000000000000014e-01
9.475000000000000089e-01 9.509999999999999565e-01
9.474000000000000199e-01 9.513000000000000345e-01
9.473000000000000309e-01 9.515000000000000124e-01
9.475999999999999979e-01 9.509999999999999565e-01
9.475999999999999979e-01 9.514000000000000234e-01
9.475999999999999979e-01 9.517999999999999794e-01
9.476999999999999869e-01 9.520999999999999464e-01
9.477999999999999758e-01 9.516999999999999904e-01
9.476999999999999869e-01 9.513000000000000345e-01
9.475999999999999979e-01 9.517999999999999794e-01
9.475999999999999979e-01 9.519999999999999574e-01
9.475000000000000089e-01 9.517999999999999794e-01
9.475000000000000089e-01 9.510999999999999455e-01
9.476999999999999869e-01 9.513000000000000345e-01
9.475999999999999979e-01 9.508999999999999675e-01
9.475999999999999979e-01 9.517999999999999794e-01
9.475999999999999979e-01 9.514000000000000234e-01
9.475999999999999979e-01 9.515000000000000124e-01
9.475999999999999979e-01 9.522000000000000464e-01
9.475000000000000089e-01 9.528999999999999693e-01
9.475000000000000089e-01 9.528999999999999693e-01
9.475999999999999979e-01 9.529999999999999583e-01
9.475000000000000089e-01 9.533000000000000362e-01
9.475000000000000089e-01 9.528999999999999693e-01
9.475000000000000089e-01 9.520999999999999464e-01
9.475000000000000089e-01 9.524000000000000243e-01
9.475999999999999979e-01 9.528999999999999693e-01
9.476999999999999869e-01 9.520999999999999464e-01
9.476999999999999869e-01 9.520999999999999464e-01
9.476999999999999869e-01 9.523000000000000353e-01
9.475999999999999979e-01 9.519999999999999574e-01
9.476999999999999869e-01 9.524000000000000243e-01
9.475999999999999979e-01 9.522000000000000464e-01
9.475000000000000089e-01 9.534000000000000252e-01
9.475000000000000089e-01 9.533000000000000362e-01
9.475000000000000089e-01 9.528999999999999693e-01
9.475000000000000089e-01 9.528999999999999693e-01
9.475000000000000089e-01 9.520999999999999464e-01
9.475000000000000089e-01 9.525000000000000133e-01
9.475000000000000089e-01 9.527999999999999803e-01
9.475000000000000089e-01 9.520999999999999464e-01
9.474000000000000199e-01 9.525000000000000133e-01
9.473000000000000309e-01 9.522000000000000464e-01
9.475000000000000089e-01 9.515000000000000124e-01
9.474000000000000199e-01 9.519999999999999574e-01
9.473000000000000309e-01 9.519999999999999574e-01
9.475000000000000089e-01 9.517999999999999794e-01
9.475000000000000089e-01 9.523000000000000353e-01
9.475000000000000089e-01 9.523000000000000353e-01
9.475000000000000089e-01 9.516999999999999904e-01
9.475000000000000089e-01 9.523000000000000353e-01
9.475000000000000089e-01 9.520999999999999464e-01
9.474000000000000199e-01 9.516000000000000014e-01
9.473000000000000309e-01 9.514000000000000234e-01
9.474000000000000199e-01 9.515000000000000124e-01
9.473000000000000309e-01 9.515000000000000124e-01
9.473000000000000309e-01 9.518999999999999684e-01
9.473000000000000309e-01 9.516000000000000014e-01
9.473000000000000309e-01 9.516000000000000014e-01
9.473000000000000309e-01 9.510999999999999455e-01
9.473000000000000309e-01 9.505000000000000115e-01
9.472000000000000419e-01 9.506000000000000005e-01
9.473000000000000309e-01 9.496999999999999886e-01
9.473000000000000309e-01 9.503000000000000336e-01
9.473000000000000309e-01 9.502000000000000446e-01
9.473000000000000309e-01 9.506000000000000005e-01
9.473000000000000309e-01 9.513000000000000345e-01
9.473000000000000309e-01 9.510999999999999455e-01
9.474000000000000199e-01 9.505000000000000115e-01
9.473000000000000309e-01 9.506999999999999895e-01
9.474000000000000199e-01 9.509999999999999565e-01
9.474000000000000199e-01 9.507999999999999785e-01
9.474000000000000199e-01 9.506000000000000005e-01
9.474000000000000199e-01 9.506000000000000005e-01
9.473000000000000309e-01 9.513000000000000345e-01
9.473000000000000309e-01 9.506999999999999895e-01
9.473000000000000309e-01 9.506999999999999895e-01
9.473000000000000309e-01 9.503000000000000336e-01
9.473000000000000309e-01 9.513000000000000345e-01
9.473000000000000309e-01 9.517999999999999794e-01
9.472000000000000419e-01 9.515000000000000124e-01
9.471000000000000529e-01 9.507999999999999785e-01
9.471000000000000529e-01 9.516000000000000014e-01
9.471000000000000529e-01 9.516999999999999904e-01
9.468999999999999639e-01 9.517999999999999794e-01
9.469999999999999529e-01 9.520999999999999464e-01
9.469999999999999529e-01 9.508999999999999675e-01
9.468999999999999639e-01 9.506999999999999895e-01
9.467999999999999750e-01 9.507999999999999785e-01
9.468999999999999639e-01 9.509999999999999565e-01
9.467999999999999750e-01 9.516000000000000014e-01
9.467999999999999750e-01 9.515000000000000124e-01
9.466999999999999860e-01 9.516000000000000014e-01
9.467999999999999750e-01 9.510999999999999455e-01
9.468999999999999639e-01 9.518999999999999684e-01
9.468999999999999639e-01 9.514000000000000234e-01
9.468999999999999639e-01 9.517999999999999794e-01
9.468999999999999639e-01 9.515000000000000124e-01
9.469999999999999529e-01 9.513000000000000345e-01
9.468999999999999639e-01 9.516999999999999904e-01
9.468999999999999639e-01 9.519999999999999574e-01
9.467999999999999750e-01 9.517999999999999794e-01
9.468999999999999639e-01 9.519999999999999574e-01
9.468999999999999639e-01 9.518999999999999684e-01
9.468999999999999639e-01 9.519999999999999574e-01
9.468999999999999639e-01 9.516999999999999904e-01
9.468999999999999639e-01 9.509999999999999565e-01
9.467999999999999750e-01 9.512000000000000455e-01
9.467999999999999750e-01 9.513000000000000345e-01
9.467999999999999750e-01 9.516000000000000014e-01
9.467999999999999750e-01 9.516000000000000014e-01
9.466999999999999860e-01 9.520999999999999464e-01
9.465999999999999970e-01 9.514000000000000234e-01
9.465999999999999970e-01 9.517999999999999794e-01
9.465999999999999970e-01 9.520999999999999464e-01
9.466999999999999860e-01 9.515000000000000124e-01
9.465999999999999970e-01 9.515000000000000124e-01
9.466999999999999860e-01 9.510999999999999455e-01
9.465000000000000080e-01 9.512000000000000455e-01
9.466999999999999860e-01 9.514000000000000234e-01
9.466999999999999860e-01 9.510999999999999455e-01
9.466999999999999860e-01 9.509999999999999565e-01
9.466999999999999860e-01 9.516000000000000014e-01
9.466999999999999860e-01 9.513000000000000345e-01
9.466999999999999860e-01 9.515000000000000124e-01
9.465999999999999970e-01 9.522000000000000464e-01
9.465999999999999970e-01 9.522000000000000464e-01
9.465999999999999970e-01 9.516999999999999904e-01
9.466999999999999860e-01 9.513000000000000345e-01
9.466999999999999860e-01 9.506000000000000005e-01
9.466999999999999860e-01 9.513000000000000345e-01
9.466999999999999860e-01 9.516000000000000014e-01
9.465999999999999970e-01 9.514000000000000234e-01
9.465999999999999970e-01 9.518999999999999684e-01
9.465999999999999970e-01 9.515000000000000124e-01
9.466999999999999860e-01 9.517999999999999794e-01
9.465999999999999970e-01 9.516000000000000014e-01
9.465999999999999970e-01 9.516999999999999904e-01
9.465999999999999970e-01 9.514000000000000234e-01
9.466999999999999860e-01 9.516999999999999904e-01
9.466999999999999860e-01 9.516000000000000014e-01
9.465999999999999970e-01 9.515000000000000124e-01
9.465999999999999970e-01 9.516999999999999904e-01
9.465999999999999970e-01 9.518999999999999684e-01
9.466999999999999860e-01 9.522000000000000464e-01
9.466999999999999860e-01 9.516999999999999904e-01
9.466999999999999860e-01 9.522000000000000464e-01
9.466999999999999860e-01 9.523000000000000353e-01
9.466999999999999860e-01 9.523000000000000353e-01
9.466999999999999860e-01 9.518999999999999684e-01
9.466999999999999860e-01 9.516000000000000014e-01
9.466999999999999860e-01 9.514000000000000234e-01
9.465000000000000080e-01 9.522000000000000464e-01
9.465000000000000080e-01 9.522000000000000464e-01
9.465999999999999970e-01 9.519999999999999574e-01
9.466999999999999860e-01 9.523000000000000353e-01
9.465999999999999970e-01 9.519999999999999574e-01
9.465999999999999970e-01 9.524000000000000243e-01
9.466999999999999860e-01 9.523000000000000353e-01
9.466999999999999860e-01 9.525000000000000133e-01
9.465999999999999970e-01 9.517999999999999794e-01
9.466999999999999860e-01 9.518999999999999684e-01
9.465000000000000080e-01 9.517999999999999794e-01
9.465999999999999970e-01 9.519999999999999574e-01
9.465999999999999970e-01 9.524000000000000243e-01
9.466999999999999860e-01 9.526000000000000023e-01
9.465000000000000080e-01 9.523000000000000353e-01
9.465999999999999970e-01 9.523000000000000353e-01
9.465000000000000080e-01 9.527999999999999803e-01
9.465000000000000080e-01 9.522000000000000464e-01
9.465000000000000080e-01 9.524000000000000243e-01
9.465000000000000080e-01 9.522000000000000464e-01
9.464000000000000190e-01 9.524000000000000243e-01
9.464000000000000190e-01 9.533000000000000362e-01
9.465000000000000080e-01 9.527999999999999803e-01
9.465000000000000080e-01 9.526999999999999913e-01
9.465000000000000080e-01 9.520999999999999464e-01
9.465000000000000080e-01 9.526000000000000023e-01
9.465999999999999970e-01 9.526999999999999913e-01
9.465999999999999970e-01 9.526000000000000023e-01
9.465000000000000080e-01 9.526999999999999913e-01
9.465000000000000080e-01 9.525000000000000133e-01
9.465999999999999970e-01 9.520999999999999464e-01
9.465999999999999970e-01 9.523000000000000353e-01
9.465000000000000080e-01 9.524000000000000243e-01
9.465000000000000080e-01 9.523000000000000353e-01
9.465000000000000080e-01 9.523000000000000353e-01
9.464000000000000190e-01 9.527999999999999803e-01
9.463000000000000300e-01 9.536000000000000032e-01
9.463000000000000300e-01 9.534000000000000252e-01
9.464000000000000190e-01 9.533000000000000362e-01
9.463000000000000300e-01 9.533000000000000362e-01
9.463000000000000300e-01 9.529999999999999583e-01
9.463000000000000300e-01 9.529999999999999583e-01
9.463000000000000300e-01 9.528999999999999693e-01
9.463000000000000300e-01 9.532000000000000473e-01
9.463000000000000300e-01 9.526999999999999913e-01
9.462000000000000410e-01 9.529999999999999583e-01
9.459999999999999520e-01 9.526999999999999913e-01
9.463000000000000300e-01 9.528999999999999693e-01
9.461000000000000520e-01 9.523000000000000353e-01
9.463000000000000300e-01 9.520999999999999464e-01
9.464000000000000190e-01 9.518999999999999684e-01
9.463000000000000300e-01 9.523000000000000353e-01
9.464000000000000190e-01 9.524000000000000243e-01
9.464000000000000190e-01 9.523000000000000353e-01
9.463000000000000300e-01 9.522000000000000464e-01
9.463000000000000300e-01 9.527999999999999803e-01
9.463000000000000300e-01 9.530999999999999472e-01
9.463000000000000300e-01 9.527999999999999803e-01
9.462000000000000410e-01 9.526000000000000023e-01
9.462000000000000410e-01 9.526000000000000023e-01
9.464000000000000190e-01 9.527999999999999803e-01
9.465000000000000080e-01 9.528999999999999693e-01
9.465999999999999970e-01 9.528999999999999693e-01
9.465999999999999970e-01 9.519999999999999574e-01
9.465999999999999970e-01 9.522000000000000464e-01
9.466999999999999860e-01 9.520999999999999464e-01
9.465999999999999970e-01 9.514000000000000234e-01
9.465000000000000080e-01 9.519999999999999574e-01
9.464000000000000190e-01 9.522000000000000464e-01
9.464000000000000190e-01 9.523000000000000353e-01
9.465000000000000080e-01 9.526999999999999913e-01
9.464000000000000190e-01 9.527999999999999803e-01
9.464000000000000190e-01 9.528999999999999693e-01
9.465000000000000080e-01 9.529999999999999583e-01
9.465000000000000080e-01 9.530999999999999472e-01
9.465000000000000080e-01 9.527999999999999803e-01
9.464000000000000190e-01 9.530999999999999472e-01
9.464000000000000190e-01 9.526999999999999913e-01
9.464000000000000190e-01 9.526999999999999913e-01
9.464000000000000190e-01 9.527999999999999803e-01
9.463000000000000300e-01 9.530999999999999472e-01
9.464000000000000190e-01 9.526999999999999913e-01
9.464000000000000190e-01 9.530999999999999472e-01
9.464000000000000190e-01 9.527999999999999803e-01
9.464000000000000190e-01 9.522000000000000464e-01
9.464000000000000190e-01 9.518999999999999684e-01
9.464000000000000190e-01 9.525000000000000133e-01
9.464000000000000190e-01 9.526999999999999913e-01
9.464000000000000190e-01 9.527999999999999803e-01
9.463000000000000300e-01 9.527999999999999803e-01
9.463000000000000300e-01 9.526000000000000023e-01
9.463000000000000300e-01 9.523000000000000353e-01
9.463000000000000300e-01 9.526000000000000023e-01
9.463000000000000300e-01 9.527999999999999803e-01
9.463000000000000300e-01 9.528999999999999693e-01
9.463000000000000300e-01 9.523000000000000353e-01
9.463000000000000300e-01 9.526999999999999913e-01
9.462000000000000410e-01 9.526999999999999913e-01
9.462000000000000410e-01 9.523000000000000353e-01
9.462000000000000410e-01 9.526999999999999913e-01
9.462000000000000410e-01 9.526000000000000023e-01
9.462000000000000410e-01 9.520999999999999464e-01
9.463000000000000300e-01 9.520999999999999464e-01
9.462000000000000410e-01 9.522000000000000464e-01
9.462000000000000410e-01 9.516999999999999904e-01
9.462000000000000410e-01 9.519999999999999574e-01
9.462000000000000410e-01 9.514000000000000234e-01
9.462000000000000410e-01 9.516999999999999904e-01
9.462000000000000410e-01 9.520999999999999464e-01
9.462000000000000410e-01 9.528999999999999693e-01
9.463000000000000300e-01 9.520999999999999464e-01
9.463000000000000300e-01 9.523000000000000353e-01
9.463000000000000300e-01 9.519999999999999574e-01
9.464000000000000190e-01 9.518999999999999684e-01
9.465000000000000080e-01 9.519999999999999574e-01
9.465000000000000080e-01 9.522000000000000464e-01
9.464000000000000190e-01 9.523000000000000353e-01
9.465000000000000080e-01 9.526000000000000023e-01
9.465000000000000080e-01 9.534000000000000252e-01
9.464000000000000190e-01 9.528999999999999693e-01
9.465000000000000080e-01 9.528999999999999693e-01
9.465000000000000080e-01 9.528999999999999693e-01
9.465000000000000080e-01 9.523000000000000353e-01
9.465000000000000080e-01 9.519999999999999574e-01
9.465999999999999970e-01 9.523000000000000353e-01
9.465000000000000080e-01 9.528999999999999693e-01
9.464000000000000190e-01 9.526999999999999913e-01
9.462000000000000410e-01 9.525000000000000133e-01
9.463000000000000300e-01 9.533000000000000362e-01
9.462000000000000410e-01 9.520999999999999464e-01
9.463000000000000300e-01 9.519999999999999574e-01
9.462000000000000410e-01 9.526000000000000023e-01
9.462000000000000410e-01 9.526999999999999913e-01
9.461000000000000520e-01 9.529999999999999583e-01
9.461000000000000520e-01 9.528999999999999693e-01
9.459999999999999520e-01 9.529999999999999583e-01
9.461000000000000520e-01 9.529999999999999583e-01
9.458999999999999631e-01 9.526999999999999913e-01
9.458999999999999631e-01 9.532000000000000473e-01
9.458999999999999631e-01 9.529999999999999583e-01
9.457999999999999741e-01 9.534000000000000252e-01
9.458999999999999631e-01 9.535000000000000142e-01
9.461000000000000520e-01 9.534000000000000252e-01
9.461000000000000520e-01 9.536000000000000032e-01
9.459999999999999520e-01 9.540999999999999481e-01
9.458999999999999631e-01 9.537999999999999812e-01
9.459999999999999520e-01 9.536999999999999922e-01
9.461000000000000520e-01 9.538999999999999702e-01
9.459999999999999520e-01 9.543000000000000371e-01
9.459999999999999520e-01 9.534000000000000252e-01
9.459999999999999520e-01 9.526999999999999913e-01
9.458999999999999631e-01 9.534000000000000252e-01
9.459999999999999520e-01 9.526000000000000023e-01
9.459999999999999520e-01 9.523000000000000353e-01
9.459999999999999520e-01 9.526000000000000023e-01
9.459999999999999520e-01 9.529999999999999583e-01
9.461000000000000520e-01 9.533000000000000362e-01
9.459999999999999520e-01 9.529999999999999583e-01
9.459999999999999520e-01 9.532000000000000473e-01
9.461000000000000520e-01 9.534000000000000252e-01
9.461000000000000520e-01 9.532000000000000473e-01
9.459999999999999520e-01 9.536999999999999922e-01
9.459999999999999520e-01 9.536999999999999922e-01
9.459999999999999520e-01 9.537999999999999812e-01
9.459999999999999520e-01 9.535000000000000142e-01
9.461000000000000520e-01 9.538999999999999702e-01
9.461000000000000520e-01 9.532000000000000473e-01
9.461000000000000520e-01 9.528999999999999693e-01
9.462000000000000410e-01 9.529999999999999583e-01
9.461000000000000520e-01 9.529999999999999583e-01
9.461000000000000520e-01 9.533000000000000362e-01
9.461000000000000520e-01 9.527999999999999803e-01
9.461000000000000520e-01 9.534000000000000252e-01
9.461000000000000520e-01 9.537999999999999812e-01
9.461000000000000520e-01 9.534000000000000252e-01
9.461000000000000520e-01 9.529999999999999583e-01
9.461000000000000520e-01 9.536000000000000032e-01
9.461000000000000520e-01 9.539999999999999591e-01
9.461000000000000520e-01 9.529999999999999583e-01
9.461000000000000520e-01 9.525000000000000133e-01
9.461000000000000520e-01 9.529999999999999583e-01
9.461000000000000520e-01 9.527999999999999803e-01
9.461000000000000520e-01 9.520999999999999464e-01
9.461000000000000520e-01 9.525000000000000133e-01
9.461000000000000520e-01 9.523000000000000353e-01
9.461000000000000520e-01 9.527999999999999803e-01
9.461000000000000520e-01 9.525000000000000133e-01
9.459999999999999520e-01 9.525000000000000133e-01
9.459999999999999520e-01 9.529999999999999583e-01
9.458999999999999631e-01 9.519999999999999574e-01
9.458999999999999631e-01 9.528999999999999693e-01
9.459999999999999520e-01 9.523000000000000353e-01
9.459999999999999520e-01 9.524000000000000243e-01
9.459999999999999520e-01 9.522000000000000464e-01
9.458999999999999631e-01 9.518999999999999684e-01
9.458999999999999631e-01 9.520999999999999464e-01
9.457999999999999741e-01 9.523000000000000353e-01
9.457999999999999741e-01 9.517999999999999794e-01
9.457999999999999741e-01 9.522000000000000464e-01
9.457999999999999741e-01 9.528999999999999693e-01
9.457999999999999741e-01 9.528999999999999693e-01
9.457999999999999741e-01 9.522000000000000464e-01
9.457999999999999741e-01 9.527999999999999803e-01
9.456999999999999851e-01 9.526999999999999913e-01
9.456999999999999851e-01 9.524000000000000243e-01
9.456999999999999851e-01 9.526000000000000023e-01
9.457999999999999741e-01 9.526000000000000023e-01
9.458999999999999631e-01 9.520999999999999464e-01
9.457999999999999741e-01 9.519999999999999574e-01
9.457999999999999741e-01 9.523000000000000353e-01
9.456999999999999851e-01 9.525000000000000133e-01
9.457999999999999741e-01 9.522000000000000464e-01
9.457999999999999741e-01 9.522000000000000464e-01
9.457999999999999741e-01 9.527999999999999803e-01
9.457999999999999741e-01 9.533000000000000362e-01
9.457999999999999741e-01 9.527999999999999803e-01
9.457999999999999741e-01 9.525000000000000133e-01
9.458999999999999631e-01 9.526999999999999913e-01
9.457999999999999741e-01 9.524000000000000243e-01
9.456999999999999851e-01 9.523000000000000353e-01
9.456999999999999851e-01 9.527999999999999803e-01
9.457999999999999741e-01 9.527999999999999803e-01
9.456999999999999851e-01 9.533000000000000362e-01
9.456999999999999851e-01 9.528999999999999693e-01
9.456999999999999851e-01 9.528999999999999693e-01
9.456999999999999851e-01 9.524000000000000243e-01
9.456999999999999851e-01 9.520999999999999464e-01
9.456999999999999851e-01 9.523000000000000353e-01
9.456999999999999851e-01 9.522000000000000464e-01
9.455999999999999961e-01 9.524000000000000243e-01
9.456999999999999851e-01 9.520999999999999464e-01
9.455999999999999961e-01 9.527999999999999803e-01
9.455999999999999961e-01 9.530999999999999472e-01
9.455999999999999961e-01 9.530999999999999472e-01
9.456999999999999851e-01 9.529999999999999583e-01
9.456999999999999851e-01 9.529999999999999583e-01
9.456999999999999851e-01 9.530999999999999472e-01
9.456999999999999851e-01 9.524000000000000243e-01
9.456999999999999851e-01 9.526000000000000023e-01
9.456999999999999851e-01 9.525000000000000133e-01
9.456999999999999851e-01 9.524000000000000243e-01
9.456999999999999851e-01 9.520999999999999464e-01
9.456999999999999851e-01 9.522000000000000464e-01
9.455999999999999961e-01 9.522000000000000464e-01
9.455999999999999961e-01 9.523000000000000353e-01
9.455000000000000071e-01 9.522000000000000464e-01
9.455000000000000071e-01 9.523000000000000353e-01
9.455000000000000071e-01 9.525000000000000133e-01
9.455000000000000071e-01 9.527999999999999803e-01
9.455000000000000071e-01 9.528999999999999693e-01
9.455000000000000071e-01 9.529999999999999583e-01
9.455000000000000071e-01 9.532000000000000473e-01
9.455999999999999961e-01 9.536000000000000032e-01
9.455999999999999961e-01 9.537999999999999812e-01
9.455999999999999961e-01 9.532000000000000473e-01
9.455999999999999961e-01 9.535000000000000142e-01
9.455000000000000071e-01 9.535000000000000142e-01
9.455999999999999961e-01 9.535000000000000142e-01
9.455000000000000071e-01 9.530999999999999472e-01
9.454000000000000181e-01 9.526999999999999913e-01
9.454000000000000181e-01 9.534000000000000252e-01
9.454000000000000181e-01 9.533000000000000362e-01
9.453000000000000291e-01 9.530999999999999472e-01
9.453000000000000291e-01 9.529999999999999583e-01
9.453000000000000291e-01 9.519999999999999574e-01
9.453000000000000291e-01 9.525000000000000133e-01
9.452000000000000401e-01 9.516999999999999904e-01
9.453000000000000291e-01 9.519999999999999574e-01
9.453000000000000291e-01 9.520999999999999464e-01
9.453000000000000291e-01 9.514000000000000234e-01
9.454000000000000181e-01 9.516999999999999904e-01
9.454000000000000181e-01 9.513000000000000345e-01
9.454000000000000181e-01 9.515000000000000124e-01
9.453000000000000291e-01 9.514000000000000234e-01
9.453000000000000291e-01 9.518999999999999684e-01
9.453000000000000291e-01 9.515000000000000124e-01
9.453000000000000291e-01 9.522000000000000464e-01
9.453000000000000291e-01 9.520999999999999464e-01
9.453000000000000291e-01 9.522000000000000464e-01
9.453000000000000291e-01 9.519999999999999574e-01
9.453000000000000291e-01 9.517999999999999794e-01
9.453000000000000291e-01 9.522000000000000464e-01
9.454000000000000181e-01 9.517999999999999794e-01
9.453000000000000291e-01 9.523000000000000353e-01
9.453000000000000291e-01 9.523000000000000353e-01
9.453000000000000291e-01 9.523000000000000353e-01
9.453000000000000291e-01 9.516999999999999904e-01
9.453000000000000291e-01 9.514000000000000234e-01
9.453000000000000291e-01 9.522000000000000464e-01
9.452000000000000401e-01 9.518999999999999684e-01
9.451000000000000512e-01 9.520999999999999464e-01
9.452000000000000401e-01 9.526000000000000023e-01
9.451000000000000512e-01 9.522000000000000464e-01
9.452000000000000401e-01 9.524000000000000243e-01
9.453000000000000291e-01 9.527999999999999803e-01
9.453000000000000291e-01 9.525000000000000133e-01
9.453000000000000291e-01 9.523000000000000353e-01
9.453000000000000291e-01 9.526999999999999913e-01
9.452000000000000401e-01 9.523000000000000353e-01
9.453000000000000291e-01 9.525000000000000133e-01
9.451000000000000512e-01 9.518999999999999684e-01
9.452000000000000401e-01 9.518999999999999684e-01
9.453000000000000291e-01 9.516999999999999904e-01
9.453000000000000291e-01 9.517999999999999794e-01
9.452000000000000401e-01 9.518999999999999684e-01
9.452000000000000401e-01 9.523000000000000353e-01
9.453000000000000291e-01 9.522000000000000464e-01
9.453000000000000291e-01 9.519999999999999574e-01
9.453000000000000291e-01 9.520999999999999464e-01
9.453000000000000291e-01 9.520999999999999464e-01
9.453000000000000291e-01 9.516999999999999904e-01
9.453000000000000291e-01 9.512000000000000455e-01
9.451000000000000512e-01 9.516999999999999904e-01
9.451000000000000512e-01 9.523000000000000353e-01
9.452000000000000401e-01 9.520999999999999464e-01
9.453000000000000291e-01 9.522000000000000464e-01
9.454000000000000181e-01 9.520999999999999464e-01
9.454000000000000181e-01 9.528999999999999693e-01
9.454000000000000181e-01 9.532000000000000473e-01
9.454000000000000181e-01 9.526999999999999913e-01
9.454000000000000181e-01 9.527999999999999803e-01
9.455000000000000071e-01 9.525000000000000133e-01
9.455000000000000071e-01 9.527999999999999803e-01
9.455000000000000071e-01 9.522000000000000464e-01
9.455000000000000071e-01 9.525000000000000133e-01
9.455000000000000071e-01 9.517999999999999794e-01
9.455000000000000071e-01 9.516000000000000014e-01
9.455999999999999961e-01 9.517999999999999794e-01
9.455999999999999961e-01 9.526999999999999913e-01
9.455999999999999961e-01 9.526999999999999913e-01
9.455999999999999961e-01 9.524000000000000243e-01
9.455999999999999961e-01 9.528999999999999693e-01
9.455000000000000071e-01 9.523000000000000353e-01
9.455000000000000071e-01 9.524000000000000243e-01
9.455999999999999961e-01 9.528999999999999693e-01
9.455999999999999961e-01 9.524000000000000243e-01
9.457999999999999741e-01 9.518999999999999684e-01
9.456999999999999851e-01 9.510999999999999455e-01
9.457999999999999741e-01 9.516999999999999904e-01
9.457999999999999741e-01 9.516999999999999904e-01
9.456999999999999851e-01 9.519999999999999574e-01
9.456999999999999851e-01 9.522000000000000464e-01
9.457999999999999741e-01 9.519999999999999574e-01
9.458999999999999631e-01 9.523000000000000353e-01
9.459999999999999520e-01 9.524000000000000243e-01
9.459999999999999520e-01 9.524000000000000243e-01
9.457999999999999741e-01 9.523000000000000353e-01
9.457999999999999741e-01 9.519999999999999574e-01
9.457999999999999741e-01 9.519999999999999574e-01
9.458999999999999631e-01 9.520999999999999464e-01
9.459999999999999520e-01 9.519999999999999574e-01
9.458999999999999631e-01 9.522000000000000464e-01
9.458999999999999631e-01 9.525000000000000133e-01
9.458999999999999631e-01 9.524000000000000243e-01
9.458999999999999631e-01 9.526000000000000023e-01
9.458999999999999631e-01 9.527999999999999803e-01
9.458999999999999631e-01 9.525000000000000133e-01
9.458999999999999631e-01 9.523000000000000353e-01
9.458999999999999631e-01 9.526000000000000023e-01
9.458999999999999631e-01 9.526999999999999913e-01
9.458999999999999631e-01 9.529999999999999583e-01
9.458999999999999631e-01 9.520999999999999464e-01
9.458999999999999631e-01 9.524000000000000243e-01
9.458999999999999631e-01 9.525000000000000133e-01
9.457999999999999741e-01 9.526000000000000023e-01
9.458999999999999631e-01 9.526999999999999913e-01
9.458999999999999631e-01 9.526999999999999913e-01
9.458999999999999631e-01 9.526000000000000023e-01
9.459999999999999520e-01 9.530999999999999472e-01
9.459999999999999520e-01 9.525000000000000133e-01
9.458999999999999631e-01 9.528999999999999693e-01
9.458999999999999631e-01 9.526999999999999913e-01
9.458999999999999631e-01 9.532000000000000473e-01
9.458999999999999631e-01 9.526000000000000023e-01
9.458999999999999631e-01 9.529999999999999583e-01
9.458999999999999631e-01 9.526999999999999913e-01
9.459999999999999520e-01 9.526000000000000023e-01
9.461000000000000520e-01 9.520999999999999464e-01
9.461000000000000520e-01 9.526999999999999913e-01
9.461000000000000520e-01 9.523000000000000353e-01
9.461000000000000520e-01 9.523000000000000353e-01
9.461000000000000520e-01 9.523000000000000353e-01
9.459999999999999520e-01 9.522000000000000464e-01
9.459999999999999520e-01 9.527999999999999803e-01
9.461000000000000520e-01 9.526000000000000023e-01
9.461000000000000520e-01 9.526000000000000023e-01
9.461000000000000520e-01 9.530999999999999472e-01
9.461000000000000520e-01 9.520999999999999464e-01
9.461000000000000520e-01 9.524000000000000243e-01
9.462000000000000410e-01 9.522000000000000464e-01
9.461000000000000520e-01 9.518999999999999684e-01
9.461000000000000520e-01 9.519999999999999574e-01
9.461000000000000520e-01 9.518999999999999684e-01
9.459999999999999520e-01 9.522000000000000464e-01
9.459999999999999520e-01 9.525000000000000133e-01
9.461000000000000520e-01 9.524000000000000243e-01
9.459999999999999520e-01 9.523000000000000353e-01
9.459999999999999520e-01 9.522000000000000464e-01
9.459999999999999520e-01 9.525000000000000133e-01
9.461000000000000520e-01 9.525000000000000133e-01
9.461000000000000520e-01 9.524000000000000243e-01
9.461000000000000520e-01 9.530999999999999472e-01
9.462000000000000410e-01 9.530999999999999472e-01
9.462000000000000410e-01 9.532000000000000473e-01
9.462000000000000410e-01 9.534000000000000252e-01
9.463000000000000300e-01 9.535000000000000142e-01
9.462000000000000410e-01 9.530999999999999472e-01
9.461000000000000520e-01 9.529999999999999583e-01
9.461000000000000520e-01 9.530999999999999472e-01
9.461000000000000520e-01 9.533000000000000362e-01
9.461000000000000520e-01 9.536000000000000032e-01
9.461000000000000520e-01 9.538999999999999702e-01
9.461000000000000520e-01 9.537999999999999812e-01
9.461000000000000520e-01 9.535000000000000142e-01
9.461000000000000520e-01 9.539999999999999591e-01
9.461000000000000520e-01 9.536999999999999922e-01
9.461000000000000520e-01 9.542000000000000481e-01
9.459999999999999520e-01 9.536999999999999922e-01
9.459999999999999520e-01 9.540999999999999481e-01
9.459999999999999520e-01 9.537999999999999812e-01
9.459999999999999520e-01 9.543000000000000371e-01
9.459999999999999520e-01 9.536999999999999922e-01
9.459999999999999520e-01 9.532000000000000473e-01
9.461000000000000520e-01 9.534000000000000252e-01
9.459999999999999520e-01 9.536000000000000032e-01
9.459999999999999520e-01 9.536000000000000032e-01
9.459999999999999520e-01 9.527999999999999803e-01
9.459999999999999520e-01 9.527999999999999803e-01
9.459999999999999520e-01 9.526999999999999913e-01
9.458999999999999631e-01 9.527999999999999803e-01
9.458999999999999631e-01 9.538999999999999702e-01
9.458999999999999631e-01 9.536000000000000032e-01
9.458999999999999631e-01 9.536999999999999922e-01
9.458999999999999631e-01 9.532000000000000473e-01
9.458999999999999631e-01 9.536000000000000032e-01
9.458999999999999631e-01 9.537999999999999812e-01
9.458999999999999631e-01 9.537999999999999812e-01
9.458999999999999631e-01 9.535000000000000142e-01
9.458999999999999631e-01 9.536999999999999922e-01
9.458999999999999631e-01 9.537999999999999812e-01
9.458999999999999631e-01 9.535000000000000142e-01
9.458999999999999631e-01 9.536000000000000032e-01
9.459999999999999520e-01 9.534000000000000252e-01
9.458999999999999631e-01 9.543000000000000371e-01
9.458999999999999631e-01 9.539999999999999591e-01
9.459999999999999520e-01 9.542000000000000481e-01
9.459999999999999520e-01 9.540999999999999481e-01
9.459999999999999520e-01 9.539999999999999591e-01
9.459999999999999520e-01 9.538999999999999702e-01
9.458999999999999631e-01 9.542000000000000481e-01
9.458999999999999631e-01 9.537999999999999812e-01
9.458999999999999631e-01 9.540999999999999481e-01
9.458999999999999631e-01 9.536999999999999922e-01
9.457999999999999741e-01 9.535000000000000142e-01
9.456999999999999851e-01 9.533000000000000362e-01
9.455999999999999961e-01 9.535000000000000142e-01
9.457999999999999741e-01 9.527999999999999803e-01
9.457999999999999741e-01 9.532000000000000473e-01
9.458999999999999631e-01 9.526000000000000023e-01
9.458999999999999631e-01 9.530999999999999472e-01
9.457999999999999741e-01 9.529999999999999583e-01
9.457999999999999741e-01 9.527999999999999803e-01
9.457999999999999741e-01 9.532000000000000473e-01
9.457999999999999741e-01 9.529999999999999583e-01
9.457999999999999741e-01 9.524000000000000243e-01
9.457999999999999741e-01 9.527999999999999803e-01
9.457999999999999741e-01 9.533000000000000362e-01
9.457999999999999741e-01 9.527999999999999803e-01
9.457999999999999741e-01 9.533000000000000362e-01
9.457999999999999741e-01 9.527999999999999803e-01
9.457999999999999741e-01 9.527999999999999803e-01
9.457999999999999741e-01 9.532000000000000473e-01
9.457999999999999741e-01 9.526000000000000023e-01
9.456999999999999851e-01 9.522000000000000464e-01
9.456999999999999851e-01 9.528999999999999693e-01
9.456999999999999851e-01 9.522000000000000464e-01
9.456999999999999851e-01 9.523000000000000353e-01
9.456999999999999851e-01 9.527999999999999803e-01
9.455999999999999961e-01 9.525000000000000133e-01
9.457999999999999741e-01 9.526999999999999913e-01
9.457999999999999741e-01 9.527999999999999803e-01
9.456999999999999851e-01 9.526000000000000023e-01
9.456999999999999851e-01 9.522000000000000464e-01
9.456999999999999851e-01 9.525000000000000133e-01
9.456999999999999851e-01 9.520999999999999464e-01
9.457999999999999741e-01 9.526000000000000023e-01
9.456999999999999851e-01 9.527999999999999803e-01
9.456999999999999851e-01 9.526999999999999913e-01
9.457999999999999741e-01 9.524000000000000243e-01
9.459999999999999520e-01 9.524000000000000243e-01
9.456999999999999851e-01 9.519999999999999574e-01
9.457999999999999741e-01 9.519999999999999574e-01
9.457999999999999741e-01 9.519999999999999574e-01
9.459999999999999520e-01 9.522000000000000464e-01
9.459999999999999520e-01 9.525000000000000133e-01
9.459999999999999520e-01 9.524000000000000243e-01
9.461000000000000520e-01 9.519999999999999574e-01
9.459999999999999520e-01 9.524000000000000243e-01
9.458999999999999631e-01 9.530999999999999472e-01
9.458999999999999631e-01 9.532000000000000473e-01
9.458999999999999631e-01 9.530999999999999472e-01
9.458999999999999631e-01 9.529999999999999583e-01
9.458999999999999631e-01 9.529999999999999583e-01
9.459999999999999520e-01 9.529999999999999583e-01
9.458999999999999631e-01 9.526000000000000023e-01
9.459999999999999520e-01 9.533000000000000362e-01
9.461000000000000520e-01 9.520999999999999464e-01
9.461000000000000520e-01 9.523000000000000353e-01
9.462000000000000410e-01 9.520999999999999464e-01
9.461000000000000520e-01 9.519999999999999574e-01
9.459999999999999520e-01 9.522000000000000464e-01
9.457999999999999741e-01 9.519999999999999574e-01
9.457999999999999741e-01 9.520999999999999464e-01
9.458999999999999631e-01 9.525000000000000133e-01
9.459999999999999520e-01 9.523000000000000353e-01
9.459999999999999520e-01 9.527999999999999803e-01
9.458999999999999631e-01 9.523000000000000353e-01
9.458999999999999631e-01 9.522000000000000464e-01
9.458999999999999631e-01 9.532000000000000473e-01
9.459999999999999520e-01 9.526999999999999913e-01
9.461000000000000520e-01 9.526000000000000023e-01
9.461000000000000520e-01 9.526999999999999913e-01
9.461000000000000520e-01 9.530999999999999472e-01
9.461000000000000520e-01 9.532000000000000473e-01
9.461000000000000520e-01 9.529999999999999583e-01
9.461000000000000520e-01 9.526999999999999913e-01
9.461000000000000520e-01 9.529999999999999583e-01
9.462000000000000410e-01 9.524000000000000243e-01
9.459999999999999520e-01 9.525000000000000133e-01
9.459999999999999520e-01 9.524000000000000243e-01
9.459999999999999520e-01 9.526000000000000023e-01
9.459999999999999520e-01 9.519999999999999574e-01
9.459999999999999520e-01 9.518999999999999684e-01
9.459999999999999520e-01 9.515000000000000124e-01
9.459999999999999520e-01 9.513000000000000345e-01
9.461000000000000520e-01 9.514000000000000234e-01
9.459999999999999520e-01 9.514000000000000234e-01
9.461000000000000520e-01 9.514000000000000234e-01
9.459999999999999520e-01 9.516000000000000014e-01
9.459999999999999520e-01 9.516000000000000014e-01
9.459999999999999520e-01 9.522000000000000464e-01
9.458999999999999631e-01 9.520999999999999464e-01
9.458999999999999631e-01 9.519999999999999574e-01
9.458999999999999631e-01 9.516000000000000014e-01
9.458999999999999631e-01 9.522000000000000464e-01
9.458999999999999631e-01 9.516000000000000014e-01
9.458999999999999631e-01 9.518999999999999684e-01
9.459999999999999520e-01 9.523000000000000353e-01
9.458999999999999631e-01 9.529999999999999583e-01
9.459999999999999520e-01 9.526999999999999913e-01
9.458999999999999631e-01 9.525000000000000133e-01
9.457999999999999741e-01 9.527999999999999803e-01
9.456999999999999851e-01 9.535000000000000142e-01
9.457999999999999741e-01 9.528999999999999693e-01
9.457999999999999741e-01 9.536999999999999922e-01
9.457999999999999741e-01 9.526000000000000023e-01
9.456999999999999851e-01 9.526999999999999913e-01
9.456999999999999851e-01 9.528999999999999693e-01
9.456999999999999851e-01 9.528999999999999693e-01
9.456999999999999851e-01 9.525000000000000133e-01
9.455999999999999961e-01 9.524000000000000243e-01
9.455999999999999961e-01 9.524000000000000243e-01
9.455999999999999961e-01 9.523000000000000353e-01
9.455999999999999961e-01 9.518999999999999684e-01
9.455999999999999961e-01 9.522000000000000464e-01
9.455000000000000071e-01 9.515000000000000124e-01
9.454000000000000181e-01 9.517999999999999794e-01
9.454000000000000181e-01 9.517999999999999794e-01
9.454000000000000181e-01 9.519999999999999574e-01
9.455000000000000071e-01 9.522000000000000464e-01
9.455000000000000071e-01 9.517999999999999794e-01
9.454000000000000181e-01 9.526000000000000023e-01
9.454000000000000181e-01 9.525000000000000133e-01
9.455000000000000071e-01 9.526999999999999913e-01
9.455000000000000071e-01 9.527999999999999803e-01
9.454000000000000181e-01 9.527999999999999803e-01
9.455000000000000071e-01 9.525000000000000133e-01
9.454000000000000181e-01 9.526000000000000023e-01
9.455000000000000071e-01 9.527999999999999803e-01
9.455000000000000071e-01 9.525000000000000133e-01
9.454000000000000181e-01 9.529999999999999583e-01
9.454000000000000181e-01 9.526999999999999913e-01
9.454000000000000181e-01 9.528999999999999693e-01
9.455000000000000071e-01 9.523000000000000353e-01
9.455000000000000071e-01 9.526000000000000023e-01
9.454000000000000181e-01 9.526999999999999913e-01
9.455999999999999961e-01 9.528999999999999693e-01
9.455000000000000071e-01 9.534000000000000252e-01
9.455000000000000071e-01 9.535000000000000142e-01
9.455999999999999961e-01 9.533000000000000362e-01
9.455999999999999961e-01 9.537999999999999812e-01
9.455999999999999961e-01 9.536000000000000032e-01
9.455000000000000071e-01 9.534000000000000252e-01
9.455000000000000071e-01 9.536000000000000032e-01
9.454000000000000181e-01 9.529999999999999583e-01
9.455000000000000071e-01 9.528999999999999693e-01
9.455000000000000071e-01 9.526000000000000023e-01
9.455000000000000071e-01 9.526999999999999913e-01
9.454000000000000181e-01 9.526999999999999913e-01
9.454000000000000181e-01 9.529999999999999583e-01
9.455000000000000071e-01 9.526000000000000023e-01
9.455000000000000071e-01 9.526999999999999913e-01
9.455000000000000071e-01 9.523000000000000353e-01
9.455000000000000071e-01 9.523000000000000353e-01
9.454000000000000181e-01 9.526000000000000023e-01
9.454000000000000181e-01 9.526000000000000023e-01
9.454000000000000181e-01 9.530999999999999472e-01
9.454000000000000181e-01 9.527999999999999803e-01
9.454000000000000181e-01 9.523000000000000353e-01
9.454000000000000181e-01 9.526999999999999913e-01
9.454000000000000181e-01 9.524000000000000243e-01
9.454000000000000181e-01 9.525000000000000133e-01
9.454000000000000181e-01 9.516999999999999904e-01
9.454000000000000181e-01 9.518999999999999684e-01
9.453000000000000291e-01 9.517999999999999794e-01
9.454000000000000181e-01 9.510999999999999455e-01
9.454000000000000181e-01 9.513000000000000345e-01
9.454000000000000181e-01 9.512000000000000455e-01
9.454000000000000181e-01 9.515000000000000124e-01
9.455000000000000071e-01 9.514000000000000234e-01
9.455000000000000071e-01 9.507999999999999785e-01
9.455000000000000071e-01 9.507999999999999785e-01
9.455000000000000071e-01 9.518999999999999684e-01
9.455000000000000071e-01 9.518999999999999684e-01
9.455000000000000071e-01 9.519999999999999574e-01
9.453000000000000291e-01 9.517999999999999794e-01
9.454000000000000181e-01 9.518999999999999684e-01
9.454000000000000181e-01 9.517999999999999794e-01
9.454000000000000181e-01 9.520999999999999464e-01
9.454000000000000181e-01 9.525000000000000133e-01
9.454000000000000181e-01 9.520999999999999464e-01
9.453000000000000291e-01 9.522000000000000464e-01
9.454000000000000181e-01 9.518999999999999684e-01
9.454000000000000181e-01 9.524000000000000243e-01
9.454000000000000181e-01 9.524000000000000243e-01
9.454000000000000181e-01 9.523000000000000353e-01
9.454000000000000181e-01 9.523000000000000353e-01
9.454000000000000181e-01 9.519999999999999574e-01
9.454000000000000181e-01 9.520999999999999464e-01
9.454000000000000181e-01 9.520999999999999464e-01
9.454000000000000181e-01 9.520999999999999464e-01
9.454000000000000181e-01 9.523000000000000353e-01
9.454000000000000181e-01 9.524000000000000243e-01
9.454000000000000181e-01 9.526999999999999913e-01
9.454000000000000181e-01 9.515000000000000124e-01
9.453000000000000291e-01 9.527999999999999803e-01
9.452000000000000401e-01 9.519999999999999574e-01
9.452000000000000401e-01 9.527999999999999803e-01
9.452000000000000401e-01 9.526999999999999913e-01
9.452000000000000401e-01 9.524000000000000243e-01
9.451000000000000512e-01 9.525000000000000133e-01
9.451000000000000512e-01 9.528999999999999693e-01
9.452000000000000401e-01 9.527999999999999803e-01
9.451000000000000512e-01 9.529999999999999583e-01
9.451000000000000512e-01 9.528999999999999693e-01
9.451000000000000512e-01 9.526000000000000023e-01
9.448999999999999622e-01 9.525000000000000133e-01
9.447999999999999732e-01 9.530999999999999472e-01
9.448999999999999622e-01 9.526999999999999913e-01
9.448999999999999622e-01 9.527999999999999803e-01
9.449999999999999512e-01 9.527999999999999803e-01
9.449999999999999512e-01 9.526999999999999913e-01
9.449999999999999512e-01 9.528999999999999693e-01
9.449999999999999512e-01 9.526999999999999913e-01
9.449999999999999512e-01 9.522000000000000464e-01
9.449999999999999512e-01 9.525000000000000133e-01
9.449999999999999512e-01 9.529999999999999583e-01
9.449999999999999512e-01 9.532000000000000473e-01
9.449999999999999512e-01 9.526999999999999913e-01
9.449999999999999512e-01 9.527999999999999803e-01
9.449999999999999512e-01 9.525000000000000133e-01
9.449999999999999512e-01 9.526999999999999913e-01
9.449999999999999512e-01 9.528999999999999693e-01
9.451000000000000512e-01 9.525000000000000133e-01
9.451000000000000512e-01 9.527999999999999803e-01
9.451000000000000512e-01 9.526999999999999913e-01
9.451000000000000512e-01 9.525000000000000133e-01
9.449999999999999512e-01 9.527999999999999803e-01
9.449999999999999512e-01 9.534000000000000252e-01
9.449999999999999512e-01 9.530999999999999472e-01
9.449999999999999512e-01 9.528999999999999693e-01
9.449999999999999512e-01 9.533000000000000362e-01
9.449999999999999512e-01 9.528999999999999693e-01
9.451000000000000512e-01 9.526999999999999913e-01
9.448999999999999622e-01 9.532000000000000473e-01
9.448999999999999622e-01 9.533000000000000362e-01
9.449999999999999512e-01 9.528999999999999693e-01
9.449999999999999512e-01 9.529999999999999583e-01
9.449999999999999512e-01 9.526999999999999913e-01
9.449999999999999512e-01 9.526000000000000023e-01
9.449999999999999512e-01 9.517999999999999794e-01
9.449999999999999512e-01 9.523000000000000353e-01
9.449999999999999512e-01 9.518999999999999684e-01
9.448999999999999622e-01 9.523000000000000353e-01
9.447999999999999732e-01 9.523000000000000353e-01
9.448999999999999622e-01 9.526999999999999913e-01
9.449999999999999512e-01 9.526000000000000023e-01
9.449999999999999512e-01 9.519999999999999574e-01
9.449999999999999512e-01 9.517999999999999794e-01
9.449999999999999512e-01 9.520999999999999464e-01
9.449999999999999512e-01 9.516000000000000014e-01
9.448999999999999622e-01 9.526999999999999913e-01
9.449999999999999512e-01 9.523000000000000353e-01
9.449999999999999512e-01 9.519999999999999574e-01
9.449999999999999512e-01 9.516000000000000014e-01
9.451000000000000512e-01 9.520999999999999464e-01
9.451000000000000512e-01 9.519999999999999574e-01
9.451000000000000512e-01 9.523000000000000353e-01
9.449999999999999512e-01 9.519999999999999574e-01
9.451000000000000512e-01 9.516999999999999904e-01
9.451000000000000512e-01 9.514000000000000234e-01
9.451000000000000512e-01 9.512000000000000455e-01
9.451000000000000512e-01 9.516999999999999904e-01
9.451000000000000512e-01 9.517999999999999794e-01
9.451000000000000512e-01 9.513000000000000345e-01
9.451000000000000512e-01 9.517999999999999794e-01
9.451000000000000512e-01 9.517999999999999794e-01
9.451000000000000512e-01 9.517999999999999794e-01
9.451000000000000512e-01 9.517999999999999794e-01
9.449999999999999512e-01 9.522000000000000464e-01
9.449999999999999512e-01 9.519999999999999574e-01
9.449999999999999512e-01 9.516000000000000014e-01
9.449999999999999512e-01 9.516999999999999904e-01
9.449999999999999512e-01 9.522000000000000464e-01
9.449999999999999512e-01 9.520999999999999464e-01
9.448999999999999622e-01 9.520999999999999464e-01
9.448999999999999622e-01 9.525000000000000133e-01
9.448999999999999622e-01 9.528999999999999693e-01
9.448999999999999622e-01 9.528999999999999693e-01
9.448999999999999622e-01 9.524000000000000243e-01
9.448999999999999622e-01 9.524000000000000243e-01
9.448999999999999622e-01 9.522000000000000464e-01
9.449999999999999512e-01 9.526000000000000023e-01
9.448999999999999622e-01 9.523000000000000353e-01
9.447999999999999732e-01 9.517999999999999794e-01
9.447999999999999732e-01 9.520999999999999464e-01
9.447999999999999732e-01 9.524000000000000243e-01
9.447999999999999732e-01 9.526000000000000023e-01
9.446999999999999842e-01 9.524000000000000243e-01
9.447999999999999732e-01 9.519999999999999574e-01
9.446999999999999842e-01 9.525000000000000133e-01
9.446999999999999842e-01 9.526000000000000023e-01
9.446999999999999842e-01 9.524000000000000243e-01
9.445999999999999952e-01 9.526000000000000023e-01
9.445999999999999952e-01 9.526999999999999913e-01
9.446999999999999842e-01 9.520999999999999464e-01
9.445000000000000062e-01 9.527999999999999803e-01
9.445000000000000062e-01 9.528999999999999693e-01
9.444000000000000172e-01 9.527999999999999803e-01
9.444000000000000172e-01 9.524000000000000243e-01
9.444000000000000172e-01 9.527999999999999803e-01
9.445000000000000062e-01 9.532000000000000473e-01
9.444000000000000172e-01 9.526999999999999913e-01
9.443000000000000282e-01 9.526999999999999913e-01
9.443000000000000282e-01 9.532000000000000473e-01
9.445000000000000062e-01 9.529999999999999583e-01
9.444000000000000172e-01 9.536000000000000032e-01
9.444000000000000172e-01 9.530999999999999472e-01
9.444000000000000172e-01 9.532000000000000473e-01
9.443000000000000282e-01 9.530999999999999472e-01
9.443000000000000282e-01 9.539999999999999591e-01
9.443000000000000282e-01 9.536000000000000032e-01
9.444000000000000172e-01 9.529999999999999583e-01
9.444000000000000172e-01 9.532000000000000473e-01
9.445000000000000062e-01 9.529999999999999583e-01
9.445000000000000062e-01 9.525000000000000133e-01
9.445000000000000062e-01 9.528999999999999693e-01
9.445000000000000062e-01 9.533000000000000362e-01
9.445000000000000062e-01 9.535000000000000142e-01
9.445999999999999952e-01 9.536000000000000032e-01
9.445000000000000062e-01 9.536000000000000032e-01
9.445000000000000062e-01 9.535000000000000142e-01
9.445000000000000062e-01 9.534000000000000252e-01
9.445000000000000062e-01 9.535000000000000142e-01
9.445999999999999952e-01 9.532000000000000473e-01
9.445000000000000062e-01 9.533000000000000362e-01
9.445000000000000062e-01 9.535000000000000142e-01
9.445000000000000062e-01 9.538999999999999702e-01
9.445000000000000062e-01 9.537999999999999812e-01
9.445000000000000062e-01 9.533000000000000362e-01
9.445000000000000062e-01 9.526000000000000023e-01
9.445000000000000062e-01 9.526000000000000023e-01
9.445000000000000062e-01 9.528999999999999693e-01
9.445000000000000062e-01 9.535000000000000142e-01
9.445000000000000062e-01 9.529999999999999583e-01
9.445999999999999952e-01 9.527999999999999803e-01
9.445999999999999952e-01 9.530999999999999472e-01
9.445999999999999952e-01 9.526999999999999913e-01
9.445000000000000062e-01 9.529999999999999583e-01
9.445999999999999952e-01 9.526000000000000023e-01
9.445999999999999952e-01 9.535000000000000142e-01
9.445000000000000062e-01 9.532000000000000473e-01
9.445000000000000062e-01 9.527999999999999803e-01
9.445999999999999952e-01 9.524000000000000243e-01
9.445999999999999952e-01 9.527999999999999803e-01
9.445999999999999952e-01 9.532000000000000473e-01
9.445999999999999952e-01 9.527999999999999803e-01
9.445000000000000062e-01 9.530999999999999472e-01
9.445000000000000062e-01 9.526999999999999913e-01
9.445000000000000062e-01 9.533000000000000362e-01
9.445000000000000062e-01 9.530999999999999472e-01
9.445999999999999952e-01 9.532000000000000473e-01
9.446999999999999842e-01 9.536000000000000032e-01
9.447999999999999732e-01 9.530999999999999472e-01
9.446999999999999842e-01 9.526000000000000023e-01
9.446999999999999842e-01 9.532000000000000473e-01
9.445999999999999952e-01 9.530999999999999472e-01
9.445000000000000062e-01 9.534000000000000252e-01
9.445999999999999952e-01 9.535000000000000142e-01
9.445999999999999952e-01 9.535000000000000142e-01
9.445000000000000062e-01 9.540999999999999481e-01
9.445000000000000062e-01 9.539999999999999591e-01
9.442000000000000393e-01 9.544000000000000261e-01
9.443000000000000282e-01 9.540999999999999481e-01
9.443000000000000282e-01 9.542000000000000481e-01
9.444000000000000172e-01 9.538999999999999702e-01
9.445000000000000062e-01 9.537999999999999812e-01
9.445000000000000062e-01 9.537999999999999812e-01
9.445000000000000062e-01 9.527999999999999803e-01
9.444000000000000172e-01 9.537999999999999812e-01
9.444000000000000172e-01 9.530999999999999472e-01
9.444000000000000172e-01 9.528999999999999693e-01
9.444000000000000172e-01 9.533000000000000362e-01
9.444000000000000172e-01 9.528999999999999693e-01
9.444000000000000172e-01 9.532000000000000473e-01
9.444000000000000172e-01 9.534000000000000252e-01
9.444000000000000172e-01 9.529999999999999583e-01
9.444000000000000172e-01 9.534000000000000252e-01
9.445000000000000062e-01 9.529999999999999583e-01
9.445999999999999952e-01 9.527999999999999803e-01
9.445000000000000062e-01 9.534000000000000252e-01
9.445000000000000062e-01 9.534000000000000252e-01
9.445000000000000062e-01 9.526000000000000023e-01
9.445000000000000062e-01 9.527999999999999803e-01
9.445000000000000062e-01 9.526999999999999913e-01
9.445000000000000062e-01 9.526999999999999913e-01
9.445000000000000062e-01 9.527999999999999803e-01
9.445000000000000062e-01 9.528999999999999693e-01
9.445000000000000062e-01 9.529999999999999583e-01
9.445000000000000062e-01 9.529999999999999583e-01
9.445000000000000062e-01 9.529999999999999583e-01
9.445000000000000062e-01 9.528999999999999693e-01
9.445999999999999952e-01 9.526000000000000023e-01
9.445000000000000062e-01 9.524000000000000243e-01
9.445000000000000062e-01 9.526999999999999913e-01
9.445000000000000062e-01 9.526999999999999913e-01
9.445000000000000062e-01 9.524000000000000243e-01
9.445000000000000062e-01 9.522000000000000464e-01
9.445000000000000062e-01 9.527999999999999803e-01
9.444000000000000172e-01 9.526000000000000023e-01
9.444000000000000172e-01 9.527999999999999803e-01
9.445000000000000062e-01 9.528999999999999693e-01
9.444000000000000172e-01 9.535000000000000142e-01
9.444000000000000172e-01 9.528999999999999693e-01
9.444000000000000172e-01 9.527999999999999803e-01
9.444000000000000172e-01 9.526000000000000023e-01
9.445000000000000062e-01 9.528999999999999693e-01
9.445000000000000062e-01 9.529999999999999583e-01
9.445000000000000062e-01 9.527999999999999803e-01
9.445000000000000062e-01 9.528999999999999693e-01
9.445000000000000062e-01 9.529999999999999583e-01
9.445000000000000062e-01 9.525000000000000133e-01
9.445000000000000062e-01 9.523000000000000353e-01
9.445000000000000062e-01 9.523000000000000353e-01
9.445999999999999952e-01 9.528999999999999693e-01
9.445999999999999952e-01 9.523000000000000353e-01
9.445999999999999952e-01 9.522000000000000464e-01
9.445999999999999952e-01 9.523000000000000353e-01
9.445999999999999952e-01 9.524000000000000243e-01
9.445000000000000062e-01 9.524000000000000243e-01
9.445000000000000062e-01 9.519999999999999574e-01
9.445000000000000062e-01 9.520999999999999464e-01
9.445000000000000062e-01 9.524000000000000243e-01
9.445999999999999952e-01 9.520999999999999464e-01
9.445999999999999952e-01 9.526000000000000023e-01
9.445999999999999952e-01 9.528999999999999693e-01
9.445000000000000062e-01 9.524000000000000243e-01
9.444000000000000172e-01 9.529999999999999583e-01
9.444000000000000172e-01 9.526000000000000023e-01
9.444000000000000172e-01 9.529999999999999583e-01
9.444000000000000172e-01 9.528999999999999693e-01
9.444000000000000172e-01 9.527999999999999803e-01
9.443000000000000282e-01 9.525000000000000133e-01
9.444000000000000172e-01 9.525000000000000133e-01
9.444000000000000172e-01 9.526000000000000023e-01
9.444000000000000172e-01 9.525000000000000133e-01
9.444000000000000172e-01 9.532000000000000473e-01
9.444000000000000172e-01 9.532000000000000473e-01
9.444000000000000172e-01 9.527999999999999803e-01
9.444000000000000172e-01 9.535000000000000142e-01
9.444000000000000172e-01 9.529999999999999583e-01
9.444000000000000172e-01 9.526999999999999913e-01
9.444000000000000172e-01 9.525000000000000133e-01
9.444000000000000172e-01 9.523000000000000353e-01
9.445000000000000062e-01 9.522000000000000464e-01
9.445000000000000062e-01 9.518999999999999684e-01
9.445000000000000062e-01 9.524000000000000243e-01
9.445000000000000062e-01 9.525000000000000133e-01
9.445000000000000062e-01 9.526999999999999913e-01
9.444000000000000172e-01 9.523000000000000353e-01
9.445000000000000062e-01 9.522000000000000464e-01
9.445000000000000062e-01 9.518999999999999684e-01
9.445000000000000062e-01 9.519999999999999574e-01
9.445999999999999952e-01 9.516999999999999904e-01
9.447999999999999732e-01 9.516000000000000014e-01
9.445999999999999952e-01 9.514000000000000234e-01
9.445999999999999952e-01 9.517999999999999794e-01
9.445000000000000062e-01 9.517999999999999794e-01
9.445000000000000062e-01 9.522000000000000464e-01
9.443000000000000282e-01 9.515000000000000124e-01
9.443000000000000282e-01 9.515000000000000124e-01
9.443000000000000282e-01 9.517999999999999794e-01
9.444000000000000172e-01 9.516000000000000014e-01
9.445000000000000062e-01 9.523000000000000353e-01
9.443000000000000282e-01 9.523000000000000353e-01
9.445000000000000062e-01 9.524000000000000243e-01
9.445000000000000062e-01 9.518999999999999684e-01
9.443000000000000282e-01 9.520999999999999464e-01
9.443000000000000282e-01 9.518999999999999684e-01
9.442000000000000393e-01 9.516999999999999904e-01
9.442000000000000393e-01 9.518999999999999684e-01
9.444000000000000172e-01 9.520999999999999464e-01
9.443000000000000282e-01 9.522000000000000464e-01
9.444000000000000172e-01 9.524000000000000243e-01
9.444000000000000172e-01 9.524000000000000243e-01
9.444000000000000172e-01 9.526000000000000023e-01
9.444000000000000172e-01 9.523000000000000353e-01
9.444000000000000172e-01 9.518999999999999684e-01
9.444000000000000172e-01 9.524000000000000243e-01
9.443000000000000282e-01 9.524000000000000243e-01
9.442000000000000393e-01 9.528999999999999693e-01
9.442000000000000393e-01 9.533000000000000362e-01
9.442000000000000393e-01 9.534000000000000252e-01
9.442000000000000393e-01 9.526999999999999913e-01
9.442000000000000393e-01 9.525000000000000133e-01
9.442000000000000393e-01 9.526000000000000023e-01
9.442000000000000393e-01 9.534000000000000252e-01
9.442000000000000393e-01 9.527999999999999803e-01
9.442000000000000393e-01 9.528999999999999693e-01
9.442000000000000393e-01 9.524000000000000243e-01
9.442000000000000393e-01 9.522000000000000464e-01
9.441000000000000503e-01 9.523000000000000353e-01
9.442000000000000393e-01 9.519999999999999574e-01
9.442000000000000393e-01 9.525000000000000133e-01
9.442000000000000393e-01 9.520999999999999464e-01
9.442000000000000393e-01 9.516999999999999904e-01
9.442000000000000393e-01 9.517999999999999794e-01
9.442000000000000393e-01 9.516999999999999904e-01
9.442000000000000393e-01 9.509999999999999565e-01
9.442000000000000393e-01 9.520999999999999464e-01
9.443000000000000282e-01 9.516999999999999904e-01
9.443000000000000282e-01 9.516000000000000014e-01
9.443000000000000282e-01 9.517999999999999794e-01
9.443000000000000282e-01 9.520999999999999464e-01
9.443000000000000282e-01 9.510999999999999455e-01
9.442000000000000393e-01 9.517999999999999794e-01
9.443000000000000282e-01 9.520999999999999464e-01
9.443000000000000282e-01 9.517999999999999794e-01
9.443000000000000282e-01 9.516000000000000014e-01
9.443000000000000282e-01 9.522000000000000464e-01
9.444000000000000172e-01 9.517999999999999794e-01
9.444000000000000172e-01 9.516999999999999904e-01
9.444000000000000172e-01 9.514000000000000234e-01
9.444000000000000172e-01 9.514000000000000234e-01
9.443000000000000282e-01 9.516000000000000014e-01
9.443000000000000282e-01 9.516000000000000014e-01
9.444000000000000172e-01 9.516999999999999904e-01
9.445000000000000062e-01 9.510999999999999455e-01
9.445000000000000062e-01 9.515000000000000124e-01
9.445000000000000062e-01 9.513000000000000345e-01
9.444000000000000172e-01 9.507999999999999785e-01
9.444000000000000172e-01 9.509999999999999565e-01
9.445000000000000062e-01 9.506000000000000005e-01
9.445000000000000062e-01 9.507999999999999785e-01
9.444000000000000172e-01 9.506000000000000005e-01
9.444000000000000172e-01 9.512000000000000455e-01
9.444000000000000172e-01 9.506999999999999895e-01
9.443000000000000282e-01 9.507999999999999785e-01
9.443000000000000282e-01 9.512000000000000455e-01
9.443000000000000282e-01 9.510999999999999455e-01
9.443000000000000282e-01 9.509999999999999565e-01
9.442000000000000393e-01 9.507999999999999785e-01
9.442000000000000393e-01 9.509999999999999565e-01
9.443000000000000282e-01 9.509999999999999565e-01
9.444000000000000172e-01 9.509999999999999565e-01
9.445000000000000062e-01 9.509999999999999565e-01
9.445000000000000062e-01 9.510999999999999455e-01
9.445000000000000062e-01 9.513000000000000345e-01
9.445999999999999952e-01 9.519999999999999574e-01
9.445000000000000062e-01 9.516000000000000014e-01
9.444000000000000172e-01 9.516000000000000014e-01
9.442000000000000393e-01 9.519999999999999574e-01
9.443000000000000282e-01 9.519999999999999574e-01
9.443000000000000282e-01 9.517999999999999794e-01
9.443000000000000282e-01 9.520999999999999464e-01
9.443000000000000282e-01 9.519999999999999574e-01
9.443000000000000282e-01 9.520999999999999464e-01
9.443000000000000282e-01 9.526999999999999913e-01
9.443000000000000282e-01 9.525000000000000133e-01
9.443000000000000282e-01 9.525000000000000133e-01
9.443000000000000282e-01 9.520999999999999464e-01
9.443000000000000282e-01 9.525000000000000133e-01
9.443000000000000282e-01 9.523000000000000353e-01
9.443000000000000282e-01 9.522000000000000464e-01
9.443000000000000282e-01 9.515000000000000124e-01
9.443000000000000282e-01 9.513000000000000345e-01
9.443000000000000282e-01 9.514000000000000234e-01
9.444000000000000172e-01 9.516000000000000014e-01
9.444000000000000172e-01 9.517999999999999794e-01
9.444000000000000172e-01 9.523000000000000353e-01
9.444000000000000172e-01 9.517999999999999794e-01
9.444000000000000172e-01 9.525000000000000133e-01
9.444000000000000172e-01 9.527999999999999803e-01
9.444000000000000172e-01 9.525000000000000133e-01
9.445000000000000062e-01 9.525000000000000133e-01
9.445000000000000062e-01 9.520999999999999464e-01
9.445999999999999952e-01 9.522000000000000464e-01
9.445000000000000062e-01 9.519999999999999574e-01
9.445000000000000062e-01 9.523000000000000353e-01
9.445000000000000062e-01 9.522000000000000464e-01
9.445000000000000062e-01 9.519999999999999574e-01
9.445000000000000062e-01 9.517999999999999794e-01
9.443000000000000282e-01 9.518999999999999684e-01
9.444000000000000172e-01 9.517999999999999794e-01
9.443000000000000282e-01 9.514000000000000234e-01
9.443000000000000282e-01 9.515000000000000124e-01
9.442000000000000393e-01 9.516999999999999904e-01
9.441000000000000503e-01 9.518999999999999684e-01
9.442000000000000393e-01 9.519999999999999574e-01
9.442000000000000393e-01 9.516999999999999904e-01
9.443000000000000282e-01 9.516999999999999904e-01
9.443000000000000282e-01 9.519999999999999574e-01
9.443000000000000282e-01 9.519999999999999574e-01
9.444000000000000172e-01 9.520999999999999464e-01
9.444000000000000172e-01 9.524000000000000243e-01
9.444000000000000172e-01 9.522000000000000464e-01
9.445999999999999952e-01 9.518999999999999684e-01
9.445000000000000062e-01 9.524000000000000243e-01
9.444000000000000172e-01 9.525000000000000133e-01
9.444000000000000172e-01 9.532000000000000473e-01
9.444000000000000172e-01 9.530999999999999472e-01
9.444000000000000172e-01 9.530999999999999472e-01
9.444000000000000172e-01 9.529999999999999583e-01
9.443000000000000282e-01 9.527999999999999803e-01
9.444000000000000172e-01 9.535000000000000142e-01
9.444000000000000172e-01 9.533000000000000362e-01
9.444000000000000172e-01 9.526000000000000023e-01
9.444000000000000172e-01 9.526000000000000023e-01
9.444000000000000172e-01 9.529999999999999583e-01
9.444000000000000172e-01 9.532000000000000473e-01
9.444000000000000172e-01 9.526999999999999913e-01
9.444000000000000172e-01 9.523000000000000353e-01
9.444000000000000172e-01 9.520999999999999464e-01
9.444000000000000172e-01 9.524000000000000243e-01
9.443000000000000282e-01 9.526000000000000023e-01
9.443000000000000282e-01 9.517999999999999794e-01
9.444000000000000172e-01 9.520999999999999464e-01
9.442000000000000393e-01 9.520999999999999464e-01
9.443000000000000282e-01 9.525000000000000133e-01
9.443000000000000282e-01 9.526999999999999913e-01
9.442000000000000393e-01 9.524000000000000243e-01
9.442000000000000393e-01 9.519999999999999574e-01
9.442000000000000393e-01 9.516999999999999904e-01
9.442000000000000393e-01 9.519999999999999574e-01
9.441000000000000503e-01 9.518999999999999684e-01
9.442000000000000393e-01 9.525000000000000133e-01
9.441000000000000503e-01 9.520999999999999464e-01
9.441000000000000503e-01 9.529999999999999583e-01
9.442000000000000393e-01 9.526999999999999913e-01
9.442000000000000393e-01 9.524000000000000243e-01
9.442000000000000393e-01 9.526000000000000023e-01
9.442000000000000393e-01 9.523000000000000353e-01
9.444000000000000172e-01 9.524000000000000243e-01
9.443000000000000282e-01 9.523000000000000353e-01
9.444000000000000172e-01 9.516999999999999904e-01
9.444000000000000172e-01 9.514000000000000234e-01
9.444000000000000172e-01 9.518999999999999684e-01
9.443000000000000282e-01 9.518999999999999684e-01
9.443000000000000282e-01 9.523000000000000353e-01
9.442000000000000393e-01 9.520999999999999464e-01
9.442000000000000393e-01 9.517999999999999794e-01
9.442000000000000393e-01 9.516000000000000014e-01
9.443000000000000282e-01 9.515000000000000124e-01
9.443000000000000282e-01 9.512000000000000455e-01
9.443000000000000282e-01 9.514000000000000234e-01
9.444000000000000172e-01 9.515000000000000124e-01
9.443000000000000282e-01 9.516000000000000014e-01
9.443000000000000282e-01 9.518999999999999684e-01
9.443000000000000282e-01 9.510999999999999455e-01
9.443000000000000282e-01 9.515000000000000124e-01
9.444000000000000172e-01 9.515000000000000124e-01
9.444000000000000172e-01 9.510999999999999455e-01
9.444000000000000172e-01 9.514000000000000234e-01
9.444000000000000172e-01 9.515000000000000124e-01
9.444000000000000172e-01 9.512000000000000455e-01
9.444000000000000172e-01 9.516000000000000014e-01
9.444000000000000172e-01 9.516000000000000014e-01
9.444000000000000172e-01 9.513000000000000345e-01
9.444000000000000172e-01 9.509999999999999565e-01
9.444000000000000172e-01 9.505000000000000115e-01
9.444000000000000172e-01 9.506000000000000005e-01
9.444000000000000172e-01 9.508999999999999675e-01
9.444000000000000172e-01 9.509999999999999565e-01
9.444000000000000172e-01 9.508999999999999675e-01
9.444000000000000172e-01 9.509999999999999565e-01
9.444000000000000172e-01 9.512000000000000455e-01
9.444000000000000172e-01 9.513000000000000345e-01
9.444000000000000172e-01 9.516000000000000014e-01
9.444000000000000172e-01 9.518999999999999684e-01
9.444000000000000172e-01 9.514000000000000234e-01
9.444000000000000172e-01 9.519999999999999574e-01
9.444000000000000172e-01 9.516999999999999904e-01
9.444000000000000172e-01 9.519999999999999574e-01
9.444000000000000172e-01 9.515000000000000124e-01
9.444000000000000172e-01 9.519999999999999574e-01
9.444000000000000172e-01 9.519999999999999574e-01
9.444000000000000172e-01 9.516000000000000014e-01
9.444000000000000172e-01 9.515000000000000124e-01
9.444000000000000172e-01 9.515000000000000124e-01
9.444000000000000172e-01 9.517999999999999794e-01
9.444000000000000172e-01 9.516999999999999904e-01
9.443000000000000282e-01 9.516999999999999904e-01
9.443000000000000282e-01 9.516999999999999904e-01
9.444000000000000172e-01 9.515000000000000124e-01
9.443000000000000282e-01 9.506000000000000005e-01
9.444000000000000172e-01 9.509999999999999565e-01
9.444000000000000172e-01 9.509999999999999565e-01
9.445000000000000062e-01 9.515000000000000124e-01
9.445000000000000062e-01 9.512000000000000455e-01
9.445000000000000062e-01 9.512000000000000455e-01
9.443000000000000282e-01 9.512000000000000455e-01
9.443000000000000282e-01 9.514000000000000234e-01
9.442000000000000393e-01 9.513000000000000345e-01
9.442000000000000393e-01 9.508999999999999675e-01
9.441000000000000503e-01 9.503000000000000336e-01
9.441000000000000503e-01 9.504000000000000226e-01
9.442000000000000393e-01 9.506000000000000005e-01
9.442000000000000393e-01 9.498999999999999666e-01
9.443000000000000282e-01 9.499999999999999556e-01
9.443000000000000282e-01 9.499999999999999556e-01
9.443000000000000282e-01 9.500999999999999446e-01
9.443000000000000282e-01 9.505000000000000115e-01
9.443000000000000282e-01 9.504000000000000226e-01
9.443000000000000282e-01 9.507999999999999785e-01
9.443000000000000282e-01 9.505000000000000115e-01
9.443000000000000282e-01 9.506000000000000005e-01
9.444000000000000172e-01 9.503000000000000336e-01
9.443000000000000282e-01 9.503000000000000336e-01
9.443000000000000282e-01 9.502000000000000446e-01
9.443000000000000282e-01 9.503000000000000336e-01
9.443000000000000282e-01 9.503000000000000336e-01
9.443000000000000282e-01 9.504000000000000226e-01
9.442000000000000393e-01 9.500999999999999446e-01
9.442000000000000393e-01 9.500999999999999446e-01
9.442000000000000393e-01 9.502000000000000446e-01
9.441000000000000503e-01 9.503000000000000336e-01
9.441000000000000503e-01 9.498999999999999666e-01
9.439999999999999503e-01 9.504000000000000226e-01
9.439999999999999503e-01 9.502000000000000446e-01
9.439999999999999503e-01 9.500999999999999446e-01
9.439999999999999503e-01 9.502000000000000446e-01
9.439999999999999503e-01 9.506000000000000005e-01
9.439999999999999503e-01 9.500999999999999446e-01
9.439999999999999503e-01 9.498999999999999666e-01
9.438999999999999613e-01 9.500999999999999446e-01
9.439999999999999503e-01 9.500999999999999446e-01
9.439999999999999503e-01 9.498999999999999666e-01
9.439999999999999503e-01 9.504000000000000226e-01
9.437999999999999723e-01 9.505000000000000115e-01
9.437999999999999723e-01 9.502000000000000446e-01
9.438999999999999613e-01 9.495999999999999996e-01
9.438999999999999613e-01 9.503000000000000336e-01
9.438999999999999613e-01 9.496999999999999886e-01
9.438999999999999613e-01 9.495000000000000107e-01
9.438999999999999613e-01 9.495999999999999996e-01
9.438999999999999613e-01 9.499999999999999556e-01
9.438999999999999613e-01 9.505000000000000115e-01
9.438999999999999613e-01 9.502000000000000446e-01
9.437999999999999723e-01 9.499999999999999556e-01
9.437999999999999723e-01 9.500999999999999446e-01
9.438999999999999613e-01 9.500999999999999446e-01
9.438999999999999613e-01 9.504000000000000226e-01
9.439999999999999503e-01 9.497999999999999776e-01
9.438999999999999613e-01 9.503000000000000336e-01
9.438999999999999613e-01 9.495000000000000107e-01
9.438999999999999613e-01 9.497999999999999776e-01
9.438999999999999613e-01 9.492000000000000437e-01
9.438999999999999613e-01 9.493000000000000327e-01
9.438999999999999613e-01 9.492000000000000437e-01
9.438999999999999613e-01 9.494000000000000217e-01
9.438999999999999613e-01 9.487999999999999767e-01
9.438999999999999613e-01 9.498999999999999666e-01
9.438999999999999613e-01 9.496999999999999886e-01
9.439999999999999503e-01 9.502000000000000446e-01
9.439999999999999503e-01 9.500999999999999446e-01
9.439999999999999503e-01 9.497999999999999776e-01
9.439999999999999503e-01 9.502000000000000446e-01
9.439999999999999503e-01 9.497999999999999776e-01
9.439999999999999503e-01 9.499999999999999556e-01
9.439999999999999503e-01 9.493000000000000327e-01
9.439999999999999503e-01 9.491000000000000547e-01
9.438999999999999613e-01 9.492000000000000437e-01
9.437999999999999723e-01 9.493000000000000327e-01
9.437999999999999723e-01 9.486999999999999877e-01
9.437999999999999723e-01 9.488999999999999657e-01
9.437999999999999723e-01 9.484000000000000208e-01
9.437999999999999723e-01 9.485999999999999988e-01
9.437999999999999723e-01 9.486999999999999877e-01
9.437999999999999723e-01 9.483000000000000318e-01
9.437999999999999723e-01 9.483000000000000318e-01
9.437999999999999723e-01 9.483000000000000318e-01
9.437999999999999723e-01 9.484000000000000208e-01
9.437999999999999723e-01 9.483000000000000318e-01
9.437999999999999723e-01 9.486999999999999877e-01
9.436999999999999833e-01 9.485999999999999988e-01
9.437999999999999723e-01 9.489999999999999547e-01
9.436999999999999833e-01 9.491000000000000547e-01
9.436999999999999833e-01 9.488999999999999657e-01
9.436999999999999833e-01 9.487999999999999767e-01
9.436999999999999833e-01 9.495000000000000107e-01
9.436999999999999833e-01 9.495000000000000107e-01
9.437999999999999723e-01 9.489999999999999547e-01
9.436999999999999833e-01 9.492000000000000437e-01
9.436999999999999833e-01 9.489999999999999547e-01
9.436999999999999833e-01 9.485000000000000098e-01
9.436999999999999833e-01 9.487999999999999767e-01
9.436999999999999833e-01 9.485999999999999988e-01
9.436999999999999833e-01 9.487999999999999767e-01
9.437999999999999723e-01 9.485999999999999988e-01
9.437999999999999723e-01 9.487999999999999767e-01
9.437999999999999723e-01 9.491000000000000547e-01
9.436999999999999833e-01 9.495999999999999996e-01
9.437999999999999723e-01 9.487999999999999767e-01
9.437999999999999723e-01 9.491000000000000547e-01
9.437999999999999723e-01 9.489999999999999547e-01
9.437999999999999723e-01 9.487999999999999767e-01
9.437999999999999723e-01 9.485000000000000098e-01
9.437999999999999723e-01 9.489999999999999547e-01
9.437999999999999723e-01 9.487999999999999767e-01
9.437999999999999723e-01 9.485999999999999988e-01
9.437999999999999723e-01 9.483000000000000318e-01
9.437999999999999723e-01 9.492000000000000437e-01
9.437999999999999723e-01 9.491000000000000547e-01
9.437999999999999723e-01 9.493000000000000327e-01
9.437999999999999723e-01 9.496999999999999886e-01
9.437999999999999723e-01 9.497999999999999776e-01
9.437999999999999723e-01 9.491000000000000547e-01
9.437999999999999723e-01 9.491000000000000547e-01
9.436999999999999833e-01 9.487999999999999767e-01
9.436999999999999833e-01 9.491000000000000547e-01
9.436999999999999833e-01 9.493000000000000327e-01
9.436999999999999833e-01 9.491000000000000547e-01
9.436999999999999833e-01 9.495000000000000107e-01
9.436999999999999833e-01 9.494000000000000217e-01
9.436999999999999833e-01 9.494000000000000217e-01
9.436999999999999833e-01 9.495000000000000107e-01
9.435999999999999943e-01 9.489999999999999547e-01
9.436999999999999833e-01 9.497999999999999776e-01
9.435999999999999943e-01 9.499999999999999556e-01
9.435999999999999943e-01 9.500999999999999446e-01
9.436999999999999833e-01 9.498999999999999666e-01
9.436999999999999833e-01 9.491000000000000547e-01
9.436999999999999833e-01 9.494000000000000217e-01
9.436999999999999833e-01 9.495999999999999996e-01
9.435999999999999943e-01 9.492000000000000437e-01
9.435999999999999943e-01 9.496999999999999886e-01
9.435999999999999943e-01 9.495999999999999996e-01
9.435999999999999943e-01 9.495000000000000107e-01
9.435999999999999943e-01 9.491000000000000547e-01
9.435999999999999943e-01 9.496999999999999886e-01
9.435000000000000053e-01 9.499999999999999556e-01
9.435999999999999943e-01 9.495999999999999996e-01
9.435999999999999943e-01 9.499999999999999556e-01
9.435999999999999943e-01 9.499999999999999556e-01
9.435999999999999943e-01 9.502000000000000446e-01
9.435999999999999943e-01 9.502000000000000446e-01
9.435999999999999943e-01 9.503000000000000336e-01
9.436999999999999833e-01 9.503000000000000336e-01
9.436999999999999833e-01 9.504000000000000226e-01
9.436999999999999833e-01 9.503000000000000336e-01
9.435999999999999943e-01 9.497999999999999776e-01
9.436999999999999833e-01 9.504000000000000226e-01
9.436999999999999833e-01 9.506000000000000005e-01
9.436999999999999833e-01 9.503000000000000336e-01
9.435999999999999943e-01 9.497999999999999776e-01
9.436999999999999833e-01 9.502000000000000446e-01
9.435999999999999943e-01 9.500999999999999446e-01
9.436999999999999833e-01 9.502000000000000446e-01
9.436999999999999833e-01 9.504000000000000226e-01
9.435999999999999943e-01 9.506999999999999895e-01
9.436999999999999833e-01 9.506999999999999895e-01
9.436999999999999833e-01 9.503000000000000336e-01
9.437999999999999723e-01 9.496999999999999886e-01
9.437999999999999723e-01 9.495000000000000107e-01
9.437999999999999723e-01 9.498999999999999666e-01
9.437999999999999723e-01 9.491000000000000547e-01
9.439999999999999503e-01 9.497999999999999776e-01
9.439999999999999503e-01 9.493000000000000327e-01
9.439999999999999503e-01 9.494000000000000217e-01
9.439999999999999503e-01 9.497999999999999776e-01
9.439999999999999503e-01 9.496999999999999886e-01
9.439999999999999503e-01 9.496999999999999886e-01
9.439999999999999503e-01 9.495000000000000107e-01
9.439999999999999503e-01 9.492000000000000437e-01
9.441000000000000503e-01 9.494000000000000217e-01
9.441000000000000503e-01 9.495999999999999996e-01
9.441000000000000503e-01 9.488999999999999657e-01
9.441000000000000503e-01 9.494000000000000217e-01
9.441000000000000503e-01 9.496999999999999886e-01
9.441000000000000503e-01 9.497999999999999776e-01
9.441000000000000503e-01 9.496999999999999886e-01
9.441000000000000503e-01 9.495000000000000107e-01
9.441000000000000503e-01 9.500999999999999446e-01
9.441000000000000503e-01 9.499999999999999556e-01
9.441000000000000503e-01 9.495999999999999996e-01
9.441000000000000503e-01 9.497999999999999776e-01
9.441000000000000503e-01 9.492000000000000437e-01
9.441000000000000503e-01 9.498999999999999666e-01
9.441000000000000503e-01 9.497999999999999776e-01
9.439999999999999503e-01 9.497999999999999776e-01
9.441000000000000503e-01 9.495000000000000107e-01
9.441000000000000503e-01 9.498999999999999666e-01
9.442000000000000393e-01 9.502000000000000446e-01
9.441000000000000503e-01 9.499999999999999556e-01
9.442000000000000393e-01 9.495999999999999996e-01
9.439999999999999503e-01 9.495000000000000107e-01
9.441000000000000503e-01 9.495999999999999996e-01
9.439999999999999503e-01 9.495999999999999996e-01
9.441000000000000503e-01 9.502000000000000446e-01
9.441000000000000503e-01 9.498999999999999666e-01
9.441000000000000503e-01 9.499999999999999556e-01
9.441000000000000503e-01 9.502000000000000446e-01
9.441000000000000503e-01 9.502000000000000446e-01
9.439999999999999503e-01 9.502000000000000446e-01
9.441000000000000503e-01 9.498999999999999666e-01
9.441000000000000503e-01 9.500999999999999446e-01
9.441000000000000503e-01 9.502000000000000446e-01
9.441000000000000503e-01 9.504000000000000226e-01
9.441000000000000503e-01 9.505000000000000115e-01
9.439999999999999503e-01 9.497999999999999776e-01
9.439999999999999503e-01 9.505000000000000115e-01
9.439999999999999503e-01 9.500999999999999446e-01
9.438999999999999613e-01 9.497999999999999776e-01
9.439999999999999503e-01 9.502000000000000446e-01
9.439999999999999503e-01 9.503000000000000336e-01
9.441000000000000503e-01 9.506999999999999895e-01
9.441000000000000503e-01 9.497999999999999776e-01
9.441000000000000503e-01 9.496999999999999886e-01
9.441000000000000503e-01 9.500999999999999446e-01
9.441000000000000503e-01 9.506000000000000005e-01
9.439999999999999503e-01 9.494000000000000217e-01
9.439999999999999503e-01 9.496999999999999886e-01
9.438999999999999613e-01 9.495000000000000107e-01
9.438999999999999613e-01 9.500999999999999446e-01
9.439999999999999503e-01 9.496999999999999886e-01
9.439999999999999503e-01 9.496999999999999886e-01
9.439999999999999503e-01 9.499999999999999556e-01
9.439999999999999503e-01 9.500999999999999446e-01
9.439999999999999503e-01 9.496999999999999886e-01
9.439999999999999503e-01 9.499999999999999556e-01
9.439999999999999503e-01 9.500999999999999446e-01
9.439999999999999503e-01 9.497999999999999776e-01
9.439999999999999503e-01 9.500999999999999446e-01
9.438999999999999613e-01 9.499999999999999556e-01
9.439999999999999503e-01 9.496999999999999886e-01
9.439999999999999503e-01 9.503000000000000336e-01
9.439999999999999503e-01 9.506999999999999895e-01
9.439999999999999503e-01 9.498999999999999666e-01
9.439999999999999503e-01 9.492000000000000437e-01
9.439999999999999503e-01 9.499999999999999556e-01
9.439999999999999503e-01 9.497999999999999776e-01
9.439999999999999503e-01 9.495000000000000107e-01
9.438999999999999613e-01 9.498999999999999666e-01
9.437999999999999723e-01 9.498999999999999666e-01
9.435999999999999943e-01 9.498999999999999666e-01
9.435999999999999943e-01 9.500999999999999446e-01
9.435999999999999943e-01 9.509999999999999565e-01
9.435999999999999943e-01 9.504000000000000226e-01
9.435000000000000053e-01 9.508999999999999675e-01
9.434000000000000163e-01 9.506000000000000005e-01
9.435000000000000053e-01 9.502000000000000446e-01
9.435000000000000053e-01 9.504000000000000226e-01
9.434000000000000163e-01 9.503000000000000336e-01
9.435000000000000053e-01 9.499999999999999556e-01
9.435000000000000053e-01 9.496999999999999886e-01
9.436999999999999833e-01 9.498999999999999666e-01
9.435999999999999943e-01 9.492000000000000437e-01
9.437999999999999723e-01 9.500999999999999446e-01
9.439999999999999503e-01 9.506000000000000005e-01
9.437999999999999723e-01 9.509999999999999565e-01
9.441000000000000503e-01 9.506999999999999895e-01
9.442000000000000393e-01 9.502000000000000446e-01
9.442000000000000393e-01 9.506000000000000005e-01
9.442000000000000393e-01 9.506999999999999895e-01
9.442000000000000393e-01 9.500999999999999446e-01
9.442000000000000393e-01 9.504000000000000226e-01
9.442000000000000393e-01 9.502000000000000446e-01
9.442000000000000393e-01 9.504000000000000226e-01
9.442000000000000393e-01 9.504000000000000226e-01
9.442000000000000393e-01 9.504000000000000226e-01
9.442000000000000393e-01 9.498999999999999666e-01
9.442000000000000393e-01 9.499999999999999556e-01
9.441000000000000503e-01 9.499999999999999556e-01
9.442000000000000393e-01 9.498999999999999666e-01
9.442000000000000393e-01 9.496999999999999886e-01
9.442000000000000393e-01 9.496999999999999886e-01
9.442000000000000393e-01 9.497999999999999776e-01
9.442000000000000393e-01 9.496999999999999886e-01
9.442000000000000393e-01 9.497999999999999776e-01
9.443000000000000282e-01 9.495999999999999996e-01
9.442000000000000393e-01 9.488999999999999657e-01
9.443000000000000282e-01 9.489999999999999547e-01
9.443000000000000282e-01 9.494000000000000217e-01
9.443000000000000282e-01 9.496999999999999886e-01
9.443000000000000282e-01 9.497999999999999776e-01
9.442000000000000393e-01 9.495000000000000107e-01
9.442000000000000393e-01 9.499999999999999556e-01
9.442000000000000393e-01 9.502000000000000446e-01
9.442000000000000393e-01 9.495999999999999996e-01
9.442000000000000393e-01 9.498999999999999666e-01
9.442000000000000393e-01 9.504000000000000226e-01
9.442000000000000393e-01 9.503000000000000336e-01
9.442000000000000393e-01 9.500999999999999446e-01
9.442000000000000393e-01 9.495999999999999996e-01
9.442000000000000393e-01 9.497999999999999776e-01
9.443000000000000282e-01 9.496999999999999886e-01
9.443000000000000282e-01 9.502000000000000446e-01
9.443000000000000282e-01 9.499999999999999556e-01
9.443000000000000282e-01 9.500999999999999446e-01
9.441000000000000503e-01 9.503000000000000336e-01
9.439999999999999503e-01 9.498999999999999666e-01
9.439999999999999503e-01 9.500999999999999446e-01
9.438999999999999613e-01 9.500999999999999446e-01
9.438999999999999613e-01 9.505000000000000115e-01
9.438999999999999613e-01 9.499999999999999556e-01
9.438999999999999613e-01 9.508999999999999675e-01
9.438999999999999613e-01 9.503000000000000336e-01
9.438999999999999613e-01 9.500999999999999446e-01
9.438999999999999613e-01 9.504000000000000226e-01
9.438999999999999613e-01 9.504000000000000226e-01
9.438999999999999613e-01 9.503000000000000336e-01
9.438999999999999613e-01 9.502000000000000446e-01
9.438999999999999613e-01 9.500999999999999446e-01
9.438999999999999613e-01 9.498999999999999666e-01
9.439999999999999503e-01 9.495000000000000107e-01
9.439999999999999503e-01 9.499999999999999556e-01
9.438999999999999613e-01 9.496999999999999886e-01
9.439999999999999503e-01 9.497999999999999776e-01
9.439999999999999503e-01 9.503000000000000336e-01
9.439999999999999503e-01 9.506999999999999895e-01
9.439999999999999503e-01 9.502000000000000446e-01
9.439999999999999503e-01 9.497999999999999776e-01
9.439999999999999503e-01 9.499999999999999556e-01
9.439999999999999503e-01 9.497999999999999776e-01
9.439999999999999503e-01 9.504000000000000226e-01
9.439999999999999503e-01 9.495999999999999996e-01
9.438999999999999613e-01 9.497999999999999776e-01
9.438999999999999613e-01 9.500999999999999446e-01
9.438999999999999613e-01 9.506000000000000005e-01
9.439999999999999503e-01 9.494000000000000217e-01
9.439999999999999503e-01 9.499999999999999556e-01
9.439999999999999503e-01 9.499999999999999556e-01
9.439999999999999503e-01 9.502000000000000446e-01
9.439999999999999503e-01 9.502000000000000446e-01
9.439999999999999503e-01 9.495999999999999996e-01
9.439999999999999503e-01 9.496999999999999886e-01
9.438999999999999613e-01 9.493000000000000327e-01
9.438999999999999613e-01 9.495000000000000107e-01
9.438999999999999613e-01 9.497999999999999776e-01
9.438999999999999613e-01 9.497999999999999776e-01
9.438999999999999613e-01 9.494000000000000217e-01
9.438999999999999613e-01 9.499999999999999556e-01
9.438999999999999613e-01 9.498999999999999666e-01
9.438999999999999613e-01 9.498999999999999666e-01
9.438999999999999613e-01 9.503000000000000336e-01
9.438999999999999613e-01 9.497999999999999776e-01
9.438999999999999613e-01 9.498999999999999666e-01
9.439999999999999503e-01 9.500999999999999446e-01
9.439999999999999503e-01 9.493000000000000327e-01
9.439999999999999503e-01 9.500999999999999446e-01
9.439999999999999503e-01 9.495000000000000107e-01
9.438999999999999613e-01 9.496999999999999886e-01
9.438999999999999613e-01 9.499999999999999556e-01
9.439999999999999503e-01 9.499999999999999556e-01
9.439999999999999503e-01 9.502000000000000446e-01
9.439999999999999503e-01 9.505000000000000115e-01
9.439999999999999503e-01 9.497999999999999776e-01
9.439999999999999503e-01 9.493000000000000327e-01
9.439999999999999503e-01 9.494000000000000217e-01
9.439999999999999503e-01 9.495999999999999996e-01
9.441000000000000503e-01 9.495000000000000107e-01
9.441000000000000503e-01 9.488999999999999657e-01
9.441000000000000503e-01 9.492000000000000437e-01
9.441000000000000503e-01 9.489999999999999547e-01
9.441000000000000503e-01 9.488999999999999657e-01
9.439999999999999503e-01 9.497999999999999776e-01
9.441000000000000503e-01 9.495999999999999996e-01
9.439999999999999503e-01 9.503000000000000336e-01
9.441000000000000503e-01 9.496999999999999886e-01
9.442000000000000393e-01 9.500999999999999446e-01
9.442000000000000393e-01 9.498999999999999666e-01
9.442000000000000393e-01 9.502000000000000446e-01
9.442000000000000393e-01 9.500999999999999446e-01
9.441000000000000503e-01 9.499999999999999556e-01
9.441000000000000503e-01 9.496999999999999886e-01
9.441000000000000503e-01 9.495000000000000107e-01
9.441000000000000503e-01 9.493000000000000327e-01
9.441000000000000503e-01 9.493000000000000327e-01
9.441000000000000503e-01 9.494000000000000217e-01
9.441000000000000503e-01 9.494000000000000217e-01
9.439999999999999503e-01 9.495000000000000107e-01
9.438999999999999613e-01 9.495000000000000107e-01
9.438999999999999613e-01 9.497999999999999776e-01
9.438999999999999613e-01 9.497999999999999776e-01
9.438999999999999613e-01 9.502000000000000446e-01
9.437999999999999723e-01 9.500999999999999446e-01
9.438999999999999613e-01 9.503000000000000336e-01
9.438999999999999613e-01 9.498999999999999666e-01
9.437999999999999723e-01 9.502000000000000446e-01
9.437999999999999723e-01 9.504000000000000226e-01
9.437999999999999723e-01 9.507999999999999785e-01
9.437999999999999723e-01 9.509999999999999565e-01
9.436999999999999833e-01 9.506999999999999895e-01
9.437999999999999723e-01 9.504000000000000226e-01
9.437999999999999723e-01 9.505000000000000115e-01
9.437999999999999723e-01 9.506999999999999895e-01
9.438999999999999613e-01 9.502000000000000446e-01
9.438999999999999613e-01 9.497999999999999776e-01
9.438999999999999613e-01 9.495999999999999996e-01
9.438999999999999613e-01 9.494000000000000217e-01
9.438999999999999613e-01 9.499999999999999556e-01
9.437999999999999723e-01 9.493000000000000327e-01
9.436999999999999833e-01 9.494000000000000217e-01
9.436999999999999833e-01 9.495999999999999996e-01
9.436999999999999833e-01 9.495999999999999996e-01
9.436999999999999833e-01 9.497999999999999776e-01
9.436999999999999833e-01 9.487999999999999767e-01
9.436999999999999833e-01 9.487999999999999767e-01
9.436999999999999833e-01 9.492000000000000437e-01
9.436999999999999833e-01 9.488999999999999657e-01
9.435999999999999943e-01 9.491000000000000547e-01
9.435999999999999943e-01 9.489999999999999547e-01
9.435000000000000053e-01 9.487999999999999767e-01
9.435000000000000053e-01 9.492000000000000437e-01
9.435000000000000053e-01 9.494000000000000217e-01
9.434000000000000163e-01 9.491000000000000547e-01
9.434000000000000163e-01 9.495000000000000107e-01
9.432000000000000384e-01 9.488999999999999657e-01
9.433000000000000274e-01 9.492000000000000437e-01
9.432000000000000384e-01 9.489999999999999547e-01
9.432000000000000384e-01 9.492000000000000437e-01
9.432000000000000384e-01 9.489999999999999547e-01
9.432000000000000384e-01 9.491000000000000547e-01
9.432000000000000384e-01 9.489999999999999547e-01
9.432000000000000384e-01 9.488999999999999657e-01
9.432000000000000384e-01 9.493000000000000327e-01
9.433000000000000274e-01 9.494000000000000217e-01
9.433000000000000274e-01 9.492000000000000437e-01
9.433000000000000274e-01 9.496999999999999886e-01
9.432000000000000384e-01 9.489999999999999547e-01
9.432000000000000384e-01 9.489999999999999547e-01
9.431000000000000494e-01 9.491000000000000547e-01
9.431000000000000494e-01 9.485999999999999988e-01
9.432000000000000384e-01 9.485000000000000098e-01
9.432000000000000384e-01 9.477999999999999758e-01
9.432000000000000384e-01 9.481000000000000538e-01
9.431000000000000494e-01 9.485000000000000098e-01
9.429999999999999494e-01 9.485000000000000098e-01
9.431000000000000494e-01 9.491000000000000547e-01
9.431000000000000494e-01 9.492000000000000437e-01
9.431000000000000494e-01 9.487999999999999767e-01
9.431000000000000494e-01 9.489999999999999547e-01
9.432000000000000384e-01 9.484000000000000208e-01
9.431000000000000494e-01 9.486999999999999877e-01
9.429999999999999494e-01 9.483000000000000318e-01
9.429999999999999494e-01 9.485000000000000098e-01
9.429999999999999494e-01 9.485000000000000098e-01
9.428999999999999604e-01 9.486999999999999877e-01
9.428999999999999604e-01 9.489999999999999547e-01
9.431000000000000494e-01 9.489999999999999547e-01
9.431000000000000494e-01 9.488999999999999657e-01
9.429999999999999494e-01 9.488999999999999657e-01
9.429999999999999494e-01 9.489999999999999547e-01
9.431000000000000494e-01 9.496999999999999886e-01
9.431000000000000494e-01 9.498999999999999666e-01
9.431000000000000494e-01 9.498999999999999666e-01
9.431000000000000494e-01 9.495000000000000107e-01
9.431000000000000494e-01 9.492000000000000437e-01
9.431000000000000494e-01 9.485999999999999988e-01
9.431000000000000494e-01 9.488999999999999657e-01
9.431000000000000494e-01 9.487999999999999767e-01
9.429999999999999494e-01 9.487999999999999767e-01
9.429999999999999494e-01 9.488999999999999657e-01
9.429999999999999494e-01 9.485999999999999988e-01
9.431000000000000494e-01 9.485999999999999988e-01
9.432000000000000384e-01 9.483000000000000318e-01
9.432000000000000384e-01 9.484000000000000208e-01
9.432000000000000384e-01 9.486999999999999877e-01
9.432000000000000384e-01 9.487999999999999767e-01
9.431000000000000494e-01 9.488999999999999657e-01
9.431000000000000494e-01 9.493000000000000327e-01
9.431000000000000494e-01 9.493000000000000327e-01
9.431000000000000494e-01 9.498999999999999666e-01
9.431000000000000494e-01 9.495999999999999996e-01
9.431000000000000494e-01 9.497999999999999776e-01
9.431000000000000494e-01 9.498999999999999666e-01
9.431000000000000494e-01 9.503000000000000336e-01
9.431000000000000494e-01 9.500999999999999446e-01
9.431000000000000494e-01 9.497999999999999776e-01
9.431000000000000494e-01 9.489999999999999547e-01
9.431000000000000494e-01 9.495999999999999996e-01
9.431000000000000494e-01 9.494000000000000217e-01
9.431000000000000494e-01 9.500999999999999446e-01
9.431000000000000494e-01 9.499999999999999556e-01
9.431000000000000494e-01 9.496999999999999886e-01
9.431000000000000494e-01 9.495000000000000107e-01
9.431000000000000494e-01 9.496999999999999886e-01
9.431000000000000494e-01 9.500999999999999446e-01
9.431000000000000494e-01 9.500999999999999446e-01
9.431000000000000494e-01 9.499999999999999556e-01
9.431000000000000494e-01 9.504000000000000226e-01
9.431000000000000494e-01 9.499999999999999556e-01
9.431000000000000494e-01 9.503000000000000336e-01
9.431000000000000494e-01 9.503000000000000336e-01
9.431000000000000494e-01 9.502000000000000446e-01
9.431000000000000494e-01 9.498999999999999666e-01
9.431000000000000494e-01 9.500999999999999446e-01
9.431000000000000494e-01 9.506999999999999895e-01
9.429999999999999494e-01 9.507999999999999785e-01
9.429999999999999494e-01 9.512000000000000455e-01
9.429999999999999494e-01 9.509999999999999565e-01
9.429999999999999494e-01 9.508999999999999675e-01
9.429999999999999494e-01 9.513000000000000345e-01
9.429999999999999494e-01 9.506000000000000005e-01
9.429999999999999494e-01 9.508999999999999675e-01
9.429999999999999494e-01 9.508999999999999675e-01
9.428999999999999604e-01 9.506999999999999895e-01
9.428999999999999604e-01 9.505000000000000115e-01
9.428999999999999604e-01 9.506000000000000005e-01
9.428999999999999604e-01 9.506999999999999895e-01
9.428999999999999604e-01 9.508999999999999675e-01
9.428999999999999604e-01 9.509999999999999565e-01
9.428999999999999604e-01 9.506999999999999895e-01
9.428999999999999604e-01 9.506999999999999895e-01
9.429999999999999494e-01 9.504000000000000226e-01
9.428999999999999604e-01 9.500999999999999446e-01
9.427999999999999714e-01 9.498999999999999666e-01
9.427999999999999714e-01 9.499999999999999556e-01
9.427999999999999714e-01 9.498999999999999666e-01
9.427999999999999714e-01 9.489999999999999547e-01
9.427999999999999714e-01 9.491000000000000547e-01
9.427999999999999714e-01 9.492000000000000437e-01
9.429999999999999494e-01 9.492000000000000437e-01
9.428999999999999604e-01 9.500999999999999446e-01
9.429999999999999494e-01 9.493000000000000327e-01
9.427999999999999714e-01 9.495999999999999996e-01
9.428999999999999604e-01 9.494000000000000217e-01
9.428999999999999604e-01 9.499999999999999556e-01
9.428999999999999604e-01 9.499999999999999556e-01
9.429999999999999494e-01 9.500999999999999446e-01
9.431000000000000494e-01 9.499999999999999556e-01
9.431000000000000494e-01 9.503000000000000336e-01
9.429999999999999494e-01 9.506999999999999895e-01
9.429999999999999494e-01 9.502000000000000446e-01
9.431000000000000494e-01 9.499999999999999556e-01
9.431000000000000494e-01 9.499999999999999556e-01
9.429999999999999494e-01 9.503000000000000336e-01
9.429999999999999494e-01 9.496999999999999886e-01
9.431000000000000494e-01 9.496999999999999886e-01
9.431000000000000494e-01 9.493000000000000327e-01
9.429999999999999494e-01 9.496999999999999886e-01
9.429999999999999494e-01 9.500999999999999446e-01
9.429999999999999494e-01 9.500999999999999446e-01
9.429999999999999494e-01 9.500999999999999446e-01
9.428999999999999604e-01 9.498999999999999666e-01
9.428999999999999604e-01 9.506000000000000005e-01
9.428999999999999604e-01 9.504000000000000226e-01
9.429999999999999494e-01 9.503000000000000336e-01
9.429999999999999494e-01 9.498999999999999666e-01
9.428999999999999604e-01 9.502000000000000446e-01
9.429999999999999494e-01 9.504000000000000226e-01
9.427999999999999714e-01 9.504000000000000226e-01
9.427999999999999714e-01 9.504000000000000226e-01
9.427999999999999714e-01 9.500999999999999446e-01
9.428999999999999604e-01 9.506999999999999895e-01
9.428999999999999604e-01 9.506999999999999895e-01
9.426999999999999824e-01 9.507999999999999785e-01
9.426999999999999824e-01 9.509999999999999565e-01
9.426999999999999824e-01 9.506000000000000005e-01
9.427999999999999714e-01 9.504000000000000226e-01
9.427999999999999714e-01 9.504000000000000226e-01
9.427999999999999714e-01 9.498999999999999666e-01
9.427999999999999714e-01 9.507999999999999785e-01
9.426999999999999824e-01 9.509999999999999565e-01
9.427999999999999714e-01 9.509999999999999565e-01
9.426999999999999824e-01 9.508999999999999675e-01
9.427999999999999714e-01 9.504000000000000226e-01
9.427999999999999714e-01 9.496999999999999886e-01
9.427999999999999714e-01 9.494000000000000217e-01
9.427999999999999714e-01 9.495999999999999996e-01
9.426999999999999824e-01 9.499999999999999556e-01
9.425999999999999934e-01 9.496999999999999886e-01
9.425999999999999934e-01 9.496999999999999886e-01
9.427999999999999714e-01 9.500999999999999446e-01
9.427999999999999714e-01 9.499999999999999556e-01
9.428999999999999604e-01 9.500999999999999446e-01
9.428999999999999604e-01 9.503000000000000336e-01
9.428999999999999604e-01 9.506000000000000005e-01
9.428999999999999604e-01 9.502000000000000446e-01
9.428999999999999604e-01 9.504000000000000226e-01
9.428999999999999604e-01 9.503000000000000336e-01
9.428999999999999604e-01 9.502000000000000446e-01
9.428999999999999604e-01 9.503000000000000336e-01
9.428999999999999604e-01 9.502000000000000446e-01
9.428999999999999604e-01 9.509999999999999565e-01
9.428999999999999604e-01 9.513000000000000345e-01
9.428999999999999604e-01 9.515000000000000124e-01
9.428999999999999604e-01 9.515000000000000124e-01
9.428999999999999604e-01 9.507999999999999785e-01
9.426999999999999824e-01 9.508999999999999675e-01
9.426999999999999824e-01 9.507999999999999785e-01
9.426999999999999824e-01 9.508999999999999675e-01
9.427999999999999714e-01 9.512000000000000455e-01
9.427999999999999714e-01 9.510999999999999455e-01
9.429999999999999494e-01 9.516000000000000014e-01
9.428999999999999604e-01 9.514000000000000234e-01
9.428999999999999604e-01 9.510999999999999455e-01
9.428999999999999604e-01 9.507999999999999785e-01
9.427999999999999714e-01 9.508999999999999675e-01
9.427999999999999714e-01 9.517999999999999794e-01
9.427999999999999714e-01 9.510999999999999455e-01
9.427999999999999714e-01 9.512000000000000455e-01
9.427999999999999714e-01 9.509999999999999565e-01
9.428999999999999604e-01 9.513000000000000345e-01
9.428999999999999604e-01 9.508999999999999675e-01
9.428999999999999604e-01 9.509999999999999565e-01
9.429999999999999494e-01 9.512000000000000455e-01
9.429999999999999494e-01 9.516000000000000014e-01
9.429999999999999494e-01 9.516000000000000014e-01
9.429999999999999494e-01 9.515000000000000124e-01
9.429999999999999494e-01 9.518999999999999684e-01
9.429999999999999494e-01 9.515000000000000124e-01
9.429999999999999494e-01 9.517999999999999794e-01
9.428999999999999604e-01 9.518999999999999684e-01
9.428999999999999604e-01 9.516999999999999904e-01
9.429999999999999494e-01 9.516999999999999904e-01
9.432000000000000384e-01 9.516999999999999904e-01
9.432000000000000384e-01 9.510999999999999455e-01
9.432000000000000384e-01 9.507999999999999785e-01
9.431000000000000494e-01 9.507999999999999785e-01
9.431000000000000494e-01 9.512000000000000455e-01
9.432000000000000384e-01 9.508999999999999675e-01
9.433000000000000274e-01 9.513000000000000345e-01
9.433000000000000274e-01 9.516000000000000014e-01
9.433000000000000274e-01 9.515000000000000124e-01
9.433000000000000274e-01 9.506000000000000005e-01
9.432000000000000384e-01 9.504000000000000226e-01
9.432000000000000384e-01 9.506999999999999895e-01
9.432000000000000384e-01 9.500999999999999446e-01
9.432000000000000384e-01 9.504000000000000226e-01
9.432000000000000384e-01 9.508999999999999675e-01
9.433000000000000274e-01 9.507999999999999785e-01
9.433000000000000274e-01 9.506999999999999895e-01
9.433000000000000274e-01 9.502000000000000446e-01
9.433000000000000274e-01 9.500999999999999446e-01
9.433000000000000274e-01 9.505000000000000115e-01
9.432000000000000384e-01 9.499999999999999556e-01
9.432000000000000384e-01 9.506000000000000005e-01
9.433000000000000274e-01 9.506999999999999895e-01
9.433000000000000274e-01 9.506999999999999895e-01
9.433000000000000274e-01 9.508999999999999675e-01
9.434000000000000163e-01 9.509999999999999565e-01
9.432000000000000384e-01 9.499999999999999556e-01
9.432000000000000384e-01 9.495999999999999996e-01
9.432000000000000384e-01 9.498999999999999666e-01
9.432000000000000384e-01 9.502000000000000446e-01
9.433000000000000274e-01 9.497999999999999776e-01
9.433000000000000274e-01 9.502000000000000446e-01
9.432000000000000384e-01 9.496999999999999886e-01
9.432000000000000384e-01 9.495999999999999996e-01
9.432000000000000384e-01 9.495000000000000107e-01
9.432000000000000384e-01 9.498999999999999666e-01
9.432000000000000384e-01 9.500999999999999446e-01
9.433000000000000274e-01 9.503000000000000336e-01
9.433000000000000274e-01 9.506000000000000005e-01
9.433000000000000274e-01 9.505000000000000115e-01
9.433000000000000274e-01 9.500999999999999446e-01
9.434000000000000163e-01 9.502000000000000446e-01
9.434000000000000163e-01 9.504000000000000226e-01
9.435000000000000053e-01 9.505000000000000115e-01
9.435000000000000053e-01 9.507999999999999785e-01
9.435000000000000053e-01 9.506000000000000005e-01
9.435000000000000053e-01 9.505000000000000115e-01
9.434000000000000163e-01 9.506999999999999895e-01
9.435999999999999943e-01 9.504000000000000226e-01
9.435999999999999943e-01 9.500999999999999446e-01
9.435000000000000053e-01 9.498999999999999666e-01
9.435000000000000053e-01 9.500999999999999446e-01
9.435000000000000053e-01 9.503000000000000336e-01
9.435000000000000053e-01 9.499999999999999556e-01
9.435000000000000053e-01 9.497999999999999776e-01
9.435000000000000053e-01 9.494000000000000217e-01
9.435000000000000053e-01 9.498999999999999666e-01
9.435000000000000053e-01 9.494000000000000217e-01
9.435000000000000053e-01 9.496999999999999886e-01
9.435000000000000053e-01 9.496999999999999886e-01
9.435000000000000053e-01 9.491000000000000547e-01
9.435000000000000053e-01 9.491000000000000547e-01
9.435000000000000053e-01 9.491000000000000547e-01
9.435000000000000053e-01 9.494000000000000217e-01
9.435000000000000053e-01 9.496999999999999886e-01
9.435000000000000053e-01 9.494000000000000217e-01
9.435000000000000053e-01 9.493000000000000327e-01
9.435999999999999943e-01 9.496999999999999886e-01
9.435000000000000053e-01 9.496999999999999886e-01
9.435000000000000053e-01 9.496999999999999886e-01
9.435000000000000053e-01 9.496999999999999886e-01
9.435000000000000053e-01 9.499999999999999556e-01
9.435000000000000053e-01 9.497999999999999776e-01
9.435000000000000053e-01 9.495999999999999996e-01
9.435000000000000053e-01 9.496999999999999886e-01
9.435000000000000053e-01 9.495999999999999996e-01
9.434000000000000163e-01 9.502000000000000446e-01
9.434000000000000163e-01 9.497999999999999776e-01
9.434000000000000163e-01 9.498999999999999666e-01
9.434000000000000163e-01 9.495999999999999996e-01
9.434000000000000163e-01 9.497999999999999776e-01
9.434000000000000163e-01 9.502000000000000446e-01
9.434000000000000163e-01 9.502000000000000446e-01
9.434000000000000163e-01 9.496999999999999886e-01
9.434000000000000163e-01 9.494000000000000217e-01
9.434000000000000163e-01 9.495999999999999996e-01
9.434000000000000163e-01 9.500999999999999446e-01
9.434000000000000163e-01 9.498999999999999666e-01
9.434000000000000163e-01 9.498999999999999666e-01
9.434000000000000163e-01 9.502000000000000446e-01
9.434000000000000163e-01 9.497999999999999776e-01
9.435000000000000053e-01 9.498999999999999666e-01
9.435000000000000053e-01 9.503000000000000336e-01
9.435000000000000053e-01 9.498999999999999666e-01
9.435000000000000053e-01 9.503000000000000336e-01
9.434000000000000163e-01 9.502000000000000446e-01
9.434000000000000163e-01 9.496999999999999886e-01
9.434000000000000163e-01 9.495999999999999996e-01
9.434000000000000163e-01 9.497999999999999776e-01
9.435000000000000053e-01 9.497999999999999776e-01
9.435000000000000053e-01 9.498999999999999666e-01
9.434000000000000163e-01 9.500999999999999446e-01
9.433000000000000274e-01 9.495999999999999996e-01
9.433000000000000274e-01 9.495000000000000107e-01
9.433000000000000274e-01 9.493000000000000327e-01
9.433000000000000274e-01 9.492000000000000437e-01
9.433000000000000274e-01 9.489999999999999547e-01
9.433000000000000274e-01 9.493000000000000327e-01
9.433000000000000274e-01 9.488999999999999657e-01
9.433000000000000274e-01 9.488999999999999657e-01
9.433000000000000274e-01 9.488999999999999657e-01
9.433000000000000274e-01 9.486999999999999877e-01
9.434000000000000163e-01 9.486999999999999877e-01
9.434000000000000163e-01 9.488999999999999657e-01
9.434000000000000163e-01 9.491000000000000547e-01
9.434000000000000163e-01 9.485999999999999988e-01
9.434000000000000163e-01 9.495000000000000107e-01
9.434000000000000163e-01 9.492000000000000437e-01
9.434000000000000163e-01 9.494000000000000217e-01
9.434000000000000163e-01 9.495999999999999996e-01
9.434000000000000163e-01 9.495999999999999996e-01
9.434000000000000163e-01 9.495999999999999996e-01
9.434000000000000163e-01 9.493000000000000327e-01
9.434000000000000163e-01 9.492000000000000437e-01
9.434000000000000163e-01 9.496999999999999886e-01
9.434000000000000163e-01 9.491000000000000547e-01
9.434000000000000163e-01 9.491000000000000547e-01
9.434000000000000163e-01 9.487999999999999767e-01
9.434000000000000163e-01 9.495000000000000107e-01
9.434000000000000163e-01 9.486999999999999877e-01
9.434000000000000163e-01 9.483000000000000318e-01
9.434000000000000163e-01 9.485000000000000098e-01
9.435000000000000053e-01 9.486999999999999877e-01
9.435000000000000053e-01 9.493000000000000327e-01
9.435000000000000053e-01 9.491000000000000547e-01
9.435000000000000053e-01 9.491000000000000547e-01
9.434000000000000163e-01 9.492000000000000437e-01
9.434000000000000163e-01 9.487999999999999767e-01
9.434000000000000163e-01 9.492000000000000437e-01
9.434000000000000163e-01 9.487999999999999767e-01
9.434000000000000163e-01 9.491000000000000547e-01
9.434000000000000163e-01 9.486999999999999877e-01
9.434000000000000163e-01 9.488999999999999657e-01
9.434000000000000163e-01 9.485999999999999988e-01
9.434000000000000163e-01 9.482000000000000428e-01
9.434000000000000163e-01 9.494000000000000217e-01
9.434000000000000163e-01 9.486999999999999877e-01
9.434000000000000163e-01 9.478999999999999648e-01
9.433000000000000274e-01 9.482000000000000428e-01
9.433000000000000274e-01 9.485000000000000098e-01
9.433000000000000274e-01 9.479999999999999538e-01
9.433000000000000274e-01 9.485000000000000098e-01
9.433000000000000274e-01 9.482000000000000428e-01
9.432000000000000384e-01 9.482000000000000428e-01
9.432000000000000384e-01 9.484000000000000208e-01
9.433000000000000274e-01 9.481000000000000538e-01
9.433000000000000274e-01 9.482000000000000428e-01
9.433000000000000274e-01 9.486999999999999877e-01
9.433000000000000274e-01 9.487999999999999767e-01
9.433000000000000274e-01 9.485999999999999988e-01
9.433000000000000274e-01 9.485000000000000098e-01
9.433000000000000274e-01 9.484000000000000208e-01
9.433000000000000274e-01 9.479999999999999538e-01
9.433000000000000274e-01 9.483000000000000318e-01
9.432000000000000384e-01 9.481000000000000538e-01
9.433000000000000274e-01 9.481000000000000538e-01
9.433000000000000274e-01 9.485999999999999988e-01
9.433000000000000274e-01 9.481000000000000538e-01
9.433000000000000274e-01 9.478999999999999648e-01
9.433000000000000274e-01 9.483000000000000318e-01
9.434000000000000163e-01 9.485000000000000098e-01
9.434000000000000163e-01 9.485000000000000098e-01
9.435000000000000053e-01 9.492000000000000437e-01
9.435999999999999943e-01 9.487999999999999767e-01
9.435000000000000053e-01 9.484000000000000208e-01
9.435000000000000053e-01 9.485999999999999988e-01
9.435000000000000053e-01 9.482000000000000428e-01
9.435000000000000053e-01 9.488999999999999657e-01
9.435000000000000053e-01 9.488999999999999657e-01
9.435000000000000053e-01 9.493000000000000327e-01
9.435000000000000053e-01 9.492000000000000437e-01
9.435000000000000053e-01 9.493000000000000327e-01
9.435000000000000053e-01 9.487999999999999767e-01
9.435000000000000053e-01 9.492000000000000437e-01
9.435000000000000053e-01 9.484000000000000208e-01
9.435000000000000053e-01 9.488999999999999657e-01
9.435000000000000053e-01 9.488999999999999657e-01
9.435999999999999943e-01 9.485000000000000098e-01
9.435999999999999943e-01 9.487999999999999767e-01
9.436999999999999833e-01 9.485000000000000098e-01
9.436999999999999833e-01 9.485000000000000098e-01
9.436999999999999833e-01 9.492000000000000437e-01
9.436999999999999833e-01 9.487999999999999767e-01
9.436999999999999833e-01 9.485999999999999988e-01
9.435000000000000053e-01 9.483000000000000318e-01
9.435000000000000053e-01 9.477999999999999758e-01
9.435000000000000053e-01 9.487999999999999767e-01
9.435000000000000053e-01 9.476999999999999869e-01
9.435999999999999943e-01 9.474000000000000199e-01
9.435999999999999943e-01 9.477999999999999758e-01
9.435999999999999943e-01 9.482000000000000428e-01
9.435000000000000053e-01 9.485000000000000098e-01
9.435000000000000053e-01 9.484000000000000208e-01
9.435000000000000053e-01 9.483000000000000318e-01
9.435000000000000053e-01 9.481000000000000538e-01
9.435000000000000053e-01 9.482000000000000428e-01
9.435000000000000053e-01 9.484000000000000208e-01
9.435000000000000053e-01 9.488999999999999657e-01
9.435000000000000053e-01 9.482000000000000428e-01
9.435000000000000053e-01 9.482000000000000428e-01
9.435000000000000053e-01 9.485000000000000098e-01
9.435000000000000053e-01 9.477999999999999758e-01
9.435000000000000053e-01 9.479999999999999538e-01
9.435000000000000053e-01 9.475999999999999979e-01
9.435000000000000053e-01 9.482000000000000428e-01
9.435000000000000053e-01 9.483000000000000318e-01
9.434000000000000163e-01 9.477999999999999758e-01
9.434000000000000163e-01 9.476999999999999869e-01
9.434000000000000163e-01 9.475000000000000089e-01
9.434000000000000163e-01 9.477999999999999758e-01
9.434000000000000163e-01 9.479999999999999538e-01
9.434000000000000163e-01 9.482000000000000428e-01
9.434000000000000163e-01 9.484000000000000208e-01
9.434000000000000163e-01 9.487999999999999767e-01
9.434000000000000163e-01 9.487999999999999767e-01
9.434000000000000163e-01 9.491000000000000547e-01
9.434000000000000163e-01 9.485000000000000098e-01
9.434000000000000163e-01 9.491000000000000547e-01
9.434000000000000163e-01 9.491000000000000547e-01
9.434000000000000163e-01 9.493000000000000327e-01
9.434000000000000163e-01 9.494000000000000217e-01
9.434000000000000163e-01 9.497999999999999776e-01
9.435000000000000053e-01 9.486999999999999877e-01
9.435000000000000053e-01 9.495000000000000107e-01
9.435000000000000053e-01 9.496999999999999886e-01
9.434000000000000163e-01 9.496999999999999886e-01
9.433000000000000274e-01 9.502000000000000446e-01
9.432000000000000384e-01 9.504000000000000226e-01
9.432000000000000384e-01 9.509999999999999565e-01
9.432000000000000384e-01 9.498999999999999666e-01
9.432000000000000384e-01 9.492000000000000437e-01
9.432000000000000384e-01 9.492000000000000437e-01
9.432000000000000384e-01 9.483000000000000318e-01
9.431000000000000494e-01 9.493000000000000327e-01
9.432000000000000384e-01 9.488999999999999657e-01
9.432000000000000384e-01 9.486999999999999877e-01
9.431000000000000494e-01 9.481000000000000538e-01
9.431000000000000494e-01 9.482000000000000428e-01
9.431000000000000494e-01 9.484000000000000208e-01
9.432000000000000384e-01 9.489999999999999547e-01
9.431000000000000494e-01 9.487999999999999767e-01
9.431000000000000494e-01 9.487999999999999767e-01
9.431000000000000494e-01 9.491000000000000547e-01
9.431000000000000494e-01 9.487999999999999767e-01
9.431000000000000494e-01 9.486999999999999877e-01
9.431000000000000494e-01 9.485000000000000098e-01
9.431000000000000494e-01 9.485000000000000098e-01
9.429999999999999494e-01 9.478999999999999648e-01
9.431000000000000494e-01 9.479999999999999538e-01
9.431000000000000494e-01 9.485000000000000098e-01
9.432000000000000384e-01 9.483000000000000318e-01
9.432000000000000384e-01 9.485000000000000098e-01
9.432000000000000384e-01 9.486999999999999877e-01
9.432000000000000384e-01 9.486999999999999877e-01
9.432000000000000384e-01 9.483000000000000318e-01
9.432000000000000384e-01 9.486999999999999877e-01
9.432000000000000384e-01 9.492000000000000437e-01
9.432000000000000384e-01 9.487999999999999767e-01
9.432000000000000384e-01 9.493000000000000327e-01
9.432000000000000384e-01 9.494000000000000217e-01
9.432000000000000384e-01 9.493000000000000327e-01
9.432000000000000384e-01 9.488999999999999657e-01
9.433000000000000274e-01 9.495999999999999996e-01
9.432000000000000384e-01 9.496999999999999886e-01
9.432000000000000384e-01 9.496999999999999886e-01
9.432000000000000384e-01 9.498999999999999666e-01
9.432000000000000384e-01 9.492000000000000437e-01
9.432000000000000384e-01 9.488999999999999657e-01
9.432000000000000384e-01 9.492000000000000437e-01
9.432000000000000384e-01 9.487999999999999767e-01
9.432000000000000384e-01 9.497999999999999776e-01
9.432000000000000384e-01 9.495999999999999996e-01
9.433000000000000274e-01 9.493000000000000327e-01
9.433000000000000274e-01 9.493000000000000327e-01
9.433000000000000274e-01 9.494000000000000217e-01
9.433000000000000274e-01 9.487999999999999767e-01
9.433000000000000274e-01 9.492000000000000437e-01
9.433000000000000274e-01 9.489999999999999547e-01
9.434000000000000163e-01 9.486999999999999877e-01
9.434000000000000163e-01 9.492000000000000437e-01
9.434000000000000163e-01 9.499999999999999556e-01
9.434000000000000163e-01 9.500999999999999446e-01
9.433000000000000274e-01 9.492000000000000437e-01
9.432000000000000384e-01 9.493000000000000327e-01
9.433000000000000274e-01 9.493000000000000327e-01
9.434000000000000163e-01 9.495999999999999996e-01
9.434000000000000163e-01 9.495999999999999996e-01
9.434000000000000163e-01 9.494000000000000217e-01
9.435000000000000053e-01 9.486999999999999877e-01
9.435000000000000053e-01 9.488999999999999657e-01
9.435000000000000053e-01 9.483000000000000318e-01
9.435000000000000053e-01 9.491000000000000547e-01
9.435000000000000053e-01 9.493000000000000327e-01
9.435000000000000053e-01 9.487999999999999767e-01
9.435000000000000053e-01 9.486999999999999877e-01
9.435000000000000053e-01 9.485999999999999988e-01
9.435000000000000053e-01 9.483000000000000318e-01
9.435000000000000053e-01 9.478999999999999648e-01
9.435000000000000053e-01 9.482000000000000428e-01
9.435000000000000053e-01 9.478999999999999648e-01
9.435000000000000053e-01 9.475999999999999979e-01
9.435000000000000053e-01 9.475999999999999979e-01
9.435000000000000053e-01 9.477999999999999758e-01
9.435000000000000053e-01 9.484000000000000208e-01
9.435000000000000053e-01 9.485000000000000098e-01
9.435000000000000053e-01 9.487999999999999767e-01
9.435000000000000053e-01 9.485999999999999988e-01
9.434000000000000163e-01 9.482000000000000428e-01
9.434000000000000163e-01 9.482000000000000428e-01
9.434000000000000163e-01 9.485000000000000098e-01
9.434000000000000163e-01 9.487999999999999767e-01
9.434000000000000163e-01 9.483000000000000318e-01
9.434000000000000163e-01 9.478999999999999648e-01
9.434000000000000163e-01 9.481000000000000538e-01
9.434000000000000163e-01 9.483000000000000318e-01
9.435000000000000053e-01 9.481000000000000538e-01
9.435000000000000053e-01 9.482000000000000428e-01
9.434000000000000163e-01 9.479999999999999538e-01
9.434000000000000163e-01 9.477999999999999758e-01
9.434000000000000163e-01 9.473000000000000309e-01
9.434000000000000163e-01 9.472000000000000419e-01
9.435000000000000053e-01 9.475999999999999979e-01
9.435000000000000053e-01 9.473000000000000309e-01
9.435000000000000053e-01 9.473000000000000309e-01
9.435000000000000053e-01 9.475000000000000089e-01
9.435000000000000053e-01 9.473000000000000309e-01
9.435000000000000053e-01 9.468999999999999639e-01
9.435000000000000053e-01 9.476999999999999869e-01
9.435000000000000053e-01 9.479999999999999538e-01
9.435000000000000053e-01 9.485000000000000098e-01
9.435000000000000053e-01 9.482000000000000428e-01
9.436999999999999833e-01 9.487999999999999767e-01
9.435999999999999943e-01 9.492000000000000437e-01
9.435999999999999943e-01 9.486999999999999877e-01
9.435999999999999943e-01 9.485000000000000098e-01
9.435999999999999943e-01 9.479999999999999538e-01
9.435000000000000053e-01 9.483000000000000318e-01
9.434000000000000163e-01 9.486999999999999877e-01
9.434000000000000163e-01 9.489999999999999547e-01
9.434000000000000163e-01 9.491000000000000547e-01
9.434000000000000163e-01 9.486999999999999877e-01
9.434000000000000163e-01 9.492000000000000437e-01
9.433000000000000274e-01 9.493000000000000327e-01
9.433000000000000274e-01 9.492000000000000437e-01
9.434000000000000163e-01 9.495000000000000107e-01
9.433000000000000274e-01 9.487999999999999767e-01
9.434000000000000163e-01 9.487999999999999767e-01
9.433000000000000274e-01 9.489999999999999547e-01
9.434000000000000163e-01 9.491000000000000547e-01
9.433000000000000274e-01 9.492000000000000437e-01
9.433000000000000274e-01 9.491000000000000547e-01
9.434000000000000163e-01 9.494000000000000217e-01
9.434000000000000163e-01 9.491000000000000547e-01
9.433000000000000274e-01 9.485000000000000098e-01
9.433000000000000274e-01 9.487999999999999767e-01
9.434000000000000163e-01 9.491000000000000547e-01
9.434000000000000163e-01 9.489999999999999547e-01
9.434000000000000163e-01 9.491000000000000547e-01
9.433000000000000274e-01 9.494000000000000217e-01
9.433000000000000274e-01 9.494000000000000217e-01
9.433000000000000274e-01 9.499999999999999556e-01
9.433000000000000274e-01 9.488999999999999657e-01
9.433000000000000274e-01 9.494000000000000217e-01
9.433000000000000274e-01 9.500999999999999446e-01
9.433000000000000274e-01 9.496999999999999886e-01
9.434000000000000163e-01 9.500999999999999446e-01
9.434000000000000163e-01 9.497999999999999776e-01
9.434000000000000163e-01 9.498999999999999666e-01
9.433000000000000274e-01 9.494000000000000217e-01
9.433000000000000274e-01 9.497999999999999776e-01
9.433000000000000274e-01 9.503000000000000336e-01
9.432000000000000384e-01 9.502000000000000446e-01
9.432000000000000384e-01 9.504000000000000226e-01
9.431000000000000494e-01 9.506999999999999895e-01
9.431000000000000494e-01 9.514000000000000234e-01
9.431000000000000494e-01 9.514000000000000234e-01
9.431000000000000494e-01 9.507999999999999785e-01
9.431000000000000494e-01 9.509999999999999565e-01
9.431000000000000494e-01 9.508999999999999675e-01
9.431000000000000494e-01 9.509999999999999565e-01
9.431000000000000494e-01 9.512000000000000455e-01
9.431000000000000494e-01 9.508999999999999675e-01
9.431000000000000494e-01 9.508999999999999675e-01
9.431000000000000494e-01 9.510999999999999455e-01
9.431000000000000494e-01 9.513000000000000345e-01
9.431000000000000494e-01 9.514000000000000234e-01
9.431000000000000494e-01 9.507999999999999785e-01
9.431000000000000494e-01 9.506000000000000005e-01
9.431000000000000494e-01 9.506999999999999895e-01
9.431000000000000494e-01 9.509999999999999565e-01
9.431000000000000494e-01 9.512000000000000455e-01
9.431000000000000494e-01 9.508999999999999675e-01
9.431000000000000494e-01 9.507999999999999785e-01
9.429999999999999494e-01 9.509999999999999565e-01
9.429999999999999494e-01 9.513000000000000345e-01
9.429999999999999494e-01 9.504000000000000226e-01
9.429999999999999494e-01 9.506000000000000005e-01
9.428999999999999604e-01 9.506000000000000005e-01
9.428999999999999604e-01 9.504000000000000226e-01
9.429999999999999494e-01 9.506000000000000005e-01
9.429999999999999494e-01 9.502000000000000446e-01
9.429999999999999494e-01 9.500999999999999446e-01
9.428999999999999604e-01 9.498999999999999666e-01
9.429999999999999494e-01 9.495999999999999996e-01
9.429999999999999494e-01 9.493000000000000327e-01
9.429999999999999494e-01 9.487999999999999767e-01
9.428999999999999604e-01 9.491000000000000547e-01
9.429999999999999494e-01 9.496999999999999886e-01
9.429999999999999494e-01 9.494000000000000217e-01
9.429999999999999494e-01 9.492000000000000437e-01
9.429999999999999494e-01 9.495999999999999996e-01
9.429999999999999494e-01 9.495999999999999996e-01
9.429999999999999494e-01 9.498999999999999666e-01
9.429999999999999494e-01 9.498999999999999666e-01
9.428999999999999604e-01 9.495999999999999996e-01
9.428999999999999604e-01 9.492000000000000437e-01
9.428999999999999604e-01 9.489999999999999547e-01
9.428999999999999604e-01 9.492000000000000437e-01
9.428999999999999604e-01 9.491000000000000547e-01
9.428999999999999604e-01 9.494000000000000217e-01
9.428999999999999604e-01 9.491000000000000547e-01
9.428999999999999604e-01 9.489999999999999547e-01
9.429999999999999494e-01 9.487999999999999767e-01
9.428999999999999604e-01 9.487999999999999767e-01
9.428999999999999604e-01 9.485999999999999988e-01
9.428999999999999604e-01 9.485000000000000098e-01
9.428999999999999604e-01 9.489999999999999547e-01
9.428999999999999604e-01 9.488999999999999657e-01
9.428999999999999604e-01 9.489999999999999547e-01
9.428999999999999604e-01 9.489999999999999547e-01
9.428999999999999604e-01 9.493000000000000327e-01
9.428999999999999604e-01 9.495000000000000107e-01
9.428999999999999604e-01 9.492000000000000437e-01
9.429999999999999494e-01 9.493000000000000327e-01
9.428999999999999604e-01 9.486999999999999877e-01
9.428999999999999604e-01 9.487999999999999767e-01
9.429999999999999494e-01 9.487999999999999767e-01
9.428999999999999604e-01 9.494000000000000217e-01
9.427999999999999714e-01 9.495999999999999996e-01
9.428999999999999604e-01 9.495000000000000107e-01
9.428999999999999604e-01 9.494000000000000217e-01
9.428999999999999604e-01 9.489999999999999547e-01
9.428999999999999604e-01 9.487999999999999767e-01
9.428999999999999604e-01 9.488999999999999657e-01
9.428999999999999604e-01 9.485000000000000098e-01
9.428999999999999604e-01 9.483000000000000318e-01
9.428999999999999604e-01 9.486999999999999877e-01
9.427999999999999714e-01 9.485999999999999988e-01
9.427999999999999714e-01 9.486999999999999877e-01
9.428999999999999604e-01 9.487999999999999767e-01
9.428999999999999604e-01 9.485000000000000098e-01
9.428999999999999604e-01 9.481000000000000538e-01
9.428999999999999604e-01 9.485000000000000098e-01
9.428999999999999604e-01 9.484000000000000208e-01
9.428999999999999604e-01 9.482000000000000428e-01
9.428999999999999604e-01 9.489999999999999547e-01
9.428999999999999604e-01 9.484000000000000208e-01
9.428999999999999604e-01 9.485999999999999988e-01
9.428999999999999604e-01 9.483000000000000318e-01
9.428999999999999604e-01 9.485999999999999988e-01
9.428999999999999604e-01 9.486999999999999877e-01
9.429999999999999494e-01 9.486999999999999877e-01
9.429999999999999494e-01 9.483000000000000318e-01
9.429999999999999494e-01 9.487999999999999767e-01
9.429999999999999494e-01 9.478999999999999648e-01
9.429999999999999494e-01 9.484000000000000208e-01
9.431000000000000494e-01 9.482000000000000428e-01
9.431000000000000494e-01 9.484000000000000208e-01
9.431000000000000494e-01 9.485999999999999988e-01
9.431000000000000494e-01 9.481000000000000538e-01
9.431000000000000494e-01 9.479999999999999538e-01
9.428999999999999604e-01 9.478999999999999648e-01
9.427999999999999714e-01 9.478999999999999648e-01
9.427999999999999714e-01 9.483000000000000318e-01
9.427999999999999714e-01 9.485000000000000098e-01
9.428999999999999604e-01 9.484000000000000208e-01
9.427999999999999714e-01 9.486999999999999877e-01
9.428999999999999604e-01 9.481000000000000538e-01
9.427999999999999714e-01 9.478999999999999648e-01
9.427999999999999714e-01 9.482000000000000428e-01
9.427999999999999714e-01 9.485999999999999988e-01
9.427999999999999714e-01 9.484000000000000208e-01
9.427999999999999714e-01 9.483000000000000318e-01
9.427999999999999714e-01 9.481000000000000538e-01
9.427999999999999714e-01 9.485000000000000098e-01
9.427999999999999714e-01 9.486999999999999877e-01
9.428999999999999604e-01 9.486999999999999877e-01
9.428999999999999604e-01 9.484000000000000208e-01
9.429999999999999494e-01 9.485999999999999988e-01
9.429999999999999494e-01 9.484000000000000208e-01
9.429999999999999494e-01 9.485999999999999988e-01
9.428999999999999604e-01 9.481000000000000538e-01
9.428999999999999604e-01 9.484000000000000208e-01
9.427999999999999714e-01 9.485000000000000098e-01
9.427999999999999714e-01 9.486999999999999877e-01
9.427999999999999714e-01 9.486999999999999877e-01
9.427999999999999714e-01 9.486999999999999877e-01
9.428999999999999604e-01 9.492000000000000437e-01
9.428999999999999604e-01 9.494000000000000217e-01
9.428999999999999604e-01 9.492000000000000437e-01
9.428999999999999604e-01 9.491000000000000547e-01
9.428999999999999604e-01 9.485999999999999988e-01
9.428999999999999604e-01 9.489999999999999547e-01
9.428999999999999604e-01 9.494000000000000217e-01
9.427999999999999714e-01 9.498999999999999666e-01
9.427999999999999714e-01 9.492000000000000437e-01
9.427999999999999714e-01 9.494000000000000217e-01
9.427999999999999714e-01 9.493000000000000327e-01
9.427999999999999714e-01 9.495000000000000107e-01
9.427999999999999714e-01 9.495000000000000107e-01
9.427999999999999714e-01 9.495999999999999996e-01
9.427999999999999714e-01 9.497999999999999776e-01
9.429999999999999494e-01 9.500999999999999446e-01
9.429999999999999494e-01 9.497999999999999776e-01
9.428999999999999604e-01 9.496999999999999886e-01
9.428999999999999604e-01 9.496999999999999886e-01
9.428999999999999604e-01 9.491000000000000547e-01
9.428999999999999604e-01 9.488999999999999657e-01
9.428999999999999604e-01 9.494000000000000217e-01
9.428999999999999604e-01 9.488999999999999657e-01
9.428999999999999604e-01 9.492000000000000437e-01
9.428999999999999604e-01 9.487999999999999767e-01
9.428999999999999604e-01 9.488999999999999657e-01
9.428999999999999604e-01 9.489999999999999547e-01
9.428999999999999604e-01 9.486999999999999877e-01
9.428999999999999604e-01 9.487999999999999767e-01
9.428999999999999604e-01 9.486999999999999877e-01
9.428999999999999604e-01 9.485000000000000098e-01
9.428999999999999604e-01 9.483000000000000318e-01
9.428999999999999604e-01 9.491000000000000547e-01
9.428999999999999604e-01 9.491000000000000547e-01
9.428999999999999604e-01 9.485999999999999988e-01
9.428999999999999604e-01 9.492000000000000437e-01
9.428999999999999604e-01 9.489999999999999547e-01
9.428999999999999604e-01 9.492000000000000437e-01
9.428999999999999604e-01 9.489999999999999547e-01
9.427999999999999714e-01 9.491000000000000547e-01
9.426999999999999824e-01 9.492000000000000437e-01
9.426999999999999824e-01 9.495999999999999996e-01
9.426999999999999824e-01 9.495000000000000107e-01
9.426999999999999824e-01 9.495000000000000107e-01
9.426999999999999824e-01 9.496999999999999886e-01
9.426999999999999824e-01 9.494000000000000217e-01
9.426999999999999824e-01 9.493000000000000327e-01
9.426999999999999824e-01 9.495000000000000107e-01
9.426999999999999824e-01 9.494000000000000217e-01
9.426999999999999824e-01 9.496999999999999886e-01
9.426999999999999824e-01 9.495000000000000107e-01
9.426999999999999824e-01 9.493000000000000327e-01
9.426999999999999824e-01 9.495000000000000107e-01
9.425999999999999934e-01 9.495000000000000107e-01
9.425999999999999934e-01 9.500999999999999446e-01
9.425999999999999934e-01 9.500999999999999446e-01
9.425999999999999934e-01 9.496999999999999886e-01
9.425999999999999934e-01 9.499999999999999556e-01
9.425999999999999934e-01 9.499999999999999556e-01
9.425999999999999934e-01 9.497999999999999776e-01
9.425999999999999934e-01 9.497999999999999776e-01
9.426999999999999824e-01 9.495000000000000107e-01
9.426999999999999824e-01 9.495000000000000107e-01
9.426999999999999824e-01 9.495000000000000107e-01
9.426999999999999824e-01 9.495000000000000107e-01
9.426999999999999824e-01 9.493000000000000327e-01
9.425999999999999934e-01 9.499999999999999556e-01
9.425999999999999934e-01 9.495999999999999996e-01
9.425999999999999934e-01 9.494000000000000217e-01
9.425999999999999934e-01 9.489999999999999547e-01
9.425999999999999934e-01 9.492000000000000437e-01
9.425999999999999934e-01 9.493000000000000327e-01
9.425000000000000044e-01 9.489999999999999547e-01
9.425999999999999934e-01 9.491000000000000547e-01
9.425999999999999934e-01 9.497999999999999776e-01
9.425999999999999934e-01 9.495000000000000107e-01
9.425999999999999934e-01 9.502000000000000446e-01
9.425999999999999934e-01 9.495999999999999996e-01
9.425999999999999934e-01 9.498999999999999666e-01
9.425000000000000044e-01 9.504000000000000226e-01
9.425000000000000044e-01 9.500999999999999446e-01
9.425000000000000044e-01 9.502000000000000446e-01
9.425000000000000044e-01 9.503000000000000336e-01
9.424000000000000155e-01 9.504000000000000226e-01
9.423000000000000265e-01 9.500999999999999446e-01
9.423000000000000265e-01 9.502000000000000446e-01
9.424000000000000155e-01 9.499999999999999556e-01
9.423000000000000265e-01 9.508999999999999675e-01
9.423000000000000265e-01 9.506000000000000005e-01
9.424000000000000155e-01 9.502000000000000446e-01
9.424000000000000155e-01 9.500999999999999446e-01
9.424000000000000155e-01 9.505000000000000115e-01
9.424000000000000155e-01 9.503000000000000336e-01
9.424000000000000155e-01 9.506999999999999895e-01
9.424000000000000155e-01 9.504000000000000226e-01
9.424000000000000155e-01 9.503000000000000336e-01
9.424000000000000155e-01 9.506999999999999895e-01
9.424000000000000155e-01 9.498999999999999666e-01
9.425000000000000044e-01 9.500999999999999446e-01
9.425000000000000044e-01 9.505000000000000115e-01
9.425000000000000044e-01 9.506000000000000005e-01
9.425000000000000044e-01 9.507999999999999785e-01
9.425000000000000044e-01 9.505000000000000115e-01
9.425000000000000044e-01 9.506000000000000005e-01
9.425000000000000044e-01 9.504000000000000226e-01
9.425999999999999934e-01 9.507999999999999785e-01
9.425999999999999934e-01 9.503000000000000336e-01
9.426999999999999824e-01 9.507999999999999785e-01
9.425999999999999934e-01 9.509999999999999565e-01
9.425999999999999934e-01 9.508999999999999675e-01
9.425999999999999934e-01 9.506000000000000005e-01
9.425999999999999934e-01 9.504000000000000226e-01
9.425999999999999934e-01 9.506000000000000005e-01
9.426999999999999824e-01 9.502000000000000446e-01
9.426999999999999824e-01 9.502000000000000446e-01
9.426999999999999824e-01 9.500999999999999446e-01
9.427999999999999714e-01 9.506000000000000005e-01
9.425999999999999934e-01 9.506999999999999895e-01
9.425999999999999934e-01 9.502000000000000446e-01
9.425999999999999934e-01 9.502000000000000446e-01
9.425999999999999934e-01 9.502000000000000446e-01
9.425999999999999934e-01 9.499999999999999556e-01
9.425999999999999934e-01 9.503000000000000336e-01
9.425999999999999934e-01 9.498999999999999666e-01
9.425999999999999934e-01 9.495999999999999996e-01
9.425000000000000044e-01 9.499999999999999556e-01
9.425000000000000044e-01 9.494000000000000217e-01
9.425999999999999934e-01 9.495999999999999996e-01
9.426999999999999824e-01 9.496999999999999886e-01
9.426999999999999824e-01 9.499999999999999556e-01
9.426999999999999824e-01 9.497999999999999776e-01
9.427999999999999714e-01 9.499999999999999556e-01
9.427999999999999714e-01 9.499999999999999556e-01
9.427999999999999714e-01 9.497999999999999776e-01
9.427999999999999714e-01 9.496999999999999886e-01
9.427999999999999714e-01 9.495000000000000107e-01
9.427999999999999714e-01 9.495999999999999996e-01
9.427999999999999714e-01 9.502000000000000446e-01
9.427999999999999714e-01 9.495000000000000107e-01
9.427999999999999714e-01 9.495000000000000107e-01
9.427999999999999714e-01 9.498999999999999666e-01
9.426999999999999824e-01 9.497999999999999776e-01
9.427999999999999714e-01 9.497999999999999776e-01
9.427999999999999714e-01 9.500999999999999446e-01
9.427999999999999714e-01 9.499999999999999556e-01
9.427999999999999714e-01 9.493000000000000327e-01
9.427999999999999714e-01 9.494000000000000217e-01
9.427999999999999714e-01 9.495000000000000107e-01
9.427999999999999714e-01 9.494000000000000217e-01
9.427999999999999714e-01 9.489999999999999547e-01
9.427999999999999714e-01 9.491000000000000547e-01
9.428999999999999604e-01 9.498999999999999666e-01
9.426999999999999824e-01 9.494000000000000217e-01
9.426999999999999824e-01 9.484000000000000208e-01
9.426999999999999824e-01 9.488999999999999657e-01
9.426999999999999824e-01 9.495999999999999996e-01
9.426999999999999824e-01 9.489999999999999547e-01
9.426999999999999824e-01 9.489999999999999547e-01
9.426999999999999824e-01 9.492000000000000437e-01
9.426999999999999824e-01 9.493000000000000327e-01
9.426999999999999824e-01 9.493000000000000327e-01
9.426999999999999824e-01 9.487999999999999767e-01
9.425999999999999934e-01 9.489999999999999547e-01
9.425999999999999934e-01 9.493000000000000327e-01
9.425999999999999934e-01 9.495999999999999996e-01
9.425999999999999934e-01 9.496999999999999886e-01
9.425999999999999934e-01 9.497999999999999776e-01
9.425999999999999934e-01 9.494000000000000217e-01
9.426999999999999824e-01 9.493000000000000327e-01
9.425999999999999934e-01 9.492000000000000437e-01
9.425999999999999934e-01 9.493000000000000327e-01
9.425000000000000044e-01 9.493000000000000327e-01
9.425000000000000044e-01 9.494000000000000217e-01
9.425000000000000044e-01 9.494000000000000217e-01
9.425000000000000044e-01 9.489999999999999547e-01
9.425000000000000044e-01 9.493000000000000327e-01
9.425000000000000044e-01 9.493000000000000327e-01
9.425999999999999934e-01 9.489999999999999547e-01
9.425999999999999934e-01 9.495000000000000107e-01
9.426999999999999824e-01 9.495000000000000107e-01
9.426999999999999824e-01 9.492000000000000437e-01
9.426999999999999824e-01 9.495000000000000107e-01
9.427999999999999714e-01 9.496999999999999886e-01
9.426999999999999824e-01 9.498999999999999666e-01
9.425999999999999934e-01 9.498999999999999666e-01
9.425999999999999934e-01 9.499999999999999556e-01
9.426999999999999824e-01 9.502000000000000446e-01
9.426999999999999824e-01 9.498999999999999666e-01
9.426999999999999824e-01 9.498999999999999666e-01
9.426999999999999824e-01 9.498999999999999666e-01
9.426999999999999824e-01 9.497999999999999776e-01
9.426999999999999824e-01 9.498999999999999666e-01
9.426999999999999824e-01 9.499999999999999556e-01
9.426999999999999824e-01 9.497999999999999776e-01
9.425999999999999934e-01 9.497999999999999776e-01
9.426999999999999824e-01 9.496999999999999886e-01
9.425999999999999934e-01 9.496999999999999886e-01
9.425999999999999934e-01 9.494000000000000217e-01
9.425000000000000044e-01 9.496999999999999886e-01
9.425000000000000044e-01 9.495999999999999996e-01
9.425999999999999934e-01 9.494000000000000217e-01
9.425999999999999934e-01 9.491000000000000547e-01
9.425000000000000044e-01 9.493000000000000327e-01
9.424000000000000155e-01 9.495000000000000107e-01
9.425000000000000044e-01 9.487999999999999767e-01
9.425999999999999934e-01 9.491000000000000547e-01
9.425999999999999934e-01 9.495999999999999996e-01
9.425000000000000044e-01 9.491000000000000547e-01
9.425999999999999934e-01 9.488999999999999657e-01
9.425999999999999934e-01 9.491000000000000547e-01
9.425000000000000044e-01 9.487999999999999767e-01
9.426999999999999824e-01 9.486999999999999877e-01
9.426999999999999824e-01 9.485999999999999988e-01
9.425999999999999934e-01 9.489999999999999547e-01
9.425000000000000044e-01 9.485999999999999988e-01
9.425999999999999934e-01 9.483000000000000318e-01
9.425999999999999934e-01 9.485000000000000098e-01
9.425000000000000044e-01 9.485999999999999988e-01
9.425000000000000044e-01 9.488999999999999657e-01
9.425999999999999934e-01 9.486999999999999877e-01
9.426999999999999824e-01 9.489999999999999547e-01
9.426999999999999824e-01 9.489999999999999547e-01
9.427999999999999714e-01 9.491000000000000547e-01
9.427999999999999714e-01 9.489999999999999547e-01
9.427999999999999714e-01 9.494000000000000217e-01
9.427999999999999714e-01 9.486999999999999877e-01
9.428999999999999604e-01 9.492000000000000437e-01
9.427999999999999714e-01 9.492000000000000437e-01
9.427999999999999714e-01 9.492000000000000437e-01
9.426999999999999824e-01 9.491000000000000547e-01
9.426999999999999824e-01 9.495999999999999996e-01
9.426999999999999824e-01 9.494000000000000217e-01
9.426999999999999824e-01 9.491000000000000547e-01
9.426999999999999824e-01 9.497999999999999776e-01
9.426999999999999824e-01 9.502000000000000446e-01
9.426999999999999824e-01 9.506000000000000005e-01
9.426999999999999824e-01 9.497999999999999776e-01
9.426999999999999824e-01 9.499999999999999556e-01
9.426999999999999824e-01 9.499999999999999556e-01
9.426999999999999824e-01 9.503000000000000336e-01
9.426999999999999824e-01 9.500999999999999446e-01
9.426999999999999824e-01 9.500999999999999446e-01
9.426999999999999824e-01 9.498999999999999666e-01
9.426999999999999824e-01 9.499999999999999556e-01
9.426999999999999824e-01 9.502000000000000446e-01
9.426999999999999824e-01 9.496999999999999886e-01
9.427999999999999714e-01 9.496999999999999886e-01
9.427999999999999714e-01 9.496999999999999886e-01
9.427999999999999714e-01 9.498999999999999666e-01
9.427999999999999714e-01 9.497999999999999776e-01
9.426999999999999824e-01 9.496999999999999886e-01
9.426999999999999824e-01 9.495000000000000107e-01
9.427999999999999714e-01 9.494000000000000217e-01
9.427999999999999714e-01 9.493000000000000327e-01
9.428999999999999604e-01 9.492000000000000437e-01
9.428999999999999604e-01 9.497999999999999776e-01
9.427999999999999714e-01 9.495999999999999996e-01
9.427999999999999714e-01 9.494000000000000217e-01
9.427999999999999714e-01 9.494000000000000217e-01
9.426999999999999824e-01 9.487999999999999767e-01
9.426999999999999824e-01 9.491000000000000547e-01
9.427999999999999714e-01 9.491000000000000547e-01
9.427999999999999714e-01 9.492000000000000437e-01
9.427999999999999714e-01 9.495999999999999996e-01
9.427999999999999714e-01 9.495000000000000107e-01
9.427999999999999714e-01 9.492000000000000437e-01
9.427999999999999714e-01 9.495000000000000107e-01
9.427999999999999714e-01 9.492000000000000437e-01
9.427999999999999714e-01 9.491000000000000547e-01
9.427999999999999714e-01 9.488999999999999657e-01
9.427999999999999714e-01 9.486999999999999877e-01
9.427999999999999714e-01 9.495000000000000107e-01
9.427999999999999714e-01 9.495000000000000107e-01
9.425999999999999934e-01 9.492000000000000437e-01
9.426999999999999824e-01 9.487999999999999767e-01
9.425999999999999934e-01 9.493000000000000327e-01
9.425999999999999934e-01 9.492000000000000437e-01
9.425000000000000044e-01 9.491000000000000547e-01
9.425000000000000044e-01 9.492000000000000437e-01
9.425000000000000044e-01 9.494000000000000217e-01
9.425000000000000044e-01 9.489999999999999547e-01
9.425000000000000044e-01 9.495000000000000107e-01
9.425000000000000044e-01 9.492000000000000437e-01
9.425000000000000044e-01 9.492000000000000437e-01
9.425000000000000044e-01 9.494000000000000217e-01
9.425000000000000044e-01 9.496999999999999886e-01
9.425000000000000044e-01 9.495999999999999996e-01
9.425999999999999934e-01 9.496999999999999886e-01
9.425999999999999934e-01 9.500999999999999446e-01
9.425000000000000044e-01 9.495999999999999996e-01
9.425000000000000044e-01 9.492000000000000437e-01
9.425000000000000044e-01 9.495999999999999996e-01
9.425000000000000044e-01 9.496999999999999886e-01
9.425000000000000044e-01 9.499999999999999556e-01
9.425999999999999934e-01 9.498999999999999666e-01
9.425999999999999934e-01 9.494000000000000217e-01
9.425999999999999934e-01 9.502000000000000446e-01
9.425999999999999934e-01 9.502000000000000446e-01
9.425999999999999934e-01 9.499999999999999556e-01
9.425999999999999934e-01 9.496999999999999886e-01
9.424000000000000155e-01 9.495999999999999996e-01
9.424000000000000155e-01 9.497999999999999776e-01
9.424000000000000155e-01 9.500999999999999446e-01
9.425000000000000044e-01 9.499999999999999556e-01
9.425000000000000044e-01 9.498999999999999666e-01
9.425000000000000044e-01 9.506999999999999895e-01
9.425999999999999934e-01 9.502000000000000446e-01
9.425999999999999934e-01 9.500999999999999446e-01
9.425999999999999934e-01 9.504000000000000226e-01
9.425999999999999934e-01 9.506999999999999895e-01
9.425999999999999934e-01 9.502000000000000446e-01
9.425999999999999934e-01 9.505000000000000115e-01
9.425999999999999934e-01 9.504000000000000226e-01
9.425999999999999934e-01 9.506999999999999895e-01
9.425999999999999934e-01 9.508999999999999675e-01
9.426999999999999824e-01 9.508999999999999675e-01
9.425999999999999934e-01 9.510999999999999455e-01
9.425999999999999934e-01 9.512000000000000455e-01
9.425999999999999934e-01 9.508999999999999675e-01
9.425999999999999934e-01 9.507999999999999785e-01
9.425999999999999934e-01 9.506999999999999895e-01
9.425999999999999934e-01 9.508999999999999675e-01
9.425999999999999934e-01 9.506999999999999895e-01
9.425999999999999934e-01 9.505000000000000115e-01
9.425999999999999934e-01 9.506999999999999895e-01
9.425999999999999934e-01 9.502000000000000446e-01
9.425999999999999934e-01 9.503000000000000336e-01
9.425999999999999934e-01 9.502000000000000446e-01
9.425999999999999934e-01 9.500999999999999446e-01
9.425999999999999934e-01 9.500999999999999446e-01
9.425999999999999934e-01 9.505000000000000115e-01
9.425999999999999934e-01 9.502000000000000446e-01
9.425999999999999934e-01 9.500999999999999446e-01
9.425999999999999934e-01 9.506000000000000005e-01
9.425999999999999934e-01 9.504000000000000226e-01
9.425999999999999934e-01 9.506000000000000005e-01
9.425999999999999934e-01 9.503000000000000336e-01
9.425999999999999934e-01 9.505000000000000115e-01
9.425999999999999934e-01 9.510999999999999455e-01
9.425999999999999934e-01 9.504000000000000226e-01
9.425999999999999934e-01 9.506000000000000005e-01
9.425999999999999934e-01 9.512000000000000455e-01
9.425999999999999934e-01 9.509999999999999565e-01
9.426999999999999824e-01 9.504000000000000226e-01
9.426999999999999824e-01 9.506000000000000005e-01
9.426999999999999824e-01 9.506999999999999895e-01
9.426999999999999824e-01 9.513000000000000345e-01
9.426999999999999824e-01 9.514000000000000234e-01
9.426999999999999824e-01 9.512000000000000455e-01
9.426999999999999824e-01 9.513000000000000345e-01
9.426999999999999824e-01 9.509999999999999565e-01
9.426999999999999824e-01 9.510999999999999455e-01
9.426999999999999824e-01 9.510999999999999455e-01
9.426999999999999824e-01 9.513000000000000345e-01
9.426999999999999824e-01 9.509999999999999565e-01
9.426999999999999824e-01 9.512000000000000455e-01
9.427999999999999714e-01 9.509999999999999565e-01
9.427999999999999714e-01 9.506000000000000005e-01
9.427999999999999714e-01 9.506000000000000005e-01
9.427999999999999714e-01 9.505000000000000115e-01
9.427999999999999714e-01 9.507999999999999785e-01
9.427999999999999714e-01 9.507999999999999785e-01
9.427999999999999714e-01 9.507999999999999785e-01
9.427999999999999714e-01 9.506999999999999895e-01
9.426999999999999824e-01 9.504000000000000226e-01
9.426999999999999824e-01 9.502000000000000446e-01
9.426999999999999824e-01 9.505000000000000115e-01
9.427999999999999714e-01 9.507999999999999785e-01
9.427999999999999714e-01 9.503000000000000336e-01
9.428999999999999604e-01 9.502000000000000446e-01
9.428999999999999604e-01 9.496999999999999886e-01
9.428999999999999604e-01 9.499999999999999556e-01
9.428999999999999604e-01 9.496999999999999886e-01
9.428999999999999604e-01 9.497999999999999776e-01
9.428999999999999604e-01 9.500999999999999446e-01
9.427999999999999714e-01 9.504000000000000226e-01
9.427999999999999714e-01 9.503000000000000336e-01
9.427999999999999714e-01 9.506000000000000005e-01
9.427999999999999714e-01 9.505000000000000115e-01
9.427999999999999714e-01 9.510999999999999455e-01
9.427999999999999714e-01 9.506000000000000005e-01
9.427999999999999714e-01 9.498999999999999666e-01
9.428999999999999604e-01 9.502000000000000446e-01
9.428999999999999604e-01 9.506000000000000005e-01
9.427999999999999714e-01 9.508999999999999675e-01
9.426999999999999824e-01 9.503000000000000336e-01
9.427999999999999714e-01 9.506000000000000005e-01
9.426999999999999824e-01 9.503000000000000336e-01
9.427999999999999714e-01 9.506999999999999895e-01
9.427999999999999714e-01 9.506000000000000005e-01
9.428999999999999604e-01 9.504000000000000226e-01
9.428999999999999604e-01 9.503000000000000336e-01
9.427999999999999714e-01 9.504000000000000226e-01
9.427999999999999714e-01 9.500999999999999446e-01
9.427999999999999714e-01 9.503000000000000336e-01
9.427999999999999714e-01 9.497999999999999776e-01
9.427999999999999714e-01 9.500999999999999446e-01
9.427999999999999714e-01 9.499999999999999556e-01
9.427999999999999714e-01 9.498999999999999666e-01
9.426999999999999824e-01 9.498999999999999666e-01
9.426999999999999824e-01 9.499999999999999556e-01
9.426999999999999824e-01 9.502000000000000446e-01
9.428999999999999604e-01 9.503000000000000336e-01
9.431000000000000494e-01 9.500999999999999446e-01
9.431000000000000494e-01 9.506000000000000005e-01
9.431000000000000494e-01 9.505000000000000115e-01
9.431000000000000494e-01 9.499999999999999556e-01
9.431000000000000494e-01 9.500999999999999446e-01
9.431000000000000494e-01 9.508999999999999675e-01
9.431000000000000494e-01 9.508999999999999675e-01
9.432000000000000384e-01 9.500999999999999446e-01
9.432000000000000384e-01 9.499999999999999556e-01
9.432000000000000384e-01 9.502000000000000446e-01
9.432000000000000384e-01 9.502000000000000446e-01
9.432000000000000384e-01 9.500999999999999446e-01
9.432000000000000384e-01 9.497999999999999776e-01
9.432000000000000384e-01 9.496999999999999886e-01
9.432000000000000384e-01 9.500999999999999446e-01
9.432000000000000384e-01 9.500999999999999446e-01
9.431000000000000494e-01 9.503000000000000336e-01
9.431000000000000494e-01 9.503000000000000336e-01
9.431000000000000494e-01 9.503000000000000336e-01
9.431000000000000494e-01 9.507999999999999785e-01
9.431000000000000494e-01 9.508999999999999675e-01
9.431000000000000494e-01 9.506999999999999895e-01
9.431000000000000494e-01 9.507999999999999785e-01
9.431000000000000494e-01 9.503000000000000336e-01
9.431000000000000494e-01 9.505000000000000115e-01
9.431000000000000494e-01 9.506000000000000005e-01
9.429999999999999494e-01 9.507999999999999785e-01
9.429999999999999494e-01 9.507999999999999785e-01
9.429999999999999494e-01 9.509999999999999565e-01
9.429999999999999494e-01 9.513000000000000345e-01
9.429999999999999494e-01 9.507999999999999785e-01
9.429999999999999494e-01 9.506999999999999895e-01
9.429999999999999494e-01 9.508999999999999675e-01
9.429999999999999494e-01 9.513000000000000345e-01
9.429999999999999494e-01 9.509999999999999565e-01
9.429999999999999494e-01 9.512000000000000455e-01
9.429999999999999494e-01 9.508999999999999675e-01
9.429999999999999494e-01 9.508999999999999675e-01
9.429999999999999494e-01 9.512000000000000455e-01
9.431000000000000494e-01 9.509999999999999565e-01
9.431000000000000494e-01 9.514000000000000234e-01
9.431000000000000494e-01 9.509999999999999565e-01
9.429999999999999494e-01 9.512000000000000455e-01
9.431000000000000494e-01 9.515000000000000124e-01
9.431000000000000494e-01 9.516000000000000014e-01
9.431000000000000494e-01 9.513000000000000345e-01
9.431000000000000494e-01 9.516999999999999904e-01
9.431000000000000494e-01 9.514000000000000234e-01
9.431000000000000494e-01 9.508999999999999675e-01
9.431000000000000494e-01 9.506999999999999895e-01
9.431000000000000494e-01 9.508999999999999675e-01
9.431000000000000494e-01 9.509999999999999565e-01
9.431000000000000494e-01 9.507999999999999785e-01
9.429999999999999494e-01 9.512000000000000455e-01
9.429999999999999494e-01 9.505000000000000115e-01
9.429999999999999494e-01 9.507999999999999785e-01
9.429999999999999494e-01 9.506999999999999895e-01
9.429999999999999494e-01 9.506000000000000005e-01
9.431000000000000494e-01 9.503000000000000336e-01
9.431000000000000494e-01 9.504000000000000226e-01
9.431000000000000494e-01 9.508999999999999675e-01
9.431000000000000494e-01 9.506000000000000005e-01
9.431000000000000494e-01 9.507999999999999785e-01
9.431000000000000494e-01 9.505000000000000115e-01
9.431000000000000494e-01 9.503000000000000336e-01
9.431000000000000494e-01 9.498999999999999666e-01
9.431000000000000494e-01 9.502000000000000446e-01
9.431000000000000494e-01 9.502000000000000446e-01
9.431000000000000494e-01 9.499999999999999556e-01
9.431000000000000494e-01 9.498999999999999666e-01
9.431000000000000494e-01 9.498999999999999666e-01
9.431000000000000494e-01 9.498999999999999666e-01
9.428999999999999604e-01 9.495999999999999996e-01
9.429999999999999494e-01 9.498999999999999666e-01
9.429999999999999494e-01 9.495000000000000107e-01
9.431000000000000494e-01 9.496999999999999886e-01
9.431000000000000494e-01 9.502000000000000446e-01
9.431000000000000494e-01 9.499999999999999556e-01
9.432000000000000384e-01 9.495999999999999996e-01
9.432000000000000384e-01 9.496999999999999886e-01
9.432000000000000384e-01 9.498999999999999666e-01
9.432000000000000384e-01 9.495000000000000107e-01
9.432000000000000384e-01 9.495999999999999996e-01
9.432000000000000384e-01 9.499999999999999556e-01
9.432000000000000384e-01 9.499999999999999556e-01
9.432000000000000384e-01 9.502000000000000446e-01
9.432000000000000384e-01 9.499999999999999556e-01
9.432000000000000384e-01 9.499999999999999556e-01
9.432000000000000384e-01 9.506000000000000005e-01
9.433000000000000274e-01 9.504000000000000226e-01
9.433000000000000274e-01 9.505000000000000115e-01
9.433000000000000274e-01 9.498999999999999666e-01
9.433000000000000274e-01 9.506000000000000005e-01
9.433000000000000274e-01 9.498999999999999666e-01
9.433000000000000274e-01 9.507999999999999785e-01
9.433000000000000274e-01 9.506000000000000005e-01
9.433000000000000274e-01 9.507999999999999785e-01
9.433000000000000274e-01 9.506000000000000005e-01
9.434000000000000163e-01 9.507999999999999785e-01
9.434000000000000163e-01 9.504000000000000226e-01
9.433000000000000274e-01 9.500999999999999446e-01
9.433000000000000274e-01 9.509999999999999565e-01
9.434000000000000163e-01 9.505000000000000115e-01
9.434000000000000163e-01 9.508999999999999675e-01
9.435000000000000053e-01 9.507999999999999785e-01
9.435000000000000053e-01 9.510999999999999455e-01
9.434000000000000163e-01 9.512000000000000455e-01
9.434000000000000163e-01 9.510999999999999455e-01
9.434000000000000163e-01 9.508999999999999675e-01
9.434000000000000163e-01 9.510999999999999455e-01
9.434000000000000163e-01 9.506999999999999895e-01
9.434000000000000163e-01 9.507999999999999785e-01
9.434000000000000163e-01 9.510999999999999455e-01
9.434000000000000163e-01 9.508999999999999675e-01
9.435000000000000053e-01 9.515000000000000124e-01
9.435000000000000053e-01 9.516999999999999904e-01
9.434000000000000163e-01 9.516999999999999904e-01
9.434000000000000163e-01 9.516000000000000014e-01
9.434000000000000163e-01 9.516999999999999904e-01
9.434000000000000163e-01 9.513000000000000345e-01
9.434000000000000163e-01 9.518999999999999684e-01
9.434000000000000163e-01 9.515000000000000124e-01
9.434000000000000163e-01 9.512000000000000455e-01
9.434000000000000163e-01 9.510999999999999455e-01
9.434000000000000163e-01 9.505000000000000115e-01
9.434000000000000163e-01 9.504000000000000226e-01
9.434000000000000163e-01 9.502000000000000446e-01
9.434000000000000163e-01 9.505000000000000115e-01
9.434000000000000163e-01 9.506000000000000005e-01
9.435000000000000053e-01 9.503000000000000336e-01
9.435000000000000053e-01 9.505000000000000115e-01
9.435000000000000053e-01 9.506000000000000005e-01
9.435000000000000053e-01 9.506000000000000005e-01
9.435000000000000053e-01 9.508999999999999675e-01
9.435000000000000053e-01 9.510999999999999455e-01
9.434000000000000163e-01 9.504000000000000226e-01
9.434000000000000163e-01 9.507999999999999785e-01
9.434000000000000163e-01 9.513000000000000345e-01
9.435000000000000053e-01 9.513000000000000345e-01
9.434000000000000163e-01 9.513000000000000345e-01
9.435000000000000053e-01 9.512000000000000455e-01
9.434000000000000163e-01 9.514000000000000234e-01
9.435000000000000053e-01 9.510999999999999455e-01
9.435000000000000053e-01 9.512000000000000455e-01
9.435000000000000053e-01 9.512000000000000455e-01
9.435000000000000053e-01 9.507999999999999785e-01
9.435000000000000053e-01 9.510999999999999455e-01
9.435000000000000053e-01 9.512000000000000455e-01
9.435000000000000053e-01 9.515000000000000124e-01
9.435000000000000053e-01 9.512000000000000455e-01
9.435000000000000053e-01 9.509999999999999565e-01
9.435000000000000053e-01 9.509999999999999565e-01
9.435000000000000053e-01 9.510999999999999455e-01
9.435000000000000053e-01 9.513000000000000345e-01
9.435000000000000053e-01 9.510999999999999455e-01
9.435000000000000053e-01 9.510999999999999455e-01
9.435000000000000053e-01 9.512000000000000455e-01
9.435999999999999943e-01 9.507999999999999785e-01
9.435999999999999943e-01 9.512000000000000455e-01
9.435000000000000053e-01 9.518999999999999684e-01
9.435000000000000053e-01 9.518999999999999684e-01
9.435000000000000053e-01 9.520999999999999464e-01
9.435000000000000053e-01 9.518999999999999684e-01
9.435000000000000053e-01 9.522000000000000464e-01
9.434000000000000163e-01 9.518999999999999684e-01
9.434000000000000163e-01 9.520999999999999464e-01
9.434000000000000163e-01 9.516999999999999904e-01
9.434000000000000163e-01 9.519999999999999574e-01
9.434000000000000163e-01 9.514000000000000234e-01
9.434000000000000163e-01 9.509999999999999565e-01
9.434000000000000163e-01 9.509999999999999565e-01
9.434000000000000163e-01 9.512000000000000455e-01
9.434000000000000163e-01 9.512000000000000455e-01
9.434000000000000163e-01 9.513000000000000345e-01
9.434000000000000163e-01 9.510999999999999455e-01
9.434000000000000163e-01 9.513000000000000345e-01
9.434000000000000163e-01 9.509999999999999565e-01
9.434000000000000163e-01 9.509999999999999565e-01
9.434000000000000163e-01 9.514000000000000234e-01
9.434000000000000163e-01 9.510999999999999455e-01
9.435000000000000053e-01 9.512000000000000455e-01
9.435000000000000053e-01 9.514000000000000234e-01
9.435000000000000053e-01 9.512000000000000455e-01
9.435000000000000053e-01 9.508999999999999675e-01
9.435000000000000053e-01 9.506999999999999895e-01
9.434000000000000163e-01 9.505000000000000115e-01
9.434000000000000163e-01 9.504000000000000226e-01
9.434000000000000163e-01 9.503000000000000336e-01
9.434000000000000163e-01 9.504000000000000226e-01
9.434000000000000163e-01 9.504000000000000226e-01
9.434000000000000163e-01 9.504000000000000226e-01
9.434000000000000163e-01 9.506000000000000005e-01
9.435000000000000053e-01 9.497999999999999776e-01
9.435000000000000053e-01 9.495000000000000107e-01
9.435000000000000053e-01 9.497999999999999776e-01
9.435000000000000053e-01 9.498999999999999666e-01
9.435000000000000053e-01 9.495000000000000107e-01
9.435000000000000053e-01 9.493000000000000327e-01
9.435000000000000053e-01 9.495000000000000107e-01
9.435000000000000053e-01 9.497999999999999776e-01
9.435000000000000053e-01 9.494000000000000217e-01
9.435000000000000053e-01 9.498999999999999666e-01
9.435000000000000053e-01 9.502000000000000446e-01
9.435000000000000053e-01 9.503000000000000336e-01
9.435000000000000053e-01 9.499999999999999556e-01
9.434000000000000163e-01 9.499999999999999556e-01
9.435000000000000053e-01 9.498999999999999666e-01
9.434000000000000163e-01 9.498999999999999666e-01
9.434000000000000163e-01 9.502000000000000446e-01
9.434000000000000163e-01 9.503000000000000336e-01
9.434000000000000163e-01 9.499999999999999556e-01
9.434000000000000163e-01 9.498999999999999666e-01
9.434000000000000163e-01 9.496999999999999886e-01
9.433000000000000274e-01 9.498999999999999666e-01
9.433000000000000274e-01 9.497999999999999776e-01
9.434000000000000163e-01 9.496999999999999886e-01
9.434000000000000163e-01 9.497999999999999776e-01
9.434000000000000163e-01 9.502000000000000446e-01
9.433000000000000274e-01 9.499999999999999556e-01
9.434000000000000163e-01 9.498999999999999666e-01
9.434000000000000163e-01 9.507999999999999785e-01
9.434000000000000163e-01 9.503000000000000336e-01
9.435000000000000053e-01 9.498999999999999666e-01
9.435000000000000053e-01 9.503000000000000336e-01
9.435999999999999943e-01 9.506000000000000005e-01
9.435999999999999943e-01 9.502000000000000446e-01
9.435999999999999943e-01 9.495999999999999996e-01
9.436999999999999833e-01 9.498999999999999666e-01
9.436999999999999833e-01 9.503000000000000336e-01
9.437999999999999723e-01 9.506000000000000005e-01
9.437999999999999723e-01 9.506999999999999895e-01
9.437999999999999723e-01 9.502000000000000446e-01
9.437999999999999723e-01 9.503000000000000336e-01
9.437999999999999723e-01 9.499999999999999556e-01
9.437999999999999723e-01 9.497999999999999776e-01
9.437999999999999723e-01 9.500999999999999446e-01
9.437999999999999723e-01 9.496999999999999886e-01
9.437999999999999723e-01 9.495000000000000107e-01
9.435999999999999943e-01 9.493000000000000327e-01
9.436999999999999833e-01 9.495000000000000107e-01
9.436999999999999833e-01 9.497999999999999776e-01
9.436999999999999833e-01 9.493000000000000327e-01
9.436999999999999833e-01 9.495000000000000107e-01
9.436999999999999833e-01 9.495000000000000107e-01
9.436999999999999833e-01 9.494000000000000217e-01
9.436999999999999833e-01 9.488999999999999657e-01
9.436999999999999833e-01 9.484000000000000208e-01
9.436999999999999833e-01 9.485000000000000098e-01
9.437999999999999723e-01 9.491000000000000547e-01
9.437999999999999723e-01 9.488999999999999657e-01
9.437999999999999723e-01 9.489999999999999547e-01
9.437999999999999723e-01 9.489999999999999547e-01
9.437999999999999723e-01 9.492000000000000437e-01
9.437999999999999723e-01 9.495999999999999996e-01
9.437999999999999723e-01 9.494000000000000217e-01
9.437999999999999723e-01 9.496999999999999886e-01
9.437999999999999723e-01 9.496999999999999886e-01
9.438999999999999613e-01 9.497999999999999776e-01
9.438999999999999613e-01 9.495000000000000107e-01
9.437999999999999723e-01 9.495000000000000107e-01
9.437999999999999723e-01 9.494000000000000217e-01
9.437999999999999723e-01 9.493000000000000327e-01
9.437999999999999723e-01 9.492000000000000437e-01
9.437999999999999723e-01 9.493000000000000327e-01
9.437999999999999723e-01 9.491000000000000547e-01
9.437999999999999723e-01 9.491000000000000547e-01
9.436999999999999833e-01 9.488999999999999657e-01
9.436999999999999833e-01 9.487999999999999767e-01
9.437999999999999723e-01 9.493000000000000327e-01
9.436999999999999833e-01 9.492000000000000437e-01
9.436999999999999833e-01 9.487999999999999767e-01
9.436999999999999833e-01 9.486999999999999877e-01
9.436999999999999833e-01 9.485000000000000098e-01
9.435999999999999943e-01 9.487999999999999767e-01
9.435999999999999943e-01 9.492000000000000437e-01
9.436999999999999833e-01 9.491000000000000547e-01
9.436999999999999833e-01 9.488999999999999657e-01
9.436999999999999833e-01 9.488999999999999657e-01
9.436999999999999833e-01 9.495999999999999996e-01
9.436999999999999833e-01 9.495000000000000107e-01
9.436999999999999833e-01 9.495999999999999996e-01
9.436999999999999833e-01 9.496999999999999886e-01
9.436999999999999833e-01 9.499999999999999556e-01
9.436999999999999833e-01 9.496999999999999886e-01
9.436999999999999833e-01 9.498999999999999666e-01
9.436999999999999833e-01 9.502000000000000446e-01
9.436999999999999833e-01 9.500999999999999446e-01
9.436999999999999833e-01 9.502000000000000446e-01
9.436999999999999833e-01 9.505000000000000115e-01
9.437999999999999723e-01 9.500999999999999446e-01
9.437999999999999723e-01 9.503000000000000336e-01
9.437999999999999723e-01 9.500999999999999446e-01
9.437999999999999723e-01 9.503000000000000336e-01
9.437999999999999723e-01 9.502000000000000446e-01
9.437999999999999723e-01 9.503000000000000336e-01
9.437999999999999723e-01 9.497999999999999776e-01
9.437999999999999723e-01 9.497999999999999776e-01
9.436999999999999833e-01 9.495999999999999996e-01
9.437999999999999723e-01 9.497999999999999776e-01
9.437999999999999723e-01 9.500999999999999446e-01
9.436999999999999833e-01 9.498999999999999666e-01
9.435999999999999943e-01 9.498999999999999666e-01
9.436999999999999833e-01 9.500999999999999446e-01
9.436999999999999833e-01 9.504000000000000226e-01
9.436999999999999833e-01 9.504000000000000226e-01
9.436999999999999833e-01 9.502000000000000446e-01
9.435999999999999943e-01 9.496999999999999886e-01
9.435999999999999943e-01 9.495999999999999996e-01
9.436999999999999833e-01 9.495000000000000107e-01
9.437999999999999723e-01 9.492000000000000437e-01
9.437999999999999723e-01 9.494000000000000217e-01
9.438999999999999613e-01 9.493000000000000327e-01
9.437999999999999723e-01 9.493000000000000327e-01
9.437999999999999723e-01 9.495000000000000107e-01
9.436999999999999833e-01 9.497999999999999776e-01
9.436999999999999833e-01 9.496999999999999886e-01
9.436999999999999833e-01 9.496999999999999886e-01
9.436999999999999833e-01 9.495000000000000107e-01
9.437999999999999723e-01 9.499999999999999556e-01
9.437999999999999723e-01 9.498999999999999666e-01
9.437999999999999723e-01 9.489999999999999547e-01
9.437999999999999723e-01 9.492000000000000437e-01
9.437999999999999723e-01 9.485999999999999988e-01
9.437999999999999723e-01 9.495000000000000107e-01
9.437999999999999723e-01 9.495000000000000107e-01
9.436999999999999833e-01 9.493000000000000327e-01
9.436999999999999833e-01 9.502000000000000446e-01
9.436999999999999833e-01 9.495000000000000107e-01
9.436999999999999833e-01 9.498999999999999666e-01
9.435999999999999943e-01 9.505000000000000115e-01
9.435999999999999943e-01 9.497999999999999776e-01
9.436999999999999833e-01 9.495999999999999996e-01
9.436999999999999833e-01 9.495999999999999996e-01
9.436999999999999833e-01 9.498999999999999666e-01
9.436999999999999833e-01 9.493000000000000327e-01
9.435999999999999943e-01 9.495999999999999996e-01
9.436999999999999833e-01 9.495999999999999996e-01
9.435999999999999943e-01 9.489999999999999547e-01
9.436999999999999833e-01 9.493000000000000327e-01
9.435999999999999943e-01 9.495999999999999996e-01
9.435999999999999943e-01 9.494000000000000217e-01
9.436999999999999833e-01 9.499999999999999556e-01
9.436999999999999833e-01 9.495000000000000107e-01
9.436999999999999833e-01 9.488999999999999657e-01
9.436999999999999833e-01 9.493000000000000327e-01
9.435999999999999943e-01 9.499999999999999556e-01
9.435999999999999943e-01 9.496999999999999886e-01
9.435999999999999943e-01 9.496999999999999886e-01
9.435999999999999943e-01 9.495999999999999996e-01
9.435999999999999943e-01 9.495999999999999996e-01
9.435999999999999943e-01 9.496999999999999886e-01
9.435999999999999943e-01 9.496999999999999886e-01
9.435999999999999943e-01 9.499999999999999556e-01
9.435999999999999943e-01 9.495000000000000107e-01
9.435999999999999943e-01 9.495999999999999996e-01
9.435999999999999943e-01 9.506000000000000005e-01
9.435999999999999943e-01 9.503000000000000336e-01
9.435999999999999943e-01 9.506000000000000005e-01
9.436999999999999833e-01 9.499999999999999556e-01
9.436999999999999833e-01 9.506000000000000005e-01
9.436999999999999833e-01 9.503000000000000336e-01
9.436999999999999833e-01 9.500999999999999446e-01
9.436999999999999833e-01 9.503000000000000336e-01
9.436999999999999833e-01 9.504000000000000226e-01
9.436999999999999833e-01 9.504000000000000226e-01
9.436999999999999833e-01 9.496999999999999886e-01
9.436999999999999833e-01 9.495999999999999996e-01
9.436999999999999833e-01 9.500999999999999446e-01
9.436999999999999833e-01 9.495999999999999996e-01
9.436999999999999833e-01 9.495999999999999996e-01
9.436999999999999833e-01 9.496999999999999886e-01
9.436999999999999833e-01 9.496999999999999886e-01
9.436999999999999833e-01 9.494000000000000217e-01
9.436999999999999833e-01 9.502000000000000446e-01
9.436999999999999833e-01 9.498999999999999666e-01
9.436999999999999833e-01 9.502000000000000446e-01
9.436999999999999833e-01 9.502000000000000446e-01
9.436999999999999833e-01 9.506000000000000005e-01
9.436999999999999833e-01 9.509999999999999565e-01
9.436999999999999833e-01 9.513000000000000345e-01
9.436999999999999833e-01 9.513000000000000345e-01
9.436999999999999833e-01 9.510999999999999455e-01
9.436999999999999833e-01 9.512000000000000455e-01
9.436999999999999833e-01 9.513000000000000345e-01
9.436999999999999833e-01 9.508999999999999675e-01
9.436999999999999833e-01 9.506000000000000005e-01
9.436999999999999833e-01 9.507999999999999785e-01
9.436999999999999833e-01 9.506999999999999895e-01
9.436999999999999833e-01 9.505000000000000115e-01
9.436999999999999833e-01 9.505000000000000115e-01
9.437999999999999723e-01 9.503000000000000336e-01
9.437999999999999723e-01 9.505000000000000115e-01
9.437999999999999723e-01 9.505000000000000115e-01
9.437999999999999723e-01 9.504000000000000226e-01
9.437999999999999723e-01 9.506000000000000005e-01
9.437999999999999723e-01 9.503000000000000336e-01
9.437999999999999723e-01 9.502000000000000446e-01
9.437999999999999723e-01 9.504000000000000226e-01
9.437999999999999723e-01 9.505000000000000115e-01
9.437999999999999723e-01 9.505000000000000115e-01
9.437999999999999723e-01 9.502000000000000446e-01
9.437999999999999723e-01 9.500999999999999446e-01
9.437999999999999723e-01 9.498999999999999666e-01
9.437999999999999723e-01 9.497999999999999776e-01
9.437999999999999723e-01 9.503000000000000336e-01
9.437999999999999723e-01 9.496999999999999886e-01
9.437999999999999723e-01 9.500999999999999446e-01
9.437999999999999723e-01 9.495999999999999996e-01
9.436999999999999833e-01 9.502000000000000446e-01
9.437999999999999723e-01 9.502000000000000446e-01
9.436999999999999833e-01 9.503000000000000336e-01
9.437999999999999723e-01 9.495000000000000107e-01
9.437999999999999723e-01 9.502000000000000446e-01
9.436999999999999833e-01 9.500999999999999446e-01
9.436999999999999833e-01 9.498999999999999666e-01
9.436999999999999833e-01 9.497999999999999776e-01
9.436999999999999833e-01 9.500999999999999446e-01
9.436999999999999833e-01 9.502000000000000446e-01
9.437999999999999723e-01 9.503000000000000336e-01
9.437999999999999723e-01 9.499999999999999556e-01
9.437999999999999723e-01 9.496999999999999886e-01
9.437999999999999723e-01 9.499999999999999556e-01
9.437999999999999723e-01 9.489999999999999547e-01
9.437999999999999723e-01 9.497999999999999776e-01
9.437999999999999723e-01 9.499999999999999556e-01
9.437999999999999723e-01 9.500999999999999446e-01
9.437999999999999723e-01 9.504000000000000226e-01
9.437999999999999723e-01 9.499999999999999556e-01
9.437999999999999723e-01 9.498999999999999666e-01
9.437999999999999723e-01 9.503000000000000336e-01
9.437999999999999723e-01 9.500999999999999446e-01
9.437999999999999723e-01 9.503000000000000336e-01
9.436999999999999833e-01 9.502000000000000446e-01
9.436999999999999833e-01 9.505000000000000115e-01
9.436999999999999833e-01 9.499999999999999556e-01
9.437999999999999723e-01 9.505000000000000115e-01
9.435999999999999943e-01 9.505000000000000115e-01
9.437999999999999723e-01 9.506999999999999895e-01
9.437999999999999723e-01 9.506999999999999895e-01
9.436999999999999833e-01 9.506999999999999895e-01
9.436999999999999833e-01 9.506999999999999895e-01
9.437999999999999723e-01 9.500999999999999446e-01
9.437999999999999723e-01 9.502000000000000446e-01
9.436999999999999833e-01 9.505000000000000115e-01
9.437999999999999723e-01 9.499999999999999556e-01
9.437999999999999723e-01 9.504000000000000226e-01
9.435999999999999943e-01 9.505000000000000115e-01
9.435999999999999943e-01 9.506000000000000005e-01
9.435999999999999943e-01 9.503000000000000336e-01
9.435999999999999943e-01 9.502000000000000446e-01
9.437999999999999723e-01 9.505000000000000115e-01
9.436999999999999833e-01 9.500999999999999446e-01
9.436999999999999833e-01 9.495999999999999996e-01
9.436999999999999833e-01 9.498999999999999666e-01
9.435999999999999943e-01 9.497999999999999776e-01
9.435999999999999943e-01 9.499999999999999556e-01
9.435999999999999943e-01 9.504000000000000226e-01
9.435999999999999943e-01 9.504000000000000226e-01
9.435999999999999943e-01 9.506000000000000005e-01
9.435999999999999943e-01 9.507999999999999785e-01
9.435999999999999943e-01 9.507999999999999785e-01
9.435999999999999943e-01 9.514000000000000234e-01
9.435999999999999943e-01 9.514000000000000234e-01
9.435000000000000053e-01 9.513000000000000345e-01
9.435000000000000053e-01 9.512000000000000455e-01
9.435000000000000053e-01 9.507999999999999785e-01
9.435000000000000053e-01 9.503000000000000336e-01
9.435000000000000053e-01 9.508999999999999675e-01
9.434000000000000163e-01 9.506000000000000005e-01
9.435000000000000053e-01 9.508999999999999675e-01
9.435000000000000053e-01 9.507999999999999785e-01
9.435000000000000053e-01 9.508999999999999675e-01
9.435000000000000053e-01 9.504000000000000226e-01
9.435000000000000053e-01 9.508999999999999675e-01
9.435000000000000053e-01 9.508999999999999675e-01
9.435000000000000053e-01 9.506000000000000005e-01
9.435000000000000053e-01 9.507999999999999785e-01
9.435999999999999943e-01 9.503000000000000336e-01
9.435999999999999943e-01 9.508999999999999675e-01
9.435999999999999943e-01 9.506000000000000005e-01
9.435999999999999943e-01 9.504000000000000226e-01
9.435999999999999943e-01 9.504000000000000226e-01
9.435999999999999943e-01 9.508999999999999675e-01
9.435999999999999943e-01 9.504000000000000226e-01
9.435999999999999943e-01 9.504000000000000226e-01
9.435999999999999943e-01 9.498999999999999666e-01
9.435000000000000053e-01 9.500999999999999446e-01
9.435000000000000053e-01 9.502000000000000446e-01
9.435000000000000053e-01 9.495999999999999996e-01
9.435000000000000053e-01 9.495999999999999996e-01
9.435000000000000053e-01 9.495999999999999996e-01
9.435000000000000053e-01 9.494000000000000217e-01
9.435000000000000053e-01 9.502000000000000446e-01
9.434000000000000163e-01 9.495000000000000107e-01
9.435000000000000053e-01 9.494000000000000217e-01
9.435000000000000053e-01 9.495000000000000107e-01
9.435000000000000053e-01 9.498999999999999666e-01
9.435000000000000053e-01 9.497999999999999776e-01
9.435000000000000053e-01 9.499999999999999556e-01
9.435000000000000053e-01 9.506999999999999895e-01
9.435000000000000053e-01 9.504000000000000226e-01
9.435000000000000053e-01 9.507999999999999785e-01
9.435000000000000053e-01 9.503000000000000336e-01
9.435000000000000053e-01 9.509999999999999565e-01
9.434000000000000163e-01 9.506000000000000005e-01
9.434000000000000163e-01 9.506000000000000005e-01
9.435000000000000053e-01 9.502000000000000446e-01
9.435000000000000053e-01 9.505000000000000115e-01
9.435000000000000053e-01 9.505000000000000115e-01
9.435000000000000053e-01 9.509999999999999565e-01
9.435000000000000053e-01 9.512000000000000455e-01
9.435000000000000053e-01 9.508999999999999675e-01
9.435000000000000053e-01 9.513000000000000345e-01
9.435000000000000053e-01 9.507999999999999785e-01
9.435000000000000053e-01 9.509999999999999565e-01
9.435000000000000053e-01 9.508999999999999675e-01
9.435000000000000053e-01 9.512000000000000455e-01
9.435000000000000053e-01 9.509999999999999565e-01
9.435000000000000053e-01 9.506000000000000005e-01
9.435000000000000053e-01 9.504000000000000226e-01
9.435000000000000053e-01 9.505000000000000115e-01
9.435000000000000053e-01 9.506000000000000005e-01
9.435000000000000053e-01 9.504000000000000226e-01
9.434000000000000163e-01 9.509999999999999565e-01
9.434000000000000163e-01 9.513000000000000345e-01
9.434000000000000163e-01 9.509999999999999565e-01
9.434000000000000163e-01 9.509999999999999565e-01
9.434000000000000163e-01 9.510999999999999455e-01
9.434000000000000163e-01 9.512000000000000455e-01
9.434000000000000163e-01 9.506999999999999895e-01
9.434000000000000163e-01 9.510999999999999455e-01
9.434000000000000163e-01 9.512000000000000455e-01
9.434000000000000163e-01 9.508999999999999675e-01
9.434000000000000163e-01 9.504000000000000226e-01
9.434000000000000163e-01 9.500999999999999446e-01
9.434000000000000163e-01 9.500999999999999446e-01
9.434000000000000163e-01 9.506000000000000005e-01
9.434000000000000163e-01 9.510999999999999455e-01
9.434000000000000163e-01 9.510999999999999455e-01
9.434000000000000163e-01 9.507999999999999785e-01
9.433000000000000274e-01 9.509999999999999565e-01
9.433000000000000274e-01 9.510999999999999455e-01
9.433000000000000274e-01 9.509999999999999565e-01
9.433000000000000274e-01 9.505000000000000115e-01
9.433000000000000274e-01 9.508999999999999675e-01
9.433000000000000274e-01 9.506000000000000005e-01
9.433000000000000274e-01 9.507999999999999785e-01
9.433000000000000274e-01 9.510999999999999455e-01
9.433000000000000274e-01 9.510999999999999455e-01
9.433000000000000274e-01 9.506000000000000005e-01
9.434000000000000163e-01 9.512000000000000455e-01
9.434000000000000163e-01 9.508999999999999675e-01
9.434000000000000163e-01 9.510999999999999455e-01
9.434000000000000163e-01 9.514000000000000234e-01
9.434000000000000163e-01 9.512000000000000455e-01
9.434000000000000163e-01 9.516999999999999904e-01
9.434000000000000163e-01 9.519999999999999574e-01
9.434000000000000163e-01 9.518999999999999684e-01
9.434000000000000163e-01 9.515000000000000124e-01
9.434000000000000163e-01 9.509999999999999565e-01
9.434000000000000163e-01 9.513000000000000345e-01
9.434000000000000163e-01 9.516000000000000014e-01
9.434000000000000163e-01 9.513000000000000345e-01
9.434000000000000163e-01 9.514000000000000234e-01
9.434000000000000163e-01 9.514000000000000234e-01
9.434000000000000163e-01 9.515000000000000124e-01
9.434000000000000163e-01 9.510999999999999455e-01
9.434000000000000163e-01 9.509999999999999565e-01
9.434000000000000163e-01 9.514000000000000234e-01
9.434000000000000163e-01 9.516999999999999904e-01
9.434000000000000163e-01 9.513000000000000345e-01
9.434000000000000163e-01 9.515000000000000124e-01
9.434000000000000163e-01 9.515000000000000124e-01
9.434000000000000163e-01 9.516000000000000014e-01
9.434000000000000163e-01 9.513000000000000345e-01
9.434000000000000163e-01 9.510999999999999455e-01
9.434000000000000163e-01 9.515000000000000124e-01
9.434000000000000163e-01 9.507999999999999785e-01
9.434000000000000163e-01 9.506999999999999895e-01
9.434000000000000163e-01 9.514000000000000234e-01
9.434000000000000163e-01 9.515000000000000124e-01
9.434000000000000163e-01 9.515000000000000124e-01
9.434000000000000163e-01 9.516000000000000014e-01
9.434000000000000163e-01 9.515000000000000124e-01
9.434000000000000163e-01 9.518999999999999684e-01
9.434000000000000163e-01 9.516999999999999904e-01
9.435000000000000053e-01 9.515000000000000124e-01
9.435000000000000053e-01 9.513000000000000345e-01
9.434000000000000163e-01 9.516000000000000014e-01
9.435000000000000053e-01 9.516000000000000014e-01
9.435000000000000053e-01 9.516000000000000014e-01
9.434000000000000163e-01 9.516000000000000014e-01
9.434000000000000163e-01 9.515000000000000124e-01
9.434000000000000163e-01 9.515000000000000124e-01
9.434000000000000163e-01 9.516000000000000014e-01
9.434000000000000163e-01 9.514000000000000234e-01
9.434000000000000163e-01 9.516000000000000014e-01
9.434000000000000163e-01 9.517999999999999794e-01
9.434000000000000163e-01 9.514000000000000234e-01
9.434000000000000163e-01 9.510999999999999455e-01
9.434000000000000163e-01 9.505000000000000115e-01
9.434000000000000163e-01 9.505000000000000115e-01
9.434000000000000163e-01 9.510999999999999455e-01
9.434000000000000163e-01 9.510999999999999455e-01
9.434000000000000163e-01 9.506999999999999895e-01
9.434000000000000163e-01 9.509999999999999565e-01
9.434000000000000163e-01 9.510999999999999455e-01
9.434000000000000163e-01 9.506999999999999895e-01
9.433000000000000274e-01 9.506000000000000005e-01
9.433000000000000274e-01 9.500999999999999446e-01
9.433000000000000274e-01 9.507999999999999785e-01
9.433000000000000274e-01 9.503000000000000336e-01
9.433000000000000274e-01 9.506000000000000005e-01
9.433000000000000274e-01 9.502000000000000446e-01
9.433000000000000274e-01 9.506999999999999895e-01
9.433000000000000274e-01 9.503000000000000336e-01
9.434000000000000163e-01 9.506000000000000005e-01
9.434000000000000163e-01 9.503000000000000336e-01
9.434000000000000163e-01 9.502000000000000446e-01
9.433000000000000274e-01 9.497999999999999776e-01
9.433000000000000274e-01 9.504000000000000226e-01
9.433000000000000274e-01 9.499999999999999556e-01
9.433000000000000274e-01 9.496999999999999886e-01
9.433000000000000274e-01 9.503000000000000336e-01
9.433000000000000274e-01 9.504000000000000226e-01
9.433000000000000274e-01 9.504000000000000226e-01
9.433000000000000274e-01 9.500999999999999446e-01
9.433000000000000274e-01 9.500999999999999446e-01
9.433000000000000274e-01 9.492000000000000437e-01
9.433000000000000274e-01 9.494000000000000217e-01
9.433000000000000274e-01 9.495999999999999996e-01
9.433000000000000274e-01 9.494000000000000217e-01
9.433000000000000274e-01 9.494000000000000217e-01
9.434000000000000163e-01 9.494000000000000217e-01
9.434000000000000163e-01 9.494000000000000217e-01
9.434000000000000163e-01 9.497999999999999776e-01
9.434000000000000163e-01 9.499999999999999556e-01
9.434000000000000163e-01 9.496999999999999886e-01
9.434000000000000163e-01 9.496999999999999886e-01
9.434000000000000163e-01 9.500999999999999446e-01
9.433000000000000274e-01 9.503000000000000336e-01
9.433000000000000274e-01 9.507999999999999785e-01
9.434000000000000163e-01 9.503000000000000336e-01
9.434000000000000163e-01 9.502000000000000446e-01
9.434000000000000163e-01 9.498999999999999666e-01
9.434000000000000163e-01 9.499999999999999556e-01
9.434000000000000163e-01 9.497999999999999776e-01
9.434000000000000163e-01 9.497999999999999776e-01
9.434000000000000163e-01 9.498999999999999666e-01
9.434000000000000163e-01 9.495999999999999996e-01
9.434000000000000163e-01 9.496999999999999886e-01
9.434000000000000163e-01 9.499999999999999556e-01
9.434000000000000163e-01 9.500999999999999446e-01
9.434000000000000163e-01 9.500999999999999446e-01
9.434000000000000163e-01 9.504000000000000226e-01
9.433000000000000274e-01 9.503000000000000336e-01
9.433000000000000274e-01 9.503000000000000336e-01
9.433000000000000274e-01 9.500999999999999446e-01
9.433000000000000274e-01 9.504000000000000226e-01
9.433000000000000274e-01 9.505000000000000115e-01
9.433000000000000274e-01 9.505000000000000115e-01
9.433000000000000274e-01 9.498999999999999666e-01
9.433000000000000274e-01 9.502000000000000446e-01
9.433000000000000274e-01 9.502000000000000446e-01
9.433000000000000274e-01 9.499999999999999556e-01
9.433000000000000274e-01 9.498999999999999666e-01
9.433000000000000274e-01 9.499999999999999556e-01
9.433000000000000274e-01 9.499999999999999556e-01
9.433000000000000274e-01 9.504000000000000226e-01
9.433000000000000274e-01 9.505000000000000115e-01
9.433000000000000274e-01 9.503000000000000336e-01
9.434000000000000163e-01 9.506999999999999895e-01
9.434000000000000163e-01 9.504000000000000226e-01
9.434000000000000163e-01 9.503000000000000336e-01
9.433000000000000274e-01 9.504000000000000226e-01
9.434000000000000163e-01 9.500999999999999446e-01
9.433000000000000274e-01 9.503000000000000336e-01
9.433000000000000274e-01 9.506000000000000005e-01
9.434000000000000163e-01 9.505000000000000115e-01
9.435000000000000053e-01 9.504000000000000226e-01
9.434000000000000163e-01 9.504000000000000226e-01
9.435000000000000053e-01 9.504000000000000226e-01
9.435999999999999943e-01 9.503000000000000336e-01
9.436999999999999833e-01 9.498999999999999666e-01
9.435000000000000053e-01 9.497999999999999776e-01
9.435999999999999943e-01 9.496999999999999886e-01
9.435999999999999943e-01 9.498999999999999666e-01
9.435000000000000053e-01 9.499999999999999556e-01
9.434000000000000163e-01 9.502000000000000446e-01
9.434000000000000163e-01 9.499999999999999556e-01
9.435000000000000053e-01 9.499999999999999556e-01
9.435000000000000053e-01 9.503000000000000336e-01
9.435000000000000053e-01 9.502000000000000446e-01
9.435000000000000053e-01 9.504000000000000226e-01
9.435000000000000053e-01 9.500999999999999446e-01
9.435000000000000053e-01 9.502000000000000446e-01
9.435000000000000053e-01 9.507999999999999785e-01
9.435000000000000053e-01 9.506999999999999895e-01
9.435000000000000053e-01 9.505000000000000115e-01
9.435000000000000053e-01 9.506000000000000005e-01
9.435000000000000053e-01 9.510999999999999455e-01
9.434000000000000163e-01 9.506999999999999895e-01
9.434000000000000163e-01 9.512000000000000455e-01
9.434000000000000163e-01 9.506000000000000005e-01
9.435000000000000053e-01 9.508999999999999675e-01
9.435000000000000053e-01 9.512000000000000455e-01
9.435000000000000053e-01 9.510999999999999455e-01
9.434000000000000163e-01 9.507999999999999785e-01
9.434000000000000163e-01 9.506999999999999895e-01
9.434000000000000163e-01 9.509999999999999565e-01
9.434000000000000163e-01 9.509999999999999565e-01
9.434000000000000163e-01 9.510999999999999455e-01
9.434000000000000163e-01 9.503000000000000336e-01
9.434000000000000163e-01 9.502000000000000446e-01
9.434000000000000163e-01 9.503000000000000336e-01
9.434000000000000163e-01 9.502000000000000446e-01
9.434000000000000163e-01 9.503000000000000336e-01
9.434000000000000163e-01 9.499999999999999556e-01
9.434000000000000163e-01 9.504000000000000226e-01
9.434000000000000163e-01 9.503000000000000336e-01
9.434000000000000163e-01 9.505000000000000115e-01
9.434000000000000163e-01 9.506999999999999895e-01
9.433000000000000274e-01 9.505000000000000115e-01
9.433000000000000274e-01 9.506000000000000005e-01
9.433000000000000274e-01 9.508999999999999675e-01
9.433000000000000274e-01 9.510999999999999455e-01
9.433000000000000274e-01 9.506999999999999895e-01
9.433000000000000274e-01 9.507999999999999785e-01
9.433000000000000274e-01 9.507999999999999785e-01
9.433000000000000274e-01 9.513000000000000345e-01
9.433000000000000274e-01 9.510999999999999455e-01
9.433000000000000274e-01 9.514000000000000234e-01
9.433000000000000274e-01 9.508999999999999675e-01
9.434000000000000163e-01 9.509999999999999565e-01
9.433000000000000274e-01 9.513000000000000345e-01
9.433000000000000274e-01 9.510999999999999455e-01
9.432000000000000384e-01 9.506999999999999895e-01
9.432000000000000384e-01 9.508999999999999675e-01
9.432000000000000384e-01 9.510999999999999455e-01
9.432000000000000384e-01 9.514000000000000234e-01
9.432000000000000384e-01 9.512000000000000455e-01
9.432000000000000384e-01 9.512000000000000455e-01
9.432000000000000384e-01 9.513000000000000345e-01
9.432000000000000384e-01 9.507999999999999785e-01
9.432000000000000384e-01 9.509999999999999565e-01
9.432000000000000384e-01 9.509999999999999565e-01
9.432000000000000384e-01 9.509999999999999565e-01
9.432000000000000384e-01 9.508999999999999675e-01
9.432000000000000384e-01 9.510999999999999455e-01
9.432000000000000384e-01 9.510999999999999455e-01
9.432000000000000384e-01 9.514000000000000234e-01
9.432000000000000384e-01 9.508999999999999675e-01
9.432000000000000384e-01 9.513000000000000345e-01
9.432000000000000384e-01 9.512000000000000455e-01
9.432000000000000384e-01 9.512000000000000455e-01
9.432000000000000384e-01 9.509999999999999565e-01
9.432000000000000384e-01 9.508999999999999675e-01
9.432000000000000384e-01 9.506999999999999895e-01
9.432000000000000384e-01 9.503000000000000336e-01
9.432000000000000384e-01 9.504000000000000226e-01
9.432000000000000384e-01 9.503000000000000336e-01
9.432000000000000384e-01 9.506999999999999895e-01
9.432000000000000384e-01 9.510999999999999455e-01
9.432000000000000384e-01 9.506000000000000005e-01
9.432000000000000384e-01 9.505000000000000115e-01
9.432000000000000384e-01 9.505000000000000115e-01
9.432000000000000384e-01 9.504000000000000226e-01
9.432000000000000384e-01 9.505000000000000115e-01
9.432000000000000384e-01 9.503000000000000336e-01
9.432000000000000384e-01 9.500999999999999446e-01
9.432000000000000384e-01 9.500999999999999446e-01
9.432000000000000384e-01 9.506000000000000005e-01
9.432000000000000384e-01 9.504000000000000226e-01
9.432000000000000384e-01 9.505000000000000115e-01
9.432000000000000384e-01 9.502000000000000446e-01
9.432000000000000384e-01 9.502000000000000446e-01
9.432000000000000384e-01 9.498999999999999666e-01
9.432000000000000384e-01 9.504000000000000226e-01
9.432000000000000384e-01 9.506000000000000005e-01
9.432000000000000384e-01 9.504000000000000226e-01
9.432000000000000384e-01 9.505000000000000115e-01
9.432000000000000384e-01 9.502000000000000446e-01
9.432000000000000384e-01 9.505000000000000115e-01
9.432000000000000384e-01 9.505000000000000115e-01
9.432000000000000384e-01 9.506999999999999895e-01
9.432000000000000384e-01 9.500999999999999446e-01
9.432000000000000384e-01 9.503000000000000336e-01
9.432000000000000384e-01 9.504000000000000226e-01
9.432000000000000384e-01 9.505000000000000115e-01
9.432000000000000384e-01 9.498999999999999666e-01
9.432000000000000384e-01 9.502000000000000446e-01
9.432000000000000384e-01 9.505000000000000115e-01
9.433000000000000274e-01 9.504000000000000226e-01
9.433000000000000274e-01 9.506000000000000005e-01
9.433000000000000274e-01 9.499999999999999556e-01
9.433000000000000274e-01 9.497999999999999776e-01
9.433000000000000274e-01 9.497999999999999776e-01
9.432000000000000384e-01 9.498999999999999666e-01
9.432000000000000384e-01 9.500999999999999446e-01
9.433000000000000274e-01 9.498999999999999666e-01
9.433000000000000274e-01 9.499999999999999556e-01
9.432000000000000384e-01 9.504000000000000226e-01
9.433000000000000274e-01 9.502000000000000446e-01
9.433000000000000274e-01 9.502000000000000446e-01
9.433000000000000274e-01 9.497999999999999776e-01
9.433000000000000274e-01 9.495000000000000107e-01
9.433000000000000274e-01 9.499999999999999556e-01
9.433000000000000274e-01 9.504000000000000226e-01
9.432000000000000384e-01 9.497999999999999776e-01
9.432000000000000384e-01 9.495000000000000107e-01
9.432000000000000384e-01 9.497999999999999776e-01
9.432000000000000384e-01 9.497999999999999776e-01
9.432000000000000384e-01 9.495000000000000107e-01
9.432000000000000384e-01 9.495000000000000107e-01
9.432000000000000384e-01 9.498999999999999666e-01
9.432000000000000384e-01 9.499999999999999556e-01
9.431000000000000494e-01 9.498999999999999666e-01
9.431000000000000494e-01 9.499999999999999556e-01
9.431000000000000494e-01 9.496999999999999886e-01
9.429999999999999494e-01 9.500999999999999446e-01
9.429999999999999494e-01 9.502000000000000446e-01
9.429999999999999494e-01 9.502000000000000446e-01
9.428999999999999604e-01 9.496999999999999886e-01
9.429999999999999494e-01 9.495000000000000107e-01
9.429999999999999494e-01 9.492000000000000437e-01
9.429999999999999494e-01 9.497999999999999776e-01
9.429999999999999494e-01 9.497999999999999776e-01
9.428999999999999604e-01 9.498999999999999666e-01
9.428999999999999604e-01 9.500999999999999446e-01
9.428999999999999604e-01 9.499999999999999556e-01
9.428999999999999604e-01 9.500999999999999446e-01
9.428999999999999604e-01 9.497999999999999776e-01
9.427999999999999714e-01 9.496999999999999886e-01
9.428999999999999604e-01 9.497999999999999776e-01
9.427999999999999714e-01 9.495999999999999996e-01
9.427999999999999714e-01 9.498999999999999666e-01
9.427999999999999714e-01 9.494000000000000217e-01
9.428999999999999604e-01 9.493000000000000327e-01
9.427999999999999714e-01 9.499999999999999556e-01
9.426999999999999824e-01 9.492000000000000437e-01
9.428999999999999604e-01 9.494000000000000217e-01
9.427999999999999714e-01 9.494000000000000217e-01
9.427999999999999714e-01 9.493000000000000327e-01
9.427999999999999714e-01 9.486999999999999877e-01
9.428999999999999604e-01 9.491000000000000547e-01
9.428999999999999604e-01 9.484000000000000208e-01
9.429999999999999494e-01 9.487999999999999767e-01
9.428999999999999604e-01 9.488999999999999657e-01
9.428999999999999604e-01 9.492000000000000437e-01
9.427999999999999714e-01 9.493000000000000327e-01
9.428999999999999604e-01 9.491000000000000547e-01
9.428999999999999604e-01 9.492000000000000437e-01
9.428999999999999604e-01 9.494000000000000217e-01
9.428999999999999604e-01 9.495000000000000107e-01
9.426999999999999824e-01 9.494000000000000217e-01
9.426999999999999824e-01 9.495000000000000107e-01
9.426999999999999824e-01 9.495999999999999996e-01
9.426999999999999824e-01 9.496999999999999886e-01
9.426999999999999824e-01 9.503000000000000336e-01
9.425999999999999934e-01 9.496999999999999886e-01
9.426999999999999824e-01 9.499999999999999556e-01
9.425999999999999934e-01 9.493000000000000327e-01
9.425999999999999934e-01 9.496999999999999886e-01
9.425000000000000044e-01 9.497999999999999776e-01
9.425000000000000044e-01 9.498999999999999666e-01
9.425999999999999934e-01 9.498999999999999666e-01
9.425000000000000044e-01 9.497999999999999776e-01
9.426999999999999824e-01 9.494000000000000217e-01
9.425999999999999934e-01 9.499999999999999556e-01
9.425999999999999934e-01 9.496999999999999886e-01
9.425999999999999934e-01 9.496999999999999886e-01
9.425000000000000044e-01 9.495999999999999996e-01
9.425999999999999934e-01 9.497999999999999776e-01
9.425999999999999934e-01 9.499999999999999556e-01
9.425999999999999934e-01 9.499999999999999556e-01
9.425999999999999934e-01 9.497999999999999776e-01
9.425000000000000044e-01 9.496999999999999886e-01
9.425999999999999934e-01 9.495000000000000107e-01
9.425000000000000044e-01 9.491000000000000547e-01
9.425999999999999934e-01 9.485000000000000098e-01
9.425999999999999934e-01 9.492000000000000437e-01
9.425999999999999934e-01 9.493000000000000327e-01
9.425999999999999934e-01 9.496999999999999886e-01
9.425999999999999934e-01 9.494000000000000217e-01
9.425999999999999934e-01 9.494000000000000217e-01
9.425999999999999934e-01 9.492000000000000437e-01
9.425999999999999934e-01 9.493000000000000327e-01
9.425999999999999934e-01 9.494000000000000217e-01
9.425999999999999934e-01 9.491000000000000547e-01
9.425999999999999934e-01 9.492000000000000437e-01
9.425999999999999934e-01 9.495999999999999996e-01
9.425999999999999934e-01 9.485999999999999988e-01
9.425999999999999934e-01 9.488999999999999657e-01
9.425999999999999934e-01 9.492000000000000437e-01
9.425999999999999934e-01 9.496999999999999886e-01
9.425999999999999934e-01 9.496999999999999886e-01
9.425999999999999934e-01 9.494000000000000217e-01
9.425999999999999934e-01 9.497999999999999776e-01
9.425999999999999934e-01 9.505000000000000115e-01
9.425999999999999934e-01 9.505000000000000115e-01
9.425000000000000044e-01 9.502000000000000446e-01
9.425000000000000044e-01 9.502000000000000446e-01
9.425000000000000044e-01 9.504000000000000226e-01
9.425000000000000044e-01 9.500999999999999446e-01
9.425000000000000044e-01 9.502000000000000446e-01
9.425000000000000044e-01 9.503000000000000336e-01
9.425000000000000044e-01 9.502000000000000446e-01
9.425000000000000044e-01 9.500999999999999446e-01
9.425999999999999934e-01 9.496999999999999886e-01
9.425000000000000044e-01 9.500999999999999446e-01
9.425000000000000044e-01 9.503000000000000336e-01
9.424000000000000155e-01 9.503000000000000336e-01
9.423000000000000265e-01 9.500999999999999446e-01
9.423000000000000265e-01 9.499999999999999556e-01
9.423000000000000265e-01 9.506999999999999895e-01
9.423000000000000265e-01 9.506000000000000005e-01
9.423000000000000265e-01 9.507999999999999785e-01
9.423000000000000265e-01 9.508999999999999675e-01
9.423000000000000265e-01 9.502000000000000446e-01
9.422000000000000375e-01 9.507999999999999785e-01
9.423000000000000265e-01 9.505000000000000115e-01
9.422000000000000375e-01 9.505000000000000115e-01
9.423000000000000265e-01 9.503000000000000336e-01
9.422000000000000375e-01 9.505000000000000115e-01
9.422000000000000375e-01 9.505000000000000115e-01
9.423000000000000265e-01 9.506000000000000005e-01
9.423000000000000265e-01 9.506000000000000005e-01
9.423000000000000265e-01 9.507999999999999785e-01
9.424000000000000155e-01 9.507999999999999785e-01
9.424000000000000155e-01 9.499999999999999556e-01
9.424000000000000155e-01 9.500999999999999446e-01
9.424000000000000155e-01 9.505000000000000115e-01
9.424000000000000155e-01 9.502000000000000446e-01
9.424000000000000155e-01 9.504000000000000226e-01
9.424000000000000155e-01 9.504000000000000226e-01
9.424000000000000155e-01 9.502000000000000446e-01
9.424000000000000155e-01 9.502000000000000446e-01
9.423000000000000265e-01 9.500999999999999446e-01
9.424000000000000155e-01 9.503000000000000336e-01
9.424000000000000155e-01 9.506000000000000005e-01
9.424000000000000155e-01 9.502000000000000446e-01
9.424000000000000155e-01 9.507999999999999785e-01
9.424000000000000155e-01 9.503000000000000336e-01
9.424000000000000155e-01 9.505000000000000115e-01
9.424000000000000155e-01 9.506000000000000005e-01
9.424000000000000155e-01 9.504000000000000226e-01
9.424000000000000155e-01 9.505000000000000115e-01
9.425000000000000044e-01 9.505000000000000115e-01
9.425000000000000044e-01 9.506999999999999895e-01
9.425000000000000044e-01 9.510999999999999455e-01
9.425000000000000044e-01 9.513000000000000345e-01
9.425000000000000044e-01 9.507999999999999785e-01
9.424000000000000155e-01 9.510999999999999455e-01
9.425000000000000044e-01 9.514000000000000234e-01
9.425000000000000044e-01 9.514000000000000234e-01
9.425000000000000044e-01 9.512000000000000455e-01
9.425000000000000044e-01 9.512000000000000455e-01
9.425000000000000044e-01 9.510999999999999455e-01
9.425000000000000044e-01 9.509999999999999565e-01
9.425000000000000044e-01 9.506999999999999895e-01
9.425000000000000044e-01 9.506999999999999895e-01
9.425000000000000044e-01 9.506000000000000005e-01
9.425000000000000044e-01 9.508999999999999675e-01
9.425000000000000044e-01 9.508999999999999675e-01
9.425000000000000044e-01 9.503000000000000336e-01
9.425000000000000044e-01 9.503000000000000336e-01
9.425000000000000044e-01 9.507999999999999785e-01
9.425000000000000044e-01 9.508999999999999675e-01
9.425000000000000044e-01 9.505000000000000115e-01
9.425000000000000044e-01 9.505000000000000115e-01
9.425000000000000044e-01 9.506999999999999895e-01
9.425000000000000044e-01 9.506999999999999895e-01
9.425000000000000044e-01 9.505000000000000115e-01
9.425000000000000044e-01 9.507999999999999785e-01
9.425000000000000044e-01 9.508999999999999675e-01
9.425000000000000044e-01 9.512000000000000455e-01
9.425000000000000044e-01 9.506000000000000005e-01
9.425000000000000044e-01 9.506000000000000005e-01
9.425000000000000044e-01 9.506999999999999895e-01
9.425000000000000044e-01 9.509999999999999565e-01
9.424000000000000155e-01 9.510999999999999455e-01
9.425999999999999934e-01 9.507999999999999785e-01
9.425999999999999934e-01 9.504000000000000226e-01
9.425999999999999934e-01 9.499999999999999556e-01
9.425999999999999934e-01 9.508999999999999675e-01
9.425000000000000044e-01 9.508999999999999675e-01
9.425999999999999934e-01 9.506000000000000005e-01
9.425999999999999934e-01 9.505000000000000115e-01
9.425999999999999934e-01 9.506999999999999895e-01
9.425999999999999934e-01 9.507999999999999785e-01
9.425999999999999934e-01 9.510999999999999455e-01
9.425000000000000044e-01 9.513000000000000345e-01
9.425000000000000044e-01 9.505000000000000115e-01
9.425000000000000044e-01 9.505000000000000115e-01
9.425000000000000044e-01 9.504000000000000226e-01
9.425999999999999934e-01 9.506999999999999895e-01
9.426999999999999824e-01 9.512000000000000455e-01
9.426999999999999824e-01 9.507999999999999785e-01
9.425999999999999934e-01 9.506000000000000005e-01
9.425999999999999934e-01 9.509999999999999565e-01
9.425999999999999934e-01 9.508999999999999675e-01
9.425999999999999934e-01 9.507999999999999785e-01
9.425999999999999934e-01 9.507999999999999785e-01
9.426999999999999824e-01 9.506000000000000005e-01
9.426999999999999824e-01 9.506999999999999895e-01
9.425999999999999934e-01 9.508999999999999675e-01
9.425999999999999934e-01 9.510999999999999455e-01
9.425999999999999934e-01 9.507999999999999785e-01
9.425999999999999934e-01 9.505000000000000115e-01
9.425999999999999934e-01 9.506999999999999895e-01
9.425999999999999934e-01 9.504000000000000226e-01
9.425999999999999934e-01 9.507999999999999785e-01
9.425999999999999934e-01 9.508999999999999675e-01
9.425999999999999934e-01 9.506999999999999895e-01
9.425999999999999934e-01 9.505000000000000115e-01
9.425999999999999934e-01 9.503000000000000336e-01
9.425999999999999934e-01 9.503000000000000336e-01
9.425999999999999934e-01 9.506999999999999895e-01
9.425999999999999934e-01 9.508999999999999675e-01
9.425999999999999934e-01 9.499999999999999556e-01
9.425999999999999934e-01 9.503000000000000336e-01
9.425999999999999934e-01 9.508999999999999675e-01
9.425999999999999934e-01 9.512000000000000455e-01
9.425999999999999934e-01 9.509999999999999565e-01
9.425999999999999934e-01 9.512000000000000455e-01
9.425999999999999934e-01 9.507999999999999785e-01
9.425999999999999934e-01 9.513000000000000345e-01
9.425999999999999934e-01 9.510999999999999455e-01
9.425999999999999934e-01 9.506000000000000005e-01
9.425999999999999934e-01 9.513000000000000345e-01
9.425999999999999934e-01 9.512000000000000455e-01
9.425000000000000044e-01 9.512000000000000455e-01
9.425000000000000044e-01 9.512000000000000455e-01
9.424000000000000155e-01 9.514000000000000234e-01
9.424000000000000155e-01 9.513000000000000345e-01
9.424000000000000155e-01 9.518999999999999684e-01
9.424000000000000155e-01 9.516999999999999904e-01
9.425000000000000044e-01 9.516999999999999904e-01
9.425000000000000044e-01 9.520999999999999464e-01
9.425000000000000044e-01 9.517999999999999794e-01
9.425000000000000044e-01 9.522000000000000464e-01
9.425000000000000044e-01 9.524000000000000243e-01
9.425000000000000044e-01 9.512000000000000455e-01
9.425000000000000044e-01 9.510999999999999455e-01
9.425000000000000044e-01 9.509999999999999565e-01
9.425000000000000044e-01 9.514000000000000234e-01
9.425000000000000044e-01 9.510999999999999455e-01
9.425000000000000044e-01 9.506000000000000005e-01
9.425000000000000044e-01 9.513000000000000345e-01
9.425000000000000044e-01 9.517999999999999794e-01
9.425000000000000044e-01 9.517999999999999794e-01
9.425000000000000044e-01 9.516999999999999904e-01
9.425000000000000044e-01 9.512000000000000455e-01
9.425000000000000044e-01 9.508999999999999675e-01
9.425000000000000044e-01 9.506999999999999895e-01
9.425000000000000044e-01 9.516999999999999904e-01
9.425000000000000044e-01 9.512000000000000455e-01
9.425000000000000044e-01 9.513000000000000345e-01
9.425000000000000044e-01 9.507999999999999785e-01
9.425000000000000044e-01 9.508999999999999675e-01
9.425000000000000044e-01 9.512000000000000455e-01
9.425000000000000044e-01 9.513000000000000345e-01
9.425000000000000044e-01 9.506999999999999895e-01
9.425000000000000044e-01 9.514000000000000234e-01
9.425000000000000044e-01 9.516999999999999904e-01
9.425000000000000044e-01 9.514000000000000234e-01
9.424000000000000155e-01 9.515000000000000124e-01
9.422000000000000375e-01 9.518999999999999684e-01
9.423000000000000265e-01 9.515000000000000124e-01
9.423000000000000265e-01 9.509999999999999565e-01
9.423000000000000265e-01 9.512000000000000455e-01
9.424000000000000155e-01 9.512000000000000455e-01
9.423000000000000265e-01 9.509999999999999565e-01
9.424000000000000155e-01 9.508999999999999675e-01
9.425000000000000044e-01 9.509999999999999565e-01
9.425000000000000044e-01 9.512000000000000455e-01
9.425999999999999934e-01 9.510999999999999455e-01
9.425999999999999934e-01 9.508999999999999675e-01
9.425999999999999934e-01 9.507999999999999785e-01
9.425999999999999934e-01 9.504000000000000226e-01
9.425999999999999934e-01 9.507999999999999785e-01
9.425999999999999934e-01 9.502000000000000446e-01
9.425999999999999934e-01 9.502000000000000446e-01
9.425999999999999934e-01 9.499999999999999556e-01
9.425999999999999934e-01 9.508999999999999675e-01
9.425999999999999934e-01 9.508999999999999675e-01
9.425999999999999934e-01 9.506999999999999895e-01
9.425999999999999934e-01 9.503000000000000336e-01
9.425999999999999934e-01 9.508999999999999675e-01
9.425999999999999934e-01 9.508999999999999675e-01
9.425999999999999934e-01 9.505000000000000115e-01
9.425999999999999934e-01 9.505000000000000115e-01
9.425999999999999934e-01 9.504000000000000226e-01
9.425999999999999934e-01 9.510999999999999455e-01
9.425999999999999934e-01 9.504000000000000226e-01
9.425999999999999934e-01 9.506000000000000005e-01
9.425999999999999934e-01 9.506999999999999895e-01
9.425999999999999934e-01 9.506999999999999895e-01
9.425000000000000044e-01 9.509999999999999565e-01
9.425000000000000044e-01 9.510999999999999455e-01
9.425000000000000044e-01 9.510999999999999455e-01
9.425999999999999934e-01 9.512000000000000455e-01
9.425000000000000044e-01 9.509999999999999565e-01
9.425999999999999934e-01 9.512000000000000455e-01
9.425999999999999934e-01 9.504000000000000226e-01
9.425999999999999934e-01 9.507999999999999785e-01
9.425999999999999934e-01 9.509999999999999565e-01
9.425999999999999934e-01 9.507999999999999785e-01
9.425999999999999934e-01 9.506999999999999895e-01
9.425999999999999934e-01 9.504000000000000226e-01
9.425000000000000044e-01 9.506999999999999895e-01
9.425000000000000044e-01 9.512000000000000455e-01
9.425000000000000044e-01 9.509999999999999565e-01
9.425000000000000044e-01 9.514000000000000234e-01
9.425000000000000044e-01 9.516000000000000014e-01
9.425000000000000044e-01 9.510999999999999455e-01
9.425000000000000044e-01 9.510999999999999455e-01
9.425000000000000044e-01 9.509999999999999565e-01
9.424000000000000155e-01 9.508999999999999675e-01
9.424000000000000155e-01 9.508999999999999675e-01
9.424000000000000155e-01 9.508999999999999675e-01
9.424000000000000155e-01 9.512000000000000455e-01
9.424000000000000155e-01 9.510999999999999455e-01
9.424000000000000155e-01 9.509999999999999565e-01
9.424000000000000155e-01 9.509999999999999565e-01
9.424000000000000155e-01 9.510999999999999455e-01
9.424000000000000155e-01 9.515000000000000124e-01
9.424000000000000155e-01 9.513000000000000345e-01
9.424000000000000155e-01 9.515000000000000124e-01
9.423000000000000265e-01 9.515000000000000124e-01
9.423000000000000265e-01 9.514000000000000234e-01
9.423000000000000265e-01 9.512000000000000455e-01
9.423000000000000265e-01 9.514000000000000234e-01
9.423000000000000265e-01 9.515000000000000124e-01
9.423000000000000265e-01 9.514000000000000234e-01
9.423000000000000265e-01 9.514000000000000234e-01
9.423000000000000265e-01 9.513000000000000345e-01
9.423000000000000265e-01 9.515000000000000124e-01
9.423000000000000265e-01 9.508999999999999675e-01
9.423000000000000265e-01 9.510999999999999455e-01
9.423000000000000265e-01 9.506000000000000005e-01
9.423000000000000265e-01 9.504000000000000226e-01
9.423000000000000265e-01 9.506000000000000005e-01
9.423000000000000265e-01 9.504000000000000226e-01
9.423000000000000265e-01 9.504000000000000226e-01
9.423000000000000265e-01 9.509999999999999565e-01
9.423000000000000265e-01 9.509999999999999565e-01
9.423000000000000265e-01 9.505000000000000115e-01
9.423000000000000265e-01 9.504000000000000226e-01
9.423000000000000265e-01 9.504000000000000226e-01
9.424000000000000155e-01 9.514000000000000234e-01
9.423000000000000265e-01 9.507999999999999785e-01
9.424000000000000155e-01 9.506999999999999895e-01
9.424000000000000155e-01 9.508999999999999675e-01
9.424000000000000155e-01 9.506999999999999895e-01
9.424000000000000155e-01 9.504000000000000226e-01
9.424000000000000155e-01 9.506000000000000005e-01
9.425000000000000044e-01 9.502000000000000446e-01
9.425000000000000044e-01 9.502000000000000446e-01
9.425000000000000044e-01 9.505000000000000115e-01
9.425000000000000044e-01 9.506000000000000005e-01
9.425000000000000044e-01 9.507999999999999785e-01
9.425000000000000044e-01 9.507999999999999785e-01
9.425000000000000044e-01 9.504000000000000226e-01
9.425000000000000044e-01 9.507999999999999785e-01
9.424000000000000155e-01 9.506000000000000005e-01
9.425000000000000044e-01 9.507999999999999785e-01
9.425000000000000044e-01 9.507999999999999785e-01
9.425000000000000044e-01 9.508999999999999675e-01
9.425000000000000044e-01 9.507999999999999785e-01
9.425000000000000044e-01 9.508999999999999675e-01
9.425000000000000044e-01 9.506000000000000005e-01
9.425000000000000044e-01 9.505000000000000115e-01
9.425000000000000044e-01 9.508999999999999675e-01
9.425999999999999934e-01 9.507999999999999785e-01
9.425999999999999934e-01 9.506999999999999895e-01
9.425999999999999934e-01 9.506999999999999895e-01
9.425999999999999934e-01 9.504000000000000226e-01
9.425999999999999934e-01 9.502000000000000446e-01
9.425999999999999934e-01 9.507999999999999785e-01
9.425999999999999934e-01 9.512000000000000455e-01
9.425999999999999934e-01 9.509999999999999565e-01
9.425999999999999934e-01 9.513000000000000345e-01
9.425999999999999934e-01 9.509999999999999565e-01
9.425999999999999934e-01 9.506000000000000005e-01
9.425999999999999934e-01 9.506999999999999895e-01
9.425999999999999934e-01 9.506999999999999895e-01
9.426999999999999824e-01 9.507999999999999785e-01
9.425999999999999934e-01 9.507999999999999785e-01
9.425999999999999934e-01 9.506999999999999895e-01
9.426999999999999824e-01 9.507999999999999785e-01
9.426999999999999824e-01 9.507999999999999785e-01
9.425999999999999934e-01 9.512000000000000455e-01
9.426999999999999824e-01 9.510999999999999455e-01
9.426999999999999824e-01 9.512000000000000455e-01
9.425999999999999934e-01 9.516999999999999904e-01
9.425999999999999934e-01 9.516000000000000014e-01
9.425999999999999934e-01 9.516000000000000014e-01
9.426999999999999824e-01 9.513000000000000345e-01
9.426999999999999824e-01 9.515000000000000124e-01
9.426999999999999824e-01 9.519999999999999574e-01
9.426999999999999824e-01 9.515000000000000124e-01
9.426999999999999824e-01 9.516999999999999904e-01
9.426999999999999824e-01 9.515000000000000124e-01
9.426999999999999824e-01 9.513000000000000345e-01
9.427999999999999714e-01 9.516000000000000014e-01
9.427999999999999714e-01 9.513000000000000345e-01
9.427999999999999714e-01 9.513000000000000345e-01
9.427999999999999714e-01 9.513000000000000345e-01
9.427999999999999714e-01 9.509999999999999565e-01
9.427999999999999714e-01 9.509999999999999565e-01
9.427999999999999714e-01 9.506999999999999895e-01
9.427999999999999714e-01 9.503000000000000336e-01
9.427999999999999714e-01 9.505000000000000115e-01
9.427999999999999714e-01 9.503000000000000336e-01
9.428999999999999604e-01 9.504000000000000226e-01
9.428999999999999604e-01 9.503000000000000336e-01
9.428999999999999604e-01 9.503000000000000336e-01
9.427999999999999714e-01 9.507999999999999785e-01
9.426999999999999824e-01 9.506999999999999895e-01
9.426999999999999824e-01 9.510999999999999455e-01
9.426999999999999824e-01 9.508999999999999675e-01
9.426999999999999824e-01 9.507999999999999785e-01
9.427999999999999714e-01 9.509999999999999565e-01
9.427999999999999714e-01 9.510999999999999455e-01
9.427999999999999714e-01 9.513000000000000345e-01
9.427999999999999714e-01 9.512000000000000455e-01
9.427999999999999714e-01 9.514000000000000234e-01
9.427999999999999714e-01 9.516000000000000014e-01
9.427999999999999714e-01 9.516000000000000014e-01
9.427999999999999714e-01 9.516000000000000014e-01
9.427999999999999714e-01 9.508999999999999675e-01
9.427999999999999714e-01 9.507999999999999785e-01
9.427999999999999714e-01 9.512000000000000455e-01
9.427999999999999714e-01 9.513000000000000345e-01
9.427999999999999714e-01 9.506000000000000005e-01
9.427999999999999714e-01 9.505000000000000115e-01
9.427999999999999714e-01 9.509999999999999565e-01
9.427999999999999714e-01 9.508999999999999675e-01
9.427999999999999714e-01 9.509999999999999565e-01
9.427999999999999714e-01 9.510999999999999455e-01
9.427999999999999714e-01 9.512000000000000455e-01
9.427999999999999714e-01 9.510999999999999455e-01
9.427999999999999714e-01 9.510999999999999455e-01
9.427999999999999714e-01 9.506000000000000005e-01
9.427999999999999714e-01 9.506999999999999895e-01
9.427999999999999714e-01 9.508999999999999675e-01
9.427999999999999714e-01 9.516000000000000014e-01
9.427999999999999714e-01 9.516999999999999904e-01
9.427999999999999714e-01 9.520999999999999464e-01
9.427999999999999714e-01 9.516999999999999904e-01
9.427999999999999714e-01 9.516999999999999904e-01
9.427999999999999714e-01 9.513000000000000345e-01
9.427999999999999714e-01 9.519999999999999574e-01
9.427999999999999714e-01 9.516000000000000014e-01
9.427999999999999714e-01 9.513000000000000345e-01
9.427999999999999714e-01 9.513000000000000345e-01
9.425999999999999934e-01 9.507999999999999785e-01
9.425999999999999934e-01 9.505000000000000115e-01
9.425999999999999934e-01 9.504000000000000226e-01
9.425999999999999934e-01 9.506000000000000005e-01
9.425999999999999934e-01 9.503000000000000336e-01
9.425999999999999934e-01 9.495999999999999996e-01
9.425999999999999934e-01 9.496999999999999886e-01
9.425999999999999934e-01 9.499999999999999556e-01
9.425999999999999934e-01 9.505000000000000115e-01
9.425999999999999934e-01 9.506999999999999895e-01
9.426999999999999824e-01 9.509999999999999565e-01
9.426999999999999824e-01 9.509999999999999565e-01
9.426999999999999824e-01 9.509999999999999565e-01
9.426999999999999824e-01 9.504000000000000226e-01
9.426999999999999824e-01 9.500999999999999446e-01
9.426999999999999824e-01 9.495999999999999996e-01
9.426999999999999824e-01 9.498999999999999666e-01
9.426999999999999824e-01 9.503000000000000336e-01
9.426999999999999824e-01 9.496999999999999886e-01
9.426999999999999824e-01 9.504000000000000226e-01
9.426999999999999824e-01 9.506999999999999895e-01
9.426999999999999824e-01 9.500999999999999446e-01
9.426999999999999824e-01 9.499999999999999556e-01
9.426999999999999824e-01 9.498999999999999666e-01
9.426999999999999824e-01 9.499999999999999556e-01
9.426999999999999824e-01 9.504000000000000226e-01
9.426999999999999824e-01 9.504000000000000226e-01
9.426999999999999824e-01 9.502000000000000446e-01
9.426999999999999824e-01 9.502000000000000446e-01
9.426999999999999824e-01 9.498999999999999666e-01
9.426999999999999824e-01 9.498999999999999666e-01
9.426999999999999824e-01 9.503000000000000336e-01
9.426999999999999824e-01 9.503000000000000336e-01
9.426999999999999824e-01 9.504000000000000226e-01
9.426999999999999824e-01 9.502000000000000446e-01
9.426999999999999824e-01 9.504000000000000226e-01
9.426999999999999824e-01 9.503000000000000336e-01
9.426999999999999824e-01 9.507999999999999785e-01
9.426999999999999824e-01 9.506999999999999895e-01
9.426999999999999824e-01 9.512000000000000455e-01
9.426999999999999824e-01 9.507999999999999785e-01
9.426999999999999824e-01 9.512000000000000455e-01
9.426999999999999824e-01 9.509999999999999565e-01
9.426999999999999824e-01 9.514000000000000234e-01
9.426999999999999824e-01 9.512000000000000455e-01
9.426999999999999824e-01 9.512000000000000455e-01
9.426999999999999824e-01 9.513000000000000345e-01
9.426999999999999824e-01 9.513000000000000345e-01
9.426999999999999824e-01 9.513000000000000345e-01
9.426999999999999824e-01 9.512000000000000455e-01
9.426999999999999824e-01 9.507999999999999785e-01
9.426999999999999824e-01 9.509999999999999565e-01
9.426999999999999824e-01 9.510999999999999455e-01
9.426999999999999824e-01 9.513000000000000345e-01
9.426999999999999824e-01 9.509999999999999565e-01
9.426999999999999824e-01 9.506999999999999895e-01
9.426999999999999824e-01 9.503000000000000336e-01
9.426999999999999824e-01 9.506000000000000005e-01
9.426999999999999824e-01 9.503000000000000336e-01
9.427999999999999714e-01 9.500999999999999446e-01
9.426999999999999824e-01 9.505000000000000115e-01
9.425999999999999934e-01 9.506000000000000005e-01
9.425999999999999934e-01 9.506000000000000005e-01
9.425000000000000044e-01 9.506000000000000005e-01
9.425000000000000044e-01 9.506000000000000005e-01
9.425000000000000044e-01 9.506000000000000005e-01
9.425000000000000044e-01 9.504000000000000226e-01
9.425000000000000044e-01 9.499999999999999556e-01
9.425000000000000044e-01 9.504000000000000226e-01
9.425000000000000044e-01 9.505000000000000115e-01
9.425000000000000044e-01 9.504000000000000226e-01
9.425000000000000044e-01 9.505000000000000115e-01
9.425000000000000044e-01 9.505000000000000115e-01
9.425000000000000044e-01 9.506999999999999895e-01
9.425000000000000044e-01 9.506999999999999895e-01
9.425000000000000044e-01 9.507999999999999785e-01
9.425000000000000044e-01 9.506000000000000005e-01
9.425000000000000044e-01 9.503000000000000336e-01
9.425000000000000044e-01 9.497999999999999776e-01
9.425000000000000044e-01 9.500999999999999446e-01
9.425000000000000044e-01 9.506000000000000005e-01
9.425000000000000044e-01 9.499999999999999556e-01
9.425000000000000044e-01 9.499999999999999556e-01
9.425000000000000044e-01 9.496999999999999886e-01
9.425000000000000044e-01 9.497999999999999776e-01
9.425000000000000044e-01 9.496999999999999886e-01
9.425000000000000044e-01 9.495999999999999996e-01
9.425000000000000044e-01 9.495999999999999996e-01
9.425000000000000044e-01 9.489999999999999547e-01
9.425000000000000044e-01 9.489999999999999547e-01
9.425000000000000044e-01 9.493000000000000327e-01
9.425000000000000044e-01 9.488999999999999657e-01
9.425000000000000044e-01 9.491000000000000547e-01
9.425000000000000044e-01 9.491000000000000547e-01
9.425000000000000044e-01 9.492000000000000437e-01
9.425000000000000044e-01 9.491000000000000547e-01
9.425000000000000044e-01 9.492000000000000437e-01
9.425000000000000044e-01 9.495999999999999996e-01
9.425000000000000044e-01 9.494000000000000217e-01
9.425000000000000044e-01 9.498999999999999666e-01
9.425000000000000044e-01 9.497999999999999776e-01
9.425000000000000044e-01 9.497999999999999776e-01
9.425999999999999934e-01 9.495999999999999996e-01
9.425999999999999934e-01 9.495999999999999996e-01
9.425999999999999934e-01 9.496999999999999886e-01
9.425999999999999934e-01 9.500999999999999446e-01
9.425999999999999934e-01 9.506000000000000005e-01
9.425999999999999934e-01 9.503000000000000336e-01
9.425999999999999934e-01 9.505000000000000115e-01
9.425999999999999934e-01 9.505000000000000115e-01
9.425999999999999934e-01 9.505000000000000115e-01
9.425000000000000044e-01 9.502000000000000446e-01
9.425000000000000044e-01 9.502000000000000446e-01
9.425000000000000044e-01 9.502000000000000446e-01
9.425000000000000044e-01 9.499999999999999556e-01
9.425000000000000044e-01 9.506999999999999895e-01
9.424000000000000155e-01 9.506999999999999895e-01
9.424000000000000155e-01 9.507999999999999785e-01
9.424000000000000155e-01 9.506000000000000005e-01
9.424000000000000155e-01 9.505000000000000115e-01
9.424000000000000155e-01 9.508999999999999675e-01
9.424000000000000155e-01 9.507999999999999785e-01
9.424000000000000155e-01 9.507999999999999785e-01
9.424000000000000155e-01 9.507999999999999785e-01
9.424000000000000155e-01 9.506999999999999895e-01
9.424000000000000155e-01 9.507999999999999785e-01
9.424000000000000155e-01 9.512000000000000455e-01
9.424000000000000155e-01 9.509999999999999565e-01
9.424000000000000155e-01 9.510999999999999455e-01
9.424000000000000155e-01 9.505000000000000115e-01
9.424000000000000155e-01 9.505000000000000115e-01
9.424000000000000155e-01 9.500999999999999446e-01
9.424000000000000155e-01 9.503000000000000336e-01
9.424000000000000155e-01 9.500999999999999446e-01
9.424000000000000155e-01 9.500999999999999446e-01
9.424000000000000155e-01 9.499999999999999556e-01
9.424000000000000155e-01 9.506000000000000005e-01
9.424000000000000155e-01 9.505000000000000115e-01
9.424000000000000155e-01 9.505000000000000115e-01
9.424000000000000155e-01 9.500999999999999446e-01
9.424000000000000155e-01 9.503000000000000336e-01
9.424000000000000155e-01 9.502000000000000446e-01
9.424000000000000155e-01 9.503000000000000336e-01
9.424000000000000155e-01 9.504000000000000226e-01
9.424000000000000155e-01 9.503000000000000336e-01
9.423000000000000265e-01 9.502000000000000446e-01
9.423000000000000265e-01 9.507999999999999785e-01
9.423000000000000265e-01 9.506999999999999895e-01
9.423000000000000265e-01 9.506999999999999895e-01
9.423000000000000265e-01 9.506999999999999895e-01
9.423000000000000265e-01 9.506999999999999895e-01
9.423000000000000265e-01 9.503000000000000336e-01
9.423000000000000265e-01 9.502000000000000446e-01
9.423000000000000265e-01 9.503000000000000336e-01
9.423000000000000265e-01 9.504000000000000226e-01
9.423000000000000265e-01 9.499999999999999556e-01
9.423000000000000265e-01 9.505000000000000115e-01
9.424000000000000155e-01 9.503000000000000336e-01
9.424000000000000155e-01 9.509999999999999565e-01
9.424000000000000155e-01 9.508999999999999675e-01
9.424000000000000155e-01 9.506000000000000005e-01
9.423000000000000265e-01 9.509999999999999565e-01
9.423000000000000265e-01 9.509999999999999565e-01
9.423000000000000265e-01 9.508999999999999675e-01
9.423000000000000265e-01 9.508999999999999675e-01
9.423000000000000265e-01 9.509999999999999565e-01
9.423000000000000265e-01 9.513000000000000345e-01
9.423000000000000265e-01 9.513000000000000345e-01
9.423000000000000265e-01 9.515000000000000124e-01
9.423000000000000265e-01 9.506000000000000005e-01
9.423000000000000265e-01 9.505000000000000115e-01
9.424000000000000155e-01 9.508999999999999675e-01
9.424000000000000155e-01 9.507999999999999785e-01
9.424000000000000155e-01 9.503000000000000336e-01
9.423000000000000265e-01 9.500999999999999446e-01
9.423000000000000265e-01 9.500999999999999446e-01
9.423000000000000265e-01 9.504000000000000226e-01
9.423000000000000265e-01 9.499999999999999556e-01
9.423000000000000265e-01 9.500999999999999446e-01
9.423000000000000265e-01 9.498999999999999666e-01
9.423000000000000265e-01 9.502000000000000446e-01
9.423000000000000265e-01 9.499999999999999556e-01
9.423000000000000265e-01 9.497999999999999776e-01
9.423000000000000265e-01 9.496999999999999886e-01
9.423000000000000265e-01 9.495000000000000107e-01
9.423000000000000265e-01 9.498999999999999666e-01
9.423000000000000265e-01 9.496999999999999886e-01
9.422000000000000375e-01 9.497999999999999776e-01
9.422000000000000375e-01 9.499999999999999556e-01
9.422000000000000375e-01 9.507999999999999785e-01
9.422000000000000375e-01 9.502000000000000446e-01
9.422000000000000375e-01 9.503000000000000336e-01
9.422000000000000375e-01 9.498999999999999666e-01
9.422000000000000375e-01 9.496999999999999886e-01
9.422000000000000375e-01 9.496999999999999886e-01
9.422000000000000375e-01 9.497999999999999776e-01
9.422000000000000375e-01 9.496999999999999886e-01
9.422000000000000375e-01 9.500999999999999446e-01
9.423000000000000265e-01 9.499999999999999556e-01
9.423000000000000265e-01 9.498999999999999666e-01
9.423000000000000265e-01 9.495999999999999996e-01
9.423000000000000265e-01 9.494000000000000217e-01
9.423000000000000265e-01 9.495999999999999996e-01
9.423000000000000265e-01 9.493000000000000327e-01
9.423000000000000265e-01 9.497999999999999776e-01
9.423000000000000265e-01 9.497999999999999776e-01
9.423000000000000265e-01 9.497999999999999776e-01
9.423000000000000265e-01 9.497999999999999776e-01
9.423000000000000265e-01 9.497999999999999776e-01
9.423000000000000265e-01 9.494000000000000217e-01
9.423000000000000265e-01 9.495000000000000107e-01
9.423000000000000265e-01 9.494000000000000217e-01
9.422000000000000375e-01 9.496999999999999886e-01
9.422000000000000375e-01 9.494000000000000217e-01
9.422000000000000375e-01 9.498999999999999666e-01
9.422000000000000375e-01 9.505000000000000115e-01
9.422000000000000375e-01 9.504000000000000226e-01
9.423000000000000265e-01 9.506000000000000005e-01
9.423000000000000265e-01 9.500999999999999446e-01
9.423000000000000265e-01 9.505000000000000115e-01
9.423000000000000265e-01 9.504000000000000226e-01
9.423000000000000265e-01 9.503000000000000336e-01
9.423000000000000265e-01 9.499999999999999556e-01
9.424000000000000155e-01 9.500999999999999446e-01
9.424000000000000155e-01 9.497999999999999776e-01
9.424000000000000155e-01 9.498999999999999666e-01
9.424000000000000155e-01 9.494000000000000217e-01
9.424000000000000155e-01 9.498999999999999666e-01
9.424000000000000155e-01 9.504000000000000226e-01
9.424000000000000155e-01 9.505000000000000115e-01
9.424000000000000155e-01 9.504000000000000226e-01
9.423000000000000265e-01 9.505000000000000115e-01
9.423000000000000265e-01 9.506999999999999895e-01
9.423000000000000265e-01 9.504000000000000226e-01
9.423000000000000265e-01 9.507999999999999785e-01
9.423000000000000265e-01 9.508999999999999675e-01
9.423000000000000265e-01 9.513000000000000345e-01
9.423000000000000265e-01 9.506999999999999895e-01
9.423000000000000265e-01 9.506000000000000005e-01
9.422000000000000375e-01 9.506000000000000005e-01
9.422000000000000375e-01 9.506999999999999895e-01
9.422000000000000375e-01 9.508999999999999675e-01
9.422000000000000375e-01 9.507999999999999785e-01
9.422000000000000375e-01 9.508999999999999675e-01
9.422000000000000375e-01 9.509999999999999565e-01
9.422000000000000375e-01 9.506999999999999895e-01
9.422000000000000375e-01 9.509999999999999565e-01
9.422000000000000375e-01 9.503000000000000336e-01
9.422000000000000375e-01 9.506999999999999895e-01
9.421000000000000485e-01 9.503000000000000336e-01
9.421000000000000485e-01 9.507999999999999785e-01
9.421000000000000485e-01 9.508999999999999675e-01
9.421000000000000485e-01 9.506000000000000005e-01
9.421000000000000485e-01 9.506000000000000005e-01
9.422000000000000375e-01 9.503000000000000336e-01
9.421000000000000485e-01 9.507999999999999785e-01
9.421000000000000485e-01 9.506999999999999895e-01
9.422000000000000375e-01 9.505000000000000115e-01
9.419999999999999485e-01 9.506999999999999895e-01
9.419999999999999485e-01 9.509999999999999565e-01
9.419999999999999485e-01 9.508999999999999675e-01
9.419999999999999485e-01 9.506000000000000005e-01
9.419999999999999485e-01 9.500999999999999446e-01
9.419999999999999485e-01 9.506000000000000005e-01
9.419999999999999485e-01 9.497999999999999776e-01
9.421000000000000485e-01 9.499999999999999556e-01
9.419999999999999485e-01 9.505000000000000115e-01
9.421000000000000485e-01 9.505000000000000115e-01
9.419999999999999485e-01 9.505000000000000115e-01
9.419999999999999485e-01 9.515000000000000124e-01
9.419999999999999485e-01 9.506999999999999895e-01
9.421000000000000485e-01 9.506000000000000005e-01
9.419999999999999485e-01 9.505000000000000115e-01
9.419999999999999485e-01 9.506999999999999895e-01
9.419999999999999485e-01 9.510999999999999455e-01
9.419999999999999485e-01 9.506999999999999895e-01
9.419999999999999485e-01 9.506999999999999895e-01
9.419999999999999485e-01 9.507999999999999785e-01
9.419999999999999485e-01 9.505000000000000115e-01
9.419999999999999485e-01 9.506000000000000005e-01
9.419999999999999485e-01 9.506999999999999895e-01
9.419999999999999485e-01 9.504000000000000226e-01
9.419999999999999485e-01 9.504000000000000226e-01
9.419999999999999485e-01 9.503000000000000336e-01
9.419999999999999485e-01 9.504000000000000226e-01
9.419999999999999485e-01 9.497999999999999776e-01
9.419999999999999485e-01 9.499999999999999556e-01
9.419999999999999485e-01 9.497999999999999776e-01
9.419999999999999485e-01 9.500999999999999446e-01
9.419999999999999485e-01 9.506999999999999895e-01
9.419999999999999485e-01 9.508999999999999675e-01
9.419999999999999485e-01 9.506999999999999895e-01
9.419999999999999485e-01 9.506000000000000005e-01
9.419999999999999485e-01 9.504000000000000226e-01
9.419999999999999485e-01 9.508999999999999675e-01
9.419999999999999485e-01 9.506000000000000005e-01
9.419999999999999485e-01 9.508999999999999675e-01
9.419999999999999485e-01 9.504000000000000226e-01
9.419999999999999485e-01 9.505000000000000115e-01
9.419999999999999485e-01 9.506999999999999895e-01
9.419999999999999485e-01 9.504000000000000226e-01
9.418999999999999595e-01 9.508999999999999675e-01
9.418999999999999595e-01 9.506999999999999895e-01
9.419999999999999485e-01 9.506999999999999895e-01
9.419999999999999485e-01 9.508999999999999675e-01
9.419999999999999485e-01 9.504000000000000226e-01
9.419999999999999485e-01 9.504000000000000226e-01
9.419999999999999485e-01 9.508999999999999675e-01
9.419999999999999485e-01 9.506999999999999895e-01
9.419999999999999485e-01 9.509999999999999565e-01
9.421000000000000485e-01 9.507999999999999785e-01
9.421000000000000485e-01 9.506000000000000005e-01
9.421000000000000485e-01 9.504000000000000226e-01
9.418999999999999595e-01 9.497999999999999776e-01
9.421000000000000485e-01 9.494000000000000217e-01
9.419999999999999485e-01 9.502000000000000446e-01
9.419999999999999485e-01 9.502000000000000446e-01
9.421000000000000485e-01 9.502000000000000446e-01
9.419999999999999485e-01 9.500999999999999446e-01
9.419999999999999485e-01 9.495999999999999996e-01
9.419999999999999485e-01 9.499999999999999556e-01
9.418999999999999595e-01 9.503000000000000336e-01
9.418999999999999595e-01 9.499999999999999556e-01
9.418999999999999595e-01 9.502000000000000446e-01
9.418999999999999595e-01 9.496999999999999886e-01
9.418999999999999595e-01 9.502000000000000446e-01
9.419999999999999485e-01 9.500999999999999446e-01
9.419999999999999485e-01 9.502000000000000446e-01
9.419999999999999485e-01 9.504000000000000226e-01
9.419999999999999485e-01 9.505000000000000115e-01
9.419999999999999485e-01 9.505000000000000115e-01
9.418999999999999595e-01 9.502000000000000446e-01
9.418999999999999595e-01 9.504000000000000226e-01
9.418999999999999595e-01 9.504000000000000226e-01
9.418999999999999595e-01 9.500999999999999446e-01
9.418999999999999595e-01 9.502000000000000446e-01
9.419999999999999485e-01 9.505000000000000115e-01
9.418999999999999595e-01 9.502000000000000446e-01
9.418999999999999595e-01 9.500999999999999446e-01
9.418999999999999595e-01 9.497999999999999776e-01
9.418999999999999595e-01 9.495000000000000107e-01
9.418999999999999595e-01 9.496999999999999886e-01
9.418999999999999595e-01 9.498999999999999666e-01
9.418999999999999595e-01 9.495999999999999996e-01
9.418999999999999595e-01 9.502000000000000446e-01
9.418999999999999595e-01 9.498999999999999666e-01
9.418999999999999595e-01 9.502000000000000446e-01
9.418999999999999595e-01 9.503000000000000336e-01
9.418999999999999595e-01 9.499999999999999556e-01
9.418999999999999595e-01 9.500999999999999446e-01
9.417999999999999705e-01 9.504000000000000226e-01
9.418999999999999595e-01 9.503000000000000336e-01
9.419999999999999485e-01 9.498999999999999666e-01
9.419999999999999485e-01 9.504000000000000226e-01
9.419999999999999485e-01 9.502000000000000446e-01
9.418999999999999595e-01 9.505000000000000115e-01
9.419999999999999485e-01 9.506999999999999895e-01
9.419999999999999485e-01 9.509999999999999565e-01
9.419999999999999485e-01 9.507999999999999785e-01
9.419999999999999485e-01 9.513000000000000345e-01
9.419999999999999485e-01 9.512000000000000455e-01
9.419999999999999485e-01 9.509999999999999565e-01
9.419999999999999485e-01 9.509999999999999565e-01
9.419999999999999485e-01 9.505000000000000115e-01
9.419999999999999485e-01 9.509999999999999565e-01
9.421000000000000485e-01 9.506999999999999895e-01
9.421000000000000485e-01 9.505000000000000115e-01
9.421000000000000485e-01 9.502000000000000446e-01
9.421000000000000485e-01 9.503000000000000336e-01
9.421000000000000485e-01 9.502000000000000446e-01
9.421000000000000485e-01 9.506000000000000005e-01
9.419999999999999485e-01 9.506999999999999895e-01
9.419999999999999485e-01 9.506999999999999895e-01
9.419999999999999485e-01 9.506000000000000005e-01
9.419999999999999485e-01 9.507999999999999785e-01
9.421000000000000485e-01 9.507999999999999785e-01
9.421000000000000485e-01 9.502000000000000446e-01
9.421000000000000485e-01 9.502000000000000446e-01
9.421000000000000485e-01 9.506999999999999895e-01
9.421000000000000485e-01 9.506000000000000005e-01
9.421000000000000485e-01 9.506000000000000005e-01
9.421000000000000485e-01 9.506999999999999895e-01
9.421000000000000485e-01 9.506999999999999895e-01
9.421000000000000485e-01 9.510999999999999455e-01
9.421000000000000485e-01 9.510999999999999455e-01
9.421000000000000485e-01 9.510999999999999455e-01
9.421000000000000485e-01 9.515000000000000124e-01
9.421000000000000485e-01 9.507999999999999785e-01
9.421000000000000485e-01 9.506000000000000005e-01
9.421000000000000485e-01 9.507999999999999785e-01
9.421000000000000485e-01 9.505000000000000115e-01
9.422000000000000375e-01 9.506999999999999895e-01
9.422000000000000375e-01 9.509999999999999565e-01
9.422000000000000375e-01 9.507999999999999785e-01
9.422000000000000375e-01 9.513000000000000345e-01
9.422000000000000375e-01 9.510999999999999455e-01
9.422000000000000375e-01 9.509999999999999565e-01
9.422000000000000375e-01 9.506000000000000005e-01
9.422000000000000375e-01 9.512000000000000455e-01
9.422000000000000375e-01 9.508999999999999675e-01
9.422000000000000375e-01 9.510999999999999455e-01
9.422000000000000375e-01 9.510999999999999455e-01
9.422000000000000375e-01 9.505000000000000115e-01
9.422000000000000375e-01 9.505000000000000115e-01
9.422000000000000375e-01 9.509999999999999565e-01
9.422000000000000375e-01 9.506999999999999895e-01
9.422000000000000375e-01 9.510999999999999455e-01
9.422000000000000375e-01 9.513000000000000345e-01
9.422000000000000375e-01 9.513000000000000345e-01
9.421000000000000485e-01 9.513000000000000345e-01
9.419999999999999485e-01 9.515000000000000124e-01
9.419999999999999485e-01 9.516000000000000014e-01
9.419999999999999485e-01 9.516000000000000014e-01
9.419999999999999485e-01 9.516000000000000014e-01
9.419999999999999485e-01 9.515000000000000124e-01
9.419999999999999485e-01 9.516000000000000014e-01
9.419999999999999485e-01 9.515000000000000124e-01
9.419999999999999485e-01 9.516000000000000014e-01
9.419999999999999485e-01 9.512000000000000455e-01
9.419999999999999485e-01 9.508999999999999675e-01
9.421000000000000485e-01 9.516000000000000014e-01
9.421000000000000485e-01 9.513000000000000345e-01
9.421000000000000485e-01 9.509999999999999565e-01
9.421000000000000485e-01 9.512000000000000455e-01
9.421000000000000485e-01 9.513000000000000345e-01
9.421000000000000485e-01 9.510999999999999455e-01
9.421000000000000485e-01 9.513000000000000345e-01
9.421000000000000485e-01 9.516000000000000014e-01
9.421000000000000485e-01 9.516999999999999904e-01
9.421000000000000485e-01 9.510999999999999455e-01
9.421000000000000485e-01 9.517999999999999794e-01
9.421000000000000485e-01 9.518999999999999684e-01
9.421000000000000485e-01 9.518999999999999684e-01
9.419999999999999485e-01 9.516000000000000014e-01
9.419999999999999485e-01 9.517999999999999794e-01
9.419999999999999485e-01 9.516000000000000014e-01
9.419999999999999485e-01 9.523000000000000353e-01
9.419999999999999485e-01 9.518999999999999684e-01
9.419999999999999485e-01 9.516999999999999904e-01
9.419999999999999485e-01 9.519999999999999574e-01
9.419999999999999485e-01 9.522000000000000464e-01
9.419999999999999485e-01 9.524000000000000243e-01
9.419999999999999485e-01 9.527999999999999803e-01
9.419999999999999485e-01 9.520999999999999464e-01
9.419999999999999485e-01 9.522000000000000464e-01
9.419999999999999485e-01 9.524000000000000243e-01
9.419999999999999485e-01 9.522000000000000464e-01
9.419999999999999485e-01 9.524000000000000243e-01
9.419999999999999485e-01 9.518999999999999684e-01
9.419999999999999485e-01 9.515000000000000124e-01
9.421000000000000485e-01 9.516000000000000014e-01
9.421000000000000485e-01 9.516000000000000014e-01
9.421000000000000485e-01 9.516999999999999904e-01
9.421000000000000485e-01 9.513000000000000345e-01
9.421000000000000485e-01 9.515000000000000124e-01
9.421000000000000485e-01 9.508999999999999675e-01
9.422000000000000375e-01 9.513000000000000345e-01
9.424000000000000155e-01 9.513000000000000345e-01
9.423000000000000265e-01 9.510999999999999455e-01
9.423000000000000265e-01 9.514000000000000234e-01
9.423000000000000265e-01 9.510999999999999455e-01
9.423000000000000265e-01 9.508999999999999675e-01
9.423000000000000265e-01 9.513000000000000345e-01
9.423000000000000265e-01 9.523000000000000353e-01
9.423000000000000265e-01 9.518999999999999684e-01
9.424000000000000155e-01 9.517999999999999794e-01
9.423000000000000265e-01 9.517999999999999794e-01
9.424000000000000155e-01 9.518999999999999684e-01
9.422000000000000375e-01 9.524000000000000243e-01
9.423000000000000265e-01 9.523000000000000353e-01
9.422000000000000375e-01 9.528999999999999693e-01
9.423000000000000265e-01 9.528999999999999693e-01
9.424000000000000155e-01 9.526999999999999913e-01
9.424000000000000155e-01 9.527999999999999803e-01
9.424000000000000155e-01 9.528999999999999693e-01
9.424000000000000155e-01 9.526000000000000023e-01
9.424000000000000155e-01 9.528999999999999693e-01
9.424000000000000155e-01 9.526000000000000023e-01
9.424000000000000155e-01 9.525000000000000133e-01
9.425000000000000044e-01 9.525000000000000133e-01
9.425000000000000044e-01 9.526999999999999913e-01
9.424000000000000155e-01 9.526999999999999913e-01
9.424000000000000155e-01 9.525000000000000133e-01
9.424000000000000155e-01 9.523000000000000353e-01
9.424000000000000155e-01 9.519999999999999574e-01
9.424000000000000155e-01 9.523000000000000353e-01
9.424000000000000155e-01 9.527999999999999803e-01
9.425000000000000044e-01 9.526000000000000023e-01
9.425000000000000044e-01 9.526000000000000023e-01
9.424000000000000155e-01 9.522000000000000464e-01
9.425000000000000044e-01 9.524000000000000243e-01
9.424000000000000155e-01 9.518999999999999684e-01
9.425000000000000044e-01 9.520999999999999464e-01
9.425000000000000044e-01 9.523000000000000353e-01
9.425000000000000044e-01 9.525000000000000133e-01
9.425000000000000044e-01 9.528999999999999693e-01
9.425000000000000044e-01 9.524000000000000243e-01
9.425000000000000044e-01 9.527999999999999803e-01
9.424000000000000155e-01 9.527999999999999803e-01
9.423000000000000265e-01 9.525000000000000133e-01
9.423000000000000265e-01 9.527999999999999803e-01
9.423000000000000265e-01 9.529999999999999583e-01
9.423000000000000265e-01 9.530999999999999472e-01
9.424000000000000155e-01 9.527999999999999803e-01
9.423000000000000265e-01 9.524000000000000243e-01
9.423000000000000265e-01 9.524000000000000243e-01
9.423000000000000265e-01 9.522000000000000464e-01
9.423000000000000265e-01 9.517999999999999794e-01
9.423000000000000265e-01 9.526999999999999913e-01
9.423000000000000265e-01 9.523000000000000353e-01
9.423000000000000265e-01 9.523000000000000353e-01
9.423000000000000265e-01 9.516999999999999904e-01
9.423000000000000265e-01 9.518999999999999684e-01
9.423000000000000265e-01 9.522000000000000464e-01
9.423000000000000265e-01 9.518999999999999684e-01
9.422000000000000375e-01 9.518999999999999684e-01
9.423000000000000265e-01 9.519999999999999574e-01
9.423000000000000265e-01 9.519999999999999574e-01
9.423000000000000265e-01 9.514000000000000234e-01
9.423000000000000265e-01 9.514000000000000234e-01
9.423000000000000265e-01 9.514000000000000234e-01
9.423000000000000265e-01 9.516000000000000014e-01
9.423000000000000265e-01 9.514000000000000234e-01
9.423000000000000265e-01 9.516999999999999904e-01
9.423000000000000265e-01 9.517999999999999794e-01
9.423000000000000265e-01 9.518999999999999684e-01
9.423000000000000265e-01 9.514000000000000234e-01
9.423000000000000265e-01 9.514000000000000234e-01
9.423000000000000265e-01 9.515000000000000124e-01
9.423000000000000265e-01 9.513000000000000345e-01
9.424000000000000155e-01 9.514000000000000234e-01
9.424000000000000155e-01 9.515000000000000124e-01
9.424000000000000155e-01 9.516000000000000014e-01
9.424000000000000155e-01 9.519999999999999574e-01
9.424000000000000155e-01 9.516999999999999904e-01
9.424000000000000155e-01 9.510999999999999455e-01
9.424000000000000155e-01 9.509999999999999565e-01
9.424000000000000155e-01 9.509999999999999565e-01
9.424000000000000155e-01 9.512000000000000455e-01
9.423000000000000265e-01 9.509999999999999565e-01
9.423000000000000265e-01 9.506999999999999895e-01
9.423000000000000265e-01 9.509999999999999565e-01
9.423000000000000265e-01 9.507999999999999785e-01
9.423000000000000265e-01 9.509999999999999565e-01
9.423000000000000265e-01 9.510999999999999455e-01
9.423000000000000265e-01 9.512000000000000455e-01
9.423000000000000265e-01 9.513000000000000345e-01
9.423000000000000265e-01 9.516000000000000014e-01
9.423000000000000265e-01 9.509999999999999565e-01
9.423000000000000265e-01 9.510999999999999455e-01
9.423000000000000265e-01 9.509999999999999565e-01
9.423000000000000265e-01 9.507999999999999785e-01
9.423000000000000265e-01 9.515000000000000124e-01
9.423000000000000265e-01 9.516000000000000014e-01
9.423000000000000265e-01 9.512000000000000455e-01
9.424000000000000155e-01 9.514000000000000234e-01
9.424000000000000155e-01 9.514000000000000234e-01
9.424000000000000155e-01 9.514000000000000234e-01
9.424000000000000155e-01 9.516000000000000014e-01
9.424000000000000155e-01 9.512000000000000455e-01
9.424000000000000155e-01 9.514000000000000234e-01
9.424000000000000155e-01 9.507999999999999785e-01
9.424000000000000155e-01 9.510999999999999455e-01
9.424000000000000155e-01 9.512000000000000455e-01
9.424000000000000155e-01 9.510999999999999455e-01
9.424000000000000155e-01 9.516000000000000014e-01
9.424000000000000155e-01 9.516000000000000014e-01
9.424000000000000155e-01 9.517999999999999794e-01
9.423000000000000265e-01 9.510999999999999455e-01
9.423000000000000265e-01 9.513000000000000345e-01
9.423000000000000265e-01 9.506000000000000005e-01
9.424000000000000155e-01 9.502000000000000446e-01
9.423000000000000265e-01 9.506000000000000005e-01
9.422000000000000375e-01 9.510999999999999455e-01
9.422000000000000375e-01 9.508999999999999675e-01
9.422000000000000375e-01 9.513000000000000345e-01
9.422000000000000375e-01 9.512000000000000455e-01
9.422000000000000375e-01 9.509999999999999565e-01
9.422000000000000375e-01 9.507999999999999785e-01
9.422000000000000375e-01 9.504000000000000226e-01
9.422000000000000375e-01 9.506000000000000005e-01
9.422000000000000375e-01 9.505000000000000115e-01
9.422000000000000375e-01 9.505000000000000115e-01
9.423000000000000265e-01 9.502000000000000446e-01
9.423000000000000265e-01 9.502000000000000446e-01
9.422000000000000375e-01 9.503000000000000336e-01
9.422000000000000375e-01 9.504000000000000226e-01
9.423000000000000265e-01 9.504000000000000226e-01
9.422000000000000375e-01 9.507999999999999785e-01
9.422000000000000375e-01 9.502000000000000446e-01
9.422000000000000375e-01 9.504000000000000226e-01
9.422000000000000375e-01 9.503000000000000336e-01
9.422000000000000375e-01 9.503000000000000336e-01
9.422000000000000375e-01 9.504000000000000226e-01
9.423000000000000265e-01 9.500999999999999446e-01
9.423000000000000265e-01 9.503000000000000336e-01
9.423000000000000265e-01 9.502000000000000446e-01
9.423000000000000265e-01 9.505000000000000115e-01
9.423000000000000265e-01 9.507999999999999785e-01
9.423000000000000265e-01 9.505000000000000115e-01
9.424000000000000155e-01 9.508999999999999675e-01
9.424000000000000155e-01 9.512000000000000455e-01
9.425000000000000044e-01 9.512000000000000455e-01
9.425000000000000044e-01 9.507999999999999785e-01
9.425000000000000044e-01 9.506000000000000005e-01
9.425000000000000044e-01 9.506000000000000005e-01
9.425000000000000044e-01 9.507999999999999785e-01
9.425000000000000044e-01 9.506000000000000005e-01
9.424000000000000155e-01 9.506999999999999895e-01
9.424000000000000155e-01 9.506999999999999895e-01
9.424000000000000155e-01 9.506000000000000005e-01
9.424000000000000155e-01 9.509999999999999565e-01
9.424000000000000155e-01 9.504000000000000226e-01
9.424000000000000155e-01 9.503000000000000336e-01
9.424000000000000155e-01 9.507999999999999785e-01
9.424000000000000155e-01 9.503000000000000336e-01
9.424000000000000155e-01 9.506999999999999895e-01
9.424000000000000155e-01 9.506999999999999895e-01
9.424000000000000155e-01 9.503000000000000336e-01
9.424000000000000155e-01 9.512000000000000455e-01
9.424000000000000155e-01 9.509999999999999565e-01
9.424000000000000155e-01 9.507999999999999785e-01
9.424000000000000155e-01 9.508999999999999675e-01
9.424000000000000155e-01 9.509999999999999565e-01
9.424000000000000155e-01 9.509999999999999565e-01
9.424000000000000155e-01 9.505000000000000115e-01
9.424000000000000155e-01 9.506000000000000005e-01
9.424000000000000155e-01 9.508999999999999675e-01
9.424000000000000155e-01 9.508999999999999675e-01
9.425999999999999934e-01 9.510999999999999455e-01
9.425999999999999934e-01 9.508999999999999675e-01
9.425999999999999934e-01 9.507999999999999785e-01
9.425999999999999934e-01 9.509999999999999565e-01
9.425999999999999934e-01 9.507999999999999785e-01
9.425999999999999934e-01 9.505000000000000115e-01
9.425999999999999934e-01 9.504000000000000226e-01
9.425999999999999934e-01 9.504000000000000226e-01
9.425999999999999934e-01 9.503000000000000336e-01
9.425999999999999934e-01 9.503000000000000336e-01
9.425999999999999934e-01 9.500999999999999446e-01
9.425999999999999934e-01 9.499999999999999556e-01
9.425999999999999934e-01 9.502000000000000446e-01
9.425999999999999934e-01 9.503000000000000336e-01
9.425000000000000044e-01 9.506000000000000005e-01
9.425000000000000044e-01 9.506000000000000005e-01
9.425999999999999934e-01 9.506999999999999895e-01
9.425999999999999934e-01 9.502000000000000446e-01
9.425999999999999934e-01 9.503000000000000336e-01
9.425999999999999934e-01 9.503000000000000336e-01
9.426999999999999824e-01 9.505000000000000115e-01
9.425999999999999934e-01 9.499999999999999556e-01
9.426999999999999824e-01 9.500999999999999446e-01
9.426999999999999824e-01 9.505000000000000115e-01
9.426999999999999824e-01 9.503000000000000336e-01
9.426999999999999824e-01 9.500999999999999446e-01
9.426999999999999824e-01 9.499999999999999556e-01
9.427999999999999714e-01 9.500999999999999446e-01
9.426999999999999824e-01 9.502000000000000446e-01
9.426999999999999824e-01 9.497999999999999776e-01
9.426999999999999824e-01 9.497999999999999776e-01
9.425999999999999934e-01 9.498999999999999666e-01
9.426999999999999824e-01 9.498999999999999666e-01
9.426999999999999824e-01 9.495999999999999996e-01
9.425999999999999934e-01 9.495999999999999996e-01
9.425999999999999934e-01 9.497999999999999776e-01
9.425000000000000044e-01 9.498999999999999666e-01
9.425000000000000044e-01 9.495000000000000107e-01
9.425999999999999934e-01 9.495000000000000107e-01
9.425999999999999934e-01 9.495000000000000107e-01
9.425000000000000044e-01 9.503000000000000336e-01
9.425000000000000044e-01 9.496999999999999886e-01
9.425000000000000044e-01 9.495000000000000107e-01
9.425000000000000044e-01 9.495999999999999996e-01
9.425000000000000044e-01 9.492000000000000437e-01
9.424000000000000155e-01 9.495000000000000107e-01
9.425000000000000044e-01 9.499999999999999556e-01
9.425000000000000044e-01 9.502000000000000446e-01
9.425000000000000044e-01 9.502000000000000446e-01
9.425000000000000044e-01 9.498999999999999666e-01
9.425000000000000044e-01 9.498999999999999666e-01
9.425000000000000044e-01 9.495999999999999996e-01
9.425000000000000044e-01 9.497999999999999776e-01
9.425000000000000044e-01 9.500999999999999446e-01
9.425000000000000044e-01 9.495000000000000107e-01
9.425000000000000044e-01 9.495999999999999996e-01
9.425000000000000044e-01 9.498999999999999666e-01
9.425000000000000044e-01 9.500999999999999446e-01
9.425000000000000044e-01 9.499999999999999556e-01
9.425000000000000044e-01 9.500999999999999446e-01
9.425000000000000044e-01 9.495999999999999996e-01
9.425000000000000044e-01 9.495999999999999996e-01
9.424000000000000155e-01 9.499999999999999556e-01
9.423000000000000265e-01 9.497999999999999776e-01
9.424000000000000155e-01 9.497999999999999776e-01
9.424000000000000155e-01 9.498999999999999666e-01
9.424000000000000155e-01 9.498999999999999666e-01
9.424000000000000155e-01 9.497999999999999776e-01
9.424000000000000155e-01 9.492000000000000437e-01
9.424000000000000155e-01 9.493000000000000327e-01
9.424000000000000155e-01 9.491000000000000547e-01
9.424000000000000155e-01 9.492000000000000437e-01
9.424000000000000155e-01 9.489999999999999547e-01
9.424000000000000155e-01 9.491000000000000547e-01
9.423000000000000265e-01 9.487999999999999767e-01
9.423000000000000265e-01 9.491000000000000547e-01
9.424000000000000155e-01 9.491000000000000547e-01
9.424000000000000155e-01 9.492000000000000437e-01
9.424000000000000155e-01 9.493000000000000327e-01
9.423000000000000265e-01 9.493000000000000327e-01
9.423000000000000265e-01 9.491000000000000547e-01
9.424000000000000155e-01 9.495999999999999996e-01
9.424000000000000155e-01 9.498999999999999666e-01
9.423000000000000265e-01 9.496999999999999886e-01
9.423000000000000265e-01 9.496999999999999886e-01
9.423000000000000265e-01 9.494000000000000217e-01
9.423000000000000265e-01 9.495999999999999996e-01
9.423000000000000265e-01 9.494000000000000217e-01
9.423000000000000265e-01 9.494000000000000217e-01
9.423000000000000265e-01 9.491000000000000547e-01
9.423000000000000265e-01 9.493000000000000327e-01
9.423000000000000265e-01 9.494000000000000217e-01
9.423000000000000265e-01 9.495000000000000107e-01
9.423000000000000265e-01 9.489999999999999547e-01
9.423000000000000265e-01 9.493000000000000327e-01
9.423000000000000265e-01 9.494000000000000217e-01
9.423000000000000265e-01 9.493000000000000327e-01
9.423000000000000265e-01 9.491000000000000547e-01
9.423000000000000265e-01 9.491000000000000547e-01
9.423000000000000265e-01 9.492000000000000437e-01
9.423000000000000265e-01 9.491000000000000547e-01
9.423000000000000265e-01 9.487999999999999767e-01
9.423000000000000265e-01 9.487999999999999767e-01
9.423000000000000265e-01 9.489999999999999547e-01
9.423000000000000265e-01 9.485000000000000098e-01
9.423000000000000265e-01 9.485999999999999988e-01
9.423000000000000265e-01 9.485000000000000098e-01
9.423000000000000265e-01 9.486999999999999877e-01
9.423000000000000265e-01 9.487999999999999767e-01
9.423000000000000265e-01 9.485000000000000098e-01
9.423000000000000265e-01 9.481000000000000538e-01
9.423000000000000265e-01 9.479999999999999538e-01
9.423000000000000265e-01 9.483000000000000318e-01
9.423000000000000265e-01 9.486999999999999877e-01
9.423000000000000265e-01 9.485999999999999988e-01
9.423000000000000265e-01 9.486999999999999877e-01
9.423000000000000265e-01 9.482000000000000428e-01
9.423000000000000265e-01 9.487999999999999767e-01
9.423000000000000265e-01 9.488999999999999657e-01
9.423000000000000265e-01 9.492000000000000437e-01
9.422000000000000375e-01 9.484000000000000208e-01
9.422000000000000375e-01 9.489999999999999547e-01
9.422000000000000375e-01 9.491000000000000547e-01
9.422000000000000375e-01 9.494000000000000217e-01
9.422000000000000375e-01 9.495000000000000107e-01
9.423000000000000265e-01 9.494000000000000217e-01
9.423000000000000265e-01 9.491000000000000547e-01
9.423000000000000265e-01 9.487999999999999767e-01
9.423000000000000265e-01 9.489999999999999547e-01
9.423000000000000265e-01 9.489999999999999547e-01
9.423000000000000265e-01 9.491000000000000547e-01
9.423000000000000265e-01 9.489999999999999547e-01
9.423000000000000265e-01 9.486999999999999877e-01
9.423000000000000265e-01 9.492000000000000437e-01
9.423000000000000265e-01 9.493000000000000327e-01
9.423000000000000265e-01 9.491000000000000547e-01
9.423000000000000265e-01 9.493000000000000327e-01
9.423000000000000265e-01 9.491000000000000547e-01
9.423000000000000265e-01 9.487999999999999767e-01
9.423000000000000265e-01 9.482000000000000428e-01
9.423000000000000265e-01 9.486999999999999877e-01
9.423000000000000265e-01 9.485999999999999988e-01
9.423000000000000265e-01 9.485000000000000098e-01
9.423000000000000265e-01 9.482000000000000428e-01
9.423000000000000265e-01 9.487999999999999767e-01
9.423000000000000265e-01 9.486999999999999877e-01
9.423000000000000265e-01 9.486999999999999877e-01
9.422000000000000375e-01 9.482000000000000428e-01
9.422000000000000375e-01 9.485000000000000098e-01
9.422000000000000375e-01 9.485000000000000098e-01
9.422000000000000375e-01 9.485999999999999988e-01
9.422000000000000375e-01 9.488999999999999657e-01
9.422000000000000375e-01 9.486999999999999877e-01
9.422000000000000375e-01 9.486999999999999877e-01
9.422000000000000375e-01 9.486999999999999877e-01
9.422000000000000375e-01 9.483000000000000318e-01
9.422000000000000375e-01 9.485000000000000098e-01
9.422000000000000375e-01 9.485000000000000098e-01
9.422000000000000375e-01 9.487999999999999767e-01
9.422000000000000375e-01 9.488999999999999657e-01
9.422000000000000375e-01 9.495999999999999996e-01
9.422000000000000375e-01 9.487999999999999767e-01
9.422000000000000375e-01 9.486999999999999877e-01
9.422000000000000375e-01 9.487999999999999767e-01
9.422000000000000375e-01 9.487999999999999767e-01
9.422000000000000375e-01 9.487999999999999767e-01
9.422000000000000375e-01 9.487999999999999767e-01
9.422000000000000375e-01 9.486999999999999877e-01
9.422000000000000375e-01 9.487999999999999767e-01
9.422000000000000375e-01 9.488999999999999657e-01
9.422000000000000375e-01 9.485999999999999988e-01
9.421000000000000485e-01 9.492000000000000437e-01
9.421000000000000485e-01 9.492000000000000437e-01
9.421000000000000485e-01 9.486999999999999877e-01
9.421000000000000485e-01 9.485000000000000098e-01
9.421000000000000485e-01 9.485000000000000098e-01
9.421000000000000485e-01 9.485999999999999988e-01
9.421000000000000485e-01 9.485000000000000098e-01
9.421000000000000485e-01 9.483000000000000318e-01
9.421000000000000485e-01 9.484000000000000208e-01
9.421000000000000485e-01 9.485000000000000098e-01
9.421000000000000485e-01 9.485000000000000098e-01
9.421000000000000485e-01 9.485000000000000098e-01
9.421000000000000485e-01 9.478999999999999648e-01
9.421000000000000485e-01 9.478999999999999648e-01
9.421000000000000485e-01 9.485000000000000098e-01
9.421000000000000485e-01 9.486999999999999877e-01
9.421000000000000485e-01 9.485999999999999988e-01
9.421000000000000485e-01 9.485999999999999988e-01
9.421000000000000485e-01 9.484000000000000208e-01
9.421000000000000485e-01 9.487999999999999767e-01
9.421000000000000485e-01 9.479999999999999538e-01
9.421000000000000485e-01 9.484000000000000208e-01
9.421000000000000485e-01 9.487999999999999767e-01
9.421000000000000485e-01 9.485999999999999988e-01
9.421000000000000485e-01 9.485000000000000098e-01
9.421000000000000485e-01 9.488999999999999657e-01
9.421000000000000485e-01 9.489999999999999547e-01
9.421000000000000485e-01 9.487999999999999767e-01
9.421000000000000485e-01 9.483000000000000318e-01
9.421000000000000485e-01 9.486999999999999877e-01
9.421000000000000485e-01 9.484000000000000208e-01
9.421000000000000485e-01 9.485000000000000098e-01
9.421000000000000485e-01 9.485000000000000098e-01
9.421000000000000485e-01 9.485999999999999988e-01
9.419999999999999485e-01 9.489999999999999547e-01
9.419999999999999485e-01 9.485000000000000098e-01
9.421000000000000485e-01 9.485000000000000098e-01
9.421000000000000485e-01 9.485999999999999988e-01
9.419999999999999485e-01 9.486999999999999877e-01
9.419999999999999485e-01 9.488999999999999657e-01
9.419999999999999485e-01 9.486999999999999877e-01
9.419999999999999485e-01 9.487999999999999767e-01
9.419999999999999485e-01 9.486999999999999877e-01
9.418999999999999595e-01 9.488999999999999657e-01
9.419999999999999485e-01 9.487999999999999767e-01
9.418999999999999595e-01 9.491000000000000547e-01
9.418999999999999595e-01 9.489999999999999547e-01
9.418999999999999595e-01 9.488999999999999657e-01
9.418999999999999595e-01 9.495000000000000107e-01
9.418999999999999595e-01 9.495999999999999996e-01
9.419999999999999485e-01 9.495000000000000107e-01
9.419999999999999485e-01 9.502000000000000446e-01
9.419999999999999485e-01 9.497999999999999776e-01
9.419999999999999485e-01 9.498999999999999666e-01
9.419999999999999485e-01 9.493000000000000327e-01
9.419999999999999485e-01 9.493000000000000327e-01
9.419999999999999485e-01 9.495000000000000107e-01
9.419999999999999485e-01 9.491000000000000547e-01
9.419999999999999485e-01 9.494000000000000217e-01
9.419999999999999485e-01 9.485999999999999988e-01
9.419999999999999485e-01 9.489999999999999547e-01
9.419999999999999485e-01 9.486999999999999877e-01
9.419999999999999485e-01 9.485999999999999988e-01
9.419999999999999485e-01 9.486999999999999877e-01
9.419999999999999485e-01 9.486999999999999877e-01
9.419999999999999485e-01 9.488999999999999657e-01
9.419999999999999485e-01 9.491000000000000547e-01
9.419999999999999485e-01 9.492000000000000437e-01
9.419999999999999485e-01 9.491000000000000547e-01
9.419999999999999485e-01 9.487999999999999767e-01
9.419999999999999485e-01 9.492000000000000437e-01
9.419999999999999485e-01 9.488999999999999657e-01
9.419999999999999485e-01 9.488999999999999657e-01
9.419999999999999485e-01 9.487999999999999767e-01
9.419999999999999485e-01 9.495000000000000107e-01
9.418999999999999595e-01 9.492000000000000437e-01
9.418999999999999595e-01 9.492000000000000437e-01
9.418999999999999595e-01 9.493000000000000327e-01
9.418999999999999595e-01 9.495000000000000107e-01
9.419999999999999485e-01 9.491000000000000547e-01
9.419999999999999485e-01 9.493000000000000327e-01
9.419999999999999485e-01 9.487999999999999767e-01
9.418999999999999595e-01 9.485000000000000098e-01
9.418999999999999595e-01 9.489999999999999547e-01
9.419999999999999485e-01 9.482000000000000428e-01
9.419999999999999485e-01 9.487999999999999767e-01
9.419999999999999485e-01 9.486999999999999877e-01
9.421000000000000485e-01 9.486999999999999877e-01
9.421000000000000485e-01 9.489999999999999547e-01
9.421000000000000485e-01 9.489999999999999547e-01
9.419999999999999485e-01 9.485000000000000098e-01
9.421000000000000485e-01 9.486999999999999877e-01
9.421000000000000485e-01 9.486999999999999877e-01
9.421000000000000485e-01 9.484000000000000208e-01
9.421000000000000485e-01 9.488999999999999657e-01
9.421000000000000485e-01 9.486999999999999877e-01
9.421000000000000485e-01 9.486999999999999877e-01
9.421000000000000485e-01 9.484000000000000208e-01
9.421000000000000485e-01 9.485000000000000098e-01
9.421000000000000485e-01 9.484000000000000208e-01
9.421000000000000485e-01 9.484000000000000208e-01
9.421000000000000485e-01 9.485000000000000098e-01
9.421000000000000485e-01 9.479999999999999538e-01
9.421000000000000485e-01 9.475000000000000089e-01
9.421000000000000485e-01 9.476999999999999869e-01
9.421000000000000485e-01 9.482000000000000428e-01
9.421000000000000485e-01 9.484000000000000208e-01
9.421000000000000485e-01 9.484000000000000208e-01
9.421000000000000485e-01 9.484000000000000208e-01
9.421000000000000485e-01 9.485000000000000098e-01
9.421000000000000485e-01 9.491000000000000547e-01
9.421000000000000485e-01 9.484000000000000208e-01
9.422000000000000375e-01 9.485999999999999988e-01
9.422000000000000375e-01 9.485999999999999988e-01
9.422000000000000375e-01 9.486999999999999877e-01
9.422000000000000375e-01 9.486999999999999877e-01
9.422000000000000375e-01 9.485000000000000098e-01
9.422000000000000375e-01 9.484000000000000208e-01
9.422000000000000375e-01 9.481000000000000538e-01
9.422000000000000375e-01 9.482000000000000428e-01
9.422000000000000375e-01 9.482000000000000428e-01
9.422000000000000375e-01 9.479999999999999538e-01
9.422000000000000375e-01 9.478999999999999648e-01
9.422000000000000375e-01 9.479999999999999538e-01
9.422000000000000375e-01 9.477999999999999758e-01
9.422000000000000375e-01 9.475000000000000089e-01
9.422000000000000375e-01 9.479999999999999538e-01
9.422000000000000375e-01 9.484000000000000208e-01
9.422000000000000375e-01 9.479999999999999538e-01
9.423000000000000265e-01 9.479999999999999538e-01
9.423000000000000265e-01 9.478999999999999648e-01
9.423000000000000265e-01 9.475000000000000089e-01
9.423000000000000265e-01 9.481000000000000538e-01
9.422000000000000375e-01 9.476999999999999869e-01
9.422000000000000375e-01 9.475000000000000089e-01
9.422000000000000375e-01 9.475999999999999979e-01
9.422000000000000375e-01 9.485000000000000098e-01
9.422000000000000375e-01 9.481000000000000538e-01
9.422000000000000375e-01 9.479999999999999538e-01
9.422000000000000375e-01 9.482000000000000428e-01
9.422000000000000375e-01 9.477999999999999758e-01
9.422000000000000375e-01 9.481000000000000538e-01
9.422000000000000375e-01 9.478999999999999648e-01
9.422000000000000375e-01 9.478999999999999648e-01
9.422000000000000375e-01 9.481000000000000538e-01
9.422000000000000375e-01 9.476999999999999869e-01
9.422000000000000375e-01 9.474000000000000199e-01
9.422000000000000375e-01 9.475000000000000089e-01
9.422000000000000375e-01 9.465999999999999970e-01
9.423000000000000265e-01 9.464000000000000190e-01
9.424000000000000155e-01 9.467999999999999750e-01
9.424000000000000155e-01 9.468999999999999639e-01
9.424000000000000155e-01 9.469999999999999529e-01
9.423000000000000265e-01 9.468999999999999639e-01
9.423000000000000265e-01 9.473000000000000309e-01
9.423000000000000265e-01 9.473000000000000309e-01
9.423000000000000265e-01 9.466999999999999860e-01
9.423000000000000265e-01 9.477999999999999758e-01
9.423000000000000265e-01 9.478999999999999648e-01
9.423000000000000265e-01 9.478999999999999648e-01
9.423000000000000265e-01 9.479999999999999538e-01
9.423000000000000265e-01 9.479999999999999538e-01
9.423000000000000265e-01 9.476999999999999869e-01
9.423000000000000265e-01 9.474000000000000199e-01
9.423000000000000265e-01 9.471000000000000529e-01
9.423000000000000265e-01 9.469999999999999529e-01
9.423000000000000265e-01 9.475999999999999979e-01
9.423000000000000265e-01 9.471000000000000529e-01
9.423000000000000265e-01 9.476999999999999869e-01
9.423000000000000265e-01 9.477999999999999758e-01
9.423000000000000265e-01 9.475999999999999979e-01
9.423000000000000265e-01 9.476999999999999869e-01
9.423000000000000265e-01 9.475000000000000089e-01
9.423000000000000265e-01 9.479999999999999538e-01
9.423000000000000265e-01 9.481000000000000538e-01
9.423000000000000265e-01 9.481000000000000538e-01
9.422000000000000375e-01 9.476999999999999869e-01
9.422000000000000375e-01 9.481000000000000538e-01
9.422000000000000375e-01 9.475999999999999979e-01
9.422000000000000375e-01 9.475000000000000089e-01
9.422000000000000375e-01 9.482000000000000428e-01
9.422000000000000375e-01 9.484000000000000208e-01
9.422000000000000375e-01 9.483000000000000318e-01
9.422000000000000375e-01 9.484000000000000208e-01
9.422000000000000375e-01 9.483000000000000318e-01
9.422000000000000375e-01 9.475999999999999979e-01
9.422000000000000375e-01 9.477999999999999758e-01
9.422000000000000375e-01 9.476999999999999869e-01
9.423000000000000265e-01 9.476999999999999869e-01
9.422000000000000375e-01 9.475000000000000089e-01
9.423000000000000265e-01 9.476999999999999869e-01
9.423000000000000265e-01 9.474000000000000199e-01
9.422000000000000375e-01 9.481000000000000538e-01
9.422000000000000375e-01 9.486999999999999877e-01
9.422000000000000375e-01 9.483000000000000318e-01
9.422000000000000375e-01 9.479999999999999538e-01
9.422000000000000375e-01 9.479999999999999538e-01
9.422000000000000375e-01 9.481000000000000538e-01
9.422000000000000375e-01 9.477999999999999758e-01
9.422000000000000375e-01 9.481000000000000538e-01
9.422000000000000375e-01 9.483000000000000318e-01
9.422000000000000375e-01 9.484000000000000208e-01
9.422000000000000375e-01 9.484000000000000208e-01
9.422000000000000375e-01 9.483000000000000318e-01
9.422000000000000375e-01 9.481000000000000538e-01
9.422000000000000375e-01 9.479999999999999538e-01
9.422000000000000375e-01 9.478999999999999648e-01
9.422000000000000375e-01 9.477999999999999758e-01
9.421000000000000485e-01 9.477999999999999758e-01
9.421000000000000485e-01 9.485999999999999988e-01
9.421000000000000485e-01 9.479999999999999538e-01
9.421000000000000485e-01 9.489999999999999547e-01
9.421000000000000485e-01 9.483000000000000318e-01
9.421000000000000485e-01 9.475000000000000089e-01
9.421000000000000485e-01 9.485999999999999988e-01
9.421000000000000485e-01 9.483000000000000318e-01
9.421000000000000485e-01 9.481000000000000538e-01
9.421000000000000485e-01 9.479999999999999538e-01
9.421000000000000485e-01 9.478999999999999648e-01
9.421000000000000485e-01 9.484000000000000208e-01
9.421000000000000485e-01 9.484000000000000208e-01
9.421000000000000485e-01 9.479999999999999538e-01
9.421000000000000485e-01 9.486999999999999877e-01
9.421000000000000485e-01 9.485000000000000098e-01
9.421000000000000485e-01 9.486999999999999877e-01
9.421000000000000485e-01 9.485000000000000098e-01
9.421000000000000485e-01 9.482000000000000428e-01
9.421000000000000485e-01 9.483000000000000318e-01
9.422000000000000375e-01 9.477999999999999758e-01
9.422000000000000375e-01 9.483000000000000318e-01
9.421000000000000485e-01 9.484000000000000208e-01
9.421000000000000485e-01 9.489999999999999547e-01
9.419999999999999485e-01 9.485999999999999988e-01
9.419999999999999485e-01 9.487999999999999767e-01
9.421000000000000485e-01 9.485999999999999988e-01
9.421000000000000485e-01 9.486999999999999877e-01
9.421000000000000485e-01 9.487999999999999767e-01
9.421000000000000485e-01 9.488999999999999657e-01
9.421000000000000485e-01 9.494000000000000217e-01
9.421000000000000485e-01 9.491000000000000547e-01
9.419999999999999485e-01 9.485000000000000098e-01
9.419999999999999485e-01 9.486999999999999877e-01
9.419999999999999485e-01 9.485999999999999988e-01
9.421000000000000485e-01 9.483000000000000318e-01
9.421000000000000485e-01 9.485000000000000098e-01
9.421000000000000485e-01 9.484000000000000208e-01
9.421000000000000485e-01 9.489999999999999547e-01
9.421000000000000485e-01 9.486999999999999877e-01
9.421000000000000485e-01 9.492000000000000437e-01
9.421000000000000485e-01 9.491000000000000547e-01
9.421000000000000485e-01 9.492000000000000437e-01
9.421000000000000485e-01 9.492000000000000437e-01
9.421000000000000485e-01 9.495000000000000107e-01
9.421000000000000485e-01 9.497999999999999776e-01
9.421000000000000485e-01 9.498999999999999666e-01
9.421000000000000485e-01 9.498999999999999666e-01
9.421000000000000485e-01 9.496999999999999886e-01
9.421000000000000485e-01 9.498999999999999666e-01
9.421000000000000485e-01 9.495999999999999996e-01
9.421000000000000485e-01 9.492000000000000437e-01
9.421000000000000485e-01 9.497999999999999776e-01
9.421000000000000485e-01 9.503000000000000336e-01
9.421000000000000485e-01 9.498999999999999666e-01
9.421000000000000485e-01 9.496999999999999886e-01
9.421000000000000485e-01 9.498999999999999666e-01
9.421000000000000485e-01 9.496999999999999886e-01
9.421000000000000485e-01 9.493000000000000327e-01
9.422000000000000375e-01 9.495999999999999996e-01
9.422000000000000375e-01 9.497999999999999776e-01
9.422000000000000375e-01 9.495999999999999996e-01
9.422000000000000375e-01 9.495000000000000107e-01
9.422000000000000375e-01 9.493000000000000327e-01
9.422000000000000375e-01 9.496999999999999886e-01
9.422000000000000375e-01 9.485999999999999988e-01
9.422000000000000375e-01 9.491000000000000547e-01
9.422000000000000375e-01 9.492000000000000437e-01
9.422000000000000375e-01 9.491000000000000547e-01
9.422000000000000375e-01 9.498999999999999666e-01
9.422000000000000375e-01 9.496999999999999886e-01
9.422000000000000375e-01 9.499999999999999556e-01
9.422000000000000375e-01 9.499999999999999556e-01
9.422000000000000375e-01 9.504000000000000226e-01
9.422000000000000375e-01 9.495999999999999996e-01
9.422000000000000375e-01 9.493000000000000327e-01
9.421000000000000485e-01 9.491000000000000547e-01
9.421000000000000485e-01 9.487999999999999767e-01
9.421000000000000485e-01 9.495000000000000107e-01
9.421000000000000485e-01 9.492000000000000437e-01
9.421000000000000485e-01 9.492000000000000437e-01
9.421000000000000485e-01 9.491000000000000547e-01
9.421000000000000485e-01 9.489999999999999547e-01
9.421000000000000485e-01 9.492000000000000437e-01
9.421000000000000485e-01 9.497999999999999776e-01
9.421000000000000485e-01 9.495000000000000107e-01
9.421000000000000485e-01 9.494000000000000217e-01
9.421000000000000485e-01 9.497999999999999776e-01
9.421000000000000485e-01 9.496999999999999886e-01
9.421000000000000485e-01 9.495999999999999996e-01
9.421000000000000485e-01 9.494000000000000217e-01
9.421000000000000485e-01 9.496999999999999886e-01
9.421000000000000485e-01 9.493000000000000327e-01
9.421000000000000485e-01 9.499999999999999556e-01
9.421000000000000485e-01 9.498999999999999666e-01
9.421000000000000485e-01 9.502000000000000446e-01
9.421000000000000485e-01 9.505000000000000115e-01
9.421000000000000485e-01 9.504000000000000226e-01
9.421000000000000485e-01 9.500999999999999446e-01
9.421000000000000485e-01 9.509999999999999565e-01
9.421000000000000485e-01 9.513000000000000345e-01
9.421000000000000485e-01 9.509999999999999565e-01
9.421000000000000485e-01 9.506999999999999895e-01
9.421000000000000485e-01 9.510999999999999455e-01
9.421000000000000485e-01 9.506999999999999895e-01
9.421000000000000485e-01 9.504000000000000226e-01
9.421000000000000485e-01 9.503000000000000336e-01
9.421000000000000485e-01 9.510999999999999455e-01
9.421000000000000485e-01 9.506000000000000005e-01
9.421000000000000485e-01 9.507999999999999785e-01
9.421000000000000485e-01 9.505000000000000115e-01
9.421000000000000485e-01 9.505000000000000115e-01
9.421000000000000485e-01 9.505000000000000115e-01
9.421000000000000485e-01 9.513000000000000345e-01
9.421000000000000485e-01 9.507999999999999785e-01
9.419999999999999485e-01 9.508999999999999675e-01
9.419999999999999485e-01 9.509999999999999565e-01
9.419999999999999485e-01 9.506999999999999895e-01
9.419999999999999485e-01 9.507999999999999785e-01
9.419999999999999485e-01 9.505000000000000115e-01
9.419999999999999485e-01 9.509999999999999565e-01
9.419999999999999485e-01 9.509999999999999565e-01
9.419999999999999485e-01 9.507999999999999785e-01
9.419999999999999485e-01 9.509999999999999565e-01
9.419999999999999485e-01 9.512000000000000455e-01
9.419999999999999485e-01 9.507999999999999785e-01
9.419999999999999485e-01 9.503000000000000336e-01
9.419999999999999485e-01 9.506999999999999895e-01
9.419999999999999485e-01 9.506000000000000005e-01
9.419999999999999485e-01 9.507999999999999785e-01
9.419999999999999485e-01 9.505000000000000115e-01
9.419999999999999485e-01 9.503000000000000336e-01
9.419999999999999485e-01 9.503000000000000336e-01
9.419999999999999485e-01 9.504000000000000226e-01
9.419999999999999485e-01 9.507999999999999785e-01
9.419999999999999485e-01 9.500999999999999446e-01
9.419999999999999485e-01 9.502000000000000446e-01
9.419999999999999485e-01 9.506000000000000005e-01
9.419999999999999485e-01 9.506999999999999895e-01
9.419999999999999485e-01 9.503000000000000336e-01
9.419999999999999485e-01 9.502000000000000446e-01
9.419999999999999485e-01 9.503000000000000336e-01
9.419999999999999485e-01 9.502000000000000446e-01
9.419999999999999485e-01 9.503000000000000336e-01
9.418999999999999595e-01 9.505000000000000115e-01
9.418999999999999595e-01 9.507999999999999785e-01
9.418999999999999595e-01 9.505000000000000115e-01
9.418999999999999595e-01 9.502000000000000446e-01
9.418999999999999595e-01 9.503000000000000336e-01
9.418999999999999595e-01 9.504000000000000226e-01
9.418999999999999595e-01 9.500999999999999446e-01
9.418999999999999595e-01 9.496999999999999886e-01
9.418999999999999595e-01 9.502000000000000446e-01
9.418999999999999595e-01 9.503000000000000336e-01
9.416999999999999815e-01 9.503000000000000336e-01
9.416999999999999815e-01 9.502000000000000446e-01
9.417999999999999705e-01 9.497999999999999776e-01
9.418999999999999595e-01 9.502000000000000446e-01
9.418999999999999595e-01 9.499999999999999556e-01
9.418999999999999595e-01 9.495999999999999996e-01
9.418999999999999595e-01 9.498999999999999666e-01
9.418999999999999595e-01 9.496999999999999886e-01
9.418999999999999595e-01 9.496999999999999886e-01
9.418999999999999595e-01 9.496999999999999886e-01
9.418999999999999595e-01 9.496999999999999886e-01
9.418999999999999595e-01 9.497999999999999776e-01
9.418999999999999595e-01 9.496999999999999886e-01
9.418999999999999595e-01 9.495000000000000107e-01
9.418999999999999595e-01 9.499999999999999556e-01
9.418999999999999595e-01 9.498999999999999666e-01
9.418999999999999595e-01 9.503000000000000336e-01
9.418999999999999595e-01 9.502000000000000446e-01
9.417999999999999705e-01 9.505000000000000115e-01
9.417999999999999705e-01 9.503000000000000336e-01
9.417999999999999705e-01 9.504000000000000226e-01
9.417999999999999705e-01 9.500999999999999446e-01
9.417999999999999705e-01 9.500999999999999446e-01
9.417999999999999705e-01 9.504000000000000226e-01
9.417999999999999705e-01 9.502000000000000446e-01
9.417999999999999705e-01 9.497999999999999776e-01
9.417999999999999705e-01 9.505000000000000115e-01
9.417999999999999705e-01 9.504000000000000226e-01
9.417999999999999705e-01 9.498999999999999666e-01
9.417999999999999705e-01 9.496999999999999886e-01
9.417999999999999705e-01 9.497999999999999776e-01
9.417999999999999705e-01 9.497999999999999776e-01
9.417999999999999705e-01 9.499999999999999556e-01
9.417999999999999705e-01 9.503000000000000336e-01
9.416999999999999815e-01 9.497999999999999776e-01
9.415999999999999925e-01 9.496999999999999886e-01
9.416999999999999815e-01 9.494000000000000217e-01
9.416999999999999815e-01 9.495000000000000107e-01
9.416999999999999815e-01 9.491000000000000547e-01
9.416999999999999815e-01 9.492000000000000437e-01
9.417999999999999705e-01 9.495000000000000107e-01
9.416999999999999815e-01 9.489999999999999547e-01
9.416999999999999815e-01 9.488999999999999657e-01
9.417999999999999705e-01 9.493000000000000327e-01
9.417999999999999705e-01 9.493000000000000327e-01
9.417999999999999705e-01 9.493000000000000327e-01
9.417999999999999705e-01 9.491000000000000547e-01
9.417999999999999705e-01 9.494000000000000217e-01
9.417999999999999705e-01 9.491000000000000547e-01
9.417999999999999705e-01 9.491000000000000547e-01
9.417999999999999705e-01 9.491000000000000547e-01
9.417999999999999705e-01 9.494000000000000217e-01
9.417999999999999705e-01 9.489999999999999547e-01
9.417999999999999705e-01 9.493000000000000327e-01
9.417999999999999705e-01 9.492000000000000437e-01
9.417999999999999705e-01 9.495000000000000107e-01
9.418999999999999595e-01 9.489999999999999547e-01
9.418999999999999595e-01 9.493000000000000327e-01
9.417999999999999705e-01 9.493000000000000327e-01
9.418999999999999595e-01 9.489999999999999547e-01
9.418999999999999595e-01 9.492000000000000437e-01
9.418999999999999595e-01 9.492000000000000437e-01
9.418999999999999595e-01 9.495999999999999996e-01
9.417999999999999705e-01 9.496999999999999886e-01
9.417999999999999705e-01 9.498999999999999666e-01
9.417999999999999705e-01 9.495999999999999996e-01
9.418999999999999595e-01 9.497999999999999776e-01
9.418999999999999595e-01 9.496999999999999886e-01
9.418999999999999595e-01 9.496999999999999886e-01
9.418999999999999595e-01 9.495999999999999996e-01
9.418999999999999595e-01 9.502000000000000446e-01
9.418999999999999595e-01 9.499999999999999556e-01
9.418999999999999595e-01 9.498999999999999666e-01
9.418999999999999595e-01 9.495000000000000107e-01
9.419999999999999485e-01 9.496999999999999886e-01
9.419999999999999485e-01 9.499999999999999556e-01
9.419999999999999485e-01 9.499999999999999556e-01
9.419999999999999485e-01 9.499999999999999556e-01
9.419999999999999485e-01 9.499999999999999556e-01
9.419999999999999485e-01 9.493000000000000327e-01
9.419999999999999485e-01 9.499999999999999556e-01
9.419999999999999485e-01 9.505000000000000115e-01
9.419999999999999485e-01 9.505000000000000115e-01
9.419999999999999485e-01 9.506999999999999895e-01
9.419999999999999485e-01 9.502000000000000446e-01
9.419999999999999485e-01 9.506000000000000005e-01
9.419999999999999485e-01 9.503000000000000336e-01
9.419999999999999485e-01 9.500999999999999446e-01
9.419999999999999485e-01 9.505000000000000115e-01
9.419999999999999485e-01 9.503000000000000336e-01
9.419999999999999485e-01 9.506999999999999895e-01
9.419999999999999485e-01 9.506000000000000005e-01
9.419999999999999485e-01 9.506000000000000005e-01
9.419999999999999485e-01 9.509999999999999565e-01
9.418999999999999595e-01 9.507999999999999785e-01
9.417999999999999705e-01 9.504000000000000226e-01
9.417999999999999705e-01 9.506000000000000005e-01
9.417999999999999705e-01 9.497999999999999776e-01
9.417999999999999705e-01 9.500999999999999446e-01
9.417999999999999705e-01 9.504000000000000226e-01
9.416999999999999815e-01 9.500999999999999446e-01
9.417999999999999705e-01 9.497999999999999776e-01
9.417999999999999705e-01 9.495999999999999996e-01
9.417999999999999705e-01 9.496999999999999886e-01
9.417999999999999705e-01 9.500999999999999446e-01
9.417999999999999705e-01 9.495999999999999996e-01
9.417999999999999705e-01 9.500999999999999446e-01
9.417999999999999705e-01 9.503000000000000336e-01
9.418999999999999595e-01 9.504000000000000226e-01
9.418999999999999595e-01 9.504000000000000226e-01
9.418999999999999595e-01 9.503000000000000336e-01
9.418999999999999595e-01 9.505000000000000115e-01
9.418999999999999595e-01 9.506000000000000005e-01
9.418999999999999595e-01 9.507999999999999785e-01
9.418999999999999595e-01 9.505000000000000115e-01
9.418999999999999595e-01 9.505000000000000115e-01
9.418999999999999595e-01 9.506999999999999895e-01
9.418999999999999595e-01 9.507999999999999785e-01
9.418999999999999595e-01 9.507999999999999785e-01
9.418999999999999595e-01 9.506000000000000005e-01
9.417999999999999705e-01 9.506000000000000005e-01
9.418999999999999595e-01 9.505000000000000115e-01
9.418999999999999595e-01 9.506999999999999895e-01
9.418999999999999595e-01 9.510999999999999455e-01
9.418999999999999595e-01 9.505000000000000115e-01
9.418999999999999595e-01 9.504000000000000226e-01
9.418999999999999595e-01 9.500999999999999446e-01
9.418999999999999595e-01 9.504000000000000226e-01
9.418999999999999595e-01 9.508999999999999675e-01
9.418999999999999595e-01 9.508999999999999675e-01
9.418999999999999595e-01 9.507999999999999785e-01
9.417999999999999705e-01 9.506999999999999895e-01
9.417999999999999705e-01 9.506000000000000005e-01
9.418999999999999595e-01 9.504000000000000226e-01
9.418999999999999595e-01 9.506999999999999895e-01
9.418999999999999595e-01 9.506000000000000005e-01
9.418999999999999595e-01 9.505000000000000115e-01
9.418999999999999595e-01 9.506000000000000005e-01
9.418999999999999595e-01 9.507999999999999785e-01
9.418999999999999595e-01 9.508999999999999675e-01
9.418999999999999595e-01 9.509999999999999565e-01
9.418999999999999595e-01 9.509999999999999565e-01
9.418999999999999595e-01 9.509999999999999565e-01
9.418999999999999595e-01 9.507999999999999785e-01
9.418999999999999595e-01 9.513000000000000345e-01
9.418999999999999595e-01 9.509999999999999565e-01
9.418999999999999595e-01 9.509999999999999565e-01
9.419999999999999485e-01 9.508999999999999675e-01
9.419999999999999485e-01 9.513000000000000345e-01
9.419999999999999485e-01 9.516000000000000014e-01
9.419999999999999485e-01 9.516000000000000014e-01
9.419999999999999485e-01 9.515000000000000124e-01
9.419999999999999485e-01 9.509999999999999565e-01
9.419999999999999485e-01 9.508999999999999675e-01
9.419999999999999485e-01 9.507999999999999785e-01
9.421000000000000485e-01 9.507999999999999785e-01
9.421000000000000485e-01 9.513000000000000345e-01
9.419999999999999485e-01 9.510999999999999455e-01
9.419999999999999485e-01 9.510999999999999455e-01
9.421000000000000485e-01 9.505000000000000115e-01
9.421000000000000485e-01 9.506000000000000005e-01
9.421000000000000485e-01 9.506999999999999895e-01
9.421000000000000485e-01 9.508999999999999675e-01
9.421000000000000485e-01 9.505000000000000115e-01
9.421000000000000485e-01 9.512000000000000455e-01
9.421000000000000485e-01 9.506000000000000005e-01
9.419999999999999485e-01 9.505000000000000115e-01
9.419999999999999485e-01 9.508999999999999675e-01
9.419999999999999485e-01 9.503000000000000336e-01
9.419999999999999485e-01 9.505000000000000115e-01
9.419999999999999485e-01 9.506999999999999895e-01
9.419999999999999485e-01 9.507999999999999785e-01
9.419999999999999485e-01 9.502000000000000446e-01
9.421000000000000485e-01 9.506000000000000005e-01
9.421000000000000485e-01 9.506999999999999895e-01
9.421000000000000485e-01 9.508999999999999675e-01
9.421000000000000485e-01 9.510999999999999455e-01
9.421000000000000485e-01 9.516000000000000014e-01
9.421000000000000485e-01 9.513000000000000345e-01
9.421000000000000485e-01 9.504000000000000226e-01
9.421000000000000485e-01 9.510999999999999455e-01
9.419999999999999485e-01 9.507999999999999785e-01
9.419999999999999485e-01 9.509999999999999565e-01
9.419999999999999485e-01 9.507999999999999785e-01
9.419999999999999485e-01 9.505000000000000115e-01
9.419999999999999485e-01 9.507999999999999785e-01
9.419999999999999485e-01 9.504000000000000226e-01
9.419999999999999485e-01 9.507999999999999785e-01
9.419999999999999485e-01 9.506999999999999895e-01
9.421000000000000485e-01 9.508999999999999675e-01
9.421000000000000485e-01 9.505000000000000115e-01
9.421000000000000485e-01 9.505000000000000115e-01
9.421000000000000485e-01 9.499999999999999556e-01
9.421000000000000485e-01 9.503000000000000336e-01
9.421000000000000485e-01 9.502000000000000446e-01
9.421000000000000485e-01 9.497999999999999776e-01
9.421000000000000485e-01 9.499999999999999556e-01
9.421000000000000485e-01 9.498999999999999666e-01
9.421000000000000485e-01 9.499999999999999556e-01
9.419999999999999485e-01 9.503000000000000336e-01
9.419999999999999485e-01 9.500999999999999446e-01
9.419999999999999485e-01 9.503000000000000336e-01
9.419999999999999485e-01 9.508999999999999675e-01
9.419999999999999485e-01 9.507999999999999785e-01
9.419999999999999485e-01 9.508999999999999675e-01
9.419999999999999485e-01 9.509999999999999565e-01
9.419999999999999485e-01 9.506000000000000005e-01
9.419999999999999485e-01 9.504000000000000226e-01
9.419999999999999485e-01 9.506999999999999895e-01
9.419999999999999485e-01 9.500999999999999446e-01
9.419999999999999485e-01 9.499999999999999556e-01
9.421000000000000485e-01 9.497999999999999776e-01
9.421000000000000485e-01 9.502000000000000446e-01
9.421000000000000485e-01 9.496999999999999886e-01
9.419999999999999485e-01 9.500999999999999446e-01
9.419999999999999485e-01 9.504000000000000226e-01
9.421000000000000485e-01 9.499999999999999556e-01
9.419999999999999485e-01 9.499999999999999556e-01
9.419999999999999485e-01 9.504000000000000226e-01
9.419999999999999485e-01 9.503000000000000336e-01
9.419999999999999485e-01 9.504000000000000226e-01
9.419999999999999485e-01 9.499999999999999556e-01
9.421000000000000485e-01 9.497999999999999776e-01
9.422000000000000375e-01 9.499999999999999556e-01
9.419999999999999485e-01 9.499999999999999556e-01
9.419999999999999485e-01 9.500999999999999446e-01
9.419999999999999485e-01 9.499999999999999556e-01
9.419999999999999485e-01 9.499999999999999556e-01
9.419999999999999485e-01 9.498999999999999666e-01
9.419999999999999485e-01 9.507999999999999785e-01
9.419999999999999485e-01 9.506000000000000005e-01
9.419999999999999485e-01 9.505000000000000115e-01
9.419999999999999485e-01 9.505000000000000115e-01
9.419999999999999485e-01 9.503000000000000336e-01
9.419999999999999485e-01 9.505000000000000115e-01
9.419999999999999485e-01 9.506999999999999895e-01
9.419999999999999485e-01 9.507999999999999785e-01
9.419999999999999485e-01 9.505000000000000115e-01
9.419999999999999485e-01 9.507999999999999785e-01
9.419999999999999485e-01 9.508999999999999675e-01
9.419999999999999485e-01 9.509999999999999565e-01
9.421000000000000485e-01 9.506000000000000005e-01
9.421000000000000485e-01 9.505000000000000115e-01
9.419999999999999485e-01 9.506999999999999895e-01
9.419999999999999485e-01 9.508999999999999675e-01
9.419999999999999485e-01 9.505000000000000115e-01
9.419999999999999485e-01 9.507999999999999785e-01
9.421000000000000485e-01 9.503000000000000336e-01
9.421000000000000485e-01 9.502000000000000446e-01
9.421000000000000485e-01 9.502000000000000446e-01
9.422000000000000375e-01 9.503000000000000336e-01
9.422000000000000375e-01 9.503000000000000336e-01
9.422000000000000375e-01 9.505000000000000115e-01
9.422000000000000375e-01 9.504000000000000226e-01
9.421000000000000485e-01 9.506000000000000005e-01
9.421000000000000485e-01 9.502000000000000446e-01
9.422000000000000375e-01 9.503000000000000336e-01
9.421000000000000485e-01 9.502000000000000446e-01
9.421000000000000485e-01 9.503000000000000336e-01
9.421000000000000485e-01 9.499999999999999556e-01
9.421000000000000485e-01 9.502000000000000446e-01
9.421000000000000485e-01 9.500999999999999446e-01
9.421000000000000485e-01 9.502000000000000446e-01
9.421000000000000485e-01 9.504000000000000226e-01
9.421000000000000485e-01 9.503000000000000336e-01
9.419999999999999485e-01 9.500999999999999446e-01
9.419999999999999485e-01 9.502000000000000446e-01
9.419999999999999485e-01 9.499999999999999556e-01
9.419999999999999485e-01 9.499999999999999556e-01
9.418999999999999595e-01 9.504000000000000226e-01
9.418999999999999595e-01 9.509999999999999565e-01
9.419999999999999485e-01 9.506999999999999895e-01
9.419999999999999485e-01 9.509999999999999565e-01
9.419999999999999485e-01 9.506999999999999895e-01
9.421000000000000485e-01 9.503000000000000336e-01
9.421000000000000485e-01 9.504000000000000226e-01
9.419999999999999485e-01 9.504000000000000226e-01
9.419999999999999485e-01 9.502000000000000446e-01
9.419999999999999485e-01 9.504000000000000226e-01
9.419999999999999485e-01 9.506000000000000005e-01
9.418999999999999595e-01 9.499999999999999556e-01
9.418999999999999595e-01 9.500999999999999446e-01
9.418999999999999595e-01 9.504000000000000226e-01
9.418999999999999595e-01 9.506000000000000005e-01
9.418999999999999595e-01 9.503000000000000336e-01
9.419999999999999485e-01 9.498999999999999666e-01
9.418999999999999595e-01 9.497999999999999776e-01
9.421000000000000485e-01 9.500999999999999446e-01
9.419999999999999485e-01 9.500999999999999446e-01
9.421000000000000485e-01 9.504000000000000226e-01
9.419999999999999485e-01 9.504000000000000226e-01
9.419999999999999485e-01 9.503000000000000336e-01
9.421000000000000485e-01 9.499999999999999556e-01
9.421000000000000485e-01 9.502000000000000446e-01
9.421000000000000485e-01 9.502000000000000446e-01
9.421000000000000485e-01 9.499999999999999556e-01
9.421000000000000485e-01 9.495999999999999996e-01
9.421000000000000485e-01 9.496999999999999886e-01
9.421000000000000485e-01 9.494000000000000217e-01
9.421000000000000485e-01 9.494000000000000217e-01
9.421000000000000485e-01 9.491000000000000547e-01
9.421000000000000485e-01 9.489999999999999547e-01
9.421000000000000485e-01 9.497999999999999776e-01
9.421000000000000485e-01 9.493000000000000327e-01
9.421000000000000485e-01 9.495999999999999996e-01
9.421000000000000485e-01 9.494000000000000217e-01
9.421000000000000485e-01 9.492000000000000437e-01
9.421000000000000485e-01 9.491000000000000547e-01
9.421000000000000485e-01 9.492000000000000437e-01
9.421000000000000485e-01 9.495999999999999996e-01
9.421000000000000485e-01 9.495999999999999996e-01
9.421000000000000485e-01 9.497999999999999776e-01
9.421000000000000485e-01 9.496999999999999886e-01
9.421000000000000485e-01 9.493000000000000327e-01
9.421000000000000485e-01 9.494000000000000217e-01
9.421000000000000485e-01 9.494000000000000217e-01
9.421000000000000485e-01 9.496999999999999886e-01
9.421000000000000485e-01 9.492000000000000437e-01
9.421000000000000485e-01 9.493000000000000327e-01
9.421000000000000485e-01 9.491000000000000547e-01
9.421000000000000485e-01 9.493000000000000327e-01
9.422000000000000375e-01 9.494000000000000217e-01
9.422000000000000375e-01 9.497999999999999776e-01
9.422000000000000375e-01 9.495000000000000107e-01
9.422000000000000375e-01 9.495999999999999996e-01
9.422000000000000375e-01 9.496999999999999886e-01
9.422000000000000375e-01 9.496999999999999886e-01
9.422000000000000375e-01 9.500999999999999446e-01
9.422000000000000375e-01 9.496999999999999886e-01
9.422000000000000375e-01 9.496999999999999886e-01
9.422000000000000375e-01 9.496999999999999886e-01
9.422000000000000375e-01 9.496999999999999886e-01
9.422000000000000375e-01 9.495999999999999996e-01
9.422000000000000375e-01 9.495999999999999996e-01
9.422000000000000375e-01 9.498999999999999666e-01
9.422000000000000375e-01 9.497999999999999776e-01
9.421000000000000485e-01 9.498999999999999666e-01
9.421000000000000485e-01 9.497999999999999776e-01
9.421000000000000485e-01 9.500999999999999446e-01
9.419999999999999485e-01 9.498999999999999666e-01
9.419999999999999485e-01 9.498999999999999666e-01
9.419999999999999485e-01 9.494000000000000217e-01
9.418999999999999595e-01 9.493000000000000327e-01
9.419999999999999485e-01 9.495000000000000107e-01
9.419999999999999485e-01 9.495000000000000107e-01
9.421000000000000485e-01 9.495999999999999996e-01
9.419999999999999485e-01 9.495000000000000107e-01
9.421000000000000485e-01 9.495999999999999996e-01
9.419999999999999485e-01 9.496999999999999886e-01
9.421000000000000485e-01 9.493000000000000327e-01
9.421000000000000485e-01 9.495999999999999996e-01
9.419999999999999485e-01 9.499999999999999556e-01
9.419999999999999485e-01 9.499999999999999556e-01
9.421000000000000485e-01 9.495999999999999996e-01
9.421000000000000485e-01 9.495999999999999996e-01
9.421000000000000485e-01 9.495000000000000107e-01
9.421000000000000485e-01 9.496999999999999886e-01
9.421000000000000485e-01 9.491000000000000547e-01
9.421000000000000485e-01 9.495000000000000107e-01
9.421000000000000485e-01 9.498999999999999666e-01
9.421000000000000485e-01 9.495999999999999996e-01
9.421000000000000485e-01 9.495999999999999996e-01
9.421000000000000485e-01 9.499999999999999556e-01
9.421000000000000485e-01 9.497999999999999776e-01
9.422000000000000375e-01 9.493000000000000327e-01
9.422000000000000375e-01 9.496999999999999886e-01
9.422000000000000375e-01 9.493000000000000327e-01
9.422000000000000375e-01 9.497999999999999776e-01
9.422000000000000375e-01 9.495999999999999996e-01
9.422000000000000375e-01 9.493000000000000327e-01
9.422000000000000375e-01 9.494000000000000217e-01
9.422000000000000375e-01 9.496999999999999886e-01
9.422000000000000375e-01 9.496999999999999886e-01
9.422000000000000375e-01 9.498999999999999666e-01
9.421000000000000485e-01 9.498999999999999666e-01
9.421000000000000485e-01 9.494000000000000217e-01
9.421000000000000485e-01 9.495999999999999996e-01
9.421000000000000485e-01 9.498999999999999666e-01
9.421000000000000485e-01 9.500999999999999446e-01
9.421000000000000485e-01 9.498999999999999666e-01
9.421000000000000485e-01 9.497999999999999776e-01
9.421000000000000485e-01 9.495999999999999996e-01
9.421000000000000485e-01 9.498999999999999666e-01
9.421000000000000485e-01 9.495999999999999996e-01
9.421000000000000485e-01 9.493000000000000327e-01
9.421000000000000485e-01 9.497999999999999776e-01
9.421000000000000485e-01 9.496999999999999886e-01
9.421000000000000485e-01 9.492000000000000437e-01
9.421000000000000485e-01 9.492000000000000437e-01
9.419999999999999485e-01 9.488999999999999657e-01
9.419999999999999485e-01 9.492000000000000437e-01
9.421000000000000485e-01 9.495000000000000107e-01
9.421000000000000485e-01 9.492000000000000437e-01
9.419999999999999485e-01 9.493000000000000327e-01
9.419999999999999485e-01 9.495999999999999996e-01
9.422000000000000375e-01 9.494000000000000217e-01
9.421000000000000485e-01 9.493000000000000327e-01
9.422000000000000375e-01 9.491000000000000547e-01
9.422000000000000375e-01 9.491000000000000547e-01
9.419999999999999485e-01 9.494000000000000217e-01
9.422000000000000375e-01 9.493000000000000327e-01
9.419999999999999485e-01 9.493000000000000327e-01
9.419999999999999485e-01 9.494000000000000217e-01
9.421000000000000485e-01 9.487999999999999767e-01
9.421000000000000485e-01 9.489999999999999547e-01
9.421000000000000485e-01 9.493000000000000327e-01
9.421000000000000485e-01 9.495999999999999996e-01
9.421000000000000485e-01 9.491000000000000547e-01
9.419999999999999485e-01 9.494000000000000217e-01
9.419999999999999485e-01 9.495000000000000107e-01
9.419999999999999485e-01 9.494000000000000217e-01
9.418999999999999595e-01 9.495999999999999996e-01
9.419999999999999485e-01 9.495999999999999996e-01
9.419999999999999485e-01 9.493000000000000327e-01
9.419999999999999485e-01 9.489999999999999547e-01
9.419999999999999485e-01 9.492000000000000437e-01
9.419999999999999485e-01 9.495000000000000107e-01
9.419999999999999485e-01 9.497999999999999776e-01
9.419999999999999485e-01 9.499999999999999556e-01
9.419999999999999485e-01 9.502000000000000446e-01
9.421000000000000485e-01 9.503000000000000336e-01
9.421000000000000485e-01 9.500999999999999446e-01
9.421000000000000485e-01 9.504000000000000226e-01
9.421000000000000485e-01 9.498999999999999666e-01
9.421000000000000485e-01 9.498999999999999666e-01
9.421000000000000485e-01 9.502000000000000446e-01
9.421000000000000485e-01 9.495999999999999996e-01
9.421000000000000485e-01 9.495999999999999996e-01
9.421000000000000485e-01 9.494000000000000217e-01
9.421000000000000485e-01 9.497999999999999776e-01
9.421000000000000485e-01 9.494000000000000217e-01
9.421000000000000485e-01 9.495999999999999996e-01
9.421000000000000485e-01 9.495000000000000107e-01
9.421000000000000485e-01 9.495999999999999996e-01
9.421000000000000485e-01 9.495999999999999996e-01
9.419999999999999485e-01 9.495000000000000107e-01
9.419999999999999485e-01 9.492000000000000437e-01
9.419999999999999485e-01 9.491000000000000547e-01
9.419999999999999485e-01 9.489999999999999547e-01
9.419999999999999485e-01 9.495000000000000107e-01
9.419999999999999485e-01 9.494000000000000217e-01
9.421000000000000485e-01 9.493000000000000327e-01
9.419999999999999485e-01 9.494000000000000217e-01
9.419999999999999485e-01 9.487999999999999767e-01
9.421000000000000485e-01 9.489999999999999547e-01
9.422000000000000375e-01 9.495000000000000107e-01
9.422000000000000375e-01 9.496999999999999886e-01
9.422000000000000375e-01 9.496999999999999886e-01
9.424000000000000155e-01 9.497999999999999776e-01
9.424000000000000155e-01 9.498999999999999666e-01
9.424000000000000155e-01 9.500999999999999446e-01
9.424000000000000155e-01 9.496999999999999886e-01
9.423000000000000265e-01 9.496999999999999886e-01
9.423000000000000265e-01 9.499999999999999556e-01
9.423000000000000265e-01 9.496999999999999886e-01
9.423000000000000265e-01 9.502000000000000446e-01
9.423000000000000265e-01 9.496999999999999886e-01
9.423000000000000265e-01 9.495000000000000107e-01
9.423000000000000265e-01 9.491000000000000547e-01
9.423000000000000265e-01 9.492000000000000437e-01
9.423000000000000265e-01 9.495999999999999996e-01
9.423000000000000265e-01 9.492000000000000437e-01
9.423000000000000265e-01 9.491000000000000547e-01
9.423000000000000265e-01 9.488999999999999657e-01
9.423000000000000265e-01 9.488999999999999657e-01
9.423000000000000265e-01 9.488999999999999657e-01
9.423000000000000265e-01 9.487999999999999767e-01
9.423000000000000265e-01 9.487999999999999767e-01
9.423000000000000265e-01 9.488999999999999657e-01
9.423000000000000265e-01 9.494000000000000217e-01
9.422000000000000375e-01 9.493000000000000327e-01
9.423000000000000265e-01 9.491000000000000547e-01
9.423000000000000265e-01 9.495000000000000107e-01
9.423000000000000265e-01 9.492000000000000437e-01
9.423000000000000265e-01 9.489999999999999547e-01
9.423000000000000265e-01 9.493000000000000327e-01
9.423000000000000265e-01 9.493000000000000327e-01
9.424000000000000155e-01 9.494000000000000217e-01
9.423000000000000265e-01 9.492000000000000437e-01
9.424000000000000155e-01 9.493000000000000327e-01
9.425000000000000044e-01 9.494000000000000217e-01
9.425000000000000044e-01 9.494000000000000217e-01
9.424000000000000155e-01 9.496999999999999886e-01
9.425000000000000044e-01 9.495999999999999996e-01
9.425000000000000044e-01 9.495999999999999996e-01
9.425999999999999934e-01 9.496999999999999886e-01
9.425000000000000044e-01 9.495999999999999996e-01
9.424000000000000155e-01 9.498999999999999666e-01
9.424000000000000155e-01 9.495000000000000107e-01
9.425999999999999934e-01 9.493000000000000327e-01
9.425999999999999934e-01 9.495000000000000107e-01
9.425000000000000044e-01 9.498999999999999666e-01
9.425999999999999934e-01 9.495999999999999996e-01
9.425999999999999934e-01 9.496999999999999886e-01
9.425999999999999934e-01 9.493000000000000327e-01
9.426999999999999824e-01 9.496999999999999886e-01
9.426999999999999824e-01 9.494000000000000217e-01
9.426999999999999824e-01 9.494000000000000217e-01
9.425999999999999934e-01 9.496999999999999886e-01
9.425999999999999934e-01 9.495999999999999996e-01
9.425999999999999934e-01 9.494000000000000217e-01
9.425999999999999934e-01 9.493000000000000327e-01
9.425999999999999934e-01 9.494000000000000217e-01
9.425999999999999934e-01 9.493000000000000327e-01
9.425999999999999934e-01 9.496999999999999886e-01
9.425999999999999934e-01 9.498999999999999666e-01
9.425999999999999934e-01 9.498999999999999666e-01
9.425999999999999934e-01 9.499999999999999556e-01
9.425999999999999934e-01 9.500999999999999446e-01
9.425999999999999934e-01 9.500999999999999446e-01
9.425999999999999934e-01 9.504000000000000226e-01
9.425999999999999934e-01 9.503000000000000336e-01
9.425999999999999934e-01 9.502000000000000446e-01
9.425999999999999934e-01 9.505000000000000115e-01
9.425999999999999934e-01 9.499999999999999556e-01
9.425999999999999934e-01 9.500999999999999446e-01
9.425999999999999934e-01 9.503000000000000336e-01
9.425999999999999934e-01 9.496999999999999886e-01
9.425999999999999934e-01 9.497999999999999776e-01
9.425999999999999934e-01 9.495999999999999996e-01
9.425999999999999934e-01 9.495000000000000107e-01
9.425999999999999934e-01 9.498999999999999666e-01
9.425999999999999934e-01 9.495000000000000107e-01
9.425999999999999934e-01 9.500999999999999446e-01
9.426999999999999824e-01 9.499999999999999556e-01
9.426999999999999824e-01 9.500999999999999446e-01
9.425999999999999934e-01 9.497999999999999776e-01
9.425999999999999934e-01 9.497999999999999776e-01
9.425999999999999934e-01 9.500999999999999446e-01
9.425999999999999934e-01 9.503000000000000336e-01
9.425999999999999934e-01 9.502000000000000446e-01
9.425999999999999934e-01 9.503000000000000336e-01
9.425999999999999934e-01 9.503000000000000336e-01
9.425999999999999934e-01 9.500999999999999446e-01
9.425999999999999934e-01 9.500999999999999446e-01
9.425999999999999934e-01 9.499999999999999556e-01
9.426999999999999824e-01 9.506000000000000005e-01
9.426999999999999824e-01 9.498999999999999666e-01
9.426999999999999824e-01 9.500999999999999446e-01
9.426999999999999824e-01 9.500999999999999446e-01
9.425999999999999934e-01 9.500999999999999446e-01
9.426999999999999824e-01 9.505000000000000115e-01
9.426999999999999824e-01 9.499999999999999556e-01
9.425999999999999934e-01 9.498999999999999666e-01
9.425999999999999934e-01 9.494000000000000217e-01
9.426999999999999824e-01 9.491000000000000547e-01
9.425999999999999934e-01 9.493000000000000327e-01
9.425999999999999934e-01 9.493000000000000327e-01
9.425999999999999934e-01 9.494000000000000217e-01
9.425999999999999934e-01 9.495999999999999996e-01
9.425999999999999934e-01 9.495000000000000107e-01
9.425999999999999934e-01 9.495000000000000107e-01
9.425999999999999934e-01 9.491000000000000547e-01
9.425999999999999934e-01 9.492000000000000437e-01
9.425999999999999934e-01 9.494000000000000217e-01
9.425999999999999934e-01 9.495000000000000107e-01
9.425999999999999934e-01 9.493000000000000327e-01
9.425999999999999934e-01 9.493000000000000327e-01
9.425999999999999934e-01 9.503000000000000336e-01
9.425999999999999934e-01 9.499999999999999556e-01
9.425999999999999934e-01 9.497999999999999776e-01
9.425999999999999934e-01 9.495999999999999996e-01
9.425999999999999934e-01 9.495999999999999996e-01
9.425999999999999934e-01 9.493000000000000327e-01
9.425999999999999934e-01 9.496999999999999886e-01
9.425999999999999934e-01 9.495999999999999996e-01
9.425999999999999934e-01 9.496999999999999886e-01
9.426999999999999824e-01 9.488999999999999657e-01
9.426999999999999824e-01 9.492000000000000437e-01
9.425999999999999934e-01 9.492000000000000437e-01
9.426999999999999824e-01 9.487999999999999767e-01
9.426999999999999824e-01 9.489999999999999547e-01
9.426999999999999824e-01 9.491000000000000547e-01
9.426999999999999824e-01 9.495000000000000107e-01
9.426999999999999824e-01 9.495999999999999996e-01
9.427999999999999714e-01 9.489999999999999547e-01
9.427999999999999714e-01 9.491000000000000547e-01
9.427999999999999714e-01 9.491000000000000547e-01
9.427999999999999714e-01 9.489999999999999547e-01
9.427999999999999714e-01 9.488999999999999657e-01
9.427999999999999714e-01 9.485999999999999988e-01
9.427999999999999714e-01 9.488999999999999657e-01
9.427999999999999714e-01 9.488999999999999657e-01
9.427999999999999714e-01 9.489999999999999547e-01
9.427999999999999714e-01 9.489999999999999547e-01
9.428999999999999604e-01 9.488999999999999657e-01
9.428999999999999604e-01 9.488999999999999657e-01
9.428999999999999604e-01 9.486999999999999877e-01
9.428999999999999604e-01 9.485999999999999988e-01
9.428999999999999604e-01 9.483000000000000318e-01
9.428999999999999604e-01 9.484000000000000208e-01
9.428999999999999604e-01 9.485999999999999988e-01
9.428999999999999604e-01 9.482000000000000428e-01
9.428999999999999604e-01 9.486999999999999877e-01
9.428999999999999604e-01 9.489999999999999547e-01
9.428999999999999604e-01 9.487999999999999767e-01
9.428999999999999604e-01 9.487999999999999767e-01
9.428999999999999604e-01 9.492000000000000437e-01
9.428999999999999604e-01 9.493000000000000327e-01
9.428999999999999604e-01 9.492000000000000437e-01
9.428999999999999604e-01 9.494000000000000217e-01
9.428999999999999604e-01 9.496999999999999886e-01
9.428999999999999604e-01 9.493000000000000327e-01
9.428999999999999604e-01 9.494000000000000217e-01
9.428999999999999604e-01 9.494000000000000217e-01
9.428999999999999604e-01 9.495000000000000107e-01
9.428999999999999604e-01 9.495000000000000107e-01
9.428999999999999604e-01 9.491000000000000547e-01
9.428999999999999604e-01 9.495000000000000107e-01
9.428999999999999604e-01 9.494000000000000217e-01
9.428999999999999604e-01 9.491000000000000547e-01
9.428999999999999604e-01 9.495999999999999996e-01
9.428999999999999604e-01 9.488999999999999657e-01
9.428999999999999604e-01 9.489999999999999547e-01
9.428999999999999604e-01 9.491000000000000547e-01
9.428999999999999604e-01 9.491000000000000547e-01
9.427999999999999714e-01 9.494000000000000217e-01
9.427999999999999714e-01 9.495000000000000107e-01
9.427999999999999714e-01 9.494000000000000217e-01
9.427999999999999714e-01 9.491000000000000547e-01
9.427999999999999714e-01 9.494000000000000217e-01
9.427999999999999714e-01 9.497999999999999776e-01
9.427999999999999714e-01 9.498999999999999666e-01
9.427999999999999714e-01 9.502000000000000446e-01
9.427999999999999714e-01 9.498999999999999666e-01
9.427999999999999714e-01 9.499999999999999556e-01
9.427999999999999714e-01 9.499999999999999556e-01
9.427999999999999714e-01 9.497999999999999776e-01
9.427999999999999714e-01 9.495999999999999996e-01
9.427999999999999714e-01 9.495999999999999996e-01
9.427999999999999714e-01 9.498999999999999666e-01
9.427999999999999714e-01 9.494000000000000217e-01
9.427999999999999714e-01 9.495999999999999996e-01
9.427999999999999714e-01 9.495000000000000107e-01
9.426999999999999824e-01 9.492000000000000437e-01
9.427999999999999714e-01 9.495999999999999996e-01
9.427999999999999714e-01 9.491000000000000547e-01
9.427999999999999714e-01 9.493000000000000327e-01
9.427999999999999714e-01 9.487999999999999767e-01
9.427999999999999714e-01 9.485999999999999988e-01
9.427999999999999714e-01 9.488999999999999657e-01
9.427999999999999714e-01 9.491000000000000547e-01
9.427999999999999714e-01 9.489999999999999547e-01
9.427999999999999714e-01 9.491000000000000547e-01
9.427999999999999714e-01 9.492000000000000437e-01
9.427999999999999714e-01 9.492000000000000437e-01
9.427999999999999714e-01 9.495000000000000107e-01
9.427999999999999714e-01 9.494000000000000217e-01
9.427999999999999714e-01 9.488999999999999657e-01
9.427999999999999714e-01 9.485999999999999988e-01
9.427999999999999714e-01 9.487999999999999767e-01
9.427999999999999714e-01 9.484000000000000208e-01
9.427999999999999714e-01 9.484000000000000208e-01
9.427999999999999714e-01 9.485000000000000098e-01
9.427999999999999714e-01 9.484000000000000208e-01
9.427999999999999714e-01 9.482000000000000428e-01
9.427999999999999714e-01 9.488999999999999657e-01
9.427999999999999714e-01 9.486999999999999877e-01
9.427999999999999714e-01 9.488999999999999657e-01
9.427999999999999714e-01 9.492000000000000437e-01
9.427999999999999714e-01 9.495000000000000107e-01
9.427999999999999714e-01 9.493000000000000327e-01
9.427999999999999714e-01 9.491000000000000547e-01
9.427999999999999714e-01 9.493000000000000327e-01
9.427999999999999714e-01 9.487999999999999767e-01
9.427999999999999714e-01 9.484000000000000208e-01
9.427999999999999714e-01 9.484000000000000208e-01
9.427999999999999714e-01 9.483000000000000318e-01
9.427999999999999714e-01 9.482000000000000428e-01
9.427999999999999714e-01 9.475000000000000089e-01
9.427999999999999714e-01 9.479999999999999538e-01
9.427999999999999714e-01 9.478999999999999648e-01
9.427999999999999714e-01 9.481000000000000538e-01
9.427999999999999714e-01 9.477999999999999758e-01
9.427999999999999714e-01 9.478999999999999648e-01
9.426999999999999824e-01 9.475999999999999979e-01
9.426999999999999824e-01 9.477999999999999758e-01
9.426999999999999824e-01 9.472000000000000419e-01
9.426999999999999824e-01 9.475000000000000089e-01
9.426999999999999824e-01 9.474000000000000199e-01
9.426999999999999824e-01 9.477999999999999758e-01
9.426999999999999824e-01 9.476999999999999869e-01
9.426999999999999824e-01 9.478999999999999648e-01
9.426999999999999824e-01 9.475999999999999979e-01
9.426999999999999824e-01 9.471000000000000529e-01
9.426999999999999824e-01 9.468999999999999639e-01
9.425999999999999934e-01 9.466999999999999860e-01
9.425999999999999934e-01 9.472000000000000419e-01
9.425999999999999934e-01 9.475000000000000089e-01
9.425999999999999934e-01 9.474000000000000199e-01
9.425999999999999934e-01 9.475999999999999979e-01
9.425000000000000044e-01 9.476999999999999869e-01
9.425000000000000044e-01 9.474000000000000199e-01
9.425000000000000044e-01 9.475999999999999979e-01
9.425000000000000044e-01 9.479999999999999538e-01
9.425000000000000044e-01 9.482000000000000428e-01
9.425000000000000044e-01 9.483000000000000318e-01
9.425000000000000044e-01 9.478999999999999648e-01
9.425000000000000044e-01 9.479999999999999538e-01
9.425000000000000044e-01 9.478999999999999648e-01
9.425000000000000044e-01 9.475999999999999979e-01
9.425000000000000044e-01 9.474000000000000199e-01
9.425000000000000044e-01 9.482000000000000428e-01
9.425999999999999934e-01 9.477999999999999758e-01
9.425999999999999934e-01 9.478999999999999648e-01
9.425999999999999934e-01 9.485999999999999988e-01
9.425999999999999934e-01 9.478999999999999648e-01
9.425999999999999934e-01 9.478999999999999648e-01
9.425999999999999934e-01 9.479999999999999538e-01
9.426999999999999824e-01 9.484000000000000208e-01
9.426999999999999824e-01 9.483000000000000318e-01
9.426999999999999824e-01 9.482000000000000428e-01
9.427999999999999714e-01 9.485999999999999988e-01
9.427999999999999714e-01 9.486999999999999877e-01
9.427999999999999714e-01 9.488999999999999657e-01
9.427999999999999714e-01 9.485999999999999988e-01
9.426999999999999824e-01 9.484000000000000208e-01
9.426999999999999824e-01 9.484000000000000208e-01
9.426999999999999824e-01 9.484000000000000208e-01
9.426999999999999824e-01 9.486999999999999877e-01
9.426999999999999824e-01 9.481000000000000538e-01
9.425999999999999934e-01 9.485999999999999988e-01
9.425999999999999934e-01 9.485000000000000098e-01
9.425999999999999934e-01 9.483000000000000318e-01
9.425999999999999934e-01 9.488999999999999657e-01
9.426999999999999824e-01 9.485000000000000098e-01
9.426999999999999824e-01 9.478999999999999648e-01
9.426999999999999824e-01 9.485000000000000098e-01
9.426999999999999824e-01 9.486999999999999877e-01
9.426999999999999824e-01 9.482000000000000428e-01
9.426999999999999824e-01 9.485000000000000098e-01
9.426999999999999824e-01 9.482000000000000428e-01
9.426999999999999824e-01 9.481000000000000538e-01
9.426999999999999824e-01 9.482000000000000428e-01
9.426999999999999824e-01 9.488999999999999657e-01
9.426999999999999824e-01 9.486999999999999877e-01
9.426999999999999824e-01 9.488999999999999657e-01
9.426999999999999824e-01 9.485999999999999988e-01
9.426999999999999824e-01 9.491000000000000547e-01
9.426999999999999824e-01 9.489999999999999547e-01
9.426999999999999824e-01 9.483000000000000318e-01
9.426999999999999824e-01 9.486999999999999877e-01
9.426999999999999824e-01 9.485000000000000098e-01
9.426999999999999824e-01 9.483000000000000318e-01
9.426999999999999824e-01 9.486999999999999877e-01
9.426999999999999824e-01 9.478999999999999648e-01
9.426999999999999824e-01 9.478999999999999648e-01
9.426999999999999824e-01 9.483000000000000318e-01
9.426999999999999824e-01 9.478999999999999648e-01
9.426999999999999824e-01 9.482000000000000428e-01
9.426999999999999824e-01 9.479999999999999538e-01
9.426999999999999824e-01 9.484000000000000208e-01
9.426999999999999824e-01 9.484000000000000208e-01
9.426999999999999824e-01 9.485000000000000098e-01
9.426999999999999824e-01 9.483000000000000318e-01
9.426999999999999824e-01 9.487999999999999767e-01
9.426999999999999824e-01 9.492000000000000437e-01
9.426999999999999824e-01 9.488999999999999657e-01
9.426999999999999824e-01 9.484000000000000208e-01
9.426999999999999824e-01 9.485000000000000098e-01
9.426999999999999824e-01 9.485999999999999988e-01
9.426999999999999824e-01 9.487999999999999767e-01
9.426999999999999824e-01 9.484000000000000208e-01
9.426999999999999824e-01 9.483000000000000318e-01
9.426999999999999824e-01 9.483000000000000318e-01
9.426999999999999824e-01 9.485000000000000098e-01
9.426999999999999824e-01 9.479999999999999538e-01
9.427999999999999714e-01 9.487999999999999767e-01
9.427999999999999714e-01 9.482000000000000428e-01
9.427999999999999714e-01 9.482000000000000428e-01
9.427999999999999714e-01 9.482000000000000428e-01
9.426999999999999824e-01 9.486999999999999877e-01
9.426999999999999824e-01 9.486999999999999877e-01
9.427999999999999714e-01 9.487999999999999767e-01
9.427999999999999714e-01 9.485000000000000098e-01
9.427999999999999714e-01 9.488999999999999657e-01
9.427999999999999714e-01 9.496999999999999886e-01
9.427999999999999714e-01 9.495999999999999996e-01
9.427999999999999714e-01 9.489999999999999547e-01
9.428999999999999604e-01 9.494000000000000217e-01
9.428999999999999604e-01 9.494000000000000217e-01
9.428999999999999604e-01 9.493000000000000327e-01
9.428999999999999604e-01 9.491000000000000547e-01
9.428999999999999604e-01 9.487999999999999767e-01
9.428999999999999604e-01 9.488999999999999657e-01
9.428999999999999604e-01 9.489999999999999547e-01
9.428999999999999604e-01 9.488999999999999657e-01
9.428999999999999604e-01 9.492000000000000437e-01
9.428999999999999604e-01 9.494000000000000217e-01
9.429999999999999494e-01 9.495000000000000107e-01
9.432000000000000384e-01 9.500999999999999446e-01
9.431000000000000494e-01 9.496999999999999886e-01
9.431000000000000494e-01 9.498999999999999666e-01
9.431000000000000494e-01 9.502000000000000446e-01
9.431000000000000494e-01 9.499999999999999556e-01
9.431000000000000494e-01 9.497999999999999776e-01
9.431000000000000494e-01 9.500999999999999446e-01
9.431000000000000494e-01 9.500999999999999446e-01
9.431000000000000494e-01 9.497999999999999776e-01
9.431000000000000494e-01 9.500999999999999446e-01
9.431000000000000494e-01 9.502000000000000446e-01
9.431000000000000494e-01 9.497999999999999776e-01
9.431000000000000494e-01 9.499999999999999556e-01
9.431000000000000494e-01 9.500999999999999446e-01
9.429999999999999494e-01 9.502000000000000446e-01
9.429999999999999494e-01 9.505000000000000115e-01
9.428999999999999604e-01 9.499999999999999556e-01
9.429999999999999494e-01 9.497999999999999776e-01
9.429999999999999494e-01 9.499999999999999556e-01
9.429999999999999494e-01 9.503000000000000336e-01
9.428999999999999604e-01 9.500999999999999446e-01
9.431000000000000494e-01 9.499999999999999556e-01
9.429999999999999494e-01 9.503000000000000336e-01
9.429999999999999494e-01 9.498999999999999666e-01
9.431000000000000494e-01 9.502000000000000446e-01
9.429999999999999494e-01 9.497999999999999776e-01
9.429999999999999494e-01 9.502000000000000446e-01
9.429999999999999494e-01 9.505000000000000115e-01
9.429999999999999494e-01 9.505000000000000115e-01
9.429999999999999494e-01 9.502000000000000446e-01
9.429999999999999494e-01 9.502000000000000446e-01
9.429999999999999494e-01 9.500999999999999446e-01
9.429999999999999494e-01 9.499999999999999556e-01
9.429999999999999494e-01 9.497999999999999776e-01
9.429999999999999494e-01 9.502000000000000446e-01
9.429999999999999494e-01 9.502000000000000446e-01
9.429999999999999494e-01 9.499999999999999556e-01
9.429999999999999494e-01 9.500999999999999446e-01
9.429999999999999494e-01 9.499999999999999556e-01
9.429999999999999494e-01 9.492000000000000437e-01
9.429999999999999494e-01 9.493000000000000327e-01
9.429999999999999494e-01 9.492000000000000437e-01
9.429999999999999494e-01 9.493000000000000327e-01
9.429999999999999494e-01 9.491000000000000547e-01
9.429999999999999494e-01 9.489999999999999547e-01
9.429999999999999494e-01 9.489999999999999547e-01
9.429999999999999494e-01 9.485999999999999988e-01
9.429999999999999494e-01 9.485999999999999988e-01
9.429999999999999494e-01 9.489999999999999547e-01
9.428999999999999604e-01 9.487999999999999767e-01
9.428999999999999604e-01 9.489999999999999547e-01
9.428999999999999604e-01 9.488999999999999657e-01
9.428999999999999604e-01 9.489999999999999547e-01
9.428999999999999604e-01 9.491000000000000547e-01
9.428999999999999604e-01 9.489999999999999547e-01
9.428999999999999604e-01 9.489999999999999547e-01
9.428999999999999604e-01 9.494000000000000217e-01
9.428999999999999604e-01 9.494000000000000217e-01
9.429999999999999494e-01 9.493000000000000327e-01
9.429999999999999494e-01 9.488999999999999657e-01
9.429999999999999494e-01 9.493000000000000327e-01
9.429999999999999494e-01 9.494000000000000217e-01
9.429999999999999494e-01 9.494000000000000217e-01
9.429999999999999494e-01 9.492000000000000437e-01
9.429999999999999494e-01 9.492000000000000437e-01
9.428999999999999604e-01 9.495999999999999996e-01
9.428999999999999604e-01 9.496999999999999886e-01
9.428999999999999604e-01 9.498999999999999666e-01
9.431000000000000494e-01 9.497999999999999776e-01
9.431000000000000494e-01 9.495000000000000107e-01
9.431000000000000494e-01 9.500999999999999446e-01
9.431000000000000494e-01 9.494000000000000217e-01
9.429999999999999494e-01 9.493000000000000327e-01
9.429999999999999494e-01 9.489999999999999547e-01
9.429999999999999494e-01 9.485000000000000098e-01
9.428999999999999604e-01 9.485999999999999988e-01
9.429999999999999494e-01 9.486999999999999877e-01
9.429999999999999494e-01 9.488999999999999657e-01
9.429999999999999494e-01 9.494000000000000217e-01
9.429999999999999494e-01 9.488999999999999657e-01
9.428999999999999604e-01 9.488999999999999657e-01
9.428999999999999604e-01 9.489999999999999547e-01
9.428999999999999604e-01 9.487999999999999767e-01
9.428999999999999604e-01 9.488999999999999657e-01
9.428999999999999604e-01 9.488999999999999657e-01
9.428999999999999604e-01 9.482000000000000428e-01
9.428999999999999604e-01 9.483000000000000318e-01
9.428999999999999604e-01 9.485999999999999988e-01
9.428999999999999604e-01 9.487999999999999767e-01
9.428999999999999604e-01 9.493000000000000327e-01
9.428999999999999604e-01 9.492000000000000437e-01
9.428999999999999604e-01 9.494000000000000217e-01
9.428999999999999604e-01 9.493000000000000327e-01
9.429999999999999494e-01 9.496999999999999886e-01
9.429999999999999494e-01 9.495000000000000107e-01
9.429999999999999494e-01 9.493000000000000327e-01
9.429999999999999494e-01 9.489999999999999547e-01
9.429999999999999494e-01 9.492000000000000437e-01
9.428999999999999604e-01 9.491000000000000547e-01
9.429999999999999494e-01 9.491000000000000547e-01
9.429999999999999494e-01 9.488999999999999657e-01
9.428999999999999604e-01 9.489999999999999547e-01
9.428999999999999604e-01 9.492000000000000437e-01
9.428999999999999604e-01 9.495000000000000107e-01
9.428999999999999604e-01 9.494000000000000217e-01
9.428999999999999604e-01 9.495999999999999996e-01
9.428999999999999604e-01 9.491000000000000547e-01
9.428999999999999604e-01 9.495000000000000107e-01
9.428999999999999604e-01 9.492000000000000437e-01
9.429999999999999494e-01 9.498999999999999666e-01
9.429999999999999494e-01 9.496999999999999886e-01
9.429999999999999494e-01 9.495999999999999996e-01
9.429999999999999494e-01 9.494000000000000217e-01
9.429999999999999494e-01 9.491000000000000547e-01
9.429999999999999494e-01 9.491000000000000547e-01
9.429999999999999494e-01 9.492000000000000437e-01
9.429999999999999494e-01 9.487999999999999767e-01
9.429999999999999494e-01 9.488999999999999657e-01
9.429999999999999494e-01 9.486999999999999877e-01
9.429999999999999494e-01 9.486999999999999877e-01
9.429999999999999494e-01 9.489999999999999547e-01
9.429999999999999494e-01 9.494000000000000217e-01
9.429999999999999494e-01 9.488999999999999657e-01
9.429999999999999494e-01 9.499999999999999556e-01
9.429999999999999494e-01 9.495999999999999996e-01
9.429999999999999494e-01 9.495999999999999996e-01
9.429999999999999494e-01 9.496999999999999886e-01
9.429999999999999494e-01 9.492000000000000437e-01
9.429999999999999494e-01 9.495000000000000107e-01
9.429999999999999494e-01 9.495000000000000107e-01
9.429999999999999494e-01 9.500999999999999446e-01
9.429999999999999494e-01 9.502000000000000446e-01
9.429999999999999494e-01 9.498999999999999666e-01
9.429999999999999494e-01 9.496999999999999886e-01
9.428999999999999604e-01 9.496999999999999886e-01
9.429999999999999494e-01 9.497999999999999776e-01
9.429999999999999494e-01 9.494000000000000217e-01
9.429999999999999494e-01 9.487999999999999767e-01
9.429999999999999494e-01 9.493000000000000327e-01
9.429999999999999494e-01 9.493000000000000327e-01
9.429999999999999494e-01 9.491000000000000547e-01
9.429999999999999494e-01 9.489999999999999547e-01
9.429999999999999494e-01 9.494000000000000217e-01
9.429999999999999494e-01 9.492000000000000437e-01
9.429999999999999494e-01 9.492000000000000437e-01
9.431000000000000494e-01 9.495999999999999996e-01
9.429999999999999494e-01 9.489999999999999547e-01
9.429999999999999494e-01 9.497999999999999776e-01
9.429999999999999494e-01 9.495000000000000107e-01
9.429999999999999494e-01 9.492000000000000437e-01
9.429999999999999494e-01 9.496999999999999886e-01
9.429999999999999494e-01 9.502000000000000446e-01
9.429999999999999494e-01 9.496999999999999886e-01
9.429999999999999494e-01 9.498999999999999666e-01
9.429999999999999494e-01 9.495000000000000107e-01
9.429999999999999494e-01 9.495000000000000107e-01
9.429999999999999494e-01 9.495999999999999996e-01
9.429999999999999494e-01 9.492000000000000437e-01
9.429999999999999494e-01 9.488999999999999657e-01
9.429999999999999494e-01 9.492000000000000437e-01
9.429999999999999494e-01 9.499999999999999556e-01
9.429999999999999494e-01 9.496999999999999886e-01
9.429999999999999494e-01 9.503000000000000336e-01
9.429999999999999494e-01 9.500999999999999446e-01
9.429999999999999494e-01 9.495000000000000107e-01
9.429999999999999494e-01 9.496999999999999886e-01
9.429999999999999494e-01 9.497999999999999776e-01
9.429999999999999494e-01 9.503000000000000336e-01
9.429999999999999494e-01 9.493000000000000327e-01
9.429999999999999494e-01 9.494000000000000217e-01
9.429999999999999494e-01 9.495000000000000107e-01
9.429999999999999494e-01 9.498999999999999666e-01
9.429999999999999494e-01 9.497999999999999776e-01
9.429999999999999494e-01 9.494000000000000217e-01
9.429999999999999494e-01 9.494000000000000217e-01
9.428999999999999604e-01 9.495999999999999996e-01
9.428999999999999604e-01 9.495999999999999996e-01
9.428999999999999604e-01 9.495999999999999996e-01
9.428999999999999604e-01 9.489999999999999547e-01
9.428999999999999604e-01 9.494000000000000217e-01
9.429999999999999494e-01 9.491000000000000547e-01
9.429999999999999494e-01 9.489999999999999547e-01
9.429999999999999494e-01 9.492000000000000437e-01
9.429999999999999494e-01 9.495000000000000107e-01
9.429999999999999494e-01 9.497999999999999776e-01
9.429999999999999494e-01 9.494000000000000217e-01
9.429999999999999494e-01 9.494000000000000217e-01
9.429999999999999494e-01 9.494000000000000217e-01
9.429999999999999494e-01 9.493000000000000327e-01
9.429999999999999494e-01 9.496999999999999886e-01
9.429999999999999494e-01 9.496999999999999886e-01
9.429999999999999494e-01 9.498999999999999666e-01
9.429999999999999494e-01 9.497999999999999776e-01
9.431000000000000494e-01 9.494000000000000217e-01
9.431000000000000494e-01 9.496999999999999886e-01
9.431000000000000494e-01 9.497999999999999776e-01
9.431000000000000494e-01 9.495000000000000107e-01
9.431000000000000494e-01 9.495999999999999996e-01
9.431000000000000494e-01 9.494000000000000217e-01
9.431000000000000494e-01 9.495999999999999996e-01
9.431000000000000494e-01 9.498999999999999666e-01
9.431000000000000494e-01 9.496999999999999886e-01
9.431000000000000494e-01 9.499999999999999556e-01
9.431000000000000494e-01 9.499999999999999556e-01
9.431000000000000494e-01 9.500999999999999446e-01
9.431000000000000494e-01 9.503000000000000336e-01
9.431000000000000494e-01 9.503000000000000336e-01
9.431000000000000494e-01 9.502000000000000446e-01
9.431000000000000494e-01 9.500999999999999446e-01
9.431000000000000494e-01 9.497999999999999776e-01
9.431000000000000494e-01 9.499999999999999556e-01
9.429999999999999494e-01 9.497999999999999776e-01
9.429999999999999494e-01 9.494000000000000217e-01
9.429999999999999494e-01 9.498999999999999666e-01
9.429999999999999494e-01 9.498999999999999666e-01
9.429999999999999494e-01 9.496999999999999886e-01
9.429999999999999494e-01 9.497999999999999776e-01
9.429999999999999494e-01 9.499999999999999556e-01
9.429999999999999494e-01 9.499999999999999556e-01
9.429999999999999494e-01 9.498999999999999666e-01
9.429999999999999494e-01 9.495000000000000107e-01
9.429999999999999494e-01 9.493000000000000327e-01
9.429999999999999494e-01 9.492000000000000437e-01
9.429999999999999494e-01 9.489999999999999547e-01
9.429999999999999494e-01 9.491000000000000547e-01
9.429999999999999494e-01 9.485000000000000098e-01
9.429999999999999494e-01 9.486999999999999877e-01
9.429999999999999494e-01 9.484000000000000208e-01
9.429999999999999494e-01 9.485000000000000098e-01
9.429999999999999494e-01 9.485999999999999988e-01
9.429999999999999494e-01 9.484000000000000208e-01
9.429999999999999494e-01 9.478999999999999648e-01
9.429999999999999494e-01 9.479999999999999538e-01
9.429999999999999494e-01 9.483000000000000318e-01
9.429999999999999494e-01 9.484000000000000208e-01
9.429999999999999494e-01 9.487999999999999767e-01
9.429999999999999494e-01 9.485999999999999988e-01
9.431000000000000494e-01 9.484000000000000208e-01
9.431000000000000494e-01 9.484000000000000208e-01
9.431000000000000494e-01 9.483000000000000318e-01
9.431000000000000494e-01 9.478999999999999648e-01
9.431000000000000494e-01 9.478999999999999648e-01
9.431000000000000494e-01 9.482000000000000428e-01
9.431000000000000494e-01 9.479999999999999538e-01
9.431000000000000494e-01 9.484000000000000208e-01
9.431000000000000494e-01 9.479999999999999538e-01
9.431000000000000494e-01 9.483000000000000318e-01
9.431000000000000494e-01 9.484000000000000208e-01
9.431000000000000494e-01 9.484000000000000208e-01
9.431000000000000494e-01 9.477999999999999758e-01
9.431000000000000494e-01 9.478999999999999648e-01
9.431000000000000494e-01 9.482000000000000428e-01
9.431000000000000494e-01 9.475999999999999979e-01
9.431000000000000494e-01 9.473000000000000309e-01
9.431000000000000494e-01 9.475000000000000089e-01
9.431000000000000494e-01 9.474000000000000199e-01
9.431000000000000494e-01 9.475000000000000089e-01
9.431000000000000494e-01 9.475000000000000089e-01
9.431000000000000494e-01 9.475999999999999979e-01
9.431000000000000494e-01 9.474000000000000199e-01
9.431000000000000494e-01 9.474000000000000199e-01
9.431000000000000494e-01 9.474000000000000199e-01
9.431000000000000494e-01 9.475999999999999979e-01
9.431000000000000494e-01 9.477999999999999758e-01
9.431000000000000494e-01 9.476999999999999869e-01
9.429999999999999494e-01 9.477999999999999758e-01
9.429999999999999494e-01 9.475000000000000089e-01
9.431000000000000494e-01 9.474000000000000199e-01
9.431000000000000494e-01 9.475999999999999979e-01
9.431000000000000494e-01 9.474000000000000199e-01
9.431000000000000494e-01 9.475000000000000089e-01
9.429999999999999494e-01 9.475000000000000089e-01
9.431000000000000494e-01 9.474000000000000199e-01
9.431000000000000494e-01 9.471000000000000529e-01
9.431000000000000494e-01 9.475999999999999979e-01
9.429999999999999494e-01 9.476999999999999869e-01
9.429999999999999494e-01 9.474000000000000199e-01
9.429999999999999494e-01 9.476999999999999869e-01
9.429999999999999494e-01 9.477999999999999758e-01
9.429999999999999494e-01 9.475999999999999979e-01
9.428999999999999604e-01 9.475999999999999979e-01
9.428999999999999604e-01 9.472000000000000419e-01
9.431000000000000494e-01 9.473000000000000309e-01
9.431000000000000494e-01 9.475000000000000089e-01
9.429999999999999494e-01 9.475999999999999979e-01
9.429999999999999494e-01 9.472000000000000419e-01
9.428999999999999604e-01 9.472000000000000419e-01
9.428999999999999604e-01 9.472000000000000419e-01
9.429999999999999494e-01 9.468999999999999639e-01
9.429999999999999494e-01 9.471000000000000529e-01
9.429999999999999494e-01 9.474000000000000199e-01
9.429999999999999494e-01 9.478999999999999648e-01
9.429999999999999494e-01 9.476999999999999869e-01
9.429999999999999494e-01 9.473000000000000309e-01
9.429999999999999494e-01 9.474000000000000199e-01
9.429999999999999494e-01 9.478999999999999648e-01
9.429999999999999494e-01 9.475000000000000089e-01
9.431000000000000494e-01 9.475000000000000089e-01
9.431000000000000494e-01 9.475000000000000089e-01
9.431000000000000494e-01 9.475999999999999979e-01
9.431000000000000494e-01 9.476999999999999869e-01
9.431000000000000494e-01 9.476999999999999869e-01
9.431000000000000494e-01 9.477999999999999758e-01
9.431000000000000494e-01 9.476999999999999869e-01
9.431000000000000494e-01 9.471000000000000529e-01
9.431000000000000494e-01 9.466999999999999860e-01
9.431000000000000494e-01 9.471000000000000529e-01
9.431000000000000494e-01 9.472000000000000419e-01
9.431000000000000494e-01 9.469999999999999529e-01
9.431000000000000494e-01 9.469999999999999529e-01
9.431000000000000494e-01 9.474000000000000199e-01
9.431000000000000494e-01 9.471000000000000529e-01
9.431000000000000494e-01 9.472000000000000419e-01
9.432000000000000384e-01 9.476999999999999869e-01
9.432000000000000384e-01 9.478999999999999648e-01
9.432000000000000384e-01 9.475000000000000089e-01
9.432000000000000384e-01 9.473000000000000309e-01
9.432000000000000384e-01 9.471000000000000529e-01
9.432000000000000384e-01 9.468999999999999639e-01
9.432000000000000384e-01 9.468999999999999639e-01
9.432000000000000384e-01 9.471000000000000529e-01
9.432000000000000384e-01 9.468999999999999639e-01
9.431000000000000494e-01 9.466999999999999860e-01
9.431000000000000494e-01 9.467999999999999750e-01
9.431000000000000494e-01 9.469999999999999529e-01
9.431000000000000494e-01 9.474000000000000199e-01
9.431000000000000494e-01 9.472000000000000419e-01
9.431000000000000494e-01 9.472000000000000419e-01
9.431000000000000494e-01 9.473000000000000309e-01
9.429999999999999494e-01 9.474000000000000199e-01
9.429999999999999494e-01 9.475000000000000089e-01
9.429999999999999494e-01 9.474000000000000199e-01
9.431000000000000494e-01 9.475000000000000089e-01
9.429999999999999494e-01 9.474000000000000199e-01
9.429999999999999494e-01 9.466999999999999860e-01
9.429999999999999494e-01 9.471000000000000529e-01
9.429999999999999494e-01 9.473000000000000309e-01
9.429999999999999494e-01 9.471000000000000529e-01
9.429999999999999494e-01 9.476999999999999869e-01
9.429999999999999494e-01 9.471000000000000529e-01
9.429999999999999494e-01 9.472000000000000419e-01
9.431000000000000494e-01 9.472000000000000419e-01
9.431000000000000494e-01 9.471000000000000529e-01
9.431000000000000494e-01 9.474000000000000199e-01
9.431000000000000494e-01 9.474000000000000199e-01
9.431000000000000494e-01 9.475000000000000089e-01
9.431000000000000494e-01 9.474000000000000199e-01
9.431000000000000494e-01 9.473000000000000309e-01
9.431000000000000494e-01 9.476999999999999869e-01
9.431000000000000494e-01 9.473000000000000309e-01
9.431000000000000494e-01 9.475000000000000089e-01
9.429999999999999494e-01 9.478999999999999648e-01
9.429999999999999494e-01 9.479999999999999538e-01
9.429999999999999494e-01 9.476999999999999869e-01
9.429999999999999494e-01 9.476999999999999869e-01
9.429999999999999494e-01 9.471000000000000529e-01
9.429999999999999494e-01 9.467999999999999750e-01
9.429999999999999494e-01 9.468999999999999639e-01
9.429999999999999494e-01 9.471000000000000529e-01
9.429999999999999494e-01 9.475000000000000089e-01
9.429999999999999494e-01 9.477999999999999758e-01
9.431000000000000494e-01 9.475999999999999979e-01
9.429999999999999494e-01 9.474000000000000199e-01
9.429999999999999494e-01 9.476999999999999869e-01
9.429999999999999494e-01 9.474000000000000199e-01
9.429999999999999494e-01 9.475000000000000089e-01
9.429999999999999494e-01 9.473000000000000309e-01
9.429999999999999494e-01 9.474000000000000199e-01
9.429999999999999494e-01 9.472000000000000419e-01
9.428999999999999604e-01 9.473000000000000309e-01
9.428999999999999604e-01 9.471000000000000529e-01
9.428999999999999604e-01 9.472000000000000419e-01
9.428999999999999604e-01 9.469999999999999529e-01
9.428999999999999604e-01 9.471000000000000529e-01
9.428999999999999604e-01 9.473000000000000309e-01
9.427999999999999714e-01 9.475000000000000089e-01
9.427999999999999714e-01 9.472000000000000419e-01
9.427999999999999714e-01 9.469999999999999529e-01
9.427999999999999714e-01 9.473000000000000309e-01
9.427999999999999714e-01 9.472000000000000419e-01
9.426999999999999824e-01 9.471000000000000529e-01
9.428999999999999604e-01 9.475000000000000089e-01
9.428999999999999604e-01 9.475999999999999979e-01
9.428999999999999604e-01 9.472000000000000419e-01
9.428999999999999604e-01 9.475000000000000089e-01
9.428999999999999604e-01 9.475000000000000089e-01
9.428999999999999604e-01 9.473000000000000309e-01
9.428999999999999604e-01 9.471000000000000529e-01
9.428999999999999604e-01 9.473000000000000309e-01
9.428999999999999604e-01 9.474000000000000199e-01
9.428999999999999604e-01 9.475000000000000089e-01
9.428999999999999604e-01 9.475999999999999979e-01
9.428999999999999604e-01 9.473000000000000309e-01
9.428999999999999604e-01 9.477999999999999758e-01
9.428999999999999604e-01 9.479999999999999538e-01
9.428999999999999604e-01 9.477999999999999758e-01
9.428999999999999604e-01 9.482000000000000428e-01
9.428999999999999604e-01 9.479999999999999538e-01
9.428999999999999604e-01 9.481000000000000538e-01
9.428999999999999604e-01 9.483000000000000318e-01
9.428999999999999604e-01 9.479999999999999538e-01
9.428999999999999604e-01 9.483000000000000318e-01
9.428999999999999604e-01 9.482000000000000428e-01
9.428999999999999604e-01 9.475999999999999979e-01
9.428999999999999604e-01 9.478999999999999648e-01
9.428999999999999604e-01 9.477999999999999758e-01
9.428999999999999604e-01 9.474000000000000199e-01
9.428999999999999604e-01 9.483000000000000318e-01
9.428999999999999604e-01 9.479999999999999538e-01
9.428999999999999604e-01 9.479999999999999538e-01
9.429999999999999494e-01 9.474000000000000199e-01
9.428999999999999604e-01 9.475999999999999979e-01
9.428999999999999604e-01 9.465000000000000080e-01
9.428999999999999604e-01 9.467999999999999750e-01
9.428999999999999604e-01 9.468999999999999639e-01
9.428999999999999604e-01 9.474000000000000199e-01
9.428999999999999604e-01 9.471000000000000529e-01
9.428999999999999604e-01 9.473000000000000309e-01
9.428999999999999604e-01 9.474000000000000199e-01
9.428999999999999604e-01 9.468999999999999639e-01
9.427999999999999714e-01 9.469999999999999529e-01
9.428999999999999604e-01 9.474000000000000199e-01
9.427999999999999714e-01 9.471000000000000529e-01
9.427999999999999714e-01 9.467999999999999750e-01
9.426999999999999824e-01 9.466999999999999860e-01
9.427999999999999714e-01 9.465000000000000080e-01
9.427999999999999714e-01 9.468999999999999639e-01
9.427999999999999714e-01 9.465000000000000080e-01
9.427999999999999714e-01 9.468999999999999639e-01
9.427999999999999714e-01 9.465000000000000080e-01
9.427999999999999714e-01 9.464000000000000190e-01
9.427999999999999714e-01 9.464000000000000190e-01
9.427999999999999714e-01 9.461000000000000520e-01
9.427999999999999714e-01 9.463000000000000300e-01
9.426999999999999824e-01 9.459999999999999520e-01
9.426999999999999824e-01 9.456999999999999851e-01
9.426999999999999824e-01 9.459999999999999520e-01
9.426999999999999824e-01 9.463000000000000300e-01
9.427999999999999714e-01 9.461000000000000520e-01
9.427999999999999714e-01 9.461000000000000520e-01
9.426999999999999824e-01 9.462000000000000410e-01
9.426999999999999824e-01 9.463000000000000300e-01
9.427999999999999714e-01 9.461000000000000520e-01
9.427999999999999714e-01 9.465999999999999970e-01
9.427999999999999714e-01 9.463000000000000300e-01
9.427999999999999714e-01 9.456999999999999851e-01
9.427999999999999714e-01 9.458999999999999631e-01
9.427999999999999714e-01 9.455000000000000071e-01
9.427999999999999714e-01 9.458999999999999631e-01
9.427999999999999714e-01 9.457999999999999741e-01
9.427999999999999714e-01 9.464000000000000190e-01
9.427999999999999714e-01 9.469999999999999529e-01
9.427999999999999714e-01 9.465000000000000080e-01
9.427999999999999714e-01 9.466999999999999860e-01
9.427999999999999714e-01 9.472000000000000419e-01
9.427999999999999714e-01 9.469999999999999529e-01
9.427999999999999714e-01 9.465000000000000080e-01
9.427999999999999714e-01 9.466999999999999860e-01
9.427999999999999714e-01 9.467999999999999750e-01
9.427999999999999714e-01 9.471000000000000529e-01
9.427999999999999714e-01 9.468999999999999639e-01
9.427999999999999714e-01 9.468999999999999639e-01
9.427999999999999714e-01 9.465000000000000080e-01
9.427999999999999714e-01 9.466999999999999860e-01
9.427999999999999714e-01 9.468999999999999639e-01
9.427999999999999714e-01 9.465000000000000080e-01
9.427999999999999714e-01 9.462000000000000410e-01
9.427999999999999714e-01 9.469999999999999529e-01
9.427999999999999714e-01 9.472000000000000419e-01
9.427999999999999714e-01 9.471000000000000529e-01
9.427999999999999714e-01 9.472000000000000419e-01
9.427999999999999714e-01 9.471000000000000529e-01
9.427999999999999714e-01 9.471000000000000529e-01
9.427999999999999714e-01 9.476999999999999869e-01
9.427999999999999714e-01 9.477999999999999758e-01
9.427999999999999714e-01 9.479999999999999538e-01
9.427999999999999714e-01 9.478999999999999648e-01
9.427999999999999714e-01 9.478999999999999648e-01
9.427999999999999714e-01 9.473000000000000309e-01
9.427999999999999714e-01 9.475999999999999979e-01
9.427999999999999714e-01 9.476999999999999869e-01
9.427999999999999714e-01 9.474000000000000199e-01
9.427999999999999714e-01 9.472000000000000419e-01
9.427999999999999714e-01 9.465999999999999970e-01
9.427999999999999714e-01 9.465999999999999970e-01
9.427999999999999714e-01 9.463000000000000300e-01
9.427999999999999714e-01 9.467999999999999750e-01
9.427999999999999714e-01 9.467999999999999750e-01
9.427999999999999714e-01 9.469999999999999529e-01
9.427999999999999714e-01 9.468999999999999639e-01
9.427999999999999714e-01 9.465999999999999970e-01
9.427999999999999714e-01 9.467999999999999750e-01
9.427999999999999714e-01 9.465999999999999970e-01
9.427999999999999714e-01 9.462000000000000410e-01
9.427999999999999714e-01 9.459999999999999520e-01
9.427999999999999714e-01 9.465999999999999970e-01
9.427999999999999714e-01 9.462000000000000410e-01
9.427999999999999714e-01 9.465000000000000080e-01
9.427999999999999714e-01 9.468999999999999639e-01
9.427999999999999714e-01 9.462000000000000410e-01
9.427999999999999714e-01 9.467999999999999750e-01
9.427999999999999714e-01 9.467999999999999750e-01
9.427999999999999714e-01 9.468999999999999639e-01
9.427999999999999714e-01 9.464000000000000190e-01
9.427999999999999714e-01 9.468999999999999639e-01
9.427999999999999714e-01 9.466999999999999860e-01
9.427999999999999714e-01 9.465000000000000080e-01
9.427999999999999714e-01 9.464000000000000190e-01
9.427999999999999714e-01 9.465999999999999970e-01
9.427999999999999714e-01 9.466999999999999860e-01
9.427999999999999714e-01 9.465999999999999970e-01
9.427999999999999714e-01 9.465999999999999970e-01
9.427999999999999714e-01 9.465999999999999970e-01
9.427999999999999714e-01 9.469999999999999529e-01
9.426999999999999824e-01 9.467999999999999750e-01
9.426999999999999824e-01 9.467999999999999750e-01
9.426999999999999824e-01 9.464000000000000190e-01
9.426999999999999824e-01 9.471000000000000529e-01
9.426999999999999824e-01 9.469999999999999529e-01
9.426999999999999824e-01 9.469999999999999529e-01
9.426999999999999824e-01 9.472000000000000419e-01
9.426999999999999824e-01 9.469999999999999529e-01
9.426999999999999824e-01 9.474000000000000199e-01
9.426999999999999824e-01 9.474000000000000199e-01
9.425999999999999934e-01 9.472000000000000419e-01
9.425999999999999934e-01 9.475000000000000089e-01
9.425999999999999934e-01 9.473000000000000309e-01
9.425999999999999934e-01 9.481000000000000538e-01
9.425999999999999934e-01 9.478999999999999648e-01
9.425999999999999934e-01 9.484000000000000208e-01
9.425999999999999934e-01 9.483000000000000318e-01
9.425999999999999934e-01 9.479999999999999538e-01
9.425999999999999934e-01 9.475000000000000089e-01
9.425999999999999934e-01 9.476999999999999869e-01
9.425999999999999934e-01 9.479999999999999538e-01
9.425999999999999934e-01 9.478999999999999648e-01
9.425999999999999934e-01 9.481000000000000538e-01
9.425999999999999934e-01 9.477999999999999758e-01
9.425999999999999934e-01 9.479999999999999538e-01
9.425999999999999934e-01 9.475999999999999979e-01
9.425999999999999934e-01 9.475999999999999979e-01
9.425999999999999934e-01 9.474000000000000199e-01
9.425999999999999934e-01 9.478999999999999648e-01
9.426999999999999824e-01 9.475000000000000089e-01
9.426999999999999824e-01 9.472000000000000419e-01
9.426999999999999824e-01 9.473000000000000309e-01
9.426999999999999824e-01 9.467999999999999750e-01
9.426999999999999824e-01 9.469999999999999529e-01
9.426999999999999824e-01 9.471000000000000529e-01
9.426999999999999824e-01 9.471000000000000529e-01
9.426999999999999824e-01 9.476999999999999869e-01
9.426999999999999824e-01 9.475000000000000089e-01
9.426999999999999824e-01 9.474000000000000199e-01
9.426999999999999824e-01 9.466999999999999860e-01
9.427999999999999714e-01 9.468999999999999639e-01
9.427999999999999714e-01 9.473000000000000309e-01
9.427999999999999714e-01 9.466999999999999860e-01
9.427999999999999714e-01 9.471000000000000529e-01
9.426999999999999824e-01 9.467999999999999750e-01
9.426999999999999824e-01 9.473000000000000309e-01
9.426999999999999824e-01 9.466999999999999860e-01
9.426999999999999824e-01 9.471000000000000529e-01
9.427999999999999714e-01 9.472000000000000419e-01
9.426999999999999824e-01 9.476999999999999869e-01
9.426999999999999824e-01 9.479999999999999538e-01
9.426999999999999824e-01 9.479999999999999538e-01
9.427999999999999714e-01 9.481000000000000538e-01
9.426999999999999824e-01 9.477999999999999758e-01
9.426999999999999824e-01 9.475000000000000089e-01
9.428999999999999604e-01 9.476999999999999869e-01
9.428999999999999604e-01 9.476999999999999869e-01
9.428999999999999604e-01 9.481000000000000538e-01
9.428999999999999604e-01 9.472000000000000419e-01
9.429999999999999494e-01 9.475000000000000089e-01
9.428999999999999604e-01 9.472000000000000419e-01
9.429999999999999494e-01 9.477999999999999758e-01
9.429999999999999494e-01 9.474000000000000199e-01
9.429999999999999494e-01 9.474000000000000199e-01
9.429999999999999494e-01 9.472000000000000419e-01
9.429999999999999494e-01 9.475000000000000089e-01
9.429999999999999494e-01 9.477999999999999758e-01
9.429999999999999494e-01 9.478999999999999648e-01
9.429999999999999494e-01 9.484000000000000208e-01
9.429999999999999494e-01 9.483000000000000318e-01
9.429999999999999494e-01 9.478999999999999648e-01
9.428999999999999604e-01 9.478999999999999648e-01
9.427999999999999714e-01 9.479999999999999538e-01
9.427999999999999714e-01 9.481000000000000538e-01
9.427999999999999714e-01 9.479999999999999538e-01
9.427999999999999714e-01 9.475999999999999979e-01
9.427999999999999714e-01 9.481000000000000538e-01
9.427999999999999714e-01 9.479999999999999538e-01
9.427999999999999714e-01 9.476999999999999869e-01
9.427999999999999714e-01 9.479999999999999538e-01
9.426999999999999824e-01 9.479999999999999538e-01
9.426999999999999824e-01 9.478999999999999648e-01
9.426999999999999824e-01 9.481000000000000538e-01
9.426999999999999824e-01 9.473000000000000309e-01
9.426999999999999824e-01 9.476999999999999869e-01
9.426999999999999824e-01 9.476999999999999869e-01
9.426999999999999824e-01 9.477999999999999758e-01
9.425999999999999934e-01 9.478999999999999648e-01
9.425999999999999934e-01 9.476999999999999869e-01
9.426999999999999824e-01 9.483000000000000318e-01
9.426999999999999824e-01 9.478999999999999648e-01
9.426999999999999824e-01 9.475999999999999979e-01
9.427999999999999714e-01 9.479999999999999538e-01
9.427999999999999714e-01 9.477999999999999758e-01
9.427999999999999714e-01 9.476999999999999869e-01
9.427999999999999714e-01 9.482000000000000428e-01
9.427999999999999714e-01 9.481000000000000538e-01
9.427999999999999714e-01 9.476999999999999869e-01
9.427999999999999714e-01 9.475999999999999979e-01
9.427999999999999714e-01 9.483000000000000318e-01
9.427999999999999714e-01 9.474000000000000199e-01
9.427999999999999714e-01 9.476999999999999869e-01
9.427999999999999714e-01 9.477999999999999758e-01
9.426999999999999824e-01 9.477999999999999758e-01
9.426999999999999824e-01 9.476999999999999869e-01
9.426999999999999824e-01 9.478999999999999648e-01
9.426999999999999824e-01 9.479999999999999538e-01
9.426999999999999824e-01 9.472000000000000419e-01
9.426999999999999824e-01 9.474000000000000199e-01
9.426999999999999824e-01 9.472000000000000419e-01
9.425999999999999934e-01 9.475999999999999979e-01
9.425000000000000044e-01 9.475000000000000089e-01
9.426999999999999824e-01 9.473000000000000309e-01
9.426999999999999824e-01 9.474000000000000199e-01
9.425999999999999934e-01 9.472000000000000419e-01
9.425999999999999934e-01 9.469999999999999529e-01
9.425999999999999934e-01 9.475999999999999979e-01
9.425999999999999934e-01 9.475999999999999979e-01
9.425999999999999934e-01 9.474000000000000199e-01
9.425999999999999934e-01 9.479999999999999538e-01
9.425999999999999934e-01 9.482000000000000428e-01
9.425999999999999934e-01 9.479999999999999538e-01
9.425000000000000044e-01 9.486999999999999877e-01
9.425999999999999934e-01 9.485000000000000098e-01
9.425999999999999934e-01 9.485000000000000098e-01
9.426999999999999824e-01 9.483000000000000318e-01
9.426999999999999824e-01 9.482000000000000428e-01
9.426999999999999824e-01 9.478999999999999648e-01
9.426999999999999824e-01 9.477999999999999758e-01
9.426999999999999824e-01 9.483000000000000318e-01
9.426999999999999824e-01 9.481000000000000538e-01
9.426999999999999824e-01 9.482000000000000428e-01
9.426999999999999824e-01 9.482000000000000428e-01
9.426999999999999824e-01 9.484000000000000208e-01
9.426999999999999824e-01 9.482000000000000428e-01
9.426999999999999824e-01 9.479999999999999538e-01
9.426999999999999824e-01 9.485000000000000098e-01
9.426999999999999824e-01 9.474000000000000199e-01
9.426999999999999824e-01 9.475000000000000089e-01
9.426999999999999824e-01 9.475000000000000089e-01
9.426999999999999824e-01 9.475999999999999979e-01
9.426999999999999824e-01 9.476999999999999869e-01
9.426999999999999824e-01 9.475999999999999979e-01
9.426999999999999824e-01 9.478999999999999648e-01
9.426999999999999824e-01 9.477999999999999758e-01
9.426999999999999824e-01 9.479999999999999538e-01
9.425999999999999934e-01 9.478999999999999648e-01
9.425999999999999934e-01 9.478999999999999648e-01
9.426999999999999824e-01 9.476999999999999869e-01
9.426999999999999824e-01 9.476999999999999869e-01
9.426999999999999824e-01 9.474000000000000199e-01
9.426999999999999824e-01 9.473000000000000309e-01
9.426999999999999824e-01 9.473000000000000309e-01
9.426999999999999824e-01 9.475000000000000089e-01
9.426999999999999824e-01 9.474000000000000199e-01
9.426999999999999824e-01 9.477999999999999758e-01
9.426999999999999824e-01 9.475999999999999979e-01
9.426999999999999824e-01 9.478999999999999648e-01
9.426999999999999824e-01 9.476999999999999869e-01
9.426999999999999824e-01 9.478999999999999648e-01
9.426999999999999824e-01 9.482000000000000428e-01
9.426999999999999824e-01 9.479999999999999538e-01
9.426999999999999824e-01 9.485000000000000098e-01
9.426999999999999824e-01 9.486999999999999877e-01
9.426999999999999824e-01 9.489999999999999547e-01
9.426999999999999824e-01 9.489999999999999547e-01
9.426999999999999824e-01 9.488999999999999657e-01
9.426999999999999824e-01 9.492000000000000437e-01
9.426999999999999824e-01 9.487999999999999767e-01
9.426999999999999824e-01 9.489999999999999547e-01
9.426999999999999824e-01 9.486999999999999877e-01
9.426999999999999824e-01 9.483000000000000318e-01
9.426999999999999824e-01 9.482000000000000428e-01
9.425999999999999934e-01 9.482000000000000428e-01
9.426999999999999824e-01 9.482000000000000428e-01
9.425999999999999934e-01 9.483000000000000318e-01
9.425999999999999934e-01 9.483000000000000318e-01
9.425999999999999934e-01 9.483000000000000318e-01
9.425999999999999934e-01 9.484000000000000208e-01
9.425999999999999934e-01 9.485999999999999988e-01
9.425999999999999934e-01 9.485000000000000098e-01
9.425999999999999934e-01 9.484000000000000208e-01
9.425999999999999934e-01 9.485999999999999988e-01
9.425999999999999934e-01 9.484000000000000208e-01
9.425999999999999934e-01 9.486999999999999877e-01
9.425999999999999934e-01 9.483000000000000318e-01
9.425999999999999934e-01 9.481000000000000538e-01
9.425999999999999934e-01 9.481000000000000538e-01
9.426999999999999824e-01 9.486999999999999877e-01
9.425999999999999934e-01 9.485000000000000098e-01
9.425999999999999934e-01 9.485999999999999988e-01
9.425999999999999934e-01 9.486999999999999877e-01
9.425999999999999934e-01 9.485000000000000098e-01
9.425999999999999934e-01 9.485000000000000098e-01
9.425999999999999934e-01 9.483000000000000318e-01
9.425999999999999934e-01 9.485000000000000098e-01
9.425000000000000044e-01 9.484000000000000208e-01
9.425999999999999934e-01 9.481000000000000538e-01
9.425999999999999934e-01 9.481000000000000538e-01
9.425999999999999934e-01 9.484000000000000208e-01
9.425999999999999934e-01 9.486999999999999877e-01
9.425999999999999934e-01 9.481000000000000538e-01
9.425999999999999934e-01 9.482000000000000428e-01
9.425999999999999934e-01 9.482000000000000428e-01
9.425999999999999934e-01 9.479999999999999538e-01
9.425999999999999934e-01 9.484000000000000208e-01
9.425999999999999934e-01 9.484000000000000208e-01
9.425999999999999934e-01 9.482000000000000428e-01
9.425999999999999934e-01 9.482000000000000428e-01
9.425999999999999934e-01 9.481000000000000538e-01
9.425999999999999934e-01 9.484000000000000208e-01
9.425999999999999934e-01 9.478999999999999648e-01
9.425999999999999934e-01 9.485000000000000098e-01
9.425999999999999934e-01 9.488999999999999657e-01
9.425999999999999934e-01 9.485999999999999988e-01
9.425999999999999934e-01 9.487999999999999767e-01
9.425999999999999934e-01 9.488999999999999657e-01
9.425999999999999934e-01 9.492000000000000437e-01
9.426999999999999824e-01 9.494000000000000217e-01
9.426999999999999824e-01 9.489999999999999547e-01
9.426999999999999824e-01 9.485000000000000098e-01
9.426999999999999824e-01 9.488999999999999657e-01
9.426999999999999824e-01 9.491000000000000547e-01
9.426999999999999824e-01 9.489999999999999547e-01
9.426999999999999824e-01 9.484000000000000208e-01
9.426999999999999824e-01 9.485000000000000098e-01
9.426999999999999824e-01 9.487999999999999767e-01
9.426999999999999824e-01 9.489999999999999547e-01
9.426999999999999824e-01 9.489999999999999547e-01
9.426999999999999824e-01 9.483000000000000318e-01
9.426999999999999824e-01 9.491000000000000547e-01
9.426999999999999824e-01 9.485999999999999988e-01
9.426999999999999824e-01 9.485999999999999988e-01
9.426999999999999824e-01 9.484000000000000208e-01
9.426999999999999824e-01 9.486999999999999877e-01
9.426999999999999824e-01 9.483000000000000318e-01
9.425999999999999934e-01 9.489999999999999547e-01
9.425999999999999934e-01 9.485000000000000098e-01
9.425999999999999934e-01 9.484000000000000208e-01
9.425999999999999934e-01 9.484000000000000208e-01
9.425999999999999934e-01 9.487999999999999767e-01
9.424000000000000155e-01 9.485999999999999988e-01
9.424000000000000155e-01 9.483000000000000318e-01
9.424000000000000155e-01 9.482000000000000428e-01
9.424000000000000155e-01 9.479999999999999538e-01
9.424000000000000155e-01 9.475999999999999979e-01
9.424000000000000155e-01 9.479999999999999538e-01
9.424000000000000155e-01 9.475000000000000089e-01
9.424000000000000155e-01 9.476999999999999869e-01
9.424000000000000155e-01 9.477999999999999758e-01
9.424000000000000155e-01 9.473000000000000309e-01
9.424000000000000155e-01 9.475999999999999979e-01
9.424000000000000155e-01 9.482000000000000428e-01
9.424000000000000155e-01 9.482000000000000428e-01
9.424000000000000155e-01 9.481000000000000538e-01
9.424000000000000155e-01 9.476999999999999869e-01
9.424000000000000155e-01 9.478999999999999648e-01
9.424000000000000155e-01 9.482000000000000428e-01
9.424000000000000155e-01 9.479999999999999538e-01
9.424000000000000155e-01 9.481000000000000538e-01
9.424000000000000155e-01 9.482000000000000428e-01
9.424000000000000155e-01 9.482000000000000428e-01
9.424000000000000155e-01 9.481000000000000538e-01
9.424000000000000155e-01 9.475999999999999979e-01
9.424000000000000155e-01 9.477999999999999758e-01
9.425000000000000044e-01 9.476999999999999869e-01
9.425000000000000044e-01 9.477999999999999758e-01
9.425000000000000044e-01 9.479999999999999538e-01
9.425000000000000044e-01 9.482000000000000428e-01
9.425000000000000044e-01 9.481000000000000538e-01
9.425000000000000044e-01 9.481000000000000538e-01
9.425000000000000044e-01 9.477999999999999758e-01
9.425999999999999934e-01 9.478999999999999648e-01
9.425000000000000044e-01 9.478999999999999648e-01
9.425000000000000044e-01 9.477999999999999758e-01
9.425000000000000044e-01 9.477999999999999758e-01
9.425000000000000044e-01 9.482000000000000428e-01
9.424000000000000155e-01 9.483000000000000318e-01
9.424000000000000155e-01 9.483000000000000318e-01
9.424000000000000155e-01 9.483000000000000318e-01
9.424000000000000155e-01 9.485000000000000098e-01
9.424000000000000155e-01 9.485000000000000098e-01
9.424000000000000155e-01 9.484000000000000208e-01
9.424000000000000155e-01 9.485000000000000098e-01
9.425000000000000044e-01 9.479999999999999538e-01
9.424000000000000155e-01 9.483000000000000318e-01
9.424000000000000155e-01 9.477999999999999758e-01
9.424000000000000155e-01 9.477999999999999758e-01
9.424000000000000155e-01 9.477999999999999758e-01
9.424000000000000155e-01 9.478999999999999648e-01
9.424000000000000155e-01 9.479999999999999538e-01
9.424000000000000155e-01 9.476999999999999869e-01
9.424000000000000155e-01 9.476999999999999869e-01
9.424000000000000155e-01 9.475999999999999979e-01
9.424000000000000155e-01 9.479999999999999538e-01
9.423000000000000265e-01 9.482000000000000428e-01
9.424000000000000155e-01 9.482000000000000428e-01
9.423000000000000265e-01 9.481000000000000538e-01
9.423000000000000265e-01 9.483000000000000318e-01
9.424000000000000155e-01 9.481000000000000538e-01
9.424000000000000155e-01 9.478999999999999648e-01
9.425000000000000044e-01 9.475999999999999979e-01
9.425000000000000044e-01 9.477999999999999758e-01
9.425000000000000044e-01 9.481000000000000538e-01
9.425000000000000044e-01 9.482000000000000428e-01
9.425000000000000044e-01 9.485999999999999988e-01
9.425000000000000044e-01 9.485999999999999988e-01
9.425000000000000044e-01 9.485999999999999988e-01
9.425000000000000044e-01 9.489999999999999547e-01
9.425000000000000044e-01 9.486999999999999877e-01
9.425000000000000044e-01 9.485999999999999988e-01
9.425000000000000044e-01 9.486999999999999877e-01
9.424000000000000155e-01 9.484000000000000208e-01
9.424000000000000155e-01 9.485000000000000098e-01
9.424000000000000155e-01 9.482000000000000428e-01
9.423000000000000265e-01 9.485999999999999988e-01
9.423000000000000265e-01 9.486999999999999877e-01
9.423000000000000265e-01 9.485000000000000098e-01
9.423000000000000265e-01 9.487999999999999767e-01
9.423000000000000265e-01 9.486999999999999877e-01
9.423000000000000265e-01 9.484000000000000208e-01
9.423000000000000265e-01 9.483000000000000318e-01
9.423000000000000265e-01 9.485999999999999988e-01
9.423000000000000265e-01 9.488999999999999657e-01
9.423000000000000265e-01 9.493000000000000327e-01
9.423000000000000265e-01 9.483000000000000318e-01
9.423000000000000265e-01 9.484000000000000208e-01
9.423000000000000265e-01 9.488999999999999657e-01
9.423000000000000265e-01 9.489999999999999547e-01
9.423000000000000265e-01 9.485999999999999988e-01
9.423000000000000265e-01 9.485000000000000098e-01
9.422000000000000375e-01 9.486999999999999877e-01
9.422000000000000375e-01 9.479999999999999538e-01
9.422000000000000375e-01 9.486999999999999877e-01
9.423000000000000265e-01 9.483000000000000318e-01
9.423000000000000265e-01 9.485000000000000098e-01
9.422000000000000375e-01 9.479999999999999538e-01
9.422000000000000375e-01 9.478999999999999648e-01
9.422000000000000375e-01 9.478999999999999648e-01
9.422000000000000375e-01 9.476999999999999869e-01
9.422000000000000375e-01 9.479999999999999538e-01
9.422000000000000375e-01 9.476999999999999869e-01
9.422000000000000375e-01 9.478999999999999648e-01
9.422000000000000375e-01 9.477999999999999758e-01
9.422000000000000375e-01 9.473000000000000309e-01
9.422000000000000375e-01 9.475999999999999979e-01
9.422000000000000375e-01 9.476999999999999869e-01
9.422000000000000375e-01 9.476999999999999869e-01
9.422000000000000375e-01 9.479999999999999538e-01
9.422000000000000375e-01 9.472000000000000419e-01
9.422000000000000375e-01 9.477999999999999758e-01
9.422000000000000375e-01 9.475999999999999979e-01
9.421000000000000485e-01 9.473000000000000309e-01
9.422000000000000375e-01 9.472000000000000419e-01
9.421000000000000485e-01 9.474000000000000199e-01
9.422000000000000375e-01 9.478999999999999648e-01
9.422000000000000375e-01 9.481000000000000538e-01
9.422000000000000375e-01 9.476999999999999869e-01
9.422000000000000375e-01 9.479999999999999538e-01
9.422000000000000375e-01 9.484000000000000208e-01
9.422000000000000375e-01 9.483000000000000318e-01
9.422000000000000375e-01 9.483000000000000318e-01
9.422000000000000375e-01 9.482000000000000428e-01
9.422000000000000375e-01 9.481000000000000538e-01
9.422000000000000375e-01 9.483000000000000318e-01
9.422000000000000375e-01 9.488999999999999657e-01
9.422000000000000375e-01 9.489999999999999547e-01
9.419999999999999485e-01 9.488999999999999657e-01
9.419999999999999485e-01 9.487999999999999767e-01
9.419999999999999485e-01 9.492000000000000437e-01
9.419999999999999485e-01 9.491000000000000547e-01
9.421000000000000485e-01 9.495999999999999996e-01
9.421000000000000485e-01 9.492000000000000437e-01
9.422000000000000375e-01 9.491000000000000547e-01
9.422000000000000375e-01 9.494000000000000217e-01
9.422000000000000375e-01 9.491000000000000547e-01
9.421000000000000485e-01 9.493000000000000327e-01
9.421000000000000485e-01 9.491000000000000547e-01
9.421000000000000485e-01 9.491000000000000547e-01
9.421000000000000485e-01 9.493000000000000327e-01
9.421000000000000485e-01 9.495999999999999996e-01
9.421000000000000485e-01 9.496999999999999886e-01
9.421000000000000485e-01 9.495000000000000107e-01
9.421000000000000485e-01 9.497999999999999776e-01
9.421000000000000485e-01 9.497999999999999776e-01
9.421000000000000485e-01 9.495000000000000107e-01
9.421000000000000485e-01 9.495999999999999996e-01
9.421000000000000485e-01 9.491000000000000547e-01
9.421000000000000485e-01 9.492000000000000437e-01
9.421000000000000485e-01 9.494000000000000217e-01
9.421000000000000485e-01 9.489999999999999547e-01
9.421000000000000485e-01 9.493000000000000327e-01
9.421000000000000485e-01 9.498999999999999666e-01
9.421000000000000485e-01 9.493000000000000327e-01
9.421000000000000485e-01 9.487999999999999767e-01
9.421000000000000485e-01 9.494000000000000217e-01
9.421000000000000485e-01 9.493000000000000327e-01
9.421000000000000485e-01 9.493000000000000327e-01
9.421000000000000485e-01 9.492000000000000437e-01
9.421000000000000485e-01 9.492000000000000437e-01
9.421000000000000485e-01 9.492000000000000437e-01
9.419999999999999485e-01 9.499999999999999556e-01
9.419999999999999485e-01 9.504000000000000226e-01
9.419999999999999485e-01 9.497999999999999776e-01
9.419999999999999485e-01 9.497999999999999776e-01
9.419999999999999485e-01 9.495999999999999996e-01
9.421000000000000485e-01 9.497999999999999776e-01
9.419999999999999485e-01 9.499999999999999556e-01
9.421000000000000485e-01 9.492000000000000437e-01
9.421000000000000485e-01 9.496999999999999886e-01
9.422000000000000375e-01 9.498999999999999666e-01
9.422000000000000375e-01 9.497999999999999776e-01
9.422000000000000375e-01 9.497999999999999776e-01
9.422000000000000375e-01 9.497999999999999776e-01
