9.992999999999999661e-01 1.000000000000000000e+00
9.979000000000000092e-01 9.995000000000000551e-01
9.957000000000000295e-01 9.968000000000000194e-01
9.941999999999999726e-01 9.937000000000000277e-01
9.942999999999999616e-01 9.919000000000000039e-01
9.911999999999999700e-01 9.913999999999999480e-01
9.900999999999999801e-01 9.892999999999999572e-01
9.879999999999999893e-01 9.886000000000000343e-01
9.854000000000000536e-01 9.867000000000000215e-01
9.837000000000000188e-01 9.852999999999999536e-01
9.827000000000000179e-01 9.847000000000000197e-01
9.818000000000000060e-01 9.842999999999999527e-01
9.794000000000000483e-01 9.837000000000000188e-01
9.798999999999999932e-01 9.808000000000000052e-01
9.777000000000000135e-01 9.800999999999999712e-01
9.775000000000000355e-01 9.800999999999999712e-01
9.777000000000000135e-01 9.788999999999999924e-01
9.768999999999999906e-01 9.769999999999999796e-01
9.775000000000000355e-01 9.768999999999999906e-01
9.761999999999999567e-01 9.752999999999999448e-01
9.758000000000000007e-01 9.749999999999999778e-01
9.761999999999999567e-01 9.741999999999999549e-01
9.758999999999999897e-01 9.736000000000000210e-01
9.727999999999999980e-01 9.737000000000000099e-01
9.716000000000000192e-01 9.717999999999999972e-01
9.707999999999999963e-01 9.720999999999999641e-01
9.707999999999999963e-01 9.708999999999999853e-01
9.707000000000000073e-01 9.688999999999999835e-01
9.707000000000000073e-01 9.685000000000000275e-01
9.697000000000000064e-01 9.677999999999999936e-01
9.707000000000000073e-01 9.689999999999999725e-01
9.697000000000000064e-01 9.701999999999999513e-01
9.689999999999999725e-01 9.684000000000000385e-01
9.680999999999999606e-01 9.666000000000000147e-01
9.679999999999999716e-01 9.649999999999999689e-01
9.661999999999999478e-01 9.656000000000000139e-01
9.649999999999999689e-01 9.638999999999999790e-01
9.630999999999999561e-01 9.626000000000000112e-01
9.640999999999999570e-01 9.629999999999999671e-01
9.638999999999999790e-01 9.624000000000000332e-01
9.620999999999999552e-01 9.607999999999999874e-01
9.627000000000000002e-01 9.609999999999999654e-01
9.606000000000000094e-01 9.607999999999999874e-01
9.603000000000000425e-01 9.606999999999999984e-01
9.594000000000000306e-01 9.605000000000000204e-01
9.593000000000000416e-01 9.596999999999999975e-01
9.603000000000000425e-01 9.580999999999999517e-01
9.588999999999999746e-01 9.572000000000000508e-01
9.590999999999999526e-01 9.569999999999999618e-01
9.593000000000000416e-01 9.556999999999999940e-01
9.570999999999999508e-01 9.555000000000000160e-01
9.565000000000000169e-01 9.559999999999999609e-01
9.567999999999999838e-01 9.544000000000000261e-01
9.562000000000000499e-01 9.534000000000000252e-01
9.562000000000000499e-01 9.528999999999999693e-01
9.554000000000000270e-01 9.520999999999999464e-01
9.546000000000000041e-01 9.507999999999999785e-01
9.535000000000000142e-01 9.512000000000000455e-01
9.516999999999999904e-01 9.499999999999999556e-01
9.519999999999999574e-01 9.502000000000000446e-01
9.506000000000000005e-01 9.496999999999999886e-01
9.502000000000000446e-01 9.500999999999999446e-01
9.486999999999999877e-01 9.500999999999999446e-01
9.478999999999999648e-01 9.502000000000000446e-01
9.488999999999999657e-01 9.496999999999999886e-01
9.479999999999999538e-01 9.502000000000000446e-01
9.467999999999999750e-01 9.494000000000000217e-01
9.472000000000000419e-01 9.489999999999999547e-01
9.464000000000000190e-01 9.485000000000000098e-01
9.459999999999999520e-01 9.467999999999999750e-01
9.448999999999999622e-01 9.458999999999999631e-01
9.447999999999999732e-01 9.463000000000000300e-01
9.452000000000000401e-01 9.455999999999999961e-01
9.452000000000000401e-01 9.446999999999999842e-01
9.435000000000000053e-01 9.436999999999999833e-01
9.444000000000000172e-01 9.437999999999999723e-01
9.439999999999999503e-01 9.425000000000000044e-01
9.452000000000000401e-01 9.433000000000000274e-01
9.454000000000000181e-01 9.427999999999999714e-01
9.447999999999999732e-01 9.435999999999999943e-01
9.443000000000000282e-01 9.427999999999999714e-01
9.437999999999999723e-01 9.432000000000000384e-01
9.433000000000000274e-01 9.417999999999999705e-01
9.438999999999999613e-01 9.419999999999999485e-01
9.426999999999999824e-01 9.425000000000000044e-01
9.417999999999999705e-01 9.432000000000000384e-01
9.424000000000000155e-01 9.443000000000000282e-01
9.412000000000000366e-01 9.437999999999999723e-01
9.401000000000000467e-01 9.429999999999999494e-01
9.414000000000000146e-01 9.425999999999999934e-01
9.408999999999999586e-01 9.425000000000000044e-01
9.406999999999999806e-01 9.415000000000000036e-01
9.417999999999999705e-01 9.412000000000000366e-01
9.407999999999999696e-01 9.417999999999999705e-01
9.399999999999999467e-01 9.417999999999999705e-01
9.396999999999999797e-01 9.416999999999999815e-01
9.394000000000000128e-01 9.408999999999999586e-01
9.389999999999999458e-01 9.408999999999999586e-01
9.392000000000000348e-01 9.414000000000000146e-01
9.385999999999999899e-01 9.405000000000000027e-01
9.385000000000000009e-01 9.406999999999999806e-01
9.389999999999999458e-01 9.407999999999999696e-01
9.392000000000000348e-01 9.398999999999999577e-01
9.383000000000000229e-01 9.393000000000000238e-01
9.379999999999999449e-01 9.392000000000000348e-01
9.384000000000000119e-01 9.386999999999999789e-01
9.387999999999999678e-01 9.389999999999999458e-01
9.382000000000000339e-01 9.384000000000000119e-01
9.377999999999999670e-01 9.385999999999999899e-01
9.372000000000000330e-01 9.393000000000000238e-01
9.373000000000000220e-01 9.381000000000000449e-01
9.364000000000000101e-01 9.378999999999999559e-01
9.363000000000000211e-01 9.382000000000000339e-01
9.357999999999999652e-01 9.384000000000000119e-01
9.346999999999999753e-01 9.374000000000000110e-01
9.347999999999999643e-01 9.371000000000000441e-01
9.354999999999999982e-01 9.375999999999999890e-01
9.341000000000000414e-01 9.375999999999999890e-01
9.341000000000000414e-01 9.358999999999999542e-01
9.344000000000000083e-01 9.360000000000000542e-01
9.340000000000000524e-01 9.352000000000000313e-01
9.343000000000000194e-01 9.354999999999999982e-01
9.344000000000000083e-01 9.361000000000000432e-01
9.343000000000000194e-01 9.358999999999999542e-01
9.344000000000000083e-01 9.354999999999999982e-01
9.332000000000000295e-01 9.362000000000000322e-01
9.335999999999999854e-01 9.363000000000000211e-01
9.336999999999999744e-01 9.360000000000000542e-01
9.344000000000000083e-01 9.363000000000000211e-01
9.342000000000000304e-01 9.364999999999999991e-01
9.340000000000000524e-01 9.364000000000000101e-01
9.324000000000000066e-01 9.368999999999999551e-01
9.328999999999999515e-01 9.356999999999999762e-01
9.337999999999999634e-01 9.365999999999999881e-01
9.341000000000000414e-01 9.360000000000000542e-01
9.342000000000000304e-01 9.361000000000000432e-01
9.334000000000000075e-01 9.364000000000000101e-01
9.334000000000000075e-01 9.364000000000000101e-01
9.332000000000000295e-01 9.355999999999999872e-01
9.331000000000000405e-01 9.357999999999999652e-01
9.331000000000000405e-01 9.352000000000000313e-01
9.311000000000000387e-01 9.348999999999999533e-01
9.307999999999999607e-01 9.341000000000000414e-01
9.323000000000000176e-01 9.342000000000000304e-01
9.320000000000000506e-01 9.323000000000000176e-01
9.324999999999999956e-01 9.323000000000000176e-01
9.318999999999999506e-01 9.318999999999999506e-01
9.311000000000000387e-01 9.316999999999999726e-01
9.311000000000000387e-01 9.328999999999999515e-01
9.304000000000000048e-01 9.322000000000000286e-01
9.298999999999999488e-01 9.304999999999999938e-01
9.291000000000000369e-01 9.298999999999999488e-01
9.285999999999999810e-01 9.304999999999999938e-01
9.285999999999999810e-01 9.293000000000000149e-01
9.284999999999999920e-01 9.288999999999999480e-01
9.287999999999999590e-01 9.296999999999999709e-01
9.283000000000000140e-01 9.298999999999999488e-01
9.283000000000000140e-01 9.297999999999999599e-01
9.272000000000000242e-01 9.287999999999999590e-01
9.276999999999999691e-01 9.291000000000000369e-01
9.264999999999999902e-01 9.300000000000000488e-01
9.258999999999999453e-01 9.307999999999999607e-01
9.272000000000000242e-01 9.301000000000000378e-01
9.276999999999999691e-01 9.306999999999999718e-01
9.266999999999999682e-01 9.308999999999999497e-01
9.264000000000000012e-01 9.308999999999999497e-01
9.265999999999999792e-01 9.317999999999999616e-01
9.275999999999999801e-01 9.312000000000000277e-01
9.274000000000000021e-01 9.313000000000000167e-01
9.272000000000000242e-01 9.317999999999999616e-01
9.282000000000000250e-01 9.315999999999999837e-01
9.271000000000000352e-01 9.318999999999999506e-01
9.263000000000000123e-01 9.321000000000000396e-01
9.268999999999999462e-01 9.310000000000000497e-01
9.268999999999999462e-01 9.294000000000000039e-01
9.275999999999999801e-01 9.294000000000000039e-01
9.264000000000000012e-01 9.294000000000000039e-01
9.254999999999999893e-01 9.300000000000000488e-01
9.267999999999999572e-01 9.295999999999999819e-01
9.272000000000000242e-01 9.300000000000000488e-01
9.270000000000000462e-01 9.306999999999999718e-01
9.260000000000000453e-01 9.314000000000000057e-01
9.250000000000000444e-01 9.311000000000000387e-01
9.244999999999999885e-01 9.292000000000000259e-01
9.242000000000000215e-01 9.296999999999999709e-01
9.243999999999999995e-01 9.292000000000000259e-01
9.255999999999999783e-01 9.297999999999999599e-01
9.258999999999999453e-01 9.295999999999999819e-01
9.262000000000000233e-01 9.297999999999999599e-01
9.255999999999999783e-01 9.300000000000000488e-01
9.260000000000000453e-01 9.295999999999999819e-01
9.254999999999999893e-01 9.307999999999999607e-01
9.247999999999999554e-01 9.310000000000000497e-01
9.250000000000000444e-01 9.304000000000000048e-01
9.255999999999999783e-01 9.301000000000000378e-01
9.252000000000000224e-01 9.297999999999999599e-01
9.256999999999999673e-01 9.297999999999999599e-01
9.250000000000000444e-01 9.294000000000000039e-01
9.243999999999999995e-01 9.292000000000000259e-01
9.250000000000000444e-01 9.287999999999999590e-01
9.242000000000000215e-01 9.277999999999999581e-01
9.243999999999999995e-01 9.272000000000000242e-01
9.235999999999999766e-01 9.275999999999999801e-01
9.240000000000000435e-01 9.277999999999999581e-01
9.233999999999999986e-01 9.274999999999999911e-01
9.227999999999999536e-01 9.277999999999999581e-01
9.244999999999999885e-01 9.274999999999999911e-01
9.236999999999999655e-01 9.274999999999999911e-01
9.230000000000000426e-01 9.274999999999999911e-01
9.224999999999999867e-01 9.281000000000000361e-01
9.223000000000000087e-01 9.281000000000000361e-01
9.216999999999999638e-01 9.280000000000000471e-01
9.224999999999999867e-01 9.278999999999999471e-01
9.221000000000000307e-01 9.273000000000000131e-01
9.216999999999999638e-01 9.270000000000000462e-01
9.220000000000000417e-01 9.273000000000000131e-01
9.213000000000000078e-01 9.262000000000000233e-01
9.230000000000000426e-01 9.263000000000000123e-01
9.227999999999999536e-01 9.273000000000000131e-01
9.224999999999999867e-01 9.277999999999999581e-01
9.221000000000000307e-01 9.280000000000000471e-01
9.220000000000000417e-01 9.272000000000000242e-01
9.213000000000000078e-01 9.270000000000000462e-01
9.223999999999999977e-01 9.274999999999999911e-01
9.243000000000000105e-01 9.287999999999999590e-01
9.233000000000000096e-01 9.287999999999999590e-01
9.246999999999999664e-01 9.283000000000000140e-01
9.233999999999999986e-01 9.281000000000000361e-01
9.233999999999999986e-01 9.282000000000000250e-01
9.225999999999999757e-01 9.281000000000000361e-01
9.232000000000000206e-01 9.281000000000000361e-01
9.223999999999999977e-01 9.283000000000000140e-01
9.232000000000000206e-01 9.286999999999999700e-01
9.227999999999999536e-01 9.292000000000000259e-01
9.224999999999999867e-01 9.288999999999999480e-01
9.233999999999999986e-01 9.284000000000000030e-01
9.221000000000000307e-01 9.284000000000000030e-01
9.223000000000000087e-01 9.283000000000000140e-01
9.214999999999999858e-01 9.278999999999999471e-01
9.204999999999999849e-01 9.277999999999999581e-01
9.209000000000000519e-01 9.283000000000000140e-01
9.195999999999999730e-01 9.276999999999999691e-01
9.205999999999999739e-01 9.286999999999999700e-01
9.207999999999999519e-01 9.282000000000000250e-01
9.212000000000000188e-01 9.274000000000000021e-01
9.213999999999999968e-01 9.281000000000000361e-01
9.206999999999999629e-01 9.273000000000000131e-01
9.210000000000000409e-01 9.280000000000000471e-01
9.213000000000000078e-01 9.284000000000000030e-01
9.210000000000000409e-01 9.285999999999999810e-01
9.207999999999999519e-01 9.284999999999999920e-01
9.214999999999999858e-01 9.290000000000000480e-01
9.213999999999999968e-01 9.288999999999999480e-01
9.213000000000000078e-01 9.290000000000000480e-01
9.214999999999999858e-01 9.284999999999999920e-01
9.217999999999999527e-01 9.278999999999999471e-01
9.220000000000000417e-01 9.285999999999999810e-01
9.223000000000000087e-01 9.282000000000000250e-01
9.220000000000000417e-01 9.293000000000000149e-01
9.216999999999999638e-01 9.284000000000000030e-01
9.214999999999999858e-01 9.278999999999999471e-01
9.220000000000000417e-01 9.274000000000000021e-01
9.219000000000000528e-01 9.274999999999999911e-01
9.220000000000000417e-01 9.267999999999999572e-01
9.214999999999999858e-01 9.267999999999999572e-01
9.209000000000000519e-01 9.287999999999999590e-01
9.221000000000000307e-01 9.284000000000000030e-01
9.217999999999999527e-01 9.287999999999999590e-01
9.213999999999999968e-01 9.291000000000000369e-01
9.215999999999999748e-01 9.294000000000000039e-01
9.220000000000000417e-01 9.293000000000000149e-01
9.214999999999999858e-01 9.288999999999999480e-01
9.213999999999999968e-01 9.290000000000000480e-01
9.200000000000000400e-01 9.291000000000000369e-01
9.205999999999999739e-01 9.286999999999999700e-01
9.199000000000000510e-01 9.286999999999999700e-01
9.204999999999999849e-01 9.277999999999999581e-01
9.203000000000000069e-01 9.276999999999999691e-01
9.210000000000000409e-01 9.278999999999999471e-01
9.207999999999999519e-01 9.285999999999999810e-01
9.201000000000000290e-01 9.271000000000000352e-01
9.210000000000000409e-01 9.262000000000000233e-01
9.211000000000000298e-01 9.264999999999999902e-01
9.210000000000000409e-01 9.267999999999999572e-01
9.213000000000000078e-01 9.264000000000000012e-01
9.213999999999999968e-01 9.263000000000000123e-01
9.213999999999999968e-01 9.270000000000000462e-01
9.211000000000000298e-01 9.265999999999999792e-01
9.212000000000000188e-01 9.255999999999999783e-01
9.205999999999999739e-01 9.270000000000000462e-01
9.209000000000000519e-01 9.266999999999999682e-01
9.206999999999999629e-01 9.266999999999999682e-01
9.207999999999999519e-01 9.266999999999999682e-01
9.213000000000000078e-01 9.273000000000000131e-01
9.206999999999999629e-01 9.267999999999999572e-01
9.204999999999999849e-01 9.264000000000000012e-01
9.206999999999999629e-01 9.264999999999999902e-01
9.213000000000000078e-01 9.266999999999999682e-01
9.209000000000000519e-01 9.262000000000000233e-01
9.206999999999999629e-01 9.250000000000000444e-01
9.212000000000000188e-01 9.253000000000000114e-01
9.205999999999999739e-01 9.250000000000000444e-01
9.202000000000000179e-01 9.253000000000000114e-01
9.199000000000000510e-01 9.254000000000000004e-01
9.203999999999999959e-01 9.254000000000000004e-01
9.212000000000000188e-01 9.257999999999999563e-01
9.219000000000000528e-01 9.252000000000000224e-01
9.220000000000000417e-01 9.243000000000000105e-01
9.219000000000000528e-01 9.240000000000000435e-01
9.217999999999999527e-01 9.243000000000000105e-01
9.203999999999999959e-01 9.242000000000000215e-01
9.209000000000000519e-01 9.241000000000000325e-01
9.207999999999999519e-01 9.249000000000000554e-01
9.209000000000000519e-01 9.239000000000000545e-01
9.217999999999999527e-01 9.244999999999999885e-01
9.217999999999999527e-01 9.243000000000000105e-01
9.225999999999999757e-01 9.247999999999999554e-01
9.226999999999999647e-01 9.247999999999999554e-01
9.230000000000000426e-01 9.250000000000000444e-01
9.222000000000000197e-01 9.254000000000000004e-01
9.223000000000000087e-01 9.254000000000000004e-01
9.221000000000000307e-01 9.252000000000000224e-01
9.212000000000000188e-01 9.247999999999999554e-01
9.202000000000000179e-01 9.256999999999999673e-01
9.202000000000000179e-01 9.253000000000000114e-01
9.214999999999999858e-01 9.249000000000000554e-01
9.220000000000000417e-01 9.254999999999999893e-01
9.217999999999999527e-01 9.261000000000000343e-01
9.212000000000000188e-01 9.255999999999999783e-01
9.201000000000000290e-01 9.253000000000000114e-01
9.210000000000000409e-01 9.265999999999999792e-01
9.210000000000000409e-01 9.257999999999999563e-01
9.196999999999999620e-01 9.263000000000000123e-01
9.206999999999999629e-01 9.252000000000000224e-01
9.209000000000000519e-01 9.261000000000000343e-01
9.195999999999999730e-01 9.268999999999999462e-01
9.194999999999999840e-01 9.264000000000000012e-01
9.203000000000000069e-01 9.254999999999999893e-01
9.201000000000000290e-01 9.263000000000000123e-01
9.192000000000000171e-01 9.261000000000000343e-01
9.192000000000000171e-01 9.264000000000000012e-01
9.203000000000000069e-01 9.267999999999999572e-01
9.202000000000000179e-01 9.267999999999999572e-01
9.202000000000000179e-01 9.274000000000000021e-01
9.195999999999999730e-01 9.273000000000000131e-01
9.203000000000000069e-01 9.268999999999999462e-01
9.210000000000000409e-01 9.268999999999999462e-01
9.204999999999999849e-01 9.267999999999999572e-01
9.201000000000000290e-01 9.261000000000000343e-01
9.201000000000000290e-01 9.260000000000000453e-01
9.201000000000000290e-01 9.260000000000000453e-01
9.205999999999999739e-01 9.257999999999999563e-01
9.200000000000000400e-01 9.257999999999999563e-01
9.202000000000000179e-01 9.256999999999999673e-01
9.207999999999999519e-01 9.251000000000000334e-01
9.199000000000000510e-01 9.255999999999999783e-01
9.199000000000000510e-01 9.253000000000000114e-01
9.205999999999999739e-01 9.260000000000000453e-01
9.194999999999999840e-01 9.251000000000000334e-01
9.202000000000000179e-01 9.256999999999999673e-01
9.200000000000000400e-01 9.247999999999999554e-01
9.202000000000000179e-01 9.250000000000000444e-01
9.205999999999999739e-01 9.247999999999999554e-01
9.206999999999999629e-01 9.249000000000000554e-01
9.196999999999999620e-01 9.247999999999999554e-01
9.204999999999999849e-01 9.253000000000000114e-01
9.193999999999999950e-01 9.257999999999999563e-01
9.205999999999999739e-01 9.250000000000000444e-01
9.197999999999999510e-01 9.244999999999999885e-01
9.209000000000000519e-01 9.240000000000000435e-01
9.211000000000000298e-01 9.235999999999999766e-01
9.199000000000000510e-01 9.245999999999999774e-01
9.204999999999999849e-01 9.243000000000000105e-01
9.199000000000000510e-01 9.244999999999999885e-01
9.201000000000000290e-01 9.250000000000000444e-01
9.210000000000000409e-01 9.234999999999999876e-01
9.211000000000000298e-01 9.239000000000000545e-01
9.217999999999999527e-01 9.241000000000000325e-01
9.216999999999999638e-01 9.251000000000000334e-01
9.209000000000000519e-01 9.245999999999999774e-01
9.197999999999999510e-01 9.241000000000000325e-01
9.203999999999999959e-01 9.251000000000000334e-01
9.201000000000000290e-01 9.253000000000000114e-01
9.200000000000000400e-01 9.252000000000000224e-01
9.193999999999999950e-01 9.246999999999999664e-01
9.197999999999999510e-01 9.249000000000000554e-01
9.197999999999999510e-01 9.250000000000000444e-01
9.193999999999999950e-01 9.252000000000000224e-01
9.189000000000000501e-01 9.254999999999999893e-01
9.184999999999999831e-01 9.252000000000000224e-01
9.180000000000000382e-01 9.256999999999999673e-01
9.173999999999999932e-01 9.251000000000000334e-01
9.185999999999999721e-01 9.257999999999999563e-01
9.187999999999999501e-01 9.250000000000000444e-01
9.182000000000000162e-01 9.246999999999999664e-01
9.187999999999999501e-01 9.247999999999999554e-01
9.186999999999999611e-01 9.254999999999999893e-01
9.177999999999999492e-01 9.254999999999999893e-01
9.181000000000000272e-01 9.254000000000000004e-01
9.184999999999999831e-01 9.258999999999999453e-01
9.175999999999999712e-01 9.256999999999999673e-01
9.174999999999999822e-01 9.243999999999999995e-01
9.177999999999999492e-01 9.256999999999999673e-01
9.180000000000000382e-01 9.257999999999999563e-01
9.183999999999999941e-01 9.257999999999999563e-01
9.186999999999999611e-01 9.274000000000000021e-01
9.190000000000000391e-01 9.274999999999999911e-01
9.201000000000000290e-01 9.271000000000000352e-01
9.201000000000000290e-01 9.266999999999999682e-01
9.191000000000000281e-01 9.278999999999999471e-01
9.192000000000000171e-01 9.274999999999999911e-01
9.194999999999999840e-01 9.281000000000000361e-01
9.192000000000000171e-01 9.284999999999999920e-01
9.200000000000000400e-01 9.280000000000000471e-01
9.192000000000000171e-01 9.283000000000000140e-01
9.190000000000000391e-01 9.285999999999999810e-01
9.183000000000000052e-01 9.288999999999999480e-01
9.193999999999999950e-01 9.278999999999999471e-01
9.185999999999999721e-01 9.282000000000000250e-01
9.196999999999999620e-01 9.286999999999999700e-01
9.191000000000000281e-01 9.288999999999999480e-01
9.193000000000000060e-01 9.284000000000000030e-01
9.194999999999999840e-01 9.283000000000000140e-01
9.202000000000000179e-01 9.291000000000000369e-01
9.203999999999999959e-01 9.280000000000000471e-01
9.200000000000000400e-01 9.282000000000000250e-01
9.199000000000000510e-01 9.278999999999999471e-01
9.197999999999999510e-01 9.274999999999999911e-01
9.195999999999999730e-01 9.274000000000000021e-01
9.195999999999999730e-01 9.276999999999999691e-01
9.193000000000000060e-01 9.272000000000000242e-01
9.191000000000000281e-01 9.267999999999999572e-01
9.195999999999999730e-01 9.268999999999999462e-01
9.191000000000000281e-01 9.273000000000000131e-01
9.187999999999999501e-01 9.277999999999999581e-01
9.193999999999999950e-01 9.270000000000000462e-01
9.191000000000000281e-01 9.273000000000000131e-01
9.193000000000000060e-01 9.268999999999999462e-01
9.195999999999999730e-01 9.273000000000000131e-01
9.191000000000000281e-01 9.270000000000000462e-01
9.197999999999999510e-01 9.278999999999999471e-01
9.199000000000000510e-01 9.267999999999999572e-01
9.200000000000000400e-01 9.268999999999999462e-01
9.200000000000000400e-01 9.264999999999999902e-01
9.193999999999999950e-01 9.265999999999999792e-01
9.199000000000000510e-01 9.266999999999999682e-01
9.200000000000000400e-01 9.272000000000000242e-01
9.203999999999999959e-01 9.265999999999999792e-01
9.199000000000000510e-01 9.271000000000000352e-01
9.200000000000000400e-01 9.276999999999999691e-01
9.200000000000000400e-01 9.267999999999999572e-01
9.193999999999999950e-01 9.275999999999999801e-01
9.195999999999999730e-01 9.281000000000000361e-01
9.193999999999999950e-01 9.280000000000000471e-01
9.191000000000000281e-01 9.276999999999999691e-01
9.189000000000000501e-01 9.280000000000000471e-01
9.192000000000000171e-01 9.280000000000000471e-01
9.192000000000000171e-01 9.275999999999999801e-01
9.187999999999999501e-01 9.283000000000000140e-01
9.192000000000000171e-01 9.271000000000000352e-01
9.197999999999999510e-01 9.273000000000000131e-01
9.196999999999999620e-01 9.274999999999999911e-01
9.190000000000000391e-01 9.282000000000000250e-01
9.194999999999999840e-01 9.273000000000000131e-01
9.183999999999999941e-01 9.268999999999999462e-01
9.186999999999999611e-01 9.268999999999999462e-01
9.186999999999999611e-01 9.272000000000000242e-01
9.191000000000000281e-01 9.265999999999999792e-01
9.189000000000000501e-01 9.271000000000000352e-01
9.194999999999999840e-01 9.260000000000000453e-01
9.189000000000000501e-01 9.272000000000000242e-01
9.185999999999999721e-01 9.276999999999999691e-01
9.185999999999999721e-01 9.264000000000000012e-01
9.187999999999999501e-01 9.264000000000000012e-01
9.183000000000000052e-01 9.261000000000000343e-01
9.186999999999999611e-01 9.265999999999999792e-01
9.173000000000000043e-01 9.260000000000000453e-01
9.174999999999999822e-01 9.267999999999999572e-01
9.177999999999999492e-01 9.262000000000000233e-01
9.174999999999999822e-01 9.254000000000000004e-01
9.173999999999999932e-01 9.257999999999999563e-01
9.169000000000000483e-01 9.256999999999999673e-01
9.173000000000000043e-01 9.255999999999999783e-01
9.173000000000000043e-01 9.256999999999999673e-01
9.174999999999999822e-01 9.252000000000000224e-01
9.177999999999999492e-01 9.262000000000000233e-01
9.177999999999999492e-01 9.280000000000000471e-01
9.180000000000000382e-01 9.271000000000000352e-01
9.184999999999999831e-01 9.271000000000000352e-01
9.182000000000000162e-01 9.274999999999999911e-01
9.183000000000000052e-01 9.275999999999999801e-01
9.191000000000000281e-01 9.266999999999999682e-01
9.186999999999999611e-01 9.266999999999999682e-01
9.194999999999999840e-01 9.268999999999999462e-01
9.197999999999999510e-01 9.263000000000000123e-01
9.193000000000000060e-01 9.264000000000000012e-01
9.199000000000000510e-01 9.260000000000000453e-01
9.195999999999999730e-01 9.267999999999999572e-01
9.196999999999999620e-01 9.277999999999999581e-01
9.203999999999999959e-01 9.273000000000000131e-01
9.206999999999999629e-01 9.273000000000000131e-01
9.205999999999999739e-01 9.263000000000000123e-01
9.211000000000000298e-01 9.260000000000000453e-01
9.211000000000000298e-01 9.257999999999999563e-01
9.203000000000000069e-01 9.264999999999999902e-01
9.199000000000000510e-01 9.271000000000000352e-01
9.195999999999999730e-01 9.268999999999999462e-01
9.193999999999999950e-01 9.264999999999999902e-01
9.197999999999999510e-01 9.264000000000000012e-01
9.196999999999999620e-01 9.254000000000000004e-01
9.193999999999999950e-01 9.266999999999999682e-01
9.200000000000000400e-01 9.260000000000000453e-01
9.209000000000000519e-01 9.265999999999999792e-01
9.203999999999999959e-01 9.263000000000000123e-01
9.204999999999999849e-01 9.262000000000000233e-01
9.195999999999999730e-01 9.260000000000000453e-01
9.201000000000000290e-01 9.261000000000000343e-01
9.189000000000000501e-01 9.258999999999999453e-01
9.194999999999999840e-01 9.256999999999999673e-01
9.190000000000000391e-01 9.255999999999999783e-01
9.191000000000000281e-01 9.250000000000000444e-01
9.199000000000000510e-01 9.252000000000000224e-01
9.200000000000000400e-01 9.246999999999999664e-01
9.200000000000000400e-01 9.244999999999999885e-01
9.195999999999999730e-01 9.249000000000000554e-01
9.195999999999999730e-01 9.245999999999999774e-01
9.192000000000000171e-01 9.243000000000000105e-01
9.195999999999999730e-01 9.256999999999999673e-01
9.187999999999999501e-01 9.252000000000000224e-01
9.203000000000000069e-01 9.246999999999999664e-01
9.199000000000000510e-01 9.244999999999999885e-01
9.195999999999999730e-01 9.237999999999999545e-01
9.193999999999999950e-01 9.243000000000000105e-01
9.194999999999999840e-01 9.243000000000000105e-01
9.194999999999999840e-01 9.241000000000000325e-01
9.196999999999999620e-01 9.244999999999999885e-01
9.193999999999999950e-01 9.240000000000000435e-01
9.203000000000000069e-01 9.242000000000000215e-01
9.201000000000000290e-01 9.243999999999999995e-01
9.194999999999999840e-01 9.237999999999999545e-01
9.193999999999999950e-01 9.247999999999999554e-01
9.191000000000000281e-01 9.252000000000000224e-01
9.193000000000000060e-01 9.254000000000000004e-01
9.200000000000000400e-01 9.260000000000000453e-01
9.201000000000000290e-01 9.247999999999999554e-01
9.203000000000000069e-01 9.258999999999999453e-01
9.203999999999999959e-01 9.253000000000000114e-01
9.202000000000000179e-01 9.253000000000000114e-01
9.200000000000000400e-01 9.252000000000000224e-01
9.206999999999999629e-01 9.251000000000000334e-01
9.194999999999999840e-01 9.252000000000000224e-01
9.202000000000000179e-01 9.246999999999999664e-01
9.196999999999999620e-01 9.246999999999999664e-01
9.197999999999999510e-01 9.241000000000000325e-01
9.203999999999999959e-01 9.232000000000000206e-01
9.211000000000000298e-01 9.240000000000000435e-01
9.199000000000000510e-01 9.241000000000000325e-01
9.204999999999999849e-01 9.243999999999999995e-01
9.203999999999999959e-01 9.242000000000000215e-01
9.202000000000000179e-01 9.249000000000000554e-01
9.200000000000000400e-01 9.250000000000000444e-01
9.203999999999999959e-01 9.245999999999999774e-01
9.209000000000000519e-01 9.249000000000000554e-01
9.200000000000000400e-01 9.250000000000000444e-01
9.203000000000000069e-01 9.253000000000000114e-01
9.207999999999999519e-01 9.258999999999999453e-01
9.212000000000000188e-01 9.258999999999999453e-01
9.212000000000000188e-01 9.254999999999999893e-01
9.203999999999999959e-01 9.251000000000000334e-01
9.209000000000000519e-01 9.253000000000000114e-01
9.207999999999999519e-01 9.252000000000000224e-01
9.201000000000000290e-01 9.246999999999999664e-01
9.205999999999999739e-01 9.254000000000000004e-01
9.204999999999999849e-01 9.257999999999999563e-01
9.203999999999999959e-01 9.247999999999999554e-01
9.195999999999999730e-01 9.252000000000000224e-01
9.193999999999999950e-01 9.258999999999999453e-01
9.200000000000000400e-01 9.262000000000000233e-01
9.202000000000000179e-01 9.253000000000000114e-01
9.206999999999999629e-01 9.258999999999999453e-01
9.201000000000000290e-01 9.253000000000000114e-01
9.192000000000000171e-01 9.251000000000000334e-01
9.193000000000000060e-01 9.254999999999999893e-01
9.195999999999999730e-01 9.252000000000000224e-01
9.201000000000000290e-01 9.247999999999999554e-01
9.207999999999999519e-01 9.243999999999999995e-01
9.216999999999999638e-01 9.247999999999999554e-01
9.214999999999999858e-01 9.245999999999999774e-01
9.210000000000000409e-01 9.244999999999999885e-01
9.212000000000000188e-01 9.242000000000000215e-01
9.209000000000000519e-01 9.247999999999999554e-01
9.205999999999999739e-01 9.243000000000000105e-01
9.205999999999999739e-01 9.243000000000000105e-01
9.205999999999999739e-01 9.237999999999999545e-01
9.214999999999999858e-01 9.243999999999999995e-01
9.213999999999999968e-01 9.249000000000000554e-01
9.210000000000000409e-01 9.240000000000000435e-01
9.204999999999999849e-01 9.240000000000000435e-01
9.204999999999999849e-01 9.241000000000000325e-01
9.204999999999999849e-01 9.241000000000000325e-01
9.205999999999999739e-01 9.241000000000000325e-01
9.202000000000000179e-01 9.234999999999999876e-01
9.203999999999999959e-01 9.234999999999999876e-01
9.206999999999999629e-01 9.239000000000000545e-01
9.214999999999999858e-01 9.240000000000000435e-01
9.216999999999999638e-01 9.235999999999999766e-01
9.221000000000000307e-01 9.233999999999999986e-01
9.213000000000000078e-01 9.237999999999999545e-01
9.213000000000000078e-01 9.232000000000000206e-01
9.207999999999999519e-01 9.231000000000000316e-01
9.205999999999999739e-01 9.236999999999999655e-01
9.201000000000000290e-01 9.234999999999999876e-01
9.199000000000000510e-01 9.235999999999999766e-01
9.197999999999999510e-01 9.229000000000000536e-01
9.202000000000000179e-01 9.239000000000000545e-01
9.206999999999999629e-01 9.235999999999999766e-01
9.204999999999999849e-01 9.231000000000000316e-01
9.210000000000000409e-01 9.232000000000000206e-01
9.213000000000000078e-01 9.243000000000000105e-01
9.210000000000000409e-01 9.241000000000000325e-01
9.211000000000000298e-01 9.233999999999999986e-01
9.211000000000000298e-01 9.233000000000000096e-01
9.206999999999999629e-01 9.227999999999999536e-01
9.209000000000000519e-01 9.233999999999999986e-01
9.212000000000000188e-01 9.233999999999999986e-01
9.209000000000000519e-01 9.232000000000000206e-01
9.202000000000000179e-01 9.227999999999999536e-01
9.204999999999999849e-01 9.234999999999999876e-01
9.206999999999999629e-01 9.233000000000000096e-01
9.206999999999999629e-01 9.233999999999999986e-01
9.210000000000000409e-01 9.237999999999999545e-01
9.203999999999999959e-01 9.237999999999999545e-01
9.200000000000000400e-01 9.241000000000000325e-01
9.204999999999999849e-01 9.232000000000000206e-01
9.203999999999999959e-01 9.229000000000000536e-01
9.200000000000000400e-01 9.239000000000000545e-01
9.195999999999999730e-01 9.245999999999999774e-01
9.193999999999999950e-01 9.247999999999999554e-01
9.192000000000000171e-01 9.242000000000000215e-01
9.194999999999999840e-01 9.245999999999999774e-01
9.189000000000000501e-01 9.242000000000000215e-01
9.190000000000000391e-01 9.242000000000000215e-01
9.187999999999999501e-01 9.247999999999999554e-01
9.183999999999999941e-01 9.254000000000000004e-01
9.181000000000000272e-01 9.250000000000000444e-01
9.193000000000000060e-01 9.252000000000000224e-01
9.197999999999999510e-01 9.256999999999999673e-01
9.200000000000000400e-01 9.254999999999999893e-01
9.195999999999999730e-01 9.254999999999999893e-01
9.195999999999999730e-01 9.250000000000000444e-01
9.194999999999999840e-01 9.252000000000000224e-01
9.199000000000000510e-01 9.266999999999999682e-01
9.201000000000000290e-01 9.265999999999999792e-01
9.196999999999999620e-01 9.264999999999999902e-01
9.195999999999999730e-01 9.257999999999999563e-01
9.193999999999999950e-01 9.264000000000000012e-01
9.191000000000000281e-01 9.264000000000000012e-01
9.196999999999999620e-01 9.265999999999999792e-01
9.197999999999999510e-01 9.267999999999999572e-01
9.202000000000000179e-01 9.267999999999999572e-01
9.196999999999999620e-01 9.274999999999999911e-01
9.201000000000000290e-01 9.271000000000000352e-01
9.202000000000000179e-01 9.256999999999999673e-01
9.196999999999999620e-01 9.264999999999999902e-01
9.202000000000000179e-01 9.258999999999999453e-01
9.195999999999999730e-01 9.260000000000000453e-01
9.199000000000000510e-01 9.264000000000000012e-01
9.203000000000000069e-01 9.258999999999999453e-01
9.200000000000000400e-01 9.260000000000000453e-01
9.203999999999999959e-01 9.257999999999999563e-01
9.203999999999999959e-01 9.256999999999999673e-01
9.207999999999999519e-01 9.258999999999999453e-01
9.213999999999999968e-01 9.254999999999999893e-01
9.207999999999999519e-01 9.258999999999999453e-01
9.213000000000000078e-01 9.260000000000000453e-01
9.209000000000000519e-01 9.260000000000000453e-01
9.204999999999999849e-01 9.265999999999999792e-01
9.213000000000000078e-01 9.258999999999999453e-01
9.209000000000000519e-01 9.262000000000000233e-01
9.205999999999999739e-01 9.258999999999999453e-01
9.205999999999999739e-01 9.257999999999999563e-01
9.205999999999999739e-01 9.255999999999999783e-01
9.216999999999999638e-01 9.254999999999999893e-01
9.215999999999999748e-01 9.254000000000000004e-01
9.217999999999999527e-01 9.252000000000000224e-01
9.217999999999999527e-01 9.254999999999999893e-01
9.224999999999999867e-01 9.260000000000000453e-01
9.229000000000000536e-01 9.263000000000000123e-01
9.223000000000000087e-01 9.260000000000000453e-01
9.221000000000000307e-01 9.257999999999999563e-01
9.225999999999999757e-01 9.260000000000000453e-01
9.224999999999999867e-01 9.261000000000000343e-01
9.226999999999999647e-01 9.256999999999999673e-01
9.219000000000000528e-01 9.264999999999999902e-01
9.221000000000000307e-01 9.257999999999999563e-01
9.223000000000000087e-01 9.262000000000000233e-01
9.227999999999999536e-01 9.264999999999999902e-01
9.225999999999999757e-01 9.264999999999999902e-01
9.232000000000000206e-01 9.264999999999999902e-01
9.230000000000000426e-01 9.263000000000000123e-01
9.221000000000000307e-01 9.262000000000000233e-01
9.224999999999999867e-01 9.264999999999999902e-01
9.226999999999999647e-01 9.262000000000000233e-01
9.219000000000000528e-01 9.263000000000000123e-01
9.222000000000000197e-01 9.275999999999999801e-01
9.220000000000000417e-01 9.270000000000000462e-01
9.219000000000000528e-01 9.273000000000000131e-01
9.224999999999999867e-01 9.265999999999999792e-01
9.223000000000000087e-01 9.262000000000000233e-01
9.215999999999999748e-01 9.254000000000000004e-01
9.224999999999999867e-01 9.255999999999999783e-01
9.224999999999999867e-01 9.254999999999999893e-01
9.222000000000000197e-01 9.258999999999999453e-01
9.222000000000000197e-01 9.252000000000000224e-01
9.223999999999999977e-01 9.256999999999999673e-01
9.230000000000000426e-01 9.256999999999999673e-01
9.236999999999999655e-01 9.257999999999999563e-01
9.234999999999999876e-01 9.256999999999999673e-01
9.231000000000000316e-01 9.250000000000000444e-01
9.231000000000000316e-01 9.251000000000000334e-01
9.229000000000000536e-01 9.246999999999999664e-01
9.230000000000000426e-01 9.243999999999999995e-01
9.221000000000000307e-01 9.243999999999999995e-01
9.224999999999999867e-01 9.251000000000000334e-01
9.220000000000000417e-01 9.246999999999999664e-01
9.222000000000000197e-01 9.252000000000000224e-01
9.217999999999999527e-01 9.249000000000000554e-01
9.213999999999999968e-01 9.246999999999999664e-01
9.213000000000000078e-01 9.251000000000000334e-01
9.212000000000000188e-01 9.251000000000000334e-01
9.209000000000000519e-01 9.254000000000000004e-01
9.209000000000000519e-01 9.254000000000000004e-01
9.220000000000000417e-01 9.250000000000000444e-01
9.213999999999999968e-01 9.256999999999999673e-01
9.215999999999999748e-01 9.252000000000000224e-01
9.215999999999999748e-01 9.250000000000000444e-01
9.215999999999999748e-01 9.252000000000000224e-01
9.224999999999999867e-01 9.249000000000000554e-01
9.220000000000000417e-01 9.244999999999999885e-01
9.222000000000000197e-01 9.253000000000000114e-01
9.213999999999999968e-01 9.249000000000000554e-01
9.214999999999999858e-01 9.250000000000000444e-01
9.214999999999999858e-01 9.243999999999999995e-01
9.202000000000000179e-01 9.244999999999999885e-01
9.207999999999999519e-01 9.236999999999999655e-01
9.210000000000000409e-01 9.241000000000000325e-01
9.207999999999999519e-01 9.235999999999999766e-01
9.213000000000000078e-01 9.239000000000000545e-01
9.209000000000000519e-01 9.237999999999999545e-01
9.211000000000000298e-01 9.233999999999999986e-01
9.213999999999999968e-01 9.236999999999999655e-01
9.207999999999999519e-01 9.231000000000000316e-01
9.211000000000000298e-01 9.232000000000000206e-01
9.212000000000000188e-01 9.229000000000000536e-01
9.211000000000000298e-01 9.224999999999999867e-01
9.210000000000000409e-01 9.220000000000000417e-01
9.213999999999999968e-01 9.223000000000000087e-01
9.209000000000000519e-01 9.223000000000000087e-01
9.211000000000000298e-01 9.223999999999999977e-01
9.209000000000000519e-01 9.223999999999999977e-01
9.212000000000000188e-01 9.224999999999999867e-01
9.216999999999999638e-01 9.223000000000000087e-01
9.207999999999999519e-01 9.222000000000000197e-01
9.210000000000000409e-01 9.233999999999999986e-01
9.202000000000000179e-01 9.231000000000000316e-01
9.205999999999999739e-01 9.232000000000000206e-01
9.211000000000000298e-01 9.235999999999999766e-01
9.206999999999999629e-01 9.232000000000000206e-01
9.209000000000000519e-01 9.236999999999999655e-01
9.213999999999999968e-01 9.234999999999999876e-01
9.214999999999999858e-01 9.236999999999999655e-01
9.219000000000000528e-01 9.233000000000000096e-01
9.217999999999999527e-01 9.227999999999999536e-01
9.216999999999999638e-01 9.233000000000000096e-01
9.219000000000000528e-01 9.235999999999999766e-01
9.217999999999999527e-01 9.240000000000000435e-01
9.207999999999999519e-01 9.239000000000000545e-01
9.211000000000000298e-01 9.241000000000000325e-01
9.221000000000000307e-01 9.243000000000000105e-01
9.219000000000000528e-01 9.243000000000000105e-01
9.216999999999999638e-01 9.247999999999999554e-01
9.221000000000000307e-01 9.254000000000000004e-01
9.222000000000000197e-01 9.252000000000000224e-01
9.226999999999999647e-01 9.255999999999999783e-01
9.231000000000000316e-01 9.257999999999999563e-01
9.229000000000000536e-01 9.254999999999999893e-01
9.239000000000000545e-01 9.265999999999999792e-01
9.232000000000000206e-01 9.264999999999999902e-01
9.231000000000000316e-01 9.260000000000000453e-01
9.234999999999999876e-01 9.264000000000000012e-01
9.236999999999999655e-01 9.257999999999999563e-01
9.230000000000000426e-01 9.252000000000000224e-01
9.230000000000000426e-01 9.241000000000000325e-01
9.233999999999999986e-01 9.242000000000000215e-01
9.239000000000000545e-01 9.243999999999999995e-01
9.219000000000000528e-01 9.243999999999999995e-01
9.222000000000000197e-01 9.241000000000000325e-01
9.222000000000000197e-01 9.240000000000000435e-01
9.219000000000000528e-01 9.239000000000000545e-01
9.216999999999999638e-01 9.243000000000000105e-01
9.217999999999999527e-01 9.241000000000000325e-01
9.219000000000000528e-01 9.233999999999999986e-01
9.219000000000000528e-01 9.235999999999999766e-01
9.223000000000000087e-01 9.234999999999999876e-01
9.217999999999999527e-01 9.235999999999999766e-01
9.222000000000000197e-01 9.230000000000000426e-01
9.223000000000000087e-01 9.244999999999999885e-01
9.225999999999999757e-01 9.242000000000000215e-01
9.224999999999999867e-01 9.234999999999999876e-01
9.223000000000000087e-01 9.227999999999999536e-01
9.224999999999999867e-01 9.225999999999999757e-01
9.219000000000000528e-01 9.230000000000000426e-01
9.220000000000000417e-01 9.229000000000000536e-01
9.222000000000000197e-01 9.235999999999999766e-01
9.223999999999999977e-01 9.242000000000000215e-01
9.226999999999999647e-01 9.244999999999999885e-01
9.223000000000000087e-01 9.245999999999999774e-01
9.217999999999999527e-01 9.242000000000000215e-01
9.222000000000000197e-01 9.244999999999999885e-01
9.212000000000000188e-01 9.234999999999999876e-01
9.210000000000000409e-01 9.237999999999999545e-01
9.217999999999999527e-01 9.242000000000000215e-01
9.216999999999999638e-01 9.243000000000000105e-01
9.215999999999999748e-01 9.234999999999999876e-01
9.211000000000000298e-01 9.232000000000000206e-01
9.204999999999999849e-01 9.230000000000000426e-01
9.214999999999999858e-01 9.224999999999999867e-01
9.220000000000000417e-01 9.222000000000000197e-01
9.217999999999999527e-01 9.219000000000000528e-01
9.227999999999999536e-01 9.219000000000000528e-01
9.222000000000000197e-01 9.223000000000000087e-01
9.219000000000000528e-01 9.225999999999999757e-01
9.220000000000000417e-01 9.223999999999999977e-01
9.219000000000000528e-01 9.216999999999999638e-01
9.224999999999999867e-01 9.220000000000000417e-01
9.227999999999999536e-01 9.223999999999999977e-01
9.225999999999999757e-01 9.223999999999999977e-01
9.221000000000000307e-01 9.221000000000000307e-01
9.221000000000000307e-01 9.223000000000000087e-01
9.223000000000000087e-01 9.217999999999999527e-01
9.223000000000000087e-01 9.224999999999999867e-01
9.225999999999999757e-01 9.224999999999999867e-01
9.220000000000000417e-01 9.229000000000000536e-01
9.220000000000000417e-01 9.231000000000000316e-01
9.216999999999999638e-01 9.227999999999999536e-01
9.219000000000000528e-01 9.231000000000000316e-01
9.214999999999999858e-01 9.233999999999999986e-01
9.215999999999999748e-01 9.229000000000000536e-01
9.215999999999999748e-01 9.232000000000000206e-01
9.221000000000000307e-01 9.233000000000000096e-01
9.226999999999999647e-01 9.229000000000000536e-01
9.222000000000000197e-01 9.232000000000000206e-01
9.214999999999999858e-01 9.233000000000000096e-01
9.213999999999999968e-01 9.231000000000000316e-01
9.207999999999999519e-01 9.230000000000000426e-01
9.211000000000000298e-01 9.229000000000000536e-01
9.205999999999999739e-01 9.225999999999999757e-01
9.212000000000000188e-01 9.230000000000000426e-01
9.216999999999999638e-01 9.235999999999999766e-01
9.211000000000000298e-01 9.231000000000000316e-01
9.207999999999999519e-01 9.235999999999999766e-01
9.207999999999999519e-01 9.234999999999999876e-01
9.216999999999999638e-01 9.239000000000000545e-01
9.214999999999999858e-01 9.234999999999999876e-01
9.215999999999999748e-01 9.234999999999999876e-01
9.215999999999999748e-01 9.236999999999999655e-01
9.215999999999999748e-01 9.229000000000000536e-01
9.220000000000000417e-01 9.230000000000000426e-01
9.223000000000000087e-01 9.227999999999999536e-01
9.215999999999999748e-01 9.221000000000000307e-01
9.213000000000000078e-01 9.230000000000000426e-01
9.211000000000000298e-01 9.227999999999999536e-01
9.206999999999999629e-01 9.224999999999999867e-01
9.204999999999999849e-01 9.233000000000000096e-01
9.203999999999999959e-01 9.227999999999999536e-01
9.203999999999999959e-01 9.227999999999999536e-01
9.201000000000000290e-01 9.223000000000000087e-01
9.202000000000000179e-01 9.223999999999999977e-01
9.203999999999999959e-01 9.221000000000000307e-01
9.204999999999999849e-01 9.226999999999999647e-01
9.203999999999999959e-01 9.223000000000000087e-01
9.211000000000000298e-01 9.219000000000000528e-01
9.213000000000000078e-01 9.219000000000000528e-01
9.209000000000000519e-01 9.214999999999999858e-01
9.206999999999999629e-01 9.220000000000000417e-01
9.206999999999999629e-01 9.219000000000000528e-01
9.213000000000000078e-01 9.222000000000000197e-01
9.212000000000000188e-01 9.220000000000000417e-01
9.217999999999999527e-01 9.214999999999999858e-01
9.215999999999999748e-01 9.215999999999999748e-01
9.206999999999999629e-01 9.216999999999999638e-01
9.213000000000000078e-01 9.217999999999999527e-01
9.216999999999999638e-01 9.216999999999999638e-01
9.211000000000000298e-01 9.220000000000000417e-01
9.212000000000000188e-01 9.213000000000000078e-01
9.209000000000000519e-01 9.223000000000000087e-01
9.216999999999999638e-01 9.214999999999999858e-01
9.226999999999999647e-01 9.213999999999999968e-01
9.223999999999999977e-01 9.214999999999999858e-01
9.222000000000000197e-01 9.213999999999999968e-01
9.216999999999999638e-01 9.222000000000000197e-01
9.223000000000000087e-01 9.217999999999999527e-01
9.223999999999999977e-01 9.224999999999999867e-01
9.219000000000000528e-01 9.220000000000000417e-01
9.226999999999999647e-01 9.222000000000000197e-01
9.215999999999999748e-01 9.223999999999999977e-01
9.214999999999999858e-01 9.223000000000000087e-01
9.216999999999999638e-01 9.216999999999999638e-01
9.223999999999999977e-01 9.223000000000000087e-01
9.223000000000000087e-01 9.222000000000000197e-01
9.216999999999999638e-01 9.219000000000000528e-01
9.221000000000000307e-01 9.217999999999999527e-01
9.220000000000000417e-01 9.215999999999999748e-01
9.222000000000000197e-01 9.225999999999999757e-01
9.220000000000000417e-01 9.223000000000000087e-01
9.216999999999999638e-01 9.227999999999999536e-01
9.214999999999999858e-01 9.230000000000000426e-01
9.224999999999999867e-01 9.230000000000000426e-01
9.221000000000000307e-01 9.227999999999999536e-01
9.217999999999999527e-01 9.224999999999999867e-01
9.217999999999999527e-01 9.229000000000000536e-01
9.221000000000000307e-01 9.223999999999999977e-01
9.219000000000000528e-01 9.214999999999999858e-01
9.219000000000000528e-01 9.221000000000000307e-01
9.223999999999999977e-01 9.212000000000000188e-01
9.225999999999999757e-01 9.213000000000000078e-01
9.225999999999999757e-01 9.216999999999999638e-01
9.226999999999999647e-01 9.219000000000000528e-01
9.230000000000000426e-01 9.219000000000000528e-01
9.224999999999999867e-01 9.222000000000000197e-01
9.225999999999999757e-01 9.224999999999999867e-01
9.226999999999999647e-01 9.216999999999999638e-01
9.225999999999999757e-01 9.231000000000000316e-01
9.223999999999999977e-01 9.223999999999999977e-01
9.224999999999999867e-01 9.229000000000000536e-01
9.226999999999999647e-01 9.224999999999999867e-01
9.230000000000000426e-01 9.224999999999999867e-01
9.222000000000000197e-01 9.221000000000000307e-01
9.219000000000000528e-01 9.220000000000000417e-01
9.224999999999999867e-01 9.217999999999999527e-01
9.223000000000000087e-01 9.222000000000000197e-01
9.219000000000000528e-01 9.225999999999999757e-01
9.216999999999999638e-01 9.233000000000000096e-01
9.223999999999999977e-01 9.232000000000000206e-01
9.224999999999999867e-01 9.219000000000000528e-01
9.222000000000000197e-01 9.224999999999999867e-01
9.223000000000000087e-01 9.231000000000000316e-01
9.223999999999999977e-01 9.223000000000000087e-01
9.226999999999999647e-01 9.225999999999999757e-01
9.226999999999999647e-01 9.226999999999999647e-01
9.224999999999999867e-01 9.220000000000000417e-01
9.231000000000000316e-01 9.229000000000000536e-01
9.226999999999999647e-01 9.224999999999999867e-01
9.224999999999999867e-01 9.224999999999999867e-01
9.225999999999999757e-01 9.233999999999999986e-01
9.227999999999999536e-01 9.233999999999999986e-01
9.226999999999999647e-01 9.232000000000000206e-01
9.227999999999999536e-01 9.227999999999999536e-01
9.225999999999999757e-01 9.227999999999999536e-01
9.225999999999999757e-01 9.226999999999999647e-01
9.227999999999999536e-01 9.222000000000000197e-01
9.233000000000000096e-01 9.225999999999999757e-01
9.229000000000000536e-01 9.233000000000000096e-01
9.219000000000000528e-01 9.239000000000000545e-01
9.223000000000000087e-01 9.240000000000000435e-01
9.230000000000000426e-01 9.240000000000000435e-01
9.231000000000000316e-01 9.240000000000000435e-01
9.226999999999999647e-01 9.234999999999999876e-01
9.225999999999999757e-01 9.233000000000000096e-01
9.230000000000000426e-01 9.231000000000000316e-01
9.223000000000000087e-01 9.234999999999999876e-01
9.226999999999999647e-01 9.232000000000000206e-01
9.222000000000000197e-01 9.233999999999999986e-01
9.225999999999999757e-01 9.233999999999999986e-01
9.223999999999999977e-01 9.233999999999999986e-01
9.225999999999999757e-01 9.236999999999999655e-01
9.222000000000000197e-01 9.246999999999999664e-01
9.223999999999999977e-01 9.244999999999999885e-01
9.212000000000000188e-01 9.243999999999999995e-01
9.215999999999999748e-01 9.237999999999999545e-01
9.219000000000000528e-01 9.239000000000000545e-01
9.213999999999999968e-01 9.242000000000000215e-01
9.213000000000000078e-01 9.235999999999999766e-01
9.210000000000000409e-01 9.244999999999999885e-01
9.207999999999999519e-01 9.242000000000000215e-01
9.207999999999999519e-01 9.236999999999999655e-01
9.210000000000000409e-01 9.241000000000000325e-01
9.212000000000000188e-01 9.243999999999999995e-01
9.215999999999999748e-01 9.241000000000000325e-01
9.213999999999999968e-01 9.247999999999999554e-01
9.219000000000000528e-01 9.247999999999999554e-01
9.223000000000000087e-01 9.241000000000000325e-01
9.221000000000000307e-01 9.253000000000000114e-01
9.217999999999999527e-01 9.251000000000000334e-01
9.216999999999999638e-01 9.253000000000000114e-01
9.219000000000000528e-01 9.251000000000000334e-01
9.224999999999999867e-01 9.251000000000000334e-01
9.223999999999999977e-01 9.251000000000000334e-01
9.223000000000000087e-01 9.252000000000000224e-01
9.221000000000000307e-01 9.261000000000000343e-01
9.225999999999999757e-01 9.257999999999999563e-01
9.230000000000000426e-01 9.255999999999999783e-01
9.223000000000000087e-01 9.261000000000000343e-01
9.224999999999999867e-01 9.261000000000000343e-01
9.221000000000000307e-01 9.262000000000000233e-01
9.223999999999999977e-01 9.255999999999999783e-01
9.222000000000000197e-01 9.251000000000000334e-01
9.224999999999999867e-01 9.256999999999999673e-01
9.222000000000000197e-01 9.252000000000000224e-01
9.217999999999999527e-01 9.250000000000000444e-01
9.215999999999999748e-01 9.256999999999999673e-01
9.220000000000000417e-01 9.254999999999999893e-01
9.216999999999999638e-01 9.256999999999999673e-01
9.219000000000000528e-01 9.253000000000000114e-01
9.220000000000000417e-01 9.254000000000000004e-01
9.213000000000000078e-01 9.261000000000000343e-01
9.211000000000000298e-01 9.268999999999999462e-01
9.213000000000000078e-01 9.265999999999999792e-01
9.217999999999999527e-01 9.264000000000000012e-01
9.214999999999999858e-01 9.257999999999999563e-01
9.215999999999999748e-01 9.256999999999999673e-01
9.213000000000000078e-01 9.257999999999999563e-01
9.219000000000000528e-01 9.252000000000000224e-01
9.213999999999999968e-01 9.250000000000000444e-01
9.215999999999999748e-01 9.254999999999999893e-01
9.211000000000000298e-01 9.255999999999999783e-01
9.214999999999999858e-01 9.256999999999999673e-01
9.215999999999999748e-01 9.254999999999999893e-01
9.212000000000000188e-01 9.252000000000000224e-01
9.215999999999999748e-01 9.250000000000000444e-01
9.219000000000000528e-01 9.250000000000000444e-01
9.219000000000000528e-01 9.250000000000000444e-01
9.217999999999999527e-01 9.251000000000000334e-01
9.219000000000000528e-01 9.254999999999999893e-01
9.212000000000000188e-01 9.253000000000000114e-01
9.210000000000000409e-01 9.250000000000000444e-01
9.206999999999999629e-01 9.246999999999999664e-01
9.203000000000000069e-01 9.245999999999999774e-01
9.205999999999999739e-01 9.252000000000000224e-01
9.207999999999999519e-01 9.243000000000000105e-01
9.203999999999999959e-01 9.254000000000000004e-01
9.205999999999999739e-01 9.249000000000000554e-01
9.204999999999999849e-01 9.253000000000000114e-01
9.203000000000000069e-01 9.252000000000000224e-01
9.205999999999999739e-01 9.255999999999999783e-01
9.202000000000000179e-01 9.256999999999999673e-01
9.200000000000000400e-01 9.261000000000000343e-01
9.199000000000000510e-01 9.251000000000000334e-01
9.201000000000000290e-01 9.257999999999999563e-01
9.196999999999999620e-01 9.257999999999999563e-01
9.193999999999999950e-01 9.261000000000000343e-01
9.195999999999999730e-01 9.257999999999999563e-01
9.199000000000000510e-01 9.257999999999999563e-01
9.202000000000000179e-01 9.256999999999999673e-01
9.203999999999999959e-01 9.256999999999999673e-01
9.203000000000000069e-01 9.261000000000000343e-01
9.200000000000000400e-01 9.264999999999999902e-01
9.193000000000000060e-01 9.268999999999999462e-01
9.200000000000000400e-01 9.267999999999999572e-01
9.195999999999999730e-01 9.272000000000000242e-01
9.196999999999999620e-01 9.270000000000000462e-01
9.207999999999999519e-01 9.266999999999999682e-01
9.203999999999999959e-01 9.271000000000000352e-01
9.201000000000000290e-01 9.268999999999999462e-01
9.203000000000000069e-01 9.274000000000000021e-01
9.202000000000000179e-01 9.274000000000000021e-01
9.203999999999999959e-01 9.274000000000000021e-01
9.209000000000000519e-01 9.268999999999999462e-01
9.206999999999999629e-01 9.274999999999999911e-01
9.205999999999999739e-01 9.277999999999999581e-01
9.209000000000000519e-01 9.278999999999999471e-01
9.212000000000000188e-01 9.282000000000000250e-01
9.213000000000000078e-01 9.281000000000000361e-01
9.211000000000000298e-01 9.281000000000000361e-01
9.211000000000000298e-01 9.275999999999999801e-01
9.211000000000000298e-01 9.278999999999999471e-01
9.205999999999999739e-01 9.274999999999999911e-01
9.204999999999999849e-01 9.272000000000000242e-01
9.201000000000000290e-01 9.268999999999999462e-01
9.206999999999999629e-01 9.273000000000000131e-01
9.203000000000000069e-01 9.273000000000000131e-01
9.209000000000000519e-01 9.272000000000000242e-01
9.202000000000000179e-01 9.272000000000000242e-01
9.210000000000000409e-01 9.268999999999999462e-01
9.212000000000000188e-01 9.273000000000000131e-01
9.206999999999999629e-01 9.272000000000000242e-01
9.202000000000000179e-01 9.272000000000000242e-01
9.203999999999999959e-01 9.268999999999999462e-01
9.209000000000000519e-01 9.264999999999999902e-01
9.205999999999999739e-01 9.266999999999999682e-01
9.206999999999999629e-01 9.264999999999999902e-01
9.209000000000000519e-01 9.264999999999999902e-01
9.206999999999999629e-01 9.266999999999999682e-01
9.206999999999999629e-01 9.265999999999999792e-01
9.206999999999999629e-01 9.267999999999999572e-01
9.213999999999999968e-01 9.264999999999999902e-01
9.210000000000000409e-01 9.267999999999999572e-01
9.210000000000000409e-01 9.263000000000000123e-01
9.205999999999999739e-01 9.267999999999999572e-01
9.203000000000000069e-01 9.268999999999999462e-01
9.205999999999999739e-01 9.267999999999999572e-01
9.211000000000000298e-01 9.266999999999999682e-01
9.207999999999999519e-01 9.268999999999999462e-01
9.212000000000000188e-01 9.265999999999999792e-01
9.215999999999999748e-01 9.264000000000000012e-01
9.222000000000000197e-01 9.264000000000000012e-01
9.219000000000000528e-01 9.263000000000000123e-01
9.219000000000000528e-01 9.272000000000000242e-01
9.210000000000000409e-01 9.271000000000000352e-01
9.212000000000000188e-01 9.274999999999999911e-01
9.204999999999999849e-01 9.270000000000000462e-01
9.209000000000000519e-01 9.270000000000000462e-01
9.212000000000000188e-01 9.271000000000000352e-01
9.209000000000000519e-01 9.272000000000000242e-01
9.215999999999999748e-01 9.273000000000000131e-01
9.211000000000000298e-01 9.276999999999999691e-01
9.210000000000000409e-01 9.267999999999999572e-01
9.206999999999999629e-01 9.268999999999999462e-01
9.205999999999999739e-01 9.274999999999999911e-01
9.210000000000000409e-01 9.272000000000000242e-01
9.212000000000000188e-01 9.273000000000000131e-01
9.209000000000000519e-01 9.271000000000000352e-01
9.202000000000000179e-01 9.273000000000000131e-01
9.207999999999999519e-01 9.267999999999999572e-01
9.205999999999999739e-01 9.261000000000000343e-01
9.203999999999999959e-01 9.261000000000000343e-01
9.205999999999999739e-01 9.260000000000000453e-01
9.203999999999999959e-01 9.258999999999999453e-01
9.199000000000000510e-01 9.257999999999999563e-01
9.194999999999999840e-01 9.253000000000000114e-01
9.200000000000000400e-01 9.256999999999999673e-01
9.197999999999999510e-01 9.256999999999999673e-01
9.203000000000000069e-01 9.257999999999999563e-01
9.203999999999999959e-01 9.263000000000000123e-01
9.209000000000000519e-01 9.268999999999999462e-01
9.199000000000000510e-01 9.270000000000000462e-01
9.201000000000000290e-01 9.276999999999999691e-01
9.202000000000000179e-01 9.270000000000000462e-01
9.202000000000000179e-01 9.265999999999999792e-01
9.194999999999999840e-01 9.268999999999999462e-01
9.193999999999999950e-01 9.271000000000000352e-01
9.192000000000000171e-01 9.266999999999999682e-01
9.191000000000000281e-01 9.264000000000000012e-01
9.191000000000000281e-01 9.264999999999999902e-01
9.195999999999999730e-01 9.254999999999999893e-01
9.202000000000000179e-01 9.258999999999999453e-01
9.193000000000000060e-01 9.264000000000000012e-01
9.192000000000000171e-01 9.260000000000000453e-01
9.200000000000000400e-01 9.254999999999999893e-01
9.193999999999999950e-01 9.254000000000000004e-01
9.191000000000000281e-01 9.264000000000000012e-01
9.194999999999999840e-01 9.264000000000000012e-01
9.193999999999999950e-01 9.260000000000000453e-01
9.193000000000000060e-01 9.264000000000000012e-01
9.193000000000000060e-01 9.264000000000000012e-01
9.191000000000000281e-01 9.262000000000000233e-01
9.192000000000000171e-01 9.261000000000000343e-01
9.194999999999999840e-01 9.257999999999999563e-01
9.195999999999999730e-01 9.254999999999999893e-01
9.204999999999999849e-01 9.261000000000000343e-01
9.205999999999999739e-01 9.264000000000000012e-01
9.199000000000000510e-01 9.258999999999999453e-01
9.196999999999999620e-01 9.261000000000000343e-01
9.200000000000000400e-01 9.265999999999999792e-01
9.201000000000000290e-01 9.264000000000000012e-01
9.199000000000000510e-01 9.271000000000000352e-01
9.197999999999999510e-01 9.267999999999999572e-01
9.203999999999999959e-01 9.260000000000000453e-01
9.205999999999999739e-01 9.264000000000000012e-01
9.202000000000000179e-01 9.267999999999999572e-01
9.201000000000000290e-01 9.272000000000000242e-01
9.203999999999999959e-01 9.267999999999999572e-01
9.201000000000000290e-01 9.265999999999999792e-01
9.203000000000000069e-01 9.260000000000000453e-01
9.202000000000000179e-01 9.268999999999999462e-01
9.206999999999999629e-01 9.268999999999999462e-01
9.201000000000000290e-01 9.268999999999999462e-01
9.202000000000000179e-01 9.271000000000000352e-01
9.205999999999999739e-01 9.264999999999999902e-01
9.202000000000000179e-01 9.271000000000000352e-01
9.203000000000000069e-01 9.268999999999999462e-01
9.206999999999999629e-01 9.265999999999999792e-01
9.205999999999999739e-01 9.264999999999999902e-01
9.204999999999999849e-01 9.264999999999999902e-01
9.203000000000000069e-01 9.264999999999999902e-01
9.193999999999999950e-01 9.265999999999999792e-01
9.201000000000000290e-01 9.267999999999999572e-01
9.197999999999999510e-01 9.266999999999999682e-01
9.203999999999999959e-01 9.267999999999999572e-01
9.199000000000000510e-01 9.266999999999999682e-01
9.196999999999999620e-01 9.260000000000000453e-01
9.193999999999999950e-01 9.262000000000000233e-01
9.200000000000000400e-01 9.264999999999999902e-01
9.203000000000000069e-01 9.257999999999999563e-01
9.200000000000000400e-01 9.258999999999999453e-01
9.193999999999999950e-01 9.255999999999999783e-01
9.197999999999999510e-01 9.258999999999999453e-01
9.210000000000000409e-01 9.260000000000000453e-01
9.199000000000000510e-01 9.261000000000000343e-01
9.203000000000000069e-01 9.256999999999999673e-01
9.201000000000000290e-01 9.254999999999999893e-01
9.203999999999999959e-01 9.254999999999999893e-01
9.201000000000000290e-01 9.261000000000000343e-01
9.199000000000000510e-01 9.256999999999999673e-01
9.193000000000000060e-01 9.256999999999999673e-01
9.201000000000000290e-01 9.253000000000000114e-01
9.201000000000000290e-01 9.254999999999999893e-01
9.199000000000000510e-01 9.254999999999999893e-01
9.203999999999999959e-01 9.254000000000000004e-01
9.209000000000000519e-01 9.255999999999999783e-01
9.205999999999999739e-01 9.253000000000000114e-01
9.209000000000000519e-01 9.255999999999999783e-01
9.209000000000000519e-01 9.256999999999999673e-01
9.211000000000000298e-01 9.255999999999999783e-01
9.209000000000000519e-01 9.252000000000000224e-01
9.206999999999999629e-01 9.246999999999999664e-01
9.206999999999999629e-01 9.245999999999999774e-01
9.207999999999999519e-01 9.250000000000000444e-01
9.206999999999999629e-01 9.251000000000000334e-01
9.213999999999999968e-01 9.255999999999999783e-01
9.213000000000000078e-01 9.257999999999999563e-01
9.213999999999999968e-01 9.253000000000000114e-01
9.214999999999999858e-01 9.254000000000000004e-01
9.217999999999999527e-01 9.256999999999999673e-01
9.220000000000000417e-01 9.261000000000000343e-01
9.214999999999999858e-01 9.261000000000000343e-01
9.213999999999999968e-01 9.260000000000000453e-01
9.210000000000000409e-01 9.255999999999999783e-01
9.210000000000000409e-01 9.254000000000000004e-01
9.210000000000000409e-01 9.250000000000000444e-01
9.210000000000000409e-01 9.251000000000000334e-01
9.209000000000000519e-01 9.254000000000000004e-01
9.206999999999999629e-01 9.255999999999999783e-01
9.207999999999999519e-01 9.262000000000000233e-01
9.207999999999999519e-01 9.263000000000000123e-01
9.209000000000000519e-01 9.258999999999999453e-01
9.213000000000000078e-01 9.258999999999999453e-01
9.215999999999999748e-01 9.254000000000000004e-01
9.226999999999999647e-01 9.256999999999999673e-01
9.220000000000000417e-01 9.258999999999999453e-01
9.223000000000000087e-01 9.252000000000000224e-01
9.220000000000000417e-01 9.257999999999999563e-01
9.213999999999999968e-01 9.267999999999999572e-01
9.220000000000000417e-01 9.264000000000000012e-01
9.216999999999999638e-01 9.264999999999999902e-01
9.219000000000000528e-01 9.264999999999999902e-01
9.210000000000000409e-01 9.272000000000000242e-01
9.215999999999999748e-01 9.274000000000000021e-01
9.215999999999999748e-01 9.268999999999999462e-01
9.221000000000000307e-01 9.258999999999999453e-01
9.220000000000000417e-01 9.264000000000000012e-01
9.223000000000000087e-01 9.265999999999999792e-01
9.216999999999999638e-01 9.263000000000000123e-01
9.216999999999999638e-01 9.264999999999999902e-01
9.220000000000000417e-01 9.261000000000000343e-01
9.216999999999999638e-01 9.260000000000000453e-01
9.222000000000000197e-01 9.260000000000000453e-01
9.221000000000000307e-01 9.253000000000000114e-01
9.222000000000000197e-01 9.253000000000000114e-01
9.221000000000000307e-01 9.255999999999999783e-01
9.221000000000000307e-01 9.260000000000000453e-01
9.215999999999999748e-01 9.253000000000000114e-01
9.217999999999999527e-01 9.252000000000000224e-01
9.217999999999999527e-01 9.261000000000000343e-01
9.214999999999999858e-01 9.265999999999999792e-01
9.223000000000000087e-01 9.261000000000000343e-01
9.213999999999999968e-01 9.257999999999999563e-01
9.213999999999999968e-01 9.254999999999999893e-01
9.219000000000000528e-01 9.250000000000000444e-01
9.214999999999999858e-01 9.239000000000000545e-01
9.207999999999999519e-01 9.245999999999999774e-01
9.213000000000000078e-01 9.245999999999999774e-01
9.213000000000000078e-01 9.242000000000000215e-01
9.211000000000000298e-01 9.245999999999999774e-01
9.206999999999999629e-01 9.245999999999999774e-01
9.211000000000000298e-01 9.253000000000000114e-01
9.207999999999999519e-01 9.251000000000000334e-01
9.203999999999999959e-01 9.249000000000000554e-01
9.206999999999999629e-01 9.249000000000000554e-01
9.212000000000000188e-01 9.242000000000000215e-01
9.209000000000000519e-01 9.244999999999999885e-01
9.201000000000000290e-01 9.243000000000000105e-01
9.212000000000000188e-01 9.242000000000000215e-01
9.213000000000000078e-01 9.240000000000000435e-01
9.209000000000000519e-01 9.237999999999999545e-01
9.211000000000000298e-01 9.239000000000000545e-01
9.212000000000000188e-01 9.246999999999999664e-01
9.205999999999999739e-01 9.243999999999999995e-01
9.199000000000000510e-01 9.242000000000000215e-01
9.202000000000000179e-01 9.246999999999999664e-01
9.201000000000000290e-01 9.253000000000000114e-01
9.204999999999999849e-01 9.249000000000000554e-01
9.205999999999999739e-01 9.244999999999999885e-01
9.210000000000000409e-01 9.243000000000000105e-01
9.202000000000000179e-01 9.246999999999999664e-01
9.206999999999999629e-01 9.246999999999999664e-01
9.213000000000000078e-01 9.242000000000000215e-01
9.210000000000000409e-01 9.242000000000000215e-01
9.212000000000000188e-01 9.244999999999999885e-01
9.213999999999999968e-01 9.243000000000000105e-01
9.215999999999999748e-01 9.246999999999999664e-01
9.217999999999999527e-01 9.244999999999999885e-01
9.225999999999999757e-01 9.249000000000000554e-01
9.220000000000000417e-01 9.247999999999999554e-01
9.221000000000000307e-01 9.250000000000000444e-01
9.223000000000000087e-01 9.249000000000000554e-01
9.223999999999999977e-01 9.245999999999999774e-01
9.224999999999999867e-01 9.250000000000000444e-01
9.222000000000000197e-01 9.255999999999999783e-01
9.213000000000000078e-01 9.250000000000000444e-01
9.213000000000000078e-01 9.254000000000000004e-01
9.216999999999999638e-01 9.254000000000000004e-01
9.217999999999999527e-01 9.254999999999999893e-01
9.219000000000000528e-01 9.251000000000000334e-01
9.220000000000000417e-01 9.252000000000000224e-01
9.221000000000000307e-01 9.251000000000000334e-01
9.220000000000000417e-01 9.246999999999999664e-01
9.213999999999999968e-01 9.245999999999999774e-01
9.214999999999999858e-01 9.247999999999999554e-01
9.211000000000000298e-01 9.247999999999999554e-01
9.211000000000000298e-01 9.250000000000000444e-01
9.213000000000000078e-01 9.243999999999999995e-01
9.209000000000000519e-01 9.247999999999999554e-01
9.203999999999999959e-01 9.239000000000000545e-01
9.204999999999999849e-01 9.240000000000000435e-01
9.204999999999999849e-01 9.235999999999999766e-01
9.206999999999999629e-01 9.240000000000000435e-01
9.201000000000000290e-01 9.245999999999999774e-01
9.202000000000000179e-01 9.244999999999999885e-01
9.204999999999999849e-01 9.241000000000000325e-01
9.201000000000000290e-01 9.240000000000000435e-01
9.201000000000000290e-01 9.243000000000000105e-01
9.207999999999999519e-01 9.240000000000000435e-01
9.203999999999999959e-01 9.236999999999999655e-01
9.206999999999999629e-01 9.243000000000000105e-01
9.203999999999999959e-01 9.245999999999999774e-01
9.202000000000000179e-01 9.243000000000000105e-01
9.204999999999999849e-01 9.243000000000000105e-01
9.200000000000000400e-01 9.246999999999999664e-01
9.204999999999999849e-01 9.247999999999999554e-01
9.199000000000000510e-01 9.246999999999999664e-01
9.201000000000000290e-01 9.249000000000000554e-01
9.201000000000000290e-01 9.252000000000000224e-01
9.204999999999999849e-01 9.243999999999999995e-01
9.205999999999999739e-01 9.251000000000000334e-01
9.203000000000000069e-01 9.243999999999999995e-01
9.202000000000000179e-01 9.243000000000000105e-01
9.203000000000000069e-01 9.244999999999999885e-01
9.205999999999999739e-01 9.246999999999999664e-01
9.202000000000000179e-01 9.251000000000000334e-01
9.195999999999999730e-01 9.253000000000000114e-01
9.197999999999999510e-01 9.246999999999999664e-01
9.200000000000000400e-01 9.245999999999999774e-01
9.201000000000000290e-01 9.246999999999999664e-01
9.201000000000000290e-01 9.244999999999999885e-01
9.201000000000000290e-01 9.242000000000000215e-01
9.203999999999999959e-01 9.244999999999999885e-01
9.210000000000000409e-01 9.247999999999999554e-01
9.206999999999999629e-01 9.243000000000000105e-01
9.205999999999999739e-01 9.246999999999999664e-01
9.203000000000000069e-01 9.249000000000000554e-01
9.204999999999999849e-01 9.254000000000000004e-01
9.205999999999999739e-01 9.250000000000000444e-01
9.199000000000000510e-01 9.247999999999999554e-01
9.199000000000000510e-01 9.249000000000000554e-01
9.199000000000000510e-01 9.243000000000000105e-01
9.195999999999999730e-01 9.244999999999999885e-01
9.195999999999999730e-01 9.250000000000000444e-01
9.196999999999999620e-01 9.251000000000000334e-01
9.203000000000000069e-01 9.243999999999999995e-01
9.204999999999999849e-01 9.244999999999999885e-01
9.205999999999999739e-01 9.247999999999999554e-01
9.202000000000000179e-01 9.245999999999999774e-01
9.193000000000000060e-01 9.253000000000000114e-01
9.192000000000000171e-01 9.245999999999999774e-01
9.194999999999999840e-01 9.250000000000000444e-01
9.192000000000000171e-01 9.244999999999999885e-01
9.192000000000000171e-01 9.243000000000000105e-01
9.191000000000000281e-01 9.241000000000000325e-01
9.190000000000000391e-01 9.241000000000000325e-01
9.186999999999999611e-01 9.241000000000000325e-01
9.183000000000000052e-01 9.243999999999999995e-01
9.190000000000000391e-01 9.241000000000000325e-01
9.192000000000000171e-01 9.246999999999999664e-01
9.190000000000000391e-01 9.242000000000000215e-01
9.190000000000000391e-01 9.241000000000000325e-01
9.192000000000000171e-01 9.244999999999999885e-01
9.195999999999999730e-01 9.243999999999999995e-01
9.187999999999999501e-01 9.243000000000000105e-01
9.187999999999999501e-01 9.253000000000000114e-01
9.192000000000000171e-01 9.244999999999999885e-01
9.196999999999999620e-01 9.250000000000000444e-01
9.203999999999999959e-01 9.253000000000000114e-01
9.200000000000000400e-01 9.253000000000000114e-01
9.202000000000000179e-01 9.247999999999999554e-01
9.204999999999999849e-01 9.250000000000000444e-01
9.196999999999999620e-01 9.246999999999999664e-01
9.193000000000000060e-01 9.251000000000000334e-01
9.195999999999999730e-01 9.249000000000000554e-01
9.199000000000000510e-01 9.244999999999999885e-01
9.196999999999999620e-01 9.244999999999999885e-01
9.202000000000000179e-01 9.253000000000000114e-01
9.191000000000000281e-01 9.245999999999999774e-01
9.187999999999999501e-01 9.245999999999999774e-01
9.186999999999999611e-01 9.246999999999999664e-01
9.186999999999999611e-01 9.245999999999999774e-01
9.193000000000000060e-01 9.245999999999999774e-01
9.191000000000000281e-01 9.242000000000000215e-01
9.192000000000000171e-01 9.244999999999999885e-01
9.197999999999999510e-01 9.239000000000000545e-01
9.192000000000000171e-01 9.242000000000000215e-01
9.193000000000000060e-01 9.243000000000000105e-01
9.190000000000000391e-01 9.242000000000000215e-01
9.196999999999999620e-01 9.239000000000000545e-01
9.200000000000000400e-01 9.243999999999999995e-01
9.195999999999999730e-01 9.239000000000000545e-01
9.192000000000000171e-01 9.240000000000000435e-01
9.195999999999999730e-01 9.236999999999999655e-01
9.193000000000000060e-01 9.233000000000000096e-01
9.187999999999999501e-01 9.240000000000000435e-01
9.194999999999999840e-01 9.243000000000000105e-01
9.192000000000000171e-01 9.239000000000000545e-01
9.192000000000000171e-01 9.242000000000000215e-01
9.191000000000000281e-01 9.240000000000000435e-01
9.193000000000000060e-01 9.243999999999999995e-01
9.192000000000000171e-01 9.244999999999999885e-01
9.194999999999999840e-01 9.251000000000000334e-01
9.196999999999999620e-01 9.251000000000000334e-01
9.204999999999999849e-01 9.252000000000000224e-01
9.195999999999999730e-01 9.251000000000000334e-01
9.196999999999999620e-01 9.243999999999999995e-01
9.200000000000000400e-01 9.246999999999999664e-01
9.193999999999999950e-01 9.245999999999999774e-01
9.192000000000000171e-01 9.242000000000000215e-01
9.195999999999999730e-01 9.244999999999999885e-01
9.199000000000000510e-01 9.243000000000000105e-01
9.197999999999999510e-01 9.243999999999999995e-01
9.194999999999999840e-01 9.243000000000000105e-01
9.193000000000000060e-01 9.242000000000000215e-01
9.193999999999999950e-01 9.239000000000000545e-01
9.192000000000000171e-01 9.239000000000000545e-01
9.192000000000000171e-01 9.240000000000000435e-01
9.189000000000000501e-01 9.246999999999999664e-01
9.186999999999999611e-01 9.243000000000000105e-01
9.191000000000000281e-01 9.245999999999999774e-01
9.190000000000000391e-01 9.243000000000000105e-01
9.197999999999999510e-01 9.243999999999999995e-01
9.194999999999999840e-01 9.244999999999999885e-01
9.191000000000000281e-01 9.245999999999999774e-01
9.191000000000000281e-01 9.241000000000000325e-01
9.187999999999999501e-01 9.245999999999999774e-01
9.189000000000000501e-01 9.246999999999999664e-01
9.183999999999999941e-01 9.251000000000000334e-01
9.184999999999999831e-01 9.246999999999999664e-01
9.190000000000000391e-01 9.249000000000000554e-01
9.187999999999999501e-01 9.243999999999999995e-01
9.192000000000000171e-01 9.241000000000000325e-01
9.189000000000000501e-01 9.241000000000000325e-01
9.193000000000000060e-01 9.239000000000000545e-01
9.195999999999999730e-01 9.243999999999999995e-01
9.191000000000000281e-01 9.249000000000000554e-01
9.190000000000000391e-01 9.249000000000000554e-01
9.193000000000000060e-01 9.246999999999999664e-01
9.184999999999999831e-01 9.246999999999999664e-01
9.190000000000000391e-01 9.252000000000000224e-01
9.191000000000000281e-01 9.245999999999999774e-01
9.190000000000000391e-01 9.249000000000000554e-01
9.183999999999999941e-01 9.254000000000000004e-01
9.182000000000000162e-01 9.249000000000000554e-01
9.187999999999999501e-01 9.249000000000000554e-01
9.187999999999999501e-01 9.252000000000000224e-01
9.187999999999999501e-01 9.254999999999999893e-01
9.189000000000000501e-01 9.250000000000000444e-01
9.184999999999999831e-01 9.244999999999999885e-01
9.183000000000000052e-01 9.246999999999999664e-01
9.183000000000000052e-01 9.250000000000000444e-01
9.180000000000000382e-01 9.256999999999999673e-01
9.183999999999999941e-01 9.254000000000000004e-01
9.183999999999999941e-01 9.251000000000000334e-01
9.183999999999999941e-01 9.255999999999999783e-01
9.183000000000000052e-01 9.257999999999999563e-01
9.189000000000000501e-01 9.262000000000000233e-01
9.185999999999999721e-01 9.261000000000000343e-01
9.193999999999999950e-01 9.256999999999999673e-01
9.203999999999999959e-01 9.257999999999999563e-01
9.193999999999999950e-01 9.255999999999999783e-01
9.186999999999999611e-01 9.256999999999999673e-01
9.190000000000000391e-01 9.257999999999999563e-01
9.191000000000000281e-01 9.256999999999999673e-01
9.186999999999999611e-01 9.257999999999999563e-01
9.193000000000000060e-01 9.260000000000000453e-01
9.191000000000000281e-01 9.264999999999999902e-01
9.183000000000000052e-01 9.260000000000000453e-01
9.183000000000000052e-01 9.258999999999999453e-01
9.193000000000000060e-01 9.258999999999999453e-01
9.192000000000000171e-01 9.257999999999999563e-01
9.193000000000000060e-01 9.258999999999999453e-01
9.193000000000000060e-01 9.257999999999999563e-01
9.194999999999999840e-01 9.254000000000000004e-01
9.194999999999999840e-01 9.249000000000000554e-01
9.197999999999999510e-01 9.243000000000000105e-01
9.200000000000000400e-01 9.242000000000000215e-01
9.192000000000000171e-01 9.243000000000000105e-01
9.195999999999999730e-01 9.243000000000000105e-01
9.191000000000000281e-01 9.235999999999999766e-01
9.193000000000000060e-01 9.234999999999999876e-01
9.193999999999999950e-01 9.241000000000000325e-01
9.191000000000000281e-01 9.243000000000000105e-01
9.193000000000000060e-01 9.244999999999999885e-01
9.193999999999999950e-01 9.245999999999999774e-01
9.193000000000000060e-01 9.245999999999999774e-01
9.192000000000000171e-01 9.241000000000000325e-01
9.184999999999999831e-01 9.243999999999999995e-01
9.190000000000000391e-01 9.241000000000000325e-01
9.183999999999999941e-01 9.239000000000000545e-01
9.189000000000000501e-01 9.252000000000000224e-01
9.191000000000000281e-01 9.253000000000000114e-01
9.189000000000000501e-01 9.247999999999999554e-01
9.186999999999999611e-01 9.244999999999999885e-01
9.185999999999999721e-01 9.249000000000000554e-01
9.186999999999999611e-01 9.249000000000000554e-01
9.187999999999999501e-01 9.246999999999999664e-01
9.189000000000000501e-01 9.243000000000000105e-01
9.183999999999999941e-01 9.240000000000000435e-01
9.187999999999999501e-01 9.233000000000000096e-01
9.187999999999999501e-01 9.231000000000000316e-01
9.186999999999999611e-01 9.232000000000000206e-01
9.191000000000000281e-01 9.242000000000000215e-01
9.193999999999999950e-01 9.236999999999999655e-01
9.191000000000000281e-01 9.233000000000000096e-01
9.193999999999999950e-01 9.236999999999999655e-01
9.191000000000000281e-01 9.239000000000000545e-01
9.195999999999999730e-01 9.237999999999999545e-01
9.191000000000000281e-01 9.243999999999999995e-01
9.184999999999999831e-01 9.234999999999999876e-01
9.186999999999999611e-01 9.242000000000000215e-01
9.189000000000000501e-01 9.243000000000000105e-01
9.189000000000000501e-01 9.235999999999999766e-01
9.193000000000000060e-01 9.243999999999999995e-01
9.190000000000000391e-01 9.239000000000000545e-01
9.187999999999999501e-01 9.243999999999999995e-01
9.185999999999999721e-01 9.242000000000000215e-01
9.190000000000000391e-01 9.243999999999999995e-01
9.196999999999999620e-01 9.243000000000000105e-01
9.193999999999999950e-01 9.243000000000000105e-01
9.196999999999999620e-01 9.247999999999999554e-01
9.193000000000000060e-01 9.241000000000000325e-01
9.193000000000000060e-01 9.241000000000000325e-01
9.196999999999999620e-01 9.241000000000000325e-01
9.199000000000000510e-01 9.234999999999999876e-01
9.200000000000000400e-01 9.246999999999999664e-01
9.201000000000000290e-01 9.243000000000000105e-01
9.197999999999999510e-01 9.242000000000000215e-01
9.203000000000000069e-01 9.242000000000000215e-01
9.203000000000000069e-01 9.244999999999999885e-01
9.203999999999999959e-01 9.243999999999999995e-01
9.195999999999999730e-01 9.243000000000000105e-01
9.201000000000000290e-01 9.243999999999999995e-01
9.204999999999999849e-01 9.237999999999999545e-01
9.203999999999999959e-01 9.240000000000000435e-01
9.201000000000000290e-01 9.243000000000000105e-01
9.202000000000000179e-01 9.240000000000000435e-01
9.204999999999999849e-01 9.243999999999999995e-01
9.203000000000000069e-01 9.244999999999999885e-01
9.203000000000000069e-01 9.244999999999999885e-01
9.200000000000000400e-01 9.249000000000000554e-01
9.194999999999999840e-01 9.251000000000000334e-01
9.196999999999999620e-01 9.243999999999999995e-01
9.196999999999999620e-01 9.253000000000000114e-01
9.193999999999999950e-01 9.253000000000000114e-01
9.191000000000000281e-01 9.246999999999999664e-01
9.193999999999999950e-01 9.249000000000000554e-01
9.189000000000000501e-01 9.243999999999999995e-01
9.193999999999999950e-01 9.242000000000000215e-01
9.194999999999999840e-01 9.244999999999999885e-01
9.189000000000000501e-01 9.250000000000000444e-01
9.187999999999999501e-01 9.249000000000000554e-01
9.189000000000000501e-01 9.251000000000000334e-01
9.189000000000000501e-01 9.246999999999999664e-01
9.192000000000000171e-01 9.249000000000000554e-01
9.193000000000000060e-01 9.249000000000000554e-01
9.193000000000000060e-01 9.243999999999999995e-01
9.191000000000000281e-01 9.247999999999999554e-01
9.191000000000000281e-01 9.251000000000000334e-01
9.183999999999999941e-01 9.249000000000000554e-01
9.182000000000000162e-01 9.245999999999999774e-01
9.182000000000000162e-01 9.245999999999999774e-01
9.181000000000000272e-01 9.245999999999999774e-01
9.183000000000000052e-01 9.242000000000000215e-01
9.182000000000000162e-01 9.245999999999999774e-01
9.180000000000000382e-01 9.251000000000000334e-01
9.187999999999999501e-01 9.249000000000000554e-01
9.183000000000000052e-01 9.242000000000000215e-01
9.183000000000000052e-01 9.250000000000000444e-01
9.176999999999999602e-01 9.246999999999999664e-01
9.186999999999999611e-01 9.243999999999999995e-01
9.183000000000000052e-01 9.249000000000000554e-01
9.185999999999999721e-01 9.253000000000000114e-01
9.193000000000000060e-01 9.251000000000000334e-01
9.197999999999999510e-01 9.254000000000000004e-01
9.193999999999999950e-01 9.246999999999999664e-01
9.192000000000000171e-01 9.245999999999999774e-01
9.193999999999999950e-01 9.245999999999999774e-01
9.192000000000000171e-01 9.251000000000000334e-01
9.193999999999999950e-01 9.254999999999999893e-01
9.196999999999999620e-01 9.255999999999999783e-01
9.194999999999999840e-01 9.251000000000000334e-01
9.194999999999999840e-01 9.256999999999999673e-01
9.193000000000000060e-01 9.253000000000000114e-01
9.193000000000000060e-01 9.253000000000000114e-01
9.196999999999999620e-01 9.260000000000000453e-01
9.195999999999999730e-01 9.251000000000000334e-01
9.194999999999999840e-01 9.258999999999999453e-01
9.194999999999999840e-01 9.258999999999999453e-01
9.193999999999999950e-01 9.253000000000000114e-01
9.194999999999999840e-01 9.262000000000000233e-01
9.192000000000000171e-01 9.261000000000000343e-01
9.196999999999999620e-01 9.261000000000000343e-01
9.195999999999999730e-01 9.257999999999999563e-01
9.200000000000000400e-01 9.254999999999999893e-01
9.202000000000000179e-01 9.253000000000000114e-01
9.199000000000000510e-01 9.251000000000000334e-01
9.199000000000000510e-01 9.254999999999999893e-01
9.192000000000000171e-01 9.250000000000000444e-01
9.189000000000000501e-01 9.247999999999999554e-01
9.193999999999999950e-01 9.254000000000000004e-01
9.194999999999999840e-01 9.245999999999999774e-01
9.194999999999999840e-01 9.242000000000000215e-01
9.201000000000000290e-01 9.239000000000000545e-01
9.197999999999999510e-01 9.239000000000000545e-01
9.197999999999999510e-01 9.239000000000000545e-01
9.200000000000000400e-01 9.243000000000000105e-01
9.200000000000000400e-01 9.243999999999999995e-01
9.203000000000000069e-01 9.242000000000000215e-01
9.203999999999999959e-01 9.240000000000000435e-01
9.203999999999999959e-01 9.233000000000000096e-01
9.203000000000000069e-01 9.240000000000000435e-01
9.207999999999999519e-01 9.237999999999999545e-01
9.203999999999999959e-01 9.233999999999999986e-01
9.200000000000000400e-01 9.231000000000000316e-01
9.201000000000000290e-01 9.233000000000000096e-01
9.201000000000000290e-01 9.232000000000000206e-01
9.191000000000000281e-01 9.232000000000000206e-01
9.195999999999999730e-01 9.240000000000000435e-01
9.193999999999999950e-01 9.233999999999999986e-01
9.191000000000000281e-01 9.233000000000000096e-01
9.191000000000000281e-01 9.235999999999999766e-01
9.193000000000000060e-01 9.235999999999999766e-01
9.194999999999999840e-01 9.235999999999999766e-01
9.197999999999999510e-01 9.237999999999999545e-01
9.195999999999999730e-01 9.243000000000000105e-01
9.193000000000000060e-01 9.243000000000000105e-01
9.186999999999999611e-01 9.240000000000000435e-01
9.193999999999999950e-01 9.243999999999999995e-01
9.196999999999999620e-01 9.239000000000000545e-01
9.195999999999999730e-01 9.239000000000000545e-01
9.196999999999999620e-01 9.237999999999999545e-01
9.193999999999999950e-01 9.243000000000000105e-01
9.193999999999999950e-01 9.240000000000000435e-01
9.195999999999999730e-01 9.234999999999999876e-01
9.196999999999999620e-01 9.243000000000000105e-01
9.195999999999999730e-01 9.240000000000000435e-01
9.192000000000000171e-01 9.231000000000000316e-01
9.193000000000000060e-01 9.229000000000000536e-01
9.200000000000000400e-01 9.230000000000000426e-01
9.196999999999999620e-01 9.227999999999999536e-01
9.195999999999999730e-01 9.223999999999999977e-01
9.199000000000000510e-01 9.227999999999999536e-01
9.195999999999999730e-01 9.232000000000000206e-01
9.199000000000000510e-01 9.232000000000000206e-01
9.202000000000000179e-01 9.230000000000000426e-01
9.199000000000000510e-01 9.227999999999999536e-01
9.194999999999999840e-01 9.230000000000000426e-01
9.201000000000000290e-01 9.234999999999999876e-01
9.197999999999999510e-01 9.233999999999999986e-01
9.203000000000000069e-01 9.233999999999999986e-01
9.200000000000000400e-01 9.232000000000000206e-01
9.195999999999999730e-01 9.232000000000000206e-01
9.196999999999999620e-01 9.225999999999999757e-01
9.190000000000000391e-01 9.223000000000000087e-01
9.189000000000000501e-01 9.230000000000000426e-01
9.193999999999999950e-01 9.225999999999999757e-01
9.191000000000000281e-01 9.229000000000000536e-01
9.201000000000000290e-01 9.227999999999999536e-01
9.197999999999999510e-01 9.226999999999999647e-01
9.195999999999999730e-01 9.230000000000000426e-01
9.194999999999999840e-01 9.227999999999999536e-01
9.197999999999999510e-01 9.225999999999999757e-01
9.202000000000000179e-01 9.223000000000000087e-01
9.193999999999999950e-01 9.230000000000000426e-01
9.196999999999999620e-01 9.235999999999999766e-01
9.194999999999999840e-01 9.234999999999999876e-01
9.199000000000000510e-01 9.235999999999999766e-01
9.199000000000000510e-01 9.233000000000000096e-01
9.197999999999999510e-01 9.232000000000000206e-01
9.196999999999999620e-01 9.239000000000000545e-01
9.191000000000000281e-01 9.235999999999999766e-01
9.191000000000000281e-01 9.236999999999999655e-01
9.189000000000000501e-01 9.233000000000000096e-01
9.190000000000000391e-01 9.234999999999999876e-01
9.191000000000000281e-01 9.229000000000000536e-01
9.191000000000000281e-01 9.237999999999999545e-01
9.190000000000000391e-01 9.236999999999999655e-01
9.191000000000000281e-01 9.240000000000000435e-01
9.193000000000000060e-01 9.243000000000000105e-01
9.191000000000000281e-01 9.236999999999999655e-01
9.191000000000000281e-01 9.240000000000000435e-01
9.190000000000000391e-01 9.251000000000000334e-01
9.191000000000000281e-01 9.247999999999999554e-01
9.195999999999999730e-01 9.244999999999999885e-01
9.193999999999999950e-01 9.252000000000000224e-01
9.189000000000000501e-01 9.244999999999999885e-01
9.191000000000000281e-01 9.254000000000000004e-01
9.193999999999999950e-01 9.254999999999999893e-01
9.191000000000000281e-01 9.252000000000000224e-01
9.194999999999999840e-01 9.249000000000000554e-01
9.190000000000000391e-01 9.246999999999999664e-01
9.193999999999999950e-01 9.249000000000000554e-01
9.185999999999999721e-01 9.257999999999999563e-01
9.189000000000000501e-01 9.257999999999999563e-01
9.192000000000000171e-01 9.264999999999999902e-01
9.194999999999999840e-01 9.258999999999999453e-01
9.197999999999999510e-01 9.262000000000000233e-01
9.196999999999999620e-01 9.253000000000000114e-01
9.197999999999999510e-01 9.256999999999999673e-01
9.196999999999999620e-01 9.255999999999999783e-01
9.195999999999999730e-01 9.256999999999999673e-01
9.200000000000000400e-01 9.258999999999999453e-01
9.197999999999999510e-01 9.262000000000000233e-01
9.199000000000000510e-01 9.258999999999999453e-01
9.199000000000000510e-01 9.263000000000000123e-01
9.194999999999999840e-01 9.264000000000000012e-01
9.197999999999999510e-01 9.264999999999999902e-01
9.197999999999999510e-01 9.266999999999999682e-01
9.193000000000000060e-01 9.272000000000000242e-01
9.193999999999999950e-01 9.267999999999999572e-01
9.194999999999999840e-01 9.271000000000000352e-01
9.194999999999999840e-01 9.271000000000000352e-01
9.194999999999999840e-01 9.268999999999999462e-01
9.201000000000000290e-01 9.270000000000000462e-01
9.194999999999999840e-01 9.274999999999999911e-01
9.201000000000000290e-01 9.275999999999999801e-01
9.196999999999999620e-01 9.272000000000000242e-01
9.194999999999999840e-01 9.272000000000000242e-01
9.193999999999999950e-01 9.273000000000000131e-01
9.195999999999999730e-01 9.273000000000000131e-01
9.191000000000000281e-01 9.268999999999999462e-01
9.192000000000000171e-01 9.267999999999999572e-01
9.189000000000000501e-01 9.267999999999999572e-01
9.190000000000000391e-01 9.271000000000000352e-01
9.189000000000000501e-01 9.270000000000000462e-01
9.189000000000000501e-01 9.273000000000000131e-01
9.192000000000000171e-01 9.272000000000000242e-01
9.189000000000000501e-01 9.275999999999999801e-01
9.196999999999999620e-01 9.270000000000000462e-01
9.193000000000000060e-01 9.274000000000000021e-01
9.186999999999999611e-01 9.277999999999999581e-01
9.192000000000000171e-01 9.275999999999999801e-01
9.194999999999999840e-01 9.272000000000000242e-01
9.197999999999999510e-01 9.272000000000000242e-01
9.197999999999999510e-01 9.276999999999999691e-01
9.195999999999999730e-01 9.275999999999999801e-01
9.201000000000000290e-01 9.274999999999999911e-01
9.202000000000000179e-01 9.271000000000000352e-01
9.205999999999999739e-01 9.272000000000000242e-01
9.203999999999999959e-01 9.278999999999999471e-01
9.207999999999999519e-01 9.278999999999999471e-01
9.205999999999999739e-01 9.276999999999999691e-01
9.204999999999999849e-01 9.278999999999999471e-01
9.204999999999999849e-01 9.272000000000000242e-01
9.202000000000000179e-01 9.277999999999999581e-01
9.197999999999999510e-01 9.275999999999999801e-01
9.199000000000000510e-01 9.280000000000000471e-01
9.202000000000000179e-01 9.284999999999999920e-01
9.202000000000000179e-01 9.284000000000000030e-01
9.203999999999999959e-01 9.284000000000000030e-01
9.203000000000000069e-01 9.290000000000000480e-01
9.201000000000000290e-01 9.287999999999999590e-01
9.207999999999999519e-01 9.285999999999999810e-01
9.207999999999999519e-01 9.285999999999999810e-01
9.207999999999999519e-01 9.290000000000000480e-01
9.213000000000000078e-01 9.291000000000000369e-01
9.213999999999999968e-01 9.288999999999999480e-01
9.212000000000000188e-01 9.287999999999999590e-01
9.211000000000000298e-01 9.290000000000000480e-01
9.211000000000000298e-01 9.293000000000000149e-01
9.214999999999999858e-01 9.293000000000000149e-01
9.214999999999999858e-01 9.294000000000000039e-01
9.212000000000000188e-01 9.295999999999999819e-01
9.213000000000000078e-01 9.300000000000000488e-01
9.210000000000000409e-01 9.293000000000000149e-01
9.213000000000000078e-01 9.291000000000000369e-01
9.213999999999999968e-01 9.287999999999999590e-01
9.216999999999999638e-01 9.287999999999999590e-01
9.220000000000000417e-01 9.286999999999999700e-01
9.222000000000000197e-01 9.288999999999999480e-01
9.219000000000000528e-01 9.287999999999999590e-01
9.220000000000000417e-01 9.283000000000000140e-01
9.219000000000000528e-01 9.287999999999999590e-01
9.221000000000000307e-01 9.275999999999999801e-01
9.226999999999999647e-01 9.280000000000000471e-01
9.223999999999999977e-01 9.280000000000000471e-01
9.221000000000000307e-01 9.280000000000000471e-01
9.219000000000000528e-01 9.274000000000000021e-01
9.217999999999999527e-01 9.283000000000000140e-01
9.220000000000000417e-01 9.280000000000000471e-01
9.225999999999999757e-01 9.281000000000000361e-01
9.220000000000000417e-01 9.277999999999999581e-01
9.215999999999999748e-01 9.275999999999999801e-01
9.214999999999999858e-01 9.277999999999999581e-01
9.219000000000000528e-01 9.275999999999999801e-01
9.220000000000000417e-01 9.271000000000000352e-01
9.217999999999999527e-01 9.274999999999999911e-01
9.215999999999999748e-01 9.271000000000000352e-01
9.220000000000000417e-01 9.274000000000000021e-01
9.223000000000000087e-01 9.270000000000000462e-01
9.219000000000000528e-01 9.266999999999999682e-01
9.220000000000000417e-01 9.270000000000000462e-01
9.223000000000000087e-01 9.265999999999999792e-01
9.219000000000000528e-01 9.266999999999999682e-01
9.214999999999999858e-01 9.266999999999999682e-01
9.214999999999999858e-01 9.264000000000000012e-01
9.214999999999999858e-01 9.265999999999999792e-01
9.216999999999999638e-01 9.261000000000000343e-01
9.220000000000000417e-01 9.267999999999999572e-01
9.222000000000000197e-01 9.263000000000000123e-01
9.220000000000000417e-01 9.265999999999999792e-01
9.223999999999999977e-01 9.264000000000000012e-01
9.215999999999999748e-01 9.265999999999999792e-01
9.216999999999999638e-01 9.267999999999999572e-01
9.212000000000000188e-01 9.264999999999999902e-01
9.213000000000000078e-01 9.265999999999999792e-01
9.220000000000000417e-01 9.274000000000000021e-01
9.221000000000000307e-01 9.271000000000000352e-01
9.223999999999999977e-01 9.274999999999999911e-01
9.223000000000000087e-01 9.276999999999999691e-01
9.221000000000000307e-01 9.276999999999999691e-01
9.223999999999999977e-01 9.276999999999999691e-01
9.215999999999999748e-01 9.280000000000000471e-01
9.213999999999999968e-01 9.280000000000000471e-01
9.221000000000000307e-01 9.276999999999999691e-01
9.223999999999999977e-01 9.274000000000000021e-01
9.224999999999999867e-01 9.275999999999999801e-01
9.224999999999999867e-01 9.268999999999999462e-01
9.222000000000000197e-01 9.266999999999999682e-01
9.217999999999999527e-01 9.273000000000000131e-01
9.213999999999999968e-01 9.272000000000000242e-01
9.215999999999999748e-01 9.268999999999999462e-01
9.216999999999999638e-01 9.274000000000000021e-01
9.219000000000000528e-01 9.271000000000000352e-01
9.216999999999999638e-01 9.270000000000000462e-01
9.215999999999999748e-01 9.272000000000000242e-01
9.214999999999999858e-01 9.276999999999999691e-01
9.215999999999999748e-01 9.274000000000000021e-01
9.222000000000000197e-01 9.276999999999999691e-01
9.223000000000000087e-01 9.275999999999999801e-01
9.222000000000000197e-01 9.278999999999999471e-01
9.222000000000000197e-01 9.276999999999999691e-01
9.225999999999999757e-01 9.277999999999999581e-01
9.227999999999999536e-01 9.277999999999999581e-01
9.225999999999999757e-01 9.275999999999999801e-01
9.230000000000000426e-01 9.278999999999999471e-01
9.231000000000000316e-01 9.276999999999999691e-01
9.225999999999999757e-01 9.284000000000000030e-01
9.223000000000000087e-01 9.283000000000000140e-01
9.223000000000000087e-01 9.282000000000000250e-01
9.227999999999999536e-01 9.287999999999999590e-01
9.223000000000000087e-01 9.284999999999999920e-01
9.227999999999999536e-01 9.283000000000000140e-01
9.225999999999999757e-01 9.284999999999999920e-01
9.225999999999999757e-01 9.282000000000000250e-01
9.220000000000000417e-01 9.281000000000000361e-01
9.221000000000000307e-01 9.280000000000000471e-01
9.220000000000000417e-01 9.292000000000000259e-01
9.223999999999999977e-01 9.287999999999999590e-01
9.230000000000000426e-01 9.285999999999999810e-01
9.230000000000000426e-01 9.286999999999999700e-01
9.224999999999999867e-01 9.286999999999999700e-01
9.224999999999999867e-01 9.284000000000000030e-01
9.224999999999999867e-01 9.282000000000000250e-01
9.230000000000000426e-01 9.282000000000000250e-01
9.226999999999999647e-01 9.276999999999999691e-01
9.223000000000000087e-01 9.274999999999999911e-01
9.224999999999999867e-01 9.276999999999999691e-01
9.230000000000000426e-01 9.272000000000000242e-01
9.231000000000000316e-01 9.281000000000000361e-01
9.226999999999999647e-01 9.278999999999999471e-01
9.226999999999999647e-01 9.276999999999999691e-01
9.233000000000000096e-01 9.276999999999999691e-01
9.227999999999999536e-01 9.274999999999999911e-01
9.226999999999999647e-01 9.275999999999999801e-01
9.236999999999999655e-01 9.280000000000000471e-01
9.233999999999999986e-01 9.283000000000000140e-01
9.239000000000000545e-01 9.281000000000000361e-01
9.234999999999999876e-01 9.280000000000000471e-01
9.237999999999999545e-01 9.291000000000000369e-01
9.239000000000000545e-01 9.293000000000000149e-01
9.243000000000000105e-01 9.294999999999999929e-01
9.246999999999999664e-01 9.292000000000000259e-01
9.240000000000000435e-01 9.288999999999999480e-01
9.240000000000000435e-01 9.290000000000000480e-01
9.239000000000000545e-01 9.288999999999999480e-01
9.234999999999999876e-01 9.285999999999999810e-01
9.242000000000000215e-01 9.284999999999999920e-01
9.236999999999999655e-01 9.283000000000000140e-01
9.235999999999999766e-01 9.284000000000000030e-01
9.241000000000000325e-01 9.283000000000000140e-01
9.239000000000000545e-01 9.282000000000000250e-01
9.236999999999999655e-01 9.275999999999999801e-01
9.240000000000000435e-01 9.277999999999999581e-01
9.237999999999999545e-01 9.281000000000000361e-01
9.235999999999999766e-01 9.280000000000000471e-01
9.235999999999999766e-01 9.280000000000000471e-01
9.233000000000000096e-01 9.284000000000000030e-01
9.236999999999999655e-01 9.281000000000000361e-01
9.240000000000000435e-01 9.281000000000000361e-01
9.236999999999999655e-01 9.276999999999999691e-01
9.239000000000000545e-01 9.272000000000000242e-01
9.242000000000000215e-01 9.272000000000000242e-01
9.240000000000000435e-01 9.271000000000000352e-01
9.240000000000000435e-01 9.273000000000000131e-01
9.235999999999999766e-01 9.273000000000000131e-01
9.233000000000000096e-01 9.271000000000000352e-01
9.233000000000000096e-01 9.280000000000000471e-01
9.231000000000000316e-01 9.278999999999999471e-01
9.227999999999999536e-01 9.283000000000000140e-01
9.227999999999999536e-01 9.286999999999999700e-01
9.230000000000000426e-01 9.285999999999999810e-01
9.229000000000000536e-01 9.281000000000000361e-01
9.225999999999999757e-01 9.285999999999999810e-01
9.223000000000000087e-01 9.281000000000000361e-01
9.223999999999999977e-01 9.284000000000000030e-01
9.226999999999999647e-01 9.283000000000000140e-01
9.223000000000000087e-01 9.284999999999999920e-01
9.224999999999999867e-01 9.284000000000000030e-01
9.230000000000000426e-01 9.285999999999999810e-01
9.227999999999999536e-01 9.288999999999999480e-01
9.223999999999999977e-01 9.286999999999999700e-01
9.226999999999999647e-01 9.285999999999999810e-01
9.234999999999999876e-01 9.292000000000000259e-01
9.232000000000000206e-01 9.286999999999999700e-01
9.227999999999999536e-01 9.293000000000000149e-01
9.225999999999999757e-01 9.294999999999999929e-01
9.229000000000000536e-01 9.292000000000000259e-01
9.229000000000000536e-01 9.291000000000000369e-01
9.227999999999999536e-01 9.291000000000000369e-01
9.227999999999999536e-01 9.293000000000000149e-01
9.233000000000000096e-01 9.287999999999999590e-01
9.232000000000000206e-01 9.286999999999999700e-01
9.232000000000000206e-01 9.284000000000000030e-01
9.232000000000000206e-01 9.285999999999999810e-01
9.226999999999999647e-01 9.288999999999999480e-01
9.233000000000000096e-01 9.287999999999999590e-01
9.237999999999999545e-01 9.286999999999999700e-01
9.237999999999999545e-01 9.286999999999999700e-01
9.240000000000000435e-01 9.286999999999999700e-01
9.233999999999999986e-01 9.293000000000000149e-01
9.234999999999999876e-01 9.285999999999999810e-01
9.235999999999999766e-01 9.281000000000000361e-01
9.234999999999999876e-01 9.284999999999999920e-01
9.233000000000000096e-01 9.292000000000000259e-01
9.239000000000000545e-01 9.288999999999999480e-01
9.236999999999999655e-01 9.288999999999999480e-01
9.239000000000000545e-01 9.284000000000000030e-01
9.237999999999999545e-01 9.284999999999999920e-01
9.234999999999999876e-01 9.288999999999999480e-01
9.234999999999999876e-01 9.284999999999999920e-01
9.233999999999999986e-01 9.284999999999999920e-01
9.233999999999999986e-01 9.277999999999999581e-01
9.236999999999999655e-01 9.284999999999999920e-01
9.234999999999999876e-01 9.277999999999999581e-01
9.243000000000000105e-01 9.275999999999999801e-01
9.234999999999999876e-01 9.276999999999999691e-01
9.235999999999999766e-01 9.275999999999999801e-01
9.232000000000000206e-01 9.283000000000000140e-01
9.236999999999999655e-01 9.272000000000000242e-01
9.237999999999999545e-01 9.274999999999999911e-01
9.239000000000000545e-01 9.272000000000000242e-01
9.234999999999999876e-01 9.274999999999999911e-01
9.236999999999999655e-01 9.271000000000000352e-01
9.240000000000000435e-01 9.268999999999999462e-01
9.235999999999999766e-01 9.271000000000000352e-01
9.235999999999999766e-01 9.274000000000000021e-01
9.231000000000000316e-01 9.272000000000000242e-01
9.223999999999999977e-01 9.271000000000000352e-01
9.224999999999999867e-01 9.272000000000000242e-01
9.226999999999999647e-01 9.265999999999999792e-01
9.217999999999999527e-01 9.266999999999999682e-01
9.221000000000000307e-01 9.268999999999999462e-01
9.221000000000000307e-01 9.272000000000000242e-01
9.222000000000000197e-01 9.275999999999999801e-01
9.216999999999999638e-01 9.281000000000000361e-01
9.222000000000000197e-01 9.273000000000000131e-01
9.222000000000000197e-01 9.276999999999999691e-01
9.215999999999999748e-01 9.277999999999999581e-01
9.214999999999999858e-01 9.277999999999999581e-01
9.222000000000000197e-01 9.274999999999999911e-01
9.214999999999999858e-01 9.275999999999999801e-01
9.212000000000000188e-01 9.282000000000000250e-01
9.217999999999999527e-01 9.282000000000000250e-01
9.222000000000000197e-01 9.287999999999999590e-01
9.220000000000000417e-01 9.285999999999999810e-01
9.213999999999999968e-01 9.286999999999999700e-01
9.219000000000000528e-01 9.287999999999999590e-01
9.217999999999999527e-01 9.291000000000000369e-01
9.226999999999999647e-01 9.284000000000000030e-01
9.217999999999999527e-01 9.284000000000000030e-01
9.217999999999999527e-01 9.283000000000000140e-01
9.217999999999999527e-01 9.283000000000000140e-01
9.225999999999999757e-01 9.284999999999999920e-01
9.220000000000000417e-01 9.288999999999999480e-01
9.221000000000000307e-01 9.287999999999999590e-01
9.224999999999999867e-01 9.286999999999999700e-01
9.223999999999999977e-01 9.284999999999999920e-01
9.222000000000000197e-01 9.282000000000000250e-01
9.225999999999999757e-01 9.276999999999999691e-01
9.221000000000000307e-01 9.280000000000000471e-01
9.223999999999999977e-01 9.275999999999999801e-01
9.223000000000000087e-01 9.270000000000000462e-01
9.223999999999999977e-01 9.278999999999999471e-01
9.226999999999999647e-01 9.276999999999999691e-01
9.221000000000000307e-01 9.276999999999999691e-01
9.220000000000000417e-01 9.274000000000000021e-01
9.221000000000000307e-01 9.270000000000000462e-01
9.225999999999999757e-01 9.277999999999999581e-01
9.224999999999999867e-01 9.277999999999999581e-01
9.223000000000000087e-01 9.275999999999999801e-01
9.213000000000000078e-01 9.274999999999999911e-01
9.213999999999999968e-01 9.275999999999999801e-01
9.211000000000000298e-01 9.274999999999999911e-01
9.206999999999999629e-01 9.276999999999999691e-01
9.213999999999999968e-01 9.277999999999999581e-01
9.213999999999999968e-01 9.274000000000000021e-01
9.214999999999999858e-01 9.278999999999999471e-01
9.211000000000000298e-01 9.278999999999999471e-01
9.211000000000000298e-01 9.280000000000000471e-01
9.217999999999999527e-01 9.278999999999999471e-01
9.219000000000000528e-01 9.280000000000000471e-01
9.220000000000000417e-01 9.282000000000000250e-01
9.220000000000000417e-01 9.275999999999999801e-01
9.224999999999999867e-01 9.272000000000000242e-01
9.219000000000000528e-01 9.274000000000000021e-01
9.223999999999999977e-01 9.273000000000000131e-01
9.223000000000000087e-01 9.270000000000000462e-01
9.224999999999999867e-01 9.270000000000000462e-01
9.223999999999999977e-01 9.271000000000000352e-01
9.220000000000000417e-01 9.268999999999999462e-01
9.217999999999999527e-01 9.268999999999999462e-01
9.219000000000000528e-01 9.267999999999999572e-01
9.216999999999999638e-01 9.268999999999999462e-01
9.217999999999999527e-01 9.272000000000000242e-01
9.221000000000000307e-01 9.273000000000000131e-01
9.217999999999999527e-01 9.268999999999999462e-01
9.220000000000000417e-01 9.267999999999999572e-01
9.219000000000000528e-01 9.268999999999999462e-01
9.221000000000000307e-01 9.268999999999999462e-01
9.221000000000000307e-01 9.270000000000000462e-01
9.215999999999999748e-01 9.271000000000000352e-01
9.221000000000000307e-01 9.271000000000000352e-01
9.219000000000000528e-01 9.267999999999999572e-01
9.225999999999999757e-01 9.264000000000000012e-01
9.220000000000000417e-01 9.267999999999999572e-01
9.223000000000000087e-01 9.266999999999999682e-01
9.223000000000000087e-01 9.263000000000000123e-01
9.226999999999999647e-01 9.261000000000000343e-01
9.225999999999999757e-01 9.262000000000000233e-01
9.227999999999999536e-01 9.260000000000000453e-01
9.227999999999999536e-01 9.264999999999999902e-01
9.223999999999999977e-01 9.264999999999999902e-01
9.226999999999999647e-01 9.262000000000000233e-01
9.227999999999999536e-01 9.264999999999999902e-01
9.233000000000000096e-01 9.266999999999999682e-01
9.233999999999999986e-01 9.261000000000000343e-01
9.231000000000000316e-01 9.261000000000000343e-01
9.231000000000000316e-01 9.262000000000000233e-01
9.229000000000000536e-01 9.262000000000000233e-01
9.227999999999999536e-01 9.262000000000000233e-01
9.237999999999999545e-01 9.264999999999999902e-01
9.239000000000000545e-01 9.264999999999999902e-01
9.236999999999999655e-01 9.262000000000000233e-01
9.237999999999999545e-01 9.264000000000000012e-01
9.233000000000000096e-01 9.263000000000000123e-01
9.230000000000000426e-01 9.258999999999999453e-01
9.233000000000000096e-01 9.261000000000000343e-01
9.234999999999999876e-01 9.263000000000000123e-01
9.242000000000000215e-01 9.263000000000000123e-01
9.242000000000000215e-01 9.258999999999999453e-01
9.239000000000000545e-01 9.264000000000000012e-01
9.235999999999999766e-01 9.265999999999999792e-01
9.240000000000000435e-01 9.262000000000000233e-01
9.240000000000000435e-01 9.262000000000000233e-01
9.240000000000000435e-01 9.263000000000000123e-01
9.235999999999999766e-01 9.262000000000000233e-01
9.237999999999999545e-01 9.260000000000000453e-01
9.236999999999999655e-01 9.263000000000000123e-01
9.239000000000000545e-01 9.266999999999999682e-01
9.243999999999999995e-01 9.263000000000000123e-01
9.242000000000000215e-01 9.264000000000000012e-01
9.237999999999999545e-01 9.264999999999999902e-01
9.237999999999999545e-01 9.265999999999999792e-01
9.247999999999999554e-01 9.264000000000000012e-01
9.243999999999999995e-01 9.270000000000000462e-01
9.246999999999999664e-01 9.271000000000000352e-01
9.245999999999999774e-01 9.270000000000000462e-01
9.245999999999999774e-01 9.274999999999999911e-01
9.251000000000000334e-01 9.272000000000000242e-01
9.246999999999999664e-01 9.272000000000000242e-01
9.246999999999999664e-01 9.274000000000000021e-01
9.246999999999999664e-01 9.274999999999999911e-01
9.243999999999999995e-01 9.275999999999999801e-01
9.236999999999999655e-01 9.281000000000000361e-01
9.241000000000000325e-01 9.278999999999999471e-01
9.240000000000000435e-01 9.277999999999999581e-01
9.234999999999999876e-01 9.274000000000000021e-01
9.233999999999999986e-01 9.272000000000000242e-01
9.237999999999999545e-01 9.273000000000000131e-01
9.237999999999999545e-01 9.273000000000000131e-01
9.235999999999999766e-01 9.272000000000000242e-01
9.229000000000000536e-01 9.274999999999999911e-01
9.233999999999999986e-01 9.274999999999999911e-01
9.236999999999999655e-01 9.272000000000000242e-01
9.239000000000000545e-01 9.274000000000000021e-01
9.243000000000000105e-01 9.273000000000000131e-01
9.242000000000000215e-01 9.268999999999999462e-01
9.233999999999999986e-01 9.272000000000000242e-01
9.225999999999999757e-01 9.274999999999999911e-01
9.233000000000000096e-01 9.276999999999999691e-01
9.233999999999999986e-01 9.270000000000000462e-01
9.233000000000000096e-01 9.266999999999999682e-01
9.233000000000000096e-01 9.266999999999999682e-01
9.233999999999999986e-01 9.270000000000000462e-01
9.239000000000000545e-01 9.267999999999999572e-01
9.239000000000000545e-01 9.274000000000000021e-01
9.240000000000000435e-01 9.274000000000000021e-01
9.235999999999999766e-01 9.268999999999999462e-01
9.233000000000000096e-01 9.266999999999999682e-01
9.227999999999999536e-01 9.270000000000000462e-01
9.230000000000000426e-01 9.268999999999999462e-01
9.225999999999999757e-01 9.272000000000000242e-01
9.216999999999999638e-01 9.276999999999999691e-01
9.220000000000000417e-01 9.273000000000000131e-01
9.222000000000000197e-01 9.274000000000000021e-01
9.223000000000000087e-01 9.276999999999999691e-01
9.223000000000000087e-01 9.270000000000000462e-01
9.223999999999999977e-01 9.268999999999999462e-01
9.219000000000000528e-01 9.273000000000000131e-01
9.219000000000000528e-01 9.274000000000000021e-01
9.215999999999999748e-01 9.272000000000000242e-01
9.214999999999999858e-01 9.276999999999999691e-01
9.213999999999999968e-01 9.273000000000000131e-01
9.212000000000000188e-01 9.275999999999999801e-01
9.217999999999999527e-01 9.274000000000000021e-01
9.219000000000000528e-01 9.274000000000000021e-01
9.216999999999999638e-01 9.276999999999999691e-01
9.220000000000000417e-01 9.277999999999999581e-01
9.214999999999999858e-01 9.273000000000000131e-01
9.213000000000000078e-01 9.278999999999999471e-01
9.222000000000000197e-01 9.278999999999999471e-01
9.215999999999999748e-01 9.277999999999999581e-01
9.215999999999999748e-01 9.275999999999999801e-01
9.216999999999999638e-01 9.281000000000000361e-01
9.213999999999999968e-01 9.276999999999999691e-01
9.213000000000000078e-01 9.274000000000000021e-01
9.211000000000000298e-01 9.274999999999999911e-01
9.213999999999999968e-01 9.277999999999999581e-01
9.213999999999999968e-01 9.276999999999999691e-01
9.209000000000000519e-01 9.271000000000000352e-01
9.213000000000000078e-01 9.274000000000000021e-01
9.213000000000000078e-01 9.277999999999999581e-01
9.215999999999999748e-01 9.274999999999999911e-01
9.214999999999999858e-01 9.270000000000000462e-01
9.213999999999999968e-01 9.274000000000000021e-01
9.214999999999999858e-01 9.276999999999999691e-01
9.221000000000000307e-01 9.276999999999999691e-01
9.220000000000000417e-01 9.267999999999999572e-01
9.219000000000000528e-01 9.267999999999999572e-01
9.221000000000000307e-01 9.266999999999999682e-01
9.227999999999999536e-01 9.264999999999999902e-01
9.226999999999999647e-01 9.268999999999999462e-01
9.226999999999999647e-01 9.264999999999999902e-01
9.226999999999999647e-01 9.265999999999999792e-01
9.232000000000000206e-01 9.265999999999999792e-01
9.230000000000000426e-01 9.261000000000000343e-01
9.231000000000000316e-01 9.262000000000000233e-01
9.229000000000000536e-01 9.260000000000000453e-01
9.230000000000000426e-01 9.263000000000000123e-01
9.234999999999999876e-01 9.266999999999999682e-01
9.234999999999999876e-01 9.266999999999999682e-01
9.231000000000000316e-01 9.268999999999999462e-01
9.229000000000000536e-01 9.270000000000000462e-01
9.229000000000000536e-01 9.270000000000000462e-01
9.231000000000000316e-01 9.265999999999999792e-01
9.237999999999999545e-01 9.271000000000000352e-01
9.234999999999999876e-01 9.272000000000000242e-01
9.237999999999999545e-01 9.272000000000000242e-01
9.234999999999999876e-01 9.274000000000000021e-01
9.230000000000000426e-01 9.264000000000000012e-01
9.234999999999999876e-01 9.264000000000000012e-01
9.239000000000000545e-01 9.260000000000000453e-01
9.234999999999999876e-01 9.264000000000000012e-01
9.233000000000000096e-01 9.264999999999999902e-01
9.229000000000000536e-01 9.266999999999999682e-01
9.230000000000000426e-01 9.270000000000000462e-01
9.234999999999999876e-01 9.267999999999999572e-01
9.229000000000000536e-01 9.262000000000000233e-01
9.227999999999999536e-01 9.263000000000000123e-01
9.227999999999999536e-01 9.264000000000000012e-01
9.223000000000000087e-01 9.264999999999999902e-01
9.221000000000000307e-01 9.260000000000000453e-01
9.222000000000000197e-01 9.264999999999999902e-01
9.227999999999999536e-01 9.266999999999999682e-01
9.229000000000000536e-01 9.262000000000000233e-01
9.221000000000000307e-01 9.263000000000000123e-01
9.223000000000000087e-01 9.261000000000000343e-01
9.224999999999999867e-01 9.258999999999999453e-01
9.225999999999999757e-01 9.260000000000000453e-01
9.224999999999999867e-01 9.258999999999999453e-01
9.219000000000000528e-01 9.261000000000000343e-01
9.223000000000000087e-01 9.252000000000000224e-01
9.222000000000000197e-01 9.254000000000000004e-01
9.217999999999999527e-01 9.254000000000000004e-01
9.220000000000000417e-01 9.255999999999999783e-01
9.221000000000000307e-01 9.256999999999999673e-01
9.225999999999999757e-01 9.255999999999999783e-01
9.225999999999999757e-01 9.261000000000000343e-01
9.234999999999999876e-01 9.264999999999999902e-01
9.234999999999999876e-01 9.262000000000000233e-01
9.243999999999999995e-01 9.265999999999999792e-01
9.242000000000000215e-01 9.270000000000000462e-01
9.240000000000000435e-01 9.270000000000000462e-01
9.244999999999999885e-01 9.264000000000000012e-01
9.242000000000000215e-01 9.264999999999999902e-01
9.241000000000000325e-01 9.267999999999999572e-01
9.242000000000000215e-01 9.271000000000000352e-01
9.242000000000000215e-01 9.273000000000000131e-01
9.243999999999999995e-01 9.274999999999999911e-01
9.239000000000000545e-01 9.268999999999999462e-01
9.245999999999999774e-01 9.264999999999999902e-01
9.241000000000000325e-01 9.263000000000000123e-01
9.243999999999999995e-01 9.271000000000000352e-01
9.237999999999999545e-01 9.270000000000000462e-01
9.243999999999999995e-01 9.265999999999999792e-01
9.249000000000000554e-01 9.267999999999999572e-01
9.245999999999999774e-01 9.264999999999999902e-01
9.243000000000000105e-01 9.271000000000000352e-01
9.239000000000000545e-01 9.270000000000000462e-01
9.241000000000000325e-01 9.274999999999999911e-01
9.240000000000000435e-01 9.275999999999999801e-01
9.239000000000000545e-01 9.274999999999999911e-01
9.245999999999999774e-01 9.277999999999999581e-01
9.243000000000000105e-01 9.278999999999999471e-01
9.235999999999999766e-01 9.272000000000000242e-01
9.236999999999999655e-01 9.274000000000000021e-01
9.236999999999999655e-01 9.272000000000000242e-01
9.236999999999999655e-01 9.273000000000000131e-01
9.237999999999999545e-01 9.272000000000000242e-01
9.241000000000000325e-01 9.273000000000000131e-01
9.241000000000000325e-01 9.273000000000000131e-01
9.243000000000000105e-01 9.270000000000000462e-01
9.236999999999999655e-01 9.270000000000000462e-01
9.237999999999999545e-01 9.268999999999999462e-01
9.237999999999999545e-01 9.270000000000000462e-01
9.241000000000000325e-01 9.265999999999999792e-01
9.243000000000000105e-01 9.274000000000000021e-01
9.235999999999999766e-01 9.270000000000000462e-01
9.235999999999999766e-01 9.274000000000000021e-01
9.235999999999999766e-01 9.277999999999999581e-01
9.242000000000000215e-01 9.274999999999999911e-01
9.243000000000000105e-01 9.275999999999999801e-01
9.241000000000000325e-01 9.275999999999999801e-01
9.241000000000000325e-01 9.275999999999999801e-01
9.237999999999999545e-01 9.275999999999999801e-01
9.236999999999999655e-01 9.267999999999999572e-01
9.236999999999999655e-01 9.268999999999999462e-01
9.231000000000000316e-01 9.272000000000000242e-01
9.223000000000000087e-01 9.274999999999999911e-01
9.229000000000000536e-01 9.273000000000000131e-01
9.226999999999999647e-01 9.276999999999999691e-01
9.233999999999999986e-01 9.274999999999999911e-01
9.232000000000000206e-01 9.274000000000000021e-01
9.235999999999999766e-01 9.265999999999999792e-01
9.231000000000000316e-01 9.271000000000000352e-01
9.224999999999999867e-01 9.268999999999999462e-01
9.227999999999999536e-01 9.274999999999999911e-01
9.232000000000000206e-01 9.275999999999999801e-01
9.235999999999999766e-01 9.273000000000000131e-01
9.241000000000000325e-01 9.278999999999999471e-01
9.237999999999999545e-01 9.276999999999999691e-01
9.237999999999999545e-01 9.276999999999999691e-01
9.232000000000000206e-01 9.271000000000000352e-01
9.236999999999999655e-01 9.273000000000000131e-01
9.233000000000000096e-01 9.271000000000000352e-01
9.235999999999999766e-01 9.266999999999999682e-01
9.233000000000000096e-01 9.265999999999999792e-01
9.232000000000000206e-01 9.270000000000000462e-01
9.235999999999999766e-01 9.268999999999999462e-01
9.233999999999999986e-01 9.266999999999999682e-01
9.239000000000000545e-01 9.261000000000000343e-01
9.240000000000000435e-01 9.263000000000000123e-01
9.239000000000000545e-01 9.261000000000000343e-01
9.239000000000000545e-01 9.258999999999999453e-01
9.233999999999999986e-01 9.264999999999999902e-01
9.235999999999999766e-01 9.254000000000000004e-01
9.237999999999999545e-01 9.261000000000000343e-01
9.231000000000000316e-01 9.263000000000000123e-01
9.234999999999999876e-01 9.258999999999999453e-01
9.240000000000000435e-01 9.262000000000000233e-01
9.230000000000000426e-01 9.264000000000000012e-01
9.233000000000000096e-01 9.265999999999999792e-01
9.231000000000000316e-01 9.262000000000000233e-01
9.227999999999999536e-01 9.262000000000000233e-01
9.223000000000000087e-01 9.264999999999999902e-01
9.224999999999999867e-01 9.267999999999999572e-01
9.227999999999999536e-01 9.265999999999999792e-01
9.229000000000000536e-01 9.268999999999999462e-01
9.233000000000000096e-01 9.266999999999999682e-01
9.235999999999999766e-01 9.266999999999999682e-01
9.239000000000000545e-01 9.264999999999999902e-01
9.241000000000000325e-01 9.267999999999999572e-01
9.235999999999999766e-01 9.264999999999999902e-01
9.233000000000000096e-01 9.264000000000000012e-01
9.232000000000000206e-01 9.267999999999999572e-01
9.236999999999999655e-01 9.267999999999999572e-01
9.233000000000000096e-01 9.264999999999999902e-01
9.231000000000000316e-01 9.264000000000000012e-01
9.233000000000000096e-01 9.267999999999999572e-01
9.233999999999999986e-01 9.267999999999999572e-01
9.234999999999999876e-01 9.266999999999999682e-01
9.233999999999999986e-01 9.270000000000000462e-01
9.240000000000000435e-01 9.264999999999999902e-01
9.235999999999999766e-01 9.262000000000000233e-01
9.243000000000000105e-01 9.256999999999999673e-01
9.243000000000000105e-01 9.258999999999999453e-01
9.240000000000000435e-01 9.264999999999999902e-01
9.237999999999999545e-01 9.265999999999999792e-01
9.237999999999999545e-01 9.262000000000000233e-01
9.237999999999999545e-01 9.262000000000000233e-01
9.237999999999999545e-01 9.262000000000000233e-01
9.232000000000000206e-01 9.264000000000000012e-01
9.236999999999999655e-01 9.262000000000000233e-01
9.235999999999999766e-01 9.264000000000000012e-01
9.240000000000000435e-01 9.263000000000000123e-01
9.240000000000000435e-01 9.264000000000000012e-01
9.232000000000000206e-01 9.266999999999999682e-01
9.232000000000000206e-01 9.268999999999999462e-01
9.234999999999999876e-01 9.270000000000000462e-01
9.237999999999999545e-01 9.276999999999999691e-01
9.241000000000000325e-01 9.272000000000000242e-01
9.235999999999999766e-01 9.263000000000000123e-01
9.235999999999999766e-01 9.267999999999999572e-01
9.237999999999999545e-01 9.272000000000000242e-01
9.234999999999999876e-01 9.274000000000000021e-01
9.241000000000000325e-01 9.273000000000000131e-01
9.237999999999999545e-01 9.274000000000000021e-01
9.237999999999999545e-01 9.272000000000000242e-01
9.240000000000000435e-01 9.264999999999999902e-01
9.237999999999999545e-01 9.265999999999999792e-01
9.237999999999999545e-01 9.264999999999999902e-01
9.235999999999999766e-01 9.274999999999999911e-01
9.240000000000000435e-01 9.268999999999999462e-01
9.243000000000000105e-01 9.266999999999999682e-01
9.241000000000000325e-01 9.264999999999999902e-01
9.235999999999999766e-01 9.264999999999999902e-01
9.236999999999999655e-01 9.266999999999999682e-01
9.229000000000000536e-01 9.272000000000000242e-01
9.233999999999999986e-01 9.270000000000000462e-01
9.232000000000000206e-01 9.266999999999999682e-01
9.232000000000000206e-01 9.266999999999999682e-01
9.231000000000000316e-01 9.265999999999999792e-01
9.235999999999999766e-01 9.267999999999999572e-01
9.236999999999999655e-01 9.264000000000000012e-01
9.235999999999999766e-01 9.258999999999999453e-01
9.241000000000000325e-01 9.264000000000000012e-01
9.237999999999999545e-01 9.264000000000000012e-01
9.242000000000000215e-01 9.263000000000000123e-01
9.243999999999999995e-01 9.260000000000000453e-01
9.240000000000000435e-01 9.262000000000000233e-01
9.239000000000000545e-01 9.258999999999999453e-01
9.239000000000000545e-01 9.257999999999999563e-01
9.236999999999999655e-01 9.266999999999999682e-01
9.237999999999999545e-01 9.263000000000000123e-01
9.236999999999999655e-01 9.266999999999999682e-01
9.245999999999999774e-01 9.265999999999999792e-01
9.243000000000000105e-01 9.272000000000000242e-01
9.242000000000000215e-01 9.265999999999999792e-01
9.240000000000000435e-01 9.265999999999999792e-01
9.233000000000000096e-01 9.268999999999999462e-01
9.221000000000000307e-01 9.266999999999999682e-01
9.224999999999999867e-01 9.271000000000000352e-01
9.231000000000000316e-01 9.262000000000000233e-01
9.227999999999999536e-01 9.264999999999999902e-01
9.227999999999999536e-01 9.274000000000000021e-01
9.223999999999999977e-01 9.274999999999999911e-01
9.229000000000000536e-01 9.278999999999999471e-01
9.224999999999999867e-01 9.276999999999999691e-01
9.227999999999999536e-01 9.274999999999999911e-01
9.222000000000000197e-01 9.274999999999999911e-01
9.222000000000000197e-01 9.271000000000000352e-01
9.226999999999999647e-01 9.267999999999999572e-01
9.225999999999999757e-01 9.266999999999999682e-01
9.231000000000000316e-01 9.268999999999999462e-01
9.233000000000000096e-01 9.272000000000000242e-01
9.232000000000000206e-01 9.263000000000000123e-01
9.233000000000000096e-01 9.265999999999999792e-01
9.232000000000000206e-01 9.270000000000000462e-01
9.229000000000000536e-01 9.266999999999999682e-01
9.232000000000000206e-01 9.264999999999999902e-01
9.235999999999999766e-01 9.265999999999999792e-01
9.230000000000000426e-01 9.274999999999999911e-01
9.234999999999999876e-01 9.268999999999999462e-01
9.226999999999999647e-01 9.268999999999999462e-01
9.227999999999999536e-01 9.277999999999999581e-01
9.234999999999999876e-01 9.273000000000000131e-01
9.236999999999999655e-01 9.273000000000000131e-01
9.233999999999999986e-01 9.274000000000000021e-01
9.239000000000000545e-01 9.274000000000000021e-01
9.243999999999999995e-01 9.284999999999999920e-01
9.240000000000000435e-01 9.282000000000000250e-01
9.241000000000000325e-01 9.277999999999999581e-01
9.241000000000000325e-01 9.272000000000000242e-01
9.241000000000000325e-01 9.270000000000000462e-01
9.236999999999999655e-01 9.276999999999999691e-01
9.236999999999999655e-01 9.273000000000000131e-01
9.234999999999999876e-01 9.274999999999999911e-01
9.237999999999999545e-01 9.274000000000000021e-01
9.236999999999999655e-01 9.276999999999999691e-01
9.240000000000000435e-01 9.274999999999999911e-01
9.246999999999999664e-01 9.274000000000000021e-01
9.235999999999999766e-01 9.271000000000000352e-01
9.234999999999999876e-01 9.272000000000000242e-01
9.236999999999999655e-01 9.272000000000000242e-01
9.241000000000000325e-01 9.274000000000000021e-01
9.235999999999999766e-01 9.275999999999999801e-01
9.237999999999999545e-01 9.280000000000000471e-01
9.240000000000000435e-01 9.274999999999999911e-01
9.242000000000000215e-01 9.282000000000000250e-01
9.243999999999999995e-01 9.282000000000000250e-01
9.242000000000000215e-01 9.275999999999999801e-01
9.244999999999999885e-01 9.274000000000000021e-01
9.241000000000000325e-01 9.273000000000000131e-01
9.243999999999999995e-01 9.276999999999999691e-01
9.243999999999999995e-01 9.280000000000000471e-01
9.239000000000000545e-01 9.274999999999999911e-01
9.239000000000000545e-01 9.274999999999999911e-01
9.241000000000000325e-01 9.274999999999999911e-01
9.242000000000000215e-01 9.271000000000000352e-01
9.241000000000000325e-01 9.277999999999999581e-01
9.243999999999999995e-01 9.270000000000000462e-01
9.244999999999999885e-01 9.281000000000000361e-01
9.252000000000000224e-01 9.270000000000000462e-01
9.251000000000000334e-01 9.271000000000000352e-01
9.246999999999999664e-01 9.271000000000000352e-01
9.247999999999999554e-01 9.272000000000000242e-01
9.246999999999999664e-01 9.271000000000000352e-01
9.249000000000000554e-01 9.268999999999999462e-01
9.254000000000000004e-01 9.274000000000000021e-01
9.254999999999999893e-01 9.274999999999999911e-01
9.252000000000000224e-01 9.268999999999999462e-01
9.252000000000000224e-01 9.265999999999999792e-01
9.256999999999999673e-01 9.267999999999999572e-01
9.254999999999999893e-01 9.273000000000000131e-01
9.254999999999999893e-01 9.274999999999999911e-01
9.245999999999999774e-01 9.270000000000000462e-01
9.249000000000000554e-01 9.270000000000000462e-01
9.246999999999999664e-01 9.272000000000000242e-01
9.249000000000000554e-01 9.274000000000000021e-01
9.242000000000000215e-01 9.275999999999999801e-01
9.244999999999999885e-01 9.276999999999999691e-01
9.243999999999999995e-01 9.281000000000000361e-01
9.246999999999999664e-01 9.277999999999999581e-01
9.243000000000000105e-01 9.284999999999999920e-01
9.243999999999999995e-01 9.280000000000000471e-01
9.247999999999999554e-01 9.284999999999999920e-01
9.254000000000000004e-01 9.282000000000000250e-01
9.249000000000000554e-01 9.278999999999999471e-01
9.243999999999999995e-01 9.276999999999999691e-01
9.246999999999999664e-01 9.274999999999999911e-01
9.247999999999999554e-01 9.275999999999999801e-01
9.249000000000000554e-01 9.267999999999999572e-01
9.249000000000000554e-01 9.271000000000000352e-01
9.246999999999999664e-01 9.271000000000000352e-01
9.249000000000000554e-01 9.271000000000000352e-01
9.244999999999999885e-01 9.270000000000000462e-01
9.246999999999999664e-01 9.271000000000000352e-01
9.245999999999999774e-01 9.268999999999999462e-01
9.253000000000000114e-01 9.270000000000000462e-01
9.253000000000000114e-01 9.278999999999999471e-01
9.254000000000000004e-01 9.271000000000000352e-01
9.250000000000000444e-01 9.277999999999999581e-01
9.247999999999999554e-01 9.276999999999999691e-01
9.245999999999999774e-01 9.277999999999999581e-01
9.236999999999999655e-01 9.280000000000000471e-01
9.237999999999999545e-01 9.278999999999999471e-01
9.235999999999999766e-01 9.278999999999999471e-01
9.235999999999999766e-01 9.278999999999999471e-01
9.240000000000000435e-01 9.278999999999999471e-01
9.240000000000000435e-01 9.274000000000000021e-01
9.237999999999999545e-01 9.280000000000000471e-01
9.240000000000000435e-01 9.281000000000000361e-01
9.241000000000000325e-01 9.283000000000000140e-01
9.243000000000000105e-01 9.278999999999999471e-01
9.245999999999999774e-01 9.278999999999999471e-01
9.244999999999999885e-01 9.276999999999999691e-01
9.243000000000000105e-01 9.282000000000000250e-01
9.243000000000000105e-01 9.284000000000000030e-01
9.245999999999999774e-01 9.287999999999999590e-01
9.246999999999999664e-01 9.287999999999999590e-01
9.252000000000000224e-01 9.291000000000000369e-01
9.247999999999999554e-01 9.294000000000000039e-01
9.243000000000000105e-01 9.291000000000000369e-01
9.241000000000000325e-01 9.285999999999999810e-01
9.242000000000000215e-01 9.286999999999999700e-01
9.239000000000000545e-01 9.282000000000000250e-01
9.247999999999999554e-01 9.282000000000000250e-01
9.245999999999999774e-01 9.284000000000000030e-01
9.241000000000000325e-01 9.284999999999999920e-01
9.243999999999999995e-01 9.285999999999999810e-01
9.252000000000000224e-01 9.284999999999999920e-01
9.249000000000000554e-01 9.283000000000000140e-01
9.249000000000000554e-01 9.282000000000000250e-01
9.246999999999999664e-01 9.284000000000000030e-01
9.243999999999999995e-01 9.281000000000000361e-01
9.246999999999999664e-01 9.281000000000000361e-01
9.247999999999999554e-01 9.276999999999999691e-01
9.242000000000000215e-01 9.276999999999999691e-01
9.251000000000000334e-01 9.275999999999999801e-01
9.244999999999999885e-01 9.274999999999999911e-01
9.245999999999999774e-01 9.276999999999999691e-01
9.244999999999999885e-01 9.276999999999999691e-01
9.247999999999999554e-01 9.273000000000000131e-01
9.247999999999999554e-01 9.270000000000000462e-01
9.251000000000000334e-01 9.274999999999999911e-01
9.249000000000000554e-01 9.270000000000000462e-01
9.242000000000000215e-01 9.274000000000000021e-01
9.242000000000000215e-01 9.274000000000000021e-01
9.242000000000000215e-01 9.271000000000000352e-01
9.236999999999999655e-01 9.274000000000000021e-01
9.235999999999999766e-01 9.268999999999999462e-01
9.234999999999999876e-01 9.266999999999999682e-01
9.227999999999999536e-01 9.273000000000000131e-01
9.232000000000000206e-01 9.267999999999999572e-01
9.227999999999999536e-01 9.274000000000000021e-01
9.233999999999999986e-01 9.274999999999999911e-01
9.229000000000000536e-01 9.276999999999999691e-01
9.232000000000000206e-01 9.278999999999999471e-01
9.227999999999999536e-01 9.278999999999999471e-01
9.231000000000000316e-01 9.276999999999999691e-01
9.230000000000000426e-01 9.276999999999999691e-01
9.236999999999999655e-01 9.276999999999999691e-01
9.233000000000000096e-01 9.275999999999999801e-01
9.236999999999999655e-01 9.281000000000000361e-01
9.241000000000000325e-01 9.282000000000000250e-01
9.234999999999999876e-01 9.281000000000000361e-01
9.241000000000000325e-01 9.278999999999999471e-01
9.241000000000000325e-01 9.276999999999999691e-01
9.241000000000000325e-01 9.280000000000000471e-01
9.239000000000000545e-01 9.277999999999999581e-01
9.239000000000000545e-01 9.278999999999999471e-01
9.242000000000000215e-01 9.278999999999999471e-01
9.243000000000000105e-01 9.280000000000000471e-01
9.242000000000000215e-01 9.278999999999999471e-01
9.245999999999999774e-01 9.282000000000000250e-01
9.242000000000000215e-01 9.275999999999999801e-01
9.243000000000000105e-01 9.283000000000000140e-01
9.241000000000000325e-01 9.280000000000000471e-01
9.243000000000000105e-01 9.276999999999999691e-01
9.246999999999999664e-01 9.274000000000000021e-01
9.249000000000000554e-01 9.284000000000000030e-01
9.246999999999999664e-01 9.275999999999999801e-01
9.242000000000000215e-01 9.282000000000000250e-01
9.241000000000000325e-01 9.286999999999999700e-01
9.237999999999999545e-01 9.285999999999999810e-01
9.236999999999999655e-01 9.284000000000000030e-01
9.233999999999999986e-01 9.274000000000000021e-01
9.239000000000000545e-01 9.274999999999999911e-01
9.236999999999999655e-01 9.272000000000000242e-01
9.235999999999999766e-01 9.274999999999999911e-01
9.235999999999999766e-01 9.274000000000000021e-01
9.224999999999999867e-01 9.274000000000000021e-01
9.233000000000000096e-01 9.270000000000000462e-01
9.233999999999999986e-01 9.268999999999999462e-01
9.232000000000000206e-01 9.270000000000000462e-01
9.234999999999999876e-01 9.272000000000000242e-01
9.232000000000000206e-01 9.274999999999999911e-01
9.232000000000000206e-01 9.276999999999999691e-01
9.234999999999999876e-01 9.275999999999999801e-01
9.233000000000000096e-01 9.275999999999999801e-01
9.239000000000000545e-01 9.278999999999999471e-01
9.237999999999999545e-01 9.273000000000000131e-01
9.237999999999999545e-01 9.284000000000000030e-01
9.236999999999999655e-01 9.285999999999999810e-01
9.236999999999999655e-01 9.287999999999999590e-01
9.243000000000000105e-01 9.284999999999999920e-01
9.235999999999999766e-01 9.293000000000000149e-01
9.233000000000000096e-01 9.290000000000000480e-01
9.232000000000000206e-01 9.291000000000000369e-01
9.232000000000000206e-01 9.291000000000000369e-01
9.227999999999999536e-01 9.288999999999999480e-01
9.226999999999999647e-01 9.286999999999999700e-01
9.229000000000000536e-01 9.287999999999999590e-01
9.229000000000000536e-01 9.290000000000000480e-01
9.237999999999999545e-01 9.292000000000000259e-01
9.237999999999999545e-01 9.294000000000000039e-01
9.237999999999999545e-01 9.294999999999999929e-01
9.237999999999999545e-01 9.295999999999999819e-01
9.243000000000000105e-01 9.294999999999999929e-01
9.243999999999999995e-01 9.292000000000000259e-01
9.243000000000000105e-01 9.292000000000000259e-01
9.244999999999999885e-01 9.288999999999999480e-01
9.242000000000000215e-01 9.294999999999999929e-01
9.244999999999999885e-01 9.292000000000000259e-01
9.243000000000000105e-01 9.293000000000000149e-01
9.241000000000000325e-01 9.294000000000000039e-01
9.242000000000000215e-01 9.293000000000000149e-01
9.242000000000000215e-01 9.286999999999999700e-01
9.243000000000000105e-01 9.287999999999999590e-01
9.240000000000000435e-01 9.284000000000000030e-01
9.235999999999999766e-01 9.284000000000000030e-01
9.243000000000000105e-01 9.284999999999999920e-01
9.235999999999999766e-01 9.283000000000000140e-01
9.237999999999999545e-01 9.283000000000000140e-01
9.237999999999999545e-01 9.283000000000000140e-01
9.241000000000000325e-01 9.277999999999999581e-01
9.236999999999999655e-01 9.283000000000000140e-01
9.237999999999999545e-01 9.285999999999999810e-01
9.237999999999999545e-01 9.284000000000000030e-01
9.233999999999999986e-01 9.281000000000000361e-01
9.231000000000000316e-01 9.283000000000000140e-01
9.226999999999999647e-01 9.283000000000000140e-01
9.229000000000000536e-01 9.286999999999999700e-01
9.226999999999999647e-01 9.284000000000000030e-01
9.231000000000000316e-01 9.287999999999999590e-01
9.229000000000000536e-01 9.282000000000000250e-01
9.229000000000000536e-01 9.280000000000000471e-01
9.231000000000000316e-01 9.286999999999999700e-01
9.227999999999999536e-01 9.287999999999999590e-01
9.229000000000000536e-01 9.285999999999999810e-01
9.221000000000000307e-01 9.287999999999999590e-01
9.226999999999999647e-01 9.281000000000000361e-01
9.231000000000000316e-01 9.278999999999999471e-01
9.224999999999999867e-01 9.278999999999999471e-01
9.223000000000000087e-01 9.281000000000000361e-01
9.227999999999999536e-01 9.284000000000000030e-01
9.229000000000000536e-01 9.282000000000000250e-01
9.227999999999999536e-01 9.284999999999999920e-01
9.229000000000000536e-01 9.285999999999999810e-01
9.233000000000000096e-01 9.285999999999999810e-01
9.236999999999999655e-01 9.285999999999999810e-01
9.233999999999999986e-01 9.282000000000000250e-01
9.240000000000000435e-01 9.282000000000000250e-01
9.241000000000000325e-01 9.282000000000000250e-01
9.241000000000000325e-01 9.281000000000000361e-01
9.243000000000000105e-01 9.276999999999999691e-01
9.239000000000000545e-01 9.278999999999999471e-01
9.237999999999999545e-01 9.283000000000000140e-01
9.241000000000000325e-01 9.281000000000000361e-01
9.243000000000000105e-01 9.275999999999999801e-01
9.244999999999999885e-01 9.282000000000000250e-01
9.243999999999999995e-01 9.284000000000000030e-01
9.243999999999999995e-01 9.286999999999999700e-01
9.249000000000000554e-01 9.280000000000000471e-01
9.249000000000000554e-01 9.281000000000000361e-01
9.252000000000000224e-01 9.282000000000000250e-01
9.249000000000000554e-01 9.285999999999999810e-01
9.243999999999999995e-01 9.285999999999999810e-01
9.234999999999999876e-01 9.283000000000000140e-01
9.240000000000000435e-01 9.288999999999999480e-01
9.243000000000000105e-01 9.293000000000000149e-01
9.239000000000000545e-01 9.293000000000000149e-01
9.242000000000000215e-01 9.288999999999999480e-01
9.237999999999999545e-01 9.288999999999999480e-01
9.237999999999999545e-01 9.291000000000000369e-01
9.241000000000000325e-01 9.292000000000000259e-01
9.243000000000000105e-01 9.286999999999999700e-01
9.242000000000000215e-01 9.291000000000000369e-01
9.240000000000000435e-01 9.291000000000000369e-01
9.235999999999999766e-01 9.284999999999999920e-01
9.234999999999999876e-01 9.282000000000000250e-01
9.236999999999999655e-01 9.281000000000000361e-01
9.241000000000000325e-01 9.283000000000000140e-01
9.241000000000000325e-01 9.282000000000000250e-01
9.243999999999999995e-01 9.284000000000000030e-01
9.240000000000000435e-01 9.284000000000000030e-01
9.233000000000000096e-01 9.282000000000000250e-01
9.233000000000000096e-01 9.287999999999999590e-01
9.230000000000000426e-01 9.284000000000000030e-01
9.229000000000000536e-01 9.283000000000000140e-01
9.229000000000000536e-01 9.275999999999999801e-01
9.232000000000000206e-01 9.276999999999999691e-01
9.231000000000000316e-01 9.278999999999999471e-01
9.229000000000000536e-01 9.281000000000000361e-01
9.222000000000000197e-01 9.282000000000000250e-01
9.225999999999999757e-01 9.282000000000000250e-01
9.220000000000000417e-01 9.280000000000000471e-01
9.214999999999999858e-01 9.275999999999999801e-01
9.221000000000000307e-01 9.280000000000000471e-01
9.224999999999999867e-01 9.283000000000000140e-01
9.223999999999999977e-01 9.284000000000000030e-01
9.226999999999999647e-01 9.284000000000000030e-01
9.227999999999999536e-01 9.286999999999999700e-01
9.227999999999999536e-01 9.284000000000000030e-01
9.227999999999999536e-01 9.285999999999999810e-01
9.231000000000000316e-01 9.284999999999999920e-01
9.229000000000000536e-01 9.284999999999999920e-01
9.235999999999999766e-01 9.284999999999999920e-01
9.231000000000000316e-01 9.290000000000000480e-01
9.230000000000000426e-01 9.285999999999999810e-01
9.232000000000000206e-01 9.287999999999999590e-01
9.233000000000000096e-01 9.286999999999999700e-01
9.231000000000000316e-01 9.288999999999999480e-01
9.239000000000000545e-01 9.291000000000000369e-01
9.231000000000000316e-01 9.285999999999999810e-01
9.233000000000000096e-01 9.287999999999999590e-01
9.233000000000000096e-01 9.287999999999999590e-01
9.232000000000000206e-01 9.288999999999999480e-01
9.232000000000000206e-01 9.292000000000000259e-01
9.235999999999999766e-01 9.291000000000000369e-01
9.233999999999999986e-01 9.292000000000000259e-01
9.233000000000000096e-01 9.288999999999999480e-01
9.237999999999999545e-01 9.285999999999999810e-01
9.235999999999999766e-01 9.286999999999999700e-01
9.233999999999999986e-01 9.284000000000000030e-01
9.236999999999999655e-01 9.288999999999999480e-01
9.229000000000000536e-01 9.288999999999999480e-01
9.234999999999999876e-01 9.287999999999999590e-01
9.229000000000000536e-01 9.286999999999999700e-01
9.229000000000000536e-01 9.291000000000000369e-01
9.229000000000000536e-01 9.288999999999999480e-01
9.227999999999999536e-01 9.294000000000000039e-01
9.233000000000000096e-01 9.294999999999999929e-01
9.232000000000000206e-01 9.287999999999999590e-01
9.231000000000000316e-01 9.293000000000000149e-01
9.226999999999999647e-01 9.292000000000000259e-01
9.231000000000000316e-01 9.288999999999999480e-01
9.235999999999999766e-01 9.290000000000000480e-01
9.234999999999999876e-01 9.290000000000000480e-01
9.233000000000000096e-01 9.292000000000000259e-01
9.229000000000000536e-01 9.292000000000000259e-01
9.229000000000000536e-01 9.290000000000000480e-01
9.229000000000000536e-01 9.286999999999999700e-01
9.227999999999999536e-01 9.292000000000000259e-01
9.230000000000000426e-01 9.287999999999999590e-01
9.231000000000000316e-01 9.290000000000000480e-01
9.233000000000000096e-01 9.290000000000000480e-01
9.235999999999999766e-01 9.294000000000000039e-01
9.230000000000000426e-01 9.293000000000000149e-01
9.234999999999999876e-01 9.286999999999999700e-01
9.233999999999999986e-01 9.287999999999999590e-01
9.240000000000000435e-01 9.287999999999999590e-01
9.243000000000000105e-01 9.291000000000000369e-01
9.242000000000000215e-01 9.286999999999999700e-01
9.243999999999999995e-01 9.286999999999999700e-01
9.241000000000000325e-01 9.292000000000000259e-01
9.244999999999999885e-01 9.294999999999999929e-01
9.234999999999999876e-01 9.291000000000000369e-01
9.244999999999999885e-01 9.295999999999999819e-01
9.239000000000000545e-01 9.288999999999999480e-01
9.243000000000000105e-01 9.290000000000000480e-01
9.236999999999999655e-01 9.292000000000000259e-01
9.243000000000000105e-01 9.287999999999999590e-01
9.240000000000000435e-01 9.285999999999999810e-01
9.243999999999999995e-01 9.285999999999999810e-01
9.249000000000000554e-01 9.285999999999999810e-01
9.250000000000000444e-01 9.291000000000000369e-01
9.242000000000000215e-01 9.293000000000000149e-01
9.245999999999999774e-01 9.287999999999999590e-01
9.241000000000000325e-01 9.295999999999999819e-01
9.243999999999999995e-01 9.294999999999999929e-01
9.245999999999999774e-01 9.286999999999999700e-01
9.247999999999999554e-01 9.291000000000000369e-01
9.252000000000000224e-01 9.294000000000000039e-01
9.250000000000000444e-01 9.294000000000000039e-01
9.252000000000000224e-01 9.295999999999999819e-01
9.246999999999999664e-01 9.291000000000000369e-01
9.252000000000000224e-01 9.294999999999999929e-01
9.252000000000000224e-01 9.293000000000000149e-01
9.252000000000000224e-01 9.294999999999999929e-01
9.251000000000000334e-01 9.290000000000000480e-01
9.252000000000000224e-01 9.288999999999999480e-01
9.251000000000000334e-01 9.296999999999999709e-01
9.254000000000000004e-01 9.297999999999999599e-01
9.254999999999999893e-01 9.301000000000000378e-01
9.244999999999999885e-01 9.294999999999999929e-01
9.243000000000000105e-01 9.292000000000000259e-01
9.249000000000000554e-01 9.294000000000000039e-01
9.246999999999999664e-01 9.293000000000000149e-01
9.247999999999999554e-01 9.292000000000000259e-01
9.249000000000000554e-01 9.296999999999999709e-01
9.246999999999999664e-01 9.294000000000000039e-01
9.246999999999999664e-01 9.295999999999999819e-01
9.245999999999999774e-01 9.302000000000000268e-01
9.247999999999999554e-01 9.292000000000000259e-01
9.246999999999999664e-01 9.294999999999999929e-01
9.246999999999999664e-01 9.294000000000000039e-01
9.245999999999999774e-01 9.295999999999999819e-01
9.241000000000000325e-01 9.293000000000000149e-01
9.243999999999999995e-01 9.291000000000000369e-01
9.242000000000000215e-01 9.294000000000000039e-01
9.244999999999999885e-01 9.294000000000000039e-01
9.243999999999999995e-01 9.295999999999999819e-01
9.245999999999999774e-01 9.300000000000000488e-01
9.246999999999999664e-01 9.297999999999999599e-01
9.243999999999999995e-01 9.303000000000000158e-01
9.243000000000000105e-01 9.298999999999999488e-01
9.244999999999999885e-01 9.304999999999999938e-01
9.244999999999999885e-01 9.297999999999999599e-01
9.246999999999999664e-01 9.305999999999999828e-01
9.250000000000000444e-01 9.308999999999999497e-01
9.247999999999999554e-01 9.308999999999999497e-01
9.243999999999999995e-01 9.310000000000000497e-01
9.246999999999999664e-01 9.306999999999999718e-01
9.253000000000000114e-01 9.304000000000000048e-01
9.249000000000000554e-01 9.307999999999999607e-01
9.247999999999999554e-01 9.310000000000000497e-01
9.245999999999999774e-01 9.308999999999999497e-01
9.245999999999999774e-01 9.314000000000000057e-01
9.245999999999999774e-01 9.310000000000000497e-01
9.243999999999999995e-01 9.312000000000000277e-01
9.241000000000000325e-01 9.307999999999999607e-01
9.245999999999999774e-01 9.311000000000000387e-01
9.243000000000000105e-01 9.310000000000000497e-01
9.243999999999999995e-01 9.310000000000000497e-01
9.245999999999999774e-01 9.308999999999999497e-01
9.250000000000000444e-01 9.312000000000000277e-01
9.249000000000000554e-01 9.314000000000000057e-01
9.244999999999999885e-01 9.308999999999999497e-01
9.247999999999999554e-01 9.306999999999999718e-01
9.246999999999999664e-01 9.303000000000000158e-01
9.247999999999999554e-01 9.304000000000000048e-01
9.247999999999999554e-01 9.305999999999999828e-01
9.250000000000000444e-01 9.311000000000000387e-01
9.253000000000000114e-01 9.305999999999999828e-01
9.253000000000000114e-01 9.306999999999999718e-01
9.254999999999999893e-01 9.310000000000000497e-01
9.252000000000000224e-01 9.311000000000000387e-01
9.254000000000000004e-01 9.301000000000000378e-01
9.250000000000000444e-01 9.302000000000000268e-01
9.251000000000000334e-01 9.301000000000000378e-01
9.252000000000000224e-01 9.301000000000000378e-01
9.251000000000000334e-01 9.301000000000000378e-01
9.250000000000000444e-01 9.303000000000000158e-01
9.246999999999999664e-01 9.300000000000000488e-01
9.247999999999999554e-01 9.298999999999999488e-01
9.249000000000000554e-01 9.298999999999999488e-01
9.253000000000000114e-01 9.296999999999999709e-01
9.254999999999999893e-01 9.302000000000000268e-01
9.251000000000000334e-01 9.302000000000000268e-01
9.246999999999999664e-01 9.305999999999999828e-01
9.251000000000000334e-01 9.305999999999999828e-01
9.249000000000000554e-01 9.301000000000000378e-01
9.250000000000000444e-01 9.302000000000000268e-01
9.247999999999999554e-01 9.301000000000000378e-01
9.250000000000000444e-01 9.303000000000000158e-01
9.249000000000000554e-01 9.300000000000000488e-01
9.246999999999999664e-01 9.304000000000000048e-01
9.250000000000000444e-01 9.298999999999999488e-01
9.249000000000000554e-01 9.297999999999999599e-01
9.251000000000000334e-01 9.295999999999999819e-01
9.256999999999999673e-01 9.298999999999999488e-01
9.250000000000000444e-01 9.296999999999999709e-01
9.247999999999999554e-01 9.300000000000000488e-01
9.249000000000000554e-01 9.300000000000000488e-01
9.244999999999999885e-01 9.301000000000000378e-01
9.243999999999999995e-01 9.296999999999999709e-01
9.246999999999999664e-01 9.296999999999999709e-01
9.243000000000000105e-01 9.300000000000000488e-01
9.245999999999999774e-01 9.298999999999999488e-01
9.240000000000000435e-01 9.300000000000000488e-01
9.242000000000000215e-01 9.295999999999999819e-01
9.241000000000000325e-01 9.294999999999999929e-01
9.247999999999999554e-01 9.295999999999999819e-01
9.244999999999999885e-01 9.294999999999999929e-01
9.239000000000000545e-01 9.293000000000000149e-01
9.247999999999999554e-01 9.295999999999999819e-01
9.247999999999999554e-01 9.295999999999999819e-01
9.249000000000000554e-01 9.294999999999999929e-01
9.252000000000000224e-01 9.288999999999999480e-01
9.247999999999999554e-01 9.292000000000000259e-01
9.244999999999999885e-01 9.292000000000000259e-01
9.242000000000000215e-01 9.294999999999999929e-01
9.243999999999999995e-01 9.297999999999999599e-01
9.242000000000000215e-01 9.298999999999999488e-01
9.243999999999999995e-01 9.305999999999999828e-01
9.241000000000000325e-01 9.298999999999999488e-01
9.242000000000000215e-01 9.300000000000000488e-01
9.235999999999999766e-01 9.298999999999999488e-01
9.236999999999999655e-01 9.297999999999999599e-01
9.230000000000000426e-01 9.301000000000000378e-01
9.235999999999999766e-01 9.298999999999999488e-01
9.235999999999999766e-01 9.296999999999999709e-01
9.234999999999999876e-01 9.300000000000000488e-01
9.242000000000000215e-01 9.296999999999999709e-01
9.242000000000000215e-01 9.292000000000000259e-01
9.241000000000000325e-01 9.298999999999999488e-01
9.236999999999999655e-01 9.302000000000000268e-01
9.244999999999999885e-01 9.297999999999999599e-01
9.239000000000000545e-01 9.296999999999999709e-01
9.241000000000000325e-01 9.294999999999999929e-01
9.242000000000000215e-01 9.294000000000000039e-01
9.239000000000000545e-01 9.295999999999999819e-01
9.234999999999999876e-01 9.301000000000000378e-01
9.233999999999999986e-01 9.305999999999999828e-01
9.239000000000000545e-01 9.308999999999999497e-01
9.233999999999999986e-01 9.300000000000000488e-01
9.236999999999999655e-01 9.301000000000000378e-01
9.237999999999999545e-01 9.301000000000000378e-01
9.233999999999999986e-01 9.297999999999999599e-01
9.233000000000000096e-01 9.298999999999999488e-01
9.235999999999999766e-01 9.291000000000000369e-01
9.240000000000000435e-01 9.288999999999999480e-01
9.234999999999999876e-01 9.294999999999999929e-01
9.240000000000000435e-01 9.292000000000000259e-01
9.233000000000000096e-01 9.293000000000000149e-01
9.236999999999999655e-01 9.297999999999999599e-01
9.239000000000000545e-01 9.292000000000000259e-01
9.234999999999999876e-01 9.284000000000000030e-01
9.236999999999999655e-01 9.290000000000000480e-01
9.244999999999999885e-01 9.288999999999999480e-01
9.237999999999999545e-01 9.288999999999999480e-01
9.241000000000000325e-01 9.293000000000000149e-01
9.239000000000000545e-01 9.291000000000000369e-01
9.239000000000000545e-01 9.288999999999999480e-01
9.237999999999999545e-01 9.290000000000000480e-01
9.239000000000000545e-01 9.285999999999999810e-01
9.241000000000000325e-01 9.287999999999999590e-01
9.243000000000000105e-01 9.285999999999999810e-01
9.237999999999999545e-01 9.283000000000000140e-01
9.240000000000000435e-01 9.287999999999999590e-01
9.240000000000000435e-01 9.284000000000000030e-01
9.242000000000000215e-01 9.286999999999999700e-01
9.241000000000000325e-01 9.291000000000000369e-01
9.242000000000000215e-01 9.288999999999999480e-01
9.246999999999999664e-01 9.285999999999999810e-01
9.241000000000000325e-01 9.292000000000000259e-01
9.243999999999999995e-01 9.287999999999999590e-01
9.253000000000000114e-01 9.284000000000000030e-01
9.250000000000000444e-01 9.290000000000000480e-01
9.253000000000000114e-01 9.287999999999999590e-01
9.250000000000000444e-01 9.287999999999999590e-01
9.251000000000000334e-01 9.285999999999999810e-01
9.252000000000000224e-01 9.284999999999999920e-01
9.250000000000000444e-01 9.287999999999999590e-01
9.247999999999999554e-01 9.285999999999999810e-01
9.247999999999999554e-01 9.277999999999999581e-01
9.249000000000000554e-01 9.280000000000000471e-01
9.243999999999999995e-01 9.277999999999999581e-01
9.245999999999999774e-01 9.278999999999999471e-01
9.247999999999999554e-01 9.284999999999999920e-01
9.240000000000000435e-01 9.278999999999999471e-01
9.235999999999999766e-01 9.284999999999999920e-01
9.242000000000000215e-01 9.282000000000000250e-01
9.237999999999999545e-01 9.286999999999999700e-01
9.242000000000000215e-01 9.277999999999999581e-01
9.243000000000000105e-01 9.284000000000000030e-01
9.243000000000000105e-01 9.283000000000000140e-01
9.240000000000000435e-01 9.281000000000000361e-01
9.243999999999999995e-01 9.283000000000000140e-01
9.243000000000000105e-01 9.284000000000000030e-01
9.242000000000000215e-01 9.284999999999999920e-01
9.240000000000000435e-01 9.288999999999999480e-01
9.240000000000000435e-01 9.293000000000000149e-01
9.243999999999999995e-01 9.288999999999999480e-01
9.247999999999999554e-01 9.288999999999999480e-01
9.242000000000000215e-01 9.288999999999999480e-01
9.243999999999999995e-01 9.283000000000000140e-01
9.239000000000000545e-01 9.284999999999999920e-01
9.240000000000000435e-01 9.285999999999999810e-01
9.236999999999999655e-01 9.284000000000000030e-01
9.234999999999999876e-01 9.285999999999999810e-01
9.236999999999999655e-01 9.284000000000000030e-01
9.241000000000000325e-01 9.282000000000000250e-01
9.241000000000000325e-01 9.284999999999999920e-01
9.240000000000000435e-01 9.277999999999999581e-01
9.236999999999999655e-01 9.278999999999999471e-01
9.237999999999999545e-01 9.280000000000000471e-01
9.243000000000000105e-01 9.284000000000000030e-01
9.245999999999999774e-01 9.284000000000000030e-01
9.237999999999999545e-01 9.281000000000000361e-01
9.233000000000000096e-01 9.277999999999999581e-01
9.236999999999999655e-01 9.283000000000000140e-01
9.237999999999999545e-01 9.284000000000000030e-01
9.242000000000000215e-01 9.277999999999999581e-01
9.235999999999999766e-01 9.276999999999999691e-01
9.236999999999999655e-01 9.277999999999999581e-01
9.239000000000000545e-01 9.275999999999999801e-01
9.243000000000000105e-01 9.273000000000000131e-01
9.237999999999999545e-01 9.274999999999999911e-01
9.237999999999999545e-01 9.273000000000000131e-01
9.244999999999999885e-01 9.273000000000000131e-01
9.244999999999999885e-01 9.274999999999999911e-01
9.246999999999999664e-01 9.278999999999999471e-01
9.252000000000000224e-01 9.282000000000000250e-01
9.246999999999999664e-01 9.281000000000000361e-01
9.245999999999999774e-01 9.277999999999999581e-01
9.243999999999999995e-01 9.273000000000000131e-01
9.244999999999999885e-01 9.281000000000000361e-01
9.239000000000000545e-01 9.278999999999999471e-01
9.243000000000000105e-01 9.276999999999999691e-01
9.235999999999999766e-01 9.276999999999999691e-01
9.229000000000000536e-01 9.277999999999999581e-01
9.230000000000000426e-01 9.274000000000000021e-01
9.225999999999999757e-01 9.271000000000000352e-01
9.226999999999999647e-01 9.273000000000000131e-01
9.223999999999999977e-01 9.273000000000000131e-01
9.221000000000000307e-01 9.276999999999999691e-01
9.223999999999999977e-01 9.272000000000000242e-01
9.224999999999999867e-01 9.273000000000000131e-01
9.225999999999999757e-01 9.266999999999999682e-01
9.223999999999999977e-01 9.266999999999999682e-01
9.224999999999999867e-01 9.267999999999999572e-01
9.229000000000000536e-01 9.268999999999999462e-01
9.231000000000000316e-01 9.276999999999999691e-01
9.223999999999999977e-01 9.272000000000000242e-01
9.227999999999999536e-01 9.273000000000000131e-01
9.224999999999999867e-01 9.274999999999999911e-01
9.224999999999999867e-01 9.274999999999999911e-01
9.223999999999999977e-01 9.270000000000000462e-01
9.229000000000000536e-01 9.270000000000000462e-01
9.223999999999999977e-01 9.270000000000000462e-01
9.220000000000000417e-01 9.270000000000000462e-01
9.217999999999999527e-01 9.266999999999999682e-01
9.223000000000000087e-01 9.266999999999999682e-01
9.227999999999999536e-01 9.267999999999999572e-01
9.223000000000000087e-01 9.272000000000000242e-01
9.224999999999999867e-01 9.264000000000000012e-01
9.226999999999999647e-01 9.265999999999999792e-01
9.233000000000000096e-01 9.270000000000000462e-01
9.233999999999999986e-01 9.272000000000000242e-01
9.231000000000000316e-01 9.274999999999999911e-01
9.233999999999999986e-01 9.270000000000000462e-01
9.231000000000000316e-01 9.272000000000000242e-01
9.232000000000000206e-01 9.273000000000000131e-01
9.234999999999999876e-01 9.270000000000000462e-01
9.235999999999999766e-01 9.270000000000000462e-01
9.234999999999999876e-01 9.265999999999999792e-01
9.236999999999999655e-01 9.270000000000000462e-01
9.243000000000000105e-01 9.273000000000000131e-01
9.236999999999999655e-01 9.273000000000000131e-01
9.239000000000000545e-01 9.272000000000000242e-01
9.236999999999999655e-01 9.264999999999999902e-01
9.237999999999999545e-01 9.267999999999999572e-01
9.234999999999999876e-01 9.264000000000000012e-01
9.235999999999999766e-01 9.263000000000000123e-01
9.233999999999999986e-01 9.264999999999999902e-01
9.234999999999999876e-01 9.267999999999999572e-01
9.235999999999999766e-01 9.264999999999999902e-01
9.234999999999999876e-01 9.261000000000000343e-01
9.236999999999999655e-01 9.262000000000000233e-01
9.239000000000000545e-01 9.270000000000000462e-01
9.237999999999999545e-01 9.265999999999999792e-01
9.235999999999999766e-01 9.266999999999999682e-01
9.233999999999999986e-01 9.265999999999999792e-01
9.235999999999999766e-01 9.262000000000000233e-01
9.235999999999999766e-01 9.264000000000000012e-01
9.233999999999999986e-01 9.264000000000000012e-01
9.234999999999999876e-01 9.263000000000000123e-01
9.237999999999999545e-01 9.272000000000000242e-01
9.240000000000000435e-01 9.267999999999999572e-01
9.241000000000000325e-01 9.267999999999999572e-01
9.240000000000000435e-01 9.261000000000000343e-01
9.241000000000000325e-01 9.260000000000000453e-01
9.237999999999999545e-01 9.262000000000000233e-01
9.239000000000000545e-01 9.266999999999999682e-01
9.242000000000000215e-01 9.261000000000000343e-01
9.242000000000000215e-01 9.268999999999999462e-01
9.240000000000000435e-01 9.273000000000000131e-01
9.236999999999999655e-01 9.271000000000000352e-01
9.237999999999999545e-01 9.264999999999999902e-01
9.241000000000000325e-01 9.271000000000000352e-01
9.236999999999999655e-01 9.270000000000000462e-01
9.235999999999999766e-01 9.266999999999999682e-01
9.236999999999999655e-01 9.262000000000000233e-01
9.236999999999999655e-01 9.266999999999999682e-01
9.237999999999999545e-01 9.261000000000000343e-01
9.237999999999999545e-01 9.264000000000000012e-01
9.242000000000000215e-01 9.263000000000000123e-01
9.240000000000000435e-01 9.267999999999999572e-01
9.242000000000000215e-01 9.267999999999999572e-01
9.243999999999999995e-01 9.268999999999999462e-01
9.241000000000000325e-01 9.264000000000000012e-01
9.236999999999999655e-01 9.264000000000000012e-01
9.242000000000000215e-01 9.268999999999999462e-01
9.240000000000000435e-01 9.267999999999999572e-01
9.240000000000000435e-01 9.264000000000000012e-01
9.240000000000000435e-01 9.266999999999999682e-01
9.245999999999999774e-01 9.264999999999999902e-01
9.240000000000000435e-01 9.268999999999999462e-01
9.237999999999999545e-01 9.270000000000000462e-01
9.245999999999999774e-01 9.272000000000000242e-01
9.245999999999999774e-01 9.272000000000000242e-01
9.244999999999999885e-01 9.268999999999999462e-01
9.246999999999999664e-01 9.266999999999999682e-01
9.249000000000000554e-01 9.266999999999999682e-01
9.250000000000000444e-01 9.264000000000000012e-01
9.249000000000000554e-01 9.268999999999999462e-01
9.244999999999999885e-01 9.270000000000000462e-01
9.250000000000000444e-01 9.268999999999999462e-01
9.247999999999999554e-01 9.273000000000000131e-01
9.244999999999999885e-01 9.274000000000000021e-01
9.240000000000000435e-01 9.270000000000000462e-01
9.243000000000000105e-01 9.264000000000000012e-01
9.241000000000000325e-01 9.264000000000000012e-01
9.241000000000000325e-01 9.257999999999999563e-01
9.242000000000000215e-01 9.258999999999999453e-01
9.242000000000000215e-01 9.260000000000000453e-01
9.247999999999999554e-01 9.258999999999999453e-01
9.243999999999999995e-01 9.252000000000000224e-01
9.250000000000000444e-01 9.255999999999999783e-01
9.252000000000000224e-01 9.251000000000000334e-01
9.251000000000000334e-01 9.247999999999999554e-01
9.251000000000000334e-01 9.254999999999999893e-01
9.250000000000000444e-01 9.254999999999999893e-01
9.253000000000000114e-01 9.249000000000000554e-01
9.249000000000000554e-01 9.249000000000000554e-01
9.245999999999999774e-01 9.252000000000000224e-01
9.243999999999999995e-01 9.251000000000000334e-01
9.243999999999999995e-01 9.254000000000000004e-01
9.243999999999999995e-01 9.249000000000000554e-01
9.240000000000000435e-01 9.249000000000000554e-01
9.244999999999999885e-01 9.243999999999999995e-01
9.249000000000000554e-01 9.243000000000000105e-01
9.249000000000000554e-01 9.244999999999999885e-01
9.247999999999999554e-01 9.246999999999999664e-01
9.252000000000000224e-01 9.246999999999999664e-01
9.251000000000000334e-01 9.252000000000000224e-01
9.253000000000000114e-01 9.254999999999999893e-01
9.251000000000000334e-01 9.257999999999999563e-01
9.253000000000000114e-01 9.255999999999999783e-01
9.252000000000000224e-01 9.253000000000000114e-01
9.254000000000000004e-01 9.254999999999999893e-01
9.254000000000000004e-01 9.253000000000000114e-01
9.251000000000000334e-01 9.254000000000000004e-01
9.252000000000000224e-01 9.256999999999999673e-01
9.252000000000000224e-01 9.254999999999999893e-01
9.251000000000000334e-01 9.254999999999999893e-01
9.249000000000000554e-01 9.253000000000000114e-01
9.250000000000000444e-01 9.255999999999999783e-01
9.247999999999999554e-01 9.254999999999999893e-01
9.247999999999999554e-01 9.252000000000000224e-01
9.249000000000000554e-01 9.252000000000000224e-01
9.254000000000000004e-01 9.254999999999999893e-01
9.253000000000000114e-01 9.252000000000000224e-01
9.247999999999999554e-01 9.250000000000000444e-01
9.247999999999999554e-01 9.249000000000000554e-01
9.247999999999999554e-01 9.245999999999999774e-01
9.247999999999999554e-01 9.247999999999999554e-01
9.253000000000000114e-01 9.243000000000000105e-01
9.254999999999999893e-01 9.245999999999999774e-01
9.254000000000000004e-01 9.245999999999999774e-01
9.252000000000000224e-01 9.249000000000000554e-01
9.253000000000000114e-01 9.245999999999999774e-01
9.253000000000000114e-01 9.250000000000000444e-01
9.246999999999999664e-01 9.251000000000000334e-01
9.249000000000000554e-01 9.243000000000000105e-01
9.252000000000000224e-01 9.244999999999999885e-01
9.246999999999999664e-01 9.245999999999999774e-01
9.244999999999999885e-01 9.247999999999999554e-01
9.250000000000000444e-01 9.245999999999999774e-01
9.249000000000000554e-01 9.243999999999999995e-01
9.250000000000000444e-01 9.245999999999999774e-01
9.246999999999999664e-01 9.252000000000000224e-01
9.246999999999999664e-01 9.251000000000000334e-01
9.247999999999999554e-01 9.251000000000000334e-01
9.252000000000000224e-01 9.252000000000000224e-01
9.249000000000000554e-01 9.253000000000000114e-01
9.246999999999999664e-01 9.256999999999999673e-01
9.243999999999999995e-01 9.253000000000000114e-01
9.243999999999999995e-01 9.254000000000000004e-01
9.242000000000000215e-01 9.253000000000000114e-01
9.245999999999999774e-01 9.254999999999999893e-01
9.243999999999999995e-01 9.252000000000000224e-01
9.247999999999999554e-01 9.254000000000000004e-01
9.244999999999999885e-01 9.254999999999999893e-01
9.246999999999999664e-01 9.246999999999999664e-01
9.243999999999999995e-01 9.249000000000000554e-01
9.236999999999999655e-01 9.245999999999999774e-01
9.240000000000000435e-01 9.249000000000000554e-01
9.239000000000000545e-01 9.250000000000000444e-01
9.243999999999999995e-01 9.253000000000000114e-01
9.239000000000000545e-01 9.253000000000000114e-01
9.237999999999999545e-01 9.251000000000000334e-01
9.237999999999999545e-01 9.249000000000000554e-01
9.237999999999999545e-01 9.245999999999999774e-01
9.240000000000000435e-01 9.246999999999999664e-01
9.232000000000000206e-01 9.242000000000000215e-01
9.237999999999999545e-01 9.246999999999999664e-01
9.240000000000000435e-01 9.247999999999999554e-01
9.240000000000000435e-01 9.246999999999999664e-01
9.237999999999999545e-01 9.254000000000000004e-01
9.239000000000000545e-01 9.257999999999999563e-01
9.233999999999999986e-01 9.255999999999999783e-01
9.234999999999999876e-01 9.257999999999999563e-01
9.229000000000000536e-01 9.258999999999999453e-01
9.234999999999999876e-01 9.256999999999999673e-01
9.234999999999999876e-01 9.252000000000000224e-01
9.235999999999999766e-01 9.254000000000000004e-01
9.235999999999999766e-01 9.254999999999999893e-01
9.233999999999999986e-01 9.254000000000000004e-01
9.233000000000000096e-01 9.258999999999999453e-01
9.236999999999999655e-01 9.258999999999999453e-01
9.237999999999999545e-01 9.257999999999999563e-01
9.243999999999999995e-01 9.254000000000000004e-01
9.243000000000000105e-01 9.260000000000000453e-01
9.243999999999999995e-01 9.255999999999999783e-01
9.243000000000000105e-01 9.251000000000000334e-01
9.241000000000000325e-01 9.251000000000000334e-01
9.243999999999999995e-01 9.250000000000000444e-01
9.244999999999999885e-01 9.246999999999999664e-01
9.240000000000000435e-01 9.246999999999999664e-01
9.243999999999999995e-01 9.246999999999999664e-01
9.243999999999999995e-01 9.244999999999999885e-01
9.244999999999999885e-01 9.240000000000000435e-01
9.246999999999999664e-01 9.244999999999999885e-01
9.242000000000000215e-01 9.247999999999999554e-01
9.240000000000000435e-01 9.243999999999999995e-01
9.245999999999999774e-01 9.243999999999999995e-01
9.241000000000000325e-01 9.243000000000000105e-01
9.241000000000000325e-01 9.239000000000000545e-01
9.243999999999999995e-01 9.241000000000000325e-01
9.241000000000000325e-01 9.242000000000000215e-01
9.240000000000000435e-01 9.245999999999999774e-01
9.236999999999999655e-01 9.242000000000000215e-01
9.243000000000000105e-01 9.243000000000000105e-01
9.249000000000000554e-01 9.243000000000000105e-01
9.247999999999999554e-01 9.243999999999999995e-01
9.247999999999999554e-01 9.243000000000000105e-01
9.244999999999999885e-01 9.249000000000000554e-01
9.247999999999999554e-01 9.249000000000000554e-01
9.243999999999999995e-01 9.253000000000000114e-01
9.245999999999999774e-01 9.258999999999999453e-01
9.250000000000000444e-01 9.260000000000000453e-01
9.247999999999999554e-01 9.254999999999999893e-01
9.245999999999999774e-01 9.254999999999999893e-01
9.246999999999999664e-01 9.254999999999999893e-01
9.252000000000000224e-01 9.255999999999999783e-01
9.246999999999999664e-01 9.254999999999999893e-01
9.245999999999999774e-01 9.256999999999999673e-01
9.243999999999999995e-01 9.254999999999999893e-01
9.249000000000000554e-01 9.258999999999999453e-01
9.252000000000000224e-01 9.256999999999999673e-01
9.253000000000000114e-01 9.250000000000000444e-01
9.250000000000000444e-01 9.252000000000000224e-01
9.250000000000000444e-01 9.255999999999999783e-01
9.250000000000000444e-01 9.249000000000000554e-01
9.252000000000000224e-01 9.252000000000000224e-01
9.249000000000000554e-01 9.251000000000000334e-01
9.249000000000000554e-01 9.257999999999999563e-01
9.251000000000000334e-01 9.254999999999999893e-01
9.250000000000000444e-01 9.252000000000000224e-01
9.247999999999999554e-01 9.260000000000000453e-01
9.252000000000000224e-01 9.254000000000000004e-01
9.251000000000000334e-01 9.254999999999999893e-01
9.245999999999999774e-01 9.260000000000000453e-01
9.244999999999999885e-01 9.254999999999999893e-01
9.245999999999999774e-01 9.257999999999999563e-01
9.245999999999999774e-01 9.254000000000000004e-01
9.243999999999999995e-01 9.253000000000000114e-01
9.244999999999999885e-01 9.255999999999999783e-01
9.246999999999999664e-01 9.251000000000000334e-01
9.253000000000000114e-01 9.249000000000000554e-01
9.250000000000000444e-01 9.245999999999999774e-01
9.252000000000000224e-01 9.243000000000000105e-01
9.254999999999999893e-01 9.244999999999999885e-01
9.251000000000000334e-01 9.245999999999999774e-01
9.250000000000000444e-01 9.247999999999999554e-01
9.247999999999999554e-01 9.249000000000000554e-01
9.247999999999999554e-01 9.249000000000000554e-01
9.245999999999999774e-01 9.245999999999999774e-01
9.239000000000000545e-01 9.240000000000000435e-01
9.240000000000000435e-01 9.244999999999999885e-01
9.240000000000000435e-01 9.243999999999999995e-01
9.233999999999999986e-01 9.245999999999999774e-01
9.235999999999999766e-01 9.245999999999999774e-01
9.237999999999999545e-01 9.244999999999999885e-01
9.243000000000000105e-01 9.251000000000000334e-01
9.241000000000000325e-01 9.249000000000000554e-01
9.241000000000000325e-01 9.246999999999999664e-01
9.242000000000000215e-01 9.243999999999999995e-01
9.243000000000000105e-01 9.243999999999999995e-01
9.241000000000000325e-01 9.249000000000000554e-01
9.236999999999999655e-01 9.251000000000000334e-01
9.242000000000000215e-01 9.249000000000000554e-01
9.243999999999999995e-01 9.253000000000000114e-01
9.250000000000000444e-01 9.253000000000000114e-01
9.243999999999999995e-01 9.253000000000000114e-01
9.243999999999999995e-01 9.251000000000000334e-01
9.247999999999999554e-01 9.252000000000000224e-01
9.243999999999999995e-01 9.255999999999999783e-01
9.245999999999999774e-01 9.258999999999999453e-01
9.249000000000000554e-01 9.260000000000000453e-01
9.252000000000000224e-01 9.254999999999999893e-01
9.251000000000000334e-01 9.256999999999999673e-01
9.246999999999999664e-01 9.254000000000000004e-01
9.243999999999999995e-01 9.256999999999999673e-01
9.240000000000000435e-01 9.256999999999999673e-01
9.245999999999999774e-01 9.254000000000000004e-01
9.243999999999999995e-01 9.254999999999999893e-01
9.244999999999999885e-01 9.258999999999999453e-01
9.243000000000000105e-01 9.252000000000000224e-01
9.241000000000000325e-01 9.254999999999999893e-01
9.243999999999999995e-01 9.253000000000000114e-01
9.249000000000000554e-01 9.251000000000000334e-01
9.246999999999999664e-01 9.249000000000000554e-01
9.247999999999999554e-01 9.250000000000000444e-01
9.242000000000000215e-01 9.249000000000000554e-01
9.242000000000000215e-01 9.252000000000000224e-01
9.243999999999999995e-01 9.250000000000000444e-01
9.243999999999999995e-01 9.253000000000000114e-01
9.246999999999999664e-01 9.244999999999999885e-01
9.244999999999999885e-01 9.242000000000000215e-01
9.243999999999999995e-01 9.242000000000000215e-01
9.243000000000000105e-01 9.243000000000000105e-01
9.243999999999999995e-01 9.241000000000000325e-01
9.243000000000000105e-01 9.246999999999999664e-01
9.239000000000000545e-01 9.245999999999999774e-01
9.241000000000000325e-01 9.247999999999999554e-01
9.241000000000000325e-01 9.254000000000000004e-01
9.237999999999999545e-01 9.252000000000000224e-01
9.240000000000000435e-01 9.253000000000000114e-01
9.236999999999999655e-01 9.251000000000000334e-01
9.236999999999999655e-01 9.252000000000000224e-01
9.242000000000000215e-01 9.253000000000000114e-01
9.237999999999999545e-01 9.252000000000000224e-01
9.243999999999999995e-01 9.255999999999999783e-01
9.239000000000000545e-01 9.245999999999999774e-01
9.243000000000000105e-01 9.251000000000000334e-01
9.241000000000000325e-01 9.249000000000000554e-01
9.240000000000000435e-01 9.249000000000000554e-01
9.236999999999999655e-01 9.251000000000000334e-01
9.239000000000000545e-01 9.251000000000000334e-01
9.241000000000000325e-01 9.254000000000000004e-01
9.242000000000000215e-01 9.256999999999999673e-01
9.243999999999999995e-01 9.257999999999999563e-01
9.240000000000000435e-01 9.260000000000000453e-01
9.240000000000000435e-01 9.256999999999999673e-01
9.239000000000000545e-01 9.257999999999999563e-01
9.237999999999999545e-01 9.258999999999999453e-01
9.245999999999999774e-01 9.257999999999999563e-01
9.241000000000000325e-01 9.262000000000000233e-01
9.243000000000000105e-01 9.262000000000000233e-01
9.239000000000000545e-01 9.260000000000000453e-01
9.240000000000000435e-01 9.261000000000000343e-01
9.239000000000000545e-01 9.261000000000000343e-01
9.240000000000000435e-01 9.264999999999999902e-01
9.235999999999999766e-01 9.262000000000000233e-01
9.237999999999999545e-01 9.254999999999999893e-01
9.233000000000000096e-01 9.256999999999999673e-01
9.224999999999999867e-01 9.262000000000000233e-01
9.225999999999999757e-01 9.258999999999999453e-01
9.229000000000000536e-01 9.257999999999999563e-01
9.227999999999999536e-01 9.252000000000000224e-01
9.223999999999999977e-01 9.251000000000000334e-01
9.223000000000000087e-01 9.252000000000000224e-01
9.222000000000000197e-01 9.256999999999999673e-01
9.226999999999999647e-01 9.254000000000000004e-01
9.224999999999999867e-01 9.253000000000000114e-01
9.225999999999999757e-01 9.258999999999999453e-01
9.233999999999999986e-01 9.258999999999999453e-01
9.234999999999999876e-01 9.255999999999999783e-01
9.235999999999999766e-01 9.256999999999999673e-01
9.234999999999999876e-01 9.257999999999999563e-01
9.232000000000000206e-01 9.262000000000000233e-01
9.233000000000000096e-01 9.262000000000000233e-01
9.237999999999999545e-01 9.264999999999999902e-01
9.233999999999999986e-01 9.263000000000000123e-01
9.233000000000000096e-01 9.264000000000000012e-01
9.229000000000000536e-01 9.264999999999999902e-01
9.230000000000000426e-01 9.260000000000000453e-01
9.232000000000000206e-01 9.262000000000000233e-01
9.233999999999999986e-01 9.262000000000000233e-01
9.226999999999999647e-01 9.267999999999999572e-01
9.227999999999999536e-01 9.263000000000000123e-01
9.221000000000000307e-01 9.263000000000000123e-01
9.226999999999999647e-01 9.263000000000000123e-01
9.224999999999999867e-01 9.264999999999999902e-01
9.226999999999999647e-01 9.264000000000000012e-01
9.230000000000000426e-01 9.263000000000000123e-01
9.229000000000000536e-01 9.261000000000000343e-01
9.233000000000000096e-01 9.260000000000000453e-01
9.230000000000000426e-01 9.261000000000000343e-01
9.232000000000000206e-01 9.264999999999999902e-01
9.236999999999999655e-01 9.268999999999999462e-01
9.237999999999999545e-01 9.264000000000000012e-01
9.236999999999999655e-01 9.264000000000000012e-01
9.237999999999999545e-01 9.268999999999999462e-01
9.234999999999999876e-01 9.263000000000000123e-01
9.236999999999999655e-01 9.260000000000000453e-01
9.242000000000000215e-01 9.262000000000000233e-01
9.236999999999999655e-01 9.258999999999999453e-01
9.240000000000000435e-01 9.261000000000000343e-01
9.237999999999999545e-01 9.261000000000000343e-01
9.244999999999999885e-01 9.261000000000000343e-01
9.246999999999999664e-01 9.266999999999999682e-01
9.251000000000000334e-01 9.264000000000000012e-01
9.243000000000000105e-01 9.262000000000000233e-01
9.242000000000000215e-01 9.265999999999999792e-01
9.242000000000000215e-01 9.272000000000000242e-01
9.243999999999999995e-01 9.275999999999999801e-01
9.240000000000000435e-01 9.274999999999999911e-01
9.246999999999999664e-01 9.271000000000000352e-01
9.241000000000000325e-01 9.264999999999999902e-01
9.235999999999999766e-01 9.264999999999999902e-01
9.237999999999999545e-01 9.265999999999999792e-01
9.235999999999999766e-01 9.264000000000000012e-01
9.239000000000000545e-01 9.265999999999999792e-01
9.239000000000000545e-01 9.265999999999999792e-01
9.236999999999999655e-01 9.263000000000000123e-01
9.233000000000000096e-01 9.261000000000000343e-01
9.236999999999999655e-01 9.262000000000000233e-01
9.234999999999999876e-01 9.266999999999999682e-01
9.230000000000000426e-01 9.264000000000000012e-01
9.229000000000000536e-01 9.272000000000000242e-01
9.226999999999999647e-01 9.273000000000000131e-01
9.231000000000000316e-01 9.271000000000000352e-01
9.229000000000000536e-01 9.270000000000000462e-01
9.233000000000000096e-01 9.265999999999999792e-01
9.233000000000000096e-01 9.262000000000000233e-01
9.232000000000000206e-01 9.263000000000000123e-01
9.227999999999999536e-01 9.264999999999999902e-01
9.232000000000000206e-01 9.266999999999999682e-01
9.233000000000000096e-01 9.262000000000000233e-01
9.235999999999999766e-01 9.265999999999999792e-01
9.233000000000000096e-01 9.266999999999999682e-01
9.233000000000000096e-01 9.263000000000000123e-01
9.234999999999999876e-01 9.264999999999999902e-01
9.233000000000000096e-01 9.264000000000000012e-01
9.232000000000000206e-01 9.265999999999999792e-01
9.233000000000000096e-01 9.265999999999999792e-01
9.231000000000000316e-01 9.266999999999999682e-01
9.232000000000000206e-01 9.268999999999999462e-01
9.233999999999999986e-01 9.266999999999999682e-01
9.235999999999999766e-01 9.268999999999999462e-01
9.231000000000000316e-01 9.266999999999999682e-01
9.236999999999999655e-01 9.266999999999999682e-01
9.230000000000000426e-01 9.265999999999999792e-01
9.229000000000000536e-01 9.267999999999999572e-01
9.227999999999999536e-01 9.273000000000000131e-01
9.224999999999999867e-01 9.267999999999999572e-01
9.223999999999999977e-01 9.265999999999999792e-01
9.230000000000000426e-01 9.264000000000000012e-01
9.230000000000000426e-01 9.264999999999999902e-01
9.227999999999999536e-01 9.265999999999999792e-01
9.224999999999999867e-01 9.265999999999999792e-01
9.230000000000000426e-01 9.264000000000000012e-01
9.233000000000000096e-01 9.265999999999999792e-01
9.231000000000000316e-01 9.264000000000000012e-01
9.233000000000000096e-01 9.264999999999999902e-01
9.231000000000000316e-01 9.267999999999999572e-01
9.223999999999999977e-01 9.268999999999999462e-01
9.224999999999999867e-01 9.261000000000000343e-01
9.222000000000000197e-01 9.263000000000000123e-01
9.231000000000000316e-01 9.260000000000000453e-01
9.236999999999999655e-01 9.260000000000000453e-01
9.235999999999999766e-01 9.260000000000000453e-01
9.234999999999999876e-01 9.261000000000000343e-01
9.234999999999999876e-01 9.260000000000000453e-01
9.236999999999999655e-01 9.257999999999999563e-01
9.232000000000000206e-01 9.256999999999999673e-01
9.234999999999999876e-01 9.258999999999999453e-01
9.234999999999999876e-01 9.263000000000000123e-01
9.233000000000000096e-01 9.264999999999999902e-01
9.239000000000000545e-01 9.263000000000000123e-01
9.241000000000000325e-01 9.255999999999999783e-01
9.234999999999999876e-01 9.255999999999999783e-01
9.239000000000000545e-01 9.261000000000000343e-01
9.240000000000000435e-01 9.254999999999999893e-01
9.236999999999999655e-01 9.255999999999999783e-01
9.236999999999999655e-01 9.256999999999999673e-01
9.232000000000000206e-01 9.260000000000000453e-01
9.233000000000000096e-01 9.261000000000000343e-01
9.237999999999999545e-01 9.254999999999999893e-01
9.234999999999999876e-01 9.254000000000000004e-01
9.232000000000000206e-01 9.257999999999999563e-01
9.231000000000000316e-01 9.254999999999999893e-01
9.240000000000000435e-01 9.257999999999999563e-01
9.243000000000000105e-01 9.256999999999999673e-01
9.241000000000000325e-01 9.256999999999999673e-01
9.243000000000000105e-01 9.254000000000000004e-01
9.239000000000000545e-01 9.257999999999999563e-01
9.235999999999999766e-01 9.260000000000000453e-01
9.237999999999999545e-01 9.256999999999999673e-01
9.233000000000000096e-01 9.249000000000000554e-01
9.229000000000000536e-01 9.254000000000000004e-01
9.226999999999999647e-01 9.256999999999999673e-01
9.233000000000000096e-01 9.257999999999999563e-01
9.231000000000000316e-01 9.257999999999999563e-01
9.234999999999999876e-01 9.250000000000000444e-01
9.241000000000000325e-01 9.253000000000000114e-01
9.241000000000000325e-01 9.249000000000000554e-01
9.239000000000000545e-01 9.245999999999999774e-01
9.242000000000000215e-01 9.246999999999999664e-01
9.239000000000000545e-01 9.250000000000000444e-01
9.243000000000000105e-01 9.251000000000000334e-01
9.241000000000000325e-01 9.252000000000000224e-01
9.241000000000000325e-01 9.250000000000000444e-01
9.243999999999999995e-01 9.250000000000000444e-01
9.241000000000000325e-01 9.251000000000000334e-01
9.237999999999999545e-01 9.252000000000000224e-01
9.241000000000000325e-01 9.254000000000000004e-01
9.241000000000000325e-01 9.252000000000000224e-01
9.243000000000000105e-01 9.252000000000000224e-01
9.247999999999999554e-01 9.249000000000000554e-01
9.247999999999999554e-01 9.252000000000000224e-01
9.243999999999999995e-01 9.254000000000000004e-01
9.243000000000000105e-01 9.252000000000000224e-01
9.243000000000000105e-01 9.252000000000000224e-01
9.244999999999999885e-01 9.250000000000000444e-01
9.243999999999999995e-01 9.256999999999999673e-01
9.242000000000000215e-01 9.250000000000000444e-01
9.242000000000000215e-01 9.252000000000000224e-01
9.240000000000000435e-01 9.254999999999999893e-01
9.237999999999999545e-01 9.250000000000000444e-01
9.234999999999999876e-01 9.251000000000000334e-01
9.240000000000000435e-01 9.249000000000000554e-01
9.243000000000000105e-01 9.249000000000000554e-01
9.244999999999999885e-01 9.251000000000000334e-01
9.242000000000000215e-01 9.249000000000000554e-01
9.241000000000000325e-01 9.252000000000000224e-01
9.245999999999999774e-01 9.251000000000000334e-01
9.244999999999999885e-01 9.247999999999999554e-01
9.246999999999999664e-01 9.247999999999999554e-01
9.247999999999999554e-01 9.253000000000000114e-01
9.243999999999999995e-01 9.254000000000000004e-01
9.247999999999999554e-01 9.256999999999999673e-01
9.245999999999999774e-01 9.257999999999999563e-01
9.243999999999999995e-01 9.254999999999999893e-01
9.247999999999999554e-01 9.251000000000000334e-01
9.243999999999999995e-01 9.252000000000000224e-01
9.242000000000000215e-01 9.246999999999999664e-01
9.249000000000000554e-01 9.253000000000000114e-01
9.242000000000000215e-01 9.253000000000000114e-01
9.242000000000000215e-01 9.249000000000000554e-01
9.239000000000000545e-01 9.254000000000000004e-01
9.241000000000000325e-01 9.254000000000000004e-01
9.246999999999999664e-01 9.256999999999999673e-01
9.239000000000000545e-01 9.255999999999999783e-01
9.241000000000000325e-01 9.254999999999999893e-01
9.242000000000000215e-01 9.254999999999999893e-01
9.235999999999999766e-01 9.258999999999999453e-01
9.243000000000000105e-01 9.257999999999999563e-01
9.241000000000000325e-01 9.261000000000000343e-01
9.239000000000000545e-01 9.254999999999999893e-01
9.242000000000000215e-01 9.253000000000000114e-01
9.240000000000000435e-01 9.256999999999999673e-01
9.242000000000000215e-01 9.257999999999999563e-01
9.251000000000000334e-01 9.260000000000000453e-01
9.244999999999999885e-01 9.262000000000000233e-01
9.243999999999999995e-01 9.267999999999999572e-01
9.241000000000000325e-01 9.265999999999999792e-01
9.242000000000000215e-01 9.268999999999999462e-01
9.241000000000000325e-01 9.267999999999999572e-01
9.243999999999999995e-01 9.268999999999999462e-01
9.241000000000000325e-01 9.260000000000000453e-01
9.241000000000000325e-01 9.258999999999999453e-01
9.241000000000000325e-01 9.251000000000000334e-01
9.242000000000000215e-01 9.254999999999999893e-01
9.241000000000000325e-01 9.254999999999999893e-01
9.241000000000000325e-01 9.256999999999999673e-01
9.235999999999999766e-01 9.252000000000000224e-01
9.234999999999999876e-01 9.252000000000000224e-01
9.237999999999999545e-01 9.254999999999999893e-01
9.237999999999999545e-01 9.254999999999999893e-01
9.235999999999999766e-01 9.254000000000000004e-01
9.239000000000000545e-01 9.253000000000000114e-01
9.240000000000000435e-01 9.254000000000000004e-01
9.242000000000000215e-01 9.255999999999999783e-01
9.241000000000000325e-01 9.256999999999999673e-01
9.235999999999999766e-01 9.250000000000000444e-01
9.233000000000000096e-01 9.247999999999999554e-01
9.243999999999999995e-01 9.247999999999999554e-01
9.240000000000000435e-01 9.245999999999999774e-01
9.233000000000000096e-01 9.241000000000000325e-01
9.233000000000000096e-01 9.241000000000000325e-01
9.230000000000000426e-01 9.234999999999999876e-01
9.231000000000000316e-01 9.241000000000000325e-01
9.227999999999999536e-01 9.237999999999999545e-01
9.229000000000000536e-01 9.242000000000000215e-01
9.227999999999999536e-01 9.242000000000000215e-01
9.231000000000000316e-01 9.242000000000000215e-01
9.229000000000000536e-01 9.244999999999999885e-01
9.232000000000000206e-01 9.243000000000000105e-01
9.227999999999999536e-01 9.239000000000000545e-01
9.229000000000000536e-01 9.230000000000000426e-01
9.227999999999999536e-01 9.235999999999999766e-01
9.226999999999999647e-01 9.231000000000000316e-01
9.233000000000000096e-01 9.233999999999999986e-01
9.231000000000000316e-01 9.237999999999999545e-01
9.233000000000000096e-01 9.234999999999999876e-01
9.231000000000000316e-01 9.231000000000000316e-01
9.233999999999999986e-01 9.235999999999999766e-01
9.234999999999999876e-01 9.233000000000000096e-01
9.237999999999999545e-01 9.234999999999999876e-01
9.231000000000000316e-01 9.233000000000000096e-01
9.230000000000000426e-01 9.232000000000000206e-01
9.226999999999999647e-01 9.230000000000000426e-01
9.233999999999999986e-01 9.227999999999999536e-01
9.232000000000000206e-01 9.230000000000000426e-01
9.234999999999999876e-01 9.233000000000000096e-01
9.230000000000000426e-01 9.235999999999999766e-01
9.234999999999999876e-01 9.236999999999999655e-01
9.240000000000000435e-01 9.236999999999999655e-01
9.236999999999999655e-01 9.240000000000000435e-01
9.233999999999999986e-01 9.244999999999999885e-01
9.232000000000000206e-01 9.240000000000000435e-01
9.232000000000000206e-01 9.241000000000000325e-01
9.233000000000000096e-01 9.239000000000000545e-01
9.239000000000000545e-01 9.242000000000000215e-01
9.235999999999999766e-01 9.244999999999999885e-01
9.236999999999999655e-01 9.233999999999999986e-01
9.232000000000000206e-01 9.233000000000000096e-01
9.233000000000000096e-01 9.234999999999999876e-01
9.230000000000000426e-01 9.234999999999999876e-01
9.234999999999999876e-01 9.236999999999999655e-01
9.236999999999999655e-01 9.237999999999999545e-01
9.233999999999999986e-01 9.237999999999999545e-01
9.236999999999999655e-01 9.235999999999999766e-01
9.243000000000000105e-01 9.236999999999999655e-01
9.239000000000000545e-01 9.242000000000000215e-01
9.236999999999999655e-01 9.243000000000000105e-01
9.239000000000000545e-01 9.239000000000000545e-01
9.242000000000000215e-01 9.234999999999999876e-01
9.243000000000000105e-01 9.231000000000000316e-01
9.240000000000000435e-01 9.240000000000000435e-01
9.236999999999999655e-01 9.233000000000000096e-01
9.235999999999999766e-01 9.231000000000000316e-01
9.234999999999999876e-01 9.233000000000000096e-01
9.233000000000000096e-01 9.233999999999999986e-01
9.232000000000000206e-01 9.234999999999999876e-01
9.230000000000000426e-01 9.232000000000000206e-01
9.231000000000000316e-01 9.234999999999999876e-01
9.233999999999999986e-01 9.232000000000000206e-01
9.233999999999999986e-01 9.235999999999999766e-01
9.236999999999999655e-01 9.231000000000000316e-01
9.237999999999999545e-01 9.232000000000000206e-01
9.230000000000000426e-01 9.233000000000000096e-01
9.233999999999999986e-01 9.232000000000000206e-01
9.233999999999999986e-01 9.230000000000000426e-01
9.234999999999999876e-01 9.232000000000000206e-01
9.235999999999999766e-01 9.227999999999999536e-01
9.236999999999999655e-01 9.234999999999999876e-01
9.233999999999999986e-01 9.232000000000000206e-01
9.237999999999999545e-01 9.230000000000000426e-01
9.235999999999999766e-01 9.233999999999999986e-01
9.242000000000000215e-01 9.234999999999999876e-01
9.242000000000000215e-01 9.237999999999999545e-01
9.237999999999999545e-01 9.236999999999999655e-01
9.236999999999999655e-01 9.234999999999999876e-01
9.233000000000000096e-01 9.234999999999999876e-01
9.234999999999999876e-01 9.233999999999999986e-01
9.232000000000000206e-01 9.235999999999999766e-01
9.243000000000000105e-01 9.235999999999999766e-01
9.233999999999999986e-01 9.233000000000000096e-01
9.234999999999999876e-01 9.232000000000000206e-01
9.234999999999999876e-01 9.234999999999999876e-01
9.235999999999999766e-01 9.233000000000000096e-01
9.232000000000000206e-01 9.230000000000000426e-01
9.239000000000000545e-01 9.232000000000000206e-01
9.236999999999999655e-01 9.234999999999999876e-01
9.237999999999999545e-01 9.233999999999999986e-01
9.240000000000000435e-01 9.239000000000000545e-01
9.239000000000000545e-01 9.232000000000000206e-01
9.235999999999999766e-01 9.233999999999999986e-01
9.233000000000000096e-01 9.233000000000000096e-01
9.229000000000000536e-01 9.235999999999999766e-01
9.227999999999999536e-01 9.231000000000000316e-01
9.232000000000000206e-01 9.233000000000000096e-01
9.233000000000000096e-01 9.231000000000000316e-01
9.234999999999999876e-01 9.230000000000000426e-01
9.233999999999999986e-01 9.227999999999999536e-01
9.234999999999999876e-01 9.225999999999999757e-01
9.235999999999999766e-01 9.231000000000000316e-01
9.233000000000000096e-01 9.231000000000000316e-01
9.234999999999999876e-01 9.226999999999999647e-01
9.233999999999999986e-01 9.231000000000000316e-01
9.232000000000000206e-01 9.227999999999999536e-01
9.227999999999999536e-01 9.233999999999999986e-01
9.233000000000000096e-01 9.233000000000000096e-01
9.234999999999999876e-01 9.232000000000000206e-01
9.231000000000000316e-01 9.226999999999999647e-01
9.229000000000000536e-01 9.230000000000000426e-01
9.232000000000000206e-01 9.231000000000000316e-01
9.229000000000000536e-01 9.232000000000000206e-01
9.227999999999999536e-01 9.233000000000000096e-01
9.225999999999999757e-01 9.234999999999999876e-01
9.231000000000000316e-01 9.233999999999999986e-01
9.230000000000000426e-01 9.230000000000000426e-01
9.232000000000000206e-01 9.232000000000000206e-01
9.231000000000000316e-01 9.232000000000000206e-01
9.230000000000000426e-01 9.234999999999999876e-01
9.230000000000000426e-01 9.231000000000000316e-01
9.230000000000000426e-01 9.230000000000000426e-01
9.223999999999999977e-01 9.226999999999999647e-01
9.232000000000000206e-01 9.231000000000000316e-01
9.224999999999999867e-01 9.232000000000000206e-01
9.231000000000000316e-01 9.226999999999999647e-01
9.232000000000000206e-01 9.227999999999999536e-01
9.231000000000000316e-01 9.232000000000000206e-01
9.226999999999999647e-01 9.227999999999999536e-01
9.227999999999999536e-01 9.227999999999999536e-01
9.230000000000000426e-01 9.227999999999999536e-01
9.231000000000000316e-01 9.225999999999999757e-01
9.232000000000000206e-01 9.223999999999999977e-01
9.229000000000000536e-01 9.223999999999999977e-01
9.230000000000000426e-01 9.229000000000000536e-01
9.230000000000000426e-01 9.226999999999999647e-01
9.231000000000000316e-01 9.230000000000000426e-01
9.230000000000000426e-01 9.226999999999999647e-01
9.231000000000000316e-01 9.229000000000000536e-01
9.231000000000000316e-01 9.232000000000000206e-01
9.231000000000000316e-01 9.233999999999999986e-01
9.233999999999999986e-01 9.233999999999999986e-01
9.231000000000000316e-01 9.233999999999999986e-01
9.231000000000000316e-01 9.233000000000000096e-01
9.230000000000000426e-01 9.226999999999999647e-01
9.226999999999999647e-01 9.231000000000000316e-01
9.224999999999999867e-01 9.225999999999999757e-01
9.223000000000000087e-01 9.232000000000000206e-01
9.223000000000000087e-01 9.231000000000000316e-01
9.223999999999999977e-01 9.233000000000000096e-01
9.225999999999999757e-01 9.232000000000000206e-01
9.224999999999999867e-01 9.233000000000000096e-01
9.223999999999999977e-01 9.234999999999999876e-01
9.225999999999999757e-01 9.233000000000000096e-01
9.227999999999999536e-01 9.233999999999999986e-01
9.230000000000000426e-01 9.234999999999999876e-01
9.230000000000000426e-01 9.232000000000000206e-01
9.233000000000000096e-01 9.232000000000000206e-01
9.232000000000000206e-01 9.233999999999999986e-01
9.227999999999999536e-01 9.239000000000000545e-01
9.222000000000000197e-01 9.243000000000000105e-01
9.222000000000000197e-01 9.243999999999999995e-01
9.233000000000000096e-01 9.242000000000000215e-01
9.231000000000000316e-01 9.244999999999999885e-01
9.230000000000000426e-01 9.245999999999999774e-01
9.229000000000000536e-01 9.246999999999999664e-01
9.223999999999999977e-01 9.246999999999999664e-01
9.221000000000000307e-01 9.247999999999999554e-01
9.223999999999999977e-01 9.247999999999999554e-01
9.223999999999999977e-01 9.247999999999999554e-01
9.227999999999999536e-01 9.251000000000000334e-01
9.224999999999999867e-01 9.251000000000000334e-01
9.224999999999999867e-01 9.249000000000000554e-01
9.223000000000000087e-01 9.246999999999999664e-01
9.221000000000000307e-01 9.253000000000000114e-01
9.222000000000000197e-01 9.247999999999999554e-01
9.227999999999999536e-01 9.257999999999999563e-01
9.227999999999999536e-01 9.255999999999999783e-01
9.226999999999999647e-01 9.254999999999999893e-01
9.223999999999999977e-01 9.253000000000000114e-01
9.223999999999999977e-01 9.252000000000000224e-01
9.229000000000000536e-01 9.247999999999999554e-01
9.224999999999999867e-01 9.253000000000000114e-01
9.225999999999999757e-01 9.253000000000000114e-01
9.224999999999999867e-01 9.256999999999999673e-01
9.223000000000000087e-01 9.254999999999999893e-01
9.231000000000000316e-01 9.255999999999999783e-01
9.220000000000000417e-01 9.255999999999999783e-01
9.224999999999999867e-01 9.249000000000000554e-01
9.224999999999999867e-01 9.253000000000000114e-01
9.225999999999999757e-01 9.252000000000000224e-01
9.232000000000000206e-01 9.247999999999999554e-01
9.227999999999999536e-01 9.250000000000000444e-01
9.226999999999999647e-01 9.249000000000000554e-01
9.227999999999999536e-01 9.244999999999999885e-01
9.226999999999999647e-01 9.246999999999999664e-01
9.229000000000000536e-01 9.247999999999999554e-01
9.231000000000000316e-01 9.247999999999999554e-01
9.226999999999999647e-01 9.250000000000000444e-01
9.224999999999999867e-01 9.250000000000000444e-01
9.221000000000000307e-01 9.247999999999999554e-01
9.230000000000000426e-01 9.252000000000000224e-01
9.232000000000000206e-01 9.250000000000000444e-01
9.232000000000000206e-01 9.251000000000000334e-01
9.235999999999999766e-01 9.256999999999999673e-01
9.234999999999999876e-01 9.255999999999999783e-01
9.231000000000000316e-01 9.253000000000000114e-01
9.231000000000000316e-01 9.251000000000000334e-01
9.224999999999999867e-01 9.254999999999999893e-01
9.225999999999999757e-01 9.254999999999999893e-01
9.233999999999999986e-01 9.254999999999999893e-01
9.232000000000000206e-01 9.256999999999999673e-01
9.234999999999999876e-01 9.257999999999999563e-01
9.232000000000000206e-01 9.262000000000000233e-01
9.236999999999999655e-01 9.260000000000000453e-01
9.235999999999999766e-01 9.258999999999999453e-01
9.236999999999999655e-01 9.255999999999999783e-01
9.233000000000000096e-01 9.254000000000000004e-01
9.231000000000000316e-01 9.254999999999999893e-01
9.235999999999999766e-01 9.260000000000000453e-01
9.233999999999999986e-01 9.261000000000000343e-01
9.233000000000000096e-01 9.260000000000000453e-01
9.232000000000000206e-01 9.264000000000000012e-01
9.232000000000000206e-01 9.262000000000000233e-01
9.229000000000000536e-01 9.263000000000000123e-01
9.233999999999999986e-01 9.263000000000000123e-01
9.234999999999999876e-01 9.261000000000000343e-01
9.233000000000000096e-01 9.268999999999999462e-01
9.235999999999999766e-01 9.267999999999999572e-01
9.235999999999999766e-01 9.265999999999999792e-01
9.236999999999999655e-01 9.266999999999999682e-01
9.235999999999999766e-01 9.265999999999999792e-01
9.234999999999999876e-01 9.270000000000000462e-01
9.241000000000000325e-01 9.265999999999999792e-01
9.234999999999999876e-01 9.268999999999999462e-01
9.236999999999999655e-01 9.264000000000000012e-01
9.236999999999999655e-01 9.268999999999999462e-01
9.239000000000000545e-01 9.266999999999999682e-01
9.243999999999999995e-01 9.265999999999999792e-01
9.242000000000000215e-01 9.270000000000000462e-01
9.240000000000000435e-01 9.270000000000000462e-01
9.241000000000000325e-01 9.265999999999999792e-01
9.241000000000000325e-01 9.271000000000000352e-01
9.244999999999999885e-01 9.266999999999999682e-01
9.243999999999999995e-01 9.270000000000000462e-01
9.240000000000000435e-01 9.271000000000000352e-01
9.239000000000000545e-01 9.274999999999999911e-01
9.237999999999999545e-01 9.274000000000000021e-01
9.240000000000000435e-01 9.277999999999999581e-01
9.231000000000000316e-01 9.276999999999999691e-01
9.237999999999999545e-01 9.268999999999999462e-01
9.232000000000000206e-01 9.273000000000000131e-01
9.233999999999999986e-01 9.273000000000000131e-01
9.236999999999999655e-01 9.273000000000000131e-01
9.234999999999999876e-01 9.273000000000000131e-01
9.233999999999999986e-01 9.273000000000000131e-01
9.226999999999999647e-01 9.265999999999999792e-01
9.223999999999999977e-01 9.266999999999999682e-01
9.225999999999999757e-01 9.265999999999999792e-01
9.224999999999999867e-01 9.264000000000000012e-01
9.225999999999999757e-01 9.263000000000000123e-01
9.225999999999999757e-01 9.265999999999999792e-01
9.222000000000000197e-01 9.270000000000000462e-01
9.222000000000000197e-01 9.273000000000000131e-01
9.220000000000000417e-01 9.276999999999999691e-01
9.223000000000000087e-01 9.268999999999999462e-01
9.220000000000000417e-01 9.270000000000000462e-01
9.220000000000000417e-01 9.275999999999999801e-01
9.219000000000000528e-01 9.273000000000000131e-01
9.221000000000000307e-01 9.274000000000000021e-01
9.223999999999999977e-01 9.267999999999999572e-01
9.222000000000000197e-01 9.271000000000000352e-01
9.221000000000000307e-01 9.275999999999999801e-01
9.219000000000000528e-01 9.272000000000000242e-01
9.217999999999999527e-01 9.275999999999999801e-01
9.215999999999999748e-01 9.282000000000000250e-01
9.215999999999999748e-01 9.272000000000000242e-01
9.214999999999999858e-01 9.275999999999999801e-01
9.214999999999999858e-01 9.277999999999999581e-01
9.212000000000000188e-01 9.274000000000000021e-01
9.213999999999999968e-01 9.280000000000000471e-01
9.214999999999999858e-01 9.285999999999999810e-01
9.216999999999999638e-01 9.283000000000000140e-01
9.215999999999999748e-01 9.284000000000000030e-01
9.217999999999999527e-01 9.287999999999999590e-01
9.217999999999999527e-01 9.284999999999999920e-01
9.215999999999999748e-01 9.285999999999999810e-01
9.222000000000000197e-01 9.284000000000000030e-01
9.219000000000000528e-01 9.283000000000000140e-01
9.223000000000000087e-01 9.285999999999999810e-01
9.221000000000000307e-01 9.283000000000000140e-01
9.224999999999999867e-01 9.278999999999999471e-01
9.223000000000000087e-01 9.277999999999999581e-01
9.222000000000000197e-01 9.277999999999999581e-01
9.221000000000000307e-01 9.274000000000000021e-01
9.225999999999999757e-01 9.276999999999999691e-01
9.229000000000000536e-01 9.274999999999999911e-01
9.225999999999999757e-01 9.278999999999999471e-01
9.223999999999999977e-01 9.276999999999999691e-01
9.227999999999999536e-01 9.276999999999999691e-01
9.225999999999999757e-01 9.273000000000000131e-01
9.225999999999999757e-01 9.276999999999999691e-01
9.226999999999999647e-01 9.273000000000000131e-01
9.223999999999999977e-01 9.272000000000000242e-01
9.223999999999999977e-01 9.274000000000000021e-01
9.227999999999999536e-01 9.273000000000000131e-01
9.227999999999999536e-01 9.272000000000000242e-01
9.232000000000000206e-01 9.273000000000000131e-01
9.231000000000000316e-01 9.270000000000000462e-01
9.232000000000000206e-01 9.274999999999999911e-01
9.234999999999999876e-01 9.274000000000000021e-01
9.231000000000000316e-01 9.280000000000000471e-01
9.232000000000000206e-01 9.274000000000000021e-01
9.231000000000000316e-01 9.277999999999999581e-01
9.232000000000000206e-01 9.273000000000000131e-01
9.231000000000000316e-01 9.274999999999999911e-01
9.229000000000000536e-01 9.273000000000000131e-01
9.229000000000000536e-01 9.274000000000000021e-01
9.234999999999999876e-01 9.273000000000000131e-01
9.233999999999999986e-01 9.272000000000000242e-01
9.233000000000000096e-01 9.274999999999999911e-01
9.234999999999999876e-01 9.273000000000000131e-01
9.229000000000000536e-01 9.274999999999999911e-01
9.231000000000000316e-01 9.276999999999999691e-01
9.231000000000000316e-01 9.275999999999999801e-01
9.232000000000000206e-01 9.275999999999999801e-01
9.237999999999999545e-01 9.278999999999999471e-01
9.231000000000000316e-01 9.277999999999999581e-01
9.237999999999999545e-01 9.280000000000000471e-01
9.227999999999999536e-01 9.276999999999999691e-01
9.230000000000000426e-01 9.276999999999999691e-01
9.232000000000000206e-01 9.275999999999999801e-01
9.227999999999999536e-01 9.283000000000000140e-01
9.230000000000000426e-01 9.278999999999999471e-01
9.225999999999999757e-01 9.277999999999999581e-01
9.223999999999999977e-01 9.278999999999999471e-01
9.225999999999999757e-01 9.284000000000000030e-01
9.222000000000000197e-01 9.282000000000000250e-01
9.226999999999999647e-01 9.278999999999999471e-01
9.225999999999999757e-01 9.275999999999999801e-01
9.223999999999999977e-01 9.277999999999999581e-01
9.223000000000000087e-01 9.276999999999999691e-01
9.227999999999999536e-01 9.274000000000000021e-01
9.231000000000000316e-01 9.274000000000000021e-01
9.225999999999999757e-01 9.270000000000000462e-01
9.225999999999999757e-01 9.274000000000000021e-01
9.229000000000000536e-01 9.271000000000000352e-01
9.227999999999999536e-01 9.273000000000000131e-01
9.223999999999999977e-01 9.268999999999999462e-01
9.225999999999999757e-01 9.270000000000000462e-01
9.223999999999999977e-01 9.275999999999999801e-01
9.219000000000000528e-01 9.277999999999999581e-01
9.216999999999999638e-01 9.280000000000000471e-01
9.220000000000000417e-01 9.278999999999999471e-01
9.215999999999999748e-01 9.284000000000000030e-01
9.217999999999999527e-01 9.282000000000000250e-01
9.221000000000000307e-01 9.278999999999999471e-01
9.222000000000000197e-01 9.283000000000000140e-01
9.224999999999999867e-01 9.273000000000000131e-01
9.224999999999999867e-01 9.274000000000000021e-01
9.225999999999999757e-01 9.273000000000000131e-01
9.225999999999999757e-01 9.281000000000000361e-01
9.219000000000000528e-01 9.278999999999999471e-01
9.226999999999999647e-01 9.278999999999999471e-01
9.225999999999999757e-01 9.286999999999999700e-01
9.229000000000000536e-01 9.287999999999999590e-01
9.226999999999999647e-01 9.285999999999999810e-01
9.224999999999999867e-01 9.282000000000000250e-01
9.222000000000000197e-01 9.284999999999999920e-01
9.223999999999999977e-01 9.282000000000000250e-01
9.224999999999999867e-01 9.282000000000000250e-01
9.223000000000000087e-01 9.283000000000000140e-01
9.223000000000000087e-01 9.284000000000000030e-01
9.217999999999999527e-01 9.281000000000000361e-01
9.215999999999999748e-01 9.281000000000000361e-01
9.217999999999999527e-01 9.277999999999999581e-01
9.219000000000000528e-01 9.282000000000000250e-01
9.221000000000000307e-01 9.280000000000000471e-01
9.216999999999999638e-01 9.282000000000000250e-01
9.216999999999999638e-01 9.278999999999999471e-01
9.217999999999999527e-01 9.278999999999999471e-01
9.222000000000000197e-01 9.274999999999999911e-01
9.220000000000000417e-01 9.276999999999999691e-01
9.221000000000000307e-01 9.277999999999999581e-01
9.215999999999999748e-01 9.277999999999999581e-01
9.220000000000000417e-01 9.274999999999999911e-01
9.220000000000000417e-01 9.274000000000000021e-01
9.220000000000000417e-01 9.275999999999999801e-01
9.223999999999999977e-01 9.276999999999999691e-01
9.226999999999999647e-01 9.273000000000000131e-01
9.222000000000000197e-01 9.271000000000000352e-01
9.224999999999999867e-01 9.271000000000000352e-01
9.222000000000000197e-01 9.273000000000000131e-01
9.223999999999999977e-01 9.273000000000000131e-01
9.223999999999999977e-01 9.270000000000000462e-01
9.223000000000000087e-01 9.273000000000000131e-01
9.217999999999999527e-01 9.276999999999999691e-01
9.217999999999999527e-01 9.274999999999999911e-01
9.216999999999999638e-01 9.275999999999999801e-01
9.220000000000000417e-01 9.277999999999999581e-01
9.220000000000000417e-01 9.274000000000000021e-01
9.222000000000000197e-01 9.272000000000000242e-01
9.220000000000000417e-01 9.276999999999999691e-01
9.225999999999999757e-01 9.277999999999999581e-01
9.227999999999999536e-01 9.277999999999999581e-01
9.232000000000000206e-01 9.281000000000000361e-01
9.223999999999999977e-01 9.281000000000000361e-01
9.222000000000000197e-01 9.278999999999999471e-01
9.220000000000000417e-01 9.280000000000000471e-01
9.219000000000000528e-01 9.275999999999999801e-01
9.220000000000000417e-01 9.274000000000000021e-01
9.220000000000000417e-01 9.276999999999999691e-01
9.223000000000000087e-01 9.278999999999999471e-01
9.223000000000000087e-01 9.277999999999999581e-01
9.223000000000000087e-01 9.271000000000000352e-01
9.219000000000000528e-01 9.273000000000000131e-01
9.222000000000000197e-01 9.275999999999999801e-01
9.223000000000000087e-01 9.277999999999999581e-01
9.217999999999999527e-01 9.277999999999999581e-01
9.211000000000000298e-01 9.274000000000000021e-01
9.213000000000000078e-01 9.276999999999999691e-01
9.214999999999999858e-01 9.275999999999999801e-01
9.216999999999999638e-01 9.274999999999999911e-01
9.215999999999999748e-01 9.275999999999999801e-01
9.217999999999999527e-01 9.276999999999999691e-01
9.220000000000000417e-01 9.274000000000000021e-01
9.216999999999999638e-01 9.272000000000000242e-01
9.215999999999999748e-01 9.274999999999999911e-01
9.217999999999999527e-01 9.273000000000000131e-01
9.219000000000000528e-01 9.275999999999999801e-01
9.213000000000000078e-01 9.272000000000000242e-01
9.219000000000000528e-01 9.273000000000000131e-01
9.215999999999999748e-01 9.274999999999999911e-01
9.221000000000000307e-01 9.273000000000000131e-01
9.222000000000000197e-01 9.272000000000000242e-01
9.220000000000000417e-01 9.268999999999999462e-01
9.219000000000000528e-01 9.273000000000000131e-01
9.217999999999999527e-01 9.271000000000000352e-01
9.216999999999999638e-01 9.272000000000000242e-01
9.215999999999999748e-01 9.274999999999999911e-01
9.213000000000000078e-01 9.271000000000000352e-01
9.212000000000000188e-01 9.274000000000000021e-01
9.213000000000000078e-01 9.275999999999999801e-01
9.213000000000000078e-01 9.275999999999999801e-01
9.213000000000000078e-01 9.274999999999999911e-01
9.207999999999999519e-01 9.270000000000000462e-01
9.207999999999999519e-01 9.276999999999999691e-01
9.207999999999999519e-01 9.276999999999999691e-01
9.205999999999999739e-01 9.271000000000000352e-01
9.205999999999999739e-01 9.272000000000000242e-01
9.210000000000000409e-01 9.272000000000000242e-01
9.206999999999999629e-01 9.271000000000000352e-01
9.204999999999999849e-01 9.272000000000000242e-01
9.205999999999999739e-01 9.274999999999999911e-01
9.201000000000000290e-01 9.273000000000000131e-01
9.206999999999999629e-01 9.270000000000000462e-01
9.210000000000000409e-01 9.272000000000000242e-01
9.212000000000000188e-01 9.268999999999999462e-01
9.211000000000000298e-01 9.265999999999999792e-01
9.212000000000000188e-01 9.268999999999999462e-01
9.213000000000000078e-01 9.264999999999999902e-01
9.213000000000000078e-01 9.263000000000000123e-01
9.213000000000000078e-01 9.264999999999999902e-01
9.213999999999999968e-01 9.261000000000000343e-01
9.210000000000000409e-01 9.265999999999999792e-01
9.217999999999999527e-01 9.265999999999999792e-01
9.215999999999999748e-01 9.267999999999999572e-01
9.216999999999999638e-01 9.272000000000000242e-01
9.221000000000000307e-01 9.268999999999999462e-01
9.221000000000000307e-01 9.268999999999999462e-01
9.217999999999999527e-01 9.265999999999999792e-01
9.216999999999999638e-01 9.264000000000000012e-01
9.216999999999999638e-01 9.263000000000000123e-01
9.215999999999999748e-01 9.263000000000000123e-01
9.220000000000000417e-01 9.264000000000000012e-01
9.216999999999999638e-01 9.265999999999999792e-01
9.213000000000000078e-01 9.265999999999999792e-01
9.217999999999999527e-01 9.272000000000000242e-01
9.212000000000000188e-01 9.270000000000000462e-01
9.213999999999999968e-01 9.266999999999999682e-01
9.214999999999999858e-01 9.270000000000000462e-01
9.213999999999999968e-01 9.274999999999999911e-01
9.216999999999999638e-01 9.274000000000000021e-01
9.215999999999999748e-01 9.271000000000000352e-01
9.213999999999999968e-01 9.272000000000000242e-01
9.216999999999999638e-01 9.274999999999999911e-01
9.221000000000000307e-01 9.266999999999999682e-01
9.219000000000000528e-01 9.273000000000000131e-01
9.217999999999999527e-01 9.268999999999999462e-01
9.216999999999999638e-01 9.266999999999999682e-01
9.213999999999999968e-01 9.264000000000000012e-01
9.213999999999999968e-01 9.266999999999999682e-01
9.213000000000000078e-01 9.267999999999999572e-01
9.214999999999999858e-01 9.264000000000000012e-01
9.219000000000000528e-01 9.268999999999999462e-01
9.213999999999999968e-01 9.268999999999999462e-01
9.217999999999999527e-01 9.271000000000000352e-01
9.211000000000000298e-01 9.273000000000000131e-01
9.213000000000000078e-01 9.270000000000000462e-01
9.215999999999999748e-01 9.271000000000000352e-01
9.222000000000000197e-01 9.270000000000000462e-01
9.220000000000000417e-01 9.265999999999999792e-01
9.215999999999999748e-01 9.263000000000000123e-01
9.216999999999999638e-01 9.268999999999999462e-01
9.221000000000000307e-01 9.267999999999999572e-01
9.221000000000000307e-01 9.270000000000000462e-01
9.220000000000000417e-01 9.270000000000000462e-01
9.223999999999999977e-01 9.270000000000000462e-01
9.223000000000000087e-01 9.270000000000000462e-01
9.223999999999999977e-01 9.268999999999999462e-01
9.222000000000000197e-01 9.270000000000000462e-01
9.223999999999999977e-01 9.265999999999999792e-01
9.223999999999999977e-01 9.264000000000000012e-01
9.223999999999999977e-01 9.264000000000000012e-01
9.226999999999999647e-01 9.262000000000000233e-01
9.223000000000000087e-01 9.265999999999999792e-01
9.225999999999999757e-01 9.265999999999999792e-01
9.221000000000000307e-01 9.265999999999999792e-01
9.223000000000000087e-01 9.264999999999999902e-01
9.220000000000000417e-01 9.258999999999999453e-01
9.224999999999999867e-01 9.258999999999999453e-01
9.223999999999999977e-01 9.263000000000000123e-01
9.217999999999999527e-01 9.260000000000000453e-01
9.225999999999999757e-01 9.263000000000000123e-01
9.219000000000000528e-01 9.262000000000000233e-01
9.220000000000000417e-01 9.260000000000000453e-01
9.220000000000000417e-01 9.262000000000000233e-01
9.222000000000000197e-01 9.261000000000000343e-01
9.224999999999999867e-01 9.264000000000000012e-01
9.222000000000000197e-01 9.263000000000000123e-01
9.217999999999999527e-01 9.265999999999999792e-01
9.217999999999999527e-01 9.264000000000000012e-01
9.223000000000000087e-01 9.264999999999999902e-01
9.227999999999999536e-01 9.264999999999999902e-01
9.229000000000000536e-01 9.264000000000000012e-01
9.226999999999999647e-01 9.264999999999999902e-01
9.225999999999999757e-01 9.265999999999999792e-01
9.226999999999999647e-01 9.264000000000000012e-01
9.230000000000000426e-01 9.265999999999999792e-01
9.227999999999999536e-01 9.264999999999999902e-01
9.230000000000000426e-01 9.266999999999999682e-01
9.229000000000000536e-01 9.264999999999999902e-01
9.232000000000000206e-01 9.262000000000000233e-01
9.232000000000000206e-01 9.262000000000000233e-01
9.227999999999999536e-01 9.262000000000000233e-01
9.227999999999999536e-01 9.258999999999999453e-01
9.225999999999999757e-01 9.256999999999999673e-01
9.230000000000000426e-01 9.260000000000000453e-01
9.229000000000000536e-01 9.261000000000000343e-01
9.223000000000000087e-01 9.255999999999999783e-01
9.224999999999999867e-01 9.257999999999999563e-01
9.229000000000000536e-01 9.254000000000000004e-01
9.226999999999999647e-01 9.258999999999999453e-01
9.226999999999999647e-01 9.261000000000000343e-01
9.223999999999999977e-01 9.262000000000000233e-01
9.231000000000000316e-01 9.265999999999999792e-01
9.231000000000000316e-01 9.264999999999999902e-01
9.233000000000000096e-01 9.265999999999999792e-01
9.232000000000000206e-01 9.267999999999999572e-01
9.230000000000000426e-01 9.268999999999999462e-01
9.234999999999999876e-01 9.271000000000000352e-01
9.234999999999999876e-01 9.274999999999999911e-01
9.231000000000000316e-01 9.271000000000000352e-01
9.231000000000000316e-01 9.267999999999999572e-01
9.233000000000000096e-01 9.267999999999999572e-01
9.227999999999999536e-01 9.272000000000000242e-01
9.233000000000000096e-01 9.273000000000000131e-01
9.233000000000000096e-01 9.268999999999999462e-01
9.234999999999999876e-01 9.270000000000000462e-01
9.233999999999999986e-01 9.272000000000000242e-01
9.234999999999999876e-01 9.273000000000000131e-01
9.232000000000000206e-01 9.274000000000000021e-01
9.235999999999999766e-01 9.275999999999999801e-01
9.234999999999999876e-01 9.278999999999999471e-01
9.234999999999999876e-01 9.274999999999999911e-01
9.230000000000000426e-01 9.274000000000000021e-01
9.226999999999999647e-01 9.283000000000000140e-01
9.222000000000000197e-01 9.281000000000000361e-01
9.230000000000000426e-01 9.278999999999999471e-01
9.226999999999999647e-01 9.283000000000000140e-01
9.223000000000000087e-01 9.280000000000000471e-01
9.224999999999999867e-01 9.278999999999999471e-01
9.222000000000000197e-01 9.280000000000000471e-01
9.223000000000000087e-01 9.281000000000000361e-01
9.227999999999999536e-01 9.277999999999999581e-01
9.226999999999999647e-01 9.284999999999999920e-01
9.225999999999999757e-01 9.281000000000000361e-01
9.229000000000000536e-01 9.284000000000000030e-01
9.232000000000000206e-01 9.283000000000000140e-01
9.231000000000000316e-01 9.283000000000000140e-01
9.226999999999999647e-01 9.282000000000000250e-01
9.233000000000000096e-01 9.283000000000000140e-01
9.233000000000000096e-01 9.281000000000000361e-01
9.235999999999999766e-01 9.277999999999999581e-01
9.235999999999999766e-01 9.276999999999999691e-01
9.234999999999999876e-01 9.277999999999999581e-01
9.232000000000000206e-01 9.278999999999999471e-01
9.231000000000000316e-01 9.282000000000000250e-01
9.233999999999999986e-01 9.277999999999999581e-01
9.232000000000000206e-01 9.278999999999999471e-01
9.224999999999999867e-01 9.277999999999999581e-01
9.226999999999999647e-01 9.275999999999999801e-01
9.222000000000000197e-01 9.280000000000000471e-01
9.226999999999999647e-01 9.282000000000000250e-01
9.222000000000000197e-01 9.277999999999999581e-01
9.221000000000000307e-01 9.283000000000000140e-01
9.223000000000000087e-01 9.281000000000000361e-01
9.217999999999999527e-01 9.280000000000000471e-01
9.215999999999999748e-01 9.278999999999999471e-01
9.222000000000000197e-01 9.283000000000000140e-01
9.224999999999999867e-01 9.282000000000000250e-01
9.224999999999999867e-01 9.278999999999999471e-01
9.224999999999999867e-01 9.281000000000000361e-01
9.223999999999999977e-01 9.282000000000000250e-01
9.220000000000000417e-01 9.280000000000000471e-01
9.223000000000000087e-01 9.280000000000000471e-01
9.223000000000000087e-01 9.282000000000000250e-01
9.220000000000000417e-01 9.277999999999999581e-01
9.215999999999999748e-01 9.282000000000000250e-01
9.216999999999999638e-01 9.282000000000000250e-01
9.223000000000000087e-01 9.280000000000000471e-01
9.223999999999999977e-01 9.280000000000000471e-01
9.223999999999999977e-01 9.284000000000000030e-01
9.223999999999999977e-01 9.285999999999999810e-01
9.225999999999999757e-01 9.286999999999999700e-01
9.222000000000000197e-01 9.288999999999999480e-01
9.223000000000000087e-01 9.284000000000000030e-01
9.224999999999999867e-01 9.284000000000000030e-01
9.227999999999999536e-01 9.283000000000000140e-01
9.219000000000000528e-01 9.282000000000000250e-01
9.222000000000000197e-01 9.283000000000000140e-01
9.219000000000000528e-01 9.282000000000000250e-01
9.222000000000000197e-01 9.281000000000000361e-01
9.226999999999999647e-01 9.282000000000000250e-01
9.225999999999999757e-01 9.284999999999999920e-01
9.223000000000000087e-01 9.278999999999999471e-01
9.223000000000000087e-01 9.283000000000000140e-01
9.221000000000000307e-01 9.287999999999999590e-01
9.222000000000000197e-01 9.286999999999999700e-01
9.223999999999999977e-01 9.284999999999999920e-01
9.224999999999999867e-01 9.290000000000000480e-01
9.224999999999999867e-01 9.288999999999999480e-01
9.230000000000000426e-01 9.287999999999999590e-01
9.233000000000000096e-01 9.285999999999999810e-01
9.220000000000000417e-01 9.283000000000000140e-01
9.225999999999999757e-01 9.284000000000000030e-01
9.225999999999999757e-01 9.281000000000000361e-01
9.227999999999999536e-01 9.278999999999999471e-01
9.225999999999999757e-01 9.276999999999999691e-01
9.230000000000000426e-01 9.277999999999999581e-01
9.230000000000000426e-01 9.274999999999999911e-01
9.226999999999999647e-01 9.274000000000000021e-01
9.224999999999999867e-01 9.280000000000000471e-01
9.227999999999999536e-01 9.284000000000000030e-01
9.227999999999999536e-01 9.283000000000000140e-01
9.229000000000000536e-01 9.282000000000000250e-01
9.231000000000000316e-01 9.283000000000000140e-01
9.230000000000000426e-01 9.282000000000000250e-01
9.233999999999999986e-01 9.282000000000000250e-01
9.233999999999999986e-01 9.284000000000000030e-01
9.233000000000000096e-01 9.287999999999999590e-01
9.229000000000000536e-01 9.281000000000000361e-01
9.227999999999999536e-01 9.285999999999999810e-01
9.233000000000000096e-01 9.284999999999999920e-01
9.236999999999999655e-01 9.284000000000000030e-01
9.242000000000000215e-01 9.287999999999999590e-01
9.240000000000000435e-01 9.285999999999999810e-01
9.240000000000000435e-01 9.284000000000000030e-01
9.236999999999999655e-01 9.283000000000000140e-01
9.242000000000000215e-01 9.276999999999999691e-01
9.237999999999999545e-01 9.276999999999999691e-01
9.236999999999999655e-01 9.281000000000000361e-01
9.243000000000000105e-01 9.274000000000000021e-01
9.237999999999999545e-01 9.274999999999999911e-01
9.242000000000000215e-01 9.275999999999999801e-01
9.243000000000000105e-01 9.273000000000000131e-01
9.244999999999999885e-01 9.280000000000000471e-01
9.243999999999999995e-01 9.278999999999999471e-01
9.243999999999999995e-01 9.284999999999999920e-01
9.241000000000000325e-01 9.278999999999999471e-01
9.237999999999999545e-01 9.277999999999999581e-01
9.237999999999999545e-01 9.276999999999999691e-01
9.243999999999999995e-01 9.281000000000000361e-01
9.237999999999999545e-01 9.281000000000000361e-01
9.243000000000000105e-01 9.281000000000000361e-01
9.241000000000000325e-01 9.278999999999999471e-01
9.239000000000000545e-01 9.284000000000000030e-01
9.242000000000000215e-01 9.278999999999999471e-01
9.241000000000000325e-01 9.277999999999999581e-01
9.240000000000000435e-01 9.280000000000000471e-01
9.236999999999999655e-01 9.281000000000000361e-01
9.236999999999999655e-01 9.278999999999999471e-01
9.235999999999999766e-01 9.277999999999999581e-01
9.234999999999999876e-01 9.278999999999999471e-01
9.235999999999999766e-01 9.281000000000000361e-01
9.232000000000000206e-01 9.275999999999999801e-01
9.232000000000000206e-01 9.273000000000000131e-01
9.231000000000000316e-01 9.277999999999999581e-01
9.232000000000000206e-01 9.284000000000000030e-01
9.229000000000000536e-01 9.281000000000000361e-01
9.225999999999999757e-01 9.284000000000000030e-01
9.227999999999999536e-01 9.274999999999999911e-01
9.227999999999999536e-01 9.281000000000000361e-01
9.226999999999999647e-01 9.281000000000000361e-01
9.229000000000000536e-01 9.276999999999999691e-01
9.229000000000000536e-01 9.275999999999999801e-01
9.229000000000000536e-01 9.278999999999999471e-01
9.231000000000000316e-01 9.281000000000000361e-01
9.231000000000000316e-01 9.280000000000000471e-01
9.227999999999999536e-01 9.276999999999999691e-01
9.227999999999999536e-01 9.282000000000000250e-01
9.223000000000000087e-01 9.284000000000000030e-01
9.225999999999999757e-01 9.285999999999999810e-01
9.223999999999999977e-01 9.284000000000000030e-01
9.223999999999999977e-01 9.282000000000000250e-01
9.223000000000000087e-01 9.286999999999999700e-01
9.222000000000000197e-01 9.285999999999999810e-01
9.223999999999999977e-01 9.283000000000000140e-01
9.223999999999999977e-01 9.282000000000000250e-01
9.226999999999999647e-01 9.286999999999999700e-01
9.221000000000000307e-01 9.283000000000000140e-01
9.223999999999999977e-01 9.284999999999999920e-01
9.230000000000000426e-01 9.284999999999999920e-01
9.227999999999999536e-01 9.287999999999999590e-01
9.224999999999999867e-01 9.285999999999999810e-01
9.223000000000000087e-01 9.286999999999999700e-01
9.227999999999999536e-01 9.281000000000000361e-01
9.229000000000000536e-01 9.285999999999999810e-01
9.226999999999999647e-01 9.288999999999999480e-01
9.222000000000000197e-01 9.290000000000000480e-01
9.224999999999999867e-01 9.288999999999999480e-01
9.231000000000000316e-01 9.283000000000000140e-01
9.232000000000000206e-01 9.285999999999999810e-01
9.233000000000000096e-01 9.284000000000000030e-01
9.229000000000000536e-01 9.282000000000000250e-01
9.224999999999999867e-01 9.282000000000000250e-01
9.223999999999999977e-01 9.280000000000000471e-01
9.229000000000000536e-01 9.282000000000000250e-01
9.226999999999999647e-01 9.284999999999999920e-01
9.225999999999999757e-01 9.285999999999999810e-01
9.230000000000000426e-01 9.286999999999999700e-01
9.230000000000000426e-01 9.283000000000000140e-01
9.225999999999999757e-01 9.285999999999999810e-01
9.234999999999999876e-01 9.287999999999999590e-01
9.231000000000000316e-01 9.284000000000000030e-01
9.232000000000000206e-01 9.287999999999999590e-01
9.236999999999999655e-01 9.287999999999999590e-01
9.235999999999999766e-01 9.285999999999999810e-01
9.235999999999999766e-01 9.283000000000000140e-01
9.237999999999999545e-01 9.283000000000000140e-01
9.239000000000000545e-01 9.285999999999999810e-01
9.240000000000000435e-01 9.284000000000000030e-01
9.235999999999999766e-01 9.284000000000000030e-01
9.234999999999999876e-01 9.284999999999999920e-01
9.232000000000000206e-01 9.285999999999999810e-01
9.230000000000000426e-01 9.286999999999999700e-01
9.233000000000000096e-01 9.287999999999999590e-01
9.227999999999999536e-01 9.290000000000000480e-01
9.227999999999999536e-01 9.287999999999999590e-01
9.232000000000000206e-01 9.286999999999999700e-01
9.233999999999999986e-01 9.288999999999999480e-01
9.233999999999999986e-01 9.285999999999999810e-01
9.231000000000000316e-01 9.287999999999999590e-01
9.226999999999999647e-01 9.284999999999999920e-01
9.233999999999999986e-01 9.287999999999999590e-01
9.233999999999999986e-01 9.288999999999999480e-01
9.233000000000000096e-01 9.286999999999999700e-01
9.233999999999999986e-01 9.284000000000000030e-01
9.230000000000000426e-01 9.284000000000000030e-01
9.236999999999999655e-01 9.283000000000000140e-01
9.235999999999999766e-01 9.283000000000000140e-01
9.237999999999999545e-01 9.287999999999999590e-01
9.236999999999999655e-01 9.284999999999999920e-01
9.236999999999999655e-01 9.282000000000000250e-01
9.243000000000000105e-01 9.281000000000000361e-01
9.236999999999999655e-01 9.281000000000000361e-01
9.239000000000000545e-01 9.281000000000000361e-01
9.243000000000000105e-01 9.282000000000000250e-01
9.239000000000000545e-01 9.280000000000000471e-01
9.240000000000000435e-01 9.278999999999999471e-01
9.241000000000000325e-01 9.283000000000000140e-01
9.243999999999999995e-01 9.281000000000000361e-01
9.241000000000000325e-01 9.284000000000000030e-01
9.237999999999999545e-01 9.278999999999999471e-01
9.233000000000000096e-01 9.284000000000000030e-01
9.237999999999999545e-01 9.278999999999999471e-01
9.241000000000000325e-01 9.281000000000000361e-01
9.239000000000000545e-01 9.281000000000000361e-01
9.242000000000000215e-01 9.274999999999999911e-01
9.242000000000000215e-01 9.275999999999999801e-01
9.244999999999999885e-01 9.277999999999999581e-01
9.246999999999999664e-01 9.277999999999999581e-01
9.243000000000000105e-01 9.275999999999999801e-01
9.242000000000000215e-01 9.272000000000000242e-01
9.241000000000000325e-01 9.271000000000000352e-01
9.240000000000000435e-01 9.272000000000000242e-01
9.239000000000000545e-01 9.274999999999999911e-01
9.235999999999999766e-01 9.274999999999999911e-01
9.233999999999999986e-01 9.274999999999999911e-01
9.237999999999999545e-01 9.275999999999999801e-01
9.234999999999999876e-01 9.275999999999999801e-01
9.233999999999999986e-01 9.277999999999999581e-01
9.240000000000000435e-01 9.274999999999999911e-01
9.239000000000000545e-01 9.274999999999999911e-01
9.237999999999999545e-01 9.271000000000000352e-01
9.237999999999999545e-01 9.274000000000000021e-01
9.239000000000000545e-01 9.280000000000000471e-01
9.239000000000000545e-01 9.277999999999999581e-01
9.239000000000000545e-01 9.275999999999999801e-01
9.245999999999999774e-01 9.275999999999999801e-01
9.239000000000000545e-01 9.276999999999999691e-01
9.243000000000000105e-01 9.267999999999999572e-01
9.239000000000000545e-01 9.274000000000000021e-01
9.242000000000000215e-01 9.272000000000000242e-01
9.240000000000000435e-01 9.275999999999999801e-01
9.243000000000000105e-01 9.274999999999999911e-01
9.245999999999999774e-01 9.272000000000000242e-01
9.250000000000000444e-01 9.273000000000000131e-01
9.249000000000000554e-01 9.274000000000000021e-01
9.246999999999999664e-01 9.274999999999999911e-01
9.246999999999999664e-01 9.274999999999999911e-01
9.244999999999999885e-01 9.274999999999999911e-01
9.239000000000000545e-01 9.272000000000000242e-01
9.240000000000000435e-01 9.273000000000000131e-01
9.240000000000000435e-01 9.272000000000000242e-01
9.237999999999999545e-01 9.273000000000000131e-01
9.236999999999999655e-01 9.274000000000000021e-01
9.240000000000000435e-01 9.273000000000000131e-01
9.240000000000000435e-01 9.274999999999999911e-01
9.242000000000000215e-01 9.270000000000000462e-01
9.243000000000000105e-01 9.271000000000000352e-01
9.241000000000000325e-01 9.272000000000000242e-01
9.245999999999999774e-01 9.271000000000000352e-01
9.244999999999999885e-01 9.274000000000000021e-01
9.246999999999999664e-01 9.273000000000000131e-01
9.245999999999999774e-01 9.271000000000000352e-01
9.244999999999999885e-01 9.278999999999999471e-01
9.245999999999999774e-01 9.275999999999999801e-01
9.249000000000000554e-01 9.280000000000000471e-01
9.245999999999999774e-01 9.280000000000000471e-01
9.249000000000000554e-01 9.281000000000000361e-01
9.240000000000000435e-01 9.277999999999999581e-01
9.244999999999999885e-01 9.274999999999999911e-01
9.241000000000000325e-01 9.276999999999999691e-01
9.243999999999999995e-01 9.278999999999999471e-01
9.239000000000000545e-01 9.276999999999999691e-01
9.243999999999999995e-01 9.274999999999999911e-01
9.247999999999999554e-01 9.273000000000000131e-01
9.249000000000000554e-01 9.277999999999999581e-01
9.246999999999999664e-01 9.281000000000000361e-01
9.246999999999999664e-01 9.282000000000000250e-01
9.246999999999999664e-01 9.278999999999999471e-01
9.242000000000000215e-01 9.278999999999999471e-01
9.243000000000000105e-01 9.280000000000000471e-01
9.243000000000000105e-01 9.280000000000000471e-01
9.245999999999999774e-01 9.280000000000000471e-01
9.246999999999999664e-01 9.281000000000000361e-01
9.243999999999999995e-01 9.280000000000000471e-01
9.246999999999999664e-01 9.281000000000000361e-01
9.244999999999999885e-01 9.276999999999999691e-01
9.244999999999999885e-01 9.276999999999999691e-01
9.246999999999999664e-01 9.278999999999999471e-01
9.243000000000000105e-01 9.280000000000000471e-01
9.245999999999999774e-01 9.277999999999999581e-01
9.247999999999999554e-01 9.278999999999999471e-01
9.247999999999999554e-01 9.277999999999999581e-01
9.243000000000000105e-01 9.281000000000000361e-01
9.239000000000000545e-01 9.282000000000000250e-01
9.242000000000000215e-01 9.283000000000000140e-01
9.246999999999999664e-01 9.280000000000000471e-01
9.244999999999999885e-01 9.275999999999999801e-01
9.241000000000000325e-01 9.276999999999999691e-01
9.245999999999999774e-01 9.275999999999999801e-01
9.245999999999999774e-01 9.274000000000000021e-01
9.243999999999999995e-01 9.273000000000000131e-01
9.245999999999999774e-01 9.276999999999999691e-01
9.243999999999999995e-01 9.276999999999999691e-01
9.249000000000000554e-01 9.277999999999999581e-01
9.250000000000000444e-01 9.276999999999999691e-01
9.249000000000000554e-01 9.274999999999999911e-01
9.245999999999999774e-01 9.278999999999999471e-01
9.245999999999999774e-01 9.277999999999999581e-01
9.246999999999999664e-01 9.274000000000000021e-01
9.247999999999999554e-01 9.273000000000000131e-01
9.246999999999999664e-01 9.276999999999999691e-01
9.246999999999999664e-01 9.274999999999999911e-01
9.244999999999999885e-01 9.276999999999999691e-01
9.244999999999999885e-01 9.280000000000000471e-01
9.243999999999999995e-01 9.276999999999999691e-01
9.242000000000000215e-01 9.275999999999999801e-01
9.243999999999999995e-01 9.277999999999999581e-01
9.243999999999999995e-01 9.278999999999999471e-01
9.250000000000000444e-01 9.275999999999999801e-01
9.252000000000000224e-01 9.278999999999999471e-01
9.246999999999999664e-01 9.281000000000000361e-01
9.254000000000000004e-01 9.281000000000000361e-01
9.250000000000000444e-01 9.276999999999999691e-01
9.247999999999999554e-01 9.276999999999999691e-01
9.250000000000000444e-01 9.278999999999999471e-01
9.244999999999999885e-01 9.277999999999999581e-01
9.251000000000000334e-01 9.274999999999999911e-01
9.253000000000000114e-01 9.280000000000000471e-01
9.243999999999999995e-01 9.281000000000000361e-01
9.243000000000000105e-01 9.282000000000000250e-01
9.243999999999999995e-01 9.280000000000000471e-01
9.243999999999999995e-01 9.284999999999999920e-01
9.246999999999999664e-01 9.281000000000000361e-01
9.241000000000000325e-01 9.284999999999999920e-01
9.236999999999999655e-01 9.280000000000000471e-01
9.234999999999999876e-01 9.285999999999999810e-01
9.234999999999999876e-01 9.285999999999999810e-01
9.242000000000000215e-01 9.284999999999999920e-01
9.243999999999999995e-01 9.285999999999999810e-01
9.240000000000000435e-01 9.280000000000000471e-01
9.239000000000000545e-01 9.275999999999999801e-01
9.242000000000000215e-01 9.278999999999999471e-01
9.237999999999999545e-01 9.280000000000000471e-01
9.243999999999999995e-01 9.283000000000000140e-01
9.242000000000000215e-01 9.284999999999999920e-01
9.237999999999999545e-01 9.282000000000000250e-01
9.241000000000000325e-01 9.278999999999999471e-01
9.240000000000000435e-01 9.278999999999999471e-01
9.236999999999999655e-01 9.278999999999999471e-01
9.246999999999999664e-01 9.280000000000000471e-01
9.243000000000000105e-01 9.280000000000000471e-01
9.242000000000000215e-01 9.275999999999999801e-01
9.243000000000000105e-01 9.277999999999999581e-01
9.246999999999999664e-01 9.280000000000000471e-01
9.247999999999999554e-01 9.280000000000000471e-01
9.246999999999999664e-01 9.285999999999999810e-01
9.243999999999999995e-01 9.284000000000000030e-01
9.243999999999999995e-01 9.282000000000000250e-01
9.245999999999999774e-01 9.286999999999999700e-01
9.246999999999999664e-01 9.283000000000000140e-01
9.241000000000000325e-01 9.280000000000000471e-01
9.243999999999999995e-01 9.280000000000000471e-01
9.243000000000000105e-01 9.274999999999999911e-01
9.245999999999999774e-01 9.278999999999999471e-01
9.246999999999999664e-01 9.274999999999999911e-01
9.244999999999999885e-01 9.276999999999999691e-01
9.245999999999999774e-01 9.281000000000000361e-01
9.246999999999999664e-01 9.280000000000000471e-01
9.245999999999999774e-01 9.277999999999999581e-01
9.246999999999999664e-01 9.280000000000000471e-01
9.245999999999999774e-01 9.276999999999999691e-01
9.246999999999999664e-01 9.276999999999999691e-01
9.247999999999999554e-01 9.280000000000000471e-01
9.247999999999999554e-01 9.280000000000000471e-01
9.251000000000000334e-01 9.283000000000000140e-01
9.253000000000000114e-01 9.277999999999999581e-01
9.250000000000000444e-01 9.280000000000000471e-01
9.247999999999999554e-01 9.280000000000000471e-01
9.252000000000000224e-01 9.274999999999999911e-01
9.252000000000000224e-01 9.277999999999999581e-01
9.252000000000000224e-01 9.275999999999999801e-01
9.251000000000000334e-01 9.274000000000000021e-01
9.250000000000000444e-01 9.274999999999999911e-01
9.245999999999999774e-01 9.276999999999999691e-01
9.246999999999999664e-01 9.274999999999999911e-01
9.246999999999999664e-01 9.275999999999999801e-01
9.249000000000000554e-01 9.282000000000000250e-01
9.252000000000000224e-01 9.282000000000000250e-01
9.252000000000000224e-01 9.276999999999999691e-01
9.254999999999999893e-01 9.282000000000000250e-01
9.254999999999999893e-01 9.282000000000000250e-01
9.253000000000000114e-01 9.275999999999999801e-01
9.257999999999999563e-01 9.275999999999999801e-01
9.255999999999999783e-01 9.278999999999999471e-01
9.251000000000000334e-01 9.280000000000000471e-01
9.254999999999999893e-01 9.281000000000000361e-01
9.249000000000000554e-01 9.277999999999999581e-01
9.252000000000000224e-01 9.277999999999999581e-01
9.251000000000000334e-01 9.274000000000000021e-01
9.255999999999999783e-01 9.281000000000000361e-01
9.256999999999999673e-01 9.278999999999999471e-01
9.256999999999999673e-01 9.274999999999999911e-01
9.256999999999999673e-01 9.276999999999999691e-01
9.255999999999999783e-01 9.272000000000000242e-01
9.254000000000000004e-01 9.273000000000000131e-01
9.254000000000000004e-01 9.277999999999999581e-01
9.250000000000000444e-01 9.276999999999999691e-01
9.254000000000000004e-01 9.272000000000000242e-01
9.250000000000000444e-01 9.273000000000000131e-01
9.250000000000000444e-01 9.268999999999999462e-01
9.247999999999999554e-01 9.274999999999999911e-01
9.244999999999999885e-01 9.275999999999999801e-01
9.251000000000000334e-01 9.282000000000000250e-01
9.249000000000000554e-01 9.280000000000000471e-01
9.247999999999999554e-01 9.280000000000000471e-01
9.246999999999999664e-01 9.283000000000000140e-01
9.250000000000000444e-01 9.283000000000000140e-01
9.253000000000000114e-01 9.284999999999999920e-01
9.249000000000000554e-01 9.281000000000000361e-01
9.247999999999999554e-01 9.282000000000000250e-01
9.245999999999999774e-01 9.283000000000000140e-01
9.244999999999999885e-01 9.284000000000000030e-01
9.247999999999999554e-01 9.280000000000000471e-01
9.243999999999999995e-01 9.277999999999999581e-01
9.243999999999999995e-01 9.273000000000000131e-01
9.246999999999999664e-01 9.270000000000000462e-01
9.244999999999999885e-01 9.268999999999999462e-01
9.245999999999999774e-01 9.270000000000000462e-01
9.246999999999999664e-01 9.272000000000000242e-01
9.244999999999999885e-01 9.266999999999999682e-01
9.247999999999999554e-01 9.268999999999999462e-01
9.243000000000000105e-01 9.274000000000000021e-01
9.249000000000000554e-01 9.268999999999999462e-01
9.245999999999999774e-01 9.268999999999999462e-01
9.244999999999999885e-01 9.266999999999999682e-01
9.242000000000000215e-01 9.274000000000000021e-01
9.245999999999999774e-01 9.265999999999999792e-01
9.242000000000000215e-01 9.274000000000000021e-01
9.243000000000000105e-01 9.271000000000000352e-01
9.244999999999999885e-01 9.265999999999999792e-01
9.243999999999999995e-01 9.272000000000000242e-01
9.239000000000000545e-01 9.272000000000000242e-01
9.243999999999999995e-01 9.274999999999999911e-01
9.243000000000000105e-01 9.276999999999999691e-01
9.246999999999999664e-01 9.272000000000000242e-01
9.244999999999999885e-01 9.274999999999999911e-01
9.247999999999999554e-01 9.270000000000000462e-01
9.245999999999999774e-01 9.267999999999999572e-01
9.243999999999999995e-01 9.267999999999999572e-01
9.251000000000000334e-01 9.267999999999999572e-01
9.246999999999999664e-01 9.268999999999999462e-01
9.245999999999999774e-01 9.268999999999999462e-01
9.249000000000000554e-01 9.268999999999999462e-01
9.246999999999999664e-01 9.267999999999999572e-01
9.247999999999999554e-01 9.274999999999999911e-01
9.246999999999999664e-01 9.271000000000000352e-01
9.250000000000000444e-01 9.266999999999999682e-01
9.247999999999999554e-01 9.267999999999999572e-01
9.249000000000000554e-01 9.267999999999999572e-01
9.251000000000000334e-01 9.266999999999999682e-01
9.246999999999999664e-01 9.261000000000000343e-01
9.249000000000000554e-01 9.262000000000000233e-01
9.253000000000000114e-01 9.260000000000000453e-01
9.250000000000000444e-01 9.261000000000000343e-01
9.247999999999999554e-01 9.263000000000000123e-01
9.247999999999999554e-01 9.264000000000000012e-01
9.253000000000000114e-01 9.266999999999999682e-01
9.255999999999999783e-01 9.267999999999999572e-01
9.256999999999999673e-01 9.264999999999999902e-01
9.254999999999999893e-01 9.271000000000000352e-01
9.256999999999999673e-01 9.271000000000000352e-01
9.254000000000000004e-01 9.267999999999999572e-01
9.252000000000000224e-01 9.268999999999999462e-01
9.251000000000000334e-01 9.272000000000000242e-01
9.252000000000000224e-01 9.273000000000000131e-01
9.251000000000000334e-01 9.270000000000000462e-01
9.249000000000000554e-01 9.268999999999999462e-01
9.254000000000000004e-01 9.267999999999999572e-01
9.254999999999999893e-01 9.271000000000000352e-01
9.255999999999999783e-01 9.268999999999999462e-01
9.256999999999999673e-01 9.267999999999999572e-01
9.257999999999999563e-01 9.266999999999999682e-01
9.254999999999999893e-01 9.262000000000000233e-01
9.257999999999999563e-01 9.262000000000000233e-01
9.255999999999999783e-01 9.263000000000000123e-01
9.253000000000000114e-01 9.262000000000000233e-01
9.252000000000000224e-01 9.262000000000000233e-01
9.254000000000000004e-01 9.266999999999999682e-01
9.254000000000000004e-01 9.264000000000000012e-01
9.250000000000000444e-01 9.265999999999999792e-01
9.254000000000000004e-01 9.266999999999999682e-01
9.254999999999999893e-01 9.267999999999999572e-01
9.250000000000000444e-01 9.266999999999999682e-01
9.253000000000000114e-01 9.271000000000000352e-01
9.254000000000000004e-01 9.270000000000000462e-01
9.250000000000000444e-01 9.270000000000000462e-01
9.254999999999999893e-01 9.275999999999999801e-01
9.257999999999999563e-01 9.265999999999999792e-01
9.256999999999999673e-01 9.273000000000000131e-01
9.253000000000000114e-01 9.270000000000000462e-01
9.254999999999999893e-01 9.270000000000000462e-01
9.254999999999999893e-01 9.274000000000000021e-01
9.254999999999999893e-01 9.270000000000000462e-01
9.257999999999999563e-01 9.266999999999999682e-01
9.252000000000000224e-01 9.268999999999999462e-01
9.255999999999999783e-01 9.272000000000000242e-01
9.254000000000000004e-01 9.270000000000000462e-01
9.255999999999999783e-01 9.265999999999999792e-01
9.254000000000000004e-01 9.264999999999999902e-01
9.255999999999999783e-01 9.263000000000000123e-01
9.254999999999999893e-01 9.264000000000000012e-01
9.252000000000000224e-01 9.264999999999999902e-01
9.255999999999999783e-01 9.270000000000000462e-01
9.254999999999999893e-01 9.264000000000000012e-01
9.254999999999999893e-01 9.263000000000000123e-01
9.253000000000000114e-01 9.264999999999999902e-01
9.252000000000000224e-01 9.258999999999999453e-01
9.253000000000000114e-01 9.258999999999999453e-01
9.244999999999999885e-01 9.261000000000000343e-01
9.247999999999999554e-01 9.258999999999999453e-01
9.251000000000000334e-01 9.260000000000000453e-01
9.249000000000000554e-01 9.256999999999999673e-01
9.250000000000000444e-01 9.258999999999999453e-01
9.249000000000000554e-01 9.260000000000000453e-01
9.246999999999999664e-01 9.256999999999999673e-01
9.251000000000000334e-01 9.256999999999999673e-01
9.247999999999999554e-01 9.253000000000000114e-01
9.247999999999999554e-01 9.254000000000000004e-01
9.251000000000000334e-01 9.251000000000000334e-01
9.251000000000000334e-01 9.253000000000000114e-01
9.249000000000000554e-01 9.255999999999999783e-01
9.246999999999999664e-01 9.252000000000000224e-01
9.247999999999999554e-01 9.254000000000000004e-01
9.246999999999999664e-01 9.254000000000000004e-01
9.246999999999999664e-01 9.260000000000000453e-01
9.246999999999999664e-01 9.256999999999999673e-01
9.249000000000000554e-01 9.258999999999999453e-01
9.251000000000000334e-01 9.262000000000000233e-01
9.247999999999999554e-01 9.264000000000000012e-01
9.245999999999999774e-01 9.264000000000000012e-01
9.245999999999999774e-01 9.266999999999999682e-01
9.246999999999999664e-01 9.267999999999999572e-01
9.246999999999999664e-01 9.264000000000000012e-01
9.244999999999999885e-01 9.263000000000000123e-01
9.242000000000000215e-01 9.264000000000000012e-01
9.242000000000000215e-01 9.260000000000000453e-01
9.245999999999999774e-01 9.261000000000000343e-01
9.247999999999999554e-01 9.258999999999999453e-01
9.249000000000000554e-01 9.258999999999999453e-01
9.246999999999999664e-01 9.257999999999999563e-01
9.245999999999999774e-01 9.256999999999999673e-01
9.247999999999999554e-01 9.257999999999999563e-01
9.241000000000000325e-01 9.256999999999999673e-01
9.244999999999999885e-01 9.258999999999999453e-01
9.243999999999999995e-01 9.256999999999999673e-01
9.243000000000000105e-01 9.256999999999999673e-01
9.247999999999999554e-01 9.261000000000000343e-01
9.244999999999999885e-01 9.261000000000000343e-01
9.246999999999999664e-01 9.257999999999999563e-01
9.244999999999999885e-01 9.258999999999999453e-01
9.242000000000000215e-01 9.258999999999999453e-01
9.246999999999999664e-01 9.261000000000000343e-01
9.244999999999999885e-01 9.257999999999999563e-01
9.245999999999999774e-01 9.262000000000000233e-01
9.245999999999999774e-01 9.264000000000000012e-01
9.244999999999999885e-01 9.261000000000000343e-01
9.243000000000000105e-01 9.262000000000000233e-01
9.246999999999999664e-01 9.256999999999999673e-01
9.246999999999999664e-01 9.257999999999999563e-01
9.247999999999999554e-01 9.261000000000000343e-01
9.243999999999999995e-01 9.258999999999999453e-01
9.243000000000000105e-01 9.262000000000000233e-01
9.245999999999999774e-01 9.263000000000000123e-01
9.241000000000000325e-01 9.263000000000000123e-01
9.245999999999999774e-01 9.258999999999999453e-01
9.241000000000000325e-01 9.264999999999999902e-01
9.243000000000000105e-01 9.267999999999999572e-01
9.245999999999999774e-01 9.264999999999999902e-01
9.251000000000000334e-01 9.264999999999999902e-01
9.252000000000000224e-01 9.264000000000000012e-01
9.252000000000000224e-01 9.261000000000000343e-01
9.254000000000000004e-01 9.264999999999999902e-01
9.253000000000000114e-01 9.264000000000000012e-01
9.247999999999999554e-01 9.265999999999999792e-01
9.254999999999999893e-01 9.264999999999999902e-01
9.252000000000000224e-01 9.264999999999999902e-01
9.252000000000000224e-01 9.265999999999999792e-01
9.249000000000000554e-01 9.268999999999999462e-01
9.252000000000000224e-01 9.267999999999999572e-01
9.254999999999999893e-01 9.270000000000000462e-01
9.254999999999999893e-01 9.265999999999999792e-01
9.253000000000000114e-01 9.264999999999999902e-01
9.253000000000000114e-01 9.262000000000000233e-01
9.252000000000000224e-01 9.264000000000000012e-01
9.249000000000000554e-01 9.263000000000000123e-01
9.243999999999999995e-01 9.260000000000000453e-01
9.243000000000000105e-01 9.264999999999999902e-01
9.242000000000000215e-01 9.265999999999999792e-01
9.242000000000000215e-01 9.264000000000000012e-01
9.246999999999999664e-01 9.264000000000000012e-01
9.244999999999999885e-01 9.261000000000000343e-01
9.245999999999999774e-01 9.258999999999999453e-01
9.250000000000000444e-01 9.258999999999999453e-01
9.250000000000000444e-01 9.262000000000000233e-01
9.249000000000000554e-01 9.263000000000000123e-01
9.251000000000000334e-01 9.266999999999999682e-01
9.249000000000000554e-01 9.265999999999999792e-01
9.251000000000000334e-01 9.264000000000000012e-01
9.247999999999999554e-01 9.264999999999999902e-01
9.253000000000000114e-01 9.266999999999999682e-01
9.250000000000000444e-01 9.264000000000000012e-01
9.253000000000000114e-01 9.265999999999999792e-01
9.255999999999999783e-01 9.262000000000000233e-01
9.256999999999999673e-01 9.263000000000000123e-01
9.258999999999999453e-01 9.261000000000000343e-01
9.255999999999999783e-01 9.266999999999999682e-01
9.254999999999999893e-01 9.264999999999999902e-01
9.253000000000000114e-01 9.264000000000000012e-01
9.252000000000000224e-01 9.262000000000000233e-01
9.252000000000000224e-01 9.263000000000000123e-01
9.254000000000000004e-01 9.262000000000000233e-01
9.254000000000000004e-01 9.263000000000000123e-01
9.254999999999999893e-01 9.263000000000000123e-01
9.257999999999999563e-01 9.265999999999999792e-01
9.257999999999999563e-01 9.266999999999999682e-01
9.253000000000000114e-01 9.262000000000000233e-01
9.255999999999999783e-01 9.264000000000000012e-01
9.252000000000000224e-01 9.264000000000000012e-01
9.251000000000000334e-01 9.261000000000000343e-01
9.255999999999999783e-01 9.266999999999999682e-01
9.257999999999999563e-01 9.266999999999999682e-01
9.255999999999999783e-01 9.263000000000000123e-01
9.254000000000000004e-01 9.267999999999999572e-01
9.254000000000000004e-01 9.268999999999999462e-01
9.254000000000000004e-01 9.273000000000000131e-01
9.249000000000000554e-01 9.270000000000000462e-01
9.255999999999999783e-01 9.272000000000000242e-01
9.254999999999999893e-01 9.264000000000000012e-01
9.251000000000000334e-01 9.262000000000000233e-01
9.254000000000000004e-01 9.268999999999999462e-01
9.253000000000000114e-01 9.274000000000000021e-01
9.254999999999999893e-01 9.273000000000000131e-01
9.251000000000000334e-01 9.271000000000000352e-01
9.252000000000000224e-01 9.273000000000000131e-01
9.254000000000000004e-01 9.270000000000000462e-01
9.254000000000000004e-01 9.270000000000000462e-01
9.251000000000000334e-01 9.270000000000000462e-01
9.250000000000000444e-01 9.268999999999999462e-01
9.251000000000000334e-01 9.272000000000000242e-01
9.251000000000000334e-01 9.275999999999999801e-01
9.250000000000000444e-01 9.270000000000000462e-01
9.251000000000000334e-01 9.273000000000000131e-01
9.253000000000000114e-01 9.275999999999999801e-01
9.253000000000000114e-01 9.275999999999999801e-01
9.252000000000000224e-01 9.275999999999999801e-01
9.245999999999999774e-01 9.278999999999999471e-01
9.244999999999999885e-01 9.275999999999999801e-01
9.249000000000000554e-01 9.281000000000000361e-01
9.244999999999999885e-01 9.278999999999999471e-01
9.250000000000000444e-01 9.277999999999999581e-01
9.246999999999999664e-01 9.281000000000000361e-01
9.241000000000000325e-01 9.281000000000000361e-01
9.240000000000000435e-01 9.277999999999999581e-01
9.242000000000000215e-01 9.280000000000000471e-01
9.237999999999999545e-01 9.282000000000000250e-01
9.232000000000000206e-01 9.276999999999999691e-01
9.234999999999999876e-01 9.276999999999999691e-01
9.235999999999999766e-01 9.274000000000000021e-01
9.236999999999999655e-01 9.272000000000000242e-01
9.235999999999999766e-01 9.271000000000000352e-01
9.243999999999999995e-01 9.270000000000000462e-01
9.242000000000000215e-01 9.273000000000000131e-01
9.242000000000000215e-01 9.274000000000000021e-01
9.243999999999999995e-01 9.271000000000000352e-01
9.242000000000000215e-01 9.268999999999999462e-01
9.243000000000000105e-01 9.273000000000000131e-01
9.245999999999999774e-01 9.275999999999999801e-01
9.242000000000000215e-01 9.274999999999999911e-01
9.245999999999999774e-01 9.274999999999999911e-01
9.241000000000000325e-01 9.274999999999999911e-01
9.242000000000000215e-01 9.280000000000000471e-01
9.251000000000000334e-01 9.282000000000000250e-01
9.250000000000000444e-01 9.281000000000000361e-01
9.249000000000000554e-01 9.274999999999999911e-01
9.250000000000000444e-01 9.276999999999999691e-01
9.247999999999999554e-01 9.276999999999999691e-01
9.242000000000000215e-01 9.280000000000000471e-01
9.251000000000000334e-01 9.282000000000000250e-01
9.243000000000000105e-01 9.283000000000000140e-01
9.243999999999999995e-01 9.278999999999999471e-01
9.241000000000000325e-01 9.278999999999999471e-01
9.245999999999999774e-01 9.275999999999999801e-01
9.247999999999999554e-01 9.280000000000000471e-01
9.252000000000000224e-01 9.274000000000000021e-01
9.252000000000000224e-01 9.277999999999999581e-01
9.252000000000000224e-01 9.275999999999999801e-01
9.251000000000000334e-01 9.274999999999999911e-01
9.253000000000000114e-01 9.274000000000000021e-01
9.254999999999999893e-01 9.273000000000000131e-01
9.256999999999999673e-01 9.274000000000000021e-01
9.258999999999999453e-01 9.272000000000000242e-01
9.258999999999999453e-01 9.271000000000000352e-01
9.255999999999999783e-01 9.274999999999999911e-01
9.256999999999999673e-01 9.276999999999999691e-01
9.261000000000000343e-01 9.272000000000000242e-01
9.253000000000000114e-01 9.274999999999999911e-01
9.252000000000000224e-01 9.272000000000000242e-01
9.252000000000000224e-01 9.270000000000000462e-01
9.254999999999999893e-01 9.265999999999999792e-01
9.257999999999999563e-01 9.268999999999999462e-01
9.257999999999999563e-01 9.270000000000000462e-01
9.253000000000000114e-01 9.266999999999999682e-01
9.253000000000000114e-01 9.270000000000000462e-01
9.254000000000000004e-01 9.270000000000000462e-01
9.254999999999999893e-01 9.264999999999999902e-01
9.260000000000000453e-01 9.263000000000000123e-01
9.260000000000000453e-01 9.262000000000000233e-01
9.254000000000000004e-01 9.263000000000000123e-01
9.251000000000000334e-01 9.262000000000000233e-01
9.254999999999999893e-01 9.261000000000000343e-01
9.255999999999999783e-01 9.261000000000000343e-01
9.256999999999999673e-01 9.264000000000000012e-01
9.256999999999999673e-01 9.264999999999999902e-01
9.258999999999999453e-01 9.265999999999999792e-01
9.255999999999999783e-01 9.264999999999999902e-01
9.256999999999999673e-01 9.267999999999999572e-01
9.256999999999999673e-01 9.270000000000000462e-01
9.254999999999999893e-01 9.268999999999999462e-01
9.254000000000000004e-01 9.265999999999999792e-01
9.251000000000000334e-01 9.264000000000000012e-01
9.250000000000000444e-01 9.261000000000000343e-01
9.250000000000000444e-01 9.261000000000000343e-01
9.255999999999999783e-01 9.263000000000000123e-01
9.247999999999999554e-01 9.265999999999999792e-01
9.247999999999999554e-01 9.265999999999999792e-01
9.249000000000000554e-01 9.262000000000000233e-01
9.251000000000000334e-01 9.264999999999999902e-01
9.250000000000000444e-01 9.264999999999999902e-01
9.255999999999999783e-01 9.262000000000000233e-01
9.255999999999999783e-01 9.262000000000000233e-01
9.252000000000000224e-01 9.257999999999999563e-01
9.250000000000000444e-01 9.261000000000000343e-01
9.246999999999999664e-01 9.257999999999999563e-01
9.243999999999999995e-01 9.261000000000000343e-01
9.244999999999999885e-01 9.260000000000000453e-01
9.244999999999999885e-01 9.260000000000000453e-01
9.243000000000000105e-01 9.264999999999999902e-01
9.246999999999999664e-01 9.265999999999999792e-01
9.243999999999999995e-01 9.265999999999999792e-01
9.244999999999999885e-01 9.268999999999999462e-01
9.241000000000000325e-01 9.263000000000000123e-01
9.240000000000000435e-01 9.264999999999999902e-01
9.245999999999999774e-01 9.270000000000000462e-01
9.240000000000000435e-01 9.273000000000000131e-01
9.243999999999999995e-01 9.270000000000000462e-01
9.240000000000000435e-01 9.265999999999999792e-01
9.243999999999999995e-01 9.265999999999999792e-01
9.245999999999999774e-01 9.263000000000000123e-01
9.245999999999999774e-01 9.268999999999999462e-01
9.242000000000000215e-01 9.270000000000000462e-01
9.244999999999999885e-01 9.274999999999999911e-01
9.246999999999999664e-01 9.275999999999999801e-01
9.245999999999999774e-01 9.275999999999999801e-01
9.244999999999999885e-01 9.281000000000000361e-01
9.244999999999999885e-01 9.275999999999999801e-01
9.243000000000000105e-01 9.270000000000000462e-01
9.243999999999999995e-01 9.271000000000000352e-01
9.243999999999999995e-01 9.266999999999999682e-01
9.243999999999999995e-01 9.267999999999999572e-01
9.249000000000000554e-01 9.266999999999999682e-01
9.246999999999999664e-01 9.264999999999999902e-01
9.243000000000000105e-01 9.266999999999999682e-01
9.245999999999999774e-01 9.270000000000000462e-01
9.245999999999999774e-01 9.273000000000000131e-01
9.246999999999999664e-01 9.272000000000000242e-01
9.246999999999999664e-01 9.270000000000000462e-01
9.250000000000000444e-01 9.270000000000000462e-01
9.246999999999999664e-01 9.268999999999999462e-01
9.245999999999999774e-01 9.267999999999999572e-01
9.250000000000000444e-01 9.266999999999999682e-01
9.251000000000000334e-01 9.272000000000000242e-01
9.251000000000000334e-01 9.265999999999999792e-01
9.251000000000000334e-01 9.264999999999999902e-01
9.254000000000000004e-01 9.264999999999999902e-01
9.253000000000000114e-01 9.270000000000000462e-01
9.254999999999999893e-01 9.264000000000000012e-01
9.255999999999999783e-01 9.266999999999999682e-01
9.254000000000000004e-01 9.266999999999999682e-01
9.252000000000000224e-01 9.264000000000000012e-01
9.249000000000000554e-01 9.261000000000000343e-01
9.243999999999999995e-01 9.261000000000000343e-01
9.246999999999999664e-01 9.264999999999999902e-01
9.245999999999999774e-01 9.265999999999999792e-01
9.249000000000000554e-01 9.268999999999999462e-01
9.251000000000000334e-01 9.266999999999999682e-01
9.254000000000000004e-01 9.266999999999999682e-01
9.253000000000000114e-01 9.273000000000000131e-01
9.253000000000000114e-01 9.268999999999999462e-01
9.253000000000000114e-01 9.266999999999999682e-01
9.251000000000000334e-01 9.266999999999999682e-01
9.252000000000000224e-01 9.273000000000000131e-01
9.250000000000000444e-01 9.266999999999999682e-01
9.245999999999999774e-01 9.273000000000000131e-01
9.250000000000000444e-01 9.273000000000000131e-01
9.251000000000000334e-01 9.273000000000000131e-01
9.247999999999999554e-01 9.272000000000000242e-01
9.251000000000000334e-01 9.267999999999999572e-01
9.254999999999999893e-01 9.268999999999999462e-01
9.251000000000000334e-01 9.275999999999999801e-01
9.253000000000000114e-01 9.274000000000000021e-01
9.249000000000000554e-01 9.273000000000000131e-01
9.254000000000000004e-01 9.271000000000000352e-01
9.251000000000000334e-01 9.270000000000000462e-01
9.254000000000000004e-01 9.271000000000000352e-01
9.252000000000000224e-01 9.268999999999999462e-01
9.253000000000000114e-01 9.274000000000000021e-01
9.252000000000000224e-01 9.275999999999999801e-01
9.249000000000000554e-01 9.278999999999999471e-01
9.251000000000000334e-01 9.273000000000000131e-01
9.253000000000000114e-01 9.266999999999999682e-01
9.253000000000000114e-01 9.265999999999999792e-01
9.251000000000000334e-01 9.266999999999999682e-01
9.253000000000000114e-01 9.264999999999999902e-01
9.254999999999999893e-01 9.265999999999999792e-01
9.254000000000000004e-01 9.262000000000000233e-01
9.250000000000000444e-01 9.263000000000000123e-01
9.252000000000000224e-01 9.264999999999999902e-01
9.252000000000000224e-01 9.264000000000000012e-01
9.251000000000000334e-01 9.266999999999999682e-01
9.251000000000000334e-01 9.268999999999999462e-01
9.251000000000000334e-01 9.268999999999999462e-01
9.254000000000000004e-01 9.266999999999999682e-01
9.254000000000000004e-01 9.264999999999999902e-01
9.252000000000000224e-01 9.263000000000000123e-01
9.256999999999999673e-01 9.264999999999999902e-01
9.253000000000000114e-01 9.272000000000000242e-01
9.253000000000000114e-01 9.272000000000000242e-01
9.254000000000000004e-01 9.264999999999999902e-01
9.251000000000000334e-01 9.264999999999999902e-01
9.247999999999999554e-01 9.270000000000000462e-01
9.250000000000000444e-01 9.271000000000000352e-01
9.252000000000000224e-01 9.265999999999999792e-01
9.251000000000000334e-01 9.266999999999999682e-01
9.251000000000000334e-01 9.262000000000000233e-01
9.254000000000000004e-01 9.265999999999999792e-01
9.253000000000000114e-01 9.267999999999999572e-01
9.254000000000000004e-01 9.272000000000000242e-01
9.251000000000000334e-01 9.264999999999999902e-01
9.252000000000000224e-01 9.266999999999999682e-01
9.254000000000000004e-01 9.264999999999999902e-01
9.253000000000000114e-01 9.272000000000000242e-01
9.257999999999999563e-01 9.264999999999999902e-01
9.258999999999999453e-01 9.258999999999999453e-01
9.256999999999999673e-01 9.263000000000000123e-01
9.254999999999999893e-01 9.266999999999999682e-01
9.253000000000000114e-01 9.266999999999999682e-01
9.254000000000000004e-01 9.268999999999999462e-01
9.254999999999999893e-01 9.270000000000000462e-01
9.254999999999999893e-01 9.268999999999999462e-01
9.256999999999999673e-01 9.268999999999999462e-01
9.253000000000000114e-01 9.267999999999999572e-01
9.249000000000000554e-01 9.272000000000000242e-01
9.251000000000000334e-01 9.273000000000000131e-01
9.249000000000000554e-01 9.264999999999999902e-01
9.246999999999999664e-01 9.268999999999999462e-01
9.252000000000000224e-01 9.264999999999999902e-01
9.254999999999999893e-01 9.264000000000000012e-01
9.250000000000000444e-01 9.268999999999999462e-01
9.251000000000000334e-01 9.265999999999999792e-01
9.251000000000000334e-01 9.264999999999999902e-01
9.250000000000000444e-01 9.267999999999999572e-01
9.249000000000000554e-01 9.265999999999999792e-01
9.250000000000000444e-01 9.266999999999999682e-01
9.249000000000000554e-01 9.266999999999999682e-01
9.252000000000000224e-01 9.270000000000000462e-01
9.251000000000000334e-01 9.268999999999999462e-01
9.252000000000000224e-01 9.270000000000000462e-01
9.256999999999999673e-01 9.272000000000000242e-01
9.253000000000000114e-01 9.274000000000000021e-01
9.254999999999999893e-01 9.272000000000000242e-01
9.254999999999999893e-01 9.274000000000000021e-01
9.250000000000000444e-01 9.272000000000000242e-01
9.255999999999999783e-01 9.274999999999999911e-01
9.256999999999999673e-01 9.274999999999999911e-01
9.251000000000000334e-01 9.271000000000000352e-01
9.255999999999999783e-01 9.270000000000000462e-01
9.250000000000000444e-01 9.270000000000000462e-01
9.250000000000000444e-01 9.270000000000000462e-01
9.252000000000000224e-01 9.274999999999999911e-01
9.246999999999999664e-01 9.274000000000000021e-01
9.245999999999999774e-01 9.268999999999999462e-01
9.250000000000000444e-01 9.271000000000000352e-01
9.249000000000000554e-01 9.267999999999999572e-01
9.254000000000000004e-01 9.270000000000000462e-01
9.255999999999999783e-01 9.266999999999999682e-01
9.257999999999999563e-01 9.264000000000000012e-01
9.253000000000000114e-01 9.268999999999999462e-01
9.251000000000000334e-01 9.270000000000000462e-01
9.250000000000000444e-01 9.268999999999999462e-01
9.247999999999999554e-01 9.271000000000000352e-01
9.252000000000000224e-01 9.270000000000000462e-01
9.250000000000000444e-01 9.270000000000000462e-01
9.246999999999999664e-01 9.270000000000000462e-01
9.251000000000000334e-01 9.266999999999999682e-01
9.250000000000000444e-01 9.272000000000000242e-01
9.254000000000000004e-01 9.273000000000000131e-01
9.250000000000000444e-01 9.274000000000000021e-01
9.254000000000000004e-01 9.272000000000000242e-01
9.253000000000000114e-01 9.270000000000000462e-01
9.254999999999999893e-01 9.273000000000000131e-01
9.256999999999999673e-01 9.265999999999999792e-01
9.256999999999999673e-01 9.267999999999999572e-01
9.251000000000000334e-01 9.264000000000000012e-01
9.252000000000000224e-01 9.263000000000000123e-01
9.254000000000000004e-01 9.264000000000000012e-01
9.252000000000000224e-01 9.264000000000000012e-01
9.253000000000000114e-01 9.263000000000000123e-01
9.256999999999999673e-01 9.262000000000000233e-01
9.254000000000000004e-01 9.265999999999999792e-01
9.254000000000000004e-01 9.263000000000000123e-01
9.253000000000000114e-01 9.262000000000000233e-01
9.249000000000000554e-01 9.264000000000000012e-01
9.246999999999999664e-01 9.264000000000000012e-01
9.246999999999999664e-01 9.264999999999999902e-01
9.243999999999999995e-01 9.261000000000000343e-01
9.243000000000000105e-01 9.264000000000000012e-01
9.245999999999999774e-01 9.261000000000000343e-01
9.246999999999999664e-01 9.263000000000000123e-01
9.245999999999999774e-01 9.263000000000000123e-01
9.249000000000000554e-01 9.262000000000000233e-01
9.243999999999999995e-01 9.263000000000000123e-01
9.245999999999999774e-01 9.258999999999999453e-01
9.249000000000000554e-01 9.261000000000000343e-01
9.249000000000000554e-01 9.258999999999999453e-01
9.249000000000000554e-01 9.262000000000000233e-01
9.244999999999999885e-01 9.264000000000000012e-01
9.250000000000000444e-01 9.260000000000000453e-01
9.249000000000000554e-01 9.260000000000000453e-01
9.249000000000000554e-01 9.261000000000000343e-01
9.245999999999999774e-01 9.265999999999999792e-01
9.246999999999999664e-01 9.264999999999999902e-01
9.244999999999999885e-01 9.261000000000000343e-01
9.242000000000000215e-01 9.258999999999999453e-01
9.242000000000000215e-01 9.263000000000000123e-01
9.243999999999999995e-01 9.260000000000000453e-01
9.246999999999999664e-01 9.254999999999999893e-01
9.243000000000000105e-01 9.261000000000000343e-01
9.243999999999999995e-01 9.260000000000000453e-01
9.244999999999999885e-01 9.260000000000000453e-01
9.246999999999999664e-01 9.260000000000000453e-01
9.246999999999999664e-01 9.257999999999999563e-01
9.243000000000000105e-01 9.257999999999999563e-01
9.243000000000000105e-01 9.254999999999999893e-01
9.243999999999999995e-01 9.254000000000000004e-01
9.242000000000000215e-01 9.247999999999999554e-01
9.241000000000000325e-01 9.252000000000000224e-01
9.240000000000000435e-01 9.249000000000000554e-01
9.243000000000000105e-01 9.250000000000000444e-01
9.243000000000000105e-01 9.249000000000000554e-01
9.243999999999999995e-01 9.247999999999999554e-01
9.243999999999999995e-01 9.247999999999999554e-01
9.243000000000000105e-01 9.251000000000000334e-01
9.244999999999999885e-01 9.252000000000000224e-01
9.243999999999999995e-01 9.257999999999999563e-01
9.246999999999999664e-01 9.252000000000000224e-01
9.251000000000000334e-01 9.245999999999999774e-01
9.249000000000000554e-01 9.247999999999999554e-01
9.249000000000000554e-01 9.250000000000000444e-01
9.243999999999999995e-01 9.250000000000000444e-01
9.237999999999999545e-01 9.249000000000000554e-01
9.234999999999999876e-01 9.249000000000000554e-01
9.237999999999999545e-01 9.247999999999999554e-01
9.237999999999999545e-01 9.251000000000000334e-01
9.237999999999999545e-01 9.253000000000000114e-01
9.242000000000000215e-01 9.254000000000000004e-01
9.237999999999999545e-01 9.251000000000000334e-01
9.237999999999999545e-01 9.249000000000000554e-01
9.236999999999999655e-01 9.252000000000000224e-01
9.234999999999999876e-01 9.254000000000000004e-01
9.233999999999999986e-01 9.254000000000000004e-01
9.232000000000000206e-01 9.249000000000000554e-01
9.237999999999999545e-01 9.251000000000000334e-01
9.235999999999999766e-01 9.255999999999999783e-01
9.232000000000000206e-01 9.252000000000000224e-01
9.233999999999999986e-01 9.254000000000000004e-01
9.233000000000000096e-01 9.254000000000000004e-01
9.226999999999999647e-01 9.260000000000000453e-01
9.226999999999999647e-01 9.256999999999999673e-01
9.229000000000000536e-01 9.255999999999999783e-01
9.225999999999999757e-01 9.264000000000000012e-01
9.233000000000000096e-01 9.261000000000000343e-01
9.233999999999999986e-01 9.262000000000000233e-01
9.234999999999999876e-01 9.263000000000000123e-01
9.235999999999999766e-01 9.263000000000000123e-01
9.235999999999999766e-01 9.261000000000000343e-01
9.232000000000000206e-01 9.265999999999999792e-01
9.233000000000000096e-01 9.262000000000000233e-01
9.233999999999999986e-01 9.260000000000000453e-01
9.233999999999999986e-01 9.257999999999999563e-01
9.233000000000000096e-01 9.261000000000000343e-01
9.231000000000000316e-01 9.262000000000000233e-01
9.233000000000000096e-01 9.266999999999999682e-01
9.229000000000000536e-01 9.270000000000000462e-01
9.229000000000000536e-01 9.264999999999999902e-01
9.232000000000000206e-01 9.263000000000000123e-01
9.233999999999999986e-01 9.262000000000000233e-01
9.233999999999999986e-01 9.261000000000000343e-01
9.235999999999999766e-01 9.263000000000000123e-01
9.235999999999999766e-01 9.263000000000000123e-01
9.233000000000000096e-01 9.264999999999999902e-01
9.233000000000000096e-01 9.268999999999999462e-01
9.235999999999999766e-01 9.271000000000000352e-01
9.232000000000000206e-01 9.270000000000000462e-01
9.232000000000000206e-01 9.265999999999999792e-01
9.232000000000000206e-01 9.268999999999999462e-01
9.233999999999999986e-01 9.264999999999999902e-01
9.235999999999999766e-01 9.265999999999999792e-01
9.234999999999999876e-01 9.263000000000000123e-01
9.235999999999999766e-01 9.266999999999999682e-01
9.232000000000000206e-01 9.270000000000000462e-01
9.237999999999999545e-01 9.271000000000000352e-01
9.239000000000000545e-01 9.265999999999999792e-01
9.239000000000000545e-01 9.264999999999999902e-01
9.233999999999999986e-01 9.270000000000000462e-01
9.234999999999999876e-01 9.271000000000000352e-01
9.234999999999999876e-01 9.267999999999999572e-01
9.234999999999999876e-01 9.272000000000000242e-01
9.237999999999999545e-01 9.265999999999999792e-01
9.235999999999999766e-01 9.267999999999999572e-01
9.233999999999999986e-01 9.270000000000000462e-01
9.235999999999999766e-01 9.267999999999999572e-01
9.241000000000000325e-01 9.268999999999999462e-01
9.239000000000000545e-01 9.265999999999999792e-01
9.241000000000000325e-01 9.264999999999999902e-01
9.242000000000000215e-01 9.263000000000000123e-01
9.241000000000000325e-01 9.264999999999999902e-01
9.243000000000000105e-01 9.264000000000000012e-01
9.243999999999999995e-01 9.266999999999999682e-01
9.239000000000000545e-01 9.268999999999999462e-01
9.243000000000000105e-01 9.267999999999999572e-01
9.237999999999999545e-01 9.265999999999999792e-01
9.236999999999999655e-01 9.268999999999999462e-01
9.241000000000000325e-01 9.267999999999999572e-01
9.241000000000000325e-01 9.268999999999999462e-01
9.242000000000000215e-01 9.270000000000000462e-01
9.237999999999999545e-01 9.265999999999999792e-01
9.240000000000000435e-01 9.265999999999999792e-01
9.235999999999999766e-01 9.264999999999999902e-01
9.236999999999999655e-01 9.264000000000000012e-01
9.240000000000000435e-01 9.261000000000000343e-01
9.243999999999999995e-01 9.262000000000000233e-01
9.241000000000000325e-01 9.263000000000000123e-01
9.240000000000000435e-01 9.263000000000000123e-01
9.237999999999999545e-01 9.263000000000000123e-01
9.234999999999999876e-01 9.264000000000000012e-01
9.242000000000000215e-01 9.264999999999999902e-01
9.235999999999999766e-01 9.264999999999999902e-01
9.236999999999999655e-01 9.261000000000000343e-01
9.233999999999999986e-01 9.262000000000000233e-01
9.233999999999999986e-01 9.264999999999999902e-01
9.233000000000000096e-01 9.266999999999999682e-01
9.232000000000000206e-01 9.271000000000000352e-01
9.233999999999999986e-01 9.272000000000000242e-01
9.235999999999999766e-01 9.274000000000000021e-01
9.233000000000000096e-01 9.272000000000000242e-01
9.231000000000000316e-01 9.272000000000000242e-01
9.225999999999999757e-01 9.272000000000000242e-01
9.233000000000000096e-01 9.272000000000000242e-01
9.233000000000000096e-01 9.271000000000000352e-01
9.233999999999999986e-01 9.270000000000000462e-01
9.235999999999999766e-01 9.273000000000000131e-01
9.233999999999999986e-01 9.278999999999999471e-01
9.239000000000000545e-01 9.275999999999999801e-01
9.234999999999999876e-01 9.276999999999999691e-01
9.237999999999999545e-01 9.272000000000000242e-01
9.241000000000000325e-01 9.271000000000000352e-01
9.243000000000000105e-01 9.270000000000000462e-01
9.243000000000000105e-01 9.273000000000000131e-01
9.241000000000000325e-01 9.273000000000000131e-01
9.240000000000000435e-01 9.271000000000000352e-01
9.240000000000000435e-01 9.273000000000000131e-01
9.242000000000000215e-01 9.272000000000000242e-01
9.242000000000000215e-01 9.271000000000000352e-01
9.241000000000000325e-01 9.271000000000000352e-01
9.243999999999999995e-01 9.274000000000000021e-01
9.244999999999999885e-01 9.274999999999999911e-01
9.242000000000000215e-01 9.272000000000000242e-01
9.244999999999999885e-01 9.275999999999999801e-01
9.240000000000000435e-01 9.277999999999999581e-01
9.235999999999999766e-01 9.277999999999999581e-01
9.240000000000000435e-01 9.276999999999999691e-01
9.239000000000000545e-01 9.275999999999999801e-01
9.234999999999999876e-01 9.270000000000000462e-01
9.234999999999999876e-01 9.272000000000000242e-01
9.234999999999999876e-01 9.272000000000000242e-01
9.236999999999999655e-01 9.273000000000000131e-01
9.236999999999999655e-01 9.274999999999999911e-01
9.236999999999999655e-01 9.275999999999999801e-01
9.233999999999999986e-01 9.277999999999999581e-01
9.235999999999999766e-01 9.280000000000000471e-01
9.237999999999999545e-01 9.280000000000000471e-01
9.233999999999999986e-01 9.278999999999999471e-01
9.235999999999999766e-01 9.277999999999999581e-01
9.235999999999999766e-01 9.276999999999999691e-01
9.235999999999999766e-01 9.277999999999999581e-01
9.234999999999999876e-01 9.276999999999999691e-01
9.233999999999999986e-01 9.277999999999999581e-01
9.237999999999999545e-01 9.273000000000000131e-01
9.237999999999999545e-01 9.274000000000000021e-01
9.239000000000000545e-01 9.280000000000000471e-01
9.237999999999999545e-01 9.280000000000000471e-01
9.233000000000000096e-01 9.275999999999999801e-01
9.229000000000000536e-01 9.277999999999999581e-01
9.233000000000000096e-01 9.275999999999999801e-01
9.233000000000000096e-01 9.274000000000000021e-01
9.232000000000000206e-01 9.274999999999999911e-01
9.231000000000000316e-01 9.274000000000000021e-01
9.230000000000000426e-01 9.272000000000000242e-01
9.229000000000000536e-01 9.277999999999999581e-01
9.227999999999999536e-01 9.268999999999999462e-01
9.232000000000000206e-01 9.264000000000000012e-01
9.229000000000000536e-01 9.275999999999999801e-01
9.230000000000000426e-01 9.274000000000000021e-01
9.229000000000000536e-01 9.268999999999999462e-01
9.230000000000000426e-01 9.267999999999999572e-01
9.230000000000000426e-01 9.265999999999999792e-01
9.226999999999999647e-01 9.270000000000000462e-01
9.226999999999999647e-01 9.266999999999999682e-01
9.233000000000000096e-01 9.267999999999999572e-01
9.231000000000000316e-01 9.270000000000000462e-01
9.233000000000000096e-01 9.268999999999999462e-01
9.233999999999999986e-01 9.271000000000000352e-01
9.233000000000000096e-01 9.272000000000000242e-01
9.233999999999999986e-01 9.270000000000000462e-01
9.232000000000000206e-01 9.267999999999999572e-01
9.229000000000000536e-01 9.268999999999999462e-01
9.225999999999999757e-01 9.271000000000000352e-01
9.225999999999999757e-01 9.267999999999999572e-01
9.225999999999999757e-01 9.266999999999999682e-01
9.225999999999999757e-01 9.266999999999999682e-01
9.227999999999999536e-01 9.264000000000000012e-01
9.225999999999999757e-01 9.271000000000000352e-01
9.226999999999999647e-01 9.272000000000000242e-01
9.223999999999999977e-01 9.274999999999999911e-01
9.223999999999999977e-01 9.272000000000000242e-01
9.227999999999999536e-01 9.274000000000000021e-01
9.225999999999999757e-01 9.273000000000000131e-01
9.223000000000000087e-01 9.276999999999999691e-01
9.223000000000000087e-01 9.272000000000000242e-01
9.229000000000000536e-01 9.274999999999999911e-01
9.230000000000000426e-01 9.273000000000000131e-01
9.224999999999999867e-01 9.273000000000000131e-01
9.227999999999999536e-01 9.276999999999999691e-01
9.225999999999999757e-01 9.274999999999999911e-01
9.224999999999999867e-01 9.275999999999999801e-01
9.226999999999999647e-01 9.274999999999999911e-01
9.226999999999999647e-01 9.270000000000000462e-01
9.224999999999999867e-01 9.267999999999999572e-01
9.223999999999999977e-01 9.273000000000000131e-01
9.222000000000000197e-01 9.271000000000000352e-01
9.224999999999999867e-01 9.272000000000000242e-01
9.223000000000000087e-01 9.274999999999999911e-01
9.223000000000000087e-01 9.271000000000000352e-01
9.225999999999999757e-01 9.270000000000000462e-01
9.224999999999999867e-01 9.270000000000000462e-01
9.222000000000000197e-01 9.268999999999999462e-01
9.222000000000000197e-01 9.274000000000000021e-01
9.221000000000000307e-01 9.274000000000000021e-01
9.224999999999999867e-01 9.271000000000000352e-01
9.225999999999999757e-01 9.272000000000000242e-01
9.225999999999999757e-01 9.270000000000000462e-01
9.223999999999999977e-01 9.266999999999999682e-01
9.226999999999999647e-01 9.266999999999999682e-01
9.229000000000000536e-01 9.270000000000000462e-01
9.226999999999999647e-01 9.266999999999999682e-01
9.227999999999999536e-01 9.267999999999999572e-01
9.225999999999999757e-01 9.270000000000000462e-01
9.224999999999999867e-01 9.270000000000000462e-01
9.227999999999999536e-01 9.274000000000000021e-01
9.233000000000000096e-01 9.272000000000000242e-01
9.232000000000000206e-01 9.271000000000000352e-01
9.231000000000000316e-01 9.270000000000000462e-01
9.230000000000000426e-01 9.271000000000000352e-01
9.229000000000000536e-01 9.273000000000000131e-01
9.225999999999999757e-01 9.272000000000000242e-01
9.230000000000000426e-01 9.268999999999999462e-01
9.224999999999999867e-01 9.270000000000000462e-01
9.223000000000000087e-01 9.267999999999999572e-01
9.226999999999999647e-01 9.270000000000000462e-01
9.223999999999999977e-01 9.274000000000000021e-01
9.224999999999999867e-01 9.274000000000000021e-01
9.223000000000000087e-01 9.273000000000000131e-01
9.223000000000000087e-01 9.273000000000000131e-01
9.223999999999999977e-01 9.275999999999999801e-01
9.224999999999999867e-01 9.273000000000000131e-01
9.227999999999999536e-01 9.277999999999999581e-01
9.229000000000000536e-01 9.275999999999999801e-01
9.223000000000000087e-01 9.277999999999999581e-01
9.223000000000000087e-01 9.280000000000000471e-01
9.229000000000000536e-01 9.277999999999999581e-01
9.231000000000000316e-01 9.276999999999999691e-01
9.234999999999999876e-01 9.274000000000000021e-01
9.231000000000000316e-01 9.276999999999999691e-01
9.233000000000000096e-01 9.276999999999999691e-01
9.237999999999999545e-01 9.275999999999999801e-01
9.236999999999999655e-01 9.275999999999999801e-01
9.235999999999999766e-01 9.274999999999999911e-01
9.236999999999999655e-01 9.271000000000000352e-01
9.236999999999999655e-01 9.277999999999999581e-01
9.237999999999999545e-01 9.272000000000000242e-01
9.236999999999999655e-01 9.273000000000000131e-01
9.236999999999999655e-01 9.270000000000000462e-01
9.239000000000000545e-01 9.275999999999999801e-01
9.239000000000000545e-01 9.274000000000000021e-01
9.236999999999999655e-01 9.275999999999999801e-01
9.235999999999999766e-01 9.275999999999999801e-01
9.242000000000000215e-01 9.277999999999999581e-01
9.240000000000000435e-01 9.277999999999999581e-01
9.243000000000000105e-01 9.276999999999999691e-01
9.239000000000000545e-01 9.275999999999999801e-01
9.242000000000000215e-01 9.274999999999999911e-01
9.243999999999999995e-01 9.282000000000000250e-01
9.245999999999999774e-01 9.276999999999999691e-01
9.246999999999999664e-01 9.275999999999999801e-01
9.244999999999999885e-01 9.274000000000000021e-01
9.245999999999999774e-01 9.273000000000000131e-01
9.246999999999999664e-01 9.274000000000000021e-01
9.245999999999999774e-01 9.278999999999999471e-01
9.245999999999999774e-01 9.281000000000000361e-01
9.246999999999999664e-01 9.283000000000000140e-01
9.244999999999999885e-01 9.281000000000000361e-01
9.241000000000000325e-01 9.274999999999999911e-01
9.240000000000000435e-01 9.275999999999999801e-01
9.243999999999999995e-01 9.277999999999999581e-01
9.241000000000000325e-01 9.274000000000000021e-01
9.243999999999999995e-01 9.274999999999999911e-01
9.243999999999999995e-01 9.274000000000000021e-01
9.244999999999999885e-01 9.266999999999999682e-01
9.246999999999999664e-01 9.270000000000000462e-01
9.245999999999999774e-01 9.276999999999999691e-01
9.246999999999999664e-01 9.274000000000000021e-01
9.243999999999999995e-01 9.274999999999999911e-01
9.244999999999999885e-01 9.270000000000000462e-01
9.250000000000000444e-01 9.270000000000000462e-01
9.255999999999999783e-01 9.270000000000000462e-01
9.251000000000000334e-01 9.272000000000000242e-01
9.254000000000000004e-01 9.271000000000000352e-01
9.253000000000000114e-01 9.273000000000000131e-01
9.249000000000000554e-01 9.277999999999999581e-01
9.247999999999999554e-01 9.280000000000000471e-01
9.250000000000000444e-01 9.280000000000000471e-01
9.247999999999999554e-01 9.276999999999999691e-01
9.250000000000000444e-01 9.278999999999999471e-01
9.251000000000000334e-01 9.278999999999999471e-01
9.251000000000000334e-01 9.281000000000000361e-01
9.253000000000000114e-01 9.278999999999999471e-01
9.254999999999999893e-01 9.277999999999999581e-01
9.251000000000000334e-01 9.274999999999999911e-01
9.254999999999999893e-01 9.275999999999999801e-01
9.254999999999999893e-01 9.278999999999999471e-01
9.251000000000000334e-01 9.277999999999999581e-01
9.252000000000000224e-01 9.275999999999999801e-01
9.253000000000000114e-01 9.278999999999999471e-01
9.250000000000000444e-01 9.276999999999999691e-01
9.254000000000000004e-01 9.275999999999999801e-01
9.253000000000000114e-01 9.271000000000000352e-01
9.254999999999999893e-01 9.273000000000000131e-01
9.255999999999999783e-01 9.275999999999999801e-01
9.251000000000000334e-01 9.276999999999999691e-01
9.250000000000000444e-01 9.277999999999999581e-01
9.250000000000000444e-01 9.276999999999999691e-01
9.257999999999999563e-01 9.276999999999999691e-01
9.253000000000000114e-01 9.275999999999999801e-01
9.254000000000000004e-01 9.276999999999999691e-01
9.250000000000000444e-01 9.275999999999999801e-01
9.252000000000000224e-01 9.270000000000000462e-01
9.252000000000000224e-01 9.274999999999999911e-01
9.252000000000000224e-01 9.270000000000000462e-01
9.250000000000000444e-01 9.272000000000000242e-01
9.254000000000000004e-01 9.270000000000000462e-01
9.255999999999999783e-01 9.267999999999999572e-01
9.257999999999999563e-01 9.270000000000000462e-01
9.256999999999999673e-01 9.272000000000000242e-01
9.254000000000000004e-01 9.272000000000000242e-01
9.255999999999999783e-01 9.268999999999999462e-01
9.254000000000000004e-01 9.274000000000000021e-01
9.253000000000000114e-01 9.268999999999999462e-01
9.253000000000000114e-01 9.268999999999999462e-01
9.255999999999999783e-01 9.268999999999999462e-01
9.252000000000000224e-01 9.266999999999999682e-01
9.253000000000000114e-01 9.265999999999999792e-01
9.251000000000000334e-01 9.265999999999999792e-01
9.253000000000000114e-01 9.264999999999999902e-01
9.250000000000000444e-01 9.263000000000000123e-01
9.250000000000000444e-01 9.265999999999999792e-01
9.245999999999999774e-01 9.264999999999999902e-01
9.253000000000000114e-01 9.264000000000000012e-01
9.254000000000000004e-01 9.270000000000000462e-01
9.257999999999999563e-01 9.270000000000000462e-01
9.257999999999999563e-01 9.274000000000000021e-01
9.255999999999999783e-01 9.271000000000000352e-01
9.251000000000000334e-01 9.270000000000000462e-01
9.253000000000000114e-01 9.274000000000000021e-01
9.252000000000000224e-01 9.272000000000000242e-01
9.254999999999999893e-01 9.268999999999999462e-01
9.252000000000000224e-01 9.271000000000000352e-01
9.257999999999999563e-01 9.268999999999999462e-01
9.249000000000000554e-01 9.267999999999999572e-01
9.251000000000000334e-01 9.267999999999999572e-01
9.252000000000000224e-01 9.273000000000000131e-01
9.254000000000000004e-01 9.266999999999999682e-01
9.255999999999999783e-01 9.272000000000000242e-01
9.254000000000000004e-01 9.273000000000000131e-01
9.253000000000000114e-01 9.270000000000000462e-01
9.254000000000000004e-01 9.267999999999999572e-01
9.251000000000000334e-01 9.270000000000000462e-01
9.255999999999999783e-01 9.274000000000000021e-01
9.250000000000000444e-01 9.270000000000000462e-01
9.254000000000000004e-01 9.268999999999999462e-01
9.257999999999999563e-01 9.270000000000000462e-01
9.254000000000000004e-01 9.276999999999999691e-01
9.254000000000000004e-01 9.270000000000000462e-01
9.254999999999999893e-01 9.268999999999999462e-01
9.256999999999999673e-01 9.271000000000000352e-01
9.255999999999999783e-01 9.266999999999999682e-01
9.253000000000000114e-01 9.267999999999999572e-01
9.254999999999999893e-01 9.266999999999999682e-01
9.254999999999999893e-01 9.268999999999999462e-01
9.254000000000000004e-01 9.273000000000000131e-01
9.252000000000000224e-01 9.273000000000000131e-01
9.254000000000000004e-01 9.275999999999999801e-01
9.251000000000000334e-01 9.274999999999999911e-01
9.253000000000000114e-01 9.271000000000000352e-01
9.246999999999999664e-01 9.274000000000000021e-01
9.247999999999999554e-01 9.273000000000000131e-01
9.251000000000000334e-01 9.272000000000000242e-01
9.247999999999999554e-01 9.271000000000000352e-01
9.249000000000000554e-01 9.272000000000000242e-01
9.251000000000000334e-01 9.270000000000000462e-01
9.250000000000000444e-01 9.274000000000000021e-01
9.250000000000000444e-01 9.277999999999999581e-01
9.251000000000000334e-01 9.274000000000000021e-01
9.249000000000000554e-01 9.274999999999999911e-01
9.254000000000000004e-01 9.277999999999999581e-01
9.250000000000000444e-01 9.274000000000000021e-01
9.250000000000000444e-01 9.271000000000000352e-01
9.251000000000000334e-01 9.274000000000000021e-01
9.243000000000000105e-01 9.276999999999999691e-01
9.246999999999999664e-01 9.272000000000000242e-01
9.255999999999999783e-01 9.274999999999999911e-01
9.257999999999999563e-01 9.276999999999999691e-01
9.255999999999999783e-01 9.280000000000000471e-01
9.256999999999999673e-01 9.275999999999999801e-01
9.254999999999999893e-01 9.278999999999999471e-01
9.254999999999999893e-01 9.277999999999999581e-01
9.255999999999999783e-01 9.272000000000000242e-01
9.256999999999999673e-01 9.270000000000000462e-01
9.255999999999999783e-01 9.271000000000000352e-01
9.260000000000000453e-01 9.266999999999999682e-01
9.257999999999999563e-01 9.267999999999999572e-01
9.257999999999999563e-01 9.271000000000000352e-01
9.255999999999999783e-01 9.266999999999999682e-01
9.258999999999999453e-01 9.264000000000000012e-01
9.254999999999999893e-01 9.272000000000000242e-01
9.260000000000000453e-01 9.271000000000000352e-01
9.257999999999999563e-01 9.267999999999999572e-01
9.256999999999999673e-01 9.265999999999999792e-01
9.255999999999999783e-01 9.271000000000000352e-01
9.254000000000000004e-01 9.270000000000000462e-01
9.254999999999999893e-01 9.268999999999999462e-01
9.255999999999999783e-01 9.270000000000000462e-01
9.263000000000000123e-01 9.274000000000000021e-01
9.260000000000000453e-01 9.274999999999999911e-01
9.258999999999999453e-01 9.273000000000000131e-01
9.256999999999999673e-01 9.273000000000000131e-01
9.254999999999999893e-01 9.274000000000000021e-01
9.252000000000000224e-01 9.272000000000000242e-01
9.254000000000000004e-01 9.266999999999999682e-01
9.254000000000000004e-01 9.267999999999999572e-01
9.254999999999999893e-01 9.264999999999999902e-01
9.254999999999999893e-01 9.265999999999999792e-01
9.257999999999999563e-01 9.262000000000000233e-01
9.262000000000000233e-01 9.262000000000000233e-01
9.256999999999999673e-01 9.261000000000000343e-01
9.260000000000000453e-01 9.263000000000000123e-01
9.263000000000000123e-01 9.264000000000000012e-01
9.257999999999999563e-01 9.262000000000000233e-01
9.262000000000000233e-01 9.265999999999999792e-01
9.257999999999999563e-01 9.266999999999999682e-01
9.252000000000000224e-01 9.260000000000000453e-01
9.257999999999999563e-01 9.258999999999999453e-01
9.255999999999999783e-01 9.260000000000000453e-01
9.251000000000000334e-01 9.254999999999999893e-01
9.250000000000000444e-01 9.254999999999999893e-01
9.254000000000000004e-01 9.258999999999999453e-01
9.252000000000000224e-01 9.261000000000000343e-01
9.252000000000000224e-01 9.256999999999999673e-01
9.251000000000000334e-01 9.258999999999999453e-01
9.254999999999999893e-01 9.258999999999999453e-01
9.255999999999999783e-01 9.260000000000000453e-01
9.250000000000000444e-01 9.263000000000000123e-01
9.256999999999999673e-01 9.264000000000000012e-01
9.256999999999999673e-01 9.260000000000000453e-01
9.254000000000000004e-01 9.263000000000000123e-01
9.255999999999999783e-01 9.264999999999999902e-01
9.256999999999999673e-01 9.260000000000000453e-01
9.258999999999999453e-01 9.264999999999999902e-01
9.255999999999999783e-01 9.268999999999999462e-01
9.256999999999999673e-01 9.268999999999999462e-01
9.258999999999999453e-01 9.264000000000000012e-01
9.260000000000000453e-01 9.265999999999999792e-01
9.261000000000000343e-01 9.263000000000000123e-01
9.264000000000000012e-01 9.264999999999999902e-01
9.264999999999999902e-01 9.267999999999999572e-01
9.264000000000000012e-01 9.270000000000000462e-01
9.264000000000000012e-01 9.272000000000000242e-01
9.265999999999999792e-01 9.264000000000000012e-01
9.265999999999999792e-01 9.265999999999999792e-01
9.264000000000000012e-01 9.268999999999999462e-01
9.256999999999999673e-01 9.264999999999999902e-01
9.257999999999999563e-01 9.264000000000000012e-01
9.266999999999999682e-01 9.264999999999999902e-01
9.258999999999999453e-01 9.264999999999999902e-01
9.261000000000000343e-01 9.265999999999999792e-01
9.263000000000000123e-01 9.267999999999999572e-01
9.264999999999999902e-01 9.270000000000000462e-01
9.262000000000000233e-01 9.270000000000000462e-01
9.257999999999999563e-01 9.271000000000000352e-01
9.261000000000000343e-01 9.266999999999999682e-01
9.262000000000000233e-01 9.267999999999999572e-01
9.262000000000000233e-01 9.270000000000000462e-01
9.264000000000000012e-01 9.265999999999999792e-01
9.263000000000000123e-01 9.273000000000000131e-01
9.265999999999999792e-01 9.272000000000000242e-01
9.257999999999999563e-01 9.267999999999999572e-01
9.266999999999999682e-01 9.268999999999999462e-01
9.265999999999999792e-01 9.272000000000000242e-01
9.263000000000000123e-01 9.273000000000000131e-01
9.261000000000000343e-01 9.276999999999999691e-01
9.260000000000000453e-01 9.275999999999999801e-01
9.257999999999999563e-01 9.273000000000000131e-01
9.258999999999999453e-01 9.274000000000000021e-01
9.261000000000000343e-01 9.275999999999999801e-01
9.255999999999999783e-01 9.273000000000000131e-01
9.255999999999999783e-01 9.271000000000000352e-01
9.255999999999999783e-01 9.274000000000000021e-01
9.255999999999999783e-01 9.271000000000000352e-01
9.254000000000000004e-01 9.267999999999999572e-01
9.257999999999999563e-01 9.266999999999999682e-01
9.257999999999999563e-01 9.267999999999999572e-01
9.255999999999999783e-01 9.274000000000000021e-01
9.247999999999999554e-01 9.273000000000000131e-01
9.253000000000000114e-01 9.268999999999999462e-01
9.253000000000000114e-01 9.265999999999999792e-01
9.253000000000000114e-01 9.263000000000000123e-01
9.250000000000000444e-01 9.267999999999999572e-01
9.250000000000000444e-01 9.264999999999999902e-01
9.253000000000000114e-01 9.264000000000000012e-01
9.246999999999999664e-01 9.263000000000000123e-01
9.247999999999999554e-01 9.266999999999999682e-01
9.253000000000000114e-01 9.267999999999999572e-01
9.251000000000000334e-01 9.267999999999999572e-01
9.254000000000000004e-01 9.271000000000000352e-01
9.250000000000000444e-01 9.266999999999999682e-01
9.254000000000000004e-01 9.264999999999999902e-01
9.249000000000000554e-01 9.267999999999999572e-01
9.255999999999999783e-01 9.266999999999999682e-01
9.256999999999999673e-01 9.265999999999999792e-01
9.254999999999999893e-01 9.271000000000000352e-01
9.256999999999999673e-01 9.266999999999999682e-01
9.256999999999999673e-01 9.270000000000000462e-01
9.256999999999999673e-01 9.270000000000000462e-01
9.263000000000000123e-01 9.271000000000000352e-01
9.261000000000000343e-01 9.273000000000000131e-01
9.260000000000000453e-01 9.272000000000000242e-01
9.260000000000000453e-01 9.271000000000000352e-01
9.257999999999999563e-01 9.270000000000000462e-01
9.260000000000000453e-01 9.266999999999999682e-01
9.258999999999999453e-01 9.268999999999999462e-01
9.264000000000000012e-01 9.271000000000000352e-01
9.261000000000000343e-01 9.272000000000000242e-01
9.262000000000000233e-01 9.272000000000000242e-01
9.262000000000000233e-01 9.266999999999999682e-01
9.264000000000000012e-01 9.264000000000000012e-01
9.264999999999999902e-01 9.264999999999999902e-01
9.264000000000000012e-01 9.266999999999999682e-01
9.264000000000000012e-01 9.270000000000000462e-01
9.258999999999999453e-01 9.271000000000000352e-01
9.260000000000000453e-01 9.266999999999999682e-01
9.258999999999999453e-01 9.267999999999999572e-01
9.260000000000000453e-01 9.271000000000000352e-01
9.260000000000000453e-01 9.273000000000000131e-01
9.260000000000000453e-01 9.274999999999999911e-01
9.263000000000000123e-01 9.273000000000000131e-01
9.260000000000000453e-01 9.274999999999999911e-01
9.263000000000000123e-01 9.272000000000000242e-01
9.263000000000000123e-01 9.272000000000000242e-01
9.264000000000000012e-01 9.272000000000000242e-01
9.263000000000000123e-01 9.274000000000000021e-01
9.260000000000000453e-01 9.274999999999999911e-01
9.256999999999999673e-01 9.272000000000000242e-01
9.257999999999999563e-01 9.271000000000000352e-01
9.261000000000000343e-01 9.271000000000000352e-01
9.255999999999999783e-01 9.270000000000000462e-01
9.255999999999999783e-01 9.271000000000000352e-01
9.254999999999999893e-01 9.267999999999999572e-01
9.254999999999999893e-01 9.270000000000000462e-01
9.252000000000000224e-01 9.272000000000000242e-01
9.255999999999999783e-01 9.268999999999999462e-01
9.254999999999999893e-01 9.270000000000000462e-01
9.258999999999999453e-01 9.266999999999999682e-01
9.262000000000000233e-01 9.266999999999999682e-01
9.261000000000000343e-01 9.267999999999999572e-01
9.261000000000000343e-01 9.266999999999999682e-01
9.255999999999999783e-01 9.270000000000000462e-01
9.255999999999999783e-01 9.267999999999999572e-01
9.257999999999999563e-01 9.264000000000000012e-01
9.254999999999999893e-01 9.265999999999999792e-01
9.255999999999999783e-01 9.261000000000000343e-01
9.256999999999999673e-01 9.263000000000000123e-01
9.254999999999999893e-01 9.262000000000000233e-01
9.256999999999999673e-01 9.263000000000000123e-01
9.257999999999999563e-01 9.260000000000000453e-01
9.257999999999999563e-01 9.257999999999999563e-01
9.258999999999999453e-01 9.258999999999999453e-01
9.261000000000000343e-01 9.258999999999999453e-01
9.263000000000000123e-01 9.258999999999999453e-01
9.262000000000000233e-01 9.260000000000000453e-01
9.260000000000000453e-01 9.265999999999999792e-01
9.256999999999999673e-01 9.270000000000000462e-01
9.257999999999999563e-01 9.267999999999999572e-01
9.255999999999999783e-01 9.265999999999999792e-01
9.256999999999999673e-01 9.268999999999999462e-01
9.257999999999999563e-01 9.267999999999999572e-01
9.256999999999999673e-01 9.264000000000000012e-01
9.254000000000000004e-01 9.268999999999999462e-01
9.253000000000000114e-01 9.268999999999999462e-01
9.254000000000000004e-01 9.265999999999999792e-01
9.253000000000000114e-01 9.267999999999999572e-01
9.255999999999999783e-01 9.270000000000000462e-01
9.255999999999999783e-01 9.271000000000000352e-01
9.253000000000000114e-01 9.270000000000000462e-01
9.255999999999999783e-01 9.271000000000000352e-01
9.253000000000000114e-01 9.268999999999999462e-01
9.255999999999999783e-01 9.268999999999999462e-01
9.254000000000000004e-01 9.271000000000000352e-01
9.253000000000000114e-01 9.268999999999999462e-01
9.254999999999999893e-01 9.268999999999999462e-01
9.262000000000000233e-01 9.267999999999999572e-01
9.261000000000000343e-01 9.274999999999999911e-01
9.264999999999999902e-01 9.271000000000000352e-01
9.264000000000000012e-01 9.271000000000000352e-01
9.262000000000000233e-01 9.270000000000000462e-01
9.265999999999999792e-01 9.266999999999999682e-01
9.267999999999999572e-01 9.264999999999999902e-01
9.263000000000000123e-01 9.265999999999999792e-01
9.262000000000000233e-01 9.270000000000000462e-01
9.262000000000000233e-01 9.276999999999999691e-01
9.260000000000000453e-01 9.273000000000000131e-01
9.263000000000000123e-01 9.273000000000000131e-01
9.266999999999999682e-01 9.277999999999999581e-01
9.264999999999999902e-01 9.271000000000000352e-01
9.262000000000000233e-01 9.277999999999999581e-01
9.260000000000000453e-01 9.270000000000000462e-01
9.260000000000000453e-01 9.271000000000000352e-01
9.257999999999999563e-01 9.274999999999999911e-01
9.258999999999999453e-01 9.277999999999999581e-01
9.258999999999999453e-01 9.277999999999999581e-01
9.260000000000000453e-01 9.278999999999999471e-01
9.261000000000000343e-01 9.275999999999999801e-01
9.257999999999999563e-01 9.276999999999999691e-01
9.262000000000000233e-01 9.273000000000000131e-01
9.255999999999999783e-01 9.274000000000000021e-01
9.258999999999999453e-01 9.273000000000000131e-01
9.258999999999999453e-01 9.274999999999999911e-01
9.262000000000000233e-01 9.272000000000000242e-01
9.260000000000000453e-01 9.275999999999999801e-01
9.255999999999999783e-01 9.273000000000000131e-01
9.257999999999999563e-01 9.270000000000000462e-01
9.263000000000000123e-01 9.268999999999999462e-01
9.260000000000000453e-01 9.270000000000000462e-01
9.261000000000000343e-01 9.268999999999999462e-01
9.260000000000000453e-01 9.266999999999999682e-01
9.263000000000000123e-01 9.272000000000000242e-01
9.261000000000000343e-01 9.271000000000000352e-01
9.262000000000000233e-01 9.268999999999999462e-01
9.262000000000000233e-01 9.272000000000000242e-01
9.264999999999999902e-01 9.266999999999999682e-01
9.264000000000000012e-01 9.268999999999999462e-01
9.265999999999999792e-01 9.268999999999999462e-01
9.262000000000000233e-01 9.268999999999999462e-01
9.264000000000000012e-01 9.273000000000000131e-01
9.264000000000000012e-01 9.273000000000000131e-01
9.263000000000000123e-01 9.270000000000000462e-01
9.256999999999999673e-01 9.274000000000000021e-01
9.257999999999999563e-01 9.274999999999999911e-01
9.261000000000000343e-01 9.273000000000000131e-01
9.256999999999999673e-01 9.272000000000000242e-01
9.257999999999999563e-01 9.271000000000000352e-01
9.252000000000000224e-01 9.272000000000000242e-01
9.253000000000000114e-01 9.265999999999999792e-01
9.252000000000000224e-01 9.270000000000000462e-01
9.256999999999999673e-01 9.271000000000000352e-01
9.255999999999999783e-01 9.271000000000000352e-01
9.261000000000000343e-01 9.267999999999999572e-01
9.258999999999999453e-01 9.263000000000000123e-01
9.258999999999999453e-01 9.264999999999999902e-01
9.257999999999999563e-01 9.267999999999999572e-01
9.260000000000000453e-01 9.270000000000000462e-01
9.256999999999999673e-01 9.267999999999999572e-01
9.254000000000000004e-01 9.265999999999999792e-01
9.258999999999999453e-01 9.268999999999999462e-01
9.257999999999999563e-01 9.265999999999999792e-01
9.256999999999999673e-01 9.263000000000000123e-01
9.256999999999999673e-01 9.266999999999999682e-01
9.257999999999999563e-01 9.267999999999999572e-01
9.260000000000000453e-01 9.267999999999999572e-01
9.261000000000000343e-01 9.268999999999999462e-01
9.260000000000000453e-01 9.271000000000000352e-01
9.257999999999999563e-01 9.274999999999999911e-01
9.257999999999999563e-01 9.268999999999999462e-01
9.263000000000000123e-01 9.272000000000000242e-01
9.261000000000000343e-01 9.274999999999999911e-01
9.261000000000000343e-01 9.277999999999999581e-01
9.256999999999999673e-01 9.277999999999999581e-01
9.254999999999999893e-01 9.274000000000000021e-01
9.254999999999999893e-01 9.274999999999999911e-01
9.255999999999999783e-01 9.278999999999999471e-01
9.261000000000000343e-01 9.274999999999999911e-01
9.255999999999999783e-01 9.275999999999999801e-01
9.255999999999999783e-01 9.275999999999999801e-01
9.255999999999999783e-01 9.277999999999999581e-01
9.256999999999999673e-01 9.274000000000000021e-01
9.257999999999999563e-01 9.271000000000000352e-01
9.256999999999999673e-01 9.273000000000000131e-01
9.262000000000000233e-01 9.272000000000000242e-01
9.261000000000000343e-01 9.273000000000000131e-01
9.256999999999999673e-01 9.270000000000000462e-01
9.254999999999999893e-01 9.272000000000000242e-01
9.256999999999999673e-01 9.274999999999999911e-01
9.257999999999999563e-01 9.281000000000000361e-01
9.258999999999999453e-01 9.280000000000000471e-01
9.258999999999999453e-01 9.278999999999999471e-01
9.261000000000000343e-01 9.277999999999999581e-01
9.255999999999999783e-01 9.276999999999999691e-01
9.257999999999999563e-01 9.284000000000000030e-01
9.252000000000000224e-01 9.281000000000000361e-01
9.249000000000000554e-01 9.282000000000000250e-01
9.252000000000000224e-01 9.280000000000000471e-01
9.245999999999999774e-01 9.275999999999999801e-01
9.245999999999999774e-01 9.275999999999999801e-01
9.245999999999999774e-01 9.280000000000000471e-01
9.244999999999999885e-01 9.281000000000000361e-01
9.244999999999999885e-01 9.276999999999999691e-01
9.245999999999999774e-01 9.281000000000000361e-01
9.246999999999999664e-01 9.280000000000000471e-01
9.244999999999999885e-01 9.275999999999999801e-01
9.244999999999999885e-01 9.275999999999999801e-01
9.243999999999999995e-01 9.277999999999999581e-01
9.244999999999999885e-01 9.275999999999999801e-01
9.245999999999999774e-01 9.281000000000000361e-01
9.246999999999999664e-01 9.276999999999999691e-01
9.246999999999999664e-01 9.274000000000000021e-01
9.247999999999999554e-01 9.276999999999999691e-01
9.244999999999999885e-01 9.281000000000000361e-01
9.245999999999999774e-01 9.278999999999999471e-01
9.250000000000000444e-01 9.274999999999999911e-01
9.247999999999999554e-01 9.273000000000000131e-01
9.243000000000000105e-01 9.272000000000000242e-01
9.244999999999999885e-01 9.275999999999999801e-01
9.247999999999999554e-01 9.280000000000000471e-01
9.245999999999999774e-01 9.280000000000000471e-01
9.250000000000000444e-01 9.277999999999999581e-01
9.251000000000000334e-01 9.271000000000000352e-01
9.250000000000000444e-01 9.273000000000000131e-01
9.247999999999999554e-01 9.277999999999999581e-01
9.244999999999999885e-01 9.274000000000000021e-01
9.244999999999999885e-01 9.276999999999999691e-01
9.244999999999999885e-01 9.275999999999999801e-01
9.246999999999999664e-01 9.274000000000000021e-01
9.244999999999999885e-01 9.274000000000000021e-01
9.247999999999999554e-01 9.276999999999999691e-01
9.245999999999999774e-01 9.280000000000000471e-01
9.246999999999999664e-01 9.280000000000000471e-01
9.247999999999999554e-01 9.276999999999999691e-01
9.247999999999999554e-01 9.275999999999999801e-01
9.249000000000000554e-01 9.270000000000000462e-01
9.251000000000000334e-01 9.271000000000000352e-01
9.254000000000000004e-01 9.274999999999999911e-01
9.249000000000000554e-01 9.274999999999999911e-01
9.243000000000000105e-01 9.275999999999999801e-01
9.241000000000000325e-01 9.274000000000000021e-01
9.243000000000000105e-01 9.274999999999999911e-01
9.245999999999999774e-01 9.275999999999999801e-01
9.246999999999999664e-01 9.273000000000000131e-01
9.250000000000000444e-01 9.274999999999999911e-01
9.247999999999999554e-01 9.275999999999999801e-01
9.249000000000000554e-01 9.274999999999999911e-01
9.244999999999999885e-01 9.274999999999999911e-01
9.244999999999999885e-01 9.272000000000000242e-01
9.243999999999999995e-01 9.268999999999999462e-01
9.249000000000000554e-01 9.271000000000000352e-01
9.247999999999999554e-01 9.274999999999999911e-01
9.243999999999999995e-01 9.272000000000000242e-01
9.246999999999999664e-01 9.271000000000000352e-01
9.246999999999999664e-01 9.267999999999999572e-01
9.250000000000000444e-01 9.271000000000000352e-01
9.247999999999999554e-01 9.270000000000000462e-01
9.246999999999999664e-01 9.272000000000000242e-01
9.245999999999999774e-01 9.270000000000000462e-01
9.244999999999999885e-01 9.271000000000000352e-01
9.244999999999999885e-01 9.271000000000000352e-01
9.243000000000000105e-01 9.271000000000000352e-01
9.244999999999999885e-01 9.274000000000000021e-01
9.243999999999999995e-01 9.273000000000000131e-01
9.240000000000000435e-01 9.268999999999999462e-01
9.244999999999999885e-01 9.266999999999999682e-01
9.246999999999999664e-01 9.264000000000000012e-01
9.251000000000000334e-01 9.267999999999999572e-01
9.254999999999999893e-01 9.265999999999999792e-01
9.254000000000000004e-01 9.270000000000000462e-01
9.251000000000000334e-01 9.271000000000000352e-01
9.250000000000000444e-01 9.275999999999999801e-01
9.246999999999999664e-01 9.270000000000000462e-01
9.249000000000000554e-01 9.266999999999999682e-01
9.250000000000000444e-01 9.264000000000000012e-01
9.250000000000000444e-01 9.266999999999999682e-01
9.245999999999999774e-01 9.264999999999999902e-01
9.243000000000000105e-01 9.266999999999999682e-01
9.246999999999999664e-01 9.264999999999999902e-01
9.246999999999999664e-01 9.264000000000000012e-01
9.244999999999999885e-01 9.268999999999999462e-01
9.246999999999999664e-01 9.271000000000000352e-01
9.245999999999999774e-01 9.265999999999999792e-01
9.245999999999999774e-01 9.268999999999999462e-01
9.246999999999999664e-01 9.271000000000000352e-01
9.246999999999999664e-01 9.271000000000000352e-01
9.246999999999999664e-01 9.274999999999999911e-01
9.250000000000000444e-01 9.274999999999999911e-01
9.250000000000000444e-01 9.274999999999999911e-01
9.254000000000000004e-01 9.277999999999999581e-01
9.254000000000000004e-01 9.277999999999999581e-01
9.250000000000000444e-01 9.277999999999999581e-01
9.249000000000000554e-01 9.277999999999999581e-01
9.250000000000000444e-01 9.273000000000000131e-01
9.245999999999999774e-01 9.271000000000000352e-01
9.246999999999999664e-01 9.271000000000000352e-01
9.250000000000000444e-01 9.271000000000000352e-01
9.244999999999999885e-01 9.274000000000000021e-01
9.249000000000000554e-01 9.277999999999999581e-01
9.254000000000000004e-01 9.281000000000000361e-01
9.253000000000000114e-01 9.275999999999999801e-01
9.253000000000000114e-01 9.274999999999999911e-01
9.254000000000000004e-01 9.274999999999999911e-01
9.253000000000000114e-01 9.272000000000000242e-01
9.255999999999999783e-01 9.271000000000000352e-01
9.254000000000000004e-01 9.277999999999999581e-01
9.251000000000000334e-01 9.278999999999999471e-01
9.254999999999999893e-01 9.280000000000000471e-01
9.256999999999999673e-01 9.280000000000000471e-01
9.256999999999999673e-01 9.276999999999999691e-01
9.254999999999999893e-01 9.282000000000000250e-01
9.256999999999999673e-01 9.278999999999999471e-01
9.254999999999999893e-01 9.278999999999999471e-01
9.256999999999999673e-01 9.275999999999999801e-01
9.256999999999999673e-01 9.282000000000000250e-01
9.250000000000000444e-01 9.280000000000000471e-01
9.254999999999999893e-01 9.274000000000000021e-01
9.257999999999999563e-01 9.275999999999999801e-01
9.253000000000000114e-01 9.278999999999999471e-01
9.254999999999999893e-01 9.276999999999999691e-01
9.253000000000000114e-01 9.277999999999999581e-01
9.252000000000000224e-01 9.278999999999999471e-01
9.250000000000000444e-01 9.274999999999999911e-01
9.255999999999999783e-01 9.277999999999999581e-01
9.255999999999999783e-01 9.276999999999999691e-01
9.251000000000000334e-01 9.280000000000000471e-01
9.253000000000000114e-01 9.275999999999999801e-01
9.253000000000000114e-01 9.277999999999999581e-01
9.250000000000000444e-01 9.277999999999999581e-01
9.250000000000000444e-01 9.278999999999999471e-01
9.252000000000000224e-01 9.275999999999999801e-01
9.254000000000000004e-01 9.275999999999999801e-01
9.252000000000000224e-01 9.276999999999999691e-01
9.254000000000000004e-01 9.276999999999999691e-01
9.252000000000000224e-01 9.278999999999999471e-01
9.253000000000000114e-01 9.276999999999999691e-01
9.254000000000000004e-01 9.274000000000000021e-01
9.253000000000000114e-01 9.278999999999999471e-01
9.254000000000000004e-01 9.278999999999999471e-01
9.251000000000000334e-01 9.275999999999999801e-01
9.249000000000000554e-01 9.280000000000000471e-01
9.251000000000000334e-01 9.281000000000000361e-01
9.247999999999999554e-01 9.281000000000000361e-01
9.250000000000000444e-01 9.282000000000000250e-01
9.246999999999999664e-01 9.276999999999999691e-01
9.245999999999999774e-01 9.273000000000000131e-01
9.245999999999999774e-01 9.273000000000000131e-01
9.244999999999999885e-01 9.274999999999999911e-01
9.243999999999999995e-01 9.274000000000000021e-01
9.241000000000000325e-01 9.278999999999999471e-01
9.241000000000000325e-01 9.276999999999999691e-01
9.244999999999999885e-01 9.283000000000000140e-01
9.249000000000000554e-01 9.281000000000000361e-01
9.244999999999999885e-01 9.281000000000000361e-01
9.247999999999999554e-01 9.282000000000000250e-01
9.243000000000000105e-01 9.280000000000000471e-01
9.242000000000000215e-01 9.280000000000000471e-01
9.241000000000000325e-01 9.276999999999999691e-01
9.237999999999999545e-01 9.284999999999999920e-01
9.240000000000000435e-01 9.286999999999999700e-01
9.239000000000000545e-01 9.286999999999999700e-01
9.241000000000000325e-01 9.287999999999999590e-01
9.242000000000000215e-01 9.290000000000000480e-01
9.245999999999999774e-01 9.285999999999999810e-01
9.243000000000000105e-01 9.285999999999999810e-01
9.243000000000000105e-01 9.285999999999999810e-01
9.243000000000000105e-01 9.286999999999999700e-01
9.245999999999999774e-01 9.285999999999999810e-01
9.244999999999999885e-01 9.286999999999999700e-01
9.246999999999999664e-01 9.290000000000000480e-01
9.247999999999999554e-01 9.285999999999999810e-01
9.246999999999999664e-01 9.286999999999999700e-01
9.247999999999999554e-01 9.286999999999999700e-01
9.245999999999999774e-01 9.287999999999999590e-01
9.245999999999999774e-01 9.287999999999999590e-01
9.244999999999999885e-01 9.282000000000000250e-01
9.247999999999999554e-01 9.288999999999999480e-01
9.250000000000000444e-01 9.288999999999999480e-01
9.243999999999999995e-01 9.290000000000000480e-01
9.247999999999999554e-01 9.291000000000000369e-01
9.244999999999999885e-01 9.286999999999999700e-01
9.247999999999999554e-01 9.281000000000000361e-01
9.247999999999999554e-01 9.285999999999999810e-01
9.244999999999999885e-01 9.284999999999999920e-01
9.240000000000000435e-01 9.288999999999999480e-01
9.242000000000000215e-01 9.286999999999999700e-01
9.241000000000000325e-01 9.284000000000000030e-01
9.240000000000000435e-01 9.285999999999999810e-01
9.240000000000000435e-01 9.287999999999999590e-01
9.236999999999999655e-01 9.285999999999999810e-01
9.243000000000000105e-01 9.288999999999999480e-01
9.243000000000000105e-01 9.285999999999999810e-01
9.243000000000000105e-01 9.293000000000000149e-01
9.243999999999999995e-01 9.287999999999999590e-01
9.245999999999999774e-01 9.288999999999999480e-01
9.249000000000000554e-01 9.287999999999999590e-01
9.247999999999999554e-01 9.284999999999999920e-01
9.243999999999999995e-01 9.287999999999999590e-01
9.249000000000000554e-01 9.290000000000000480e-01
9.247999999999999554e-01 9.292000000000000259e-01
9.243999999999999995e-01 9.288999999999999480e-01
9.243000000000000105e-01 9.294000000000000039e-01
9.243000000000000105e-01 9.291000000000000369e-01
9.244999999999999885e-01 9.291000000000000369e-01
9.245999999999999774e-01 9.285999999999999810e-01
9.245999999999999774e-01 9.287999999999999590e-01
9.244999999999999885e-01 9.287999999999999590e-01
9.244999999999999885e-01 9.290000000000000480e-01
9.242000000000000215e-01 9.282000000000000250e-01
9.240000000000000435e-01 9.284000000000000030e-01
9.243999999999999995e-01 9.286999999999999700e-01
9.237999999999999545e-01 9.281000000000000361e-01
9.244999999999999885e-01 9.281000000000000361e-01
9.243999999999999995e-01 9.284999999999999920e-01
9.244999999999999885e-01 9.283000000000000140e-01
9.245999999999999774e-01 9.277999999999999581e-01
9.243000000000000105e-01 9.282000000000000250e-01
9.241000000000000325e-01 9.278999999999999471e-01
9.241000000000000325e-01 9.278999999999999471e-01
9.237999999999999545e-01 9.283000000000000140e-01
9.240000000000000435e-01 9.278999999999999471e-01
9.243999999999999995e-01 9.277999999999999581e-01
9.240000000000000435e-01 9.277999999999999581e-01
9.237999999999999545e-01 9.281000000000000361e-01
9.235999999999999766e-01 9.284000000000000030e-01
9.234999999999999876e-01 9.284000000000000030e-01
9.237999999999999545e-01 9.283000000000000140e-01
9.240000000000000435e-01 9.285999999999999810e-01
9.240000000000000435e-01 9.286999999999999700e-01
9.237999999999999545e-01 9.283000000000000140e-01
9.239000000000000545e-01 9.282000000000000250e-01
9.242000000000000215e-01 9.281000000000000361e-01
9.242000000000000215e-01 9.286999999999999700e-01
9.242000000000000215e-01 9.284000000000000030e-01
9.242000000000000215e-01 9.281000000000000361e-01
9.241000000000000325e-01 9.284999999999999920e-01
9.236999999999999655e-01 9.284000000000000030e-01
9.243000000000000105e-01 9.277999999999999581e-01
9.239000000000000545e-01 9.280000000000000471e-01
9.243000000000000105e-01 9.277999999999999581e-01
9.243000000000000105e-01 9.275999999999999801e-01
9.243999999999999995e-01 9.277999999999999581e-01
9.243000000000000105e-01 9.276999999999999691e-01
9.243000000000000105e-01 9.275999999999999801e-01
9.240000000000000435e-01 9.277999999999999581e-01
9.239000000000000545e-01 9.274999999999999911e-01
9.236999999999999655e-01 9.277999999999999581e-01
9.240000000000000435e-01 9.283000000000000140e-01
9.240000000000000435e-01 9.281000000000000361e-01
9.240000000000000435e-01 9.278999999999999471e-01
9.240000000000000435e-01 9.283000000000000140e-01
9.243000000000000105e-01 9.281000000000000361e-01
9.241000000000000325e-01 9.281000000000000361e-01
9.241000000000000325e-01 9.284000000000000030e-01
9.242000000000000215e-01 9.284999999999999920e-01
9.245999999999999774e-01 9.286999999999999700e-01
9.243999999999999995e-01 9.286999999999999700e-01
9.245999999999999774e-01 9.284999999999999920e-01
9.243999999999999995e-01 9.285999999999999810e-01
9.242000000000000215e-01 9.285999999999999810e-01
9.241000000000000325e-01 9.285999999999999810e-01
9.237999999999999545e-01 9.285999999999999810e-01
9.239000000000000545e-01 9.284999999999999920e-01
9.236999999999999655e-01 9.284000000000000030e-01
9.236999999999999655e-01 9.285999999999999810e-01
9.240000000000000435e-01 9.281000000000000361e-01
9.240000000000000435e-01 9.283000000000000140e-01
9.239000000000000545e-01 9.282000000000000250e-01
9.237999999999999545e-01 9.283000000000000140e-01
9.240000000000000435e-01 9.284000000000000030e-01
9.241000000000000325e-01 9.284000000000000030e-01
9.242000000000000215e-01 9.282000000000000250e-01
9.243000000000000105e-01 9.281000000000000361e-01
9.243000000000000105e-01 9.281000000000000361e-01
9.239000000000000545e-01 9.285999999999999810e-01
9.244999999999999885e-01 9.284000000000000030e-01
9.241000000000000325e-01 9.282000000000000250e-01
9.243000000000000105e-01 9.284999999999999920e-01
9.239000000000000545e-01 9.281000000000000361e-01
9.236999999999999655e-01 9.282000000000000250e-01
9.232000000000000206e-01 9.284000000000000030e-01
9.233999999999999986e-01 9.284000000000000030e-01
9.235999999999999766e-01 9.285999999999999810e-01
9.237999999999999545e-01 9.285999999999999810e-01
9.240000000000000435e-01 9.281000000000000361e-01
9.235999999999999766e-01 9.281000000000000361e-01
9.236999999999999655e-01 9.283000000000000140e-01
9.231000000000000316e-01 9.281000000000000361e-01
9.233000000000000096e-01 9.281000000000000361e-01
9.233000000000000096e-01 9.278999999999999471e-01
9.234999999999999876e-01 9.284999999999999920e-01
9.235999999999999766e-01 9.278999999999999471e-01
9.227999999999999536e-01 9.287999999999999590e-01
9.224999999999999867e-01 9.282000000000000250e-01
9.224999999999999867e-01 9.284999999999999920e-01
9.224999999999999867e-01 9.284000000000000030e-01
9.227999999999999536e-01 9.283000000000000140e-01
9.227999999999999536e-01 9.277999999999999581e-01
9.229000000000000536e-01 9.283000000000000140e-01
9.229000000000000536e-01 9.281000000000000361e-01
9.230000000000000426e-01 9.280000000000000471e-01
9.227999999999999536e-01 9.284000000000000030e-01
9.233999999999999986e-01 9.284999999999999920e-01
9.231000000000000316e-01 9.284000000000000030e-01
9.233000000000000096e-01 9.286999999999999700e-01
9.233999999999999986e-01 9.293000000000000149e-01
9.239000000000000545e-01 9.293000000000000149e-01
9.236999999999999655e-01 9.294999999999999929e-01
9.235999999999999766e-01 9.293000000000000149e-01
9.239000000000000545e-01 9.293000000000000149e-01
9.237999999999999545e-01 9.292000000000000259e-01
9.235999999999999766e-01 9.291000000000000369e-01
9.233999999999999986e-01 9.296999999999999709e-01
9.239000000000000545e-01 9.295999999999999819e-01
9.237999999999999545e-01 9.293000000000000149e-01
9.235999999999999766e-01 9.294000000000000039e-01
9.235999999999999766e-01 9.293000000000000149e-01
9.236999999999999655e-01 9.285999999999999810e-01
9.233999999999999986e-01 9.286999999999999700e-01
9.236999999999999655e-01 9.284999999999999920e-01
9.235999999999999766e-01 9.281000000000000361e-01
9.233999999999999986e-01 9.286999999999999700e-01
9.230000000000000426e-01 9.286999999999999700e-01
9.231000000000000316e-01 9.287999999999999590e-01
9.227999999999999536e-01 9.286999999999999700e-01
9.231000000000000316e-01 9.292000000000000259e-01
9.232000000000000206e-01 9.286999999999999700e-01
9.233999999999999986e-01 9.291000000000000369e-01
9.232000000000000206e-01 9.292000000000000259e-01
9.233000000000000096e-01 9.291000000000000369e-01
9.230000000000000426e-01 9.290000000000000480e-01
9.229000000000000536e-01 9.290000000000000480e-01
9.225999999999999757e-01 9.294999999999999929e-01
9.227999999999999536e-01 9.294999999999999929e-01
9.233000000000000096e-01 9.295999999999999819e-01
9.226999999999999647e-01 9.297999999999999599e-01
9.226999999999999647e-01 9.296999999999999709e-01
9.233000000000000096e-01 9.294999999999999929e-01
9.229000000000000536e-01 9.296999999999999709e-01
9.229000000000000536e-01 9.294999999999999929e-01
9.232000000000000206e-01 9.290000000000000480e-01
9.233000000000000096e-01 9.287999999999999590e-01
9.232000000000000206e-01 9.288999999999999480e-01
9.232000000000000206e-01 9.292000000000000259e-01
9.232000000000000206e-01 9.287999999999999590e-01
9.232000000000000206e-01 9.288999999999999480e-01
9.230000000000000426e-01 9.291000000000000369e-01
9.233999999999999986e-01 9.293000000000000149e-01
9.232000000000000206e-01 9.293000000000000149e-01
9.233999999999999986e-01 9.294000000000000039e-01
9.233999999999999986e-01 9.291000000000000369e-01
9.235999999999999766e-01 9.287999999999999590e-01
9.233999999999999986e-01 9.287999999999999590e-01
9.234999999999999876e-01 9.292000000000000259e-01
9.233999999999999986e-01 9.291000000000000369e-01
9.233999999999999986e-01 9.292000000000000259e-01
9.233999999999999986e-01 9.287999999999999590e-01
9.234999999999999876e-01 9.291000000000000369e-01
9.233999999999999986e-01 9.295999999999999819e-01
9.234999999999999876e-01 9.294000000000000039e-01
9.236999999999999655e-01 9.298999999999999488e-01
9.234999999999999876e-01 9.298999999999999488e-01
9.236999999999999655e-01 9.296999999999999709e-01
9.236999999999999655e-01 9.295999999999999819e-01
9.233999999999999986e-01 9.295999999999999819e-01
9.236999999999999655e-01 9.294000000000000039e-01
9.236999999999999655e-01 9.293000000000000149e-01
9.232000000000000206e-01 9.287999999999999590e-01
9.232000000000000206e-01 9.292000000000000259e-01
9.237999999999999545e-01 9.294999999999999929e-01
9.233000000000000096e-01 9.294999999999999929e-01
9.231000000000000316e-01 9.294999999999999929e-01
9.233999999999999986e-01 9.300000000000000488e-01
9.234999999999999876e-01 9.298999999999999488e-01
9.236999999999999655e-01 9.295999999999999819e-01
9.242000000000000215e-01 9.295999999999999819e-01
9.243999999999999995e-01 9.296999999999999709e-01
9.244999999999999885e-01 9.296999999999999709e-01
9.245999999999999774e-01 9.294999999999999929e-01
9.244999999999999885e-01 9.295999999999999819e-01
9.236999999999999655e-01 9.294000000000000039e-01
9.235999999999999766e-01 9.292000000000000259e-01
9.240000000000000435e-01 9.290000000000000480e-01
9.237999999999999545e-01 9.292000000000000259e-01
9.241000000000000325e-01 9.293000000000000149e-01
9.239000000000000545e-01 9.294000000000000039e-01
9.237999999999999545e-01 9.294000000000000039e-01
9.239000000000000545e-01 9.291000000000000369e-01
9.242000000000000215e-01 9.290000000000000480e-01
9.243999999999999995e-01 9.294999999999999929e-01
9.243999999999999995e-01 9.296999999999999709e-01
9.242000000000000215e-01 9.296999999999999709e-01
9.244999999999999885e-01 9.296999999999999709e-01
9.242000000000000215e-01 9.295999999999999819e-01
9.241000000000000325e-01 9.302000000000000268e-01
9.243000000000000105e-01 9.297999999999999599e-01
9.240000000000000435e-01 9.296999999999999709e-01
9.245999999999999774e-01 9.297999999999999599e-01
9.246999999999999664e-01 9.296999999999999709e-01
9.245999999999999774e-01 9.294000000000000039e-01
9.241000000000000325e-01 9.296999999999999709e-01
9.246999999999999664e-01 9.296999999999999709e-01
9.244999999999999885e-01 9.293000000000000149e-01
9.241000000000000325e-01 9.293000000000000149e-01
9.242000000000000215e-01 9.301000000000000378e-01
9.241000000000000325e-01 9.293000000000000149e-01
9.243000000000000105e-01 9.294999999999999929e-01
9.242000000000000215e-01 9.296999999999999709e-01
9.243999999999999995e-01 9.296999999999999709e-01
9.243000000000000105e-01 9.298999999999999488e-01
9.239000000000000545e-01 9.300000000000000488e-01
9.242000000000000215e-01 9.296999999999999709e-01
9.239000000000000545e-01 9.300000000000000488e-01
9.234999999999999876e-01 9.298999999999999488e-01
9.237999999999999545e-01 9.301000000000000378e-01
9.235999999999999766e-01 9.295999999999999819e-01
9.235999999999999766e-01 9.297999999999999599e-01
9.235999999999999766e-01 9.300000000000000488e-01
9.236999999999999655e-01 9.298999999999999488e-01
9.239000000000000545e-01 9.300000000000000488e-01
9.237999999999999545e-01 9.300000000000000488e-01
9.239000000000000545e-01 9.301000000000000378e-01
9.241000000000000325e-01 9.300000000000000488e-01
9.242000000000000215e-01 9.303000000000000158e-01
9.243999999999999995e-01 9.303000000000000158e-01
9.245999999999999774e-01 9.301000000000000378e-01
9.243999999999999995e-01 9.298999999999999488e-01
9.244999999999999885e-01 9.302000000000000268e-01
9.244999999999999885e-01 9.296999999999999709e-01
9.247999999999999554e-01 9.296999999999999709e-01
9.245999999999999774e-01 9.298999999999999488e-01
9.243000000000000105e-01 9.301000000000000378e-01
9.244999999999999885e-01 9.296999999999999709e-01
9.247999999999999554e-01 9.297999999999999599e-01
9.242000000000000215e-01 9.303000000000000158e-01
9.242000000000000215e-01 9.301000000000000378e-01
9.245999999999999774e-01 9.300000000000000488e-01
9.249000000000000554e-01 9.298999999999999488e-01
9.247999999999999554e-01 9.304000000000000048e-01
9.247999999999999554e-01 9.304999999999999938e-01
9.249000000000000554e-01 9.302000000000000268e-01
9.247999999999999554e-01 9.305999999999999828e-01
9.246999999999999664e-01 9.304999999999999938e-01
9.249000000000000554e-01 9.304999999999999938e-01
9.244999999999999885e-01 9.304999999999999938e-01
9.240000000000000435e-01 9.304000000000000048e-01
9.245999999999999774e-01 9.306999999999999718e-01
9.245999999999999774e-01 9.301000000000000378e-01
9.244999999999999885e-01 9.306999999999999718e-01
9.242000000000000215e-01 9.302000000000000268e-01
9.243999999999999995e-01 9.304999999999999938e-01
9.245999999999999774e-01 9.305999999999999828e-01
9.249000000000000554e-01 9.304000000000000048e-01
9.245999999999999774e-01 9.305999999999999828e-01
9.251000000000000334e-01 9.304000000000000048e-01
9.246999999999999664e-01 9.301000000000000378e-01
9.249000000000000554e-01 9.301000000000000378e-01
9.247999999999999554e-01 9.304000000000000048e-01
9.245999999999999774e-01 9.304999999999999938e-01
9.245999999999999774e-01 9.305999999999999828e-01
9.244999999999999885e-01 9.304999999999999938e-01
9.244999999999999885e-01 9.305999999999999828e-01
9.236999999999999655e-01 9.305999999999999828e-01
9.239000000000000545e-01 9.305999999999999828e-01
9.243999999999999995e-01 9.310000000000000497e-01
9.243000000000000105e-01 9.307999999999999607e-01
9.243999999999999995e-01 9.310000000000000497e-01
9.240000000000000435e-01 9.310000000000000497e-01
9.243000000000000105e-01 9.308999999999999497e-01
9.242000000000000215e-01 9.306999999999999718e-01
9.243999999999999995e-01 9.304999999999999938e-01
9.239000000000000545e-01 9.307999999999999607e-01
9.242000000000000215e-01 9.305999999999999828e-01
9.239000000000000545e-01 9.304000000000000048e-01
9.233999999999999986e-01 9.305999999999999828e-01
9.236999999999999655e-01 9.304000000000000048e-01
9.239000000000000545e-01 9.308999999999999497e-01
9.234999999999999876e-01 9.304999999999999938e-01
9.243000000000000105e-01 9.304000000000000048e-01
9.237999999999999545e-01 9.304999999999999938e-01
9.237999999999999545e-01 9.304000000000000048e-01
9.237999999999999545e-01 9.302000000000000268e-01
9.236999999999999655e-01 9.304000000000000048e-01
9.239000000000000545e-01 9.305999999999999828e-01
9.237999999999999545e-01 9.301000000000000378e-01
9.236999999999999655e-01 9.301000000000000378e-01
9.237999999999999545e-01 9.300000000000000488e-01
9.240000000000000435e-01 9.298999999999999488e-01
9.237999999999999545e-01 9.300000000000000488e-01
9.236999999999999655e-01 9.295999999999999819e-01
9.234999999999999876e-01 9.300000000000000488e-01
9.235999999999999766e-01 9.297999999999999599e-01
9.235999999999999766e-01 9.304000000000000048e-01
9.243999999999999995e-01 9.306999999999999718e-01
9.241000000000000325e-01 9.304999999999999938e-01
9.242000000000000215e-01 9.304999999999999938e-01
9.233999999999999986e-01 9.301000000000000378e-01
9.232000000000000206e-01 9.305999999999999828e-01
9.235999999999999766e-01 9.300000000000000488e-01
9.239000000000000545e-01 9.297999999999999599e-01
9.233999999999999986e-01 9.296999999999999709e-01
9.233000000000000096e-01 9.294999999999999929e-01
9.233999999999999986e-01 9.298999999999999488e-01
9.233999999999999986e-01 9.296999999999999709e-01
9.237999999999999545e-01 9.294000000000000039e-01
9.235999999999999766e-01 9.295999999999999819e-01
9.233999999999999986e-01 9.297999999999999599e-01
9.235999999999999766e-01 9.298999999999999488e-01
9.240000000000000435e-01 9.300000000000000488e-01
9.236999999999999655e-01 9.297999999999999599e-01
9.235999999999999766e-01 9.298999999999999488e-01
9.237999999999999545e-01 9.298999999999999488e-01
9.242000000000000215e-01 9.296999999999999709e-01
9.241000000000000325e-01 9.295999999999999819e-01
9.243999999999999995e-01 9.295999999999999819e-01
9.240000000000000435e-01 9.294000000000000039e-01
9.236999999999999655e-01 9.295999999999999819e-01
9.233000000000000096e-01 9.297999999999999599e-01
9.236999999999999655e-01 9.297999999999999599e-01
9.232000000000000206e-01 9.294000000000000039e-01
9.233999999999999986e-01 9.294999999999999929e-01
9.233999999999999986e-01 9.295999999999999819e-01
9.225999999999999757e-01 9.294999999999999929e-01
9.231000000000000316e-01 9.295999999999999819e-01
9.235999999999999766e-01 9.291000000000000369e-01
9.233000000000000096e-01 9.288999999999999480e-01
9.231000000000000316e-01 9.294000000000000039e-01
9.233000000000000096e-01 9.295999999999999819e-01
9.234999999999999876e-01 9.294999999999999929e-01
9.225999999999999757e-01 9.295999999999999819e-01
9.225999999999999757e-01 9.296999999999999709e-01
9.224999999999999867e-01 9.296999999999999709e-01
9.224999999999999867e-01 9.297999999999999599e-01
9.224999999999999867e-01 9.295999999999999819e-01
9.223000000000000087e-01 9.294999999999999929e-01
9.223999999999999977e-01 9.298999999999999488e-01
9.227999999999999536e-01 9.295999999999999819e-01
9.224999999999999867e-01 9.294000000000000039e-01
9.229000000000000536e-01 9.294000000000000039e-01
9.223999999999999977e-01 9.291000000000000369e-01
9.225999999999999757e-01 9.294000000000000039e-01
9.232000000000000206e-01 9.295999999999999819e-01
9.225999999999999757e-01 9.294000000000000039e-01
9.226999999999999647e-01 9.294000000000000039e-01
9.223000000000000087e-01 9.291000000000000369e-01
9.226999999999999647e-01 9.290000000000000480e-01
9.224999999999999867e-01 9.288999999999999480e-01
9.224999999999999867e-01 9.294000000000000039e-01
9.226999999999999647e-01 9.294000000000000039e-01
9.231000000000000316e-01 9.287999999999999590e-01
9.231000000000000316e-01 9.292000000000000259e-01
9.233000000000000096e-01 9.294000000000000039e-01
9.231000000000000316e-01 9.297999999999999599e-01
9.225999999999999757e-01 9.298999999999999488e-01
9.226999999999999647e-01 9.294000000000000039e-01
9.225999999999999757e-01 9.293000000000000149e-01
9.224999999999999867e-01 9.293000000000000149e-01
9.224999999999999867e-01 9.294000000000000039e-01
9.222000000000000197e-01 9.293000000000000149e-01
9.225999999999999757e-01 9.295999999999999819e-01
9.222000000000000197e-01 9.295999999999999819e-01
9.223000000000000087e-01 9.296999999999999709e-01
9.224999999999999867e-01 9.300000000000000488e-01
9.222000000000000197e-01 9.298999999999999488e-01
9.219000000000000528e-01 9.296999999999999709e-01
9.222000000000000197e-01 9.294999999999999929e-01
9.221000000000000307e-01 9.300000000000000488e-01
9.221000000000000307e-01 9.297999999999999599e-01
9.221000000000000307e-01 9.303000000000000158e-01
9.222000000000000197e-01 9.305999999999999828e-01
9.224999999999999867e-01 9.308999999999999497e-01
9.224999999999999867e-01 9.313000000000000167e-01
9.226999999999999647e-01 9.308999999999999497e-01
9.224999999999999867e-01 9.308999999999999497e-01
9.226999999999999647e-01 9.311000000000000387e-01
9.223999999999999977e-01 9.305999999999999828e-01
9.223999999999999977e-01 9.301000000000000378e-01
9.225999999999999757e-01 9.303000000000000158e-01
9.225999999999999757e-01 9.300000000000000488e-01
9.223000000000000087e-01 9.303000000000000158e-01
9.223999999999999977e-01 9.304999999999999938e-01
9.223999999999999977e-01 9.302000000000000268e-01
9.224999999999999867e-01 9.301000000000000378e-01
9.230000000000000426e-01 9.300000000000000488e-01
9.231000000000000316e-01 9.303000000000000158e-01
9.224999999999999867e-01 9.304999999999999938e-01
9.226999999999999647e-01 9.307999999999999607e-01
9.231000000000000316e-01 9.306999999999999718e-01
9.224999999999999867e-01 9.305999999999999828e-01
9.225999999999999757e-01 9.304999999999999938e-01
9.223999999999999977e-01 9.303000000000000158e-01
9.223999999999999977e-01 9.304000000000000048e-01
9.227999999999999536e-01 9.301000000000000378e-01
9.231000000000000316e-01 9.300000000000000488e-01
9.233000000000000096e-01 9.304999999999999938e-01
9.233000000000000096e-01 9.302000000000000268e-01
9.233000000000000096e-01 9.301000000000000378e-01
9.231000000000000316e-01 9.302000000000000268e-01
9.232000000000000206e-01 9.302000000000000268e-01
9.235999999999999766e-01 9.297999999999999599e-01
9.234999999999999876e-01 9.294999999999999929e-01
9.233999999999999986e-01 9.294999999999999929e-01
9.232000000000000206e-01 9.294999999999999929e-01
9.230000000000000426e-01 9.296999999999999709e-01
9.237999999999999545e-01 9.295999999999999819e-01
9.235999999999999766e-01 9.294999999999999929e-01
9.237999999999999545e-01 9.294000000000000039e-01
9.233999999999999986e-01 9.298999999999999488e-01
9.233999999999999986e-01 9.295999999999999819e-01
9.235999999999999766e-01 9.294000000000000039e-01
9.233000000000000096e-01 9.300000000000000488e-01
9.234999999999999876e-01 9.296999999999999709e-01
9.235999999999999766e-01 9.297999999999999599e-01
9.233999999999999986e-01 9.293000000000000149e-01
9.233999999999999986e-01 9.296999999999999709e-01
9.233000000000000096e-01 9.297999999999999599e-01
9.237999999999999545e-01 9.300000000000000488e-01
9.236999999999999655e-01 9.294000000000000039e-01
9.235999999999999766e-01 9.296999999999999709e-01
9.236999999999999655e-01 9.294999999999999929e-01
9.236999999999999655e-01 9.297999999999999599e-01
9.234999999999999876e-01 9.300000000000000488e-01
9.231000000000000316e-01 9.298999999999999488e-01
9.233000000000000096e-01 9.301000000000000378e-01
9.233999999999999986e-01 9.296999999999999709e-01
9.233999999999999986e-01 9.297999999999999599e-01
9.227999999999999536e-01 9.297999999999999599e-01
9.226999999999999647e-01 9.296999999999999709e-01
9.232000000000000206e-01 9.294000000000000039e-01
9.232000000000000206e-01 9.296999999999999709e-01
9.229000000000000536e-01 9.292000000000000259e-01
9.235999999999999766e-01 9.295999999999999819e-01
9.231000000000000316e-01 9.297999999999999599e-01
9.237999999999999545e-01 9.306999999999999718e-01
9.239000000000000545e-01 9.304000000000000048e-01
9.235999999999999766e-01 9.302000000000000268e-01
9.235999999999999766e-01 9.297999999999999599e-01
9.233000000000000096e-01 9.300000000000000488e-01
9.233999999999999986e-01 9.305999999999999828e-01
9.237999999999999545e-01 9.304999999999999938e-01
9.236999999999999655e-01 9.304000000000000048e-01
9.234999999999999876e-01 9.298999999999999488e-01
9.232000000000000206e-01 9.297999999999999599e-01
9.232000000000000206e-01 9.296999999999999709e-01
9.231000000000000316e-01 9.295999999999999819e-01
9.230000000000000426e-01 9.296999999999999709e-01
9.232000000000000206e-01 9.294999999999999929e-01
9.232000000000000206e-01 9.297999999999999599e-01
9.233000000000000096e-01 9.303000000000000158e-01
9.232000000000000206e-01 9.302000000000000268e-01
9.233000000000000096e-01 9.304999999999999938e-01
9.232000000000000206e-01 9.307999999999999607e-01
9.233999999999999986e-01 9.308999999999999497e-01
9.234999999999999876e-01 9.306999999999999718e-01
9.235999999999999766e-01 9.310000000000000497e-01
9.235999999999999766e-01 9.308999999999999497e-01
9.233999999999999986e-01 9.310000000000000497e-01
9.231000000000000316e-01 9.313000000000000167e-01
9.229000000000000536e-01 9.315999999999999837e-01
9.226999999999999647e-01 9.308999999999999497e-01
9.226999999999999647e-01 9.308999999999999497e-01
9.232000000000000206e-01 9.310000000000000497e-01
9.236999999999999655e-01 9.308999999999999497e-01
9.236999999999999655e-01 9.306999999999999718e-01
9.232000000000000206e-01 9.308999999999999497e-01
9.232000000000000206e-01 9.310000000000000497e-01
9.233000000000000096e-01 9.313000000000000167e-01
9.235999999999999766e-01 9.304999999999999938e-01
9.237999999999999545e-01 9.306999999999999718e-01
9.236999999999999655e-01 9.306999999999999718e-01
9.235999999999999766e-01 9.307999999999999607e-01
9.241000000000000325e-01 9.310000000000000497e-01
9.235999999999999766e-01 9.307999999999999607e-01
9.239000000000000545e-01 9.305999999999999828e-01
9.237999999999999545e-01 9.305999999999999828e-01
9.240000000000000435e-01 9.306999999999999718e-01
9.240000000000000435e-01 9.304999999999999938e-01
9.240000000000000435e-01 9.306999999999999718e-01
9.239000000000000545e-01 9.305999999999999828e-01
9.232000000000000206e-01 9.307999999999999607e-01
9.231000000000000316e-01 9.307999999999999607e-01
9.236999999999999655e-01 9.307999999999999607e-01
9.233999999999999986e-01 9.310000000000000497e-01
9.234999999999999876e-01 9.311000000000000387e-01
9.232000000000000206e-01 9.312000000000000277e-01
9.237999999999999545e-01 9.307999999999999607e-01
9.239000000000000545e-01 9.308999999999999497e-01
9.240000000000000435e-01 9.314000000000000057e-01
9.240000000000000435e-01 9.311000000000000387e-01
9.242000000000000215e-01 9.313000000000000167e-01
9.241000000000000325e-01 9.314000000000000057e-01
9.236999999999999655e-01 9.315999999999999837e-01
9.233999999999999986e-01 9.314000000000000057e-01
9.234999999999999876e-01 9.313000000000000167e-01
9.235999999999999766e-01 9.311000000000000387e-01
9.242000000000000215e-01 9.310000000000000497e-01
9.239000000000000545e-01 9.310000000000000497e-01
9.243000000000000105e-01 9.308999999999999497e-01
9.242000000000000215e-01 9.308999999999999497e-01
9.241000000000000325e-01 9.308999999999999497e-01
9.241000000000000325e-01 9.306999999999999718e-01
9.243000000000000105e-01 9.311000000000000387e-01
9.242000000000000215e-01 9.311000000000000387e-01
9.242000000000000215e-01 9.313000000000000167e-01
9.236999999999999655e-01 9.313000000000000167e-01
9.236999999999999655e-01 9.316999999999999726e-01
9.242000000000000215e-01 9.314000000000000057e-01
9.241000000000000325e-01 9.314000000000000057e-01
9.243000000000000105e-01 9.314999999999999947e-01
9.246999999999999664e-01 9.311000000000000387e-01
9.244999999999999885e-01 9.314000000000000057e-01
9.242000000000000215e-01 9.310000000000000497e-01
9.243999999999999995e-01 9.310000000000000497e-01
9.243999999999999995e-01 9.312000000000000277e-01
9.239000000000000545e-01 9.308999999999999497e-01
9.237999999999999545e-01 9.311000000000000387e-01
9.239000000000000545e-01 9.307999999999999607e-01
9.236999999999999655e-01 9.312000000000000277e-01
9.235999999999999766e-01 9.310000000000000497e-01
9.236999999999999655e-01 9.314000000000000057e-01
9.236999999999999655e-01 9.313000000000000167e-01
9.241000000000000325e-01 9.306999999999999718e-01
9.244999999999999885e-01 9.307999999999999607e-01
9.242000000000000215e-01 9.304999999999999938e-01
9.241000000000000325e-01 9.305999999999999828e-01
9.243999999999999995e-01 9.308999999999999497e-01
9.245999999999999774e-01 9.305999999999999828e-01
9.244999999999999885e-01 9.305999999999999828e-01
9.243999999999999995e-01 9.304999999999999938e-01
9.249000000000000554e-01 9.305999999999999828e-01
9.245999999999999774e-01 9.304000000000000048e-01
9.245999999999999774e-01 9.311000000000000387e-01
9.247999999999999554e-01 9.308999999999999497e-01
9.245999999999999774e-01 9.308999999999999497e-01
9.245999999999999774e-01 9.305999999999999828e-01
9.245999999999999774e-01 9.304999999999999938e-01
9.247999999999999554e-01 9.304999999999999938e-01
9.247999999999999554e-01 9.301000000000000378e-01
9.246999999999999664e-01 9.303000000000000158e-01
9.250000000000000444e-01 9.308999999999999497e-01
9.250000000000000444e-01 9.308999999999999497e-01
9.249000000000000554e-01 9.308999999999999497e-01
9.250000000000000444e-01 9.312000000000000277e-01
9.249000000000000554e-01 9.311000000000000387e-01
9.244999999999999885e-01 9.307999999999999607e-01
9.246999999999999664e-01 9.306999999999999718e-01
9.246999999999999664e-01 9.306999999999999718e-01
9.247999999999999554e-01 9.306999999999999718e-01
9.245999999999999774e-01 9.308999999999999497e-01
9.250000000000000444e-01 9.310000000000000497e-01
9.256999999999999673e-01 9.310000000000000497e-01
9.254999999999999893e-01 9.310000000000000497e-01
9.252000000000000224e-01 9.311000000000000387e-01
9.250000000000000444e-01 9.307999999999999607e-01
9.253000000000000114e-01 9.310000000000000497e-01
9.251000000000000334e-01 9.313000000000000167e-01
9.250000000000000444e-01 9.314000000000000057e-01
9.250000000000000444e-01 9.310000000000000497e-01
9.250000000000000444e-01 9.308999999999999497e-01
9.252000000000000224e-01 9.310000000000000497e-01
9.249000000000000554e-01 9.311000000000000387e-01
9.252000000000000224e-01 9.312000000000000277e-01
9.251000000000000334e-01 9.314000000000000057e-01
9.250000000000000444e-01 9.313000000000000167e-01
9.247999999999999554e-01 9.315999999999999837e-01
9.245999999999999774e-01 9.314999999999999947e-01
9.250000000000000444e-01 9.315999999999999837e-01
9.245999999999999774e-01 9.313000000000000167e-01
9.244999999999999885e-01 9.313000000000000167e-01
9.246999999999999664e-01 9.315999999999999837e-01
9.249000000000000554e-01 9.315999999999999837e-01
9.244999999999999885e-01 9.316999999999999726e-01
9.250000000000000444e-01 9.310000000000000497e-01
9.242000000000000215e-01 9.312000000000000277e-01
9.243999999999999995e-01 9.312000000000000277e-01
9.242000000000000215e-01 9.312000000000000277e-01
9.246999999999999664e-01 9.312000000000000277e-01
9.246999999999999664e-01 9.308999999999999497e-01
9.243999999999999995e-01 9.313000000000000167e-01
9.242000000000000215e-01 9.314000000000000057e-01
9.243000000000000105e-01 9.315999999999999837e-01
9.243999999999999995e-01 9.315999999999999837e-01
9.245999999999999774e-01 9.314000000000000057e-01
9.244999999999999885e-01 9.316999999999999726e-01
9.241000000000000325e-01 9.317999999999999616e-01
9.240000000000000435e-01 9.311000000000000387e-01
9.241000000000000325e-01 9.307999999999999607e-01
9.240000000000000435e-01 9.310000000000000497e-01
9.243000000000000105e-01 9.311000000000000387e-01
9.239000000000000545e-01 9.308999999999999497e-01
9.237999999999999545e-01 9.306999999999999718e-01
9.240000000000000435e-01 9.313000000000000167e-01
9.239000000000000545e-01 9.314999999999999947e-01
9.242000000000000215e-01 9.311000000000000387e-01
9.242000000000000215e-01 9.310000000000000497e-01
9.243999999999999995e-01 9.313000000000000167e-01
9.241000000000000325e-01 9.311000000000000387e-01
9.243999999999999995e-01 9.312000000000000277e-01
9.240000000000000435e-01 9.314000000000000057e-01
9.244999999999999885e-01 9.308999999999999497e-01
9.242000000000000215e-01 9.312000000000000277e-01
9.243000000000000105e-01 9.310000000000000497e-01
9.244999999999999885e-01 9.310000000000000497e-01
9.249000000000000554e-01 9.307999999999999607e-01
9.250000000000000444e-01 9.305999999999999828e-01
9.252000000000000224e-01 9.308999999999999497e-01
9.256999999999999673e-01 9.308999999999999497e-01
9.256999999999999673e-01 9.305999999999999828e-01
9.254999999999999893e-01 9.306999999999999718e-01
9.253000000000000114e-01 9.307999999999999607e-01
9.250000000000000444e-01 9.304000000000000048e-01
9.247999999999999554e-01 9.307999999999999607e-01
9.244999999999999885e-01 9.308999999999999497e-01
9.244999999999999885e-01 9.308999999999999497e-01
9.251000000000000334e-01 9.311000000000000387e-01
9.245999999999999774e-01 9.313000000000000167e-01
9.243999999999999995e-01 9.316999999999999726e-01
9.243000000000000105e-01 9.314000000000000057e-01
9.249000000000000554e-01 9.316999999999999726e-01
9.250000000000000444e-01 9.316999999999999726e-01
9.255999999999999783e-01 9.320000000000000506e-01
9.250000000000000444e-01 9.313000000000000167e-01
9.251000000000000334e-01 9.314000000000000057e-01
9.247999999999999554e-01 9.314999999999999947e-01
9.243999999999999995e-01 9.314999999999999947e-01
9.247999999999999554e-01 9.318999999999999506e-01
9.246999999999999664e-01 9.314999999999999947e-01
9.244999999999999885e-01 9.317999999999999616e-01
9.244999999999999885e-01 9.316999999999999726e-01
9.245999999999999774e-01 9.315999999999999837e-01
9.246999999999999664e-01 9.317999999999999616e-01
9.250000000000000444e-01 9.316999999999999726e-01
9.250000000000000444e-01 9.316999999999999726e-01
9.252000000000000224e-01 9.318999999999999506e-01
9.254999999999999893e-01 9.317999999999999616e-01
9.254999999999999893e-01 9.318999999999999506e-01
9.250000000000000444e-01 9.318999999999999506e-01
9.252000000000000224e-01 9.320000000000000506e-01
9.250000000000000444e-01 9.318999999999999506e-01
9.254999999999999893e-01 9.320000000000000506e-01
9.254000000000000004e-01 9.315999999999999837e-01
9.254999999999999893e-01 9.311000000000000387e-01
9.253000000000000114e-01 9.311000000000000387e-01
9.252000000000000224e-01 9.312000000000000277e-01
9.254999999999999893e-01 9.312000000000000277e-01
9.253000000000000114e-01 9.313000000000000167e-01
9.253000000000000114e-01 9.316999999999999726e-01
9.254999999999999893e-01 9.313000000000000167e-01
9.255999999999999783e-01 9.313000000000000167e-01
9.254999999999999893e-01 9.314000000000000057e-01
9.261000000000000343e-01 9.313000000000000167e-01
9.254000000000000004e-01 9.311000000000000387e-01
9.249000000000000554e-01 9.311000000000000387e-01
9.254000000000000004e-01 9.310000000000000497e-01
9.252000000000000224e-01 9.307999999999999607e-01
9.247999999999999554e-01 9.312000000000000277e-01
9.256999999999999673e-01 9.315999999999999837e-01
9.254000000000000004e-01 9.314000000000000057e-01
9.255999999999999783e-01 9.312000000000000277e-01
9.255999999999999783e-01 9.311000000000000387e-01
9.252000000000000224e-01 9.308999999999999497e-01
9.254000000000000004e-01 9.307999999999999607e-01
9.257999999999999563e-01 9.306999999999999718e-01
9.260000000000000453e-01 9.307999999999999607e-01
9.257999999999999563e-01 9.312000000000000277e-01
9.256999999999999673e-01 9.308999999999999497e-01
9.257999999999999563e-01 9.308999999999999497e-01
9.263000000000000123e-01 9.306999999999999718e-01
9.266999999999999682e-01 9.305999999999999828e-01
9.265999999999999792e-01 9.310000000000000497e-01
9.261000000000000343e-01 9.312000000000000277e-01
9.255999999999999783e-01 9.307999999999999607e-01
9.257999999999999563e-01 9.306999999999999718e-01
9.261000000000000343e-01 9.307999999999999607e-01
9.258999999999999453e-01 9.310000000000000497e-01
9.260000000000000453e-01 9.312000000000000277e-01
9.257999999999999563e-01 9.307999999999999607e-01
9.256999999999999673e-01 9.306999999999999718e-01
9.254000000000000004e-01 9.311000000000000387e-01
9.257999999999999563e-01 9.308999999999999497e-01
9.261000000000000343e-01 9.312000000000000277e-01
9.258999999999999453e-01 9.311000000000000387e-01
9.263000000000000123e-01 9.312000000000000277e-01
9.261000000000000343e-01 9.310000000000000497e-01
9.263000000000000123e-01 9.311000000000000387e-01
9.265999999999999792e-01 9.307999999999999607e-01
9.264999999999999902e-01 9.310000000000000497e-01
9.265999999999999792e-01 9.305999999999999828e-01
9.272000000000000242e-01 9.307999999999999607e-01
9.265999999999999792e-01 9.307999999999999607e-01
9.271000000000000352e-01 9.307999999999999607e-01
9.270000000000000462e-01 9.311000000000000387e-01
9.270000000000000462e-01 9.311000000000000387e-01
9.271000000000000352e-01 9.307999999999999607e-01
9.267999999999999572e-01 9.307999999999999607e-01
9.265999999999999792e-01 9.312000000000000277e-01
9.270000000000000462e-01 9.314000000000000057e-01
9.265999999999999792e-01 9.314000000000000057e-01
9.258999999999999453e-01 9.312000000000000277e-01
9.263000000000000123e-01 9.311000000000000387e-01
9.266999999999999682e-01 9.315999999999999837e-01
9.264000000000000012e-01 9.315999999999999837e-01
9.267999999999999572e-01 9.314000000000000057e-01
9.268999999999999462e-01 9.314999999999999947e-01
9.270000000000000462e-01 9.315999999999999837e-01
9.265999999999999792e-01 9.317999999999999616e-01
9.265999999999999792e-01 9.315999999999999837e-01
9.264000000000000012e-01 9.314000000000000057e-01
9.263000000000000123e-01 9.313000000000000167e-01
9.265999999999999792e-01 9.308999999999999497e-01
9.266999999999999682e-01 9.314000000000000057e-01
9.266999999999999682e-01 9.314999999999999947e-01
9.268999999999999462e-01 9.315999999999999837e-01
9.273000000000000131e-01 9.307999999999999607e-01
9.268999999999999462e-01 9.314999999999999947e-01
9.268999999999999462e-01 9.313000000000000167e-01
9.265999999999999792e-01 9.308999999999999497e-01
9.264000000000000012e-01 9.313000000000000167e-01
9.266999999999999682e-01 9.317999999999999616e-01
9.264000000000000012e-01 9.315999999999999837e-01
9.264999999999999902e-01 9.314000000000000057e-01
9.268999999999999462e-01 9.314000000000000057e-01
9.266999999999999682e-01 9.308999999999999497e-01
9.264999999999999902e-01 9.308999999999999497e-01
9.266999999999999682e-01 9.310000000000000497e-01
9.264999999999999902e-01 9.313000000000000167e-01
9.264999999999999902e-01 9.310000000000000497e-01
9.261000000000000343e-01 9.314999999999999947e-01
9.263000000000000123e-01 9.314999999999999947e-01
9.262000000000000233e-01 9.314000000000000057e-01
9.264000000000000012e-01 9.312000000000000277e-01
9.266999999999999682e-01 9.314000000000000057e-01
9.264999999999999902e-01 9.316999999999999726e-01
9.267999999999999572e-01 9.314000000000000057e-01
9.271000000000000352e-01 9.315999999999999837e-01
9.270000000000000462e-01 9.316999999999999726e-01
9.270000000000000462e-01 9.314999999999999947e-01
9.264999999999999902e-01 9.316999999999999726e-01
9.265999999999999792e-01 9.317999999999999616e-01
9.268999999999999462e-01 9.317999999999999616e-01
9.266999999999999682e-01 9.315999999999999837e-01
9.266999999999999682e-01 9.318999999999999506e-01
9.261000000000000343e-01 9.322000000000000286e-01
9.264999999999999902e-01 9.318999999999999506e-01
9.263000000000000123e-01 9.321000000000000396e-01
9.264999999999999902e-01 9.323000000000000176e-01
9.264999999999999902e-01 9.323000000000000176e-01
9.264000000000000012e-01 9.322000000000000286e-01
9.262000000000000233e-01 9.322000000000000286e-01
9.264000000000000012e-01 9.321000000000000396e-01
9.266999999999999682e-01 9.322000000000000286e-01
9.267999999999999572e-01 9.322000000000000286e-01
9.273000000000000131e-01 9.321000000000000396e-01
9.274999999999999911e-01 9.322000000000000286e-01
9.274999999999999911e-01 9.322000000000000286e-01
9.273000000000000131e-01 9.323000000000000176e-01
9.273000000000000131e-01 9.322000000000000286e-01
9.275999999999999801e-01 9.318999999999999506e-01
9.273000000000000131e-01 9.324999999999999956e-01
9.274999999999999911e-01 9.324000000000000066e-01
9.273000000000000131e-01 9.324999999999999956e-01
9.273000000000000131e-01 9.324999999999999956e-01
9.275999999999999801e-01 9.322000000000000286e-01
9.281000000000000361e-01 9.321000000000000396e-01
9.281000000000000361e-01 9.320000000000000506e-01
9.280000000000000471e-01 9.322000000000000286e-01
9.283000000000000140e-01 9.321000000000000396e-01
9.278999999999999471e-01 9.323000000000000176e-01
9.278999999999999471e-01 9.321000000000000396e-01
9.275999999999999801e-01 9.318999999999999506e-01
9.274000000000000021e-01 9.325999999999999845e-01
9.272000000000000242e-01 9.324999999999999956e-01
9.274999999999999911e-01 9.324999999999999956e-01
9.274999999999999911e-01 9.324000000000000066e-01
9.274999999999999911e-01 9.317999999999999616e-01
9.274999999999999911e-01 9.317999999999999616e-01
9.280000000000000471e-01 9.321000000000000396e-01
9.276999999999999691e-01 9.318999999999999506e-01
9.274000000000000021e-01 9.320000000000000506e-01
9.276999999999999691e-01 9.318999999999999506e-01
9.277999999999999581e-01 9.320000000000000506e-01
9.275999999999999801e-01 9.314999999999999947e-01
9.274000000000000021e-01 9.315999999999999837e-01
9.276999999999999691e-01 9.316999999999999726e-01
9.280000000000000471e-01 9.310000000000000497e-01
9.280000000000000471e-01 9.315999999999999837e-01
9.275999999999999801e-01 9.312000000000000277e-01
9.278999999999999471e-01 9.314000000000000057e-01
9.282000000000000250e-01 9.315999999999999837e-01
9.277999999999999581e-01 9.314999999999999947e-01
9.278999999999999471e-01 9.314999999999999947e-01
9.275999999999999801e-01 9.315999999999999837e-01
9.274000000000000021e-01 9.320000000000000506e-01
9.276999999999999691e-01 9.318999999999999506e-01
9.276999999999999691e-01 9.326999999999999735e-01
9.281000000000000361e-01 9.324999999999999956e-01
9.278999999999999471e-01 9.323000000000000176e-01
9.273000000000000131e-01 9.322000000000000286e-01
9.276999999999999691e-01 9.324999999999999956e-01
9.274999999999999911e-01 9.323000000000000176e-01
9.274999999999999911e-01 9.325999999999999845e-01
9.280000000000000471e-01 9.326999999999999735e-01
9.278999999999999471e-01 9.328999999999999515e-01
9.274999999999999911e-01 9.333000000000000185e-01
9.277999999999999581e-01 9.331000000000000405e-01
9.277999999999999581e-01 9.322000000000000286e-01
9.274999999999999911e-01 9.321000000000000396e-01
9.273000000000000131e-01 9.321000000000000396e-01
9.274999999999999911e-01 9.324000000000000066e-01
9.275999999999999801e-01 9.324000000000000066e-01
9.281000000000000361e-01 9.322000000000000286e-01
9.280000000000000471e-01 9.321000000000000396e-01
9.278999999999999471e-01 9.324999999999999956e-01
9.281000000000000361e-01 9.324999999999999956e-01
9.275999999999999801e-01 9.328999999999999515e-01
9.274000000000000021e-01 9.327999999999999625e-01
9.276999999999999691e-01 9.327999999999999625e-01
9.275999999999999801e-01 9.325999999999999845e-01
9.274000000000000021e-01 9.324999999999999956e-01
9.277999999999999581e-01 9.323000000000000176e-01
9.280000000000000471e-01 9.320000000000000506e-01
9.278999999999999471e-01 9.324999999999999956e-01
9.276999999999999691e-01 9.324999999999999956e-01
9.278999999999999471e-01 9.327999999999999625e-01
9.280000000000000471e-01 9.321000000000000396e-01
9.281000000000000361e-01 9.324000000000000066e-01
9.285999999999999810e-01 9.326999999999999735e-01
9.284000000000000030e-01 9.326999999999999735e-01
9.284000000000000030e-01 9.324999999999999956e-01
9.282000000000000250e-01 9.326999999999999735e-01
9.280000000000000471e-01 9.330000000000000515e-01
9.280000000000000471e-01 9.333000000000000185e-01
9.278999999999999471e-01 9.326999999999999735e-01
9.274999999999999911e-01 9.324000000000000066e-01
9.278999999999999471e-01 9.324999999999999956e-01
9.284000000000000030e-01 9.323000000000000176e-01
9.283000000000000140e-01 9.322000000000000286e-01
9.280000000000000471e-01 9.321000000000000396e-01
9.276999999999999691e-01 9.322000000000000286e-01
9.280000000000000471e-01 9.317999999999999616e-01
9.281000000000000361e-01 9.318999999999999506e-01
9.275999999999999801e-01 9.318999999999999506e-01
9.274999999999999911e-01 9.317999999999999616e-01
9.275999999999999801e-01 9.320000000000000506e-01
9.275999999999999801e-01 9.322000000000000286e-01
9.274999999999999911e-01 9.326999999999999735e-01
9.275999999999999801e-01 9.328999999999999515e-01
9.273000000000000131e-01 9.324999999999999956e-01
9.271000000000000352e-01 9.328999999999999515e-01
9.274000000000000021e-01 9.324999999999999956e-01
9.274000000000000021e-01 9.325999999999999845e-01
9.270000000000000462e-01 9.325999999999999845e-01
9.268999999999999462e-01 9.325999999999999845e-01
9.267999999999999572e-01 9.331000000000000405e-01
9.264999999999999902e-01 9.333000000000000185e-01
9.264000000000000012e-01 9.331000000000000405e-01
9.264999999999999902e-01 9.334000000000000075e-01
9.265999999999999792e-01 9.334000000000000075e-01
9.264000000000000012e-01 9.333000000000000185e-01
9.265999999999999792e-01 9.332000000000000295e-01
9.268999999999999462e-01 9.334999999999999964e-01
9.273000000000000131e-01 9.330000000000000515e-01
9.274000000000000021e-01 9.331000000000000405e-01
9.272000000000000242e-01 9.325999999999999845e-01
9.274999999999999911e-01 9.328999999999999515e-01
9.274000000000000021e-01 9.331000000000000405e-01
9.271000000000000352e-01 9.332000000000000295e-01
9.271000000000000352e-01 9.330000000000000515e-01
9.266999999999999682e-01 9.327999999999999625e-01
9.270000000000000462e-01 9.331000000000000405e-01
9.267999999999999572e-01 9.331000000000000405e-01
9.270000000000000462e-01 9.324000000000000066e-01
9.270000000000000462e-01 9.323000000000000176e-01
9.266999999999999682e-01 9.325999999999999845e-01
9.270000000000000462e-01 9.328999999999999515e-01
9.268999999999999462e-01 9.328999999999999515e-01
9.271000000000000352e-01 9.324999999999999956e-01
9.270000000000000462e-01 9.324000000000000066e-01
9.264999999999999902e-01 9.326999999999999735e-01
9.265999999999999792e-01 9.330000000000000515e-01
9.267999999999999572e-01 9.325999999999999845e-01
9.266999999999999682e-01 9.324000000000000066e-01
9.270000000000000462e-01 9.324999999999999956e-01
9.270000000000000462e-01 9.328999999999999515e-01
9.267999999999999572e-01 9.324000000000000066e-01
9.265999999999999792e-01 9.324999999999999956e-01
9.268999999999999462e-01 9.323000000000000176e-01
9.270000000000000462e-01 9.324000000000000066e-01
9.273000000000000131e-01 9.322000000000000286e-01
9.270000000000000462e-01 9.328999999999999515e-01
9.266999999999999682e-01 9.325999999999999845e-01
9.270000000000000462e-01 9.323000000000000176e-01
9.270000000000000462e-01 9.326999999999999735e-01
9.271000000000000352e-01 9.330000000000000515e-01
9.275999999999999801e-01 9.328999999999999515e-01
9.277999999999999581e-01 9.330000000000000515e-01
9.271000000000000352e-01 9.328999999999999515e-01
9.268999999999999462e-01 9.332000000000000295e-01
9.272000000000000242e-01 9.328999999999999515e-01
9.273000000000000131e-01 9.327999999999999625e-01
9.272000000000000242e-01 9.331000000000000405e-01
9.274999999999999911e-01 9.328999999999999515e-01
9.271000000000000352e-01 9.330000000000000515e-01
9.268999999999999462e-01 9.327999999999999625e-01
9.270000000000000462e-01 9.331000000000000405e-01
9.271000000000000352e-01 9.324000000000000066e-01
9.266999999999999682e-01 9.324999999999999956e-01
9.272000000000000242e-01 9.328999999999999515e-01
9.273000000000000131e-01 9.327999999999999625e-01
9.274000000000000021e-01 9.323000000000000176e-01
9.274999999999999911e-01 9.324999999999999956e-01
9.274000000000000021e-01 9.325999999999999845e-01
9.274999999999999911e-01 9.324000000000000066e-01
9.274999999999999911e-01 9.325999999999999845e-01
9.275999999999999801e-01 9.325999999999999845e-01
9.271000000000000352e-01 9.318999999999999506e-01
9.273000000000000131e-01 9.326999999999999735e-01
9.272000000000000242e-01 9.325999999999999845e-01
9.273000000000000131e-01 9.324000000000000066e-01
9.274999999999999911e-01 9.324000000000000066e-01
9.270000000000000462e-01 9.323000000000000176e-01
9.273000000000000131e-01 9.327999999999999625e-01
9.274999999999999911e-01 9.324999999999999956e-01
9.277999999999999581e-01 9.323000000000000176e-01
9.277999999999999581e-01 9.324999999999999956e-01
9.282000000000000250e-01 9.324999999999999956e-01
9.278999999999999471e-01 9.324000000000000066e-01
9.281000000000000361e-01 9.318999999999999506e-01
9.277999999999999581e-01 9.316999999999999726e-01
9.278999999999999471e-01 9.320000000000000506e-01
9.278999999999999471e-01 9.317999999999999616e-01
9.282000000000000250e-01 9.318999999999999506e-01
9.280000000000000471e-01 9.315999999999999837e-01
9.282000000000000250e-01 9.314999999999999947e-01
9.280000000000000471e-01 9.318999999999999506e-01
9.284000000000000030e-01 9.318999999999999506e-01
9.283000000000000140e-01 9.315999999999999837e-01
9.284999999999999920e-01 9.314999999999999947e-01
9.283000000000000140e-01 9.318999999999999506e-01
9.284999999999999920e-01 9.316999999999999726e-01
9.293000000000000149e-01 9.317999999999999616e-01
9.283000000000000140e-01 9.317999999999999616e-01
9.285999999999999810e-01 9.318999999999999506e-01
9.284000000000000030e-01 9.317999999999999616e-01
9.287999999999999590e-01 9.324000000000000066e-01
9.284999999999999920e-01 9.316999999999999726e-01
9.282000000000000250e-01 9.321000000000000396e-01
9.283000000000000140e-01 9.324000000000000066e-01
9.280000000000000471e-01 9.323000000000000176e-01
9.278999999999999471e-01 9.321000000000000396e-01
9.280000000000000471e-01 9.325999999999999845e-01
9.284000000000000030e-01 9.323000000000000176e-01
9.281000000000000361e-01 9.321000000000000396e-01
9.278999999999999471e-01 9.318999999999999506e-01
9.283000000000000140e-01 9.321000000000000396e-01
9.278999999999999471e-01 9.324999999999999956e-01
9.278999999999999471e-01 9.320000000000000506e-01
9.280000000000000471e-01 9.322000000000000286e-01
9.280000000000000471e-01 9.320000000000000506e-01
9.282000000000000250e-01 9.324999999999999956e-01
9.278999999999999471e-01 9.323000000000000176e-01
9.277999999999999581e-01 9.321000000000000396e-01
9.280000000000000471e-01 9.322000000000000286e-01
9.280000000000000471e-01 9.318999999999999506e-01
9.284999999999999920e-01 9.323000000000000176e-01
9.284000000000000030e-01 9.324000000000000066e-01
9.281000000000000361e-01 9.326999999999999735e-01
9.281000000000000361e-01 9.327999999999999625e-01
9.282000000000000250e-01 9.325999999999999845e-01
9.282000000000000250e-01 9.325999999999999845e-01
9.284000000000000030e-01 9.330000000000000515e-01
9.282000000000000250e-01 9.325999999999999845e-01
9.282000000000000250e-01 9.326999999999999735e-01
9.283000000000000140e-01 9.325999999999999845e-01
9.284000000000000030e-01 9.332000000000000295e-01
9.284999999999999920e-01 9.327999999999999625e-01
9.281000000000000361e-01 9.328999999999999515e-01
9.281000000000000361e-01 9.331000000000000405e-01
9.282000000000000250e-01 9.332000000000000295e-01
9.278999999999999471e-01 9.330000000000000515e-01
9.281000000000000361e-01 9.326999999999999735e-01
9.284999999999999920e-01 9.328999999999999515e-01
9.281000000000000361e-01 9.328999999999999515e-01
9.280000000000000471e-01 9.328999999999999515e-01
9.278999999999999471e-01 9.325999999999999845e-01
9.276999999999999691e-01 9.325999999999999845e-01
9.277999999999999581e-01 9.327999999999999625e-01
9.280000000000000471e-01 9.326999999999999735e-01
9.281000000000000361e-01 9.325999999999999845e-01
9.275999999999999801e-01 9.325999999999999845e-01
9.284000000000000030e-01 9.324000000000000066e-01
9.280000000000000471e-01 9.323000000000000176e-01
9.286999999999999700e-01 9.325999999999999845e-01
9.283000000000000140e-01 9.324000000000000066e-01
9.282000000000000250e-01 9.324000000000000066e-01
9.281000000000000361e-01 9.323000000000000176e-01
9.277999999999999581e-01 9.324000000000000066e-01
9.277999999999999581e-01 9.324000000000000066e-01
9.282000000000000250e-01 9.325999999999999845e-01
9.282000000000000250e-01 9.324000000000000066e-01
9.280000000000000471e-01 9.322000000000000286e-01
9.284000000000000030e-01 9.322000000000000286e-01
9.284000000000000030e-01 9.325999999999999845e-01
9.282000000000000250e-01 9.325999999999999845e-01
9.284999999999999920e-01 9.324000000000000066e-01
9.286999999999999700e-01 9.324000000000000066e-01
9.285999999999999810e-01 9.323000000000000176e-01
9.285999999999999810e-01 9.324999999999999956e-01
9.286999999999999700e-01 9.323000000000000176e-01
9.284999999999999920e-01 9.324000000000000066e-01
9.284000000000000030e-01 9.323000000000000176e-01
9.281000000000000361e-01 9.325999999999999845e-01
9.281000000000000361e-01 9.324999999999999956e-01
9.280000000000000471e-01 9.324000000000000066e-01
9.278999999999999471e-01 9.321000000000000396e-01
9.277999999999999581e-01 9.323000000000000176e-01
9.278999999999999471e-01 9.318999999999999506e-01
9.278999999999999471e-01 9.322000000000000286e-01
9.281000000000000361e-01 9.324999999999999956e-01
9.285999999999999810e-01 9.325999999999999845e-01
9.284999999999999920e-01 9.324000000000000066e-01
9.284000000000000030e-01 9.324999999999999956e-01
9.282000000000000250e-01 9.328999999999999515e-01
9.283000000000000140e-01 9.328999999999999515e-01
9.280000000000000471e-01 9.328999999999999515e-01
9.274999999999999911e-01 9.325999999999999845e-01
9.274999999999999911e-01 9.325999999999999845e-01
9.274000000000000021e-01 9.325999999999999845e-01
9.276999999999999691e-01 9.326999999999999735e-01
9.274999999999999911e-01 9.324999999999999956e-01
9.278999999999999471e-01 9.324999999999999956e-01
9.278999999999999471e-01 9.326999999999999735e-01
9.277999999999999581e-01 9.330000000000000515e-01
9.281000000000000361e-01 9.332000000000000295e-01
9.280000000000000471e-01 9.331000000000000405e-01
9.282000000000000250e-01 9.332000000000000295e-01
9.283000000000000140e-01 9.334000000000000075e-01
9.277999999999999581e-01 9.332000000000000295e-01
9.278999999999999471e-01 9.333000000000000185e-01
9.275999999999999801e-01 9.330000000000000515e-01
9.280000000000000471e-01 9.326999999999999735e-01
9.278999999999999471e-01 9.326999999999999735e-01
9.275999999999999801e-01 9.327999999999999625e-01
9.273000000000000131e-01 9.325999999999999845e-01
9.274999999999999911e-01 9.330000000000000515e-01
9.274999999999999911e-01 9.334999999999999964e-01
9.274999999999999911e-01 9.335999999999999854e-01
9.274000000000000021e-01 9.332000000000000295e-01
9.273000000000000131e-01 9.331000000000000405e-01
9.275999999999999801e-01 9.332000000000000295e-01
9.278999999999999471e-01 9.332000000000000295e-01
9.278999999999999471e-01 9.331000000000000405e-01
9.274000000000000021e-01 9.333000000000000185e-01
9.274999999999999911e-01 9.332000000000000295e-01
9.274000000000000021e-01 9.334000000000000075e-01
9.274000000000000021e-01 9.338999999999999524e-01
9.275999999999999801e-01 9.334000000000000075e-01
9.275999999999999801e-01 9.338999999999999524e-01
9.276999999999999691e-01 9.334000000000000075e-01
9.275999999999999801e-01 9.334999999999999964e-01
9.277999999999999581e-01 9.336999999999999744e-01
9.274999999999999911e-01 9.336999999999999744e-01
9.275999999999999801e-01 9.334999999999999964e-01
9.274000000000000021e-01 9.334000000000000075e-01
9.273000000000000131e-01 9.334999999999999964e-01
9.274999999999999911e-01 9.334999999999999964e-01
9.271000000000000352e-01 9.333000000000000185e-01
9.273000000000000131e-01 9.335999999999999854e-01
9.274000000000000021e-01 9.333000000000000185e-01
9.274000000000000021e-01 9.340000000000000524e-01
9.273000000000000131e-01 9.337999999999999634e-01
9.271000000000000352e-01 9.335999999999999854e-01
9.272000000000000242e-01 9.334999999999999964e-01
9.273000000000000131e-01 9.336999999999999744e-01
9.274999999999999911e-01 9.333000000000000185e-01
9.274999999999999911e-01 9.333000000000000185e-01
9.276999999999999691e-01 9.336999999999999744e-01
9.276999999999999691e-01 9.336999999999999744e-01
9.273000000000000131e-01 9.334000000000000075e-01
9.274999999999999911e-01 9.340000000000000524e-01
9.274000000000000021e-01 9.334999999999999964e-01
9.273000000000000131e-01 9.334000000000000075e-01
9.272000000000000242e-01 9.332000000000000295e-01
9.277999999999999581e-01 9.331000000000000405e-01
9.274000000000000021e-01 9.336999999999999744e-01
9.272000000000000242e-01 9.334000000000000075e-01
9.272000000000000242e-01 9.327999999999999625e-01
9.273000000000000131e-01 9.334999999999999964e-01
9.273000000000000131e-01 9.338999999999999524e-01
9.274999999999999911e-01 9.336999999999999744e-01
9.273000000000000131e-01 9.336999999999999744e-01
9.274000000000000021e-01 9.336999999999999744e-01
9.268999999999999462e-01 9.338999999999999524e-01
9.272000000000000242e-01 9.344000000000000083e-01
9.275999999999999801e-01 9.344999999999999973e-01
9.272000000000000242e-01 9.342000000000000304e-01
9.273000000000000131e-01 9.342000000000000304e-01
9.274999999999999911e-01 9.344999999999999973e-01
9.274999999999999911e-01 9.345999999999999863e-01
9.277999999999999581e-01 9.346999999999999753e-01
9.276999999999999691e-01 9.341000000000000414e-01
9.277999999999999581e-01 9.341000000000000414e-01
9.276999999999999691e-01 9.343000000000000194e-01
9.275999999999999801e-01 9.344999999999999973e-01
9.278999999999999471e-01 9.344999999999999973e-01
9.276999999999999691e-01 9.342000000000000304e-01
9.277999999999999581e-01 9.344999999999999973e-01
9.275999999999999801e-01 9.341000000000000414e-01
9.274999999999999911e-01 9.338999999999999524e-01
9.276999999999999691e-01 9.337999999999999634e-01
9.274000000000000021e-01 9.337999999999999634e-01
9.274000000000000021e-01 9.340000000000000524e-01
9.270000000000000462e-01 9.338999999999999524e-01
9.267999999999999572e-01 9.340000000000000524e-01
9.268999999999999462e-01 9.343000000000000194e-01
9.267999999999999572e-01 9.342000000000000304e-01
9.270000000000000462e-01 9.338999999999999524e-01
9.271000000000000352e-01 9.341000000000000414e-01
9.273000000000000131e-01 9.341000000000000414e-01
9.273000000000000131e-01 9.338999999999999524e-01
9.267999999999999572e-01 9.336999999999999744e-01
9.263000000000000123e-01 9.340000000000000524e-01
9.265999999999999792e-01 9.340000000000000524e-01
9.263000000000000123e-01 9.340000000000000524e-01
9.260000000000000453e-01 9.342000000000000304e-01
9.263000000000000123e-01 9.346999999999999753e-01
9.262000000000000233e-01 9.342000000000000304e-01
9.258999999999999453e-01 9.342000000000000304e-01
9.261000000000000343e-01 9.347999999999999643e-01
9.257999999999999563e-01 9.338999999999999524e-01
9.264000000000000012e-01 9.342000000000000304e-01
9.266999999999999682e-01 9.340000000000000524e-01
9.265999999999999792e-01 9.341000000000000414e-01
9.262000000000000233e-01 9.344000000000000083e-01
9.264000000000000012e-01 9.342000000000000304e-01
9.266999999999999682e-01 9.342000000000000304e-01
9.267999999999999572e-01 9.344000000000000083e-01
9.265999999999999792e-01 9.338999999999999524e-01
9.265999999999999792e-01 9.337999999999999634e-01
9.264999999999999902e-01 9.336999999999999744e-01
9.262000000000000233e-01 9.337999999999999634e-01
9.265999999999999792e-01 9.338999999999999524e-01
9.270000000000000462e-01 9.336999999999999744e-01
9.268999999999999462e-01 9.334999999999999964e-01
9.271000000000000352e-01 9.336999999999999744e-01
9.268999999999999462e-01 9.337999999999999634e-01
9.267999999999999572e-01 9.333000000000000185e-01
9.266999999999999682e-01 9.335999999999999854e-01
9.270000000000000462e-01 9.335999999999999854e-01
9.270000000000000462e-01 9.334000000000000075e-01
9.267999999999999572e-01 9.332000000000000295e-01
9.264999999999999902e-01 9.332000000000000295e-01
9.266999999999999682e-01 9.327999999999999625e-01
9.264999999999999902e-01 9.330000000000000515e-01
9.264000000000000012e-01 9.330000000000000515e-01
9.264000000000000012e-01 9.328999999999999515e-01
9.268999999999999462e-01 9.331000000000000405e-01
9.265999999999999792e-01 9.334000000000000075e-01
9.264000000000000012e-01 9.327999999999999625e-01
9.264999999999999902e-01 9.328999999999999515e-01
9.261000000000000343e-01 9.330000000000000515e-01
9.264999999999999902e-01 9.328999999999999515e-01
9.262000000000000233e-01 9.330000000000000515e-01
9.263000000000000123e-01 9.331000000000000405e-01
9.262000000000000233e-01 9.332000000000000295e-01
9.263000000000000123e-01 9.327999999999999625e-01
9.264000000000000012e-01 9.327999999999999625e-01
9.267999999999999572e-01 9.328999999999999515e-01
9.266999999999999682e-01 9.328999999999999515e-01
9.272000000000000242e-01 9.327999999999999625e-01
9.268999999999999462e-01 9.331000000000000405e-01
9.268999999999999462e-01 9.333000000000000185e-01
9.268999999999999462e-01 9.330000000000000515e-01
9.270000000000000462e-01 9.328999999999999515e-01
9.270000000000000462e-01 9.324999999999999956e-01
9.273000000000000131e-01 9.326999999999999735e-01
9.273000000000000131e-01 9.328999999999999515e-01
9.274000000000000021e-01 9.326999999999999735e-01
9.275999999999999801e-01 9.331000000000000405e-01
9.274000000000000021e-01 9.327999999999999625e-01
9.281000000000000361e-01 9.327999999999999625e-01
9.276999999999999691e-01 9.330000000000000515e-01
9.277999999999999581e-01 9.332000000000000295e-01
9.277999999999999581e-01 9.330000000000000515e-01
9.273000000000000131e-01 9.331000000000000405e-01
9.272000000000000242e-01 9.332000000000000295e-01
9.274000000000000021e-01 9.333000000000000185e-01
9.274999999999999911e-01 9.333000000000000185e-01
9.274000000000000021e-01 9.334999999999999964e-01
9.274999999999999911e-01 9.335999999999999854e-01
9.274000000000000021e-01 9.337999999999999634e-01
9.272000000000000242e-01 9.334000000000000075e-01
9.272000000000000242e-01 9.335999999999999854e-01
9.271000000000000352e-01 9.335999999999999854e-01
9.271000000000000352e-01 9.337999999999999634e-01
9.267999999999999572e-01 9.334999999999999964e-01
9.270000000000000462e-01 9.337999999999999634e-01
9.271000000000000352e-01 9.336999999999999744e-01
9.268999999999999462e-01 9.337999999999999634e-01
9.274999999999999911e-01 9.337999999999999634e-01
9.274999999999999911e-01 9.336999999999999744e-01
9.274999999999999911e-01 9.333000000000000185e-01
9.274000000000000021e-01 9.335999999999999854e-01
9.271000000000000352e-01 9.334999999999999964e-01
9.273000000000000131e-01 9.333000000000000185e-01
9.274000000000000021e-01 9.332000000000000295e-01
9.276999999999999691e-01 9.334000000000000075e-01
9.275999999999999801e-01 9.327999999999999625e-01
9.276999999999999691e-01 9.325999999999999845e-01
9.275999999999999801e-01 9.328999999999999515e-01
9.281000000000000361e-01 9.328999999999999515e-01
9.281000000000000361e-01 9.325999999999999845e-01
9.281000000000000361e-01 9.328999999999999515e-01
9.283000000000000140e-01 9.333000000000000185e-01
9.284000000000000030e-01 9.331000000000000405e-01
9.284000000000000030e-01 9.334000000000000075e-01
9.280000000000000471e-01 9.335999999999999854e-01
9.274999999999999911e-01 9.335999999999999854e-01
9.276999999999999691e-01 9.335999999999999854e-01
9.274999999999999911e-01 9.335999999999999854e-01
9.270000000000000462e-01 9.335999999999999854e-01
9.274999999999999911e-01 9.333000000000000185e-01
9.273000000000000131e-01 9.333000000000000185e-01
9.274000000000000021e-01 9.334999999999999964e-01
9.276999999999999691e-01 9.335999999999999854e-01
9.274000000000000021e-01 9.334999999999999964e-01
9.276999999999999691e-01 9.328999999999999515e-01
9.274999999999999911e-01 9.331000000000000405e-01
9.274999999999999911e-01 9.327999999999999625e-01
9.276999999999999691e-01 9.328999999999999515e-01
9.277999999999999581e-01 9.323000000000000176e-01
9.277999999999999581e-01 9.324999999999999956e-01
9.274999999999999911e-01 9.326999999999999735e-01
9.277999999999999581e-01 9.330000000000000515e-01
9.277999999999999581e-01 9.327999999999999625e-01
9.274999999999999911e-01 9.327999999999999625e-01
9.274999999999999911e-01 9.331000000000000405e-01
9.274999999999999911e-01 9.328999999999999515e-01
9.273000000000000131e-01 9.327999999999999625e-01
9.274999999999999911e-01 9.328999999999999515e-01
9.274000000000000021e-01 9.328999999999999515e-01
9.273000000000000131e-01 9.328999999999999515e-01
9.273000000000000131e-01 9.328999999999999515e-01
9.272000000000000242e-01 9.334000000000000075e-01
9.272000000000000242e-01 9.334999999999999964e-01
9.277999999999999581e-01 9.337999999999999634e-01
9.275999999999999801e-01 9.334000000000000075e-01
9.274999999999999911e-01 9.334999999999999964e-01
9.277999999999999581e-01 9.336999999999999744e-01
9.280000000000000471e-01 9.335999999999999854e-01
9.281000000000000361e-01 9.332000000000000295e-01
9.284000000000000030e-01 9.326999999999999735e-01
9.284999999999999920e-01 9.328999999999999515e-01
9.284000000000000030e-01 9.323000000000000176e-01
9.277999999999999581e-01 9.330000000000000515e-01
9.284000000000000030e-01 9.331000000000000405e-01
9.282000000000000250e-01 9.328999999999999515e-01
9.284000000000000030e-01 9.328999999999999515e-01
9.283000000000000140e-01 9.324999999999999956e-01
9.277999999999999581e-01 9.325999999999999845e-01
9.277999999999999581e-01 9.327999999999999625e-01
9.281000000000000361e-01 9.331000000000000405e-01
9.283000000000000140e-01 9.333000000000000185e-01
9.280000000000000471e-01 9.330000000000000515e-01
9.281000000000000361e-01 9.330000000000000515e-01
9.280000000000000471e-01 9.327999999999999625e-01
9.276999999999999691e-01 9.327999999999999625e-01
9.277999999999999581e-01 9.325999999999999845e-01
9.276999999999999691e-01 9.330000000000000515e-01
9.274999999999999911e-01 9.334000000000000075e-01
9.272000000000000242e-01 9.334000000000000075e-01
9.273000000000000131e-01 9.334000000000000075e-01
9.274000000000000021e-01 9.334999999999999964e-01
9.274000000000000021e-01 9.334999999999999964e-01
9.274000000000000021e-01 9.332000000000000295e-01
9.274000000000000021e-01 9.337999999999999634e-01
9.273000000000000131e-01 9.334999999999999964e-01
9.270000000000000462e-01 9.334000000000000075e-01
9.270000000000000462e-01 9.334000000000000075e-01
9.272000000000000242e-01 9.330000000000000515e-01
9.274000000000000021e-01 9.324000000000000066e-01
9.272000000000000242e-01 9.326999999999999735e-01
9.277999999999999581e-01 9.324999999999999956e-01
9.281000000000000361e-01 9.330000000000000515e-01
9.274000000000000021e-01 9.333000000000000185e-01
9.273000000000000131e-01 9.333000000000000185e-01
9.272000000000000242e-01 9.332000000000000295e-01
9.271000000000000352e-01 9.332000000000000295e-01
9.272000000000000242e-01 9.331000000000000405e-01
9.270000000000000462e-01 9.331000000000000405e-01
9.273000000000000131e-01 9.331000000000000405e-01
9.272000000000000242e-01 9.331000000000000405e-01
9.272000000000000242e-01 9.332000000000000295e-01
9.274999999999999911e-01 9.333000000000000185e-01
9.274999999999999911e-01 9.332000000000000295e-01
9.272000000000000242e-01 9.332000000000000295e-01
9.270000000000000462e-01 9.328999999999999515e-01
9.267999999999999572e-01 9.333000000000000185e-01
9.274999999999999911e-01 9.330000000000000515e-01
9.272000000000000242e-01 9.328999999999999515e-01
9.274000000000000021e-01 9.326999999999999735e-01
9.267999999999999572e-01 9.327999999999999625e-01
9.267999999999999572e-01 9.332000000000000295e-01
9.270000000000000462e-01 9.328999999999999515e-01
9.273000000000000131e-01 9.332000000000000295e-01
9.271000000000000352e-01 9.332000000000000295e-01
9.271000000000000352e-01 9.330000000000000515e-01
9.274000000000000021e-01 9.323000000000000176e-01
9.276999999999999691e-01 9.323000000000000176e-01
9.272000000000000242e-01 9.324000000000000066e-01
9.274000000000000021e-01 9.324000000000000066e-01
9.270000000000000462e-01 9.324000000000000066e-01
9.266999999999999682e-01 9.325999999999999845e-01
9.270000000000000462e-01 9.324000000000000066e-01
9.273000000000000131e-01 9.325999999999999845e-01
9.271000000000000352e-01 9.324999999999999956e-01
9.271000000000000352e-01 9.318999999999999506e-01
9.271000000000000352e-01 9.323000000000000176e-01
9.267999999999999572e-01 9.324000000000000066e-01
9.268999999999999462e-01 9.324999999999999956e-01
9.272000000000000242e-01 9.325999999999999845e-01
9.270000000000000462e-01 9.324999999999999956e-01
9.271000000000000352e-01 9.325999999999999845e-01
9.271000000000000352e-01 9.330000000000000515e-01
9.270000000000000462e-01 9.328999999999999515e-01
9.272000000000000242e-01 9.326999999999999735e-01
9.276999999999999691e-01 9.328999999999999515e-01
9.280000000000000471e-01 9.331000000000000405e-01
9.281000000000000361e-01 9.331000000000000405e-01
9.275999999999999801e-01 9.334000000000000075e-01
9.274999999999999911e-01 9.334000000000000075e-01
9.277999999999999581e-01 9.334999999999999964e-01
9.274999999999999911e-01 9.334000000000000075e-01
9.276999999999999691e-01 9.334000000000000075e-01
9.275999999999999801e-01 9.332000000000000295e-01
9.268999999999999462e-01 9.332000000000000295e-01
9.273000000000000131e-01 9.331000000000000405e-01
9.274999999999999911e-01 9.325999999999999845e-01
9.276999999999999691e-01 9.327999999999999625e-01
9.271000000000000352e-01 9.324000000000000066e-01
9.276999999999999691e-01 9.325999999999999845e-01
9.276999999999999691e-01 9.326999999999999735e-01
9.277999999999999581e-01 9.325999999999999845e-01
9.274000000000000021e-01 9.326999999999999735e-01
9.274000000000000021e-01 9.326999999999999735e-01
9.277999999999999581e-01 9.324999999999999956e-01
9.281000000000000361e-01 9.327999999999999625e-01
9.273000000000000131e-01 9.326999999999999735e-01
9.273000000000000131e-01 9.327999999999999625e-01
9.272000000000000242e-01 9.326999999999999735e-01
9.274000000000000021e-01 9.328999999999999515e-01
9.277999999999999581e-01 9.328999999999999515e-01
9.277999999999999581e-01 9.328999999999999515e-01
9.275999999999999801e-01 9.330000000000000515e-01
9.276999999999999691e-01 9.330000000000000515e-01
9.276999999999999691e-01 9.325999999999999845e-01
9.281000000000000361e-01 9.327999999999999625e-01
9.280000000000000471e-01 9.330000000000000515e-01
9.277999999999999581e-01 9.331000000000000405e-01
9.275999999999999801e-01 9.333000000000000185e-01
9.274999999999999911e-01 9.332000000000000295e-01
9.274999999999999911e-01 9.334999999999999964e-01
9.276999999999999691e-01 9.334000000000000075e-01
9.274999999999999911e-01 9.334999999999999964e-01
9.275999999999999801e-01 9.334999999999999964e-01
9.274999999999999911e-01 9.337999999999999634e-01
9.278999999999999471e-01 9.337999999999999634e-01
9.277999999999999581e-01 9.334000000000000075e-01
9.276999999999999691e-01 9.334000000000000075e-01
9.276999999999999691e-01 9.333000000000000185e-01
9.281000000000000361e-01 9.333000000000000185e-01
9.283000000000000140e-01 9.333000000000000185e-01
9.281000000000000361e-01 9.334999999999999964e-01
9.277999999999999581e-01 9.335999999999999854e-01
9.278999999999999471e-01 9.337999999999999634e-01
9.277999999999999581e-01 9.337999999999999634e-01
9.273000000000000131e-01 9.337999999999999634e-01
9.274999999999999911e-01 9.336999999999999744e-01
9.274000000000000021e-01 9.340000000000000524e-01
9.274000000000000021e-01 9.335999999999999854e-01
9.274999999999999911e-01 9.334999999999999964e-01
9.276999999999999691e-01 9.340000000000000524e-01
9.277999999999999581e-01 9.335999999999999854e-01
9.278999999999999471e-01 9.341000000000000414e-01
9.280000000000000471e-01 9.335999999999999854e-01
9.277999999999999581e-01 9.334999999999999964e-01
9.280000000000000471e-01 9.335999999999999854e-01
9.284000000000000030e-01 9.335999999999999854e-01
9.282000000000000250e-01 9.338999999999999524e-01
9.280000000000000471e-01 9.337999999999999634e-01
9.282000000000000250e-01 9.335999999999999854e-01
9.281000000000000361e-01 9.338999999999999524e-01
9.281000000000000361e-01 9.338999999999999524e-01
9.280000000000000471e-01 9.341000000000000414e-01
9.281000000000000361e-01 9.344000000000000083e-01
9.283000000000000140e-01 9.345999999999999863e-01
9.284000000000000030e-01 9.345999999999999863e-01
9.280000000000000471e-01 9.343000000000000194e-01
9.284999999999999920e-01 9.343000000000000194e-01
9.281000000000000361e-01 9.342000000000000304e-01
9.281000000000000361e-01 9.344000000000000083e-01
9.282000000000000250e-01 9.344999999999999973e-01
9.280000000000000471e-01 9.344999999999999973e-01
9.277999999999999581e-01 9.344000000000000083e-01
9.281000000000000361e-01 9.344000000000000083e-01
9.281000000000000361e-01 9.344999999999999973e-01
9.281000000000000361e-01 9.342000000000000304e-01
9.284000000000000030e-01 9.346999999999999753e-01
9.277999999999999581e-01 9.343000000000000194e-01
9.283000000000000140e-01 9.344000000000000083e-01
9.281000000000000361e-01 9.337999999999999634e-01
9.278999999999999471e-01 9.337999999999999634e-01
9.283000000000000140e-01 9.341000000000000414e-01
9.283000000000000140e-01 9.341000000000000414e-01
9.283000000000000140e-01 9.338999999999999524e-01
9.283000000000000140e-01 9.343000000000000194e-01
9.284000000000000030e-01 9.340000000000000524e-01
9.284000000000000030e-01 9.341000000000000414e-01
9.283000000000000140e-01 9.338999999999999524e-01
9.284999999999999920e-01 9.337999999999999634e-01
9.284999999999999920e-01 9.341000000000000414e-01
9.284000000000000030e-01 9.344999999999999973e-01
9.282000000000000250e-01 9.343000000000000194e-01
9.282000000000000250e-01 9.344999999999999973e-01
9.280000000000000471e-01 9.344000000000000083e-01
9.282000000000000250e-01 9.342000000000000304e-01
9.281000000000000361e-01 9.342000000000000304e-01
9.274999999999999911e-01 9.346999999999999753e-01
9.275999999999999801e-01 9.344999999999999973e-01
9.278999999999999471e-01 9.347999999999999643e-01
9.282000000000000250e-01 9.343000000000000194e-01
9.280000000000000471e-01 9.346999999999999753e-01
9.275999999999999801e-01 9.343000000000000194e-01
9.278999999999999471e-01 9.344000000000000083e-01
9.280000000000000471e-01 9.346999999999999753e-01
9.275999999999999801e-01 9.344000000000000083e-01
9.274000000000000021e-01 9.345999999999999863e-01
9.276999999999999691e-01 9.346999999999999753e-01
9.273000000000000131e-01 9.347999999999999643e-01
9.273000000000000131e-01 9.343000000000000194e-01
9.274999999999999911e-01 9.344999999999999973e-01
9.273000000000000131e-01 9.344000000000000083e-01
9.272000000000000242e-01 9.346999999999999753e-01
9.274999999999999911e-01 9.344999999999999973e-01
9.275999999999999801e-01 9.345999999999999863e-01
9.271000000000000352e-01 9.346999999999999753e-01
9.273000000000000131e-01 9.344999999999999973e-01
9.272000000000000242e-01 9.343000000000000194e-01
9.270000000000000462e-01 9.342000000000000304e-01
9.274000000000000021e-01 9.343000000000000194e-01
9.274000000000000021e-01 9.345999999999999863e-01
9.270000000000000462e-01 9.346999999999999753e-01
9.273000000000000131e-01 9.343000000000000194e-01
9.272000000000000242e-01 9.343000000000000194e-01
9.271000000000000352e-01 9.345999999999999863e-01
9.274000000000000021e-01 9.346999999999999753e-01
9.274000000000000021e-01 9.344999999999999973e-01
9.275999999999999801e-01 9.342000000000000304e-01
9.271000000000000352e-01 9.343000000000000194e-01
9.272000000000000242e-01 9.343000000000000194e-01
9.274000000000000021e-01 9.343000000000000194e-01
9.273000000000000131e-01 9.342000000000000304e-01
9.273000000000000131e-01 9.341000000000000414e-01
9.272000000000000242e-01 9.344000000000000083e-01
9.268999999999999462e-01 9.342000000000000304e-01
9.271000000000000352e-01 9.340000000000000524e-01
9.272000000000000242e-01 9.340000000000000524e-01
9.274999999999999911e-01 9.340000000000000524e-01
9.276999999999999691e-01 9.337999999999999634e-01
9.274999999999999911e-01 9.341000000000000414e-01
9.274000000000000021e-01 9.337999999999999634e-01
9.273000000000000131e-01 9.340000000000000524e-01
9.274999999999999911e-01 9.334999999999999964e-01
9.276999999999999691e-01 9.334999999999999964e-01
9.276999999999999691e-01 9.334000000000000075e-01
9.275999999999999801e-01 9.336999999999999744e-01
9.280000000000000471e-01 9.336999999999999744e-01
9.278999999999999471e-01 9.336999999999999744e-01
9.278999999999999471e-01 9.335999999999999854e-01
9.274999999999999911e-01 9.334000000000000075e-01
9.276999999999999691e-01 9.334999999999999964e-01
9.275999999999999801e-01 9.334999999999999964e-01
9.275999999999999801e-01 9.334000000000000075e-01
9.274999999999999911e-01 9.337999999999999634e-01
9.278999999999999471e-01 9.336999999999999744e-01
9.280000000000000471e-01 9.334000000000000075e-01
9.274000000000000021e-01 9.337999999999999634e-01
9.275999999999999801e-01 9.334000000000000075e-01
9.273000000000000131e-01 9.331000000000000405e-01
9.271000000000000352e-01 9.332000000000000295e-01
9.271000000000000352e-01 9.334999999999999964e-01
9.268999999999999462e-01 9.334000000000000075e-01
9.268999999999999462e-01 9.336999999999999744e-01
9.270000000000000462e-01 9.336999999999999744e-01
9.271000000000000352e-01 9.335999999999999854e-01
9.271000000000000352e-01 9.335999999999999854e-01
9.270000000000000462e-01 9.333000000000000185e-01
9.272000000000000242e-01 9.334000000000000075e-01
9.268999999999999462e-01 9.332000000000000295e-01
9.265999999999999792e-01 9.333000000000000185e-01
9.271000000000000352e-01 9.333000000000000185e-01
9.273000000000000131e-01 9.331000000000000405e-01
9.273000000000000131e-01 9.332000000000000295e-01
9.272000000000000242e-01 9.330000000000000515e-01
9.274000000000000021e-01 9.330000000000000515e-01
9.273000000000000131e-01 9.327999999999999625e-01
9.270000000000000462e-01 9.331000000000000405e-01
9.267999999999999572e-01 9.326999999999999735e-01
9.268999999999999462e-01 9.328999999999999515e-01
9.271000000000000352e-01 9.333000000000000185e-01
9.268999999999999462e-01 9.324999999999999956e-01
9.268999999999999462e-01 9.326999999999999735e-01
9.265999999999999792e-01 9.331000000000000405e-01
9.266999999999999682e-01 9.332000000000000295e-01
9.270000000000000462e-01 9.331000000000000405e-01
9.267999999999999572e-01 9.333000000000000185e-01
9.267999999999999572e-01 9.332000000000000295e-01
9.267999999999999572e-01 9.330000000000000515e-01
9.273000000000000131e-01 9.331000000000000405e-01
9.271000000000000352e-01 9.334999999999999964e-01
9.270000000000000462e-01 9.334999999999999964e-01
9.272000000000000242e-01 9.330000000000000515e-01
9.274000000000000021e-01 9.328999999999999515e-01
9.276999999999999691e-01 9.326999999999999735e-01
9.274999999999999911e-01 9.324999999999999956e-01
9.268999999999999462e-01 9.327999999999999625e-01
9.270000000000000462e-01 9.324999999999999956e-01
9.264999999999999902e-01 9.327999999999999625e-01
9.265999999999999792e-01 9.325999999999999845e-01
9.266999999999999682e-01 9.323000000000000176e-01
9.264999999999999902e-01 9.324999999999999956e-01
9.264000000000000012e-01 9.325999999999999845e-01
9.266999999999999682e-01 9.327999999999999625e-01
9.264999999999999902e-01 9.325999999999999845e-01
9.264999999999999902e-01 9.322000000000000286e-01
9.264000000000000012e-01 9.322000000000000286e-01
9.267999999999999572e-01 9.323000000000000176e-01
9.268999999999999462e-01 9.323000000000000176e-01
9.264999999999999902e-01 9.324999999999999956e-01
9.264999999999999902e-01 9.326999999999999735e-01
9.266999999999999682e-01 9.324999999999999956e-01
9.266999999999999682e-01 9.324999999999999956e-01
9.271000000000000352e-01 9.324000000000000066e-01
9.271000000000000352e-01 9.325999999999999845e-01
9.267999999999999572e-01 9.327999999999999625e-01
9.265999999999999792e-01 9.330000000000000515e-01
9.263000000000000123e-01 9.326999999999999735e-01
9.264999999999999902e-01 9.324000000000000066e-01
9.265999999999999792e-01 9.323000000000000176e-01
9.264000000000000012e-01 9.322000000000000286e-01
9.264999999999999902e-01 9.324000000000000066e-01
9.262000000000000233e-01 9.326999999999999735e-01
9.261000000000000343e-01 9.328999999999999515e-01
9.263000000000000123e-01 9.326999999999999735e-01
9.260000000000000453e-01 9.328999999999999515e-01
9.262000000000000233e-01 9.324999999999999956e-01
9.264999999999999902e-01 9.325999999999999845e-01
9.265999999999999792e-01 9.325999999999999845e-01
9.264999999999999902e-01 9.323000000000000176e-01
9.266999999999999682e-01 9.324000000000000066e-01
9.266999999999999682e-01 9.327999999999999625e-01
9.264999999999999902e-01 9.330000000000000515e-01
9.264000000000000012e-01 9.330000000000000515e-01
9.267999999999999572e-01 9.328999999999999515e-01
9.272000000000000242e-01 9.331000000000000405e-01
9.267999999999999572e-01 9.335999999999999854e-01
9.268999999999999462e-01 9.337999999999999634e-01
9.270000000000000462e-01 9.337999999999999634e-01
9.270000000000000462e-01 9.337999999999999634e-01
9.267999999999999572e-01 9.334999999999999964e-01
9.264000000000000012e-01 9.333000000000000185e-01
9.264000000000000012e-01 9.327999999999999625e-01
9.266999999999999682e-01 9.327999999999999625e-01
9.264000000000000012e-01 9.328999999999999515e-01
9.263000000000000123e-01 9.331000000000000405e-01
9.262000000000000233e-01 9.332000000000000295e-01
9.264000000000000012e-01 9.335999999999999854e-01
9.263000000000000123e-01 9.333000000000000185e-01
9.261000000000000343e-01 9.334000000000000075e-01
9.256999999999999673e-01 9.331000000000000405e-01
9.256999999999999673e-01 9.330000000000000515e-01
9.253000000000000114e-01 9.331000000000000405e-01
9.258999999999999453e-01 9.326999999999999735e-01
9.256999999999999673e-01 9.324999999999999956e-01
9.264000000000000012e-01 9.326999999999999735e-01
9.262000000000000233e-01 9.331000000000000405e-01
9.260000000000000453e-01 9.330000000000000515e-01
9.263000000000000123e-01 9.326999999999999735e-01
9.264000000000000012e-01 9.332000000000000295e-01
9.256999999999999673e-01 9.332000000000000295e-01
9.260000000000000453e-01 9.330000000000000515e-01
9.261000000000000343e-01 9.328999999999999515e-01
9.262000000000000233e-01 9.325999999999999845e-01
9.264000000000000012e-01 9.324999999999999956e-01
9.265999999999999792e-01 9.327999999999999625e-01
9.264999999999999902e-01 9.326999999999999735e-01
9.265999999999999792e-01 9.328999999999999515e-01
9.264999999999999902e-01 9.334000000000000075e-01
9.268999999999999462e-01 9.331000000000000405e-01
9.266999999999999682e-01 9.324999999999999956e-01
9.265999999999999792e-01 9.326999999999999735e-01
9.267999999999999572e-01 9.326999999999999735e-01
9.271000000000000352e-01 9.328999999999999515e-01
9.271000000000000352e-01 9.327999999999999625e-01
9.274999999999999911e-01 9.331000000000000405e-01
9.272000000000000242e-01 9.327999999999999625e-01
9.271000000000000352e-01 9.327999999999999625e-01
9.265999999999999792e-01 9.332000000000000295e-01
9.268999999999999462e-01 9.332000000000000295e-01
9.273000000000000131e-01 9.333000000000000185e-01
9.274999999999999911e-01 9.328999999999999515e-01
9.274000000000000021e-01 9.334999999999999964e-01
9.274000000000000021e-01 9.327999999999999625e-01
9.278999999999999471e-01 9.330000000000000515e-01
9.276999999999999691e-01 9.328999999999999515e-01
9.280000000000000471e-01 9.328999999999999515e-01
9.277999999999999581e-01 9.330000000000000515e-01
9.277999999999999581e-01 9.332000000000000295e-01
9.275999999999999801e-01 9.334999999999999964e-01
9.274000000000000021e-01 9.334000000000000075e-01
9.270000000000000462e-01 9.334999999999999964e-01
9.270000000000000462e-01 9.331000000000000405e-01
9.266999999999999682e-01 9.326999999999999735e-01
9.266999999999999682e-01 9.324999999999999956e-01
9.268999999999999462e-01 9.332000000000000295e-01
9.266999999999999682e-01 9.333000000000000185e-01
9.266999999999999682e-01 9.335999999999999854e-01
9.267999999999999572e-01 9.336999999999999744e-01
9.265999999999999792e-01 9.335999999999999854e-01
9.267999999999999572e-01 9.337999999999999634e-01
9.271000000000000352e-01 9.336999999999999744e-01
9.268999999999999462e-01 9.338999999999999524e-01
9.265999999999999792e-01 9.337999999999999634e-01
9.267999999999999572e-01 9.337999999999999634e-01
9.270000000000000462e-01 9.334999999999999964e-01
9.274000000000000021e-01 9.335999999999999854e-01
9.273000000000000131e-01 9.334000000000000075e-01
9.273000000000000131e-01 9.333000000000000185e-01
9.274000000000000021e-01 9.335999999999999854e-01
9.275999999999999801e-01 9.335999999999999854e-01
9.270000000000000462e-01 9.334999999999999964e-01
9.268999999999999462e-01 9.334999999999999964e-01
9.272000000000000242e-01 9.336999999999999744e-01
9.271000000000000352e-01 9.334000000000000075e-01
9.273000000000000131e-01 9.338999999999999524e-01
9.271000000000000352e-01 9.336999999999999744e-01
9.271000000000000352e-01 9.336999999999999744e-01
9.267999999999999572e-01 9.337999999999999634e-01
9.266999999999999682e-01 9.336999999999999744e-01
9.270000000000000462e-01 9.340000000000000524e-01
9.268999999999999462e-01 9.340000000000000524e-01
9.271000000000000352e-01 9.340000000000000524e-01
9.273000000000000131e-01 9.340000000000000524e-01
9.273000000000000131e-01 9.338999999999999524e-01
9.272000000000000242e-01 9.342000000000000304e-01
9.272000000000000242e-01 9.338999999999999524e-01
9.272000000000000242e-01 9.344000000000000083e-01
9.271000000000000352e-01 9.342000000000000304e-01
9.268999999999999462e-01 9.342000000000000304e-01
9.271000000000000352e-01 9.343000000000000194e-01
9.270000000000000462e-01 9.338999999999999524e-01
9.266999999999999682e-01 9.340000000000000524e-01
9.268999999999999462e-01 9.340000000000000524e-01
9.266999999999999682e-01 9.337999999999999634e-01
9.267999999999999572e-01 9.334000000000000075e-01
9.265999999999999792e-01 9.334999999999999964e-01
9.262000000000000233e-01 9.330000000000000515e-01
9.267999999999999572e-01 9.331000000000000405e-01
9.264999999999999902e-01 9.333000000000000185e-01
9.267999999999999572e-01 9.334999999999999964e-01
9.268999999999999462e-01 9.335999999999999854e-01
9.260000000000000453e-01 9.335999999999999854e-01
9.258999999999999453e-01 9.336999999999999744e-01
9.263000000000000123e-01 9.334000000000000075e-01
9.262000000000000233e-01 9.334000000000000075e-01
9.263000000000000123e-01 9.334000000000000075e-01
9.264000000000000012e-01 9.334000000000000075e-01
9.267999999999999572e-01 9.333000000000000185e-01
9.273000000000000131e-01 9.335999999999999854e-01
9.266999999999999682e-01 9.334999999999999964e-01
9.266999999999999682e-01 9.334000000000000075e-01
9.264000000000000012e-01 9.333000000000000185e-01
9.263000000000000123e-01 9.331000000000000405e-01
9.265999999999999792e-01 9.331000000000000405e-01
9.265999999999999792e-01 9.334999999999999964e-01
9.261000000000000343e-01 9.334000000000000075e-01
9.260000000000000453e-01 9.333000000000000185e-01
9.258999999999999453e-01 9.327999999999999625e-01
9.258999999999999453e-01 9.331000000000000405e-01
9.261000000000000343e-01 9.328999999999999515e-01
9.261000000000000343e-01 9.332000000000000295e-01
9.258999999999999453e-01 9.334999999999999964e-01
9.261000000000000343e-01 9.334000000000000075e-01
9.263000000000000123e-01 9.331000000000000405e-01
9.264000000000000012e-01 9.332000000000000295e-01
9.263000000000000123e-01 9.335999999999999854e-01
9.258999999999999453e-01 9.334000000000000075e-01
9.256999999999999673e-01 9.334999999999999964e-01
9.260000000000000453e-01 9.337999999999999634e-01
9.258999999999999453e-01 9.338999999999999524e-01
9.260000000000000453e-01 9.333000000000000185e-01
9.261000000000000343e-01 9.332000000000000295e-01
9.260000000000000453e-01 9.334999999999999964e-01
9.261000000000000343e-01 9.332000000000000295e-01
9.262000000000000233e-01 9.335999999999999854e-01
9.266999999999999682e-01 9.337999999999999634e-01
9.265999999999999792e-01 9.334999999999999964e-01
9.265999999999999792e-01 9.333000000000000185e-01
9.265999999999999792e-01 9.333000000000000185e-01
9.264999999999999902e-01 9.335999999999999854e-01
9.264000000000000012e-01 9.334000000000000075e-01
9.267999999999999572e-01 9.334000000000000075e-01
9.265999999999999792e-01 9.336999999999999744e-01
9.267999999999999572e-01 9.332000000000000295e-01
9.264999999999999902e-01 9.333000000000000185e-01
9.266999999999999682e-01 9.334000000000000075e-01
9.266999999999999682e-01 9.334000000000000075e-01
9.267999999999999572e-01 9.333000000000000185e-01
9.265999999999999792e-01 9.338999999999999524e-01
9.264999999999999902e-01 9.336999999999999744e-01
9.264999999999999902e-01 9.335999999999999854e-01
9.268999999999999462e-01 9.335999999999999854e-01
9.271000000000000352e-01 9.334000000000000075e-01
9.275999999999999801e-01 9.334999999999999964e-01
9.271000000000000352e-01 9.331000000000000405e-01
9.268999999999999462e-01 9.333000000000000185e-01
9.267999999999999572e-01 9.333000000000000185e-01
9.266999999999999682e-01 9.331000000000000405e-01
9.271000000000000352e-01 9.327999999999999625e-01
9.270000000000000462e-01 9.326999999999999735e-01
9.268999999999999462e-01 9.324999999999999956e-01
9.270000000000000462e-01 9.325999999999999845e-01
9.271000000000000352e-01 9.328999999999999515e-01
9.265999999999999792e-01 9.327999999999999625e-01
9.264999999999999902e-01 9.326999999999999735e-01
9.264999999999999902e-01 9.332000000000000295e-01
9.264999999999999902e-01 9.328999999999999515e-01
9.267999999999999572e-01 9.326999999999999735e-01
9.270000000000000462e-01 9.324999999999999956e-01
9.263000000000000123e-01 9.324999999999999956e-01
9.264999999999999902e-01 9.318999999999999506e-01
9.268999999999999462e-01 9.323000000000000176e-01
9.268999999999999462e-01 9.324999999999999956e-01
9.263000000000000123e-01 9.317999999999999616e-01
9.270000000000000462e-01 9.320000000000000506e-01
9.271000000000000352e-01 9.324000000000000066e-01
9.270000000000000462e-01 9.321000000000000396e-01
9.267999999999999572e-01 9.317999999999999616e-01
9.268999999999999462e-01 9.320000000000000506e-01
9.268999999999999462e-01 9.321000000000000396e-01
9.266999999999999682e-01 9.321000000000000396e-01
9.267999999999999572e-01 9.316999999999999726e-01
9.265999999999999792e-01 9.317999999999999616e-01
9.266999999999999682e-01 9.315999999999999837e-01
9.263000000000000123e-01 9.317999999999999616e-01
9.263000000000000123e-01 9.318999999999999506e-01
9.261000000000000343e-01 9.320000000000000506e-01
9.262000000000000233e-01 9.318999999999999506e-01
9.261000000000000343e-01 9.320000000000000506e-01
9.261000000000000343e-01 9.324000000000000066e-01
9.263000000000000123e-01 9.325999999999999845e-01
9.261000000000000343e-01 9.324000000000000066e-01
9.264999999999999902e-01 9.326999999999999735e-01
9.263000000000000123e-01 9.327999999999999625e-01
9.266999999999999682e-01 9.325999999999999845e-01
9.263000000000000123e-01 9.324000000000000066e-01
9.264000000000000012e-01 9.324999999999999956e-01
9.264000000000000012e-01 9.326999999999999735e-01
9.263000000000000123e-01 9.324999999999999956e-01
9.262000000000000233e-01 9.324999999999999956e-01
9.264000000000000012e-01 9.324000000000000066e-01
9.264000000000000012e-01 9.328999999999999515e-01
9.257999999999999563e-01 9.333000000000000185e-01
9.256999999999999673e-01 9.333000000000000185e-01
9.256999999999999673e-01 9.332000000000000295e-01
9.254999999999999893e-01 9.327999999999999625e-01
9.256999999999999673e-01 9.330000000000000515e-01
9.254999999999999893e-01 9.324999999999999956e-01
9.254000000000000004e-01 9.326999999999999735e-01
9.252000000000000224e-01 9.325999999999999845e-01
9.255999999999999783e-01 9.325999999999999845e-01
9.254999999999999893e-01 9.325999999999999845e-01
9.251000000000000334e-01 9.327999999999999625e-01
9.250000000000000444e-01 9.322000000000000286e-01
9.251000000000000334e-01 9.324000000000000066e-01
9.254000000000000004e-01 9.324000000000000066e-01
9.254999999999999893e-01 9.320000000000000506e-01
9.255999999999999783e-01 9.323000000000000176e-01
9.252000000000000224e-01 9.324999999999999956e-01
9.249000000000000554e-01 9.321000000000000396e-01
9.251000000000000334e-01 9.322000000000000286e-01
9.254000000000000004e-01 9.317999999999999616e-01
9.253000000000000114e-01 9.322000000000000286e-01
9.252000000000000224e-01 9.318999999999999506e-01
9.256999999999999673e-01 9.317999999999999616e-01
9.256999999999999673e-01 9.321000000000000396e-01
9.257999999999999563e-01 9.320000000000000506e-01
9.253000000000000114e-01 9.322000000000000286e-01
9.251000000000000334e-01 9.322000000000000286e-01
9.251000000000000334e-01 9.322000000000000286e-01
9.250000000000000444e-01 9.321000000000000396e-01
9.253000000000000114e-01 9.320000000000000506e-01
9.253000000000000114e-01 9.320000000000000506e-01
9.255999999999999783e-01 9.320000000000000506e-01
9.254000000000000004e-01 9.318999999999999506e-01
9.252000000000000224e-01 9.320000000000000506e-01
9.252000000000000224e-01 9.317999999999999616e-01
9.252000000000000224e-01 9.320000000000000506e-01
9.251000000000000334e-01 9.320000000000000506e-01
9.250000000000000444e-01 9.317999999999999616e-01
9.250000000000000444e-01 9.317999999999999616e-01
9.252000000000000224e-01 9.322000000000000286e-01
9.252000000000000224e-01 9.321000000000000396e-01
9.254000000000000004e-01 9.322000000000000286e-01
9.255999999999999783e-01 9.322000000000000286e-01
9.256999999999999673e-01 9.321000000000000396e-01
9.256999999999999673e-01 9.318999999999999506e-01
9.258999999999999453e-01 9.321000000000000396e-01
9.257999999999999563e-01 9.320000000000000506e-01
9.257999999999999563e-01 9.317999999999999616e-01
9.261000000000000343e-01 9.323000000000000176e-01
9.252000000000000224e-01 9.324000000000000066e-01
9.254999999999999893e-01 9.320000000000000506e-01
9.255999999999999783e-01 9.320000000000000506e-01
9.254999999999999893e-01 9.318999999999999506e-01
9.256999999999999673e-01 9.322000000000000286e-01
9.261000000000000343e-01 9.320000000000000506e-01
9.257999999999999563e-01 9.317999999999999616e-01
9.256999999999999673e-01 9.318999999999999506e-01
9.256999999999999673e-01 9.318999999999999506e-01
9.261000000000000343e-01 9.320000000000000506e-01
9.262000000000000233e-01 9.322000000000000286e-01
9.258999999999999453e-01 9.323000000000000176e-01
9.256999999999999673e-01 9.323000000000000176e-01
9.254999999999999893e-01 9.322000000000000286e-01
9.254999999999999893e-01 9.324999999999999956e-01
9.251000000000000334e-01 9.318999999999999506e-01
9.253000000000000114e-01 9.320000000000000506e-01
9.254999999999999893e-01 9.318999999999999506e-01
9.256999999999999673e-01 9.318999999999999506e-01
9.257999999999999563e-01 9.322000000000000286e-01
9.257999999999999563e-01 9.320000000000000506e-01
9.260000000000000453e-01 9.324000000000000066e-01
9.257999999999999563e-01 9.324000000000000066e-01
9.262000000000000233e-01 9.324000000000000066e-01
9.262000000000000233e-01 9.324999999999999956e-01
9.264000000000000012e-01 9.325999999999999845e-01
9.261000000000000343e-01 9.325999999999999845e-01
9.260000000000000453e-01 9.324999999999999956e-01
9.263000000000000123e-01 9.324999999999999956e-01
9.263000000000000123e-01 9.326999999999999735e-01
9.261000000000000343e-01 9.326999999999999735e-01
9.258999999999999453e-01 9.321000000000000396e-01
9.261000000000000343e-01 9.316999999999999726e-01
9.257999999999999563e-01 9.320000000000000506e-01
9.254000000000000004e-01 9.322000000000000286e-01
9.255999999999999783e-01 9.321000000000000396e-01
9.255999999999999783e-01 9.322000000000000286e-01
9.256999999999999673e-01 9.324000000000000066e-01
9.256999999999999673e-01 9.324000000000000066e-01
9.255999999999999783e-01 9.321000000000000396e-01
9.254999999999999893e-01 9.322000000000000286e-01
9.252000000000000224e-01 9.321000000000000396e-01
9.255999999999999783e-01 9.321000000000000396e-01
9.258999999999999453e-01 9.318999999999999506e-01
9.257999999999999563e-01 9.323000000000000176e-01
9.256999999999999673e-01 9.320000000000000506e-01
9.257999999999999563e-01 9.320000000000000506e-01
9.262000000000000233e-01 9.315999999999999837e-01
9.257999999999999563e-01 9.314999999999999947e-01
9.257999999999999563e-01 9.315999999999999837e-01
9.260000000000000453e-01 9.315999999999999837e-01
9.255999999999999783e-01 9.316999999999999726e-01
9.255999999999999783e-01 9.317999999999999616e-01
9.253000000000000114e-01 9.320000000000000506e-01
9.254000000000000004e-01 9.318999999999999506e-01
9.251000000000000334e-01 9.320000000000000506e-01
9.253000000000000114e-01 9.314999999999999947e-01
9.253000000000000114e-01 9.315999999999999837e-01
9.251000000000000334e-01 9.317999999999999616e-01
9.254999999999999893e-01 9.316999999999999726e-01
9.255999999999999783e-01 9.316999999999999726e-01
9.254000000000000004e-01 9.318999999999999506e-01
9.253000000000000114e-01 9.323000000000000176e-01
9.251000000000000334e-01 9.317999999999999616e-01
9.249000000000000554e-01 9.322000000000000286e-01
9.251000000000000334e-01 9.318999999999999506e-01
9.257999999999999563e-01 9.317999999999999616e-01
9.253000000000000114e-01 9.318999999999999506e-01
9.251000000000000334e-01 9.318999999999999506e-01
9.252000000000000224e-01 9.316999999999999726e-01
9.249000000000000554e-01 9.320000000000000506e-01
9.250000000000000444e-01 9.321000000000000396e-01
9.250000000000000444e-01 9.321000000000000396e-01
9.253000000000000114e-01 9.320000000000000506e-01
9.246999999999999664e-01 9.317999999999999616e-01
9.247999999999999554e-01 9.320000000000000506e-01
9.249000000000000554e-01 9.315999999999999837e-01
9.249000000000000554e-01 9.317999999999999616e-01
9.252000000000000224e-01 9.316999999999999726e-01
9.245999999999999774e-01 9.317999999999999616e-01
9.249000000000000554e-01 9.317999999999999616e-01
9.244999999999999885e-01 9.314999999999999947e-01
9.246999999999999664e-01 9.316999999999999726e-01
9.250000000000000444e-01 9.317999999999999616e-01
9.250000000000000444e-01 9.314999999999999947e-01
9.253000000000000114e-01 9.315999999999999837e-01
9.254999999999999893e-01 9.316999999999999726e-01
9.253000000000000114e-01 9.315999999999999837e-01
9.252000000000000224e-01 9.315999999999999837e-01
9.253000000000000114e-01 9.316999999999999726e-01
9.250000000000000444e-01 9.312000000000000277e-01
9.249000000000000554e-01 9.316999999999999726e-01
9.249000000000000554e-01 9.314000000000000057e-01
9.252000000000000224e-01 9.313000000000000167e-01
9.252000000000000224e-01 9.314999999999999947e-01
9.249000000000000554e-01 9.315999999999999837e-01
9.251000000000000334e-01 9.314999999999999947e-01
9.254000000000000004e-01 9.314000000000000057e-01
9.254999999999999893e-01 9.313000000000000167e-01
9.254999999999999893e-01 9.314000000000000057e-01
9.256999999999999673e-01 9.310000000000000497e-01
9.253000000000000114e-01 9.310000000000000497e-01
9.254999999999999893e-01 9.313000000000000167e-01
9.260000000000000453e-01 9.312000000000000277e-01
9.263000000000000123e-01 9.312000000000000277e-01
9.262000000000000233e-01 9.314999999999999947e-01
9.261000000000000343e-01 9.314000000000000057e-01
9.258999999999999453e-01 9.314999999999999947e-01
9.258999999999999453e-01 9.321000000000000396e-01
9.258999999999999453e-01 9.318999999999999506e-01
9.263000000000000123e-01 9.317999999999999616e-01
9.260000000000000453e-01 9.318999999999999506e-01
9.263000000000000123e-01 9.316999999999999726e-01
9.257999999999999563e-01 9.318999999999999506e-01
9.258999999999999453e-01 9.321000000000000396e-01
9.260000000000000453e-01 9.315999999999999837e-01
9.261000000000000343e-01 9.317999999999999616e-01
9.256999999999999673e-01 9.317999999999999616e-01
9.257999999999999563e-01 9.315999999999999837e-01
9.256999999999999673e-01 9.314999999999999947e-01
9.263000000000000123e-01 9.314999999999999947e-01
9.264999999999999902e-01 9.312000000000000277e-01
9.264999999999999902e-01 9.314999999999999947e-01
9.264999999999999902e-01 9.313000000000000167e-01
9.262000000000000233e-01 9.314000000000000057e-01
9.261000000000000343e-01 9.313000000000000167e-01
9.257999999999999563e-01 9.315999999999999837e-01
9.262000000000000233e-01 9.314999999999999947e-01
9.261000000000000343e-01 9.314000000000000057e-01
9.261000000000000343e-01 9.313000000000000167e-01
9.260000000000000453e-01 9.314000000000000057e-01
9.261000000000000343e-01 9.315999999999999837e-01
9.262000000000000233e-01 9.314000000000000057e-01
9.258999999999999453e-01 9.314999999999999947e-01
9.258999999999999453e-01 9.315999999999999837e-01
9.261000000000000343e-01 9.313000000000000167e-01
9.260000000000000453e-01 9.313000000000000167e-01
9.261000000000000343e-01 9.315999999999999837e-01
9.258999999999999453e-01 9.317999999999999616e-01
9.261000000000000343e-01 9.316999999999999726e-01
9.260000000000000453e-01 9.315999999999999837e-01
9.263000000000000123e-01 9.314000000000000057e-01
9.263000000000000123e-01 9.314999999999999947e-01
9.258999999999999453e-01 9.312000000000000277e-01
9.260000000000000453e-01 9.314000000000000057e-01
9.262000000000000233e-01 9.315999999999999837e-01
9.262000000000000233e-01 9.320000000000000506e-01
9.264000000000000012e-01 9.317999999999999616e-01
9.258999999999999453e-01 9.316999999999999726e-01
9.260000000000000453e-01 9.317999999999999616e-01
9.256999999999999673e-01 9.317999999999999616e-01
9.256999999999999673e-01 9.320000000000000506e-01
9.256999999999999673e-01 9.324000000000000066e-01
9.255999999999999783e-01 9.322000000000000286e-01
9.255999999999999783e-01 9.325999999999999845e-01
9.255999999999999783e-01 9.324000000000000066e-01
9.255999999999999783e-01 9.323000000000000176e-01
9.258999999999999453e-01 9.324999999999999956e-01
9.258999999999999453e-01 9.321000000000000396e-01
9.258999999999999453e-01 9.322000000000000286e-01
9.260000000000000453e-01 9.323000000000000176e-01
9.257999999999999563e-01 9.323000000000000176e-01
9.256999999999999673e-01 9.321000000000000396e-01
9.258999999999999453e-01 9.320000000000000506e-01
9.260000000000000453e-01 9.320000000000000506e-01
9.257999999999999563e-01 9.326999999999999735e-01
9.254999999999999893e-01 9.325999999999999845e-01
9.252000000000000224e-01 9.326999999999999735e-01
9.254000000000000004e-01 9.324999999999999956e-01
9.256999999999999673e-01 9.327999999999999625e-01
9.254000000000000004e-01 9.327999999999999625e-01
9.253000000000000114e-01 9.330000000000000515e-01
9.251000000000000334e-01 9.330000000000000515e-01
9.253000000000000114e-01 9.333000000000000185e-01
9.254000000000000004e-01 9.332000000000000295e-01
9.254000000000000004e-01 9.334000000000000075e-01
9.254000000000000004e-01 9.335999999999999854e-01
9.249000000000000554e-01 9.332000000000000295e-01
9.249000000000000554e-01 9.337999999999999634e-01
9.250000000000000444e-01 9.334000000000000075e-01
9.251000000000000334e-01 9.335999999999999854e-01
9.246999999999999664e-01 9.331000000000000405e-01
9.249000000000000554e-01 9.331000000000000405e-01
9.246999999999999664e-01 9.334000000000000075e-01
9.246999999999999664e-01 9.333000000000000185e-01
9.254000000000000004e-01 9.332000000000000295e-01
9.254000000000000004e-01 9.332000000000000295e-01
9.255999999999999783e-01 9.332000000000000295e-01
9.257999999999999563e-01 9.332000000000000295e-01
9.254000000000000004e-01 9.331000000000000405e-01
9.252000000000000224e-01 9.330000000000000515e-01
9.257999999999999563e-01 9.326999999999999735e-01
9.258999999999999453e-01 9.328999999999999515e-01
9.262000000000000233e-01 9.330000000000000515e-01
9.257999999999999563e-01 9.326999999999999735e-01
9.261000000000000343e-01 9.332000000000000295e-01
9.262000000000000233e-01 9.331000000000000405e-01
9.263000000000000123e-01 9.328999999999999515e-01
9.257999999999999563e-01 9.327999999999999625e-01
9.256999999999999673e-01 9.331000000000000405e-01
9.252000000000000224e-01 9.330000000000000515e-01
9.257999999999999563e-01 9.332000000000000295e-01
9.256999999999999673e-01 9.328999999999999515e-01
9.258999999999999453e-01 9.327999999999999625e-01
9.261000000000000343e-01 9.331000000000000405e-01
9.260000000000000453e-01 9.327999999999999625e-01
9.261000000000000343e-01 9.330000000000000515e-01
9.263000000000000123e-01 9.332000000000000295e-01
9.263000000000000123e-01 9.332000000000000295e-01
9.255999999999999783e-01 9.332000000000000295e-01
9.257999999999999563e-01 9.334000000000000075e-01
9.255999999999999783e-01 9.328999999999999515e-01
9.258999999999999453e-01 9.331000000000000405e-01
9.257999999999999563e-01 9.327999999999999625e-01
9.257999999999999563e-01 9.322000000000000286e-01
9.257999999999999563e-01 9.321000000000000396e-01
9.254999999999999893e-01 9.314999999999999947e-01
9.255999999999999783e-01 9.317999999999999616e-01
9.253000000000000114e-01 9.321000000000000396e-01
9.254999999999999893e-01 9.322000000000000286e-01
9.256999999999999673e-01 9.321000000000000396e-01
9.258999999999999453e-01 9.318999999999999506e-01
9.258999999999999453e-01 9.322000000000000286e-01
9.260000000000000453e-01 9.327999999999999625e-01
9.255999999999999783e-01 9.324000000000000066e-01
9.255999999999999783e-01 9.322000000000000286e-01
9.256999999999999673e-01 9.320000000000000506e-01
9.254999999999999893e-01 9.324000000000000066e-01
9.254000000000000004e-01 9.324999999999999956e-01
9.252000000000000224e-01 9.324999999999999956e-01
9.254000000000000004e-01 9.330000000000000515e-01
9.249000000000000554e-01 9.326999999999999735e-01
9.249000000000000554e-01 9.327999999999999625e-01
9.251000000000000334e-01 9.330000000000000515e-01
9.253000000000000114e-01 9.328999999999999515e-01
9.254000000000000004e-01 9.330000000000000515e-01
9.256999999999999673e-01 9.328999999999999515e-01
9.256999999999999673e-01 9.327999999999999625e-01
9.255999999999999783e-01 9.327999999999999625e-01
9.257999999999999563e-01 9.330000000000000515e-01
9.254999999999999893e-01 9.326999999999999735e-01
9.255999999999999783e-01 9.324999999999999956e-01
9.256999999999999673e-01 9.325999999999999845e-01
9.263000000000000123e-01 9.324000000000000066e-01
9.255999999999999783e-01 9.322000000000000286e-01
9.257999999999999563e-01 9.323000000000000176e-01
9.254999999999999893e-01 9.322000000000000286e-01
9.264000000000000012e-01 9.323000000000000176e-01
9.260000000000000453e-01 9.320000000000000506e-01
9.264999999999999902e-01 9.322000000000000286e-01
9.261000000000000343e-01 9.322000000000000286e-01
9.258999999999999453e-01 9.321000000000000396e-01
9.256999999999999673e-01 9.315999999999999837e-01
9.255999999999999783e-01 9.315999999999999837e-01
9.257999999999999563e-01 9.316999999999999726e-01
9.255999999999999783e-01 9.315999999999999837e-01
9.254999999999999893e-01 9.317999999999999616e-01
9.256999999999999673e-01 9.316999999999999726e-01
9.254999999999999893e-01 9.321000000000000396e-01
9.254999999999999893e-01 9.322000000000000286e-01
9.254000000000000004e-01 9.321000000000000396e-01
9.255999999999999783e-01 9.326999999999999735e-01
9.254999999999999893e-01 9.326999999999999735e-01
9.258999999999999453e-01 9.327999999999999625e-01
9.262000000000000233e-01 9.324999999999999956e-01
9.261000000000000343e-01 9.324000000000000066e-01
9.261000000000000343e-01 9.324000000000000066e-01
9.262000000000000233e-01 9.326999999999999735e-01
9.267999999999999572e-01 9.323000000000000176e-01
9.264999999999999902e-01 9.327999999999999625e-01
9.265999999999999792e-01 9.327999999999999625e-01
9.265999999999999792e-01 9.326999999999999735e-01
9.263000000000000123e-01 9.326999999999999735e-01
9.265999999999999792e-01 9.327999999999999625e-01
9.265999999999999792e-01 9.326999999999999735e-01
9.266999999999999682e-01 9.328999999999999515e-01
9.265999999999999792e-01 9.327999999999999625e-01
9.265999999999999792e-01 9.330000000000000515e-01
9.262000000000000233e-01 9.330000000000000515e-01
9.264000000000000012e-01 9.326999999999999735e-01
9.264000000000000012e-01 9.326999999999999735e-01
9.260000000000000453e-01 9.328999999999999515e-01
9.262000000000000233e-01 9.330000000000000515e-01
9.264000000000000012e-01 9.327999999999999625e-01
9.260000000000000453e-01 9.325999999999999845e-01
9.257999999999999563e-01 9.327999999999999625e-01
9.264999999999999902e-01 9.327999999999999625e-01
9.265999999999999792e-01 9.324999999999999956e-01
9.262000000000000233e-01 9.334000000000000075e-01
9.264000000000000012e-01 9.334999999999999964e-01
9.264999999999999902e-01 9.334000000000000075e-01
9.261000000000000343e-01 9.334000000000000075e-01
9.258999999999999453e-01 9.333000000000000185e-01
9.258999999999999453e-01 9.334999999999999964e-01
9.265999999999999792e-01 9.334000000000000075e-01
9.266999999999999682e-01 9.332000000000000295e-01
9.265999999999999792e-01 9.333000000000000185e-01
9.266999999999999682e-01 9.327999999999999625e-01
9.264999999999999902e-01 9.326999999999999735e-01
9.267999999999999572e-01 9.333000000000000185e-01
9.266999999999999682e-01 9.332000000000000295e-01
9.266999999999999682e-01 9.326999999999999735e-01
9.267999999999999572e-01 9.326999999999999735e-01
9.263000000000000123e-01 9.328999999999999515e-01
9.264000000000000012e-01 9.330000000000000515e-01
9.264000000000000012e-01 9.330000000000000515e-01
9.266999999999999682e-01 9.330000000000000515e-01
9.265999999999999792e-01 9.331000000000000405e-01
9.264999999999999902e-01 9.331000000000000405e-01
9.267999999999999572e-01 9.325999999999999845e-01
9.264000000000000012e-01 9.327999999999999625e-01
9.261000000000000343e-01 9.327999999999999625e-01
9.262000000000000233e-01 9.330000000000000515e-01
9.258999999999999453e-01 9.330000000000000515e-01
9.256999999999999673e-01 9.326999999999999735e-01
9.260000000000000453e-01 9.324000000000000066e-01
9.260000000000000453e-01 9.324999999999999956e-01
9.254000000000000004e-01 9.330000000000000515e-01
9.258999999999999453e-01 9.330000000000000515e-01
9.258999999999999453e-01 9.328999999999999515e-01
9.258999999999999453e-01 9.326999999999999735e-01
9.256999999999999673e-01 9.331000000000000405e-01
9.260000000000000453e-01 9.332000000000000295e-01
9.263000000000000123e-01 9.328999999999999515e-01
9.262000000000000233e-01 9.330000000000000515e-01
9.262000000000000233e-01 9.326999999999999735e-01
9.257999999999999563e-01 9.333000000000000185e-01
9.261000000000000343e-01 9.331000000000000405e-01
9.262000000000000233e-01 9.330000000000000515e-01
9.262000000000000233e-01 9.326999999999999735e-01
9.263000000000000123e-01 9.325999999999999845e-01
9.263000000000000123e-01 9.326999999999999735e-01
9.262000000000000233e-01 9.331000000000000405e-01
9.262000000000000233e-01 9.328999999999999515e-01
9.264000000000000012e-01 9.325999999999999845e-01
9.264999999999999902e-01 9.324999999999999956e-01
9.264999999999999902e-01 9.325999999999999845e-01
9.257999999999999563e-01 9.326999999999999735e-01
9.257999999999999563e-01 9.327999999999999625e-01
9.262000000000000233e-01 9.325999999999999845e-01
9.258999999999999453e-01 9.322000000000000286e-01
9.265999999999999792e-01 9.323000000000000176e-01
9.263000000000000123e-01 9.323000000000000176e-01
9.266999999999999682e-01 9.320000000000000506e-01
9.262000000000000233e-01 9.323000000000000176e-01
9.262000000000000233e-01 9.323000000000000176e-01
9.257999999999999563e-01 9.320000000000000506e-01
9.260000000000000453e-01 9.322000000000000286e-01
9.261000000000000343e-01 9.322000000000000286e-01
9.264000000000000012e-01 9.324000000000000066e-01
9.263000000000000123e-01 9.324999999999999956e-01
9.256999999999999673e-01 9.326999999999999735e-01
9.254000000000000004e-01 9.324000000000000066e-01
9.255999999999999783e-01 9.324999999999999956e-01
9.257999999999999563e-01 9.327999999999999625e-01
9.260000000000000453e-01 9.331000000000000405e-01
9.262000000000000233e-01 9.324999999999999956e-01
9.260000000000000453e-01 9.323000000000000176e-01
9.258999999999999453e-01 9.321000000000000396e-01
9.257999999999999563e-01 9.326999999999999735e-01
9.257999999999999563e-01 9.328999999999999515e-01
9.255999999999999783e-01 9.324999999999999956e-01
9.256999999999999673e-01 9.327999999999999625e-01
9.253000000000000114e-01 9.328999999999999515e-01
9.252000000000000224e-01 9.330000000000000515e-01
9.252000000000000224e-01 9.330000000000000515e-01
9.251000000000000334e-01 9.330000000000000515e-01
9.254000000000000004e-01 9.328999999999999515e-01
9.251000000000000334e-01 9.328999999999999515e-01
9.254000000000000004e-01 9.326999999999999735e-01
9.251000000000000334e-01 9.327999999999999625e-01
9.252000000000000224e-01 9.328999999999999515e-01
9.247999999999999554e-01 9.330000000000000515e-01
9.254000000000000004e-01 9.324999999999999956e-01
9.246999999999999664e-01 9.332000000000000295e-01
9.245999999999999774e-01 9.331000000000000405e-01
9.247999999999999554e-01 9.333000000000000185e-01
9.252000000000000224e-01 9.334000000000000075e-01
9.255999999999999783e-01 9.333000000000000185e-01
9.250000000000000444e-01 9.334000000000000075e-01
9.249000000000000554e-01 9.332000000000000295e-01
9.253000000000000114e-01 9.334000000000000075e-01
9.257999999999999563e-01 9.331000000000000405e-01
9.254999999999999893e-01 9.327999999999999625e-01
9.253000000000000114e-01 9.331000000000000405e-01
9.249000000000000554e-01 9.328999999999999515e-01
9.244999999999999885e-01 9.330000000000000515e-01
9.250000000000000444e-01 9.328999999999999515e-01
9.253000000000000114e-01 9.327999999999999625e-01
9.254000000000000004e-01 9.324999999999999956e-01
9.246999999999999664e-01 9.331000000000000405e-01
9.246999999999999664e-01 9.331000000000000405e-01
9.244999999999999885e-01 9.328999999999999515e-01
9.246999999999999664e-01 9.328999999999999515e-01
9.243000000000000105e-01 9.324999999999999956e-01
9.243000000000000105e-01 9.327999999999999625e-01
9.246999999999999664e-01 9.326999999999999735e-01
9.245999999999999774e-01 9.326999999999999735e-01
9.244999999999999885e-01 9.330000000000000515e-01
9.252000000000000224e-01 9.328999999999999515e-01
9.247999999999999554e-01 9.327999999999999625e-01
9.252000000000000224e-01 9.328999999999999515e-01
9.249000000000000554e-01 9.328999999999999515e-01
9.254000000000000004e-01 9.323000000000000176e-01
9.255999999999999783e-01 9.322000000000000286e-01
9.255999999999999783e-01 9.323000000000000176e-01
9.252000000000000224e-01 9.323000000000000176e-01
9.250000000000000444e-01 9.323000000000000176e-01
9.247999999999999554e-01 9.324999999999999956e-01
9.253000000000000114e-01 9.324000000000000066e-01
9.252000000000000224e-01 9.324000000000000066e-01
9.255999999999999783e-01 9.323000000000000176e-01
9.257999999999999563e-01 9.323000000000000176e-01
9.254000000000000004e-01 9.323000000000000176e-01
9.253000000000000114e-01 9.325999999999999845e-01
9.251000000000000334e-01 9.321000000000000396e-01
9.251000000000000334e-01 9.326999999999999735e-01
9.253000000000000114e-01 9.324999999999999956e-01
9.251000000000000334e-01 9.323000000000000176e-01
9.251000000000000334e-01 9.324000000000000066e-01
9.253000000000000114e-01 9.322000000000000286e-01
9.253000000000000114e-01 9.320000000000000506e-01
9.254999999999999893e-01 9.320000000000000506e-01
9.254000000000000004e-01 9.320000000000000506e-01
9.255999999999999783e-01 9.320000000000000506e-01
9.253000000000000114e-01 9.320000000000000506e-01
9.252000000000000224e-01 9.323000000000000176e-01
9.251000000000000334e-01 9.324000000000000066e-01
9.254999999999999893e-01 9.324999999999999956e-01
9.251000000000000334e-01 9.323000000000000176e-01
9.253000000000000114e-01 9.324000000000000066e-01
9.251000000000000334e-01 9.317999999999999616e-01
9.255999999999999783e-01 9.320000000000000506e-01
9.254000000000000004e-01 9.315999999999999837e-01
9.252000000000000224e-01 9.315999999999999837e-01
9.254999999999999893e-01 9.314000000000000057e-01
9.255999999999999783e-01 9.317999999999999616e-01
9.253000000000000114e-01 9.316999999999999726e-01
9.253000000000000114e-01 9.317999999999999616e-01
9.249000000000000554e-01 9.323000000000000176e-01
9.245999999999999774e-01 9.323000000000000176e-01
9.243999999999999995e-01 9.321000000000000396e-01
9.247999999999999554e-01 9.321000000000000396e-01
9.249000000000000554e-01 9.322000000000000286e-01
9.245999999999999774e-01 9.320000000000000506e-01
9.243000000000000105e-01 9.317999999999999616e-01
9.243999999999999995e-01 9.316999999999999726e-01
9.242000000000000215e-01 9.317999999999999616e-01
9.243999999999999995e-01 9.315999999999999837e-01
9.244999999999999885e-01 9.320000000000000506e-01
9.243999999999999995e-01 9.316999999999999726e-01
9.243999999999999995e-01 9.315999999999999837e-01
9.245999999999999774e-01 9.313000000000000167e-01
9.245999999999999774e-01 9.318999999999999506e-01
9.245999999999999774e-01 9.316999999999999726e-01
9.249000000000000554e-01 9.316999999999999726e-01
9.244999999999999885e-01 9.317999999999999616e-01
9.247999999999999554e-01 9.321000000000000396e-01
9.247999999999999554e-01 9.316999999999999726e-01
9.252000000000000224e-01 9.318999999999999506e-01
9.252000000000000224e-01 9.317999999999999616e-01
9.252000000000000224e-01 9.317999999999999616e-01
9.251000000000000334e-01 9.313000000000000167e-01
9.253000000000000114e-01 9.314999999999999947e-01
9.254000000000000004e-01 9.315999999999999837e-01
9.254000000000000004e-01 9.318999999999999506e-01
9.253000000000000114e-01 9.313000000000000167e-01
9.250000000000000444e-01 9.314000000000000057e-01
9.250000000000000444e-01 9.315999999999999837e-01
9.250000000000000444e-01 9.313000000000000167e-01
9.253000000000000114e-01 9.317999999999999616e-01
9.252000000000000224e-01 9.318999999999999506e-01
9.253000000000000114e-01 9.315999999999999837e-01
9.254999999999999893e-01 9.324000000000000066e-01
9.252000000000000224e-01 9.323000000000000176e-01
9.255999999999999783e-01 9.316999999999999726e-01
9.251000000000000334e-01 9.315999999999999837e-01
9.254999999999999893e-01 9.321000000000000396e-01
9.251000000000000334e-01 9.320000000000000506e-01
9.254000000000000004e-01 9.321000000000000396e-01
9.253000000000000114e-01 9.316999999999999726e-01
9.253000000000000114e-01 9.317999999999999616e-01
9.247999999999999554e-01 9.316999999999999726e-01
9.251000000000000334e-01 9.313000000000000167e-01
9.251000000000000334e-01 9.315999999999999837e-01
9.253000000000000114e-01 9.315999999999999837e-01
9.250000000000000444e-01 9.318999999999999506e-01
9.251000000000000334e-01 9.317999999999999616e-01
9.249000000000000554e-01 9.321000000000000396e-01
9.252000000000000224e-01 9.320000000000000506e-01
9.250000000000000444e-01 9.322000000000000286e-01
9.249000000000000554e-01 9.324000000000000066e-01
9.246999999999999664e-01 9.326999999999999735e-01
9.249000000000000554e-01 9.325999999999999845e-01
9.250000000000000444e-01 9.324000000000000066e-01
9.250000000000000444e-01 9.323000000000000176e-01
9.247999999999999554e-01 9.324999999999999956e-01
9.252000000000000224e-01 9.323000000000000176e-01
9.247999999999999554e-01 9.323000000000000176e-01
9.246999999999999664e-01 9.324999999999999956e-01
9.247999999999999554e-01 9.323000000000000176e-01
9.249000000000000554e-01 9.322000000000000286e-01
9.249000000000000554e-01 9.322000000000000286e-01
9.247999999999999554e-01 9.320000000000000506e-01
9.249000000000000554e-01 9.322000000000000286e-01
9.252000000000000224e-01 9.320000000000000506e-01
9.250000000000000444e-01 9.322000000000000286e-01
9.250000000000000444e-01 9.321000000000000396e-01
9.247999999999999554e-01 9.317999999999999616e-01
9.246999999999999664e-01 9.324999999999999956e-01
9.243000000000000105e-01 9.326999999999999735e-01
9.244999999999999885e-01 9.324999999999999956e-01
9.243999999999999995e-01 9.325999999999999845e-01
9.243999999999999995e-01 9.324999999999999956e-01
9.240000000000000435e-01 9.323000000000000176e-01
9.244999999999999885e-01 9.325999999999999845e-01
9.249000000000000554e-01 9.322000000000000286e-01
9.245999999999999774e-01 9.321000000000000396e-01
9.247999999999999554e-01 9.322000000000000286e-01
9.251000000000000334e-01 9.324000000000000066e-01
9.246999999999999664e-01 9.326999999999999735e-01
9.249000000000000554e-01 9.327999999999999625e-01
9.249000000000000554e-01 9.327999999999999625e-01
9.249000000000000554e-01 9.327999999999999625e-01
9.249000000000000554e-01 9.327999999999999625e-01
9.251000000000000334e-01 9.324000000000000066e-01
9.250000000000000444e-01 9.324999999999999956e-01
9.247999999999999554e-01 9.323000000000000176e-01
9.245999999999999774e-01 9.322000000000000286e-01
9.249000000000000554e-01 9.328999999999999515e-01
9.247999999999999554e-01 9.324999999999999956e-01
9.250000000000000444e-01 9.322000000000000286e-01
9.247999999999999554e-01 9.322000000000000286e-01
9.243000000000000105e-01 9.322000000000000286e-01
9.244999999999999885e-01 9.324000000000000066e-01
9.245999999999999774e-01 9.322000000000000286e-01
9.244999999999999885e-01 9.323000000000000176e-01
9.243999999999999995e-01 9.322000000000000286e-01
9.240000000000000435e-01 9.322000000000000286e-01
9.239000000000000545e-01 9.324000000000000066e-01
9.239000000000000545e-01 9.322000000000000286e-01
9.234999999999999876e-01 9.320000000000000506e-01
9.237999999999999545e-01 9.322000000000000286e-01
9.239000000000000545e-01 9.318999999999999506e-01
9.240000000000000435e-01 9.317999999999999616e-01
9.243999999999999995e-01 9.318999999999999506e-01
9.243000000000000105e-01 9.320000000000000506e-01
9.243999999999999995e-01 9.321000000000000396e-01
9.241000000000000325e-01 9.318999999999999506e-01
9.243000000000000105e-01 9.314000000000000057e-01
9.243999999999999995e-01 9.315999999999999837e-01
9.244999999999999885e-01 9.315999999999999837e-01
9.246999999999999664e-01 9.314999999999999947e-01
9.246999999999999664e-01 9.316999999999999726e-01
9.246999999999999664e-01 9.316999999999999726e-01
9.247999999999999554e-01 9.315999999999999837e-01
9.243999999999999995e-01 9.315999999999999837e-01
9.243999999999999995e-01 9.315999999999999837e-01
9.243999999999999995e-01 9.320000000000000506e-01
9.244999999999999885e-01 9.315999999999999837e-01
9.243000000000000105e-01 9.316999999999999726e-01
9.244999999999999885e-01 9.316999999999999726e-01
9.247999999999999554e-01 9.317999999999999616e-01
9.254000000000000004e-01 9.314999999999999947e-01
9.247999999999999554e-01 9.317999999999999616e-01
9.243999999999999995e-01 9.318999999999999506e-01
9.244999999999999885e-01 9.317999999999999616e-01
9.244999999999999885e-01 9.317999999999999616e-01
9.242000000000000215e-01 9.314999999999999947e-01
9.243000000000000105e-01 9.314999999999999947e-01
9.245999999999999774e-01 9.315999999999999837e-01
9.241000000000000325e-01 9.316999999999999726e-01
9.243000000000000105e-01 9.317999999999999616e-01
9.247999999999999554e-01 9.316999999999999726e-01
9.243000000000000105e-01 9.314000000000000057e-01
9.245999999999999774e-01 9.315999999999999837e-01
9.242000000000000215e-01 9.317999999999999616e-01
9.241000000000000325e-01 9.314999999999999947e-01
9.240000000000000435e-01 9.314000000000000057e-01
9.239000000000000545e-01 9.313000000000000167e-01
9.243000000000000105e-01 9.311000000000000387e-01
9.241000000000000325e-01 9.310000000000000497e-01
9.241000000000000325e-01 9.305999999999999828e-01
9.242000000000000215e-01 9.304999999999999938e-01
9.243000000000000105e-01 9.304000000000000048e-01
9.247999999999999554e-01 9.304999999999999938e-01
9.245999999999999774e-01 9.307999999999999607e-01
9.247999999999999554e-01 9.307999999999999607e-01
9.241000000000000325e-01 9.307999999999999607e-01
9.244999999999999885e-01 9.310000000000000497e-01
9.242000000000000215e-01 9.311000000000000387e-01
9.244999999999999885e-01 9.311000000000000387e-01
9.249000000000000554e-01 9.307999999999999607e-01
9.251000000000000334e-01 9.308999999999999497e-01
9.247999999999999554e-01 9.310000000000000497e-01
9.252000000000000224e-01 9.311000000000000387e-01
9.249000000000000554e-01 9.310000000000000497e-01
9.251000000000000334e-01 9.311000000000000387e-01
9.250000000000000444e-01 9.307999999999999607e-01
9.251000000000000334e-01 9.308999999999999497e-01
9.251000000000000334e-01 9.311000000000000387e-01
9.246999999999999664e-01 9.311000000000000387e-01
9.245999999999999774e-01 9.312000000000000277e-01
9.244999999999999885e-01 9.314999999999999947e-01
9.246999999999999664e-01 9.313000000000000167e-01
9.250000000000000444e-01 9.312000000000000277e-01
9.250000000000000444e-01 9.313000000000000167e-01
9.250000000000000444e-01 9.317999999999999616e-01
9.252000000000000224e-01 9.317999999999999616e-01
9.249000000000000554e-01 9.314999999999999947e-01
9.252000000000000224e-01 9.314000000000000057e-01
9.249000000000000554e-01 9.314999999999999947e-01
9.251000000000000334e-01 9.317999999999999616e-01
9.245999999999999774e-01 9.320000000000000506e-01
9.245999999999999774e-01 9.320000000000000506e-01
9.245999999999999774e-01 9.323000000000000176e-01
9.246999999999999664e-01 9.321000000000000396e-01
9.244999999999999885e-01 9.321000000000000396e-01
9.243999999999999995e-01 9.323000000000000176e-01
9.249000000000000554e-01 9.321000000000000396e-01
9.250000000000000444e-01 9.318999999999999506e-01
9.251000000000000334e-01 9.321000000000000396e-01
9.254999999999999893e-01 9.315999999999999837e-01
9.251000000000000334e-01 9.318999999999999506e-01
9.252000000000000224e-01 9.321000000000000396e-01
9.255999999999999783e-01 9.324999999999999956e-01
9.256999999999999673e-01 9.326999999999999735e-01
9.251000000000000334e-01 9.326999999999999735e-01
9.253000000000000114e-01 9.324999999999999956e-01
9.247999999999999554e-01 9.323000000000000176e-01
9.245999999999999774e-01 9.320000000000000506e-01
9.246999999999999664e-01 9.322000000000000286e-01
9.245999999999999774e-01 9.322000000000000286e-01
9.250000000000000444e-01 9.318999999999999506e-01
9.247999999999999554e-01 9.320000000000000506e-01
9.246999999999999664e-01 9.320000000000000506e-01
9.251000000000000334e-01 9.322000000000000286e-01
9.253000000000000114e-01 9.324999999999999956e-01
9.251000000000000334e-01 9.324000000000000066e-01
9.251000000000000334e-01 9.321000000000000396e-01
9.251000000000000334e-01 9.315999999999999837e-01
9.253000000000000114e-01 9.316999999999999726e-01
9.254000000000000004e-01 9.320000000000000506e-01
9.256999999999999673e-01 9.317999999999999616e-01
9.255999999999999783e-01 9.322000000000000286e-01
9.254999999999999893e-01 9.324000000000000066e-01
9.254999999999999893e-01 9.324000000000000066e-01
9.257999999999999563e-01 9.324999999999999956e-01
9.257999999999999563e-01 9.318999999999999506e-01
9.257999999999999563e-01 9.325999999999999845e-01
9.256999999999999673e-01 9.327999999999999625e-01
9.256999999999999673e-01 9.334000000000000075e-01
9.256999999999999673e-01 9.334000000000000075e-01
9.257999999999999563e-01 9.334000000000000075e-01
9.257999999999999563e-01 9.332000000000000295e-01
9.257999999999999563e-01 9.327999999999999625e-01
9.262000000000000233e-01 9.327999999999999625e-01
9.255999999999999783e-01 9.324999999999999956e-01
9.257999999999999563e-01 9.324999999999999956e-01
9.256999999999999673e-01 9.330000000000000515e-01
9.260000000000000453e-01 9.327999999999999625e-01
9.260000000000000453e-01 9.327999999999999625e-01
9.257999999999999563e-01 9.324000000000000066e-01
9.254000000000000004e-01 9.324000000000000066e-01
9.254000000000000004e-01 9.324999999999999956e-01
9.252000000000000224e-01 9.317999999999999616e-01
9.252000000000000224e-01 9.324000000000000066e-01
9.254000000000000004e-01 9.323000000000000176e-01
9.251000000000000334e-01 9.323000000000000176e-01
9.250000000000000444e-01 9.323000000000000176e-01
9.251000000000000334e-01 9.326999999999999735e-01
9.253000000000000114e-01 9.324999999999999956e-01
9.247999999999999554e-01 9.325999999999999845e-01
9.252000000000000224e-01 9.331000000000000405e-01
9.253000000000000114e-01 9.324000000000000066e-01
9.252000000000000224e-01 9.324999999999999956e-01
9.249000000000000554e-01 9.324999999999999956e-01
9.254999999999999893e-01 9.326999999999999735e-01
9.254999999999999893e-01 9.324000000000000066e-01
9.254000000000000004e-01 9.331000000000000405e-01
9.253000000000000114e-01 9.331000000000000405e-01
9.258999999999999453e-01 9.330000000000000515e-01
9.261000000000000343e-01 9.326999999999999735e-01
9.256999999999999673e-01 9.327999999999999625e-01
9.260000000000000453e-01 9.324999999999999956e-01
9.262000000000000233e-01 9.327999999999999625e-01
9.261000000000000343e-01 9.324999999999999956e-01
9.260000000000000453e-01 9.326999999999999735e-01
9.262000000000000233e-01 9.324000000000000066e-01
9.261000000000000343e-01 9.325999999999999845e-01
9.261000000000000343e-01 9.322000000000000286e-01
9.264999999999999902e-01 9.320000000000000506e-01
9.264999999999999902e-01 9.322000000000000286e-01
9.267999999999999572e-01 9.317999999999999616e-01
9.266999999999999682e-01 9.322000000000000286e-01
9.265999999999999792e-01 9.320000000000000506e-01
9.265999999999999792e-01 9.318999999999999506e-01
9.264999999999999902e-01 9.322000000000000286e-01
9.263000000000000123e-01 9.318999999999999506e-01
9.265999999999999792e-01 9.318999999999999506e-01
9.270000000000000462e-01 9.317999999999999616e-01
9.263000000000000123e-01 9.320000000000000506e-01
9.265999999999999792e-01 9.321000000000000396e-01
9.265999999999999792e-01 9.320000000000000506e-01
9.266999999999999682e-01 9.320000000000000506e-01
9.267999999999999572e-01 9.321000000000000396e-01
9.272000000000000242e-01 9.323000000000000176e-01
9.274000000000000021e-01 9.323000000000000176e-01
9.266999999999999682e-01 9.321000000000000396e-01
9.265999999999999792e-01 9.323000000000000176e-01
9.272000000000000242e-01 9.320000000000000506e-01
9.267999999999999572e-01 9.318999999999999506e-01
9.266999999999999682e-01 9.322000000000000286e-01
9.265999999999999792e-01 9.323000000000000176e-01
9.266999999999999682e-01 9.321000000000000396e-01
9.264999999999999902e-01 9.323000000000000176e-01
9.264999999999999902e-01 9.321000000000000396e-01
9.268999999999999462e-01 9.322000000000000286e-01
9.266999999999999682e-01 9.320000000000000506e-01
9.270000000000000462e-01 9.317999999999999616e-01
9.268999999999999462e-01 9.315999999999999837e-01
9.267999999999999572e-01 9.315999999999999837e-01
9.270000000000000462e-01 9.321000000000000396e-01
9.264999999999999902e-01 9.315999999999999837e-01
9.268999999999999462e-01 9.317999999999999616e-01
9.270000000000000462e-01 9.321000000000000396e-01
9.264000000000000012e-01 9.322000000000000286e-01
9.264999999999999902e-01 9.320000000000000506e-01
9.260000000000000453e-01 9.318999999999999506e-01
9.261000000000000343e-01 9.316999999999999726e-01
9.262000000000000233e-01 9.315999999999999837e-01
9.264999999999999902e-01 9.318999999999999506e-01
9.264000000000000012e-01 9.320000000000000506e-01
9.264999999999999902e-01 9.320000000000000506e-01
9.265999999999999792e-01 9.322000000000000286e-01
9.263000000000000123e-01 9.320000000000000506e-01
9.264999999999999902e-01 9.321000000000000396e-01
9.264999999999999902e-01 9.324999999999999956e-01
9.257999999999999563e-01 9.322000000000000286e-01
9.262000000000000233e-01 9.324999999999999956e-01
9.261000000000000343e-01 9.324999999999999956e-01
9.264000000000000012e-01 9.322000000000000286e-01
9.266999999999999682e-01 9.322000000000000286e-01
9.262000000000000233e-01 9.322000000000000286e-01
9.264000000000000012e-01 9.321000000000000396e-01
9.267999999999999572e-01 9.324999999999999956e-01
9.264000000000000012e-01 9.325999999999999845e-01
9.260000000000000453e-01 9.324999999999999956e-01
9.264999999999999902e-01 9.325999999999999845e-01
9.264999999999999902e-01 9.324000000000000066e-01
9.264000000000000012e-01 9.324999999999999956e-01
9.264000000000000012e-01 9.326999999999999735e-01
9.262000000000000233e-01 9.323000000000000176e-01
9.265999999999999792e-01 9.323000000000000176e-01
9.262000000000000233e-01 9.321000000000000396e-01
9.263000000000000123e-01 9.321000000000000396e-01
9.260000000000000453e-01 9.322000000000000286e-01
9.264000000000000012e-01 9.325999999999999845e-01
9.266999999999999682e-01 9.325999999999999845e-01
9.267999999999999572e-01 9.324000000000000066e-01
9.264999999999999902e-01 9.325999999999999845e-01
9.264000000000000012e-01 9.328999999999999515e-01
9.258999999999999453e-01 9.333000000000000185e-01
9.255999999999999783e-01 9.334999999999999964e-01
9.260000000000000453e-01 9.334000000000000075e-01
9.258999999999999453e-01 9.334000000000000075e-01
9.257999999999999563e-01 9.334000000000000075e-01
9.255999999999999783e-01 9.334999999999999964e-01
9.258999999999999453e-01 9.332000000000000295e-01
9.262000000000000233e-01 9.328999999999999515e-01
9.263000000000000123e-01 9.328999999999999515e-01
9.264999999999999902e-01 9.326999999999999735e-01
9.266999999999999682e-01 9.327999999999999625e-01
9.270000000000000462e-01 9.327999999999999625e-01
9.268999999999999462e-01 9.334000000000000075e-01
9.267999999999999572e-01 9.332000000000000295e-01
9.270000000000000462e-01 9.332000000000000295e-01
9.268999999999999462e-01 9.334000000000000075e-01
9.272000000000000242e-01 9.333000000000000185e-01
9.268999999999999462e-01 9.334000000000000075e-01
9.264000000000000012e-01 9.332000000000000295e-01
9.264000000000000012e-01 9.334999999999999964e-01
9.264999999999999902e-01 9.334999999999999964e-01
9.264000000000000012e-01 9.338999999999999524e-01
9.265999999999999792e-01 9.334999999999999964e-01
9.264999999999999902e-01 9.334000000000000075e-01
9.264999999999999902e-01 9.334000000000000075e-01
9.264000000000000012e-01 9.334999999999999964e-01
9.266999999999999682e-01 9.331000000000000405e-01
9.267999999999999572e-01 9.332000000000000295e-01
9.264999999999999902e-01 9.334999999999999964e-01
9.265999999999999792e-01 9.334999999999999964e-01
9.268999999999999462e-01 9.334999999999999964e-01
9.264999999999999902e-01 9.333000000000000185e-01
9.268999999999999462e-01 9.334000000000000075e-01
9.265999999999999792e-01 9.331000000000000405e-01
9.264999999999999902e-01 9.333000000000000185e-01
9.262000000000000233e-01 9.334999999999999964e-01
9.265999999999999792e-01 9.334000000000000075e-01
9.262000000000000233e-01 9.332000000000000295e-01
9.262000000000000233e-01 9.331000000000000405e-01
9.262000000000000233e-01 9.332000000000000295e-01
9.260000000000000453e-01 9.331000000000000405e-01
9.257999999999999563e-01 9.332000000000000295e-01
9.262000000000000233e-01 9.331000000000000405e-01
9.267999999999999572e-01 9.333000000000000185e-01
9.268999999999999462e-01 9.330000000000000515e-01
9.270000000000000462e-01 9.330000000000000515e-01
9.268999999999999462e-01 9.332000000000000295e-01
9.266999999999999682e-01 9.331000000000000405e-01
9.264999999999999902e-01 9.330000000000000515e-01
9.266999999999999682e-01 9.332000000000000295e-01
9.266999999999999682e-01 9.331000000000000405e-01
9.267999999999999572e-01 9.327999999999999625e-01
9.268999999999999462e-01 9.330000000000000515e-01
9.268999999999999462e-01 9.328999999999999515e-01
9.266999999999999682e-01 9.330000000000000515e-01
9.270000000000000462e-01 9.328999999999999515e-01
9.267999999999999572e-01 9.327999999999999625e-01
9.272000000000000242e-01 9.327999999999999625e-01
9.270000000000000462e-01 9.328999999999999515e-01
9.274000000000000021e-01 9.326999999999999735e-01
9.272000000000000242e-01 9.327999999999999625e-01
9.271000000000000352e-01 9.328999999999999515e-01
9.272000000000000242e-01 9.332000000000000295e-01
9.271000000000000352e-01 9.331000000000000405e-01
9.268999999999999462e-01 9.333000000000000185e-01
9.266999999999999682e-01 9.334999999999999964e-01
9.265999999999999792e-01 9.333000000000000185e-01
9.266999999999999682e-01 9.334000000000000075e-01
9.264999999999999902e-01 9.336999999999999744e-01
9.263000000000000123e-01 9.334999999999999964e-01
9.261000000000000343e-01 9.332000000000000295e-01
9.263000000000000123e-01 9.333000000000000185e-01
9.261000000000000343e-01 9.333000000000000185e-01
9.264000000000000012e-01 9.332000000000000295e-01
9.266999999999999682e-01 9.335999999999999854e-01
9.264999999999999902e-01 9.334000000000000075e-01
9.266999999999999682e-01 9.336999999999999744e-01
9.264999999999999902e-01 9.336999999999999744e-01
9.264999999999999902e-01 9.333000000000000185e-01
9.264999999999999902e-01 9.333000000000000185e-01
9.267999999999999572e-01 9.332000000000000295e-01
9.264999999999999902e-01 9.334000000000000075e-01
9.267999999999999572e-01 9.334999999999999964e-01
9.268999999999999462e-01 9.334999999999999964e-01
9.266999999999999682e-01 9.334000000000000075e-01
9.266999999999999682e-01 9.332000000000000295e-01
9.263000000000000123e-01 9.328999999999999515e-01
9.266999999999999682e-01 9.331000000000000405e-01
9.266999999999999682e-01 9.331000000000000405e-01
9.265999999999999792e-01 9.330000000000000515e-01
9.262000000000000233e-01 9.328999999999999515e-01
9.266999999999999682e-01 9.328999999999999515e-01
9.266999999999999682e-01 9.324999999999999956e-01
9.265999999999999792e-01 9.325999999999999845e-01
9.265999999999999792e-01 9.328999999999999515e-01
9.266999999999999682e-01 9.327999999999999625e-01
9.264999999999999902e-01 9.325999999999999845e-01
9.264000000000000012e-01 9.325999999999999845e-01
9.263000000000000123e-01 9.327999999999999625e-01
9.264999999999999902e-01 9.328999999999999515e-01
9.262000000000000233e-01 9.324000000000000066e-01
9.263000000000000123e-01 9.323000000000000176e-01
9.263000000000000123e-01 9.317999999999999616e-01
9.263000000000000123e-01 9.314999999999999947e-01
9.261000000000000343e-01 9.316999999999999726e-01
9.260000000000000453e-01 9.315999999999999837e-01
9.264999999999999902e-01 9.314999999999999947e-01
9.264999999999999902e-01 9.314999999999999947e-01
9.263000000000000123e-01 9.315999999999999837e-01
9.265999999999999792e-01 9.318999999999999506e-01
9.267999999999999572e-01 9.320000000000000506e-01
9.264000000000000012e-01 9.322000000000000286e-01
9.263000000000000123e-01 9.321000000000000396e-01
9.264999999999999902e-01 9.324999999999999956e-01
9.264999999999999902e-01 9.327999999999999625e-01
9.262000000000000233e-01 9.327999999999999625e-01
9.264000000000000012e-01 9.326999999999999735e-01
9.264999999999999902e-01 9.325999999999999845e-01
9.265999999999999792e-01 9.328999999999999515e-01
9.264999999999999902e-01 9.332000000000000295e-01
9.264999999999999902e-01 9.332000000000000295e-01
9.264000000000000012e-01 9.328999999999999515e-01
9.265999999999999792e-01 9.326999999999999735e-01
9.265999999999999792e-01 9.330000000000000515e-01
9.266999999999999682e-01 9.334000000000000075e-01
9.266999999999999682e-01 9.332000000000000295e-01
9.265999999999999792e-01 9.333000000000000185e-01
9.264000000000000012e-01 9.331000000000000405e-01
9.265999999999999792e-01 9.328999999999999515e-01
9.270000000000000462e-01 9.330000000000000515e-01
9.258999999999999453e-01 9.332000000000000295e-01
9.263000000000000123e-01 9.331000000000000405e-01
9.264999999999999902e-01 9.332000000000000295e-01
9.262000000000000233e-01 9.328999999999999515e-01
9.263000000000000123e-01 9.327999999999999625e-01
9.264000000000000012e-01 9.326999999999999735e-01
9.267999999999999572e-01 9.330000000000000515e-01
9.266999999999999682e-01 9.325999999999999845e-01
9.267999999999999572e-01 9.330000000000000515e-01
9.267999999999999572e-01 9.327999999999999625e-01
9.265999999999999792e-01 9.325999999999999845e-01
9.265999999999999792e-01 9.330000000000000515e-01
9.262000000000000233e-01 9.326999999999999735e-01
9.264999999999999902e-01 9.322000000000000286e-01
9.263000000000000123e-01 9.325999999999999845e-01
9.261000000000000343e-01 9.330000000000000515e-01
9.262000000000000233e-01 9.330000000000000515e-01
9.260000000000000453e-01 9.326999999999999735e-01
9.261000000000000343e-01 9.327999999999999625e-01
9.262000000000000233e-01 9.332000000000000295e-01
9.263000000000000123e-01 9.331000000000000405e-01
9.262000000000000233e-01 9.331000000000000405e-01
9.258999999999999453e-01 9.331000000000000405e-01
9.256999999999999673e-01 9.335999999999999854e-01
9.260000000000000453e-01 9.332000000000000295e-01
9.263000000000000123e-01 9.331000000000000405e-01
9.262000000000000233e-01 9.331000000000000405e-01
9.260000000000000453e-01 9.332000000000000295e-01
9.253000000000000114e-01 9.330000000000000515e-01
9.254999999999999893e-01 9.332000000000000295e-01
9.254999999999999893e-01 9.328999999999999515e-01
9.254999999999999893e-01 9.326999999999999735e-01
9.254000000000000004e-01 9.324999999999999956e-01
9.253000000000000114e-01 9.324999999999999956e-01
9.254999999999999893e-01 9.327999999999999625e-01
9.253000000000000114e-01 9.326999999999999735e-01
9.254999999999999893e-01 9.324999999999999956e-01
9.252000000000000224e-01 9.325999999999999845e-01
9.254000000000000004e-01 9.325999999999999845e-01
9.254000000000000004e-01 9.331000000000000405e-01
9.252000000000000224e-01 9.327999999999999625e-01
9.253000000000000114e-01 9.326999999999999735e-01
9.254000000000000004e-01 9.327999999999999625e-01
9.252000000000000224e-01 9.326999999999999735e-01
9.253000000000000114e-01 9.327999999999999625e-01
9.253000000000000114e-01 9.332000000000000295e-01
9.252000000000000224e-01 9.326999999999999735e-01
9.253000000000000114e-01 9.324999999999999956e-01
9.247999999999999554e-01 9.324999999999999956e-01
9.249000000000000554e-01 9.323000000000000176e-01
9.250000000000000444e-01 9.326999999999999735e-01
9.250000000000000444e-01 9.322000000000000286e-01
9.247999999999999554e-01 9.324000000000000066e-01
9.250000000000000444e-01 9.324000000000000066e-01
9.252000000000000224e-01 9.324000000000000066e-01
9.251000000000000334e-01 9.324000000000000066e-01
9.247999999999999554e-01 9.326999999999999735e-01
9.252000000000000224e-01 9.322000000000000286e-01
9.250000000000000444e-01 9.323000000000000176e-01
9.247999999999999554e-01 9.324000000000000066e-01
9.249000000000000554e-01 9.326999999999999735e-01
9.253000000000000114e-01 9.324000000000000066e-01
9.251000000000000334e-01 9.323000000000000176e-01
9.254999999999999893e-01 9.323000000000000176e-01
9.257999999999999563e-01 9.324999999999999956e-01
9.254999999999999893e-01 9.325999999999999845e-01
9.258999999999999453e-01 9.326999999999999735e-01
9.258999999999999453e-01 9.323000000000000176e-01
9.261000000000000343e-01 9.322000000000000286e-01
9.265999999999999792e-01 9.323000000000000176e-01
9.264999999999999902e-01 9.323000000000000176e-01
9.264999999999999902e-01 9.324999999999999956e-01
9.264999999999999902e-01 9.324999999999999956e-01
9.264999999999999902e-01 9.327999999999999625e-01
9.261000000000000343e-01 9.326999999999999735e-01
9.256999999999999673e-01 9.327999999999999625e-01
9.258999999999999453e-01 9.324999999999999956e-01
9.257999999999999563e-01 9.324999999999999956e-01
9.254000000000000004e-01 9.324000000000000066e-01
9.261000000000000343e-01 9.327999999999999625e-01
9.258999999999999453e-01 9.324000000000000066e-01
9.264000000000000012e-01 9.327999999999999625e-01
9.262000000000000233e-01 9.328999999999999515e-01
9.261000000000000343e-01 9.333000000000000185e-01
9.257999999999999563e-01 9.325999999999999845e-01
9.262000000000000233e-01 9.321000000000000396e-01
9.257999999999999563e-01 9.321000000000000396e-01
9.262000000000000233e-01 9.323000000000000176e-01
9.261000000000000343e-01 9.317999999999999616e-01
9.263000000000000123e-01 9.321000000000000396e-01
9.262000000000000233e-01 9.322000000000000286e-01
9.262000000000000233e-01 9.323000000000000176e-01
9.263000000000000123e-01 9.323000000000000176e-01
9.261000000000000343e-01 9.324000000000000066e-01
9.258999999999999453e-01 9.317999999999999616e-01
9.258999999999999453e-01 9.317999999999999616e-01
9.257999999999999563e-01 9.318999999999999506e-01
9.256999999999999673e-01 9.318999999999999506e-01
9.264000000000000012e-01 9.320000000000000506e-01
9.262000000000000233e-01 9.318999999999999506e-01
9.262000000000000233e-01 9.324999999999999956e-01
9.261000000000000343e-01 9.324000000000000066e-01
9.257999999999999563e-01 9.324999999999999956e-01
9.258999999999999453e-01 9.326999999999999735e-01
9.258999999999999453e-01 9.325999999999999845e-01
9.256999999999999673e-01 9.324999999999999956e-01
9.256999999999999673e-01 9.330000000000000515e-01
9.257999999999999563e-01 9.330000000000000515e-01
9.255999999999999783e-01 9.331000000000000405e-01
9.257999999999999563e-01 9.331000000000000405e-01
9.257999999999999563e-01 9.328999999999999515e-01
9.254999999999999893e-01 9.330000000000000515e-01
9.256999999999999673e-01 9.333000000000000185e-01
9.257999999999999563e-01 9.332000000000000295e-01
9.255999999999999783e-01 9.330000000000000515e-01
9.254999999999999893e-01 9.333000000000000185e-01
9.252000000000000224e-01 9.333000000000000185e-01
9.252000000000000224e-01 9.327999999999999625e-01
9.253000000000000114e-01 9.330000000000000515e-01
9.255999999999999783e-01 9.330000000000000515e-01
9.254999999999999893e-01 9.325999999999999845e-01
9.254999999999999893e-01 9.326999999999999735e-01
9.253000000000000114e-01 9.324999999999999956e-01
9.250000000000000444e-01 9.328999999999999515e-01
9.253000000000000114e-01 9.326999999999999735e-01
9.253000000000000114e-01 9.324000000000000066e-01
9.253000000000000114e-01 9.321000000000000396e-01
9.254999999999999893e-01 9.322000000000000286e-01
9.256999999999999673e-01 9.321000000000000396e-01
9.257999999999999563e-01 9.322000000000000286e-01
9.255999999999999783e-01 9.323000000000000176e-01
9.257999999999999563e-01 9.327999999999999625e-01
9.260000000000000453e-01 9.325999999999999845e-01
9.254999999999999893e-01 9.327999999999999625e-01
9.257999999999999563e-01 9.332000000000000295e-01
9.257999999999999563e-01 9.331000000000000405e-01
9.258999999999999453e-01 9.328999999999999515e-01
9.261000000000000343e-01 9.331000000000000405e-01
9.264999999999999902e-01 9.327999999999999625e-01
9.261000000000000343e-01 9.325999999999999845e-01
9.256999999999999673e-01 9.327999999999999625e-01
9.260000000000000453e-01 9.325999999999999845e-01
9.258999999999999453e-01 9.324000000000000066e-01
9.261000000000000343e-01 9.324000000000000066e-01
9.262000000000000233e-01 9.325999999999999845e-01
9.256999999999999673e-01 9.321000000000000396e-01
9.257999999999999563e-01 9.326999999999999735e-01
9.257999999999999563e-01 9.318999999999999506e-01
9.257999999999999563e-01 9.320000000000000506e-01
9.258999999999999453e-01 9.325999999999999845e-01
9.258999999999999453e-01 9.322000000000000286e-01
9.261000000000000343e-01 9.323000000000000176e-01
9.260000000000000453e-01 9.324999999999999956e-01
9.262000000000000233e-01 9.321000000000000396e-01
9.263000000000000123e-01 9.316999999999999726e-01
9.261000000000000343e-01 9.318999999999999506e-01
9.256999999999999673e-01 9.316999999999999726e-01
9.261000000000000343e-01 9.318999999999999506e-01
9.262000000000000233e-01 9.322000000000000286e-01
9.260000000000000453e-01 9.323000000000000176e-01
9.262000000000000233e-01 9.321000000000000396e-01
9.262000000000000233e-01 9.321000000000000396e-01
9.261000000000000343e-01 9.323000000000000176e-01
9.260000000000000453e-01 9.323000000000000176e-01
9.260000000000000453e-01 9.320000000000000506e-01
9.261000000000000343e-01 9.321000000000000396e-01
9.257999999999999563e-01 9.317999999999999616e-01
9.255999999999999783e-01 9.324000000000000066e-01
9.256999999999999673e-01 9.327999999999999625e-01
9.257999999999999563e-01 9.325999999999999845e-01
9.255999999999999783e-01 9.324000000000000066e-01
9.257999999999999563e-01 9.322000000000000286e-01
9.262000000000000233e-01 9.323000000000000176e-01
9.256999999999999673e-01 9.323000000000000176e-01
9.255999999999999783e-01 9.323000000000000176e-01
9.255999999999999783e-01 9.322000000000000286e-01
9.254000000000000004e-01 9.322000000000000286e-01
9.254000000000000004e-01 9.318999999999999506e-01
9.251000000000000334e-01 9.321000000000000396e-01
9.253000000000000114e-01 9.318999999999999506e-01
9.250000000000000444e-01 9.317999999999999616e-01
9.254999999999999893e-01 9.316999999999999726e-01
9.250000000000000444e-01 9.316999999999999726e-01
9.252000000000000224e-01 9.313000000000000167e-01
9.250000000000000444e-01 9.314999999999999947e-01
9.254000000000000004e-01 9.314999999999999947e-01
9.251000000000000334e-01 9.317999999999999616e-01
9.251000000000000334e-01 9.320000000000000506e-01
9.249000000000000554e-01 9.321000000000000396e-01
9.249000000000000554e-01 9.323000000000000176e-01
9.256999999999999673e-01 9.317999999999999616e-01
9.256999999999999673e-01 9.322000000000000286e-01
9.255999999999999783e-01 9.320000000000000506e-01
9.256999999999999673e-01 9.317999999999999616e-01
9.256999999999999673e-01 9.320000000000000506e-01
9.254999999999999893e-01 9.320000000000000506e-01
9.255999999999999783e-01 9.320000000000000506e-01
9.255999999999999783e-01 9.321000000000000396e-01
9.253000000000000114e-01 9.321000000000000396e-01
9.254000000000000004e-01 9.317999999999999616e-01
9.256999999999999673e-01 9.314000000000000057e-01
9.257999999999999563e-01 9.320000000000000506e-01
9.254999999999999893e-01 9.318999999999999506e-01
9.255999999999999783e-01 9.322000000000000286e-01
9.255999999999999783e-01 9.321000000000000396e-01
9.257999999999999563e-01 9.321000000000000396e-01
9.254999999999999893e-01 9.322000000000000286e-01
9.256999999999999673e-01 9.323000000000000176e-01
9.256999999999999673e-01 9.323000000000000176e-01
9.258999999999999453e-01 9.324999999999999956e-01
9.257999999999999563e-01 9.320000000000000506e-01
9.251000000000000334e-01 9.322000000000000286e-01
9.252000000000000224e-01 9.322000000000000286e-01
9.252000000000000224e-01 9.320000000000000506e-01
9.249000000000000554e-01 9.321000000000000396e-01
9.247999999999999554e-01 9.324999999999999956e-01
9.249000000000000554e-01 9.323000000000000176e-01
9.245999999999999774e-01 9.323000000000000176e-01
9.247999999999999554e-01 9.322000000000000286e-01
9.245999999999999774e-01 9.322000000000000286e-01
9.250000000000000444e-01 9.316999999999999726e-01
9.253000000000000114e-01 9.316999999999999726e-01
9.254000000000000004e-01 9.318999999999999506e-01
9.256999999999999673e-01 9.317999999999999616e-01
9.254999999999999893e-01 9.320000000000000506e-01
9.257999999999999563e-01 9.317999999999999616e-01
9.254000000000000004e-01 9.316999999999999726e-01
9.256999999999999673e-01 9.318999999999999506e-01
9.250000000000000444e-01 9.321000000000000396e-01
9.250000000000000444e-01 9.318999999999999506e-01
9.251000000000000334e-01 9.320000000000000506e-01
9.250000000000000444e-01 9.321000000000000396e-01
9.255999999999999783e-01 9.316999999999999726e-01
9.255999999999999783e-01 9.315999999999999837e-01
9.257999999999999563e-01 9.314000000000000057e-01
9.254000000000000004e-01 9.313000000000000167e-01
9.260000000000000453e-01 9.315999999999999837e-01
9.255999999999999783e-01 9.317999999999999616e-01
9.254000000000000004e-01 9.315999999999999837e-01
9.254999999999999893e-01 9.315999999999999837e-01
9.260000000000000453e-01 9.314999999999999947e-01
9.261000000000000343e-01 9.310000000000000497e-01
9.263000000000000123e-01 9.311000000000000387e-01
9.258999999999999453e-01 9.312000000000000277e-01
9.264000000000000012e-01 9.312000000000000277e-01
9.261000000000000343e-01 9.312000000000000277e-01
9.262000000000000233e-01 9.313000000000000167e-01
9.261000000000000343e-01 9.313000000000000167e-01
9.256999999999999673e-01 9.313000000000000167e-01
9.257999999999999563e-01 9.316999999999999726e-01
9.254999999999999893e-01 9.316999999999999726e-01
9.255999999999999783e-01 9.316999999999999726e-01
9.254999999999999893e-01 9.317999999999999616e-01
9.256999999999999673e-01 9.315999999999999837e-01
9.255999999999999783e-01 9.312000000000000277e-01
9.257999999999999563e-01 9.315999999999999837e-01
9.260000000000000453e-01 9.314999999999999947e-01
9.257999999999999563e-01 9.314000000000000057e-01
9.256999999999999673e-01 9.314999999999999947e-01
9.257999999999999563e-01 9.314999999999999947e-01
9.261000000000000343e-01 9.313000000000000167e-01
9.262000000000000233e-01 9.314000000000000057e-01
9.258999999999999453e-01 9.315999999999999837e-01
9.263000000000000123e-01 9.314999999999999947e-01
9.261000000000000343e-01 9.315999999999999837e-01
9.257999999999999563e-01 9.317999999999999616e-01
9.260000000000000453e-01 9.314000000000000057e-01
9.257999999999999563e-01 9.314000000000000057e-01
9.255999999999999783e-01 9.314000000000000057e-01
9.256999999999999673e-01 9.312000000000000277e-01
9.254000000000000004e-01 9.313000000000000167e-01
9.255999999999999783e-01 9.311000000000000387e-01
9.258999999999999453e-01 9.313000000000000167e-01
9.254999999999999893e-01 9.311000000000000387e-01
9.255999999999999783e-01 9.308999999999999497e-01
9.256999999999999673e-01 9.311000000000000387e-01
9.255999999999999783e-01 9.310000000000000497e-01
9.253000000000000114e-01 9.306999999999999718e-01
9.253000000000000114e-01 9.306999999999999718e-01
9.256999999999999673e-01 9.310000000000000497e-01
9.255999999999999783e-01 9.311000000000000387e-01
9.256999999999999673e-01 9.310000000000000497e-01
9.258999999999999453e-01 9.307999999999999607e-01
9.257999999999999563e-01 9.310000000000000497e-01
9.257999999999999563e-01 9.311000000000000387e-01
9.254999999999999893e-01 9.308999999999999497e-01
9.252000000000000224e-01 9.306999999999999718e-01
9.252000000000000224e-01 9.306999999999999718e-01
9.253000000000000114e-01 9.310000000000000497e-01
9.253000000000000114e-01 9.311000000000000387e-01
9.251000000000000334e-01 9.311000000000000387e-01
9.254000000000000004e-01 9.308999999999999497e-01
9.254999999999999893e-01 9.307999999999999607e-01
9.254999999999999893e-01 9.307999999999999607e-01
9.254000000000000004e-01 9.305999999999999828e-01
9.254999999999999893e-01 9.304999999999999938e-01
9.254999999999999893e-01 9.302000000000000268e-01
9.256999999999999673e-01 9.303000000000000158e-01
9.255999999999999783e-01 9.302000000000000268e-01
9.263000000000000123e-01 9.300000000000000488e-01
9.264999999999999902e-01 9.303000000000000158e-01
9.264000000000000012e-01 9.304000000000000048e-01
9.264999999999999902e-01 9.303000000000000158e-01
9.262000000000000233e-01 9.306999999999999718e-01
9.266999999999999682e-01 9.300000000000000488e-01
9.265999999999999792e-01 9.296999999999999709e-01
9.267999999999999572e-01 9.298999999999999488e-01
9.266999999999999682e-01 9.300000000000000488e-01
9.266999999999999682e-01 9.297999999999999599e-01
9.266999999999999682e-01 9.298999999999999488e-01
9.266999999999999682e-01 9.298999999999999488e-01
9.267999999999999572e-01 9.300000000000000488e-01
9.271000000000000352e-01 9.301000000000000378e-01
9.272000000000000242e-01 9.305999999999999828e-01
9.268999999999999462e-01 9.307999999999999607e-01
9.268999999999999462e-01 9.305999999999999828e-01
9.267999999999999572e-01 9.308999999999999497e-01
9.265999999999999792e-01 9.311000000000000387e-01
9.265999999999999792e-01 9.310000000000000497e-01
9.263000000000000123e-01 9.306999999999999718e-01
9.264999999999999902e-01 9.304000000000000048e-01
9.266999999999999682e-01 9.304999999999999938e-01
9.267999999999999572e-01 9.305999999999999828e-01
9.271000000000000352e-01 9.302000000000000268e-01
9.270000000000000462e-01 9.304000000000000048e-01
9.265999999999999792e-01 9.302000000000000268e-01
9.264999999999999902e-01 9.306999999999999718e-01
9.264999999999999902e-01 9.305999999999999828e-01
9.264000000000000012e-01 9.307999999999999607e-01
9.264000000000000012e-01 9.314000000000000057e-01
9.262000000000000233e-01 9.308999999999999497e-01
9.264000000000000012e-01 9.311000000000000387e-01
9.264999999999999902e-01 9.308999999999999497e-01
9.264000000000000012e-01 9.311000000000000387e-01
9.264000000000000012e-01 9.312000000000000277e-01
9.262000000000000233e-01 9.305999999999999828e-01
9.263000000000000123e-01 9.306999999999999718e-01
9.258999999999999453e-01 9.311000000000000387e-01
9.260000000000000453e-01 9.306999999999999718e-01
9.262000000000000233e-01 9.307999999999999607e-01
9.264999999999999902e-01 9.310000000000000497e-01
9.264999999999999902e-01 9.307999999999999607e-01
9.264999999999999902e-01 9.307999999999999607e-01
9.264000000000000012e-01 9.304999999999999938e-01
9.263000000000000123e-01 9.303000000000000158e-01
9.261000000000000343e-01 9.305999999999999828e-01
9.262000000000000233e-01 9.306999999999999718e-01
9.260000000000000453e-01 9.310000000000000497e-01
9.263000000000000123e-01 9.305999999999999828e-01
9.260000000000000453e-01 9.303000000000000158e-01
9.263000000000000123e-01 9.303000000000000158e-01
9.258999999999999453e-01 9.302000000000000268e-01
9.262000000000000233e-01 9.302000000000000268e-01
9.264000000000000012e-01 9.301000000000000378e-01
9.262000000000000233e-01 9.303000000000000158e-01
9.266999999999999682e-01 9.304000000000000048e-01
9.263000000000000123e-01 9.304999999999999938e-01
9.264000000000000012e-01 9.306999999999999718e-01
9.264999999999999902e-01 9.305999999999999828e-01
9.264999999999999902e-01 9.303000000000000158e-01
9.264000000000000012e-01 9.304000000000000048e-01
9.265999999999999792e-01 9.296999999999999709e-01
9.264999999999999902e-01 9.294999999999999929e-01
9.267999999999999572e-01 9.297999999999999599e-01
9.265999999999999792e-01 9.301000000000000378e-01
9.266999999999999682e-01 9.300000000000000488e-01
9.268999999999999462e-01 9.298999999999999488e-01
9.268999999999999462e-01 9.300000000000000488e-01
9.264000000000000012e-01 9.297999999999999599e-01
9.264000000000000012e-01 9.298999999999999488e-01
9.264999999999999902e-01 9.298999999999999488e-01
9.263000000000000123e-01 9.302000000000000268e-01
9.271000000000000352e-01 9.304000000000000048e-01
9.266999999999999682e-01 9.301000000000000378e-01
9.270000000000000462e-01 9.305999999999999828e-01
9.273000000000000131e-01 9.304000000000000048e-01
9.266999999999999682e-01 9.306999999999999718e-01
9.272000000000000242e-01 9.304999999999999938e-01
9.274999999999999911e-01 9.304999999999999938e-01
9.271000000000000352e-01 9.304999999999999938e-01
9.272000000000000242e-01 9.304000000000000048e-01
9.271000000000000352e-01 9.300000000000000488e-01
9.268999999999999462e-01 9.302000000000000268e-01
9.264999999999999902e-01 9.302000000000000268e-01
9.264999999999999902e-01 9.307999999999999607e-01
9.268999999999999462e-01 9.307999999999999607e-01
9.264000000000000012e-01 9.305999999999999828e-01
9.264000000000000012e-01 9.305999999999999828e-01
9.264999999999999902e-01 9.304000000000000048e-01
9.262000000000000233e-01 9.305999999999999828e-01
9.265999999999999792e-01 9.307999999999999607e-01
9.264000000000000012e-01 9.304999999999999938e-01
9.262000000000000233e-01 9.304999999999999938e-01
9.263000000000000123e-01 9.302000000000000268e-01
9.264000000000000012e-01 9.301000000000000378e-01
9.265999999999999792e-01 9.302000000000000268e-01
9.263000000000000123e-01 9.305999999999999828e-01
9.264999999999999902e-01 9.302000000000000268e-01
9.263000000000000123e-01 9.303000000000000158e-01
9.264999999999999902e-01 9.304000000000000048e-01
9.263000000000000123e-01 9.303000000000000158e-01
9.264000000000000012e-01 9.298999999999999488e-01
9.264999999999999902e-01 9.298999999999999488e-01
9.266999999999999682e-01 9.300000000000000488e-01
9.264999999999999902e-01 9.298999999999999488e-01
9.268999999999999462e-01 9.300000000000000488e-01
9.264000000000000012e-01 9.298999999999999488e-01
9.265999999999999792e-01 9.298999999999999488e-01
9.264000000000000012e-01 9.301000000000000378e-01
9.264999999999999902e-01 9.305999999999999828e-01
9.263000000000000123e-01 9.306999999999999718e-01
9.264000000000000012e-01 9.304000000000000048e-01
9.264999999999999902e-01 9.304999999999999938e-01
9.264999999999999902e-01 9.304999999999999938e-01
9.258999999999999453e-01 9.306999999999999718e-01
9.264999999999999902e-01 9.308999999999999497e-01
9.263000000000000123e-01 9.307999999999999607e-01
9.264999999999999902e-01 9.307999999999999607e-01
9.262000000000000233e-01 9.308999999999999497e-01
9.263000000000000123e-01 9.310000000000000497e-01
9.261000000000000343e-01 9.310000000000000497e-01
9.260000000000000453e-01 9.311000000000000387e-01
9.261000000000000343e-01 9.307999999999999607e-01
9.261000000000000343e-01 9.310000000000000497e-01
9.265999999999999792e-01 9.310000000000000497e-01
9.265999999999999792e-01 9.305999999999999828e-01
9.264999999999999902e-01 9.304999999999999938e-01
9.262000000000000233e-01 9.306999999999999718e-01
9.255999999999999783e-01 9.307999999999999607e-01
9.257999999999999563e-01 9.303000000000000158e-01
9.261000000000000343e-01 9.306999999999999718e-01
9.263000000000000123e-01 9.304000000000000048e-01
9.265999999999999792e-01 9.304999999999999938e-01
9.263000000000000123e-01 9.311000000000000387e-01
9.261000000000000343e-01 9.312000000000000277e-01
9.261000000000000343e-01 9.311000000000000387e-01
9.258999999999999453e-01 9.306999999999999718e-01
9.255999999999999783e-01 9.308999999999999497e-01
9.258999999999999453e-01 9.303000000000000158e-01
9.256999999999999673e-01 9.306999999999999718e-01
9.254000000000000004e-01 9.307999999999999607e-01
9.252000000000000224e-01 9.308999999999999497e-01
9.254999999999999893e-01 9.304000000000000048e-01
9.255999999999999783e-01 9.306999999999999718e-01
9.255999999999999783e-01 9.305999999999999828e-01
9.255999999999999783e-01 9.307999999999999607e-01
9.257999999999999563e-01 9.307999999999999607e-01
9.257999999999999563e-01 9.305999999999999828e-01
9.257999999999999563e-01 9.302000000000000268e-01
9.257999999999999563e-01 9.302000000000000268e-01
9.257999999999999563e-01 9.308999999999999497e-01
9.257999999999999563e-01 9.307999999999999607e-01
9.254999999999999893e-01 9.311000000000000387e-01
9.252000000000000224e-01 9.311000000000000387e-01
9.257999999999999563e-01 9.312000000000000277e-01
9.258999999999999453e-01 9.311000000000000387e-01
9.257999999999999563e-01 9.313000000000000167e-01
9.260000000000000453e-01 9.308999999999999497e-01
9.261000000000000343e-01 9.305999999999999828e-01
9.256999999999999673e-01 9.304999999999999938e-01
9.256999999999999673e-01 9.304999999999999938e-01
9.257999999999999563e-01 9.308999999999999497e-01
9.254000000000000004e-01 9.304999999999999938e-01
9.253000000000000114e-01 9.303000000000000158e-01
9.256999999999999673e-01 9.305999999999999828e-01
9.258999999999999453e-01 9.305999999999999828e-01
9.261000000000000343e-01 9.307999999999999607e-01
9.261000000000000343e-01 9.307999999999999607e-01
9.263000000000000123e-01 9.306999999999999718e-01
9.262000000000000233e-01 9.305999999999999828e-01
9.258999999999999453e-01 9.306999999999999718e-01
9.257999999999999563e-01 9.307999999999999607e-01
9.255999999999999783e-01 9.308999999999999497e-01
9.260000000000000453e-01 9.306999999999999718e-01
9.258999999999999453e-01 9.310000000000000497e-01
9.260000000000000453e-01 9.306999999999999718e-01
9.258999999999999453e-01 9.307999999999999607e-01
9.261000000000000343e-01 9.305999999999999828e-01
9.258999999999999453e-01 9.308999999999999497e-01
9.257999999999999563e-01 9.313000000000000167e-01
9.262000000000000233e-01 9.311000000000000387e-01
9.254999999999999893e-01 9.313000000000000167e-01
9.251000000000000334e-01 9.314999999999999947e-01
9.253000000000000114e-01 9.312000000000000277e-01
9.254999999999999893e-01 9.314000000000000057e-01
9.255999999999999783e-01 9.313000000000000167e-01
9.257999999999999563e-01 9.311000000000000387e-01
9.263000000000000123e-01 9.312000000000000277e-01
9.257999999999999563e-01 9.310000000000000497e-01
9.258999999999999453e-01 9.308999999999999497e-01
9.260000000000000453e-01 9.311000000000000387e-01
9.262000000000000233e-01 9.312000000000000277e-01
9.261000000000000343e-01 9.306999999999999718e-01
9.264999999999999902e-01 9.312000000000000277e-01
9.260000000000000453e-01 9.311000000000000387e-01
9.261000000000000343e-01 9.311000000000000387e-01
9.255999999999999783e-01 9.311000000000000387e-01
9.257999999999999563e-01 9.312000000000000277e-01
9.260000000000000453e-01 9.310000000000000497e-01
9.261000000000000343e-01 9.307999999999999607e-01
9.254999999999999893e-01 9.310000000000000497e-01
9.253000000000000114e-01 9.310000000000000497e-01
9.252000000000000224e-01 9.304999999999999938e-01
9.255999999999999783e-01 9.310000000000000497e-01
9.256999999999999673e-01 9.307999999999999607e-01
9.258999999999999453e-01 9.310000000000000497e-01
9.257999999999999563e-01 9.310000000000000497e-01
9.257999999999999563e-01 9.303000000000000158e-01
9.264000000000000012e-01 9.304000000000000048e-01
9.257999999999999563e-01 9.303000000000000158e-01
9.260000000000000453e-01 9.301000000000000378e-01
9.257999999999999563e-01 9.303000000000000158e-01
9.258999999999999453e-01 9.305999999999999828e-01
9.257999999999999563e-01 9.306999999999999718e-01
9.260000000000000453e-01 9.307999999999999607e-01
9.260000000000000453e-01 9.304000000000000048e-01
9.257999999999999563e-01 9.306999999999999718e-01
9.258999999999999453e-01 9.305999999999999828e-01
9.256999999999999673e-01 9.305999999999999828e-01
9.256999999999999673e-01 9.304000000000000048e-01
9.256999999999999673e-01 9.304000000000000048e-01
9.255999999999999783e-01 9.303000000000000158e-01
9.250000000000000444e-01 9.305999999999999828e-01
9.254000000000000004e-01 9.305999999999999828e-01
9.254999999999999893e-01 9.306999999999999718e-01
9.257999999999999563e-01 9.304999999999999938e-01
9.261000000000000343e-01 9.304999999999999938e-01
9.262000000000000233e-01 9.307999999999999607e-01
9.254999999999999893e-01 9.306999999999999718e-01
9.256999999999999673e-01 9.306999999999999718e-01
9.258999999999999453e-01 9.305999999999999828e-01
9.264000000000000012e-01 9.304999999999999938e-01
9.263000000000000123e-01 9.306999999999999718e-01
9.266999999999999682e-01 9.308999999999999497e-01
9.267999999999999572e-01 9.311000000000000387e-01
9.264000000000000012e-01 9.312000000000000277e-01
9.266999999999999682e-01 9.306999999999999718e-01
9.266999999999999682e-01 9.308999999999999497e-01
9.266999999999999682e-01 9.311000000000000387e-01
9.261000000000000343e-01 9.310000000000000497e-01
9.260000000000000453e-01 9.311000000000000387e-01
9.262000000000000233e-01 9.310000000000000497e-01
9.261000000000000343e-01 9.308999999999999497e-01
9.261000000000000343e-01 9.305999999999999828e-01
9.261000000000000343e-01 9.311000000000000387e-01
9.261000000000000343e-01 9.310000000000000497e-01
9.260000000000000453e-01 9.308999999999999497e-01
9.261000000000000343e-01 9.310000000000000497e-01
9.260000000000000453e-01 9.308999999999999497e-01
9.258999999999999453e-01 9.310000000000000497e-01
9.263000000000000123e-01 9.310000000000000497e-01
9.261000000000000343e-01 9.313000000000000167e-01
9.263000000000000123e-01 9.314999999999999947e-01
9.260000000000000453e-01 9.314999999999999947e-01
9.258999999999999453e-01 9.316999999999999726e-01
9.260000000000000453e-01 9.315999999999999837e-01
9.260000000000000453e-01 9.314999999999999947e-01
9.264000000000000012e-01 9.314000000000000057e-01
9.261000000000000343e-01 9.313000000000000167e-01
9.258999999999999453e-01 9.314999999999999947e-01
9.258999999999999453e-01 9.323000000000000176e-01
9.263000000000000123e-01 9.321000000000000396e-01
9.261000000000000343e-01 9.315999999999999837e-01
9.263000000000000123e-01 9.316999999999999726e-01
9.258999999999999453e-01 9.315999999999999837e-01
9.264000000000000012e-01 9.315999999999999837e-01
9.262000000000000233e-01 9.314000000000000057e-01
9.258999999999999453e-01 9.315999999999999837e-01
9.256999999999999673e-01 9.312000000000000277e-01
9.255999999999999783e-01 9.312000000000000277e-01
9.258999999999999453e-01 9.313000000000000167e-01
9.260000000000000453e-01 9.314000000000000057e-01
9.261000000000000343e-01 9.313000000000000167e-01
9.263000000000000123e-01 9.314999999999999947e-01
9.262000000000000233e-01 9.314000000000000057e-01
9.261000000000000343e-01 9.312000000000000277e-01
9.264000000000000012e-01 9.314000000000000057e-01
9.264999999999999902e-01 9.317999999999999616e-01
9.263000000000000123e-01 9.320000000000000506e-01
9.262000000000000233e-01 9.314999999999999947e-01
9.264999999999999902e-01 9.314999999999999947e-01
9.264999999999999902e-01 9.313000000000000167e-01
9.266999999999999682e-01 9.314000000000000057e-01
9.265999999999999792e-01 9.316999999999999726e-01
9.263000000000000123e-01 9.322000000000000286e-01
9.258999999999999453e-01 9.316999999999999726e-01
9.260000000000000453e-01 9.317999999999999616e-01
9.257999999999999563e-01 9.320000000000000506e-01
9.261000000000000343e-01 9.314999999999999947e-01
9.261000000000000343e-01 9.314000000000000057e-01
9.264999999999999902e-01 9.314999999999999947e-01
9.264000000000000012e-01 9.317999999999999616e-01
9.265999999999999792e-01 9.321000000000000396e-01
9.267999999999999572e-01 9.318999999999999506e-01
9.263000000000000123e-01 9.323000000000000176e-01
9.266999999999999682e-01 9.321000000000000396e-01
9.266999999999999682e-01 9.323000000000000176e-01
9.265999999999999792e-01 9.321000000000000396e-01
9.270000000000000462e-01 9.323000000000000176e-01
9.264999999999999902e-01 9.322000000000000286e-01
9.266999999999999682e-01 9.324000000000000066e-01
9.268999999999999462e-01 9.322000000000000286e-01
9.264999999999999902e-01 9.324000000000000066e-01
9.264999999999999902e-01 9.324999999999999956e-01
9.264999999999999902e-01 9.324000000000000066e-01
9.266999999999999682e-01 9.324000000000000066e-01
9.263000000000000123e-01 9.321000000000000396e-01
9.264999999999999902e-01 9.316999999999999726e-01
9.266999999999999682e-01 9.316999999999999726e-01
9.263000000000000123e-01 9.315999999999999837e-01
9.264000000000000012e-01 9.315999999999999837e-01
9.262000000000000233e-01 9.317999999999999616e-01
9.258999999999999453e-01 9.313000000000000167e-01
9.262000000000000233e-01 9.315999999999999837e-01
9.264000000000000012e-01 9.314000000000000057e-01
9.261000000000000343e-01 9.316999999999999726e-01
9.257999999999999563e-01 9.314000000000000057e-01
9.261000000000000343e-01 9.317999999999999616e-01
9.261000000000000343e-01 9.317999999999999616e-01
9.264999999999999902e-01 9.318999999999999506e-01
9.260000000000000453e-01 9.317999999999999616e-01
9.263000000000000123e-01 9.317999999999999616e-01
9.264999999999999902e-01 9.322000000000000286e-01
9.264000000000000012e-01 9.316999999999999726e-01
9.261000000000000343e-01 9.321000000000000396e-01
9.261000000000000343e-01 9.318999999999999506e-01
9.264000000000000012e-01 9.320000000000000506e-01
9.264000000000000012e-01 9.323000000000000176e-01
9.264000000000000012e-01 9.320000000000000506e-01
9.265999999999999792e-01 9.320000000000000506e-01
9.265999999999999792e-01 9.321000000000000396e-01
9.264999999999999902e-01 9.318999999999999506e-01
9.272000000000000242e-01 9.318999999999999506e-01
9.266999999999999682e-01 9.317999999999999616e-01
9.266999999999999682e-01 9.317999999999999616e-01
9.266999999999999682e-01 9.318999999999999506e-01
9.270000000000000462e-01 9.315999999999999837e-01
9.273000000000000131e-01 9.316999999999999726e-01
9.268999999999999462e-01 9.315999999999999837e-01
9.264000000000000012e-01 9.318999999999999506e-01
9.264999999999999902e-01 9.317999999999999616e-01
9.266999999999999682e-01 9.318999999999999506e-01
9.261000000000000343e-01 9.318999999999999506e-01
9.262000000000000233e-01 9.318999999999999506e-01
9.261000000000000343e-01 9.320000000000000506e-01
9.261000000000000343e-01 9.321000000000000396e-01
9.260000000000000453e-01 9.324000000000000066e-01
9.268999999999999462e-01 9.321000000000000396e-01
9.265999999999999792e-01 9.325999999999999845e-01
9.263000000000000123e-01 9.324999999999999956e-01
9.261000000000000343e-01 9.320000000000000506e-01
9.258999999999999453e-01 9.320000000000000506e-01
9.263000000000000123e-01 9.322000000000000286e-01
9.256999999999999673e-01 9.325999999999999845e-01
9.263000000000000123e-01 9.323000000000000176e-01
9.261000000000000343e-01 9.318999999999999506e-01
9.264000000000000012e-01 9.323000000000000176e-01
9.258999999999999453e-01 9.321000000000000396e-01
9.261000000000000343e-01 9.316999999999999726e-01
9.257999999999999563e-01 9.317999999999999616e-01
9.261000000000000343e-01 9.314999999999999947e-01
9.260000000000000453e-01 9.316999999999999726e-01
9.257999999999999563e-01 9.317999999999999616e-01
9.254999999999999893e-01 9.318999999999999506e-01
9.257999999999999563e-01 9.315999999999999837e-01
9.255999999999999783e-01 9.316999999999999726e-01
9.256999999999999673e-01 9.315999999999999837e-01
9.256999999999999673e-01 9.315999999999999837e-01
9.260000000000000453e-01 9.316999999999999726e-01
9.260000000000000453e-01 9.315999999999999837e-01
9.258999999999999453e-01 9.315999999999999837e-01
9.257999999999999563e-01 9.314000000000000057e-01
9.257999999999999563e-01 9.314000000000000057e-01
9.260000000000000453e-01 9.317999999999999616e-01
9.260000000000000453e-01 9.322000000000000286e-01
9.256999999999999673e-01 9.318999999999999506e-01
9.258999999999999453e-01 9.320000000000000506e-01
9.258999999999999453e-01 9.317999999999999616e-01
9.257999999999999563e-01 9.317999999999999616e-01
9.260000000000000453e-01 9.321000000000000396e-01
9.261000000000000343e-01 9.317999999999999616e-01
9.262000000000000233e-01 9.320000000000000506e-01
9.262000000000000233e-01 9.314999999999999947e-01
9.264000000000000012e-01 9.314000000000000057e-01
9.264000000000000012e-01 9.315999999999999837e-01
9.263000000000000123e-01 9.317999999999999616e-01
9.264000000000000012e-01 9.320000000000000506e-01
9.263000000000000123e-01 9.312000000000000277e-01
9.263000000000000123e-01 9.313000000000000167e-01
9.262000000000000233e-01 9.310000000000000497e-01
9.263000000000000123e-01 9.314999999999999947e-01
9.266999999999999682e-01 9.315999999999999837e-01
9.265999999999999792e-01 9.315999999999999837e-01
9.271000000000000352e-01 9.316999999999999726e-01
9.268999999999999462e-01 9.315999999999999837e-01
9.273000000000000131e-01 9.315999999999999837e-01
9.268999999999999462e-01 9.315999999999999837e-01
9.271000000000000352e-01 9.317999999999999616e-01
9.268999999999999462e-01 9.320000000000000506e-01
9.262000000000000233e-01 9.320000000000000506e-01
9.267999999999999572e-01 9.321000000000000396e-01
9.265999999999999792e-01 9.324999999999999956e-01
9.265999999999999792e-01 9.324000000000000066e-01
9.264999999999999902e-01 9.324000000000000066e-01
9.264999999999999902e-01 9.323000000000000176e-01
9.264000000000000012e-01 9.323000000000000176e-01
9.264000000000000012e-01 9.321000000000000396e-01
9.263000000000000123e-01 9.322000000000000286e-01
9.262000000000000233e-01 9.322000000000000286e-01
9.263000000000000123e-01 9.322000000000000286e-01
9.261000000000000343e-01 9.318999999999999506e-01
9.263000000000000123e-01 9.321000000000000396e-01
9.264000000000000012e-01 9.318999999999999506e-01
9.265999999999999792e-01 9.317999999999999616e-01
9.265999999999999792e-01 9.326999999999999735e-01
9.265999999999999792e-01 9.317999999999999616e-01
9.266999999999999682e-01 9.318999999999999506e-01
9.265999999999999792e-01 9.318999999999999506e-01
9.266999999999999682e-01 9.316999999999999726e-01
9.265999999999999792e-01 9.314999999999999947e-01
9.266999999999999682e-01 9.314999999999999947e-01
9.264000000000000012e-01 9.318999999999999506e-01
9.264999999999999902e-01 9.316999999999999726e-01
9.265999999999999792e-01 9.317999999999999616e-01
9.266999999999999682e-01 9.323000000000000176e-01
9.267999999999999572e-01 9.324999999999999956e-01
9.265999999999999792e-01 9.324000000000000066e-01
9.266999999999999682e-01 9.323000000000000176e-01
9.266999999999999682e-01 9.324999999999999956e-01
9.265999999999999792e-01 9.326999999999999735e-01
9.264000000000000012e-01 9.331000000000000405e-01
9.264999999999999902e-01 9.323000000000000176e-01
9.267999999999999572e-01 9.323000000000000176e-01
9.265999999999999792e-01 9.324000000000000066e-01
9.265999999999999792e-01 9.324000000000000066e-01
9.264000000000000012e-01 9.324000000000000066e-01
9.264999999999999902e-01 9.325999999999999845e-01
9.264000000000000012e-01 9.326999999999999735e-01
9.265999999999999792e-01 9.320000000000000506e-01
9.266999999999999682e-01 9.320000000000000506e-01
9.267999999999999572e-01 9.317999999999999616e-01
9.266999999999999682e-01 9.322000000000000286e-01
9.271000000000000352e-01 9.322000000000000286e-01
9.266999999999999682e-01 9.323000000000000176e-01
9.264999999999999902e-01 9.324999999999999956e-01
9.265999999999999792e-01 9.323000000000000176e-01
9.266999999999999682e-01 9.325999999999999845e-01
9.263000000000000123e-01 9.325999999999999845e-01
9.261000000000000343e-01 9.323000000000000176e-01
9.262000000000000233e-01 9.323000000000000176e-01
9.261000000000000343e-01 9.322000000000000286e-01
9.264000000000000012e-01 9.315999999999999837e-01
9.264000000000000012e-01 9.320000000000000506e-01
9.263000000000000123e-01 9.317999999999999616e-01
9.264999999999999902e-01 9.317999999999999616e-01
9.264000000000000012e-01 9.316999999999999726e-01
9.261000000000000343e-01 9.317999999999999616e-01
9.264999999999999902e-01 9.318999999999999506e-01
9.264000000000000012e-01 9.321000000000000396e-01
9.264999999999999902e-01 9.322000000000000286e-01
9.263000000000000123e-01 9.321000000000000396e-01
9.261000000000000343e-01 9.320000000000000506e-01
9.260000000000000453e-01 9.321000000000000396e-01
9.260000000000000453e-01 9.322000000000000286e-01
9.264000000000000012e-01 9.323000000000000176e-01
9.260000000000000453e-01 9.324000000000000066e-01
9.261000000000000343e-01 9.324999999999999956e-01
9.262000000000000233e-01 9.325999999999999845e-01
9.260000000000000453e-01 9.325999999999999845e-01
9.261000000000000343e-01 9.324999999999999956e-01
9.261000000000000343e-01 9.328999999999999515e-01
9.264000000000000012e-01 9.326999999999999735e-01
9.263000000000000123e-01 9.331000000000000405e-01
9.263000000000000123e-01 9.328999999999999515e-01
9.264000000000000012e-01 9.326999999999999735e-01
9.264999999999999902e-01 9.326999999999999735e-01
9.266999999999999682e-01 9.325999999999999845e-01
9.265999999999999792e-01 9.324000000000000066e-01
9.264000000000000012e-01 9.325999999999999845e-01
9.268999999999999462e-01 9.324999999999999956e-01
9.270000000000000462e-01 9.322000000000000286e-01
9.268999999999999462e-01 9.324000000000000066e-01
9.266999999999999682e-01 9.320000000000000506e-01
9.271000000000000352e-01 9.323000000000000176e-01
9.271000000000000352e-01 9.320000000000000506e-01
9.272000000000000242e-01 9.323000000000000176e-01
9.270000000000000462e-01 9.325999999999999845e-01
9.270000000000000462e-01 9.324999999999999956e-01
9.270000000000000462e-01 9.326999999999999735e-01
9.265999999999999792e-01 9.327999999999999625e-01
9.264999999999999902e-01 9.328999999999999515e-01
9.264999999999999902e-01 9.325999999999999845e-01
9.265999999999999792e-01 9.328999999999999515e-01
9.266999999999999682e-01 9.324999999999999956e-01
9.267999999999999572e-01 9.322000000000000286e-01
9.268999999999999462e-01 9.323000000000000176e-01
9.266999999999999682e-01 9.320000000000000506e-01
9.268999999999999462e-01 9.317999999999999616e-01
9.271000000000000352e-01 9.314999999999999947e-01
9.267999999999999572e-01 9.317999999999999616e-01
9.267999999999999572e-01 9.315999999999999837e-01
9.265999999999999792e-01 9.317999999999999616e-01
9.264000000000000012e-01 9.320000000000000506e-01
9.264999999999999902e-01 9.323000000000000176e-01
9.264000000000000012e-01 9.322000000000000286e-01
9.265999999999999792e-01 9.325999999999999845e-01
9.267999999999999572e-01 9.321000000000000396e-01
9.268999999999999462e-01 9.320000000000000506e-01
9.266999999999999682e-01 9.327999999999999625e-01
9.268999999999999462e-01 9.328999999999999515e-01
9.265999999999999792e-01 9.325999999999999845e-01
9.264999999999999902e-01 9.330000000000000515e-01
9.266999999999999682e-01 9.326999999999999735e-01
9.268999999999999462e-01 9.328999999999999515e-01
9.268999999999999462e-01 9.326999999999999735e-01
9.268999999999999462e-01 9.327999999999999625e-01
9.266999999999999682e-01 9.327999999999999625e-01
9.267999999999999572e-01 9.327999999999999625e-01
9.265999999999999792e-01 9.324000000000000066e-01
9.262000000000000233e-01 9.324999999999999956e-01
9.264000000000000012e-01 9.322000000000000286e-01
9.264999999999999902e-01 9.322000000000000286e-01
9.265999999999999792e-01 9.324999999999999956e-01
9.264999999999999902e-01 9.326999999999999735e-01
9.265999999999999792e-01 9.324999999999999956e-01
9.271000000000000352e-01 9.324999999999999956e-01
9.268999999999999462e-01 9.322000000000000286e-01
9.272000000000000242e-01 9.321000000000000396e-01
9.267999999999999572e-01 9.321000000000000396e-01
9.268999999999999462e-01 9.321000000000000396e-01
9.266999999999999682e-01 9.322000000000000286e-01
9.265999999999999792e-01 9.320000000000000506e-01
9.268999999999999462e-01 9.323000000000000176e-01
9.270000000000000462e-01 9.318999999999999506e-01
9.267999999999999572e-01 9.320000000000000506e-01
9.268999999999999462e-01 9.320000000000000506e-01
9.268999999999999462e-01 9.320000000000000506e-01
9.270000000000000462e-01 9.323000000000000176e-01
9.268999999999999462e-01 9.322000000000000286e-01
9.266999999999999682e-01 9.322000000000000286e-01
9.266999999999999682e-01 9.322000000000000286e-01
9.264999999999999902e-01 9.322000000000000286e-01
9.267999999999999572e-01 9.321000000000000396e-01
9.266999999999999682e-01 9.320000000000000506e-01
9.265999999999999792e-01 9.316999999999999726e-01
9.271000000000000352e-01 9.314999999999999947e-01
9.267999999999999572e-01 9.311000000000000387e-01
9.265999999999999792e-01 9.311000000000000387e-01
9.266999999999999682e-01 9.310000000000000497e-01
9.271000000000000352e-01 9.311000000000000387e-01
9.270000000000000462e-01 9.310000000000000497e-01
9.267999999999999572e-01 9.308999999999999497e-01
9.271000000000000352e-01 9.310000000000000497e-01
9.271000000000000352e-01 9.307999999999999607e-01
9.266999999999999682e-01 9.307999999999999607e-01
9.264999999999999902e-01 9.305999999999999828e-01
9.274000000000000021e-01 9.306999999999999718e-01
9.267999999999999572e-01 9.305999999999999828e-01
9.271000000000000352e-01 9.306999999999999718e-01
9.266999999999999682e-01 9.307999999999999607e-01
9.266999999999999682e-01 9.305999999999999828e-01
9.266999999999999682e-01 9.308999999999999497e-01
9.265999999999999792e-01 9.304999999999999938e-01
9.271000000000000352e-01 9.306999999999999718e-01
9.274000000000000021e-01 9.307999999999999607e-01
9.273000000000000131e-01 9.310000000000000497e-01
9.270000000000000462e-01 9.310000000000000497e-01
9.272000000000000242e-01 9.314000000000000057e-01
9.273000000000000131e-01 9.314000000000000057e-01
9.271000000000000352e-01 9.313000000000000167e-01
9.265999999999999792e-01 9.311000000000000387e-01
9.263000000000000123e-01 9.307999999999999607e-01
9.264999999999999902e-01 9.310000000000000497e-01
9.270000000000000462e-01 9.310000000000000497e-01
9.268999999999999462e-01 9.314000000000000057e-01
9.271000000000000352e-01 9.310000000000000497e-01
9.271000000000000352e-01 9.313000000000000167e-01
9.267999999999999572e-01 9.310000000000000497e-01
9.268999999999999462e-01 9.311000000000000387e-01
9.270000000000000462e-01 9.310000000000000497e-01
9.270000000000000462e-01 9.311000000000000387e-01
9.264000000000000012e-01 9.311000000000000387e-01
9.264999999999999902e-01 9.312000000000000277e-01
9.265999999999999792e-01 9.315999999999999837e-01
9.264999999999999902e-01 9.316999999999999726e-01
9.266999999999999682e-01 9.315999999999999837e-01
9.266999999999999682e-01 9.316999999999999726e-01
9.264000000000000012e-01 9.316999999999999726e-01
9.264999999999999902e-01 9.314999999999999947e-01
9.264999999999999902e-01 9.313000000000000167e-01
9.264000000000000012e-01 9.314999999999999947e-01
9.260000000000000453e-01 9.315999999999999837e-01
9.264000000000000012e-01 9.314999999999999947e-01
9.265999999999999792e-01 9.314999999999999947e-01
9.263000000000000123e-01 9.312000000000000277e-01
9.262000000000000233e-01 9.313000000000000167e-01
9.263000000000000123e-01 9.314999999999999947e-01
9.264000000000000012e-01 9.314999999999999947e-01
9.261000000000000343e-01 9.312000000000000277e-01
9.260000000000000453e-01 9.314000000000000057e-01
9.264000000000000012e-01 9.313000000000000167e-01
9.263000000000000123e-01 9.313000000000000167e-01
9.267999999999999572e-01 9.316999999999999726e-01
9.263000000000000123e-01 9.311000000000000387e-01
9.263000000000000123e-01 9.314999999999999947e-01
9.264999999999999902e-01 9.315999999999999837e-01
9.265999999999999792e-01 9.312000000000000277e-01
9.265999999999999792e-01 9.316999999999999726e-01
9.266999999999999682e-01 9.315999999999999837e-01
9.267999999999999572e-01 9.314999999999999947e-01
9.267999999999999572e-01 9.317999999999999616e-01
9.274999999999999911e-01 9.316999999999999726e-01
9.271000000000000352e-01 9.314999999999999947e-01
9.266999999999999682e-01 9.314000000000000057e-01
9.270000000000000462e-01 9.314000000000000057e-01
9.271000000000000352e-01 9.315999999999999837e-01
9.273000000000000131e-01 9.317999999999999616e-01
9.270000000000000462e-01 9.315999999999999837e-01
9.267999999999999572e-01 9.313000000000000167e-01
9.266999999999999682e-01 9.314000000000000057e-01
9.264999999999999902e-01 9.314000000000000057e-01
9.266999999999999682e-01 9.312000000000000277e-01
9.266999999999999682e-01 9.310000000000000497e-01
9.264000000000000012e-01 9.306999999999999718e-01
9.267999999999999572e-01 9.307999999999999607e-01
9.267999999999999572e-01 9.311000000000000387e-01
9.262000000000000233e-01 9.312000000000000277e-01
9.264000000000000012e-01 9.312000000000000277e-01
9.264999999999999902e-01 9.311000000000000387e-01
9.261000000000000343e-01 9.312000000000000277e-01
9.268999999999999462e-01 9.311000000000000387e-01
9.268999999999999462e-01 9.314000000000000057e-01
9.265999999999999792e-01 9.312000000000000277e-01
9.265999999999999792e-01 9.312000000000000277e-01
9.266999999999999682e-01 9.311000000000000387e-01
9.267999999999999572e-01 9.311000000000000387e-01
9.263000000000000123e-01 9.314000000000000057e-01
9.265999999999999792e-01 9.314000000000000057e-01
9.270000000000000462e-01 9.314999999999999947e-01
9.267999999999999572e-01 9.313000000000000167e-01
9.270000000000000462e-01 9.310000000000000497e-01
9.270000000000000462e-01 9.313000000000000167e-01
9.272000000000000242e-01 9.316999999999999726e-01
9.273000000000000131e-01 9.314000000000000057e-01
9.270000000000000462e-01 9.311000000000000387e-01
9.272000000000000242e-01 9.313000000000000167e-01
9.276999999999999691e-01 9.317999999999999616e-01
9.275999999999999801e-01 9.310000000000000497e-01
9.274000000000000021e-01 9.314000000000000057e-01
9.275999999999999801e-01 9.314999999999999947e-01
9.273000000000000131e-01 9.320000000000000506e-01
9.273000000000000131e-01 9.317999999999999616e-01
9.273000000000000131e-01 9.314999999999999947e-01
9.273000000000000131e-01 9.316999999999999726e-01
9.271000000000000352e-01 9.317999999999999616e-01
9.267999999999999572e-01 9.316999999999999726e-01
9.266999999999999682e-01 9.316999999999999726e-01
9.266999999999999682e-01 9.320000000000000506e-01
9.271000000000000352e-01 9.317999999999999616e-01
9.268999999999999462e-01 9.315999999999999837e-01
9.271000000000000352e-01 9.315999999999999837e-01
9.267999999999999572e-01 9.315999999999999837e-01
9.264999999999999902e-01 9.315999999999999837e-01
9.264999999999999902e-01 9.314999999999999947e-01
9.261000000000000343e-01 9.316999999999999726e-01
9.261000000000000343e-01 9.310000000000000497e-01
9.264999999999999902e-01 9.313000000000000167e-01
9.267999999999999572e-01 9.307999999999999607e-01
9.264999999999999902e-01 9.307999999999999607e-01
9.264999999999999902e-01 9.307999999999999607e-01
9.264000000000000012e-01 9.308999999999999497e-01
9.266999999999999682e-01 9.313000000000000167e-01
9.263000000000000123e-01 9.311000000000000387e-01
9.264000000000000012e-01 9.313000000000000167e-01
9.255999999999999783e-01 9.310000000000000497e-01
9.256999999999999673e-01 9.308999999999999497e-01
9.263000000000000123e-01 9.307999999999999607e-01
9.263000000000000123e-01 9.305999999999999828e-01
9.264000000000000012e-01 9.311000000000000387e-01
9.266999999999999682e-01 9.313000000000000167e-01
9.266999999999999682e-01 9.310000000000000497e-01
9.267999999999999572e-01 9.308999999999999497e-01
9.266999999999999682e-01 9.311000000000000387e-01
9.270000000000000462e-01 9.311000000000000387e-01
9.270000000000000462e-01 9.311000000000000387e-01
9.267999999999999572e-01 9.308999999999999497e-01
9.265999999999999792e-01 9.311000000000000387e-01
9.264000000000000012e-01 9.311000000000000387e-01
9.264000000000000012e-01 9.311000000000000387e-01
9.262000000000000233e-01 9.314000000000000057e-01
9.268999999999999462e-01 9.311000000000000387e-01
9.262000000000000233e-01 9.312000000000000277e-01
9.264999999999999902e-01 9.314000000000000057e-01
9.262000000000000233e-01 9.315999999999999837e-01
9.264000000000000012e-01 9.313000000000000167e-01
9.268999999999999462e-01 9.317999999999999616e-01
9.264999999999999902e-01 9.315999999999999837e-01
9.265999999999999792e-01 9.316999999999999726e-01
9.267999999999999572e-01 9.316999999999999726e-01
9.267999999999999572e-01 9.318999999999999506e-01
9.272000000000000242e-01 9.318999999999999506e-01
9.272000000000000242e-01 9.313000000000000167e-01
9.272000000000000242e-01 9.315999999999999837e-01
9.273000000000000131e-01 9.314000000000000057e-01
9.274999999999999911e-01 9.317999999999999616e-01
9.272000000000000242e-01 9.317999999999999616e-01
9.274000000000000021e-01 9.318999999999999506e-01
9.270000000000000462e-01 9.320000000000000506e-01
9.274999999999999911e-01 9.320000000000000506e-01
9.271000000000000352e-01 9.317999999999999616e-01
9.273000000000000131e-01 9.315999999999999837e-01
9.272000000000000242e-01 9.314999999999999947e-01
9.267999999999999572e-01 9.313000000000000167e-01
9.266999999999999682e-01 9.315999999999999837e-01
9.273000000000000131e-01 9.312000000000000277e-01
9.272000000000000242e-01 9.314000000000000057e-01
9.270000000000000462e-01 9.315999999999999837e-01
9.264999999999999902e-01 9.315999999999999837e-01
9.268999999999999462e-01 9.317999999999999616e-01
9.263000000000000123e-01 9.314000000000000057e-01
9.264000000000000012e-01 9.310000000000000497e-01
9.264999999999999902e-01 9.310000000000000497e-01
9.264999999999999902e-01 9.308999999999999497e-01
9.263000000000000123e-01 9.315999999999999837e-01
9.261000000000000343e-01 9.314000000000000057e-01
9.263000000000000123e-01 9.314000000000000057e-01
9.263000000000000123e-01 9.313000000000000167e-01
9.265999999999999792e-01 9.310000000000000497e-01
9.266999999999999682e-01 9.310000000000000497e-01
9.263000000000000123e-01 9.311000000000000387e-01
9.263000000000000123e-01 9.308999999999999497e-01
9.263000000000000123e-01 9.306999999999999718e-01
9.260000000000000453e-01 9.312000000000000277e-01
9.262000000000000233e-01 9.312000000000000277e-01
9.260000000000000453e-01 9.311000000000000387e-01
9.260000000000000453e-01 9.310000000000000497e-01
9.257999999999999563e-01 9.312000000000000277e-01
9.258999999999999453e-01 9.312000000000000277e-01
9.261000000000000343e-01 9.315999999999999837e-01
9.263000000000000123e-01 9.316999999999999726e-01
9.264000000000000012e-01 9.316999999999999726e-01
9.261000000000000343e-01 9.315999999999999837e-01
9.257999999999999563e-01 9.314999999999999947e-01
9.260000000000000453e-01 9.315999999999999837e-01
9.258999999999999453e-01 9.312000000000000277e-01
9.262000000000000233e-01 9.312000000000000277e-01
9.260000000000000453e-01 9.313000000000000167e-01
9.261000000000000343e-01 9.310000000000000497e-01
9.264000000000000012e-01 9.313000000000000167e-01
9.264000000000000012e-01 9.310000000000000497e-01
9.264999999999999902e-01 9.306999999999999718e-01
9.261000000000000343e-01 9.310000000000000497e-01
9.258999999999999453e-01 9.314000000000000057e-01
9.262000000000000233e-01 9.313000000000000167e-01
9.261000000000000343e-01 9.312000000000000277e-01
9.257999999999999563e-01 9.316999999999999726e-01
9.255999999999999783e-01 9.315999999999999837e-01
9.258999999999999453e-01 9.314999999999999947e-01
9.256999999999999673e-01 9.316999999999999726e-01
9.255999999999999783e-01 9.313000000000000167e-01
9.256999999999999673e-01 9.312000000000000277e-01
9.257999999999999563e-01 9.313000000000000167e-01
9.262000000000000233e-01 9.314999999999999947e-01
9.261000000000000343e-01 9.314999999999999947e-01
9.260000000000000453e-01 9.313000000000000167e-01
9.260000000000000453e-01 9.313000000000000167e-01
9.260000000000000453e-01 9.311000000000000387e-01
9.258999999999999453e-01 9.313000000000000167e-01
9.260000000000000453e-01 9.315999999999999837e-01
9.258999999999999453e-01 9.313000000000000167e-01
9.255999999999999783e-01 9.316999999999999726e-01
9.256999999999999673e-01 9.315999999999999837e-01
9.257999999999999563e-01 9.314000000000000057e-01
9.257999999999999563e-01 9.316999999999999726e-01
9.255999999999999783e-01 9.317999999999999616e-01
9.255999999999999783e-01 9.320000000000000506e-01
9.255999999999999783e-01 9.314999999999999947e-01
9.251000000000000334e-01 9.320000000000000506e-01
9.251000000000000334e-01 9.323000000000000176e-01
9.250000000000000444e-01 9.320000000000000506e-01
9.253000000000000114e-01 9.321000000000000396e-01
9.252000000000000224e-01 9.320000000000000506e-01
9.254000000000000004e-01 9.314000000000000057e-01
9.254000000000000004e-01 9.317999999999999616e-01
9.252000000000000224e-01 9.314000000000000057e-01
9.252000000000000224e-01 9.314000000000000057e-01
9.253000000000000114e-01 9.313000000000000167e-01
9.254000000000000004e-01 9.312000000000000277e-01
9.251000000000000334e-01 9.314999999999999947e-01
9.250000000000000444e-01 9.314999999999999947e-01
9.249000000000000554e-01 9.316999999999999726e-01
9.247999999999999554e-01 9.317999999999999616e-01
9.252000000000000224e-01 9.313000000000000167e-01
9.247999999999999554e-01 9.316999999999999726e-01
9.250000000000000444e-01 9.318999999999999506e-01
9.252000000000000224e-01 9.315999999999999837e-01
9.252000000000000224e-01 9.316999999999999726e-01
9.254999999999999893e-01 9.321000000000000396e-01
9.254999999999999893e-01 9.318999999999999506e-01
9.253000000000000114e-01 9.320000000000000506e-01
9.254000000000000004e-01 9.318999999999999506e-01
9.254000000000000004e-01 9.318999999999999506e-01
9.257999999999999563e-01 9.321000000000000396e-01
9.254000000000000004e-01 9.317999999999999616e-01
9.254999999999999893e-01 9.317999999999999616e-01
9.252000000000000224e-01 9.322000000000000286e-01
9.254000000000000004e-01 9.321000000000000396e-01
9.254999999999999893e-01 9.324999999999999956e-01
9.253000000000000114e-01 9.324999999999999956e-01
9.251000000000000334e-01 9.322000000000000286e-01
9.251000000000000334e-01 9.322000000000000286e-01
9.251000000000000334e-01 9.323000000000000176e-01
9.251000000000000334e-01 9.324999999999999956e-01
9.253000000000000114e-01 9.321000000000000396e-01
9.254000000000000004e-01 9.317999999999999616e-01
9.254000000000000004e-01 9.323000000000000176e-01
9.256999999999999673e-01 9.324000000000000066e-01
9.257999999999999563e-01 9.323000000000000176e-01
9.258999999999999453e-01 9.321000000000000396e-01
9.258999999999999453e-01 9.324000000000000066e-01
9.257999999999999563e-01 9.321000000000000396e-01
9.255999999999999783e-01 9.321000000000000396e-01
9.255999999999999783e-01 9.318999999999999506e-01
9.254000000000000004e-01 9.317999999999999616e-01
9.258999999999999453e-01 9.321000000000000396e-01
9.254999999999999893e-01 9.321000000000000396e-01
9.249000000000000554e-01 9.318999999999999506e-01
9.249000000000000554e-01 9.321000000000000396e-01
9.249000000000000554e-01 9.317999999999999616e-01
9.252000000000000224e-01 9.320000000000000506e-01
9.249000000000000554e-01 9.321000000000000396e-01
9.252000000000000224e-01 9.323000000000000176e-01
9.252000000000000224e-01 9.322000000000000286e-01
9.252000000000000224e-01 9.317999999999999616e-01
9.252000000000000224e-01 9.316999999999999726e-01
9.256999999999999673e-01 9.316999999999999726e-01
9.254000000000000004e-01 9.317999999999999616e-01
9.253000000000000114e-01 9.315999999999999837e-01
9.253000000000000114e-01 9.317999999999999616e-01
9.258999999999999453e-01 9.317999999999999616e-01
9.257999999999999563e-01 9.320000000000000506e-01
9.252000000000000224e-01 9.323000000000000176e-01
9.250000000000000444e-01 9.323000000000000176e-01
9.254000000000000004e-01 9.324999999999999956e-01
9.254000000000000004e-01 9.323000000000000176e-01
9.254999999999999893e-01 9.328999999999999515e-01
9.255999999999999783e-01 9.326999999999999735e-01
9.254999999999999893e-01 9.324999999999999956e-01
9.247999999999999554e-01 9.321000000000000396e-01
9.252000000000000224e-01 9.324999999999999956e-01
9.254000000000000004e-01 9.323000000000000176e-01
9.251000000000000334e-01 9.325999999999999845e-01
9.249000000000000554e-01 9.321000000000000396e-01
9.250000000000000444e-01 9.325999999999999845e-01
9.249000000000000554e-01 9.324000000000000066e-01
9.249000000000000554e-01 9.322000000000000286e-01
9.253000000000000114e-01 9.322000000000000286e-01
9.254999999999999893e-01 9.326999999999999735e-01
9.254000000000000004e-01 9.325999999999999845e-01
9.253000000000000114e-01 9.327999999999999625e-01
9.253000000000000114e-01 9.331000000000000405e-01
9.253000000000000114e-01 9.330000000000000515e-01
9.254000000000000004e-01 9.332000000000000295e-01
9.254999999999999893e-01 9.332000000000000295e-01
9.253000000000000114e-01 9.331000000000000405e-01
9.254000000000000004e-01 9.331000000000000405e-01
9.251000000000000334e-01 9.327999999999999625e-01
9.255999999999999783e-01 9.330000000000000515e-01
9.254000000000000004e-01 9.330000000000000515e-01
9.252000000000000224e-01 9.330000000000000515e-01
9.251000000000000334e-01 9.331000000000000405e-01
9.251000000000000334e-01 9.334000000000000075e-01
9.253000000000000114e-01 9.332000000000000295e-01
9.251000000000000334e-01 9.331000000000000405e-01
9.252000000000000224e-01 9.330000000000000515e-01
9.252000000000000224e-01 9.332000000000000295e-01
9.254999999999999893e-01 9.332000000000000295e-01
9.254000000000000004e-01 9.334000000000000075e-01
9.252000000000000224e-01 9.335999999999999854e-01
9.252000000000000224e-01 9.333000000000000185e-01
9.253000000000000114e-01 9.332000000000000295e-01
9.253000000000000114e-01 9.337999999999999634e-01
9.256999999999999673e-01 9.337999999999999634e-01
9.254999999999999893e-01 9.337999999999999634e-01
9.254999999999999893e-01 9.336999999999999744e-01
9.255999999999999783e-01 9.331000000000000405e-01
9.255999999999999783e-01 9.334999999999999964e-01
9.254999999999999893e-01 9.332000000000000295e-01
9.263000000000000123e-01 9.334000000000000075e-01
9.262000000000000233e-01 9.334999999999999964e-01
9.263000000000000123e-01 9.334999999999999964e-01
9.262000000000000233e-01 9.335999999999999854e-01
9.266999999999999682e-01 9.334999999999999964e-01
9.264999999999999902e-01 9.334999999999999964e-01
9.265999999999999792e-01 9.335999999999999854e-01
9.264000000000000012e-01 9.336999999999999744e-01
9.263000000000000123e-01 9.334999999999999964e-01
9.261000000000000343e-01 9.332000000000000295e-01
9.255999999999999783e-01 9.327999999999999625e-01
9.257999999999999563e-01 9.326999999999999735e-01
9.253000000000000114e-01 9.324999999999999956e-01
9.254999999999999893e-01 9.323000000000000176e-01
9.254999999999999893e-01 9.325999999999999845e-01
9.250000000000000444e-01 9.328999999999999515e-01
9.250000000000000444e-01 9.332000000000000295e-01
9.253000000000000114e-01 9.330000000000000515e-01
9.249000000000000554e-01 9.332000000000000295e-01
9.247999999999999554e-01 9.328999999999999515e-01
9.255999999999999783e-01 9.333000000000000185e-01
9.254000000000000004e-01 9.335999999999999854e-01
9.249000000000000554e-01 9.333000000000000185e-01
9.254000000000000004e-01 9.332000000000000295e-01
9.253000000000000114e-01 9.334000000000000075e-01
9.252000000000000224e-01 9.334999999999999964e-01
9.252000000000000224e-01 9.333000000000000185e-01
9.254999999999999893e-01 9.334999999999999964e-01
9.258999999999999453e-01 9.333000000000000185e-01
9.254000000000000004e-01 9.335999999999999854e-01
9.251000000000000334e-01 9.335999999999999854e-01
9.251000000000000334e-01 9.331000000000000405e-01
9.252000000000000224e-01 9.333000000000000185e-01
9.249000000000000554e-01 9.333000000000000185e-01
9.253000000000000114e-01 9.330000000000000515e-01
9.252000000000000224e-01 9.327999999999999625e-01
9.253000000000000114e-01 9.328999999999999515e-01
9.256999999999999673e-01 9.327999999999999625e-01
9.256999999999999673e-01 9.333000000000000185e-01
9.254999999999999893e-01 9.333000000000000185e-01
9.257999999999999563e-01 9.328999999999999515e-01
9.255999999999999783e-01 9.328999999999999515e-01
9.254999999999999893e-01 9.327999999999999625e-01
9.255999999999999783e-01 9.330000000000000515e-01
9.258999999999999453e-01 9.330000000000000515e-01
9.256999999999999673e-01 9.328999999999999515e-01
9.254000000000000004e-01 9.327999999999999625e-01
9.254000000000000004e-01 9.327999999999999625e-01
9.253000000000000114e-01 9.325999999999999845e-01
9.253000000000000114e-01 9.326999999999999735e-01
9.251000000000000334e-01 9.324999999999999956e-01
9.245999999999999774e-01 9.326999999999999735e-01
9.247999999999999554e-01 9.326999999999999735e-01
9.252000000000000224e-01 9.324000000000000066e-01
9.257999999999999563e-01 9.323000000000000176e-01
9.262000000000000233e-01 9.326999999999999735e-01
9.260000000000000453e-01 9.326999999999999735e-01
9.257999999999999563e-01 9.325999999999999845e-01
9.257999999999999563e-01 9.326999999999999735e-01
9.258999999999999453e-01 9.324999999999999956e-01
9.258999999999999453e-01 9.324999999999999956e-01
9.262000000000000233e-01 9.327999999999999625e-01
9.257999999999999563e-01 9.325999999999999845e-01
9.260000000000000453e-01 9.325999999999999845e-01
9.263000000000000123e-01 9.323000000000000176e-01
9.264000000000000012e-01 9.322000000000000286e-01
9.262000000000000233e-01 9.320000000000000506e-01
9.261000000000000343e-01 9.321000000000000396e-01
9.265999999999999792e-01 9.322000000000000286e-01
9.261000000000000343e-01 9.322000000000000286e-01
9.264999999999999902e-01 9.317999999999999616e-01
9.265999999999999792e-01 9.316999999999999726e-01
9.268999999999999462e-01 9.318999999999999506e-01
9.273000000000000131e-01 9.318999999999999506e-01
9.268999999999999462e-01 9.321000000000000396e-01
9.268999999999999462e-01 9.315999999999999837e-01
9.267999999999999572e-01 9.317999999999999616e-01
9.264999999999999902e-01 9.314000000000000057e-01
9.267999999999999572e-01 9.314000000000000057e-01
9.267999999999999572e-01 9.315999999999999837e-01
9.271000000000000352e-01 9.314000000000000057e-01
9.264000000000000012e-01 9.314999999999999947e-01
9.265999999999999792e-01 9.314000000000000057e-01
9.266999999999999682e-01 9.320000000000000506e-01
9.267999999999999572e-01 9.321000000000000396e-01
9.272000000000000242e-01 9.315999999999999837e-01
9.270000000000000462e-01 9.320000000000000506e-01
9.263000000000000123e-01 9.318999999999999506e-01
9.266999999999999682e-01 9.318999999999999506e-01
9.266999999999999682e-01 9.318999999999999506e-01
9.268999999999999462e-01 9.323000000000000176e-01
9.267999999999999572e-01 9.318999999999999506e-01
9.266999999999999682e-01 9.320000000000000506e-01
9.268999999999999462e-01 9.314000000000000057e-01
9.264999999999999902e-01 9.313000000000000167e-01
9.264000000000000012e-01 9.314999999999999947e-01
9.266999999999999682e-01 9.312000000000000277e-01
9.266999999999999682e-01 9.314000000000000057e-01
9.266999999999999682e-01 9.314999999999999947e-01
9.264000000000000012e-01 9.314000000000000057e-01
9.262000000000000233e-01 9.314999999999999947e-01
9.261000000000000343e-01 9.314000000000000057e-01
9.266999999999999682e-01 9.314999999999999947e-01
9.270000000000000462e-01 9.316999999999999726e-01
9.268999999999999462e-01 9.318999999999999506e-01
