9.976000000000000423e-01 1.000000000000000000e+00
9.959999999999999964e-01 9.998000000000000220e-01
9.957000000000000295e-01 9.995000000000000551e-01
9.959999999999999964e-01 9.497999999999999776e-01
9.952999999999999625e-01 9.194999999999999840e-01
9.925000000000000488e-01 9.034999999999999698e-01
9.899999999999999911e-01 9.042000000000000037e-01
9.906000000000000361e-01 9.120000000000000329e-01
9.917000000000000259e-01 8.915999999999999481e-01
9.927000000000000268e-01 8.858000000000000318e-01
9.901999999999999691e-01 8.901000000000000023e-01
9.916000000000000369e-01 8.930000000000000160e-01
9.931999999999999718e-01 8.984999999999999654e-01
9.920999999999999819e-01 8.987000000000000544e-01
9.908000000000000140e-01 8.994999999999999662e-01
9.911999999999999700e-01 9.009000000000000341e-01
9.915000000000000480e-01 9.022999999999999909e-01
9.913999999999999480e-01 9.054999999999999716e-01
9.909000000000000030e-01 9.089000000000000412e-01
9.916000000000000369e-01 9.119000000000000439e-01
9.907000000000000250e-01 9.130000000000000338e-01
9.900999999999999801e-01 9.164999999999999813e-01
9.896000000000000352e-01 9.142000000000000126e-01
9.898000000000000131e-01 9.144999999999999796e-01
9.891999999999999682e-01 9.172000000000000153e-01
9.902999999999999581e-01 9.203999999999999959e-01
9.901999999999999691e-01 9.204999999999999849e-01
9.901999999999999691e-01 9.203000000000000069e-01
9.908000000000000140e-01 9.220000000000000417e-01
9.902999999999999581e-01 9.211000000000000298e-01
9.897000000000000242e-01 9.225999999999999757e-01
9.899000000000000021e-01 9.264999999999999902e-01
9.898000000000000131e-01 9.280000000000000471e-01
9.893999999999999462e-01 9.282000000000000250e-01
9.889999999999999902e-01 9.277999999999999581e-01
9.889999999999999902e-01 9.272000000000000242e-01
9.885000000000000453e-01 9.273000000000000131e-01
9.890999999999999792e-01 9.303000000000000158e-01
9.885000000000000453e-01 9.303000000000000158e-01
9.882999999999999563e-01 9.308999999999999497e-01
9.882999999999999563e-01 9.316999999999999726e-01
9.876000000000000334e-01 9.315999999999999837e-01
9.877000000000000224e-01 9.304000000000000048e-01
9.870999999999999774e-01 9.315999999999999837e-01
9.871999999999999664e-01 9.322000000000000286e-01
9.869999999999999885e-01 9.322000000000000286e-01
9.871999999999999664e-01 9.331000000000000405e-01
9.868000000000000105e-01 9.336999999999999744e-01
9.869999999999999885e-01 9.323000000000000176e-01
9.868000000000000105e-01 9.330000000000000515e-01
9.867000000000000215e-01 9.360000000000000542e-01
9.864000000000000545e-01 9.356999999999999762e-01
9.866000000000000325e-01 9.375999999999999890e-01
9.868000000000000105e-01 9.364999999999999991e-01
9.865000000000000435e-01 9.375000000000000000e-01
9.858999999999999986e-01 9.382000000000000339e-01
9.855000000000000426e-01 9.397999999999999687e-01
9.852999999999999536e-01 9.395000000000000018e-01
9.852999999999999536e-01 9.379999999999999449e-01
9.850999999999999757e-01 9.391000000000000458e-01
9.851999999999999647e-01 9.378999999999999559e-01
9.848999999999999977e-01 9.386999999999999789e-01
9.845000000000000417e-01 9.403000000000000247e-01
9.850999999999999757e-01 9.405999999999999917e-01
9.846000000000000307e-01 9.392000000000000348e-01
9.846000000000000307e-01 9.411000000000000476e-01
9.841999999999999638e-01 9.407999999999999696e-01
9.841999999999999638e-01 9.413000000000000256e-01
9.837000000000000188e-01 9.396999999999999797e-01
9.832999999999999519e-01 9.416999999999999815e-01
9.842999999999999527e-01 9.412000000000000366e-01
9.838000000000000078e-01 9.411000000000000476e-01
9.838000000000000078e-01 9.411000000000000476e-01
9.837000000000000188e-01 9.415000000000000036e-01
9.832999999999999519e-01 9.393000000000000238e-01
9.831999999999999629e-01 9.392000000000000348e-01
9.828000000000000069e-01 9.399999999999999467e-01
9.829999999999999849e-01 9.403000000000000247e-01
9.824000000000000510e-01 9.385999999999999899e-01
9.814000000000000501e-01 9.396999999999999797e-01
9.811999999999999611e-01 9.405999999999999917e-01
9.810999999999999721e-01 9.394000000000000128e-01
9.805000000000000382e-01 9.404000000000000137e-01
9.801999999999999602e-01 9.405000000000000027e-01
9.795000000000000373e-01 9.397999999999999687e-01
9.797000000000000153e-01 9.422000000000000375e-01
9.792999999999999483e-01 9.431000000000000494e-01
9.788999999999999924e-01 9.434000000000000163e-01
9.789999999999999813e-01 9.426999999999999824e-01
9.787000000000000144e-01 9.432000000000000384e-01
9.787000000000000144e-01 9.436999999999999833e-01
9.788000000000000034e-01 9.445000000000000062e-01
9.784000000000000474e-01 9.436999999999999833e-01
9.775000000000000355e-01 9.443000000000000282e-01
9.769999999999999796e-01 9.433000000000000274e-01
9.762999999999999456e-01 9.444000000000000172e-01
9.760999999999999677e-01 9.435999999999999943e-01
9.758999999999999897e-01 9.439999999999999503e-01
9.755000000000000338e-01 9.435000000000000053e-01
9.745000000000000329e-01 9.444000000000000172e-01
9.747000000000000108e-01 9.435000000000000053e-01
9.745000000000000329e-01 9.434000000000000163e-01
9.740999999999999659e-01 9.437999999999999723e-01
9.738999999999999879e-01 9.437999999999999723e-01
9.729999999999999760e-01 9.458999999999999631e-01
9.727000000000000091e-01 9.465999999999999970e-01
9.721999999999999531e-01 9.445000000000000062e-01
9.720999999999999641e-01 9.456999999999999851e-01
9.718999999999999861e-01 9.455999999999999961e-01
9.713000000000000522e-01 9.455000000000000071e-01
9.711999999999999522e-01 9.454000000000000181e-01
9.707999999999999963e-01 9.446999999999999842e-01
9.709999999999999742e-01 9.445999999999999952e-01
9.707000000000000073e-01 9.474000000000000199e-01
9.699999999999999734e-01 9.468999999999999639e-01
9.691999999999999504e-01 9.453000000000000291e-01
9.687000000000000055e-01 9.454000000000000181e-01
9.688999999999999835e-01 9.457999999999999741e-01
9.687999999999999945e-01 9.452000000000000401e-01
9.680999999999999606e-01 9.447999999999999732e-01
9.678999999999999826e-01 9.455999999999999961e-01
9.669999999999999707e-01 9.448999999999999622e-01
9.673000000000000487e-01 9.461000000000000520e-01
9.667999999999999927e-01 9.462000000000000410e-01
9.658999999999999808e-01 9.455999999999999961e-01
9.656000000000000139e-01 9.446999999999999842e-01
9.657999999999999918e-01 9.438999999999999613e-01
9.656000000000000139e-01 9.445000000000000062e-01
9.650999999999999579e-01 9.459999999999999520e-01
9.655000000000000249e-01 9.439999999999999503e-01
9.644000000000000350e-01 9.459999999999999520e-01
9.647999999999999909e-01 9.463000000000000300e-01
9.637999999999999901e-01 9.473000000000000309e-01
9.637999999999999901e-01 9.461000000000000520e-01
9.634000000000000341e-01 9.485999999999999988e-01
9.627000000000000002e-01 9.482000000000000428e-01
9.623000000000000442e-01 9.477999999999999758e-01
9.616000000000000103e-01 9.479999999999999538e-01
9.612000000000000544e-01 9.484000000000000208e-01
9.606000000000000094e-01 9.472000000000000419e-01
9.609999999999999654e-01 9.486999999999999877e-01
9.605000000000000204e-01 9.482000000000000428e-01
9.599999999999999645e-01 9.502000000000000446e-01
9.596000000000000085e-01 9.495000000000000107e-01
9.598999999999999755e-01 9.496999999999999886e-01
9.589999999999999636e-01 9.495999999999999996e-01
9.579999999999999627e-01 9.494000000000000217e-01
9.587999999999999856e-01 9.503000000000000336e-01
9.582000000000000517e-01 9.493000000000000327e-01
9.580999999999999517e-01 9.497999999999999776e-01
9.578999999999999737e-01 9.488999999999999657e-01
9.576999999999999957e-01 9.491000000000000547e-01
9.569999999999999618e-01 9.497999999999999776e-01
9.567999999999999838e-01 9.488999999999999657e-01
9.567999999999999838e-01 9.491000000000000547e-01
9.567999999999999838e-01 9.498999999999999666e-01
9.556999999999999940e-01 9.514000000000000234e-01
9.556999999999999940e-01 9.526000000000000023e-01
9.553000000000000380e-01 9.519999999999999574e-01
9.552000000000000490e-01 9.519999999999999574e-01
9.550999999999999490e-01 9.522000000000000464e-01
9.550999999999999490e-01 9.512000000000000455e-01
9.549999999999999600e-01 9.510999999999999455e-01
9.546000000000000041e-01 9.510999999999999455e-01
9.550999999999999490e-01 9.506999999999999895e-01
9.547999999999999821e-01 9.506999999999999895e-01
9.549999999999999600e-01 9.506000000000000005e-01
9.549999999999999600e-01 9.515000000000000124e-01
9.549999999999999600e-01 9.510999999999999455e-01
9.546999999999999931e-01 9.515000000000000124e-01
9.546000000000000041e-01 9.506000000000000005e-01
9.544000000000000261e-01 9.516999999999999904e-01
9.546000000000000041e-01 9.514000000000000234e-01
9.548999999999999710e-01 9.515000000000000124e-01
9.539999999999999591e-01 9.498999999999999666e-01
9.539999999999999591e-01 9.496999999999999886e-01
9.538999999999999702e-01 9.496999999999999886e-01
9.537999999999999812e-01 9.502000000000000446e-01
9.538999999999999702e-01 9.506999999999999895e-01
9.537999999999999812e-01 9.506999999999999895e-01
9.537999999999999812e-01 9.492000000000000437e-01
9.528999999999999693e-01 9.506000000000000005e-01
9.523000000000000353e-01 9.493000000000000327e-01
9.526999999999999913e-01 9.495999999999999996e-01
9.527999999999999803e-01 9.486999999999999877e-01
9.533000000000000362e-01 9.495000000000000107e-01
9.529999999999999583e-01 9.495000000000000107e-01
9.529999999999999583e-01 9.486999999999999877e-01
9.527999999999999803e-01 9.477999999999999758e-01
9.527999999999999803e-01 9.484000000000000208e-01
9.526999999999999913e-01 9.492000000000000437e-01
9.525000000000000133e-01 9.482000000000000428e-01
9.525000000000000133e-01 9.492000000000000437e-01
9.524000000000000243e-01 9.492000000000000437e-01
9.522000000000000464e-01 9.492000000000000437e-01
9.524000000000000243e-01 9.497999999999999776e-01
9.523000000000000353e-01 9.500999999999999446e-01
9.523000000000000353e-01 9.505000000000000115e-01
9.520999999999999464e-01 9.503000000000000336e-01
9.518999999999999684e-01 9.507999999999999785e-01
9.520999999999999464e-01 9.505000000000000115e-01
9.520999999999999464e-01 9.487999999999999767e-01
9.516000000000000014e-01 9.488999999999999657e-01
9.516000000000000014e-01 9.492000000000000437e-01
9.524000000000000243e-01 9.502000000000000446e-01
9.523000000000000353e-01 9.495000000000000107e-01
9.524000000000000243e-01 9.491000000000000547e-01
9.524000000000000243e-01 9.483000000000000318e-01
9.525000000000000133e-01 9.473000000000000309e-01
9.526999999999999913e-01 9.468999999999999639e-01
9.525000000000000133e-01 9.475999999999999979e-01
9.525000000000000133e-01 9.486999999999999877e-01
9.519999999999999574e-01 9.483000000000000318e-01
9.517999999999999794e-01 9.481000000000000538e-01
9.518999999999999684e-01 9.475999999999999979e-01
9.517999999999999794e-01 9.483000000000000318e-01
9.516000000000000014e-01 9.475999999999999979e-01
9.515000000000000124e-01 9.477999999999999758e-01
9.514000000000000234e-01 9.477999999999999758e-01
9.514000000000000234e-01 9.469999999999999529e-01
9.516999999999999904e-01 9.472000000000000419e-01
9.516999999999999904e-01 9.464000000000000190e-01
9.515000000000000124e-01 9.471000000000000529e-01
9.513000000000000345e-01 9.476999999999999869e-01
9.518999999999999684e-01 9.481000000000000538e-01
9.518999999999999684e-01 9.475000000000000089e-01
9.513000000000000345e-01 9.468999999999999639e-01
9.513000000000000345e-01 9.477999999999999758e-01
9.514000000000000234e-01 9.479999999999999538e-01
9.516999999999999904e-01 9.481000000000000538e-01
9.517999999999999794e-01 9.475000000000000089e-01
9.515000000000000124e-01 9.472000000000000419e-01
9.518999999999999684e-01 9.458999999999999631e-01
9.518999999999999684e-01 9.474000000000000199e-01
9.522000000000000464e-01 9.468999999999999639e-01
9.520999999999999464e-01 9.465000000000000080e-01
9.518999999999999684e-01 9.459999999999999520e-01
9.518999999999999684e-01 9.451000000000000512e-01
9.517999999999999794e-01 9.455000000000000071e-01
9.519999999999999574e-01 9.471000000000000529e-01
9.515000000000000124e-01 9.467999999999999750e-01
9.515000000000000124e-01 9.459999999999999520e-01
9.516999999999999904e-01 9.472000000000000419e-01
9.509999999999999565e-01 9.479999999999999538e-01
9.516000000000000014e-01 9.489999999999999547e-01
9.516000000000000014e-01 9.479999999999999538e-01
9.513000000000000345e-01 9.477999999999999758e-01
9.516000000000000014e-01 9.477999999999999758e-01
9.513000000000000345e-01 9.483000000000000318e-01
9.517999999999999794e-01 9.484000000000000208e-01
9.518999999999999684e-01 9.471000000000000529e-01
9.517999999999999794e-01 9.475999999999999979e-01
9.517999999999999794e-01 9.467999999999999750e-01
9.517999999999999794e-01 9.465999999999999970e-01
9.515000000000000124e-01 9.452000000000000401e-01
9.510999999999999455e-01 9.448999999999999622e-01
9.514000000000000234e-01 9.457999999999999741e-01
9.514000000000000234e-01 9.451000000000000512e-01
9.514000000000000234e-01 9.457999999999999741e-01
9.513000000000000345e-01 9.462000000000000410e-01
9.516000000000000014e-01 9.469999999999999529e-01
9.518999999999999684e-01 9.478999999999999648e-01
9.520999999999999464e-01 9.482000000000000428e-01
9.517999999999999794e-01 9.476999999999999869e-01
9.516999999999999904e-01 9.464000000000000190e-01
9.517999999999999794e-01 9.457999999999999741e-01
9.517999999999999794e-01 9.455999999999999961e-01
9.516000000000000014e-01 9.465999999999999970e-01
9.514000000000000234e-01 9.464000000000000190e-01
9.514000000000000234e-01 9.462000000000000410e-01
9.517999999999999794e-01 9.469999999999999529e-01
9.520999999999999464e-01 9.458999999999999631e-01
9.517999999999999794e-01 9.471000000000000529e-01
9.515000000000000124e-01 9.459999999999999520e-01
9.516999999999999904e-01 9.472000000000000419e-01
9.517999999999999794e-01 9.462000000000000410e-01
9.513000000000000345e-01 9.458999999999999631e-01
9.513000000000000345e-01 9.472000000000000419e-01
9.512000000000000455e-01 9.465000000000000080e-01
9.512000000000000455e-01 9.469999999999999529e-01
9.514000000000000234e-01 9.475999999999999979e-01
9.513000000000000345e-01 9.483000000000000318e-01
9.519999999999999574e-01 9.479999999999999538e-01
9.519999999999999574e-01 9.475999999999999979e-01
9.518999999999999684e-01 9.465999999999999970e-01
9.515000000000000124e-01 9.471000000000000529e-01
9.517999999999999794e-01 9.449999999999999512e-01
9.516999999999999904e-01 9.461000000000000520e-01
9.518999999999999684e-01 9.468999999999999639e-01
9.516999999999999904e-01 9.471000000000000529e-01
9.514000000000000234e-01 9.467999999999999750e-01
9.510999999999999455e-01 9.465000000000000080e-01
9.513000000000000345e-01 9.464000000000000190e-01
9.513000000000000345e-01 9.473000000000000309e-01
9.516999999999999904e-01 9.462000000000000410e-01
9.516000000000000014e-01 9.455000000000000071e-01
9.517999999999999794e-01 9.466999999999999860e-01
9.515000000000000124e-01 9.472000000000000419e-01
9.516000000000000014e-01 9.475999999999999979e-01
9.516999999999999904e-01 9.465999999999999970e-01
9.515000000000000124e-01 9.463000000000000300e-01
9.514000000000000234e-01 9.463000000000000300e-01
9.516000000000000014e-01 9.469999999999999529e-01
9.515000000000000124e-01 9.464000000000000190e-01
9.514000000000000234e-01 9.474000000000000199e-01
9.515000000000000124e-01 9.473000000000000309e-01
9.510999999999999455e-01 9.463000000000000300e-01
9.510999999999999455e-01 9.465999999999999970e-01
9.509999999999999565e-01 9.464000000000000190e-01
9.512000000000000455e-01 9.476999999999999869e-01
9.513000000000000345e-01 9.489999999999999547e-01
9.506000000000000005e-01 9.488999999999999657e-01
9.506999999999999895e-01 9.487999999999999767e-01
9.506999999999999895e-01 9.473000000000000309e-01
9.507999999999999785e-01 9.478999999999999648e-01
9.508999999999999675e-01 9.476999999999999869e-01
9.507999999999999785e-01 9.478999999999999648e-01
9.506999999999999895e-01 9.465999999999999970e-01
9.504000000000000226e-01 9.482000000000000428e-01
9.502000000000000446e-01 9.475000000000000089e-01
9.506000000000000005e-01 9.482000000000000428e-01
9.508999999999999675e-01 9.485000000000000098e-01
9.508999999999999675e-01 9.476999999999999869e-01
9.513000000000000345e-01 9.482000000000000428e-01
9.513000000000000345e-01 9.472000000000000419e-01
9.508999999999999675e-01 9.469999999999999529e-01
9.509999999999999565e-01 9.474000000000000199e-01
9.508999999999999675e-01 9.465000000000000080e-01
9.506000000000000005e-01 9.469999999999999529e-01
9.507999999999999785e-01 9.466999999999999860e-01
9.507999999999999785e-01 9.475000000000000089e-01
9.506999999999999895e-01 9.491000000000000547e-01
9.512000000000000455e-01 9.477999999999999758e-01
9.509999999999999565e-01 9.467999999999999750e-01
9.512000000000000455e-01 9.471000000000000529e-01
9.509999999999999565e-01 9.458999999999999631e-01
9.509999999999999565e-01 9.463000000000000300e-01
9.510999999999999455e-01 9.451000000000000512e-01
9.514000000000000234e-01 9.462000000000000410e-01
9.510999999999999455e-01 9.463000000000000300e-01
9.508999999999999675e-01 9.475000000000000089e-01
9.512000000000000455e-01 9.483000000000000318e-01
9.510999999999999455e-01 9.483000000000000318e-01
9.506999999999999895e-01 9.476999999999999869e-01
9.507999999999999785e-01 9.467999999999999750e-01
9.507999999999999785e-01 9.468999999999999639e-01
9.506000000000000005e-01 9.478999999999999648e-01
9.506999999999999895e-01 9.465000000000000080e-01
9.506999999999999895e-01 9.482000000000000428e-01
9.506999999999999895e-01 9.477999999999999758e-01
9.505000000000000115e-01 9.482000000000000428e-01
9.505000000000000115e-01 9.473000000000000309e-01
9.504000000000000226e-01 9.468999999999999639e-01
9.502000000000000446e-01 9.484000000000000208e-01
9.502000000000000446e-01 9.491000000000000547e-01
9.503000000000000336e-01 9.491000000000000547e-01
9.498999999999999666e-01 9.483000000000000318e-01
9.495000000000000107e-01 9.491000000000000547e-01
9.497999999999999776e-01 9.486999999999999877e-01
9.500999999999999446e-01 9.481000000000000538e-01
9.502000000000000446e-01 9.485999999999999988e-01
9.500999999999999446e-01 9.486999999999999877e-01
9.498999999999999666e-01 9.483000000000000318e-01
9.499999999999999556e-01 9.478999999999999648e-01
9.499999999999999556e-01 9.478999999999999648e-01
9.502000000000000446e-01 9.474000000000000199e-01
9.503000000000000336e-01 9.474000000000000199e-01
9.502000000000000446e-01 9.468999999999999639e-01
9.505000000000000115e-01 9.475000000000000089e-01
9.505000000000000115e-01 9.478999999999999648e-01
9.503000000000000336e-01 9.485000000000000098e-01
9.502000000000000446e-01 9.487999999999999767e-01
9.504000000000000226e-01 9.484000000000000208e-01
9.503000000000000336e-01 9.485999999999999988e-01
9.506000000000000005e-01 9.491000000000000547e-01
9.506000000000000005e-01 9.487999999999999767e-01
9.506000000000000005e-01 9.486999999999999877e-01
9.505000000000000115e-01 9.484000000000000208e-01
9.503000000000000336e-01 9.485000000000000098e-01
9.505000000000000115e-01 9.484000000000000208e-01
9.504000000000000226e-01 9.482000000000000428e-01
9.506000000000000005e-01 9.487999999999999767e-01
9.504000000000000226e-01 9.486999999999999877e-01
9.504000000000000226e-01 9.487999999999999767e-01
9.499999999999999556e-01 9.489999999999999547e-01
9.500999999999999446e-01 9.492000000000000437e-01
9.500999999999999446e-01 9.487999999999999767e-01
9.499999999999999556e-01 9.483000000000000318e-01
9.500999999999999446e-01 9.481000000000000538e-01
9.502000000000000446e-01 9.479999999999999538e-01
9.497999999999999776e-01 9.481000000000000538e-01
9.499999999999999556e-01 9.488999999999999657e-01
9.496999999999999886e-01 9.483000000000000318e-01
9.500999999999999446e-01 9.484000000000000208e-01
9.500999999999999446e-01 9.494000000000000217e-01
9.500999999999999446e-01 9.485000000000000098e-01
9.495000000000000107e-01 9.479999999999999538e-01
9.493000000000000327e-01 9.476999999999999869e-01
9.494000000000000217e-01 9.463000000000000300e-01
9.488999999999999657e-01 9.471000000000000529e-01
9.488999999999999657e-01 9.471000000000000529e-01
9.487999999999999767e-01 9.471000000000000529e-01
9.491000000000000547e-01 9.482000000000000428e-01
9.489999999999999547e-01 9.487999999999999767e-01
9.489999999999999547e-01 9.489999999999999547e-01
9.492000000000000437e-01 9.489999999999999547e-01
9.492000000000000437e-01 9.492000000000000437e-01
9.489999999999999547e-01 9.497999999999999776e-01
9.491000000000000547e-01 9.500999999999999446e-01
9.493000000000000327e-01 9.493000000000000327e-01
9.492000000000000437e-01 9.503000000000000336e-01
9.492000000000000437e-01 9.504000000000000226e-01
9.489999999999999547e-01 9.497999999999999776e-01
9.487999999999999767e-01 9.504000000000000226e-01
9.488999999999999657e-01 9.495999999999999996e-01
9.487999999999999767e-01 9.488999999999999657e-01
9.488999999999999657e-01 9.492000000000000437e-01
9.489999999999999547e-01 9.489999999999999547e-01
9.487999999999999767e-01 9.495999999999999996e-01
9.486999999999999877e-01 9.482000000000000428e-01
9.489999999999999547e-01 9.487999999999999767e-01
9.489999999999999547e-01 9.482000000000000428e-01
9.489999999999999547e-01 9.485000000000000098e-01
9.485000000000000098e-01 9.496999999999999886e-01
9.485000000000000098e-01 9.495000000000000107e-01
9.485000000000000098e-01 9.498999999999999666e-01
9.485000000000000098e-01 9.504000000000000226e-01
9.482000000000000428e-01 9.497999999999999776e-01
9.482000000000000428e-01 9.498999999999999666e-01
9.482000000000000428e-01 9.503000000000000336e-01
9.482000000000000428e-01 9.506000000000000005e-01
9.485000000000000098e-01 9.495999999999999996e-01
9.484000000000000208e-01 9.496999999999999886e-01
9.482000000000000428e-01 9.500999999999999446e-01
9.479999999999999538e-01 9.504000000000000226e-01
9.481000000000000538e-01 9.494000000000000217e-01
9.482000000000000428e-01 9.488999999999999657e-01
9.481000000000000538e-01 9.488999999999999657e-01
9.483000000000000318e-01 9.486999999999999877e-01
9.481000000000000538e-01 9.498999999999999666e-01
9.483000000000000318e-01 9.495000000000000107e-01
9.479999999999999538e-01 9.499999999999999556e-01
9.482000000000000428e-01 9.493000000000000327e-01
9.481000000000000538e-01 9.499999999999999556e-01
9.483000000000000318e-01 9.479999999999999538e-01
9.482000000000000428e-01 9.491000000000000547e-01
9.484000000000000208e-01 9.495000000000000107e-01
9.482000000000000428e-01 9.504000000000000226e-01
9.484000000000000208e-01 9.500999999999999446e-01
9.482000000000000428e-01 9.500999999999999446e-01
9.483000000000000318e-01 9.498999999999999666e-01
9.482000000000000428e-01 9.506999999999999895e-01
9.482000000000000428e-01 9.506999999999999895e-01
9.484000000000000208e-01 9.497999999999999776e-01
9.482000000000000428e-01 9.506000000000000005e-01
9.481000000000000538e-01 9.502000000000000446e-01
9.481000000000000538e-01 9.502000000000000446e-01
9.481000000000000538e-01 9.497999999999999776e-01
9.479999999999999538e-01 9.489999999999999547e-01
9.478999999999999648e-01 9.486999999999999877e-01
9.477999999999999758e-01 9.475000000000000089e-01
9.479999999999999538e-01 9.491000000000000547e-01
9.478999999999999648e-01 9.486999999999999877e-01
9.479999999999999538e-01 9.485000000000000098e-01
9.478999999999999648e-01 9.488999999999999657e-01
9.477999999999999758e-01 9.485000000000000098e-01
9.476999999999999869e-01 9.489999999999999547e-01
9.477999999999999758e-01 9.485000000000000098e-01
9.477999999999999758e-01 9.483000000000000318e-01
9.475999999999999979e-01 9.483000000000000318e-01
9.475000000000000089e-01 9.481000000000000538e-01
9.475999999999999979e-01 9.482000000000000428e-01
9.475000000000000089e-01 9.478999999999999648e-01
9.475999999999999979e-01 9.483000000000000318e-01
9.474000000000000199e-01 9.475999999999999979e-01
9.474000000000000199e-01 9.484000000000000208e-01
9.475000000000000089e-01 9.476999999999999869e-01
9.476999999999999869e-01 9.497999999999999776e-01
9.476999999999999869e-01 9.496999999999999886e-01
9.475000000000000089e-01 9.499999999999999556e-01
9.474000000000000199e-01 9.497999999999999776e-01
9.475000000000000089e-01 9.505000000000000115e-01
9.476999999999999869e-01 9.504000000000000226e-01
9.479999999999999538e-01 9.495999999999999996e-01
9.475999999999999979e-01 9.495000000000000107e-01
9.477999999999999758e-01 9.500999999999999446e-01
9.475000000000000089e-01 9.492000000000000437e-01
9.473000000000000309e-01 9.495000000000000107e-01
9.473000000000000309e-01 9.491000000000000547e-01
9.471000000000000529e-01 9.488999999999999657e-01
9.471000000000000529e-01 9.485000000000000098e-01
9.475000000000000089e-01 9.486999999999999877e-01
9.474000000000000199e-01 9.485000000000000098e-01
9.473000000000000309e-01 9.493000000000000327e-01
9.471000000000000529e-01 9.495000000000000107e-01
9.468999999999999639e-01 9.489999999999999547e-01
9.471000000000000529e-01 9.500999999999999446e-01
9.474000000000000199e-01 9.503000000000000336e-01
9.473000000000000309e-01 9.498999999999999666e-01
9.475000000000000089e-01 9.509999999999999565e-01
9.474000000000000199e-01 9.506999999999999895e-01
9.473000000000000309e-01 9.500999999999999446e-01
9.474000000000000199e-01 9.504000000000000226e-01
9.472000000000000419e-01 9.498999999999999666e-01
9.472000000000000419e-01 9.495000000000000107e-01
9.472000000000000419e-01 9.499999999999999556e-01
9.469999999999999529e-01 9.495999999999999996e-01
9.471000000000000529e-01 9.502000000000000446e-01
9.467999999999999750e-01 9.505000000000000115e-01
9.468999999999999639e-01 9.502000000000000446e-01
9.471000000000000529e-01 9.493000000000000327e-01
9.474000000000000199e-01 9.495000000000000107e-01
9.474000000000000199e-01 9.493000000000000327e-01
9.471000000000000529e-01 9.495999999999999996e-01
9.472000000000000419e-01 9.507999999999999785e-01
9.469999999999999529e-01 9.505000000000000115e-01
9.467999999999999750e-01 9.516000000000000014e-01
9.469999999999999529e-01 9.516999999999999904e-01
9.469999999999999529e-01 9.510999999999999455e-01
9.474000000000000199e-01 9.508999999999999675e-01
9.474000000000000199e-01 9.512000000000000455e-01
9.474000000000000199e-01 9.513000000000000345e-01
9.471000000000000529e-01 9.499999999999999556e-01
9.469999999999999529e-01 9.508999999999999675e-01
9.474000000000000199e-01 9.508999999999999675e-01
9.473000000000000309e-01 9.507999999999999785e-01
9.471000000000000529e-01 9.506000000000000005e-01
9.473000000000000309e-01 9.510999999999999455e-01
9.474000000000000199e-01 9.516000000000000014e-01
9.475999999999999979e-01 9.516999999999999904e-01
9.474000000000000199e-01 9.515000000000000124e-01
9.473000000000000309e-01 9.516000000000000014e-01
9.472000000000000419e-01 9.516000000000000014e-01
9.471000000000000529e-01 9.526999999999999913e-01
9.473000000000000309e-01 9.522000000000000464e-01
9.468999999999999639e-01 9.516000000000000014e-01
9.469999999999999529e-01 9.513000000000000345e-01
9.467999999999999750e-01 9.514000000000000234e-01
9.465999999999999970e-01 9.504000000000000226e-01
9.466999999999999860e-01 9.504000000000000226e-01
9.467999999999999750e-01 9.499999999999999556e-01
9.467999999999999750e-01 9.488999999999999657e-01
9.465999999999999970e-01 9.497999999999999776e-01
9.467999999999999750e-01 9.495999999999999996e-01
9.466999999999999860e-01 9.496999999999999886e-01
9.465999999999999970e-01 9.486999999999999877e-01
9.465000000000000080e-01 9.494000000000000217e-01
9.461000000000000520e-01 9.506000000000000005e-01
9.459999999999999520e-01 9.513000000000000345e-01
9.463000000000000300e-01 9.517999999999999794e-01
9.464000000000000190e-01 9.508999999999999675e-01
9.463000000000000300e-01 9.515000000000000124e-01
9.462000000000000410e-01 9.515000000000000124e-01
9.461000000000000520e-01 9.507999999999999785e-01
9.463000000000000300e-01 9.503000000000000336e-01
9.461000000000000520e-01 9.497999999999999776e-01
9.459999999999999520e-01 9.502000000000000446e-01
9.464000000000000190e-01 9.503000000000000336e-01
9.464000000000000190e-01 9.510999999999999455e-01
9.465000000000000080e-01 9.506999999999999895e-01
9.464000000000000190e-01 9.508999999999999675e-01
9.463000000000000300e-01 9.509999999999999565e-01
9.465000000000000080e-01 9.500999999999999446e-01
9.464000000000000190e-01 9.509999999999999565e-01
9.462000000000000410e-01 9.507999999999999785e-01
9.463000000000000300e-01 9.506999999999999895e-01
9.463000000000000300e-01 9.510999999999999455e-01
9.461000000000000520e-01 9.514000000000000234e-01
9.461000000000000520e-01 9.507999999999999785e-01
9.463000000000000300e-01 9.504000000000000226e-01
9.463000000000000300e-01 9.506999999999999895e-01
9.464000000000000190e-01 9.509999999999999565e-01
9.465000000000000080e-01 9.505000000000000115e-01
9.463000000000000300e-01 9.516000000000000014e-01
9.464000000000000190e-01 9.507999999999999785e-01
9.464000000000000190e-01 9.500999999999999446e-01
9.464000000000000190e-01 9.495000000000000107e-01
9.465000000000000080e-01 9.506000000000000005e-01
9.465999999999999970e-01 9.499999999999999556e-01
9.464000000000000190e-01 9.506999999999999895e-01
9.463000000000000300e-01 9.507999999999999785e-01
9.464000000000000190e-01 9.509999999999999565e-01
9.464000000000000190e-01 9.514000000000000234e-01
9.464000000000000190e-01 9.513000000000000345e-01
9.461000000000000520e-01 9.513000000000000345e-01
9.463000000000000300e-01 9.514000000000000234e-01
9.463000000000000300e-01 9.510999999999999455e-01
9.465000000000000080e-01 9.515000000000000124e-01
9.465000000000000080e-01 9.504000000000000226e-01
9.464000000000000190e-01 9.508999999999999675e-01
9.464000000000000190e-01 9.503000000000000336e-01
9.465000000000000080e-01 9.499999999999999556e-01
9.462000000000000410e-01 9.507999999999999785e-01
9.459999999999999520e-01 9.510999999999999455e-01
9.459999999999999520e-01 9.503000000000000336e-01
9.458999999999999631e-01 9.500999999999999446e-01
9.461000000000000520e-01 9.500999999999999446e-01
9.461000000000000520e-01 9.500999999999999446e-01
9.461000000000000520e-01 9.495000000000000107e-01
9.462000000000000410e-01 9.504000000000000226e-01
9.462000000000000410e-01 9.497999999999999776e-01
9.455999999999999961e-01 9.515000000000000124e-01
9.455000000000000071e-01 9.506999999999999895e-01
9.455000000000000071e-01 9.499999999999999556e-01
9.455000000000000071e-01 9.495999999999999996e-01
9.455000000000000071e-01 9.492000000000000437e-01
9.454000000000000181e-01 9.498999999999999666e-01
9.453000000000000291e-01 9.498999999999999666e-01
9.447999999999999732e-01 9.504000000000000226e-01
9.451000000000000512e-01 9.508999999999999675e-01
9.451000000000000512e-01 9.502000000000000446e-01
9.449999999999999512e-01 9.495999999999999996e-01
9.453000000000000291e-01 9.495999999999999996e-01
9.454000000000000181e-01 9.499999999999999556e-01
9.456999999999999851e-01 9.505000000000000115e-01
9.455000000000000071e-01 9.516000000000000014e-01
9.456999999999999851e-01 9.506000000000000005e-01
9.454000000000000181e-01 9.514000000000000234e-01
9.453000000000000291e-01 9.509999999999999565e-01
9.454000000000000181e-01 9.513000000000000345e-01
9.455000000000000071e-01 9.508999999999999675e-01
9.452000000000000401e-01 9.506999999999999895e-01
9.452000000000000401e-01 9.495999999999999996e-01
9.448999999999999622e-01 9.506999999999999895e-01
9.449999999999999512e-01 9.502000000000000446e-01
9.448999999999999622e-01 9.507999999999999785e-01
9.446999999999999842e-01 9.505000000000000115e-01
9.448999999999999622e-01 9.513000000000000345e-01
9.448999999999999622e-01 9.504000000000000226e-01
9.447999999999999732e-01 9.502000000000000446e-01
9.445999999999999952e-01 9.498999999999999666e-01
9.446999999999999842e-01 9.496999999999999886e-01
9.444000000000000172e-01 9.499999999999999556e-01
9.445999999999999952e-01 9.503000000000000336e-01
9.444000000000000172e-01 9.502000000000000446e-01
9.441000000000000503e-01 9.500999999999999446e-01
9.441000000000000503e-01 9.509999999999999565e-01
9.441000000000000503e-01 9.503000000000000336e-01
9.441000000000000503e-01 9.498999999999999666e-01
9.442000000000000393e-01 9.499999999999999556e-01
9.443000000000000282e-01 9.502000000000000446e-01
9.444000000000000172e-01 9.491000000000000547e-01
9.446999999999999842e-01 9.493000000000000327e-01
9.445000000000000062e-01 9.489999999999999547e-01
9.445999999999999952e-01 9.484000000000000208e-01
9.446999999999999842e-01 9.485999999999999988e-01
9.446999999999999842e-01 9.484000000000000208e-01
9.445999999999999952e-01 9.483000000000000318e-01
9.445000000000000062e-01 9.483000000000000318e-01
9.445999999999999952e-01 9.479999999999999538e-01
9.445000000000000062e-01 9.483000000000000318e-01
9.445999999999999952e-01 9.483000000000000318e-01
9.445999999999999952e-01 9.486999999999999877e-01
9.443000000000000282e-01 9.476999999999999869e-01
9.443000000000000282e-01 9.477999999999999758e-01
9.445999999999999952e-01 9.476999999999999869e-01
9.445999999999999952e-01 9.487999999999999767e-01
9.446999999999999842e-01 9.485999999999999988e-01
9.448999999999999622e-01 9.477999999999999758e-01
9.449999999999999512e-01 9.486999999999999877e-01
9.448999999999999622e-01 9.478999999999999648e-01
9.449999999999999512e-01 9.481000000000000538e-01
9.452000000000000401e-01 9.478999999999999648e-01
9.448999999999999622e-01 9.476999999999999869e-01
9.448999999999999622e-01 9.484000000000000208e-01
9.451000000000000512e-01 9.487999999999999767e-01
9.449999999999999512e-01 9.478999999999999648e-01
9.451000000000000512e-01 9.482000000000000428e-01
9.448999999999999622e-01 9.485000000000000098e-01
9.449999999999999512e-01 9.486999999999999877e-01
9.449999999999999512e-01 9.485999999999999988e-01
9.451000000000000512e-01 9.479999999999999538e-01
9.451000000000000512e-01 9.486999999999999877e-01
9.451000000000000512e-01 9.492000000000000437e-01
9.448999999999999622e-01 9.495999999999999996e-01
9.449999999999999512e-01 9.496999999999999886e-01
9.455000000000000071e-01 9.495000000000000107e-01
9.453000000000000291e-01 9.493000000000000327e-01
9.449999999999999512e-01 9.492000000000000437e-01
9.447999999999999732e-01 9.485999999999999988e-01
9.445999999999999952e-01 9.491000000000000547e-01
9.446999999999999842e-01 9.497999999999999776e-01
9.451000000000000512e-01 9.492000000000000437e-01
9.447999999999999732e-01 9.479999999999999538e-01
9.449999999999999512e-01 9.486999999999999877e-01
9.448999999999999622e-01 9.481000000000000538e-01
9.449999999999999512e-01 9.487999999999999767e-01
9.451000000000000512e-01 9.485000000000000098e-01
9.451000000000000512e-01 9.477999999999999758e-01
9.453000000000000291e-01 9.484000000000000208e-01
9.449999999999999512e-01 9.488999999999999657e-01
9.454000000000000181e-01 9.489999999999999547e-01
9.453000000000000291e-01 9.491000000000000547e-01
9.454000000000000181e-01 9.488999999999999657e-01
9.453000000000000291e-01 9.494000000000000217e-01
9.452000000000000401e-01 9.492000000000000437e-01
9.452000000000000401e-01 9.493000000000000327e-01
9.452000000000000401e-01 9.485000000000000098e-01
9.447999999999999732e-01 9.489999999999999547e-01
9.446999999999999842e-01 9.486999999999999877e-01
9.445999999999999952e-01 9.477999999999999758e-01
9.446999999999999842e-01 9.477999999999999758e-01
9.446999999999999842e-01 9.483000000000000318e-01
9.445999999999999952e-01 9.473000000000000309e-01
9.446999999999999842e-01 9.484000000000000208e-01
9.447999999999999732e-01 9.479999999999999538e-01
9.447999999999999732e-01 9.494000000000000217e-01
9.448999999999999622e-01 9.492000000000000437e-01
9.449999999999999512e-01 9.491000000000000547e-01
9.449999999999999512e-01 9.485000000000000098e-01
9.453000000000000291e-01 9.486999999999999877e-01
9.447999999999999732e-01 9.489999999999999547e-01
9.446999999999999842e-01 9.491000000000000547e-01
9.445000000000000062e-01 9.484000000000000208e-01
9.445000000000000062e-01 9.483000000000000318e-01
9.446999999999999842e-01 9.486999999999999877e-01
9.445999999999999952e-01 9.479999999999999538e-01
9.445999999999999952e-01 9.482000000000000428e-01
9.444000000000000172e-01 9.483000000000000318e-01
9.443000000000000282e-01 9.484000000000000208e-01
9.441000000000000503e-01 9.487999999999999767e-01
9.441000000000000503e-01 9.493000000000000327e-01
9.443000000000000282e-01 9.489999999999999547e-01
9.444000000000000172e-01 9.495000000000000107e-01
9.442000000000000393e-01 9.506000000000000005e-01
9.443000000000000282e-01 9.498999999999999666e-01
9.443000000000000282e-01 9.496999999999999886e-01
9.443000000000000282e-01 9.492000000000000437e-01
9.444000000000000172e-01 9.494000000000000217e-01
9.441000000000000503e-01 9.495999999999999996e-01
9.445999999999999952e-01 9.491000000000000547e-01
9.445000000000000062e-01 9.489999999999999547e-01
9.445000000000000062e-01 9.486999999999999877e-01
9.445000000000000062e-01 9.497999999999999776e-01
9.445000000000000062e-01 9.503000000000000336e-01
9.448999999999999622e-01 9.496999999999999886e-01
9.448999999999999622e-01 9.496999999999999886e-01
9.447999999999999732e-01 9.498999999999999666e-01
9.446999999999999842e-01 9.494000000000000217e-01
9.444000000000000172e-01 9.494000000000000217e-01
9.445000000000000062e-01 9.495999999999999996e-01
9.443000000000000282e-01 9.493000000000000327e-01
9.444000000000000172e-01 9.488999999999999657e-01
9.446999999999999842e-01 9.494000000000000217e-01
9.445000000000000062e-01 9.497999999999999776e-01
9.444000000000000172e-01 9.495000000000000107e-01
9.444000000000000172e-01 9.506999999999999895e-01
9.445000000000000062e-01 9.502000000000000446e-01
9.445000000000000062e-01 9.496999999999999886e-01
9.445000000000000062e-01 9.502000000000000446e-01
9.445999999999999952e-01 9.504000000000000226e-01
9.445000000000000062e-01 9.500999999999999446e-01
9.445000000000000062e-01 9.497999999999999776e-01
9.444000000000000172e-01 9.493000000000000327e-01
9.443000000000000282e-01 9.491000000000000547e-01
9.443000000000000282e-01 9.493000000000000327e-01
9.441000000000000503e-01 9.499999999999999556e-01
9.437999999999999723e-01 9.500999999999999446e-01
9.438999999999999613e-01 9.491000000000000547e-01
9.437999999999999723e-01 9.495000000000000107e-01
9.436999999999999833e-01 9.496999999999999886e-01
9.435999999999999943e-01 9.494000000000000217e-01
9.436999999999999833e-01 9.493000000000000327e-01
9.436999999999999833e-01 9.495999999999999996e-01
9.436999999999999833e-01 9.499999999999999556e-01
9.437999999999999723e-01 9.500999999999999446e-01
9.433000000000000274e-01 9.495000000000000107e-01
9.432000000000000384e-01 9.494000000000000217e-01
9.429999999999999494e-01 9.493000000000000327e-01
9.432000000000000384e-01 9.493000000000000327e-01
9.429999999999999494e-01 9.491000000000000547e-01
9.431000000000000494e-01 9.485000000000000098e-01
9.429999999999999494e-01 9.486999999999999877e-01
9.429999999999999494e-01 9.482000000000000428e-01
9.427999999999999714e-01 9.486999999999999877e-01
9.427999999999999714e-01 9.488999999999999657e-01
9.427999999999999714e-01 9.492000000000000437e-01
9.425999999999999934e-01 9.491000000000000547e-01
9.426999999999999824e-01 9.497999999999999776e-01
9.426999999999999824e-01 9.495999999999999996e-01
9.425999999999999934e-01 9.492000000000000437e-01
9.426999999999999824e-01 9.500999999999999446e-01
9.425999999999999934e-01 9.508999999999999675e-01
9.428999999999999604e-01 9.493000000000000327e-01
9.429999999999999494e-01 9.502000000000000446e-01
9.429999999999999494e-01 9.491000000000000547e-01
9.425999999999999934e-01 9.492000000000000437e-01
9.427999999999999714e-01 9.503000000000000336e-01
9.428999999999999604e-01 9.499999999999999556e-01
9.428999999999999604e-01 9.502000000000000446e-01
9.426999999999999824e-01 9.500999999999999446e-01
9.427999999999999714e-01 9.498999999999999666e-01
9.425999999999999934e-01 9.495999999999999996e-01
9.425999999999999934e-01 9.508999999999999675e-01
9.426999999999999824e-01 9.507999999999999785e-01
9.425999999999999934e-01 9.505000000000000115e-01
9.425000000000000044e-01 9.504000000000000226e-01
9.423000000000000265e-01 9.503000000000000336e-01
9.425000000000000044e-01 9.506999999999999895e-01
9.425999999999999934e-01 9.500999999999999446e-01
9.425000000000000044e-01 9.506000000000000005e-01
9.423000000000000265e-01 9.502000000000000446e-01
9.422000000000000375e-01 9.498999999999999666e-01
9.423000000000000265e-01 9.505000000000000115e-01
9.422000000000000375e-01 9.502000000000000446e-01
9.425000000000000044e-01 9.499999999999999556e-01
9.425000000000000044e-01 9.503000000000000336e-01
9.424000000000000155e-01 9.509999999999999565e-01
9.422000000000000375e-01 9.513000000000000345e-01
9.423000000000000265e-01 9.506999999999999895e-01
9.421000000000000485e-01 9.509999999999999565e-01
9.421000000000000485e-01 9.505000000000000115e-01
9.421000000000000485e-01 9.507999999999999785e-01
9.421000000000000485e-01 9.505000000000000115e-01
9.421000000000000485e-01 9.505000000000000115e-01
9.419999999999999485e-01 9.504000000000000226e-01
9.422000000000000375e-01 9.513000000000000345e-01
9.423000000000000265e-01 9.513000000000000345e-01
9.422000000000000375e-01 9.507999999999999785e-01
9.422000000000000375e-01 9.500999999999999446e-01
9.421000000000000485e-01 9.500999999999999446e-01
9.419999999999999485e-01 9.503000000000000336e-01
9.419999999999999485e-01 9.487999999999999767e-01
9.421000000000000485e-01 9.503000000000000336e-01
9.422000000000000375e-01 9.500999999999999446e-01
9.419999999999999485e-01 9.509999999999999565e-01
9.418999999999999595e-01 9.500999999999999446e-01
9.418999999999999595e-01 9.491000000000000547e-01
9.416999999999999815e-01 9.491000000000000547e-01
9.417999999999999705e-01 9.491000000000000547e-01
9.417999999999999705e-01 9.487999999999999767e-01
9.415999999999999925e-01 9.496999999999999886e-01
9.417999999999999705e-01 9.491000000000000547e-01
9.418999999999999595e-01 9.489999999999999547e-01
9.418999999999999595e-01 9.491000000000000547e-01
9.417999999999999705e-01 9.493000000000000327e-01
9.415999999999999925e-01 9.484000000000000208e-01
9.418999999999999595e-01 9.481000000000000538e-01
9.417999999999999705e-01 9.486999999999999877e-01
9.415999999999999925e-01 9.483000000000000318e-01
9.415999999999999925e-01 9.483000000000000318e-01
9.415999999999999925e-01 9.488999999999999657e-01
9.416999999999999815e-01 9.483000000000000318e-01
9.416999999999999815e-01 9.494000000000000217e-01
9.416999999999999815e-01 9.492000000000000437e-01
9.417999999999999705e-01 9.489999999999999547e-01
9.418999999999999595e-01 9.491000000000000547e-01
9.418999999999999595e-01 9.495999999999999996e-01
9.418999999999999595e-01 9.494000000000000217e-01
9.417999999999999705e-01 9.488999999999999657e-01
9.418999999999999595e-01 9.485000000000000098e-01
9.419999999999999485e-01 9.497999999999999776e-01
9.419999999999999485e-01 9.502000000000000446e-01
9.419999999999999485e-01 9.496999999999999886e-01
9.419999999999999485e-01 9.492000000000000437e-01
9.419999999999999485e-01 9.499999999999999556e-01
9.422000000000000375e-01 9.502000000000000446e-01
9.419999999999999485e-01 9.491000000000000547e-01
9.421000000000000485e-01 9.495999999999999996e-01
9.418999999999999595e-01 9.498999999999999666e-01
9.417999999999999705e-01 9.506000000000000005e-01
9.421000000000000485e-01 9.509999999999999565e-01
9.422000000000000375e-01 9.507999999999999785e-01
9.422000000000000375e-01 9.506000000000000005e-01
9.422000000000000375e-01 9.498999999999999666e-01
9.422000000000000375e-01 9.517999999999999794e-01
9.421000000000000485e-01 9.506000000000000005e-01
9.422000000000000375e-01 9.507999999999999785e-01
9.421000000000000485e-01 9.495999999999999996e-01
9.422000000000000375e-01 9.510999999999999455e-01
9.421000000000000485e-01 9.506999999999999895e-01
9.422000000000000375e-01 9.507999999999999785e-01
9.421000000000000485e-01 9.505000000000000115e-01
9.419999999999999485e-01 9.504000000000000226e-01
9.421000000000000485e-01 9.498999999999999666e-01
9.424000000000000155e-01 9.500999999999999446e-01
9.424000000000000155e-01 9.502000000000000446e-01
9.424000000000000155e-01 9.495999999999999996e-01
9.425999999999999934e-01 9.494000000000000217e-01
9.423000000000000265e-01 9.489999999999999547e-01
9.422000000000000375e-01 9.499999999999999556e-01
9.424000000000000155e-01 9.496999999999999886e-01
9.423000000000000265e-01 9.494000000000000217e-01
9.421000000000000485e-01 9.510999999999999455e-01
9.423000000000000265e-01 9.512000000000000455e-01
9.422000000000000375e-01 9.512000000000000455e-01
9.421000000000000485e-01 9.516000000000000014e-01
9.422000000000000375e-01 9.508999999999999675e-01
9.425000000000000044e-01 9.507999999999999785e-01
9.424000000000000155e-01 9.506000000000000005e-01
9.423000000000000265e-01 9.510999999999999455e-01
9.424000000000000155e-01 9.502000000000000446e-01
9.424000000000000155e-01 9.506000000000000005e-01
9.425000000000000044e-01 9.500999999999999446e-01
9.424000000000000155e-01 9.504000000000000226e-01
9.426999999999999824e-01 9.503000000000000336e-01
9.426999999999999824e-01 9.497999999999999776e-01
9.425000000000000044e-01 9.494000000000000217e-01
9.425000000000000044e-01 9.489999999999999547e-01
9.424000000000000155e-01 9.484000000000000208e-01
9.423000000000000265e-01 9.491000000000000547e-01
9.423000000000000265e-01 9.492000000000000437e-01
9.425000000000000044e-01 9.485000000000000098e-01
9.424000000000000155e-01 9.481000000000000538e-01
9.424000000000000155e-01 9.486999999999999877e-01
9.425000000000000044e-01 9.487999999999999767e-01
9.423000000000000265e-01 9.479999999999999538e-01
9.422000000000000375e-01 9.485000000000000098e-01
9.422000000000000375e-01 9.487999999999999767e-01
9.422000000000000375e-01 9.478999999999999648e-01
9.422000000000000375e-01 9.479999999999999538e-01
9.416999999999999815e-01 9.495999999999999996e-01
9.417999999999999705e-01 9.495000000000000107e-01
9.415999999999999925e-01 9.491000000000000547e-01
9.416999999999999815e-01 9.487999999999999767e-01
9.414000000000000146e-01 9.494000000000000217e-01
9.413000000000000256e-01 9.495999999999999996e-01
9.414000000000000146e-01 9.494000000000000217e-01
9.414000000000000146e-01 9.493000000000000327e-01
9.413000000000000256e-01 9.492000000000000437e-01
9.412000000000000366e-01 9.505000000000000115e-01
9.412000000000000366e-01 9.497999999999999776e-01
9.415000000000000036e-01 9.500999999999999446e-01
9.415999999999999925e-01 9.500999999999999446e-01
9.414000000000000146e-01 9.498999999999999666e-01
9.414000000000000146e-01 9.500999999999999446e-01
9.412000000000000366e-01 9.502000000000000446e-01
9.414000000000000146e-01 9.505000000000000115e-01
9.413000000000000256e-01 9.494000000000000217e-01
9.413000000000000256e-01 9.505000000000000115e-01
9.411000000000000476e-01 9.506000000000000005e-01
9.413000000000000256e-01 9.500999999999999446e-01
9.415000000000000036e-01 9.492000000000000437e-01
9.415999999999999925e-01 9.496999999999999886e-01
9.415000000000000036e-01 9.500999999999999446e-01
9.414000000000000146e-01 9.500999999999999446e-01
9.415000000000000036e-01 9.516000000000000014e-01
9.415999999999999925e-01 9.506999999999999895e-01
9.416999999999999815e-01 9.505000000000000115e-01
9.415999999999999925e-01 9.497999999999999776e-01
9.416999999999999815e-01 9.487999999999999767e-01
9.416999999999999815e-01 9.485999999999999988e-01
9.417999999999999705e-01 9.476999999999999869e-01
9.417999999999999705e-01 9.483000000000000318e-01
9.418999999999999595e-01 9.484000000000000208e-01
9.415999999999999925e-01 9.476999999999999869e-01
9.415999999999999925e-01 9.479999999999999538e-01
9.418999999999999595e-01 9.474000000000000199e-01
9.419999999999999485e-01 9.475999999999999979e-01
9.421000000000000485e-01 9.481000000000000538e-01
9.421000000000000485e-01 9.483000000000000318e-01
9.421000000000000485e-01 9.489999999999999547e-01
9.421000000000000485e-01 9.481000000000000538e-01
9.419999999999999485e-01 9.471000000000000529e-01
9.421000000000000485e-01 9.476999999999999869e-01
9.419999999999999485e-01 9.478999999999999648e-01
9.421000000000000485e-01 9.475999999999999979e-01
9.421000000000000485e-01 9.479999999999999538e-01
9.423000000000000265e-01 9.484000000000000208e-01
9.421000000000000485e-01 9.481000000000000538e-01
9.423000000000000265e-01 9.492000000000000437e-01
9.423000000000000265e-01 9.496999999999999886e-01
9.421000000000000485e-01 9.495999999999999996e-01
9.422000000000000375e-01 9.503000000000000336e-01
9.423000000000000265e-01 9.486999999999999877e-01
9.424000000000000155e-01 9.488999999999999657e-01
9.423000000000000265e-01 9.487999999999999767e-01
9.422000000000000375e-01 9.492000000000000437e-01
9.421000000000000485e-01 9.495999999999999996e-01
9.422000000000000375e-01 9.486999999999999877e-01
9.419999999999999485e-01 9.493000000000000327e-01
9.421000000000000485e-01 9.497999999999999776e-01
9.418999999999999595e-01 9.488999999999999657e-01
9.418999999999999595e-01 9.485999999999999988e-01
9.417999999999999705e-01 9.479999999999999538e-01
9.415999999999999925e-01 9.476999999999999869e-01
9.415000000000000036e-01 9.483000000000000318e-01
9.415999999999999925e-01 9.471000000000000529e-01
9.415000000000000036e-01 9.473000000000000309e-01
9.415999999999999925e-01 9.475000000000000089e-01
9.415999999999999925e-01 9.479999999999999538e-01
9.417999999999999705e-01 9.479999999999999538e-01
9.418999999999999595e-01 9.477999999999999758e-01
9.416999999999999815e-01 9.475999999999999979e-01
9.415999999999999925e-01 9.487999999999999767e-01
9.417999999999999705e-01 9.487999999999999767e-01
9.417999999999999705e-01 9.483000000000000318e-01
9.417999999999999705e-01 9.475999999999999979e-01
9.417999999999999705e-01 9.475000000000000089e-01
9.418999999999999595e-01 9.475000000000000089e-01
9.417999999999999705e-01 9.475999999999999979e-01
9.417999999999999705e-01 9.477999999999999758e-01
9.418999999999999595e-01 9.485999999999999988e-01
9.421000000000000485e-01 9.479999999999999538e-01
9.422000000000000375e-01 9.485999999999999988e-01
9.419999999999999485e-01 9.479999999999999538e-01
9.422000000000000375e-01 9.474000000000000199e-01
9.419999999999999485e-01 9.479999999999999538e-01
9.418999999999999595e-01 9.474000000000000199e-01
9.424000000000000155e-01 9.473000000000000309e-01
9.423000000000000265e-01 9.485999999999999988e-01
9.419999999999999485e-01 9.481000000000000538e-01
9.421000000000000485e-01 9.485000000000000098e-01
9.423000000000000265e-01 9.485999999999999988e-01
9.423000000000000265e-01 9.482000000000000428e-01
9.422000000000000375e-01 9.478999999999999648e-01
9.422000000000000375e-01 9.468999999999999639e-01
9.425000000000000044e-01 9.475000000000000089e-01
9.425000000000000044e-01 9.474000000000000199e-01
9.424000000000000155e-01 9.469999999999999529e-01
9.424000000000000155e-01 9.472000000000000419e-01
9.424000000000000155e-01 9.481000000000000538e-01
9.424000000000000155e-01 9.475999999999999979e-01
9.424000000000000155e-01 9.476999999999999869e-01
9.424000000000000155e-01 9.468999999999999639e-01
9.423000000000000265e-01 9.472000000000000419e-01
9.424000000000000155e-01 9.475999999999999979e-01
9.421000000000000485e-01 9.488999999999999657e-01
9.421000000000000485e-01 9.495999999999999996e-01
9.421000000000000485e-01 9.491000000000000547e-01
9.421000000000000485e-01 9.483000000000000318e-01
9.421000000000000485e-01 9.475999999999999979e-01
9.421000000000000485e-01 9.483000000000000318e-01
9.419999999999999485e-01 9.485000000000000098e-01
9.417999999999999705e-01 9.478999999999999648e-01
9.418999999999999595e-01 9.481000000000000538e-01
9.418999999999999595e-01 9.485999999999999988e-01
9.417999999999999705e-01 9.484000000000000208e-01
9.417999999999999705e-01 9.485999999999999988e-01
9.418999999999999595e-01 9.489999999999999547e-01
9.419999999999999485e-01 9.486999999999999877e-01
9.417999999999999705e-01 9.486999999999999877e-01
9.416999999999999815e-01 9.486999999999999877e-01
9.417999999999999705e-01 9.494000000000000217e-01
9.416999999999999815e-01 9.476999999999999869e-01
9.416999999999999815e-01 9.485999999999999988e-01
9.415999999999999925e-01 9.475999999999999979e-01
9.417999999999999705e-01 9.474000000000000199e-01
9.417999999999999705e-01 9.482000000000000428e-01
9.417999999999999705e-01 9.466999999999999860e-01
9.417999999999999705e-01 9.464000000000000190e-01
9.418999999999999595e-01 9.465000000000000080e-01
9.419999999999999485e-01 9.476999999999999869e-01
9.421000000000000485e-01 9.478999999999999648e-01
9.419999999999999485e-01 9.472000000000000419e-01
9.419999999999999485e-01 9.465000000000000080e-01
9.419999999999999485e-01 9.467999999999999750e-01
9.419999999999999485e-01 9.468999999999999639e-01
9.417999999999999705e-01 9.469999999999999529e-01
9.418999999999999595e-01 9.473000000000000309e-01
9.418999999999999595e-01 9.475999999999999979e-01
9.421000000000000485e-01 9.484000000000000208e-01
9.421000000000000485e-01 9.471000000000000529e-01
9.419999999999999485e-01 9.475999999999999979e-01
9.417999999999999705e-01 9.469999999999999529e-01
9.416999999999999815e-01 9.484000000000000208e-01
9.415000000000000036e-01 9.485000000000000098e-01
9.414000000000000146e-01 9.485999999999999988e-01
9.415000000000000036e-01 9.487999999999999767e-01
9.415000000000000036e-01 9.484000000000000208e-01
9.415000000000000036e-01 9.483000000000000318e-01
9.415000000000000036e-01 9.482000000000000428e-01
9.414000000000000146e-01 9.487999999999999767e-01
9.414000000000000146e-01 9.479999999999999538e-01
9.414000000000000146e-01 9.489999999999999547e-01
9.414000000000000146e-01 9.485999999999999988e-01
9.414000000000000146e-01 9.479999999999999538e-01
9.415000000000000036e-01 9.475999999999999979e-01
9.413000000000000256e-01 9.479999999999999538e-01
9.412000000000000366e-01 9.486999999999999877e-01
9.412000000000000366e-01 9.493000000000000327e-01
9.413000000000000256e-01 9.485999999999999988e-01
9.413000000000000256e-01 9.486999999999999877e-01
9.412000000000000366e-01 9.485000000000000098e-01
9.412000000000000366e-01 9.487999999999999767e-01
9.412000000000000366e-01 9.488999999999999657e-01
9.411000000000000476e-01 9.485999999999999988e-01
9.412000000000000366e-01 9.491000000000000547e-01
9.412000000000000366e-01 9.498999999999999666e-01
9.413000000000000256e-01 9.498999999999999666e-01
9.413000000000000256e-01 9.496999999999999886e-01
9.414000000000000146e-01 9.487999999999999767e-01
9.415000000000000036e-01 9.496999999999999886e-01
9.414000000000000146e-01 9.491000000000000547e-01
9.414000000000000146e-01 9.506999999999999895e-01
9.413000000000000256e-01 9.506999999999999895e-01
9.414000000000000146e-01 9.498999999999999666e-01
9.416999999999999815e-01 9.494000000000000217e-01
9.415000000000000036e-01 9.495999999999999996e-01
9.415000000000000036e-01 9.495999999999999996e-01
9.415000000000000036e-01 9.494000000000000217e-01
9.415999999999999925e-01 9.497999999999999776e-01
9.417999999999999705e-01 9.495000000000000107e-01
9.416999999999999815e-01 9.497999999999999776e-01
9.415999999999999925e-01 9.500999999999999446e-01
9.416999999999999815e-01 9.499999999999999556e-01
9.417999999999999705e-01 9.494000000000000217e-01
9.415999999999999925e-01 9.497999999999999776e-01
9.415999999999999925e-01 9.507999999999999785e-01
9.416999999999999815e-01 9.506000000000000005e-01
9.416999999999999815e-01 9.502000000000000446e-01
9.417999999999999705e-01 9.506999999999999895e-01
9.417999999999999705e-01 9.504000000000000226e-01
9.416999999999999815e-01 9.500999999999999446e-01
9.417999999999999705e-01 9.510999999999999455e-01
9.418999999999999595e-01 9.507999999999999785e-01
9.418999999999999595e-01 9.495000000000000107e-01
9.418999999999999595e-01 9.505000000000000115e-01
9.418999999999999595e-01 9.502000000000000446e-01
9.418999999999999595e-01 9.503000000000000336e-01
9.418999999999999595e-01 9.503000000000000336e-01
9.418999999999999595e-01 9.493000000000000327e-01
9.417999999999999705e-01 9.484000000000000208e-01
9.416999999999999815e-01 9.489999999999999547e-01
9.416999999999999815e-01 9.491000000000000547e-01
9.415999999999999925e-01 9.498999999999999666e-01
9.416999999999999815e-01 9.495999999999999996e-01
9.415999999999999925e-01 9.488999999999999657e-01
9.416999999999999815e-01 9.492000000000000437e-01
9.415999999999999925e-01 9.485000000000000098e-01
9.415999999999999925e-01 9.487999999999999767e-01
9.415999999999999925e-01 9.493000000000000327e-01
9.415999999999999925e-01 9.495999999999999996e-01
9.415999999999999925e-01 9.485000000000000098e-01
9.415000000000000036e-01 9.505000000000000115e-01
9.413000000000000256e-01 9.502000000000000446e-01
9.415000000000000036e-01 9.492000000000000437e-01
9.415000000000000036e-01 9.499999999999999556e-01
9.415000000000000036e-01 9.495000000000000107e-01
9.414000000000000146e-01 9.498999999999999666e-01
9.412000000000000366e-01 9.505000000000000115e-01
9.413000000000000256e-01 9.500999999999999446e-01
9.414000000000000146e-01 9.503000000000000336e-01
9.414000000000000146e-01 9.503000000000000336e-01
9.414000000000000146e-01 9.504000000000000226e-01
9.413000000000000256e-01 9.503000000000000336e-01
9.413000000000000256e-01 9.507999999999999785e-01
9.414000000000000146e-01 9.506999999999999895e-01
9.415999999999999925e-01 9.512000000000000455e-01
9.415000000000000036e-01 9.505000000000000115e-01
9.415000000000000036e-01 9.507999999999999785e-01
9.415999999999999925e-01 9.500999999999999446e-01
9.414000000000000146e-01 9.498999999999999666e-01
9.414000000000000146e-01 9.502000000000000446e-01
9.414000000000000146e-01 9.500999999999999446e-01
9.413000000000000256e-01 9.502000000000000446e-01
9.414000000000000146e-01 9.496999999999999886e-01
9.415000000000000036e-01 9.502000000000000446e-01
9.416999999999999815e-01 9.508999999999999675e-01
9.415000000000000036e-01 9.498999999999999666e-01
9.415000000000000036e-01 9.495000000000000107e-01
9.414000000000000146e-01 9.491000000000000547e-01
9.414000000000000146e-01 9.494000000000000217e-01
9.414000000000000146e-01 9.495000000000000107e-01
9.413000000000000256e-01 9.497999999999999776e-01
9.412000000000000366e-01 9.497999999999999776e-01
9.412000000000000366e-01 9.499999999999999556e-01
9.412000000000000366e-01 9.496999999999999886e-01
9.413000000000000256e-01 9.500999999999999446e-01
9.412000000000000366e-01 9.492000000000000437e-01
9.413000000000000256e-01 9.494000000000000217e-01
9.414000000000000146e-01 9.495000000000000107e-01
9.413000000000000256e-01 9.493000000000000327e-01
9.413000000000000256e-01 9.485999999999999988e-01
9.414000000000000146e-01 9.498999999999999666e-01
9.415000000000000036e-01 9.496999999999999886e-01
9.414000000000000146e-01 9.489999999999999547e-01
9.415000000000000036e-01 9.495000000000000107e-01
9.416999999999999815e-01 9.495000000000000107e-01
9.417999999999999705e-01 9.494000000000000217e-01
9.414000000000000146e-01 9.487999999999999767e-01
9.415999999999999925e-01 9.479999999999999538e-01
9.416999999999999815e-01 9.482000000000000428e-01
9.416999999999999815e-01 9.478999999999999648e-01
9.416999999999999815e-01 9.486999999999999877e-01
9.415999999999999925e-01 9.492000000000000437e-01
9.418999999999999595e-01 9.493000000000000327e-01
9.416999999999999815e-01 9.489999999999999547e-01
9.417999999999999705e-01 9.485000000000000098e-01
9.416999999999999815e-01 9.484000000000000208e-01
9.416999999999999815e-01 9.483000000000000318e-01
9.415999999999999925e-01 9.475999999999999979e-01
9.415999999999999925e-01 9.486999999999999877e-01
9.415999999999999925e-01 9.487999999999999767e-01
9.417999999999999705e-01 9.479999999999999538e-01
9.418999999999999595e-01 9.481000000000000538e-01
9.417999999999999705e-01 9.481000000000000538e-01
9.418999999999999595e-01 9.488999999999999657e-01
9.418999999999999595e-01 9.493000000000000327e-01
9.422000000000000375e-01 9.487999999999999767e-01
9.423000000000000265e-01 9.487999999999999767e-01
9.423000000000000265e-01 9.489999999999999547e-01
9.423000000000000265e-01 9.485999999999999988e-01
9.425999999999999934e-01 9.489999999999999547e-01
9.427999999999999714e-01 9.483000000000000318e-01
9.425999999999999934e-01 9.485999999999999988e-01
9.427999999999999714e-01 9.483000000000000318e-01
9.425999999999999934e-01 9.487999999999999767e-01
9.425000000000000044e-01 9.489999999999999547e-01
9.422000000000000375e-01 9.485999999999999988e-01
9.422000000000000375e-01 9.485000000000000098e-01
9.422000000000000375e-01 9.485000000000000098e-01
9.422000000000000375e-01 9.482000000000000428e-01
9.423000000000000265e-01 9.486999999999999877e-01
9.422000000000000375e-01 9.493000000000000327e-01
9.423000000000000265e-01 9.495999999999999996e-01
9.423000000000000265e-01 9.495999999999999996e-01
9.423000000000000265e-01 9.481000000000000538e-01
9.424000000000000155e-01 9.483000000000000318e-01
9.424000000000000155e-01 9.478999999999999648e-01
9.423000000000000265e-01 9.483000000000000318e-01
9.424000000000000155e-01 9.485000000000000098e-01
9.425000000000000044e-01 9.483000000000000318e-01
9.423000000000000265e-01 9.482000000000000428e-01
9.424000000000000155e-01 9.483000000000000318e-01
9.425999999999999934e-01 9.467999999999999750e-01
9.425999999999999934e-01 9.473000000000000309e-01
9.425000000000000044e-01 9.477999999999999758e-01
9.425000000000000044e-01 9.485000000000000098e-01
9.423000000000000265e-01 9.485000000000000098e-01
9.424000000000000155e-01 9.475999999999999979e-01
9.424000000000000155e-01 9.474000000000000199e-01
9.424000000000000155e-01 9.469999999999999529e-01
9.424000000000000155e-01 9.475000000000000089e-01
9.424000000000000155e-01 9.479999999999999538e-01
9.423000000000000265e-01 9.481000000000000538e-01
9.424000000000000155e-01 9.475000000000000089e-01
9.419999999999999485e-01 9.479999999999999538e-01
9.423000000000000265e-01 9.486999999999999877e-01
9.422000000000000375e-01 9.489999999999999547e-01
9.422000000000000375e-01 9.488999999999999657e-01
9.421000000000000485e-01 9.489999999999999547e-01
9.421000000000000485e-01 9.489999999999999547e-01
9.422000000000000375e-01 9.494000000000000217e-01
9.421000000000000485e-01 9.484000000000000208e-01
9.421000000000000485e-01 9.482000000000000428e-01
9.422000000000000375e-01 9.476999999999999869e-01
9.422000000000000375e-01 9.475000000000000089e-01
9.421000000000000485e-01 9.475000000000000089e-01
9.421000000000000485e-01 9.481000000000000538e-01
9.421000000000000485e-01 9.482000000000000428e-01
9.419999999999999485e-01 9.483000000000000318e-01
9.419999999999999485e-01 9.481000000000000538e-01
9.421000000000000485e-01 9.481000000000000538e-01
9.418999999999999595e-01 9.483000000000000318e-01
9.419999999999999485e-01 9.482000000000000428e-01
9.422000000000000375e-01 9.486999999999999877e-01
9.421000000000000485e-01 9.486999999999999877e-01
9.423000000000000265e-01 9.485999999999999988e-01
9.422000000000000375e-01 9.483000000000000318e-01
9.424000000000000155e-01 9.488999999999999657e-01
9.425000000000000044e-01 9.485000000000000098e-01
9.425000000000000044e-01 9.486999999999999877e-01
9.424000000000000155e-01 9.492000000000000437e-01
9.424000000000000155e-01 9.483000000000000318e-01
9.423000000000000265e-01 9.485000000000000098e-01
9.423000000000000265e-01 9.489999999999999547e-01
9.423000000000000265e-01 9.479999999999999538e-01
9.423000000000000265e-01 9.484000000000000208e-01
9.423000000000000265e-01 9.476999999999999869e-01
9.422000000000000375e-01 9.473000000000000309e-01
9.422000000000000375e-01 9.478999999999999648e-01
9.422000000000000375e-01 9.478999999999999648e-01
9.423000000000000265e-01 9.479999999999999538e-01
9.422000000000000375e-01 9.481000000000000538e-01
9.422000000000000375e-01 9.485000000000000098e-01
9.423000000000000265e-01 9.486999999999999877e-01
9.423000000000000265e-01 9.491000000000000547e-01
9.423000000000000265e-01 9.495000000000000107e-01
9.423000000000000265e-01 9.492000000000000437e-01
9.423000000000000265e-01 9.495000000000000107e-01
9.423000000000000265e-01 9.496999999999999886e-01
9.423000000000000265e-01 9.496999999999999886e-01
9.422000000000000375e-01 9.498999999999999666e-01
9.423000000000000265e-01 9.505000000000000115e-01
9.425000000000000044e-01 9.506000000000000005e-01
9.424000000000000155e-01 9.505000000000000115e-01
9.425000000000000044e-01 9.504000000000000226e-01
9.425000000000000044e-01 9.506999999999999895e-01
9.424000000000000155e-01 9.504000000000000226e-01
9.424000000000000155e-01 9.505000000000000115e-01
9.422000000000000375e-01 9.515000000000000124e-01
9.422000000000000375e-01 9.507999999999999785e-01
9.422000000000000375e-01 9.506999999999999895e-01
9.422000000000000375e-01 9.504000000000000226e-01
9.422000000000000375e-01 9.495999999999999996e-01
9.423000000000000265e-01 9.502000000000000446e-01
9.422000000000000375e-01 9.506000000000000005e-01
9.422000000000000375e-01 9.494000000000000217e-01
9.422000000000000375e-01 9.495000000000000107e-01
9.422000000000000375e-01 9.498999999999999666e-01
9.423000000000000265e-01 9.500999999999999446e-01
9.423000000000000265e-01 9.506000000000000005e-01
9.422000000000000375e-01 9.503000000000000336e-01
9.424000000000000155e-01 9.499999999999999556e-01
9.424000000000000155e-01 9.502000000000000446e-01
9.424000000000000155e-01 9.504000000000000226e-01
9.424000000000000155e-01 9.498999999999999666e-01
9.425000000000000044e-01 9.504000000000000226e-01
9.424000000000000155e-01 9.504000000000000226e-01
9.424000000000000155e-01 9.514000000000000234e-01
9.424000000000000155e-01 9.503000000000000336e-01
9.424000000000000155e-01 9.496999999999999886e-01
9.425000000000000044e-01 9.500999999999999446e-01
9.423000000000000265e-01 9.505000000000000115e-01
9.423000000000000265e-01 9.507999999999999785e-01
9.423000000000000265e-01 9.506999999999999895e-01
9.424000000000000155e-01 9.503000000000000336e-01
9.423000000000000265e-01 9.505000000000000115e-01
9.421000000000000485e-01 9.508999999999999675e-01
9.421000000000000485e-01 9.504000000000000226e-01
9.419999999999999485e-01 9.504000000000000226e-01
9.422000000000000375e-01 9.498999999999999666e-01
9.421000000000000485e-01 9.497999999999999776e-01
9.421000000000000485e-01 9.505000000000000115e-01
9.422000000000000375e-01 9.499999999999999556e-01
9.419999999999999485e-01 9.498999999999999666e-01
9.419999999999999485e-01 9.504000000000000226e-01
9.418999999999999595e-01 9.504000000000000226e-01
9.418999999999999595e-01 9.508999999999999675e-01
9.418999999999999595e-01 9.503000000000000336e-01
9.418999999999999595e-01 9.497999999999999776e-01
9.418999999999999595e-01 9.497999999999999776e-01
9.418999999999999595e-01 9.506999999999999895e-01
9.417999999999999705e-01 9.498999999999999666e-01
9.417999999999999705e-01 9.504000000000000226e-01
9.419999999999999485e-01 9.500999999999999446e-01
9.417999999999999705e-01 9.508999999999999675e-01
9.417999999999999705e-01 9.507999999999999785e-01
9.418999999999999595e-01 9.506999999999999895e-01
9.415999999999999925e-01 9.508999999999999675e-01
9.415999999999999925e-01 9.507999999999999785e-01
9.415000000000000036e-01 9.503000000000000336e-01
9.414000000000000146e-01 9.495000000000000107e-01
9.414000000000000146e-01 9.498999999999999666e-01
9.416999999999999815e-01 9.504000000000000226e-01
9.414000000000000146e-01 9.508999999999999675e-01
9.415000000000000036e-01 9.500999999999999446e-01
9.414000000000000146e-01 9.512000000000000455e-01
9.415000000000000036e-01 9.499999999999999556e-01
9.415999999999999925e-01 9.499999999999999556e-01
9.415999999999999925e-01 9.504000000000000226e-01
9.415000000000000036e-01 9.507999999999999785e-01
9.413000000000000256e-01 9.514000000000000234e-01
9.414000000000000146e-01 9.512000000000000455e-01
9.413000000000000256e-01 9.516999999999999904e-01
9.413000000000000256e-01 9.510999999999999455e-01
9.414000000000000146e-01 9.516000000000000014e-01
9.414000000000000146e-01 9.508999999999999675e-01
9.414000000000000146e-01 9.516999999999999904e-01
9.414000000000000146e-01 9.510999999999999455e-01
9.415999999999999925e-01 9.519999999999999574e-01
9.415999999999999925e-01 9.514000000000000234e-01
9.416999999999999815e-01 9.520999999999999464e-01
9.416999999999999815e-01 9.519999999999999574e-01
9.417999999999999705e-01 9.518999999999999684e-01
9.419999999999999485e-01 9.522000000000000464e-01
9.421000000000000485e-01 9.520999999999999464e-01
9.422000000000000375e-01 9.525000000000000133e-01
9.421000000000000485e-01 9.525000000000000133e-01
9.419999999999999485e-01 9.522000000000000464e-01
9.421000000000000485e-01 9.524000000000000243e-01
9.422000000000000375e-01 9.525000000000000133e-01
9.423000000000000265e-01 9.517999999999999794e-01
9.423000000000000265e-01 9.517999999999999794e-01
9.423000000000000265e-01 9.507999999999999785e-01
9.425000000000000044e-01 9.510999999999999455e-01
9.425999999999999934e-01 9.508999999999999675e-01
9.424000000000000155e-01 9.507999999999999785e-01
9.422000000000000375e-01 9.506000000000000005e-01
9.421000000000000485e-01 9.504000000000000226e-01
9.422000000000000375e-01 9.502000000000000446e-01
9.422000000000000375e-01 9.506999999999999895e-01
9.421000000000000485e-01 9.495999999999999996e-01
9.419999999999999485e-01 9.489999999999999547e-01
9.419999999999999485e-01 9.494000000000000217e-01
9.419999999999999485e-01 9.502000000000000446e-01
9.418999999999999595e-01 9.502000000000000446e-01
9.419999999999999485e-01 9.507999999999999785e-01
9.419999999999999485e-01 9.504000000000000226e-01
9.419999999999999485e-01 9.505000000000000115e-01
9.418999999999999595e-01 9.505000000000000115e-01
9.419999999999999485e-01 9.500999999999999446e-01
9.419999999999999485e-01 9.508999999999999675e-01
9.419999999999999485e-01 9.505000000000000115e-01
9.418999999999999595e-01 9.514000000000000234e-01
9.419999999999999485e-01 9.506999999999999895e-01
9.419999999999999485e-01 9.507999999999999785e-01
9.421000000000000485e-01 9.507999999999999785e-01
9.419999999999999485e-01 9.506999999999999895e-01
9.419999999999999485e-01 9.510999999999999455e-01
9.422000000000000375e-01 9.516000000000000014e-01
9.422000000000000375e-01 9.512000000000000455e-01
9.422000000000000375e-01 9.514000000000000234e-01
9.422000000000000375e-01 9.520999999999999464e-01
9.422000000000000375e-01 9.519999999999999574e-01
9.422000000000000375e-01 9.526999999999999913e-01
9.421000000000000485e-01 9.520999999999999464e-01
9.422000000000000375e-01 9.519999999999999574e-01
9.421000000000000485e-01 9.513000000000000345e-01
9.422000000000000375e-01 9.514000000000000234e-01
9.422000000000000375e-01 9.520999999999999464e-01
9.423000000000000265e-01 9.518999999999999684e-01
9.423000000000000265e-01 9.512000000000000455e-01
9.423000000000000265e-01 9.518999999999999684e-01
9.423000000000000265e-01 9.514000000000000234e-01
9.424000000000000155e-01 9.513000000000000345e-01
9.424000000000000155e-01 9.518999999999999684e-01
9.422000000000000375e-01 9.519999999999999574e-01
9.422000000000000375e-01 9.520999999999999464e-01
9.422000000000000375e-01 9.515000000000000124e-01
9.422000000000000375e-01 9.524000000000000243e-01
9.422000000000000375e-01 9.516000000000000014e-01
9.418999999999999595e-01 9.510999999999999455e-01
9.417999999999999705e-01 9.512000000000000455e-01
9.417999999999999705e-01 9.518999999999999684e-01
9.417999999999999705e-01 9.528999999999999693e-01
9.416999999999999815e-01 9.527999999999999803e-01
9.416999999999999815e-01 9.525000000000000133e-01
9.415999999999999925e-01 9.520999999999999464e-01
9.415000000000000036e-01 9.522000000000000464e-01
9.414000000000000146e-01 9.522000000000000464e-01
9.414000000000000146e-01 9.525000000000000133e-01
9.413000000000000256e-01 9.522000000000000464e-01
9.415000000000000036e-01 9.526999999999999913e-01
9.414000000000000146e-01 9.519999999999999574e-01
9.415999999999999925e-01 9.519999999999999574e-01
9.417999999999999705e-01 9.524000000000000243e-01
9.418999999999999595e-01 9.524000000000000243e-01
9.421000000000000485e-01 9.523000000000000353e-01
9.419999999999999485e-01 9.523000000000000353e-01
9.417999999999999705e-01 9.519999999999999574e-01
9.417999999999999705e-01 9.520999999999999464e-01
9.418999999999999595e-01 9.526000000000000023e-01
9.417999999999999705e-01 9.524000000000000243e-01
9.416999999999999815e-01 9.517999999999999794e-01
9.417999999999999705e-01 9.522000000000000464e-01
9.417999999999999705e-01 9.525000000000000133e-01
9.417999999999999705e-01 9.517999999999999794e-01
9.415999999999999925e-01 9.522000000000000464e-01
9.415000000000000036e-01 9.524000000000000243e-01
9.417999999999999705e-01 9.518999999999999684e-01
9.418999999999999595e-01 9.524000000000000243e-01
9.417999999999999705e-01 9.524000000000000243e-01
9.416999999999999815e-01 9.526999999999999913e-01
9.417999999999999705e-01 9.533000000000000362e-01
9.416999999999999815e-01 9.535000000000000142e-01
9.417999999999999705e-01 9.535000000000000142e-01
9.416999999999999815e-01 9.537999999999999812e-01
9.416999999999999815e-01 9.544000000000000261e-01
9.416999999999999815e-01 9.544000000000000261e-01
9.416999999999999815e-01 9.537999999999999812e-01
9.416999999999999815e-01 9.536999999999999922e-01
9.416999999999999815e-01 9.542000000000000481e-01
9.416999999999999815e-01 9.536000000000000032e-01
9.416999999999999815e-01 9.534000000000000252e-01
9.417999999999999705e-01 9.532000000000000473e-01
9.417999999999999705e-01 9.533000000000000362e-01
9.415999999999999925e-01 9.518999999999999684e-01
9.415999999999999925e-01 9.522000000000000464e-01
9.415999999999999925e-01 9.524000000000000243e-01
9.415999999999999925e-01 9.533000000000000362e-01
9.415999999999999925e-01 9.526000000000000023e-01
9.415999999999999925e-01 9.523000000000000353e-01
9.416999999999999815e-01 9.519999999999999574e-01
9.415000000000000036e-01 9.525000000000000133e-01
9.414000000000000146e-01 9.522000000000000464e-01
9.413000000000000256e-01 9.526000000000000023e-01
9.414000000000000146e-01 9.520999999999999464e-01
9.415000000000000036e-01 9.519999999999999574e-01
9.415000000000000036e-01 9.524000000000000243e-01
9.414000000000000146e-01 9.516999999999999904e-01
9.413000000000000256e-01 9.513000000000000345e-01
9.414000000000000146e-01 9.520999999999999464e-01
9.412000000000000366e-01 9.519999999999999574e-01
9.413000000000000256e-01 9.516999999999999904e-01
9.415000000000000036e-01 9.519999999999999574e-01
9.415000000000000036e-01 9.519999999999999574e-01
9.415000000000000036e-01 9.522000000000000464e-01
9.415000000000000036e-01 9.517999999999999794e-01
9.415999999999999925e-01 9.513000000000000345e-01
9.415000000000000036e-01 9.517999999999999794e-01
9.415999999999999925e-01 9.516000000000000014e-01
9.415999999999999925e-01 9.510999999999999455e-01
9.417999999999999705e-01 9.512000000000000455e-01
9.417999999999999705e-01 9.508999999999999675e-01
9.416999999999999815e-01 9.509999999999999565e-01
9.416999999999999815e-01 9.515000000000000124e-01
9.417999999999999705e-01 9.510999999999999455e-01
9.417999999999999705e-01 9.516000000000000014e-01
9.418999999999999595e-01 9.517999999999999794e-01
9.417999999999999705e-01 9.522000000000000464e-01
9.416999999999999815e-01 9.519999999999999574e-01
9.417999999999999705e-01 9.513000000000000345e-01
9.417999999999999705e-01 9.520999999999999464e-01
9.417999999999999705e-01 9.522000000000000464e-01
9.417999999999999705e-01 9.524000000000000243e-01
9.417999999999999705e-01 9.525000000000000133e-01
9.418999999999999595e-01 9.518999999999999684e-01
9.418999999999999595e-01 9.520999999999999464e-01
9.416999999999999815e-01 9.524000000000000243e-01
9.417999999999999705e-01 9.520999999999999464e-01
9.419999999999999485e-01 9.516000000000000014e-01
9.418999999999999595e-01 9.516999999999999904e-01
9.416999999999999815e-01 9.519999999999999574e-01
9.422000000000000375e-01 9.517999999999999794e-01
9.422000000000000375e-01 9.522000000000000464e-01
9.422000000000000375e-01 9.518999999999999684e-01
9.421000000000000485e-01 9.523000000000000353e-01
9.421000000000000485e-01 9.525000000000000133e-01
9.421000000000000485e-01 9.525000000000000133e-01
9.419999999999999485e-01 9.533000000000000362e-01
9.419999999999999485e-01 9.532000000000000473e-01
9.418999999999999595e-01 9.527999999999999803e-01
9.417999999999999705e-01 9.525000000000000133e-01
9.417999999999999705e-01 9.520999999999999464e-01
9.417999999999999705e-01 9.526000000000000023e-01
9.417999999999999705e-01 9.525000000000000133e-01
9.417999999999999705e-01 9.524000000000000243e-01
9.417999999999999705e-01 9.532000000000000473e-01
9.416999999999999815e-01 9.523000000000000353e-01
9.417999999999999705e-01 9.529999999999999583e-01
9.417999999999999705e-01 9.523000000000000353e-01
9.415999999999999925e-01 9.525000000000000133e-01
9.415999999999999925e-01 9.528999999999999693e-01
9.417999999999999705e-01 9.528999999999999693e-01
9.416999999999999815e-01 9.522000000000000464e-01
9.415999999999999925e-01 9.519999999999999574e-01
9.417999999999999705e-01 9.519999999999999574e-01
9.416999999999999815e-01 9.515000000000000124e-01
9.415999999999999925e-01 9.525000000000000133e-01
9.415999999999999925e-01 9.524000000000000243e-01
9.415000000000000036e-01 9.525000000000000133e-01
9.415000000000000036e-01 9.529999999999999583e-01
9.415000000000000036e-01 9.533000000000000362e-01
9.416999999999999815e-01 9.535000000000000142e-01
9.415999999999999925e-01 9.534000000000000252e-01
9.415999999999999925e-01 9.529999999999999583e-01
9.415999999999999925e-01 9.528999999999999693e-01
9.415999999999999925e-01 9.526000000000000023e-01
9.416999999999999815e-01 9.528999999999999693e-01
9.416999999999999815e-01 9.525000000000000133e-01
9.417999999999999705e-01 9.519999999999999574e-01
9.418999999999999595e-01 9.526999999999999913e-01
9.418999999999999595e-01 9.522000000000000464e-01
9.415999999999999925e-01 9.529999999999999583e-01
9.415000000000000036e-01 9.526000000000000023e-01
9.415999999999999925e-01 9.524000000000000243e-01
9.415999999999999925e-01 9.522000000000000464e-01
9.416999999999999815e-01 9.520999999999999464e-01
9.416999999999999815e-01 9.522000000000000464e-01
9.416999999999999815e-01 9.518999999999999684e-01
9.417999999999999705e-01 9.520999999999999464e-01
9.416999999999999815e-01 9.519999999999999574e-01
9.416999999999999815e-01 9.522000000000000464e-01
9.419999999999999485e-01 9.524000000000000243e-01
9.416999999999999815e-01 9.519999999999999574e-01
9.416999999999999815e-01 9.516000000000000014e-01
9.416999999999999815e-01 9.520999999999999464e-01
9.416999999999999815e-01 9.527999999999999803e-01
9.418999999999999595e-01 9.525000000000000133e-01
9.416999999999999815e-01 9.526999999999999913e-01
9.416999999999999815e-01 9.527999999999999803e-01
9.416999999999999815e-01 9.527999999999999803e-01
9.416999999999999815e-01 9.533000000000000362e-01
9.415999999999999925e-01 9.529999999999999583e-01
9.416999999999999815e-01 9.527999999999999803e-01
9.415000000000000036e-01 9.525000000000000133e-01
9.414000000000000146e-01 9.513000000000000345e-01
9.415000000000000036e-01 9.518999999999999684e-01
9.415999999999999925e-01 9.520999999999999464e-01
9.415999999999999925e-01 9.522000000000000464e-01
9.416999999999999815e-01 9.522000000000000464e-01
9.416999999999999815e-01 9.518999999999999684e-01
9.416999999999999815e-01 9.506999999999999895e-01
9.416999999999999815e-01 9.516000000000000014e-01
9.415999999999999925e-01 9.509999999999999565e-01
9.415999999999999925e-01 9.506000000000000005e-01
9.415999999999999925e-01 9.510999999999999455e-01
9.415999999999999925e-01 9.506000000000000005e-01
9.415000000000000036e-01 9.509999999999999565e-01
9.415000000000000036e-01 9.509999999999999565e-01
9.415000000000000036e-01 9.504000000000000226e-01
9.414000000000000146e-01 9.507999999999999785e-01
9.415000000000000036e-01 9.504000000000000226e-01
9.415999999999999925e-01 9.509999999999999565e-01
9.415000000000000036e-01 9.507999999999999785e-01
9.414000000000000146e-01 9.509999999999999565e-01
9.415000000000000036e-01 9.504000000000000226e-01
9.415000000000000036e-01 9.507999999999999785e-01
9.415000000000000036e-01 9.515000000000000124e-01
9.415999999999999925e-01 9.508999999999999675e-01
9.416999999999999815e-01 9.512000000000000455e-01
9.415000000000000036e-01 9.506999999999999895e-01
9.415999999999999925e-01 9.506999999999999895e-01
9.415999999999999925e-01 9.507999999999999785e-01
9.417999999999999705e-01 9.510999999999999455e-01
9.417999999999999705e-01 9.512000000000000455e-01
9.418999999999999595e-01 9.505000000000000115e-01
9.417999999999999705e-01 9.500999999999999446e-01
9.418999999999999595e-01 9.500999999999999446e-01
9.417999999999999705e-01 9.516000000000000014e-01
9.418999999999999595e-01 9.516999999999999904e-01
9.418999999999999595e-01 9.515000000000000124e-01
9.418999999999999595e-01 9.510999999999999455e-01
9.419999999999999485e-01 9.507999999999999785e-01
9.419999999999999485e-01 9.503000000000000336e-01
9.419999999999999485e-01 9.508999999999999675e-01
9.421000000000000485e-01 9.505000000000000115e-01
9.419999999999999485e-01 9.508999999999999675e-01
9.418999999999999595e-01 9.506999999999999895e-01
9.418999999999999595e-01 9.507999999999999785e-01
9.419999999999999485e-01 9.512000000000000455e-01
9.421000000000000485e-01 9.509999999999999565e-01
9.423000000000000265e-01 9.506000000000000005e-01
9.423000000000000265e-01 9.513000000000000345e-01
9.423000000000000265e-01 9.515000000000000124e-01
9.423000000000000265e-01 9.516999999999999904e-01
9.423000000000000265e-01 9.517999999999999794e-01
9.422000000000000375e-01 9.516000000000000014e-01
9.422000000000000375e-01 9.506999999999999895e-01
9.423000000000000265e-01 9.503000000000000336e-01
9.423000000000000265e-01 9.503000000000000336e-01
9.424000000000000155e-01 9.505000000000000115e-01
9.423000000000000265e-01 9.510999999999999455e-01
9.422000000000000375e-01 9.508999999999999675e-01
9.419999999999999485e-01 9.503000000000000336e-01
9.421000000000000485e-01 9.505000000000000115e-01
9.421000000000000485e-01 9.507999999999999785e-01
9.421000000000000485e-01 9.498999999999999666e-01
9.421000000000000485e-01 9.509999999999999565e-01
9.421000000000000485e-01 9.515000000000000124e-01
9.422000000000000375e-01 9.513000000000000345e-01
9.421000000000000485e-01 9.517999999999999794e-01
9.421000000000000485e-01 9.519999999999999574e-01
9.421000000000000485e-01 9.513000000000000345e-01
9.421000000000000485e-01 9.504000000000000226e-01
9.422000000000000375e-01 9.506999999999999895e-01
9.422000000000000375e-01 9.506999999999999895e-01
9.423000000000000265e-01 9.506999999999999895e-01
9.424000000000000155e-01 9.506999999999999895e-01
9.422000000000000375e-01 9.515000000000000124e-01
9.424000000000000155e-01 9.518999999999999684e-01
9.423000000000000265e-01 9.517999999999999794e-01
9.424000000000000155e-01 9.515000000000000124e-01
9.424000000000000155e-01 9.516000000000000014e-01
9.424000000000000155e-01 9.512000000000000455e-01
9.423000000000000265e-01 9.509999999999999565e-01
9.421000000000000485e-01 9.510999999999999455e-01
9.421000000000000485e-01 9.513000000000000345e-01
9.419999999999999485e-01 9.510999999999999455e-01
9.422000000000000375e-01 9.508999999999999675e-01
9.421000000000000485e-01 9.504000000000000226e-01
9.423000000000000265e-01 9.504000000000000226e-01
9.423000000000000265e-01 9.506000000000000005e-01
9.424000000000000155e-01 9.516000000000000014e-01
9.425000000000000044e-01 9.508999999999999675e-01
9.423000000000000265e-01 9.505000000000000115e-01
9.424000000000000155e-01 9.507999999999999785e-01
9.423000000000000265e-01 9.504000000000000226e-01
9.423000000000000265e-01 9.504000000000000226e-01
9.424000000000000155e-01 9.508999999999999675e-01
9.423000000000000265e-01 9.507999999999999785e-01
9.424000000000000155e-01 9.500999999999999446e-01
9.423000000000000265e-01 9.499999999999999556e-01
9.423000000000000265e-01 9.504000000000000226e-01
9.423000000000000265e-01 9.506999999999999895e-01
9.422000000000000375e-01 9.513000000000000345e-01
9.422000000000000375e-01 9.507999999999999785e-01
9.421000000000000485e-01 9.506999999999999895e-01
9.418999999999999595e-01 9.504000000000000226e-01
9.419999999999999485e-01 9.503000000000000336e-01
9.418999999999999595e-01 9.502000000000000446e-01
9.419999999999999485e-01 9.498999999999999666e-01
9.419999999999999485e-01 9.496999999999999886e-01
9.421000000000000485e-01 9.491000000000000547e-01
9.418999999999999595e-01 9.486999999999999877e-01
9.419999999999999485e-01 9.485999999999999988e-01
9.419999999999999485e-01 9.482000000000000428e-01
9.419999999999999485e-01 9.484000000000000208e-01
9.419999999999999485e-01 9.486999999999999877e-01
9.419999999999999485e-01 9.488999999999999657e-01
9.419999999999999485e-01 9.494000000000000217e-01
9.418999999999999595e-01 9.494000000000000217e-01
9.418999999999999595e-01 9.500999999999999446e-01
9.419999999999999485e-01 9.495999999999999996e-01
9.418999999999999595e-01 9.502000000000000446e-01
9.418999999999999595e-01 9.504000000000000226e-01
9.418999999999999595e-01 9.498999999999999666e-01
9.418999999999999595e-01 9.506000000000000005e-01
9.417999999999999705e-01 9.505000000000000115e-01
9.417999999999999705e-01 9.502000000000000446e-01
9.415999999999999925e-01 9.513000000000000345e-01
9.416999999999999815e-01 9.506000000000000005e-01
9.416999999999999815e-01 9.504000000000000226e-01
9.415999999999999925e-01 9.498999999999999666e-01
9.416999999999999815e-01 9.504000000000000226e-01
9.415999999999999925e-01 9.512000000000000455e-01
9.415000000000000036e-01 9.498999999999999666e-01
9.415000000000000036e-01 9.504000000000000226e-01
9.415000000000000036e-01 9.508999999999999675e-01
9.415000000000000036e-01 9.499999999999999556e-01
9.414000000000000146e-01 9.502000000000000446e-01
9.415000000000000036e-01 9.506000000000000005e-01
9.415000000000000036e-01 9.502000000000000446e-01
9.415000000000000036e-01 9.502000000000000446e-01
9.414000000000000146e-01 9.506000000000000005e-01
9.414000000000000146e-01 9.505000000000000115e-01
9.414000000000000146e-01 9.505000000000000115e-01
9.415000000000000036e-01 9.505000000000000115e-01
9.415000000000000036e-01 9.503000000000000336e-01
9.415000000000000036e-01 9.505000000000000115e-01
9.413000000000000256e-01 9.506999999999999895e-01
9.415000000000000036e-01 9.503000000000000336e-01
9.414000000000000146e-01 9.508999999999999675e-01
9.413000000000000256e-01 9.503000000000000336e-01
9.412000000000000366e-01 9.508999999999999675e-01
9.413000000000000256e-01 9.505000000000000115e-01
9.414000000000000146e-01 9.506999999999999895e-01
9.413000000000000256e-01 9.507999999999999785e-01
9.413000000000000256e-01 9.516000000000000014e-01
9.414000000000000146e-01 9.512000000000000455e-01
9.412000000000000366e-01 9.506000000000000005e-01
9.412000000000000366e-01 9.506999999999999895e-01
9.412000000000000366e-01 9.517999999999999794e-01
9.413000000000000256e-01 9.516999999999999904e-01
9.413000000000000256e-01 9.517999999999999794e-01
9.413000000000000256e-01 9.514000000000000234e-01
9.414000000000000146e-01 9.512000000000000455e-01
9.414000000000000146e-01 9.509999999999999565e-01
9.413000000000000256e-01 9.516000000000000014e-01
9.413000000000000256e-01 9.514000000000000234e-01
9.416999999999999815e-01 9.514000000000000234e-01
9.417999999999999705e-01 9.517999999999999794e-01
9.418999999999999595e-01 9.507999999999999785e-01
9.418999999999999595e-01 9.506999999999999895e-01
9.418999999999999595e-01 9.509999999999999565e-01
9.418999999999999595e-01 9.517999999999999794e-01
9.418999999999999595e-01 9.513000000000000345e-01
9.418999999999999595e-01 9.513000000000000345e-01
9.418999999999999595e-01 9.505000000000000115e-01
9.418999999999999595e-01 9.503000000000000336e-01
9.417999999999999705e-01 9.508999999999999675e-01
9.415999999999999925e-01 9.505000000000000115e-01
9.417999999999999705e-01 9.509999999999999565e-01
9.418999999999999595e-01 9.506999999999999895e-01
9.419999999999999485e-01 9.504000000000000226e-01
9.418999999999999595e-01 9.503000000000000336e-01
9.419999999999999485e-01 9.506999999999999895e-01
9.418999999999999595e-01 9.510999999999999455e-01
9.419999999999999485e-01 9.503000000000000336e-01
9.417999999999999705e-01 9.510999999999999455e-01
9.418999999999999595e-01 9.506000000000000005e-01
9.418999999999999595e-01 9.505000000000000115e-01
9.419999999999999485e-01 9.507999999999999785e-01
9.421000000000000485e-01 9.506000000000000005e-01
9.418999999999999595e-01 9.504000000000000226e-01
9.418999999999999595e-01 9.510999999999999455e-01
9.419999999999999485e-01 9.515000000000000124e-01
9.421000000000000485e-01 9.515000000000000124e-01
9.421000000000000485e-01 9.509999999999999565e-01
9.423000000000000265e-01 9.503000000000000336e-01
9.423000000000000265e-01 9.498999999999999666e-01
9.423000000000000265e-01 9.502000000000000446e-01
9.423000000000000265e-01 9.491000000000000547e-01
9.423000000000000265e-01 9.491000000000000547e-01
9.423000000000000265e-01 9.492000000000000437e-01
9.423000000000000265e-01 9.489999999999999547e-01
9.423000000000000265e-01 9.498999999999999666e-01
9.424000000000000155e-01 9.500999999999999446e-01
9.423000000000000265e-01 9.504000000000000226e-01
9.424000000000000155e-01 9.505000000000000115e-01
9.424000000000000155e-01 9.509999999999999565e-01
9.423000000000000265e-01 9.505000000000000115e-01
9.423000000000000265e-01 9.509999999999999565e-01
9.422000000000000375e-01 9.507999999999999785e-01
9.422000000000000375e-01 9.506999999999999895e-01
9.421000000000000485e-01 9.504000000000000226e-01
9.421000000000000485e-01 9.508999999999999675e-01
9.424000000000000155e-01 9.505000000000000115e-01
9.424000000000000155e-01 9.505000000000000115e-01
9.423000000000000265e-01 9.508999999999999675e-01
9.424000000000000155e-01 9.502000000000000446e-01
9.425000000000000044e-01 9.503000000000000336e-01
9.425000000000000044e-01 9.506999999999999895e-01
9.426999999999999824e-01 9.505000000000000115e-01
9.426999999999999824e-01 9.502000000000000446e-01
9.426999999999999824e-01 9.508999999999999675e-01
9.426999999999999824e-01 9.507999999999999785e-01
9.427999999999999714e-01 9.506999999999999895e-01
9.426999999999999824e-01 9.499999999999999556e-01
9.426999999999999824e-01 9.503000000000000336e-01
9.426999999999999824e-01 9.499999999999999556e-01
9.426999999999999824e-01 9.503000000000000336e-01
9.426999999999999824e-01 9.505000000000000115e-01
9.426999999999999824e-01 9.503000000000000336e-01
9.425999999999999934e-01 9.500999999999999446e-01
9.425999999999999934e-01 9.499999999999999556e-01
9.426999999999999824e-01 9.505000000000000115e-01
9.426999999999999824e-01 9.502000000000000446e-01
9.426999999999999824e-01 9.506000000000000005e-01
9.426999999999999824e-01 9.513000000000000345e-01
9.426999999999999824e-01 9.506999999999999895e-01
9.426999999999999824e-01 9.506000000000000005e-01
9.426999999999999824e-01 9.503000000000000336e-01
9.425000000000000044e-01 9.506000000000000005e-01
9.425000000000000044e-01 9.502000000000000446e-01
9.425000000000000044e-01 9.495999999999999996e-01
9.424000000000000155e-01 9.504000000000000226e-01
9.424000000000000155e-01 9.510999999999999455e-01
9.424000000000000155e-01 9.508999999999999675e-01
9.424000000000000155e-01 9.503000000000000336e-01
9.424000000000000155e-01 9.500999999999999446e-01
9.425000000000000044e-01 9.499999999999999556e-01
9.425000000000000044e-01 9.505000000000000115e-01
9.423000000000000265e-01 9.505000000000000115e-01
9.422000000000000375e-01 9.506999999999999895e-01
9.424000000000000155e-01 9.508999999999999675e-01
9.424000000000000155e-01 9.510999999999999455e-01
9.423000000000000265e-01 9.512000000000000455e-01
9.423000000000000265e-01 9.512000000000000455e-01
9.421000000000000485e-01 9.507999999999999785e-01
9.421000000000000485e-01 9.506999999999999895e-01
9.421000000000000485e-01 9.509999999999999565e-01
9.421000000000000485e-01 9.509999999999999565e-01
9.422000000000000375e-01 9.516000000000000014e-01
9.418999999999999595e-01 9.516000000000000014e-01
9.418999999999999595e-01 9.526999999999999913e-01
9.417999999999999705e-01 9.526999999999999913e-01
9.421000000000000485e-01 9.529999999999999583e-01
9.419999999999999485e-01 9.522000000000000464e-01
9.421000000000000485e-01 9.517999999999999794e-01
9.421000000000000485e-01 9.516000000000000014e-01
9.421000000000000485e-01 9.519999999999999574e-01
9.422000000000000375e-01 9.519999999999999574e-01
9.423000000000000265e-01 9.518999999999999684e-01
9.423000000000000265e-01 9.512000000000000455e-01
9.422000000000000375e-01 9.517999999999999794e-01
9.421000000000000485e-01 9.519999999999999574e-01
9.422000000000000375e-01 9.522000000000000464e-01
9.423000000000000265e-01 9.519999999999999574e-01
9.424000000000000155e-01 9.519999999999999574e-01
9.425000000000000044e-01 9.520999999999999464e-01
9.425999999999999934e-01 9.519999999999999574e-01
9.425999999999999934e-01 9.516000000000000014e-01
9.426999999999999824e-01 9.513000000000000345e-01
9.426999999999999824e-01 9.507999999999999785e-01
9.425999999999999934e-01 9.508999999999999675e-01
9.426999999999999824e-01 9.505000000000000115e-01
9.425999999999999934e-01 9.506999999999999895e-01
9.425999999999999934e-01 9.505000000000000115e-01
9.426999999999999824e-01 9.508999999999999675e-01
9.425999999999999934e-01 9.508999999999999675e-01
9.425000000000000044e-01 9.507999999999999785e-01
9.425999999999999934e-01 9.514000000000000234e-01
9.425000000000000044e-01 9.512000000000000455e-01
9.425999999999999934e-01 9.515000000000000124e-01
9.425000000000000044e-01 9.507999999999999785e-01
9.425000000000000044e-01 9.513000000000000345e-01
9.425000000000000044e-01 9.509999999999999565e-01
9.425999999999999934e-01 9.512000000000000455e-01
9.427999999999999714e-01 9.510999999999999455e-01
9.427999999999999714e-01 9.506999999999999895e-01
9.426999999999999824e-01 9.509999999999999565e-01
9.426999999999999824e-01 9.514000000000000234e-01
9.426999999999999824e-01 9.508999999999999675e-01
9.426999999999999824e-01 9.513000000000000345e-01
9.426999999999999824e-01 9.508999999999999675e-01
9.426999999999999824e-01 9.508999999999999675e-01
9.427999999999999714e-01 9.503000000000000336e-01
9.427999999999999714e-01 9.503000000000000336e-01
9.428999999999999604e-01 9.506000000000000005e-01
9.427999999999999714e-01 9.513000000000000345e-01
9.427999999999999714e-01 9.507999999999999785e-01
9.427999999999999714e-01 9.505000000000000115e-01
9.427999999999999714e-01 9.507999999999999785e-01
9.428999999999999604e-01 9.506999999999999895e-01
9.428999999999999604e-01 9.505000000000000115e-01
9.427999999999999714e-01 9.505000000000000115e-01
9.426999999999999824e-01 9.503000000000000336e-01
9.426999999999999824e-01 9.510999999999999455e-01
9.425999999999999934e-01 9.516999999999999904e-01
9.425999999999999934e-01 9.512000000000000455e-01
9.425999999999999934e-01 9.504000000000000226e-01
9.425999999999999934e-01 9.509999999999999565e-01
9.425999999999999934e-01 9.509999999999999565e-01
9.425999999999999934e-01 9.513000000000000345e-01
9.425000000000000044e-01 9.509999999999999565e-01
9.425000000000000044e-01 9.506999999999999895e-01
9.425000000000000044e-01 9.506999999999999895e-01
9.425000000000000044e-01 9.505000000000000115e-01
9.425000000000000044e-01 9.506999999999999895e-01
9.425000000000000044e-01 9.502000000000000446e-01
9.425000000000000044e-01 9.512000000000000455e-01
9.425000000000000044e-01 9.513000000000000345e-01
9.425999999999999934e-01 9.509999999999999565e-01
9.425999999999999934e-01 9.505000000000000115e-01
9.425999999999999934e-01 9.508999999999999675e-01
9.425999999999999934e-01 9.513000000000000345e-01
9.425000000000000044e-01 9.506999999999999895e-01
9.425000000000000044e-01 9.516999999999999904e-01
9.425000000000000044e-01 9.507999999999999785e-01
9.425999999999999934e-01 9.500999999999999446e-01
9.425999999999999934e-01 9.507999999999999785e-01
9.425999999999999934e-01 9.514000000000000234e-01
9.425000000000000044e-01 9.512000000000000455e-01
9.426999999999999824e-01 9.515000000000000124e-01
9.426999999999999824e-01 9.518999999999999684e-01
9.426999999999999824e-01 9.516999999999999904e-01
9.426999999999999824e-01 9.505000000000000115e-01
9.426999999999999824e-01 9.499999999999999556e-01
9.425999999999999934e-01 9.499999999999999556e-01
9.426999999999999824e-01 9.495000000000000107e-01
9.426999999999999824e-01 9.506000000000000005e-01
9.428999999999999604e-01 9.504000000000000226e-01
9.427999999999999714e-01 9.506000000000000005e-01
9.427999999999999714e-01 9.499999999999999556e-01
9.429999999999999494e-01 9.502000000000000446e-01
9.429999999999999494e-01 9.498999999999999666e-01
9.429999999999999494e-01 9.498999999999999666e-01
9.429999999999999494e-01 9.507999999999999785e-01
9.429999999999999494e-01 9.513000000000000345e-01
9.429999999999999494e-01 9.512000000000000455e-01
9.429999999999999494e-01 9.508999999999999675e-01
9.431000000000000494e-01 9.509999999999999565e-01
9.432000000000000384e-01 9.510999999999999455e-01
9.432000000000000384e-01 9.512000000000000455e-01
9.433000000000000274e-01 9.510999999999999455e-01
9.433000000000000274e-01 9.502000000000000446e-01
9.433000000000000274e-01 9.506999999999999895e-01
9.432000000000000384e-01 9.509999999999999565e-01
9.433000000000000274e-01 9.500999999999999446e-01
9.432000000000000384e-01 9.495000000000000107e-01
9.432000000000000384e-01 9.497999999999999776e-01
9.432000000000000384e-01 9.495999999999999996e-01
9.433000000000000274e-01 9.497999999999999776e-01
9.432000000000000384e-01 9.502000000000000446e-01
9.432000000000000384e-01 9.502000000000000446e-01
9.432000000000000384e-01 9.502000000000000446e-01
9.431000000000000494e-01 9.492000000000000437e-01
9.431000000000000494e-01 9.494000000000000217e-01
9.431000000000000494e-01 9.498999999999999666e-01
9.431000000000000494e-01 9.500999999999999446e-01
9.434000000000000163e-01 9.505000000000000115e-01
9.434000000000000163e-01 9.505000000000000115e-01
9.434000000000000163e-01 9.502000000000000446e-01
9.434000000000000163e-01 9.506999999999999895e-01
9.434000000000000163e-01 9.503000000000000336e-01
9.434000000000000163e-01 9.504000000000000226e-01
9.434000000000000163e-01 9.503000000000000336e-01
9.433000000000000274e-01 9.504000000000000226e-01
9.432000000000000384e-01 9.503000000000000336e-01
9.432000000000000384e-01 9.499999999999999556e-01
9.432000000000000384e-01 9.497999999999999776e-01
9.431000000000000494e-01 9.496999999999999886e-01
9.433000000000000274e-01 9.502000000000000446e-01
9.433000000000000274e-01 9.509999999999999565e-01
9.432000000000000384e-01 9.507999999999999785e-01
9.433000000000000274e-01 9.505000000000000115e-01
9.434000000000000163e-01 9.504000000000000226e-01
9.433000000000000274e-01 9.496999999999999886e-01
9.433000000000000274e-01 9.502000000000000446e-01
9.434000000000000163e-01 9.498999999999999666e-01
9.434000000000000163e-01 9.503000000000000336e-01
9.433000000000000274e-01 9.514000000000000234e-01
9.433000000000000274e-01 9.508999999999999675e-01
9.432000000000000384e-01 9.509999999999999565e-01
9.432000000000000384e-01 9.513000000000000345e-01
9.432000000000000384e-01 9.513000000000000345e-01
9.432000000000000384e-01 9.506000000000000005e-01
9.432000000000000384e-01 9.507999999999999785e-01
9.432000000000000384e-01 9.508999999999999675e-01
9.432000000000000384e-01 9.505000000000000115e-01
9.433000000000000274e-01 9.513000000000000345e-01
9.433000000000000274e-01 9.512000000000000455e-01
9.433000000000000274e-01 9.508999999999999675e-01
9.433000000000000274e-01 9.506000000000000005e-01
9.433000000000000274e-01 9.507999999999999785e-01
9.433000000000000274e-01 9.506000000000000005e-01
9.433000000000000274e-01 9.503000000000000336e-01
9.434000000000000163e-01 9.507999999999999785e-01
9.433000000000000274e-01 9.502000000000000446e-01
9.433000000000000274e-01 9.497999999999999776e-01
9.434000000000000163e-01 9.502000000000000446e-01
9.435000000000000053e-01 9.506999999999999895e-01
9.434000000000000163e-01 9.502000000000000446e-01
9.434000000000000163e-01 9.506999999999999895e-01
9.434000000000000163e-01 9.508999999999999675e-01
9.432000000000000384e-01 9.509999999999999565e-01
9.431000000000000494e-01 9.508999999999999675e-01
9.431000000000000494e-01 9.506999999999999895e-01
9.431000000000000494e-01 9.507999999999999785e-01
9.431000000000000494e-01 9.498999999999999666e-01
9.432000000000000384e-01 9.502000000000000446e-01
9.432000000000000384e-01 9.502000000000000446e-01
9.433000000000000274e-01 9.503000000000000336e-01
9.434000000000000163e-01 9.505000000000000115e-01
9.435000000000000053e-01 9.510999999999999455e-01
9.434000000000000163e-01 9.504000000000000226e-01
9.434000000000000163e-01 9.508999999999999675e-01
9.434000000000000163e-01 9.513000000000000345e-01
9.434000000000000163e-01 9.509999999999999565e-01
9.434000000000000163e-01 9.513000000000000345e-01
9.434000000000000163e-01 9.506000000000000005e-01
9.434000000000000163e-01 9.508999999999999675e-01
9.434000000000000163e-01 9.507999999999999785e-01
9.433000000000000274e-01 9.508999999999999675e-01
9.431000000000000494e-01 9.508999999999999675e-01
9.432000000000000384e-01 9.506999999999999895e-01
9.429999999999999494e-01 9.509999999999999565e-01
9.429999999999999494e-01 9.516000000000000014e-01
9.429999999999999494e-01 9.518999999999999684e-01
9.427999999999999714e-01 9.518999999999999684e-01
9.427999999999999714e-01 9.515000000000000124e-01
9.426999999999999824e-01 9.515000000000000124e-01
9.426999999999999824e-01 9.519999999999999574e-01
9.426999999999999824e-01 9.517999999999999794e-01
9.426999999999999824e-01 9.517999999999999794e-01
9.426999999999999824e-01 9.514000000000000234e-01
9.426999999999999824e-01 9.528999999999999693e-01
9.425999999999999934e-01 9.516000000000000014e-01
9.426999999999999824e-01 9.509999999999999565e-01
9.424000000000000155e-01 9.514000000000000234e-01
9.425000000000000044e-01 9.514000000000000234e-01
9.425999999999999934e-01 9.514000000000000234e-01
9.424000000000000155e-01 9.517999999999999794e-01
9.425999999999999934e-01 9.516999999999999904e-01
9.425000000000000044e-01 9.516999999999999904e-01
9.423000000000000265e-01 9.516999999999999904e-01
9.424000000000000155e-01 9.519999999999999574e-01
9.425000000000000044e-01 9.519999999999999574e-01
9.425999999999999934e-01 9.512000000000000455e-01
9.425000000000000044e-01 9.509999999999999565e-01
9.425999999999999934e-01 9.512000000000000455e-01
9.425000000000000044e-01 9.510999999999999455e-01
9.425999999999999934e-01 9.508999999999999675e-01
9.425999999999999934e-01 9.504000000000000226e-01
9.425999999999999934e-01 9.512000000000000455e-01
9.425999999999999934e-01 9.512000000000000455e-01
9.425000000000000044e-01 9.509999999999999565e-01
9.426999999999999824e-01 9.508999999999999675e-01
9.427999999999999714e-01 9.513000000000000345e-01
9.427999999999999714e-01 9.516000000000000014e-01
9.428999999999999604e-01 9.508999999999999675e-01
9.429999999999999494e-01 9.503000000000000336e-01
9.428999999999999604e-01 9.507999999999999785e-01
9.428999999999999604e-01 9.516000000000000014e-01
9.427999999999999714e-01 9.508999999999999675e-01
9.427999999999999714e-01 9.508999999999999675e-01
9.428999999999999604e-01 9.515000000000000124e-01
9.427999999999999714e-01 9.518999999999999684e-01
9.428999999999999604e-01 9.514000000000000234e-01
9.428999999999999604e-01 9.516000000000000014e-01
9.428999999999999604e-01 9.507999999999999785e-01
9.428999999999999604e-01 9.505000000000000115e-01
9.428999999999999604e-01 9.506999999999999895e-01
9.427999999999999714e-01 9.506000000000000005e-01
9.427999999999999714e-01 9.512000000000000455e-01
9.426999999999999824e-01 9.512000000000000455e-01
9.425999999999999934e-01 9.505000000000000115e-01
9.425999999999999934e-01 9.508999999999999675e-01
9.425000000000000044e-01 9.504000000000000226e-01
9.425000000000000044e-01 9.506000000000000005e-01
9.425000000000000044e-01 9.514000000000000234e-01
9.425000000000000044e-01 9.513000000000000345e-01
9.425000000000000044e-01 9.516000000000000014e-01
9.425000000000000044e-01 9.516000000000000014e-01
9.425000000000000044e-01 9.524000000000000243e-01
9.425000000000000044e-01 9.517999999999999794e-01
9.425999999999999934e-01 9.518999999999999684e-01
9.425000000000000044e-01 9.517999999999999794e-01
9.425999999999999934e-01 9.515000000000000124e-01
9.425999999999999934e-01 9.524000000000000243e-01
9.423000000000000265e-01 9.520999999999999464e-01
9.425000000000000044e-01 9.515000000000000124e-01
9.425999999999999934e-01 9.513000000000000345e-01
9.425000000000000044e-01 9.509999999999999565e-01
9.425999999999999934e-01 9.515000000000000124e-01
9.425000000000000044e-01 9.518999999999999684e-01
9.425000000000000044e-01 9.516999999999999904e-01
9.425999999999999934e-01 9.516000000000000014e-01
9.425000000000000044e-01 9.513000000000000345e-01
9.425000000000000044e-01 9.516000000000000014e-01
9.424000000000000155e-01 9.509999999999999565e-01
9.424000000000000155e-01 9.507999999999999785e-01
9.424000000000000155e-01 9.513000000000000345e-01
9.425000000000000044e-01 9.510999999999999455e-01
9.425000000000000044e-01 9.507999999999999785e-01
9.424000000000000155e-01 9.512000000000000455e-01
9.424000000000000155e-01 9.512000000000000455e-01
9.424000000000000155e-01 9.506000000000000005e-01
9.424000000000000155e-01 9.507999999999999785e-01
9.424000000000000155e-01 9.506999999999999895e-01
9.425000000000000044e-01 9.504000000000000226e-01
9.425000000000000044e-01 9.495000000000000107e-01
9.425000000000000044e-01 9.510999999999999455e-01
9.424000000000000155e-01 9.506000000000000005e-01
9.424000000000000155e-01 9.506000000000000005e-01
9.424000000000000155e-01 9.506000000000000005e-01
9.424000000000000155e-01 9.510999999999999455e-01
9.423000000000000265e-01 9.509999999999999565e-01
9.421000000000000485e-01 9.505000000000000115e-01
9.421000000000000485e-01 9.506000000000000005e-01
9.421000000000000485e-01 9.507999999999999785e-01
9.421000000000000485e-01 9.507999999999999785e-01
9.421000000000000485e-01 9.509999999999999565e-01
9.419999999999999485e-01 9.509999999999999565e-01
9.418999999999999595e-01 9.513000000000000345e-01
9.419999999999999485e-01 9.507999999999999785e-01
9.418999999999999595e-01 9.509999999999999565e-01
9.419999999999999485e-01 9.507999999999999785e-01
9.418999999999999595e-01 9.508999999999999675e-01
9.419999999999999485e-01 9.506000000000000005e-01
9.418999999999999595e-01 9.505000000000000115e-01
9.418999999999999595e-01 9.499999999999999556e-01
9.418999999999999595e-01 9.500999999999999446e-01
9.418999999999999595e-01 9.507999999999999785e-01
9.418999999999999595e-01 9.506000000000000005e-01
9.418999999999999595e-01 9.514000000000000234e-01
9.419999999999999485e-01 9.514000000000000234e-01
9.421000000000000485e-01 9.508999999999999675e-01
9.421000000000000485e-01 9.507999999999999785e-01
9.421000000000000485e-01 9.509999999999999565e-01
9.421000000000000485e-01 9.510999999999999455e-01
9.419999999999999485e-01 9.505000000000000115e-01
9.419999999999999485e-01 9.513000000000000345e-01
9.421000000000000485e-01 9.510999999999999455e-01
9.423000000000000265e-01 9.507999999999999785e-01
9.422000000000000375e-01 9.508999999999999675e-01
9.423000000000000265e-01 9.515000000000000124e-01
9.424000000000000155e-01 9.508999999999999675e-01
9.424000000000000155e-01 9.516000000000000014e-01
9.424000000000000155e-01 9.505000000000000115e-01
9.424000000000000155e-01 9.506000000000000005e-01
9.423000000000000265e-01 9.503000000000000336e-01
9.423000000000000265e-01 9.499999999999999556e-01
9.423000000000000265e-01 9.513000000000000345e-01
9.423000000000000265e-01 9.507999999999999785e-01
9.423000000000000265e-01 9.506000000000000005e-01
9.423000000000000265e-01 9.510999999999999455e-01
9.424000000000000155e-01 9.507999999999999785e-01
9.424000000000000155e-01 9.510999999999999455e-01
9.424000000000000155e-01 9.512000000000000455e-01
9.424000000000000155e-01 9.514000000000000234e-01
9.423000000000000265e-01 9.507999999999999785e-01
9.424000000000000155e-01 9.505000000000000115e-01
9.424000000000000155e-01 9.510999999999999455e-01
9.424000000000000155e-01 9.512000000000000455e-01
9.424000000000000155e-01 9.510999999999999455e-01
9.423000000000000265e-01 9.508999999999999675e-01
9.422000000000000375e-01 9.513000000000000345e-01
9.422000000000000375e-01 9.507999999999999785e-01
9.422000000000000375e-01 9.510999999999999455e-01
9.422000000000000375e-01 9.510999999999999455e-01
9.422000000000000375e-01 9.516999999999999904e-01
9.423000000000000265e-01 9.510999999999999455e-01
9.422000000000000375e-01 9.505000000000000115e-01
9.423000000000000265e-01 9.505000000000000115e-01
9.423000000000000265e-01 9.510999999999999455e-01
9.423000000000000265e-01 9.505000000000000115e-01
9.422000000000000375e-01 9.504000000000000226e-01
9.421000000000000485e-01 9.505000000000000115e-01
9.421000000000000485e-01 9.506000000000000005e-01
9.421000000000000485e-01 9.506000000000000005e-01
9.422000000000000375e-01 9.505000000000000115e-01
9.422000000000000375e-01 9.506000000000000005e-01
9.422000000000000375e-01 9.508999999999999675e-01
9.421000000000000485e-01 9.513000000000000345e-01
9.421000000000000485e-01 9.515000000000000124e-01
9.418999999999999595e-01 9.516000000000000014e-01
9.419999999999999485e-01 9.509999999999999565e-01
9.419999999999999485e-01 9.509999999999999565e-01
9.421000000000000485e-01 9.506999999999999895e-01
9.421000000000000485e-01 9.510999999999999455e-01
9.421000000000000485e-01 9.507999999999999785e-01
9.421000000000000485e-01 9.507999999999999785e-01
9.421000000000000485e-01 9.515000000000000124e-01
9.418999999999999595e-01 9.515000000000000124e-01
9.419999999999999485e-01 9.508999999999999675e-01
9.419999999999999485e-01 9.514000000000000234e-01
9.421000000000000485e-01 9.514000000000000234e-01
9.421000000000000485e-01 9.516999999999999904e-01
9.421000000000000485e-01 9.512000000000000455e-01
9.419999999999999485e-01 9.505000000000000115e-01
9.419999999999999485e-01 9.502000000000000446e-01
9.419999999999999485e-01 9.508999999999999675e-01
9.419999999999999485e-01 9.508999999999999675e-01
9.419999999999999485e-01 9.505000000000000115e-01
9.418999999999999595e-01 9.509999999999999565e-01
9.419999999999999485e-01 9.507999999999999785e-01
9.419999999999999485e-01 9.497999999999999776e-01
9.418999999999999595e-01 9.503000000000000336e-01
9.418999999999999595e-01 9.499999999999999556e-01
9.418999999999999595e-01 9.505000000000000115e-01
9.418999999999999595e-01 9.506000000000000005e-01
9.419999999999999485e-01 9.507999999999999785e-01
9.419999999999999485e-01 9.519999999999999574e-01
9.419999999999999485e-01 9.515000000000000124e-01
9.418999999999999595e-01 9.514000000000000234e-01
9.418999999999999595e-01 9.509999999999999565e-01
9.421000000000000485e-01 9.512000000000000455e-01
9.419999999999999485e-01 9.512000000000000455e-01
9.419999999999999485e-01 9.513000000000000345e-01
9.418999999999999595e-01 9.507999999999999785e-01
9.421000000000000485e-01 9.505000000000000115e-01
9.418999999999999595e-01 9.512000000000000455e-01
9.421000000000000485e-01 9.516000000000000014e-01
9.418999999999999595e-01 9.513000000000000345e-01
9.419999999999999485e-01 9.522000000000000464e-01
9.422000000000000375e-01 9.514000000000000234e-01
9.422000000000000375e-01 9.508999999999999675e-01
9.422000000000000375e-01 9.510999999999999455e-01
9.422000000000000375e-01 9.512000000000000455e-01
9.424000000000000155e-01 9.505000000000000115e-01
9.425000000000000044e-01 9.505000000000000115e-01
9.425000000000000044e-01 9.506000000000000005e-01
9.425000000000000044e-01 9.506999999999999895e-01
9.425000000000000044e-01 9.512000000000000455e-01
9.425000000000000044e-01 9.507999999999999785e-01
9.425000000000000044e-01 9.509999999999999565e-01
9.425999999999999934e-01 9.514000000000000234e-01
9.425999999999999934e-01 9.510999999999999455e-01
9.425999999999999934e-01 9.507999999999999785e-01
9.425999999999999934e-01 9.514000000000000234e-01
9.425999999999999934e-01 9.512000000000000455e-01
9.425999999999999934e-01 9.517999999999999794e-01
9.426999999999999824e-01 9.515000000000000124e-01
9.425000000000000044e-01 9.516000000000000014e-01
9.425000000000000044e-01 9.518999999999999684e-01
9.425999999999999934e-01 9.518999999999999684e-01
9.425999999999999934e-01 9.523000000000000353e-01
9.425999999999999934e-01 9.519999999999999574e-01
9.425999999999999934e-01 9.517999999999999794e-01
9.425999999999999934e-01 9.516999999999999904e-01
9.425999999999999934e-01 9.517999999999999794e-01
9.425000000000000044e-01 9.522000000000000464e-01
9.425999999999999934e-01 9.516000000000000014e-01
9.426999999999999824e-01 9.524000000000000243e-01
9.427999999999999714e-01 9.523000000000000353e-01
9.427999999999999714e-01 9.528999999999999693e-01
9.428999999999999604e-01 9.529999999999999583e-01
9.427999999999999714e-01 9.518999999999999684e-01
9.426999999999999824e-01 9.522000000000000464e-01
9.427999999999999714e-01 9.524000000000000243e-01
9.427999999999999714e-01 9.518999999999999684e-01
9.427999999999999714e-01 9.523000000000000353e-01
9.427999999999999714e-01 9.523000000000000353e-01
9.427999999999999714e-01 9.517999999999999794e-01
9.427999999999999714e-01 9.514000000000000234e-01
9.426999999999999824e-01 9.515000000000000124e-01
9.426999999999999824e-01 9.516999999999999904e-01
9.427999999999999714e-01 9.518999999999999684e-01
9.427999999999999714e-01 9.520999999999999464e-01
9.427999999999999714e-01 9.505000000000000115e-01
9.425999999999999934e-01 9.504000000000000226e-01
9.427999999999999714e-01 9.512000000000000455e-01
9.426999999999999824e-01 9.514000000000000234e-01
9.426999999999999824e-01 9.502000000000000446e-01
9.426999999999999824e-01 9.505000000000000115e-01
9.428999999999999604e-01 9.502000000000000446e-01
9.427999999999999714e-01 9.497999999999999776e-01
9.427999999999999714e-01 9.504000000000000226e-01
9.428999999999999604e-01 9.502000000000000446e-01
9.429999999999999494e-01 9.499999999999999556e-01
9.429999999999999494e-01 9.502000000000000446e-01
9.429999999999999494e-01 9.503000000000000336e-01
9.429999999999999494e-01 9.506000000000000005e-01
9.429999999999999494e-01 9.508999999999999675e-01
9.429999999999999494e-01 9.503000000000000336e-01
9.429999999999999494e-01 9.500999999999999446e-01
9.429999999999999494e-01 9.506000000000000005e-01
9.429999999999999494e-01 9.509999999999999565e-01
9.429999999999999494e-01 9.513000000000000345e-01
9.429999999999999494e-01 9.509999999999999565e-01
9.429999999999999494e-01 9.500999999999999446e-01
9.428999999999999604e-01 9.506999999999999895e-01
9.427999999999999714e-01 9.504000000000000226e-01
9.426999999999999824e-01 9.507999999999999785e-01
9.428999999999999604e-01 9.510999999999999455e-01
9.428999999999999604e-01 9.509999999999999565e-01
9.428999999999999604e-01 9.504000000000000226e-01
9.425999999999999934e-01 9.506000000000000005e-01
9.425000000000000044e-01 9.514000000000000234e-01
9.425000000000000044e-01 9.509999999999999565e-01
9.426999999999999824e-01 9.509999999999999565e-01
9.427999999999999714e-01 9.514000000000000234e-01
9.427999999999999714e-01 9.505000000000000115e-01
9.427999999999999714e-01 9.502000000000000446e-01
9.428999999999999604e-01 9.505000000000000115e-01
9.427999999999999714e-01 9.506000000000000005e-01
9.427999999999999714e-01 9.504000000000000226e-01
9.428999999999999604e-01 9.504000000000000226e-01
9.428999999999999604e-01 9.504000000000000226e-01
9.427999999999999714e-01 9.507999999999999785e-01
9.427999999999999714e-01 9.516000000000000014e-01
9.426999999999999824e-01 9.506000000000000005e-01
9.426999999999999824e-01 9.497999999999999776e-01
9.425999999999999934e-01 9.506000000000000005e-01
9.425000000000000044e-01 9.509999999999999565e-01
9.424000000000000155e-01 9.507999999999999785e-01
9.425999999999999934e-01 9.509999999999999565e-01
9.425999999999999934e-01 9.513000000000000345e-01
9.424000000000000155e-01 9.508999999999999675e-01
9.424000000000000155e-01 9.508999999999999675e-01
9.424000000000000155e-01 9.506999999999999895e-01
9.424000000000000155e-01 9.497999999999999776e-01
9.423000000000000265e-01 9.506000000000000005e-01
9.425000000000000044e-01 9.512000000000000455e-01
9.425000000000000044e-01 9.508999999999999675e-01
9.423000000000000265e-01 9.509999999999999565e-01
9.424000000000000155e-01 9.507999999999999785e-01
9.424000000000000155e-01 9.515000000000000124e-01
9.425000000000000044e-01 9.510999999999999455e-01
9.424000000000000155e-01 9.506000000000000005e-01
9.424000000000000155e-01 9.502000000000000446e-01
9.424000000000000155e-01 9.504000000000000226e-01
9.425000000000000044e-01 9.504000000000000226e-01
9.426999999999999824e-01 9.510999999999999455e-01
9.425999999999999934e-01 9.513000000000000345e-01
9.425000000000000044e-01 9.508999999999999675e-01
9.425000000000000044e-01 9.510999999999999455e-01
9.425000000000000044e-01 9.509999999999999565e-01
9.424000000000000155e-01 9.517999999999999794e-01
9.425000000000000044e-01 9.518999999999999684e-01
9.425000000000000044e-01 9.514000000000000234e-01
9.424000000000000155e-01 9.520999999999999464e-01
9.425000000000000044e-01 9.515000000000000124e-01
9.424000000000000155e-01 9.520999999999999464e-01
9.422000000000000375e-01 9.524000000000000243e-01
9.423000000000000265e-01 9.522000000000000464e-01
9.422000000000000375e-01 9.517999999999999794e-01
9.422000000000000375e-01 9.516000000000000014e-01
9.423000000000000265e-01 9.519999999999999574e-01
9.423000000000000265e-01 9.518999999999999684e-01
9.423000000000000265e-01 9.516999999999999904e-01
9.423000000000000265e-01 9.516999999999999904e-01
9.423000000000000265e-01 9.517999999999999794e-01
9.423000000000000265e-01 9.517999999999999794e-01
9.423000000000000265e-01 9.517999999999999794e-01
9.423000000000000265e-01 9.514000000000000234e-01
9.423000000000000265e-01 9.512000000000000455e-01
9.424000000000000155e-01 9.522000000000000464e-01
9.424000000000000155e-01 9.520999999999999464e-01
9.423000000000000265e-01 9.513000000000000345e-01
9.425000000000000044e-01 9.508999999999999675e-01
9.425999999999999934e-01 9.512000000000000455e-01
9.425000000000000044e-01 9.515000000000000124e-01
9.425999999999999934e-01 9.516000000000000014e-01
9.425999999999999934e-01 9.517999999999999794e-01
9.425999999999999934e-01 9.514000000000000234e-01
9.425000000000000044e-01 9.516000000000000014e-01
9.425999999999999934e-01 9.512000000000000455e-01
9.425999999999999934e-01 9.515000000000000124e-01
9.425999999999999934e-01 9.506999999999999895e-01
9.426999999999999824e-01 9.517999999999999794e-01
9.427999999999999714e-01 9.510999999999999455e-01
9.427999999999999714e-01 9.516999999999999904e-01
9.426999999999999824e-01 9.524000000000000243e-01
9.425999999999999934e-01 9.517999999999999794e-01
9.425000000000000044e-01 9.518999999999999684e-01
9.425000000000000044e-01 9.516000000000000014e-01
9.425999999999999934e-01 9.517999999999999794e-01
9.425999999999999934e-01 9.520999999999999464e-01
9.425999999999999934e-01 9.518999999999999684e-01
9.425999999999999934e-01 9.514000000000000234e-01
9.425999999999999934e-01 9.513000000000000345e-01
9.425999999999999934e-01 9.512000000000000455e-01
9.425999999999999934e-01 9.515000000000000124e-01
9.425999999999999934e-01 9.522000000000000464e-01
9.425999999999999934e-01 9.518999999999999684e-01
9.425000000000000044e-01 9.517999999999999794e-01
9.425000000000000044e-01 9.524000000000000243e-01
9.424000000000000155e-01 9.526000000000000023e-01
9.424000000000000155e-01 9.517999999999999794e-01
9.425999999999999934e-01 9.519999999999999574e-01
9.425999999999999934e-01 9.516999999999999904e-01
9.425999999999999934e-01 9.517999999999999794e-01
9.425000000000000044e-01 9.519999999999999574e-01
9.425999999999999934e-01 9.514000000000000234e-01
9.425999999999999934e-01 9.512000000000000455e-01
9.425999999999999934e-01 9.513000000000000345e-01
9.425000000000000044e-01 9.516000000000000014e-01
9.425999999999999934e-01 9.512000000000000455e-01
9.426999999999999824e-01 9.510999999999999455e-01
9.426999999999999824e-01 9.510999999999999455e-01
9.426999999999999824e-01 9.509999999999999565e-01
9.426999999999999824e-01 9.508999999999999675e-01
9.426999999999999824e-01 9.513000000000000345e-01
9.426999999999999824e-01 9.516999999999999904e-01
9.426999999999999824e-01 9.516000000000000014e-01
9.425999999999999934e-01 9.513000000000000345e-01
9.425999999999999934e-01 9.516999999999999904e-01
9.426999999999999824e-01 9.514000000000000234e-01
9.426999999999999824e-01 9.515000000000000124e-01
9.426999999999999824e-01 9.516999999999999904e-01
9.426999999999999824e-01 9.509999999999999565e-01
9.426999999999999824e-01 9.509999999999999565e-01
9.427999999999999714e-01 9.507999999999999785e-01
9.427999999999999714e-01 9.504000000000000226e-01
9.425999999999999934e-01 9.506000000000000005e-01
9.425000000000000044e-01 9.509999999999999565e-01
9.426999999999999824e-01 9.516000000000000014e-01
9.425999999999999934e-01 9.510999999999999455e-01
9.425999999999999934e-01 9.510999999999999455e-01
9.426999999999999824e-01 9.517999999999999794e-01
9.426999999999999824e-01 9.517999999999999794e-01
9.427999999999999714e-01 9.519999999999999574e-01
9.427999999999999714e-01 9.519999999999999574e-01
9.427999999999999714e-01 9.515000000000000124e-01
9.428999999999999604e-01 9.515000000000000124e-01
9.428999999999999604e-01 9.514000000000000234e-01
9.428999999999999604e-01 9.515000000000000124e-01
9.427999999999999714e-01 9.515000000000000124e-01
9.427999999999999714e-01 9.514000000000000234e-01
9.427999999999999714e-01 9.510999999999999455e-01
9.429999999999999494e-01 9.509999999999999565e-01
9.429999999999999494e-01 9.512000000000000455e-01
9.429999999999999494e-01 9.517999999999999794e-01
9.428999999999999604e-01 9.508999999999999675e-01
9.429999999999999494e-01 9.508999999999999675e-01
9.429999999999999494e-01 9.514000000000000234e-01
9.429999999999999494e-01 9.514000000000000234e-01
9.429999999999999494e-01 9.515000000000000124e-01
9.429999999999999494e-01 9.509999999999999565e-01
9.429999999999999494e-01 9.502000000000000446e-01
9.429999999999999494e-01 9.506000000000000005e-01
9.431000000000000494e-01 9.503000000000000336e-01
9.431000000000000494e-01 9.506999999999999895e-01
9.431000000000000494e-01 9.508999999999999675e-01
9.432000000000000384e-01 9.512000000000000455e-01
9.431000000000000494e-01 9.513000000000000345e-01
9.431000000000000494e-01 9.505000000000000115e-01
9.431000000000000494e-01 9.509999999999999565e-01
9.429999999999999494e-01 9.510999999999999455e-01
9.428999999999999604e-01 9.517999999999999794e-01
9.428999999999999604e-01 9.516000000000000014e-01
9.428999999999999604e-01 9.515000000000000124e-01
9.429999999999999494e-01 9.509999999999999565e-01
9.428999999999999604e-01 9.510999999999999455e-01
9.428999999999999604e-01 9.514000000000000234e-01
9.427999999999999714e-01 9.517999999999999794e-01
9.428999999999999604e-01 9.516000000000000014e-01
9.428999999999999604e-01 9.515000000000000124e-01
9.429999999999999494e-01 9.508999999999999675e-01
9.428999999999999604e-01 9.510999999999999455e-01
9.427999999999999714e-01 9.516999999999999904e-01
9.427999999999999714e-01 9.519999999999999574e-01
9.427999999999999714e-01 9.520999999999999464e-01
9.427999999999999714e-01 9.526000000000000023e-01
9.427999999999999714e-01 9.523000000000000353e-01
9.426999999999999824e-01 9.525000000000000133e-01
9.426999999999999824e-01 9.523000000000000353e-01
9.426999999999999824e-01 9.522000000000000464e-01
9.426999999999999824e-01 9.518999999999999684e-01
9.425999999999999934e-01 9.527999999999999803e-01
9.425999999999999934e-01 9.526999999999999913e-01
9.425999999999999934e-01 9.528999999999999693e-01
9.425000000000000044e-01 9.533000000000000362e-01
9.425000000000000044e-01 9.529999999999999583e-01
9.425999999999999934e-01 9.529999999999999583e-01
9.425000000000000044e-01 9.534000000000000252e-01
9.425999999999999934e-01 9.529999999999999583e-01
9.425999999999999934e-01 9.527999999999999803e-01
9.425000000000000044e-01 9.536000000000000032e-01
9.425000000000000044e-01 9.535000000000000142e-01
9.425000000000000044e-01 9.536000000000000032e-01
9.425000000000000044e-01 9.533000000000000362e-01
9.425000000000000044e-01 9.525000000000000133e-01
9.424000000000000155e-01 9.526999999999999913e-01
9.424000000000000155e-01 9.526999999999999913e-01
9.423000000000000265e-01 9.526000000000000023e-01
9.424000000000000155e-01 9.529999999999999583e-01
9.425000000000000044e-01 9.535000000000000142e-01
9.425999999999999934e-01 9.533000000000000362e-01
9.425000000000000044e-01 9.532000000000000473e-01
9.424000000000000155e-01 9.527999999999999803e-01
9.424000000000000155e-01 9.530999999999999472e-01
9.425999999999999934e-01 9.532000000000000473e-01
9.425999999999999934e-01 9.527999999999999803e-01
9.425999999999999934e-01 9.526000000000000023e-01
9.425999999999999934e-01 9.527999999999999803e-01
9.425999999999999934e-01 9.527999999999999803e-01
9.425999999999999934e-01 9.526000000000000023e-01
9.425000000000000044e-01 9.525000000000000133e-01
9.425999999999999934e-01 9.519999999999999574e-01
9.425999999999999934e-01 9.526999999999999913e-01
9.425999999999999934e-01 9.532000000000000473e-01
9.425999999999999934e-01 9.533000000000000362e-01
9.426999999999999824e-01 9.528999999999999693e-01
9.426999999999999824e-01 9.533000000000000362e-01
9.426999999999999824e-01 9.530999999999999472e-01
9.426999999999999824e-01 9.529999999999999583e-01
9.425999999999999934e-01 9.533000000000000362e-01
9.426999999999999824e-01 9.533000000000000362e-01
9.426999999999999824e-01 9.519999999999999574e-01
9.426999999999999824e-01 9.517999999999999794e-01
9.426999999999999824e-01 9.522000000000000464e-01
9.426999999999999824e-01 9.518999999999999684e-01
9.426999999999999824e-01 9.517999999999999794e-01
9.426999999999999824e-01 9.516000000000000014e-01
9.426999999999999824e-01 9.519999999999999574e-01
9.426999999999999824e-01 9.515000000000000124e-01
9.427999999999999714e-01 9.523000000000000353e-01
9.427999999999999714e-01 9.514000000000000234e-01
9.426999999999999824e-01 9.507999999999999785e-01
9.426999999999999824e-01 9.507999999999999785e-01
9.426999999999999824e-01 9.506999999999999895e-01
9.426999999999999824e-01 9.508999999999999675e-01
9.427999999999999714e-01 9.506000000000000005e-01
9.429999999999999494e-01 9.507999999999999785e-01
9.429999999999999494e-01 9.509999999999999565e-01
9.429999999999999494e-01 9.508999999999999675e-01
9.428999999999999604e-01 9.506999999999999895e-01
9.429999999999999494e-01 9.509999999999999565e-01
9.428999999999999604e-01 9.508999999999999675e-01
9.427999999999999714e-01 9.507999999999999785e-01
9.428999999999999604e-01 9.500999999999999446e-01
9.425999999999999934e-01 9.504000000000000226e-01
9.425999999999999934e-01 9.498999999999999666e-01
9.425000000000000044e-01 9.502000000000000446e-01
9.425000000000000044e-01 9.502000000000000446e-01
9.424000000000000155e-01 9.495999999999999996e-01
9.425000000000000044e-01 9.498999999999999666e-01
9.424000000000000155e-01 9.499999999999999556e-01
9.423000000000000265e-01 9.506000000000000005e-01
9.424000000000000155e-01 9.498999999999999666e-01
9.425000000000000044e-01 9.506999999999999895e-01
9.425000000000000044e-01 9.503000000000000336e-01
9.425999999999999934e-01 9.499999999999999556e-01
9.425999999999999934e-01 9.508999999999999675e-01
9.425999999999999934e-01 9.508999999999999675e-01
9.425999999999999934e-01 9.512000000000000455e-01
9.425999999999999934e-01 9.506999999999999895e-01
9.426999999999999824e-01 9.508999999999999675e-01
9.426999999999999824e-01 9.507999999999999785e-01
9.426999999999999824e-01 9.506000000000000005e-01
9.426999999999999824e-01 9.506999999999999895e-01
9.426999999999999824e-01 9.507999999999999785e-01
9.426999999999999824e-01 9.508999999999999675e-01
9.426999999999999824e-01 9.512000000000000455e-01
9.426999999999999824e-01 9.510999999999999455e-01
9.426999999999999824e-01 9.519999999999999574e-01
9.426999999999999824e-01 9.516000000000000014e-01
9.426999999999999824e-01 9.515000000000000124e-01
9.427999999999999714e-01 9.514000000000000234e-01
9.427999999999999714e-01 9.517999999999999794e-01
9.428999999999999604e-01 9.517999999999999794e-01
9.426999999999999824e-01 9.510999999999999455e-01
9.426999999999999824e-01 9.507999999999999785e-01
9.426999999999999824e-01 9.508999999999999675e-01
9.426999999999999824e-01 9.516999999999999904e-01
9.426999999999999824e-01 9.512000000000000455e-01
9.425999999999999934e-01 9.516999999999999904e-01
9.425999999999999934e-01 9.513000000000000345e-01
9.425999999999999934e-01 9.516000000000000014e-01
9.426999999999999824e-01 9.518999999999999684e-01
9.426999999999999824e-01 9.514000000000000234e-01
9.426999999999999824e-01 9.509999999999999565e-01
9.426999999999999824e-01 9.509999999999999565e-01
9.426999999999999824e-01 9.508999999999999675e-01
9.426999999999999824e-01 9.518999999999999684e-01
9.426999999999999824e-01 9.514000000000000234e-01
9.426999999999999824e-01 9.517999999999999794e-01
9.426999999999999824e-01 9.516999999999999904e-01
9.426999999999999824e-01 9.513000000000000345e-01
9.426999999999999824e-01 9.512000000000000455e-01
9.426999999999999824e-01 9.516000000000000014e-01
9.426999999999999824e-01 9.517999999999999794e-01
9.427999999999999714e-01 9.506999999999999895e-01
9.426999999999999824e-01 9.506000000000000005e-01
9.426999999999999824e-01 9.506999999999999895e-01
9.426999999999999824e-01 9.497999999999999776e-01
9.426999999999999824e-01 9.504000000000000226e-01
9.426999999999999824e-01 9.502000000000000446e-01
9.426999999999999824e-01 9.504000000000000226e-01
9.427999999999999714e-01 9.510999999999999455e-01
9.429999999999999494e-01 9.500999999999999446e-01
9.428999999999999604e-01 9.500999999999999446e-01
9.428999999999999604e-01 9.499999999999999556e-01
9.431000000000000494e-01 9.506999999999999895e-01
9.431000000000000494e-01 9.506999999999999895e-01
9.429999999999999494e-01 9.504000000000000226e-01
9.428999999999999604e-01 9.503000000000000336e-01
9.428999999999999604e-01 9.503000000000000336e-01
9.427999999999999714e-01 9.506000000000000005e-01
9.427999999999999714e-01 9.508999999999999675e-01
9.427999999999999714e-01 9.502000000000000446e-01
9.427999999999999714e-01 9.504000000000000226e-01
9.428999999999999604e-01 9.503000000000000336e-01
9.428999999999999604e-01 9.497999999999999776e-01
9.427999999999999714e-01 9.500999999999999446e-01
9.427999999999999714e-01 9.507999999999999785e-01
9.426999999999999824e-01 9.503000000000000336e-01
9.426999999999999824e-01 9.508999999999999675e-01
9.426999999999999824e-01 9.508999999999999675e-01
9.426999999999999824e-01 9.506999999999999895e-01
9.426999999999999824e-01 9.506000000000000005e-01
9.426999999999999824e-01 9.504000000000000226e-01
9.426999999999999824e-01 9.504000000000000226e-01
9.426999999999999824e-01 9.505000000000000115e-01
9.427999999999999714e-01 9.508999999999999675e-01
9.427999999999999714e-01 9.507999999999999785e-01
9.427999999999999714e-01 9.510999999999999455e-01
9.427999999999999714e-01 9.512000000000000455e-01
9.427999999999999714e-01 9.512000000000000455e-01
9.427999999999999714e-01 9.509999999999999565e-01
9.426999999999999824e-01 9.507999999999999785e-01
9.426999999999999824e-01 9.507999999999999785e-01
9.427999999999999714e-01 9.499999999999999556e-01
9.426999999999999824e-01 9.494000000000000217e-01
9.427999999999999714e-01 9.502000000000000446e-01
9.427999999999999714e-01 9.500999999999999446e-01
9.427999999999999714e-01 9.507999999999999785e-01
9.427999999999999714e-01 9.500999999999999446e-01
9.429999999999999494e-01 9.500999999999999446e-01
9.431000000000000494e-01 9.506999999999999895e-01
9.428999999999999604e-01 9.508999999999999675e-01
9.428999999999999604e-01 9.504000000000000226e-01
9.428999999999999604e-01 9.499999999999999556e-01
9.428999999999999604e-01 9.502000000000000446e-01
9.428999999999999604e-01 9.496999999999999886e-01
9.428999999999999604e-01 9.495999999999999996e-01
9.428999999999999604e-01 9.499999999999999556e-01
9.428999999999999604e-01 9.503000000000000336e-01
9.428999999999999604e-01 9.496999999999999886e-01
9.428999999999999604e-01 9.499999999999999556e-01
9.428999999999999604e-01 9.499999999999999556e-01
9.429999999999999494e-01 9.503000000000000336e-01
9.429999999999999494e-01 9.504000000000000226e-01
9.429999999999999494e-01 9.502000000000000446e-01
9.429999999999999494e-01 9.507999999999999785e-01
9.429999999999999494e-01 9.500999999999999446e-01
9.431000000000000494e-01 9.503000000000000336e-01
9.429999999999999494e-01 9.503000000000000336e-01
9.429999999999999494e-01 9.500999999999999446e-01
9.431000000000000494e-01 9.502000000000000446e-01
9.431000000000000494e-01 9.506000000000000005e-01
9.432000000000000384e-01 9.505000000000000115e-01
9.432000000000000384e-01 9.503000000000000336e-01
9.432000000000000384e-01 9.506999999999999895e-01
9.433000000000000274e-01 9.505000000000000115e-01
9.433000000000000274e-01 9.505000000000000115e-01
9.433000000000000274e-01 9.505000000000000115e-01
9.433000000000000274e-01 9.503000000000000336e-01
9.433000000000000274e-01 9.504000000000000226e-01
9.433000000000000274e-01 9.498999999999999666e-01
9.433000000000000274e-01 9.498999999999999666e-01
9.432000000000000384e-01 9.503000000000000336e-01
9.432000000000000384e-01 9.506999999999999895e-01
9.432000000000000384e-01 9.504000000000000226e-01
9.432000000000000384e-01 9.504000000000000226e-01
9.432000000000000384e-01 9.505000000000000115e-01
9.432000000000000384e-01 9.495999999999999996e-01
9.433000000000000274e-01 9.498999999999999666e-01
9.433000000000000274e-01 9.497999999999999776e-01
9.434000000000000163e-01 9.503000000000000336e-01
9.434000000000000163e-01 9.497999999999999776e-01
9.433000000000000274e-01 9.497999999999999776e-01
9.433000000000000274e-01 9.497999999999999776e-01
9.433000000000000274e-01 9.502000000000000446e-01
9.433000000000000274e-01 9.495999999999999996e-01
9.433000000000000274e-01 9.502000000000000446e-01
9.434000000000000163e-01 9.504000000000000226e-01
9.434000000000000163e-01 9.506999999999999895e-01
9.435999999999999943e-01 9.506000000000000005e-01
9.435999999999999943e-01 9.497999999999999776e-01
9.435000000000000053e-01 9.500999999999999446e-01
9.435000000000000053e-01 9.505000000000000115e-01
9.435000000000000053e-01 9.508999999999999675e-01
9.435000000000000053e-01 9.502000000000000446e-01
9.435000000000000053e-01 9.499999999999999556e-01
9.435000000000000053e-01 9.506000000000000005e-01
9.435000000000000053e-01 9.513000000000000345e-01
9.435999999999999943e-01 9.509999999999999565e-01
9.435000000000000053e-01 9.513000000000000345e-01
9.435000000000000053e-01 9.506999999999999895e-01
9.435999999999999943e-01 9.510999999999999455e-01
9.435999999999999943e-01 9.503000000000000336e-01
9.435000000000000053e-01 9.506000000000000005e-01
9.435000000000000053e-01 9.502000000000000446e-01
9.434000000000000163e-01 9.506999999999999895e-01
9.434000000000000163e-01 9.507999999999999785e-01
9.435000000000000053e-01 9.506999999999999895e-01
9.435000000000000053e-01 9.507999999999999785e-01
9.435000000000000053e-01 9.508999999999999675e-01
9.435000000000000053e-01 9.504000000000000226e-01
9.435000000000000053e-01 9.498999999999999666e-01
9.434000000000000163e-01 9.500999999999999446e-01
9.434000000000000163e-01 9.495999999999999996e-01
9.434000000000000163e-01 9.499999999999999556e-01
9.434000000000000163e-01 9.494000000000000217e-01
9.434000000000000163e-01 9.494000000000000217e-01
9.435999999999999943e-01 9.496999999999999886e-01
9.434000000000000163e-01 9.499999999999999556e-01
9.435000000000000053e-01 9.497999999999999776e-01
9.435000000000000053e-01 9.503000000000000336e-01
9.436999999999999833e-01 9.504000000000000226e-01
9.435000000000000053e-01 9.500999999999999446e-01
9.434000000000000163e-01 9.504000000000000226e-01
9.435000000000000053e-01 9.514000000000000234e-01
9.434000000000000163e-01 9.512000000000000455e-01
9.434000000000000163e-01 9.509999999999999565e-01
9.434000000000000163e-01 9.507999999999999785e-01
9.434000000000000163e-01 9.500999999999999446e-01
9.433000000000000274e-01 9.497999999999999776e-01
9.433000000000000274e-01 9.495999999999999996e-01
9.433000000000000274e-01 9.499999999999999556e-01
9.434000000000000163e-01 9.504000000000000226e-01
9.434000000000000163e-01 9.498999999999999666e-01
9.435000000000000053e-01 9.496999999999999886e-01
9.435000000000000053e-01 9.499999999999999556e-01
9.434000000000000163e-01 9.499999999999999556e-01
9.434000000000000163e-01 9.500999999999999446e-01
9.434000000000000163e-01 9.497999999999999776e-01
9.433000000000000274e-01 9.493000000000000327e-01
9.434000000000000163e-01 9.502000000000000446e-01
9.435000000000000053e-01 9.502000000000000446e-01
9.433000000000000274e-01 9.496999999999999886e-01
9.433000000000000274e-01 9.495000000000000107e-01
9.434000000000000163e-01 9.496999999999999886e-01
9.433000000000000274e-01 9.502000000000000446e-01
9.434000000000000163e-01 9.493000000000000327e-01
9.434000000000000163e-01 9.496999999999999886e-01
9.434000000000000163e-01 9.497999999999999776e-01
9.434000000000000163e-01 9.499999999999999556e-01
9.434000000000000163e-01 9.513000000000000345e-01
9.434000000000000163e-01 9.510999999999999455e-01
9.434000000000000163e-01 9.500999999999999446e-01
9.434000000000000163e-01 9.505000000000000115e-01
9.434000000000000163e-01 9.503000000000000336e-01
9.434000000000000163e-01 9.506000000000000005e-01
9.434000000000000163e-01 9.506000000000000005e-01
9.433000000000000274e-01 9.507999999999999785e-01
9.433000000000000274e-01 9.504000000000000226e-01
9.434000000000000163e-01 9.502000000000000446e-01
9.433000000000000274e-01 9.504000000000000226e-01
9.432000000000000384e-01 9.512000000000000455e-01
9.432000000000000384e-01 9.507999999999999785e-01
9.432000000000000384e-01 9.506000000000000005e-01
9.432000000000000384e-01 9.507999999999999785e-01
9.432000000000000384e-01 9.506000000000000005e-01
9.431000000000000494e-01 9.508999999999999675e-01
9.432000000000000384e-01 9.506999999999999895e-01
9.432000000000000384e-01 9.512000000000000455e-01
9.432000000000000384e-01 9.507999999999999785e-01
9.432000000000000384e-01 9.502000000000000446e-01
9.432000000000000384e-01 9.506000000000000005e-01
9.432000000000000384e-01 9.498999999999999666e-01
9.432000000000000384e-01 9.500999999999999446e-01
9.432000000000000384e-01 9.504000000000000226e-01
9.432000000000000384e-01 9.500999999999999446e-01
9.432000000000000384e-01 9.506999999999999895e-01
9.432000000000000384e-01 9.508999999999999675e-01
9.431000000000000494e-01 9.504000000000000226e-01
9.431000000000000494e-01 9.499999999999999556e-01
9.431000000000000494e-01 9.506000000000000005e-01
9.431000000000000494e-01 9.505000000000000115e-01
9.431000000000000494e-01 9.510999999999999455e-01
9.432000000000000384e-01 9.510999999999999455e-01
9.431000000000000494e-01 9.512000000000000455e-01
9.431000000000000494e-01 9.509999999999999565e-01
9.431000000000000494e-01 9.507999999999999785e-01
9.431000000000000494e-01 9.509999999999999565e-01
9.431000000000000494e-01 9.506000000000000005e-01
9.431000000000000494e-01 9.503000000000000336e-01
9.431000000000000494e-01 9.500999999999999446e-01
9.431000000000000494e-01 9.496999999999999886e-01
9.432000000000000384e-01 9.495000000000000107e-01
9.432000000000000384e-01 9.495999999999999996e-01
9.432000000000000384e-01 9.504000000000000226e-01
9.432000000000000384e-01 9.508999999999999675e-01
9.432000000000000384e-01 9.503000000000000336e-01
9.432000000000000384e-01 9.498999999999999666e-01
9.432000000000000384e-01 9.502000000000000446e-01
9.432000000000000384e-01 9.503000000000000336e-01
9.432000000000000384e-01 9.496999999999999886e-01
9.431000000000000494e-01 9.504000000000000226e-01
9.431000000000000494e-01 9.499999999999999556e-01
9.431000000000000494e-01 9.497999999999999776e-01
9.431000000000000494e-01 9.498999999999999666e-01
9.431000000000000494e-01 9.495999999999999996e-01
9.431000000000000494e-01 9.492000000000000437e-01
9.428999999999999604e-01 9.488999999999999657e-01
9.428999999999999604e-01 9.492000000000000437e-01
9.429999999999999494e-01 9.492000000000000437e-01
9.428999999999999604e-01 9.494000000000000217e-01
9.428999999999999604e-01 9.495999999999999996e-01
9.428999999999999604e-01 9.489999999999999547e-01
9.428999999999999604e-01 9.489999999999999547e-01
9.428999999999999604e-01 9.486999999999999877e-01
9.428999999999999604e-01 9.483000000000000318e-01
9.428999999999999604e-01 9.478999999999999648e-01
9.429999999999999494e-01 9.482000000000000428e-01
9.429999999999999494e-01 9.485000000000000098e-01
9.429999999999999494e-01 9.489999999999999547e-01
9.429999999999999494e-01 9.497999999999999776e-01
9.428999999999999604e-01 9.493000000000000327e-01
9.427999999999999714e-01 9.489999999999999547e-01
9.428999999999999604e-01 9.485000000000000098e-01
9.428999999999999604e-01 9.489999999999999547e-01
9.427999999999999714e-01 9.489999999999999547e-01
9.428999999999999604e-01 9.493000000000000327e-01
9.427999999999999714e-01 9.492000000000000437e-01
9.428999999999999604e-01 9.489999999999999547e-01
9.428999999999999604e-01 9.487999999999999767e-01
9.429999999999999494e-01 9.489999999999999547e-01
9.429999999999999494e-01 9.493000000000000327e-01
9.431000000000000494e-01 9.493000000000000327e-01
9.431000000000000494e-01 9.496999999999999886e-01
9.432000000000000384e-01 9.499999999999999556e-01
9.434000000000000163e-01 9.500999999999999446e-01
9.434000000000000163e-01 9.505000000000000115e-01
9.434000000000000163e-01 9.500999999999999446e-01
9.434000000000000163e-01 9.498999999999999666e-01
9.434000000000000163e-01 9.502000000000000446e-01
9.434000000000000163e-01 9.504000000000000226e-01
9.434000000000000163e-01 9.503000000000000336e-01
9.434000000000000163e-01 9.499999999999999556e-01
9.434000000000000163e-01 9.499999999999999556e-01
9.433000000000000274e-01 9.497999999999999776e-01
9.435000000000000053e-01 9.497999999999999776e-01
9.434000000000000163e-01 9.494000000000000217e-01
9.434000000000000163e-01 9.496999999999999886e-01
9.434000000000000163e-01 9.494000000000000217e-01
9.435000000000000053e-01 9.493000000000000327e-01
9.435000000000000053e-01 9.495000000000000107e-01
9.435000000000000053e-01 9.496999999999999886e-01
9.435999999999999943e-01 9.499999999999999556e-01
9.435999999999999943e-01 9.499999999999999556e-01
9.435999999999999943e-01 9.502000000000000446e-01
9.435999999999999943e-01 9.503000000000000336e-01
9.435999999999999943e-01 9.499999999999999556e-01
9.435999999999999943e-01 9.497999999999999776e-01
9.435999999999999943e-01 9.502000000000000446e-01
9.434000000000000163e-01 9.503000000000000336e-01
9.435000000000000053e-01 9.507999999999999785e-01
9.435000000000000053e-01 9.503000000000000336e-01
9.435000000000000053e-01 9.507999999999999785e-01
9.435000000000000053e-01 9.506000000000000005e-01
9.435999999999999943e-01 9.508999999999999675e-01
9.436999999999999833e-01 9.508999999999999675e-01
9.436999999999999833e-01 9.510999999999999455e-01
9.435999999999999943e-01 9.509999999999999565e-01
9.435000000000000053e-01 9.516000000000000014e-01
9.435000000000000053e-01 9.506999999999999895e-01
9.435000000000000053e-01 9.504000000000000226e-01
9.435999999999999943e-01 9.499999999999999556e-01
9.435999999999999943e-01 9.499999999999999556e-01
9.435999999999999943e-01 9.506000000000000005e-01
9.435999999999999943e-01 9.506000000000000005e-01
9.435999999999999943e-01 9.504000000000000226e-01
9.435999999999999943e-01 9.498999999999999666e-01
9.435999999999999943e-01 9.488999999999999657e-01
9.436999999999999833e-01 9.491000000000000547e-01
9.436999999999999833e-01 9.496999999999999886e-01
9.437999999999999723e-01 9.500999999999999446e-01
9.437999999999999723e-01 9.496999999999999886e-01
9.437999999999999723e-01 9.497999999999999776e-01
9.438999999999999613e-01 9.499999999999999556e-01
9.438999999999999613e-01 9.497999999999999776e-01
9.438999999999999613e-01 9.498999999999999666e-01
9.438999999999999613e-01 9.499999999999999556e-01
9.438999999999999613e-01 9.502000000000000446e-01
9.438999999999999613e-01 9.499999999999999556e-01
9.438999999999999613e-01 9.499999999999999556e-01
9.438999999999999613e-01 9.507999999999999785e-01
9.438999999999999613e-01 9.506000000000000005e-01
9.438999999999999613e-01 9.508999999999999675e-01
9.438999999999999613e-01 9.506999999999999895e-01
9.438999999999999613e-01 9.504000000000000226e-01
9.438999999999999613e-01 9.506000000000000005e-01
9.438999999999999613e-01 9.503000000000000336e-01
9.438999999999999613e-01 9.509999999999999565e-01
9.438999999999999613e-01 9.504000000000000226e-01
9.436999999999999833e-01 9.500999999999999446e-01
9.436999999999999833e-01 9.499999999999999556e-01
9.436999999999999833e-01 9.499999999999999556e-01
9.436999999999999833e-01 9.505000000000000115e-01
9.436999999999999833e-01 9.503000000000000336e-01
9.436999999999999833e-01 9.503000000000000336e-01
9.436999999999999833e-01 9.496999999999999886e-01
9.436999999999999833e-01 9.504000000000000226e-01
9.436999999999999833e-01 9.499999999999999556e-01
9.436999999999999833e-01 9.497999999999999776e-01
9.436999999999999833e-01 9.497999999999999776e-01
9.438999999999999613e-01 9.495000000000000107e-01
9.437999999999999723e-01 9.497999999999999776e-01
9.437999999999999723e-01 9.506999999999999895e-01
9.436999999999999833e-01 9.504000000000000226e-01
9.436999999999999833e-01 9.508999999999999675e-01
9.436999999999999833e-01 9.503000000000000336e-01
9.435999999999999943e-01 9.512000000000000455e-01
9.435999999999999943e-01 9.509999999999999565e-01
9.436999999999999833e-01 9.505000000000000115e-01
9.436999999999999833e-01 9.499999999999999556e-01
9.437999999999999723e-01 9.500999999999999446e-01
9.437999999999999723e-01 9.503000000000000336e-01
9.437999999999999723e-01 9.497999999999999776e-01
9.437999999999999723e-01 9.498999999999999666e-01
9.437999999999999723e-01 9.502000000000000446e-01
9.437999999999999723e-01 9.500999999999999446e-01
9.437999999999999723e-01 9.503000000000000336e-01
9.436999999999999833e-01 9.506000000000000005e-01
9.435999999999999943e-01 9.499999999999999556e-01
9.434000000000000163e-01 9.505000000000000115e-01
9.435000000000000053e-01 9.508999999999999675e-01
9.435000000000000053e-01 9.503000000000000336e-01
9.435000000000000053e-01 9.502000000000000446e-01
9.435999999999999943e-01 9.507999999999999785e-01
9.435999999999999943e-01 9.504000000000000226e-01
9.435000000000000053e-01 9.508999999999999675e-01
9.435000000000000053e-01 9.507999999999999785e-01
9.435000000000000053e-01 9.505000000000000115e-01
9.433000000000000274e-01 9.509999999999999565e-01
9.432000000000000384e-01 9.514000000000000234e-01
9.432000000000000384e-01 9.508999999999999675e-01
9.431000000000000494e-01 9.507999999999999785e-01
9.432000000000000384e-01 9.506999999999999895e-01
9.431000000000000494e-01 9.509999999999999565e-01
9.432000000000000384e-01 9.516000000000000014e-01
9.431000000000000494e-01 9.516000000000000014e-01
9.431000000000000494e-01 9.516000000000000014e-01
9.433000000000000274e-01 9.517999999999999794e-01
9.434000000000000163e-01 9.513000000000000345e-01
9.433000000000000274e-01 9.510999999999999455e-01
9.433000000000000274e-01 9.510999999999999455e-01
9.434000000000000163e-01 9.510999999999999455e-01
9.435000000000000053e-01 9.515000000000000124e-01
9.435000000000000053e-01 9.519999999999999574e-01
9.435000000000000053e-01 9.518999999999999684e-01
9.434000000000000163e-01 9.518999999999999684e-01
9.434000000000000163e-01 9.519999999999999574e-01
9.434000000000000163e-01 9.520999999999999464e-01
9.432000000000000384e-01 9.518999999999999684e-01
9.434000000000000163e-01 9.520999999999999464e-01
9.435000000000000053e-01 9.517999999999999794e-01
9.435000000000000053e-01 9.514000000000000234e-01
9.435999999999999943e-01 9.515000000000000124e-01
9.435000000000000053e-01 9.522000000000000464e-01
9.435999999999999943e-01 9.520999999999999464e-01
9.435999999999999943e-01 9.509999999999999565e-01
9.435000000000000053e-01 9.515000000000000124e-01
9.435000000000000053e-01 9.518999999999999684e-01
9.435000000000000053e-01 9.519999999999999574e-01
9.435000000000000053e-01 9.519999999999999574e-01
9.435000000000000053e-01 9.517999999999999794e-01
9.435000000000000053e-01 9.523000000000000353e-01
9.434000000000000163e-01 9.516999999999999904e-01
9.434000000000000163e-01 9.515000000000000124e-01
9.434000000000000163e-01 9.518999999999999684e-01
9.434000000000000163e-01 9.517999999999999794e-01
9.434000000000000163e-01 9.513000000000000345e-01
9.433000000000000274e-01 9.515000000000000124e-01
9.433000000000000274e-01 9.514000000000000234e-01
9.433000000000000274e-01 9.516999999999999904e-01
9.433000000000000274e-01 9.519999999999999574e-01
9.434000000000000163e-01 9.519999999999999574e-01
9.434000000000000163e-01 9.517999999999999794e-01
9.434000000000000163e-01 9.514000000000000234e-01
9.434000000000000163e-01 9.510999999999999455e-01
9.435000000000000053e-01 9.505000000000000115e-01
9.435000000000000053e-01 9.514000000000000234e-01
9.434000000000000163e-01 9.506999999999999895e-01
9.434000000000000163e-01 9.516000000000000014e-01
9.435000000000000053e-01 9.516000000000000014e-01
9.435000000000000053e-01 9.508999999999999675e-01
9.434000000000000163e-01 9.514000000000000234e-01
9.435000000000000053e-01 9.513000000000000345e-01
9.435000000000000053e-01 9.510999999999999455e-01
9.435000000000000053e-01 9.509999999999999565e-01
9.434000000000000163e-01 9.516999999999999904e-01
9.433000000000000274e-01 9.508999999999999675e-01
9.433000000000000274e-01 9.517999999999999794e-01
9.432000000000000384e-01 9.510999999999999455e-01
9.432000000000000384e-01 9.506999999999999895e-01
9.432000000000000384e-01 9.504000000000000226e-01
9.432000000000000384e-01 9.508999999999999675e-01
9.432000000000000384e-01 9.504000000000000226e-01
9.432000000000000384e-01 9.505000000000000115e-01
9.432000000000000384e-01 9.506000000000000005e-01
9.432000000000000384e-01 9.507999999999999785e-01
9.432000000000000384e-01 9.506999999999999895e-01
9.432000000000000384e-01 9.506999999999999895e-01
9.432000000000000384e-01 9.509999999999999565e-01
9.432000000000000384e-01 9.507999999999999785e-01
9.432000000000000384e-01 9.507999999999999785e-01
9.432000000000000384e-01 9.506999999999999895e-01
9.432000000000000384e-01 9.514000000000000234e-01
9.432000000000000384e-01 9.507999999999999785e-01
9.432000000000000384e-01 9.502000000000000446e-01
9.432000000000000384e-01 9.505000000000000115e-01
9.432000000000000384e-01 9.509999999999999565e-01
9.432000000000000384e-01 9.506000000000000005e-01
9.432000000000000384e-01 9.503000000000000336e-01
9.432000000000000384e-01 9.505000000000000115e-01
9.432000000000000384e-01 9.518999999999999684e-01
9.432000000000000384e-01 9.513000000000000345e-01
9.432000000000000384e-01 9.507999999999999785e-01
9.432000000000000384e-01 9.509999999999999565e-01
9.432000000000000384e-01 9.513000000000000345e-01
9.432000000000000384e-01 9.516000000000000014e-01
9.432000000000000384e-01 9.513000000000000345e-01
9.431000000000000494e-01 9.508999999999999675e-01
9.429999999999999494e-01 9.517999999999999794e-01
9.432000000000000384e-01 9.516999999999999904e-01
9.431000000000000494e-01 9.516999999999999904e-01
9.431000000000000494e-01 9.512000000000000455e-01
9.432000000000000384e-01 9.510999999999999455e-01
9.433000000000000274e-01 9.506999999999999895e-01
9.432000000000000384e-01 9.513000000000000345e-01
9.432000000000000384e-01 9.512000000000000455e-01
9.433000000000000274e-01 9.512000000000000455e-01
9.432000000000000384e-01 9.517999999999999794e-01
9.432000000000000384e-01 9.516000000000000014e-01
9.433000000000000274e-01 9.515000000000000124e-01
9.433000000000000274e-01 9.516999999999999904e-01
9.432000000000000384e-01 9.517999999999999794e-01
9.432000000000000384e-01 9.514000000000000234e-01
9.432000000000000384e-01 9.518999999999999684e-01
9.432000000000000384e-01 9.523000000000000353e-01
9.434000000000000163e-01 9.520999999999999464e-01
9.434000000000000163e-01 9.520999999999999464e-01
9.434000000000000163e-01 9.523000000000000353e-01
9.434000000000000163e-01 9.526999999999999913e-01
9.434000000000000163e-01 9.525000000000000133e-01
9.434000000000000163e-01 9.520999999999999464e-01
9.435000000000000053e-01 9.526999999999999913e-01
9.435000000000000053e-01 9.522000000000000464e-01
9.435999999999999943e-01 9.522000000000000464e-01
9.435999999999999943e-01 9.518999999999999684e-01
9.435999999999999943e-01 9.515000000000000124e-01
9.436999999999999833e-01 9.510999999999999455e-01
9.436999999999999833e-01 9.510999999999999455e-01
9.436999999999999833e-01 9.512000000000000455e-01
9.435000000000000053e-01 9.508999999999999675e-01
9.435000000000000053e-01 9.515000000000000124e-01
9.435999999999999943e-01 9.516999999999999904e-01
9.435999999999999943e-01 9.515000000000000124e-01
9.435999999999999943e-01 9.516000000000000014e-01
9.435999999999999943e-01 9.512000000000000455e-01
9.435999999999999943e-01 9.516000000000000014e-01
9.435999999999999943e-01 9.515000000000000124e-01
9.435999999999999943e-01 9.517999999999999794e-01
9.435999999999999943e-01 9.518999999999999684e-01
9.435999999999999943e-01 9.516000000000000014e-01
9.435999999999999943e-01 9.518999999999999684e-01
9.435999999999999943e-01 9.516000000000000014e-01
9.435999999999999943e-01 9.519999999999999574e-01
9.436999999999999833e-01 9.506999999999999895e-01
9.436999999999999833e-01 9.506000000000000005e-01
9.437999999999999723e-01 9.509999999999999565e-01
9.436999999999999833e-01 9.512000000000000455e-01
9.436999999999999833e-01 9.512000000000000455e-01
9.437999999999999723e-01 9.509999999999999565e-01
9.437999999999999723e-01 9.508999999999999675e-01
9.436999999999999833e-01 9.507999999999999785e-01
9.436999999999999833e-01 9.508999999999999675e-01
9.437999999999999723e-01 9.509999999999999565e-01
9.438999999999999613e-01 9.505000000000000115e-01
9.438999999999999613e-01 9.507999999999999785e-01
9.438999999999999613e-01 9.512000000000000455e-01
9.438999999999999613e-01 9.508999999999999675e-01
9.438999999999999613e-01 9.508999999999999675e-01
9.438999999999999613e-01 9.506999999999999895e-01
9.438999999999999613e-01 9.509999999999999565e-01
9.438999999999999613e-01 9.508999999999999675e-01
9.439999999999999503e-01 9.508999999999999675e-01
9.439999999999999503e-01 9.506000000000000005e-01
9.439999999999999503e-01 9.505000000000000115e-01
9.439999999999999503e-01 9.508999999999999675e-01
9.438999999999999613e-01 9.503000000000000336e-01
9.438999999999999613e-01 9.499999999999999556e-01
9.438999999999999613e-01 9.503000000000000336e-01
9.438999999999999613e-01 9.497999999999999776e-01
9.438999999999999613e-01 9.502000000000000446e-01
9.438999999999999613e-01 9.503000000000000336e-01
9.438999999999999613e-01 9.499999999999999556e-01
9.438999999999999613e-01 9.497999999999999776e-01
9.438999999999999613e-01 9.500999999999999446e-01
9.438999999999999613e-01 9.505000000000000115e-01
9.438999999999999613e-01 9.505000000000000115e-01
9.438999999999999613e-01 9.502000000000000446e-01
9.438999999999999613e-01 9.502000000000000446e-01
9.437999999999999723e-01 9.500999999999999446e-01
9.437999999999999723e-01 9.512000000000000455e-01
9.437999999999999723e-01 9.505000000000000115e-01
9.437999999999999723e-01 9.506000000000000005e-01
9.438999999999999613e-01 9.499999999999999556e-01
9.443000000000000282e-01 9.508999999999999675e-01
9.443000000000000282e-01 9.503000000000000336e-01
9.442000000000000393e-01 9.503000000000000336e-01
9.442000000000000393e-01 9.499999999999999556e-01
9.443000000000000282e-01 9.500999999999999446e-01
9.443000000000000282e-01 9.500999999999999446e-01
9.443000000000000282e-01 9.505000000000000115e-01
9.443000000000000282e-01 9.504000000000000226e-01
9.442000000000000393e-01 9.506999999999999895e-01
9.442000000000000393e-01 9.506999999999999895e-01
9.442000000000000393e-01 9.507999999999999785e-01
9.442000000000000393e-01 9.507999999999999785e-01
9.441000000000000503e-01 9.509999999999999565e-01
9.441000000000000503e-01 9.506000000000000005e-01
9.441000000000000503e-01 9.502000000000000446e-01
9.441000000000000503e-01 9.514000000000000234e-01
9.441000000000000503e-01 9.513000000000000345e-01
9.441000000000000503e-01 9.507999999999999785e-01
9.441000000000000503e-01 9.509999999999999565e-01
9.441000000000000503e-01 9.509999999999999565e-01
9.441000000000000503e-01 9.504000000000000226e-01
9.439999999999999503e-01 9.506000000000000005e-01
9.441000000000000503e-01 9.497999999999999776e-01
9.441000000000000503e-01 9.499999999999999556e-01
9.441000000000000503e-01 9.502000000000000446e-01
9.441000000000000503e-01 9.502000000000000446e-01
9.441000000000000503e-01 9.503000000000000336e-01
9.441000000000000503e-01 9.498999999999999666e-01
9.441000000000000503e-01 9.503000000000000336e-01
9.441000000000000503e-01 9.505000000000000115e-01
9.441000000000000503e-01 9.502000000000000446e-01
9.441000000000000503e-01 9.502000000000000446e-01
9.441000000000000503e-01 9.498999999999999666e-01
9.441000000000000503e-01 9.504000000000000226e-01
9.441000000000000503e-01 9.499999999999999556e-01
9.441000000000000503e-01 9.499999999999999556e-01
9.441000000000000503e-01 9.503000000000000336e-01
9.441000000000000503e-01 9.503000000000000336e-01
9.441000000000000503e-01 9.503000000000000336e-01
9.441000000000000503e-01 9.506000000000000005e-01
9.441000000000000503e-01 9.505000000000000115e-01
9.441000000000000503e-01 9.502000000000000446e-01
9.439999999999999503e-01 9.497999999999999776e-01
9.441000000000000503e-01 9.504000000000000226e-01
9.439999999999999503e-01 9.499999999999999556e-01
9.439999999999999503e-01 9.502000000000000446e-01
9.441000000000000503e-01 9.499999999999999556e-01
9.441000000000000503e-01 9.494000000000000217e-01
9.442000000000000393e-01 9.494000000000000217e-01
9.442000000000000393e-01 9.497999999999999776e-01
9.441000000000000503e-01 9.498999999999999666e-01
9.441000000000000503e-01 9.496999999999999886e-01
9.441000000000000503e-01 9.491000000000000547e-01
9.441000000000000503e-01 9.486999999999999877e-01
9.441000000000000503e-01 9.485999999999999988e-01
9.441000000000000503e-01 9.482000000000000428e-01
9.441000000000000503e-01 9.485999999999999988e-01
9.441000000000000503e-01 9.487999999999999767e-01
9.441000000000000503e-01 9.481000000000000538e-01
9.442000000000000393e-01 9.492000000000000437e-01
9.442000000000000393e-01 9.485999999999999988e-01
9.442000000000000393e-01 9.488999999999999657e-01
9.442000000000000393e-01 9.496999999999999886e-01
9.442000000000000393e-01 9.497999999999999776e-01
9.441000000000000503e-01 9.496999999999999886e-01
9.439999999999999503e-01 9.495000000000000107e-01
9.441000000000000503e-01 9.496999999999999886e-01
9.439999999999999503e-01 9.496999999999999886e-01
9.438999999999999613e-01 9.491000000000000547e-01
9.438999999999999613e-01 9.495999999999999996e-01
9.437999999999999723e-01 9.500999999999999446e-01
9.438999999999999613e-01 9.504000000000000226e-01
9.438999999999999613e-01 9.497999999999999776e-01
9.438999999999999613e-01 9.495000000000000107e-01
9.437999999999999723e-01 9.495000000000000107e-01
9.438999999999999613e-01 9.494000000000000217e-01
9.437999999999999723e-01 9.488999999999999657e-01
9.437999999999999723e-01 9.491000000000000547e-01
9.437999999999999723e-01 9.491000000000000547e-01
9.437999999999999723e-01 9.486999999999999877e-01
9.437999999999999723e-01 9.486999999999999877e-01
9.437999999999999723e-01 9.486999999999999877e-01
9.437999999999999723e-01 9.492000000000000437e-01
9.437999999999999723e-01 9.491000000000000547e-01
9.437999999999999723e-01 9.493000000000000327e-01
9.436999999999999833e-01 9.485000000000000098e-01
9.437999999999999723e-01 9.489999999999999547e-01
9.437999999999999723e-01 9.486999999999999877e-01
9.437999999999999723e-01 9.485000000000000098e-01
9.437999999999999723e-01 9.487999999999999767e-01
9.437999999999999723e-01 9.486999999999999877e-01
9.437999999999999723e-01 9.494000000000000217e-01
9.437999999999999723e-01 9.495999999999999996e-01
9.437999999999999723e-01 9.491000000000000547e-01
9.437999999999999723e-01 9.488999999999999657e-01
9.438999999999999613e-01 9.485999999999999988e-01
9.438999999999999613e-01 9.485999999999999988e-01
9.438999999999999613e-01 9.486999999999999877e-01
9.438999999999999613e-01 9.488999999999999657e-01
9.438999999999999613e-01 9.487999999999999767e-01
9.438999999999999613e-01 9.489999999999999547e-01
9.438999999999999613e-01 9.475999999999999979e-01
9.438999999999999613e-01 9.483000000000000318e-01
9.437999999999999723e-01 9.477999999999999758e-01
9.437999999999999723e-01 9.479999999999999538e-01
9.437999999999999723e-01 9.487999999999999767e-01
9.438999999999999613e-01 9.481000000000000538e-01
9.439999999999999503e-01 9.483000000000000318e-01
9.439999999999999503e-01 9.484000000000000208e-01
9.438999999999999613e-01 9.493000000000000327e-01
9.438999999999999613e-01 9.488999999999999657e-01
9.439999999999999503e-01 9.484000000000000208e-01
9.439999999999999503e-01 9.483000000000000318e-01
9.439999999999999503e-01 9.488999999999999657e-01
9.439999999999999503e-01 9.485000000000000098e-01
9.439999999999999503e-01 9.489999999999999547e-01
9.439999999999999503e-01 9.491000000000000547e-01
9.441000000000000503e-01 9.492000000000000437e-01
9.441000000000000503e-01 9.489999999999999547e-01
9.441000000000000503e-01 9.485999999999999988e-01
9.441000000000000503e-01 9.484000000000000208e-01
9.439999999999999503e-01 9.482000000000000428e-01
9.441000000000000503e-01 9.485999999999999988e-01
9.442000000000000393e-01 9.488999999999999657e-01
9.442000000000000393e-01 9.485999999999999988e-01
9.442000000000000393e-01 9.491000000000000547e-01
9.442000000000000393e-01 9.492000000000000437e-01
9.443000000000000282e-01 9.491000000000000547e-01
9.443000000000000282e-01 9.483000000000000318e-01
9.443000000000000282e-01 9.483000000000000318e-01
9.443000000000000282e-01 9.478999999999999648e-01
9.443000000000000282e-01 9.478999999999999648e-01
9.443000000000000282e-01 9.485000000000000098e-01
9.443000000000000282e-01 9.481000000000000538e-01
9.442000000000000393e-01 9.491000000000000547e-01
9.442000000000000393e-01 9.492000000000000437e-01
9.442000000000000393e-01 9.488999999999999657e-01
9.442000000000000393e-01 9.487999999999999767e-01
9.442000000000000393e-01 9.485999999999999988e-01
9.441000000000000503e-01 9.487999999999999767e-01
9.443000000000000282e-01 9.487999999999999767e-01
9.443000000000000282e-01 9.486999999999999877e-01
9.443000000000000282e-01 9.486999999999999877e-01
9.443000000000000282e-01 9.488999999999999657e-01
9.443000000000000282e-01 9.485999999999999988e-01
9.444000000000000172e-01 9.483000000000000318e-01
9.444000000000000172e-01 9.485999999999999988e-01
9.444000000000000172e-01 9.486999999999999877e-01
9.444000000000000172e-01 9.487999999999999767e-01
9.444000000000000172e-01 9.492000000000000437e-01
9.444000000000000172e-01 9.486999999999999877e-01
9.444000000000000172e-01 9.493000000000000327e-01
9.444000000000000172e-01 9.493000000000000327e-01
9.443000000000000282e-01 9.494000000000000217e-01
9.443000000000000282e-01 9.496999999999999886e-01
9.443000000000000282e-01 9.496999999999999886e-01
9.443000000000000282e-01 9.492000000000000437e-01
9.442000000000000393e-01 9.498999999999999666e-01
9.444000000000000172e-01 9.489999999999999547e-01
9.444000000000000172e-01 9.495000000000000107e-01
9.444000000000000172e-01 9.486999999999999877e-01
9.445000000000000062e-01 9.491000000000000547e-01
9.445000000000000062e-01 9.487999999999999767e-01
9.445000000000000062e-01 9.487999999999999767e-01
9.445999999999999952e-01 9.488999999999999657e-01
9.445999999999999952e-01 9.488999999999999657e-01
9.444000000000000172e-01 9.491000000000000547e-01
9.444000000000000172e-01 9.493000000000000327e-01
9.444000000000000172e-01 9.493000000000000327e-01
9.444000000000000172e-01 9.488999999999999657e-01
9.443000000000000282e-01 9.489999999999999547e-01
9.443000000000000282e-01 9.486999999999999877e-01
9.443000000000000282e-01 9.484000000000000208e-01
9.443000000000000282e-01 9.484000000000000208e-01
9.444000000000000172e-01 9.486999999999999877e-01
9.444000000000000172e-01 9.492000000000000437e-01
9.444000000000000172e-01 9.489999999999999547e-01
9.445000000000000062e-01 9.489999999999999547e-01
9.445000000000000062e-01 9.494000000000000217e-01
9.445000000000000062e-01 9.495000000000000107e-01
9.445999999999999952e-01 9.495000000000000107e-01
9.445999999999999952e-01 9.495000000000000107e-01
9.446999999999999842e-01 9.493000000000000327e-01
9.447999999999999732e-01 9.489999999999999547e-01
9.446999999999999842e-01 9.492000000000000437e-01
9.446999999999999842e-01 9.494000000000000217e-01
9.446999999999999842e-01 9.492000000000000437e-01
9.446999999999999842e-01 9.488999999999999657e-01
9.446999999999999842e-01 9.489999999999999547e-01
9.445999999999999952e-01 9.491000000000000547e-01
9.445999999999999952e-01 9.485999999999999988e-01
9.445999999999999952e-01 9.488999999999999657e-01
9.445999999999999952e-01 9.491000000000000547e-01
9.446999999999999842e-01 9.495999999999999996e-01
9.445999999999999952e-01 9.494000000000000217e-01
9.446999999999999842e-01 9.495000000000000107e-01
9.446999999999999842e-01 9.494000000000000217e-01
9.446999999999999842e-01 9.495999999999999996e-01
9.447999999999999732e-01 9.489999999999999547e-01
9.445999999999999952e-01 9.488999999999999657e-01
9.445999999999999952e-01 9.487999999999999767e-01
9.446999999999999842e-01 9.489999999999999547e-01
9.447999999999999732e-01 9.489999999999999547e-01
9.447999999999999732e-01 9.488999999999999657e-01
9.448999999999999622e-01 9.491000000000000547e-01
9.448999999999999622e-01 9.492000000000000437e-01
9.448999999999999622e-01 9.493000000000000327e-01
9.448999999999999622e-01 9.488999999999999657e-01
9.449999999999999512e-01 9.485999999999999988e-01
9.449999999999999512e-01 9.492000000000000437e-01
9.449999999999999512e-01 9.488999999999999657e-01
9.448999999999999622e-01 9.491000000000000547e-01
9.448999999999999622e-01 9.495000000000000107e-01
9.448999999999999622e-01 9.495999999999999996e-01
9.449999999999999512e-01 9.498999999999999666e-01
9.448999999999999622e-01 9.491000000000000547e-01
9.451000000000000512e-01 9.493000000000000327e-01
9.451000000000000512e-01 9.488999999999999657e-01
9.452000000000000401e-01 9.495000000000000107e-01
9.451000000000000512e-01 9.494000000000000217e-01
9.451000000000000512e-01 9.495000000000000107e-01
9.451000000000000512e-01 9.494000000000000217e-01
9.451000000000000512e-01 9.494000000000000217e-01
9.451000000000000512e-01 9.499999999999999556e-01
9.449999999999999512e-01 9.495999999999999996e-01
9.451000000000000512e-01 9.497999999999999776e-01
9.451000000000000512e-01 9.498999999999999666e-01
9.451000000000000512e-01 9.498999999999999666e-01
9.449999999999999512e-01 9.497999999999999776e-01
9.449999999999999512e-01 9.495999999999999996e-01
9.449999999999999512e-01 9.495000000000000107e-01
9.449999999999999512e-01 9.494000000000000217e-01
9.449999999999999512e-01 9.494000000000000217e-01
9.449999999999999512e-01 9.493000000000000327e-01
9.448999999999999622e-01 9.488999999999999657e-01
9.449999999999999512e-01 9.487999999999999767e-01
9.449999999999999512e-01 9.483000000000000318e-01
9.448999999999999622e-01 9.485999999999999988e-01
9.451000000000000512e-01 9.487999999999999767e-01
9.449999999999999512e-01 9.486999999999999877e-01
9.449999999999999512e-01 9.484000000000000208e-01
9.449999999999999512e-01 9.478999999999999648e-01
9.449999999999999512e-01 9.475999999999999979e-01
9.448999999999999622e-01 9.477999999999999758e-01
9.448999999999999622e-01 9.474000000000000199e-01
9.447999999999999732e-01 9.471000000000000529e-01
9.447999999999999732e-01 9.469999999999999529e-01
9.447999999999999732e-01 9.473000000000000309e-01
9.446999999999999842e-01 9.475999999999999979e-01
9.448999999999999622e-01 9.476999999999999869e-01
9.446999999999999842e-01 9.476999999999999869e-01
9.448999999999999622e-01 9.475000000000000089e-01
9.448999999999999622e-01 9.482000000000000428e-01
9.448999999999999622e-01 9.479999999999999538e-01
9.448999999999999622e-01 9.481000000000000538e-01
9.448999999999999622e-01 9.482000000000000428e-01
9.448999999999999622e-01 9.483000000000000318e-01
9.448999999999999622e-01 9.475999999999999979e-01
9.448999999999999622e-01 9.484000000000000208e-01
9.449999999999999512e-01 9.483000000000000318e-01
9.449999999999999512e-01 9.473000000000000309e-01
9.449999999999999512e-01 9.475000000000000089e-01
9.451000000000000512e-01 9.475000000000000089e-01
9.451000000000000512e-01 9.476999999999999869e-01
9.451000000000000512e-01 9.473000000000000309e-01
9.449999999999999512e-01 9.481000000000000538e-01
9.451000000000000512e-01 9.478999999999999648e-01
9.448999999999999622e-01 9.479999999999999538e-01
9.449999999999999512e-01 9.479999999999999538e-01
9.449999999999999512e-01 9.479999999999999538e-01
9.449999999999999512e-01 9.479999999999999538e-01
9.449999999999999512e-01 9.483000000000000318e-01
9.449999999999999512e-01 9.482000000000000428e-01
9.449999999999999512e-01 9.484000000000000208e-01
9.449999999999999512e-01 9.487999999999999767e-01
9.449999999999999512e-01 9.491000000000000547e-01
9.451000000000000512e-01 9.486999999999999877e-01
9.451000000000000512e-01 9.491000000000000547e-01
9.451000000000000512e-01 9.485000000000000098e-01
9.449999999999999512e-01 9.483000000000000318e-01
9.449999999999999512e-01 9.486999999999999877e-01
9.449999999999999512e-01 9.484000000000000208e-01
9.449999999999999512e-01 9.485000000000000098e-01
9.449999999999999512e-01 9.489999999999999547e-01
9.449999999999999512e-01 9.485999999999999988e-01
9.451000000000000512e-01 9.489999999999999547e-01
9.451000000000000512e-01 9.495000000000000107e-01
9.449999999999999512e-01 9.492000000000000437e-01
9.449999999999999512e-01 9.489999999999999547e-01
9.451000000000000512e-01 9.479999999999999538e-01
9.449999999999999512e-01 9.487999999999999767e-01
9.449999999999999512e-01 9.484000000000000208e-01
9.449999999999999512e-01 9.486999999999999877e-01
9.449999999999999512e-01 9.484000000000000208e-01
9.449999999999999512e-01 9.489999999999999547e-01
9.449999999999999512e-01 9.491000000000000547e-01
9.451000000000000512e-01 9.489999999999999547e-01
9.451000000000000512e-01 9.492000000000000437e-01
9.449999999999999512e-01 9.489999999999999547e-01
9.451000000000000512e-01 9.495000000000000107e-01
9.451000000000000512e-01 9.485999999999999988e-01
9.452000000000000401e-01 9.485000000000000098e-01
9.452000000000000401e-01 9.487999999999999767e-01
9.453000000000000291e-01 9.487999999999999767e-01
9.453000000000000291e-01 9.488999999999999657e-01
9.454000000000000181e-01 9.489999999999999547e-01
9.454000000000000181e-01 9.485000000000000098e-01
9.454000000000000181e-01 9.491000000000000547e-01
9.454000000000000181e-01 9.485000000000000098e-01
9.454000000000000181e-01 9.488999999999999657e-01
9.454000000000000181e-01 9.489999999999999547e-01
9.454000000000000181e-01 9.487999999999999767e-01
9.454000000000000181e-01 9.486999999999999877e-01
9.454000000000000181e-01 9.487999999999999767e-01
9.454000000000000181e-01 9.484000000000000208e-01
9.455000000000000071e-01 9.486999999999999877e-01
9.455000000000000071e-01 9.488999999999999657e-01
9.455000000000000071e-01 9.482000000000000428e-01
9.455000000000000071e-01 9.485999999999999988e-01
9.455999999999999961e-01 9.488999999999999657e-01
9.455999999999999961e-01 9.486999999999999877e-01
9.455000000000000071e-01 9.482000000000000428e-01
9.455000000000000071e-01 9.475999999999999979e-01
9.455000000000000071e-01 9.476999999999999869e-01
9.455000000000000071e-01 9.475000000000000089e-01
9.455000000000000071e-01 9.482000000000000428e-01
9.454000000000000181e-01 9.484000000000000208e-01
9.455000000000000071e-01 9.482000000000000428e-01
9.455000000000000071e-01 9.475999999999999979e-01
9.455000000000000071e-01 9.485000000000000098e-01
9.455000000000000071e-01 9.481000000000000538e-01
9.455000000000000071e-01 9.481000000000000538e-01
9.455000000000000071e-01 9.479999999999999538e-01
9.455999999999999961e-01 9.479999999999999538e-01
9.455000000000000071e-01 9.482000000000000428e-01
9.455999999999999961e-01 9.481000000000000538e-01
9.455999999999999961e-01 9.477999999999999758e-01
9.455999999999999961e-01 9.485000000000000098e-01
9.456999999999999851e-01 9.479999999999999538e-01
9.456999999999999851e-01 9.476999999999999869e-01
9.455999999999999961e-01 9.469999999999999529e-01
9.455999999999999961e-01 9.472000000000000419e-01
9.455999999999999961e-01 9.479999999999999538e-01
9.455999999999999961e-01 9.479999999999999538e-01
9.456999999999999851e-01 9.485999999999999988e-01
9.455999999999999961e-01 9.487999999999999767e-01
9.456999999999999851e-01 9.493000000000000327e-01
9.456999999999999851e-01 9.482000000000000428e-01
9.456999999999999851e-01 9.486999999999999877e-01
9.456999999999999851e-01 9.485999999999999988e-01
9.456999999999999851e-01 9.484000000000000208e-01
9.456999999999999851e-01 9.484000000000000208e-01
9.456999999999999851e-01 9.485000000000000098e-01
9.456999999999999851e-01 9.485999999999999988e-01
9.456999999999999851e-01 9.487999999999999767e-01
9.456999999999999851e-01 9.477999999999999758e-01
9.456999999999999851e-01 9.482000000000000428e-01
9.456999999999999851e-01 9.489999999999999547e-01
9.456999999999999851e-01 9.482000000000000428e-01
9.456999999999999851e-01 9.481000000000000538e-01
9.456999999999999851e-01 9.477999999999999758e-01
9.456999999999999851e-01 9.475000000000000089e-01
9.456999999999999851e-01 9.475000000000000089e-01
9.456999999999999851e-01 9.477999999999999758e-01
9.456999999999999851e-01 9.478999999999999648e-01
9.455999999999999961e-01 9.482000000000000428e-01
9.455999999999999961e-01 9.479999999999999538e-01
9.455999999999999961e-01 9.485999999999999988e-01
9.456999999999999851e-01 9.482000000000000428e-01
9.457999999999999741e-01 9.483000000000000318e-01
9.456999999999999851e-01 9.478999999999999648e-01
9.456999999999999851e-01 9.485999999999999988e-01
9.456999999999999851e-01 9.487999999999999767e-01
9.456999999999999851e-01 9.488999999999999657e-01
9.456999999999999851e-01 9.482000000000000428e-01
9.456999999999999851e-01 9.485999999999999988e-01
9.455999999999999961e-01 9.491000000000000547e-01
9.454000000000000181e-01 9.485999999999999988e-01
9.455000000000000071e-01 9.491000000000000547e-01
9.455000000000000071e-01 9.484000000000000208e-01
9.454000000000000181e-01 9.485999999999999988e-01
9.454000000000000181e-01 9.489999999999999547e-01
9.455999999999999961e-01 9.489999999999999547e-01
9.455999999999999961e-01 9.493000000000000327e-01
9.455999999999999961e-01 9.492000000000000437e-01
9.455999999999999961e-01 9.483000000000000318e-01
9.454000000000000181e-01 9.493000000000000327e-01
9.454000000000000181e-01 9.493000000000000327e-01
9.454000000000000181e-01 9.488999999999999657e-01
9.454000000000000181e-01 9.492000000000000437e-01
9.454000000000000181e-01 9.491000000000000547e-01
9.454000000000000181e-01 9.492000000000000437e-01
9.454000000000000181e-01 9.500999999999999446e-01
9.454000000000000181e-01 9.504000000000000226e-01
9.454000000000000181e-01 9.502000000000000446e-01
9.454000000000000181e-01 9.506999999999999895e-01
9.454000000000000181e-01 9.512000000000000455e-01
9.454000000000000181e-01 9.506000000000000005e-01
9.454000000000000181e-01 9.506000000000000005e-01
9.454000000000000181e-01 9.504000000000000226e-01
9.454000000000000181e-01 9.500999999999999446e-01
9.454000000000000181e-01 9.502000000000000446e-01
9.454000000000000181e-01 9.505000000000000115e-01
9.454000000000000181e-01 9.498999999999999666e-01
9.453000000000000291e-01 9.495000000000000107e-01
9.453000000000000291e-01 9.485999999999999988e-01
9.453000000000000291e-01 9.483000000000000318e-01
9.453000000000000291e-01 9.484000000000000208e-01
9.453000000000000291e-01 9.485999999999999988e-01
9.453000000000000291e-01 9.484000000000000208e-01
9.453000000000000291e-01 9.485000000000000098e-01
9.453000000000000291e-01 9.483000000000000318e-01
9.453000000000000291e-01 9.484000000000000208e-01
9.453000000000000291e-01 9.483000000000000318e-01
9.453000000000000291e-01 9.486999999999999877e-01
9.453000000000000291e-01 9.493000000000000327e-01
9.453000000000000291e-01 9.493000000000000327e-01
9.453000000000000291e-01 9.489999999999999547e-01
9.454000000000000181e-01 9.488999999999999657e-01
9.454000000000000181e-01 9.486999999999999877e-01
9.455000000000000071e-01 9.488999999999999657e-01
9.455000000000000071e-01 9.496999999999999886e-01
9.455000000000000071e-01 9.492000000000000437e-01
9.455000000000000071e-01 9.494000000000000217e-01
9.455000000000000071e-01 9.495999999999999996e-01
9.455999999999999961e-01 9.497999999999999776e-01
9.454000000000000181e-01 9.500999999999999446e-01
9.454000000000000181e-01 9.495999999999999996e-01
9.454000000000000181e-01 9.491000000000000547e-01
9.454000000000000181e-01 9.485999999999999988e-01
9.454000000000000181e-01 9.498999999999999666e-01
9.455000000000000071e-01 9.495999999999999996e-01
9.455000000000000071e-01 9.495000000000000107e-01
9.455000000000000071e-01 9.489999999999999547e-01
9.455000000000000071e-01 9.493000000000000327e-01
9.455000000000000071e-01 9.494000000000000217e-01
9.455000000000000071e-01 9.495000000000000107e-01
9.455000000000000071e-01 9.497999999999999776e-01
9.455000000000000071e-01 9.497999999999999776e-01
9.455999999999999961e-01 9.500999999999999446e-01
9.455999999999999961e-01 9.498999999999999666e-01
9.455999999999999961e-01 9.500999999999999446e-01
9.455999999999999961e-01 9.495000000000000107e-01
9.455000000000000071e-01 9.495999999999999996e-01
9.455999999999999961e-01 9.488999999999999657e-01
9.456999999999999851e-01 9.486999999999999877e-01
9.456999999999999851e-01 9.488999999999999657e-01
9.456999999999999851e-01 9.486999999999999877e-01
9.456999999999999851e-01 9.489999999999999547e-01
9.456999999999999851e-01 9.491000000000000547e-01
9.456999999999999851e-01 9.496999999999999886e-01
9.456999999999999851e-01 9.495000000000000107e-01
9.455000000000000071e-01 9.494000000000000217e-01
9.455999999999999961e-01 9.491000000000000547e-01
9.455999999999999961e-01 9.495999999999999996e-01
9.455999999999999961e-01 9.488999999999999657e-01
9.455999999999999961e-01 9.487999999999999767e-01
9.456999999999999851e-01 9.488999999999999657e-01
9.456999999999999851e-01 9.492000000000000437e-01
9.456999999999999851e-01 9.491000000000000547e-01
9.457999999999999741e-01 9.484000000000000208e-01
9.457999999999999741e-01 9.485999999999999988e-01
9.457999999999999741e-01 9.489999999999999547e-01
9.456999999999999851e-01 9.491000000000000547e-01
9.457999999999999741e-01 9.492000000000000437e-01
9.457999999999999741e-01 9.494000000000000217e-01
9.457999999999999741e-01 9.494000000000000217e-01
9.457999999999999741e-01 9.491000000000000547e-01
9.456999999999999851e-01 9.493000000000000327e-01
9.457999999999999741e-01 9.492000000000000437e-01
9.456999999999999851e-01 9.487999999999999767e-01
9.457999999999999741e-01 9.492000000000000437e-01
9.455999999999999961e-01 9.494000000000000217e-01
9.455999999999999961e-01 9.495999999999999996e-01
9.455999999999999961e-01 9.485999999999999988e-01
9.455999999999999961e-01 9.487999999999999767e-01
9.455999999999999961e-01 9.488999999999999657e-01
9.455999999999999961e-01 9.483000000000000318e-01
9.455999999999999961e-01 9.481000000000000538e-01
9.455000000000000071e-01 9.485000000000000098e-01
9.455000000000000071e-01 9.486999999999999877e-01
9.455999999999999961e-01 9.492000000000000437e-01
9.455999999999999961e-01 9.493000000000000327e-01
9.455999999999999961e-01 9.491000000000000547e-01
9.455999999999999961e-01 9.488999999999999657e-01
9.455999999999999961e-01 9.485999999999999988e-01
9.455999999999999961e-01 9.493000000000000327e-01
9.455999999999999961e-01 9.485999999999999988e-01
9.455999999999999961e-01 9.491000000000000547e-01
9.455999999999999961e-01 9.487999999999999767e-01
9.456999999999999851e-01 9.487999999999999767e-01
9.456999999999999851e-01 9.478999999999999648e-01
9.456999999999999851e-01 9.477999999999999758e-01
9.456999999999999851e-01 9.473000000000000309e-01
9.456999999999999851e-01 9.478999999999999648e-01
9.456999999999999851e-01 9.485000000000000098e-01
9.455999999999999961e-01 9.484000000000000208e-01
9.455999999999999961e-01 9.476999999999999869e-01
9.455999999999999961e-01 9.475999999999999979e-01
9.455000000000000071e-01 9.476999999999999869e-01
9.455000000000000071e-01 9.471000000000000529e-01
9.455000000000000071e-01 9.475999999999999979e-01
9.455000000000000071e-01 9.478999999999999648e-01
9.455000000000000071e-01 9.474000000000000199e-01
9.455000000000000071e-01 9.478999999999999648e-01
9.455000000000000071e-01 9.475999999999999979e-01
9.455000000000000071e-01 9.482000000000000428e-01
9.455000000000000071e-01 9.478999999999999648e-01
9.455000000000000071e-01 9.477999999999999758e-01
9.454000000000000181e-01 9.479999999999999538e-01
9.455000000000000071e-01 9.475000000000000089e-01
9.455000000000000071e-01 9.476999999999999869e-01
9.455999999999999961e-01 9.471000000000000529e-01
9.454000000000000181e-01 9.474000000000000199e-01
9.453000000000000291e-01 9.474000000000000199e-01
9.453000000000000291e-01 9.477999999999999758e-01
9.453000000000000291e-01 9.475999999999999979e-01
9.453000000000000291e-01 9.476999999999999869e-01
9.453000000000000291e-01 9.474000000000000199e-01
9.452000000000000401e-01 9.483000000000000318e-01
9.454000000000000181e-01 9.479999999999999538e-01
9.453000000000000291e-01 9.481000000000000538e-01
9.455000000000000071e-01 9.481000000000000538e-01
9.455000000000000071e-01 9.477999999999999758e-01
9.455999999999999961e-01 9.476999999999999869e-01
9.455999999999999961e-01 9.477999999999999758e-01
9.455999999999999961e-01 9.475999999999999979e-01
9.455000000000000071e-01 9.474000000000000199e-01
9.455999999999999961e-01 9.467999999999999750e-01
9.455999999999999961e-01 9.465999999999999970e-01
9.455000000000000071e-01 9.469999999999999529e-01
9.455000000000000071e-01 9.468999999999999639e-01
9.455999999999999961e-01 9.471000000000000529e-01
9.456999999999999851e-01 9.469999999999999529e-01
9.455999999999999961e-01 9.468999999999999639e-01
9.455999999999999961e-01 9.468999999999999639e-01
9.455999999999999961e-01 9.471000000000000529e-01
9.455999999999999961e-01 9.469999999999999529e-01
9.455999999999999961e-01 9.469999999999999529e-01
9.455999999999999961e-01 9.475999999999999979e-01
9.455999999999999961e-01 9.468999999999999639e-01
9.455999999999999961e-01 9.461000000000000520e-01
9.455999999999999961e-01 9.471000000000000529e-01
9.455999999999999961e-01 9.467999999999999750e-01
9.455999999999999961e-01 9.473000000000000309e-01
9.455999999999999961e-01 9.473000000000000309e-01
9.455999999999999961e-01 9.477999999999999758e-01
9.455000000000000071e-01 9.476999999999999869e-01
9.454000000000000181e-01 9.472000000000000419e-01
9.455000000000000071e-01 9.469999999999999529e-01
9.455000000000000071e-01 9.472000000000000419e-01
9.455000000000000071e-01 9.473000000000000309e-01
9.455000000000000071e-01 9.465999999999999970e-01
9.455000000000000071e-01 9.476999999999999869e-01
9.455000000000000071e-01 9.475000000000000089e-01
9.455000000000000071e-01 9.469999999999999529e-01
9.455000000000000071e-01 9.469999999999999529e-01
9.455000000000000071e-01 9.475999999999999979e-01
9.455000000000000071e-01 9.464000000000000190e-01
9.454000000000000181e-01 9.466999999999999860e-01
9.454000000000000181e-01 9.463000000000000300e-01
9.454000000000000181e-01 9.469999999999999529e-01
9.454000000000000181e-01 9.471000000000000529e-01
9.454000000000000181e-01 9.469999999999999529e-01
9.454000000000000181e-01 9.475000000000000089e-01
9.454000000000000181e-01 9.473000000000000309e-01
9.454000000000000181e-01 9.474000000000000199e-01
9.454000000000000181e-01 9.478999999999999648e-01
9.454000000000000181e-01 9.478999999999999648e-01
9.454000000000000181e-01 9.471000000000000529e-01
9.455000000000000071e-01 9.467999999999999750e-01
9.455000000000000071e-01 9.473000000000000309e-01
9.454000000000000181e-01 9.473000000000000309e-01
9.455000000000000071e-01 9.475000000000000089e-01
9.454000000000000181e-01 9.469999999999999529e-01
9.453000000000000291e-01 9.474000000000000199e-01
9.453000000000000291e-01 9.471000000000000529e-01
9.453000000000000291e-01 9.477999999999999758e-01
9.453000000000000291e-01 9.473000000000000309e-01
9.453000000000000291e-01 9.471000000000000529e-01
9.453000000000000291e-01 9.471000000000000529e-01
9.454000000000000181e-01 9.471000000000000529e-01
9.454000000000000181e-01 9.476999999999999869e-01
9.454000000000000181e-01 9.477999999999999758e-01
9.454000000000000181e-01 9.477999999999999758e-01
9.454000000000000181e-01 9.473000000000000309e-01
9.454000000000000181e-01 9.473000000000000309e-01
9.455000000000000071e-01 9.468999999999999639e-01
9.455000000000000071e-01 9.468999999999999639e-01
9.455000000000000071e-01 9.468999999999999639e-01
9.455000000000000071e-01 9.468999999999999639e-01
9.455000000000000071e-01 9.465999999999999970e-01
9.452000000000000401e-01 9.465000000000000080e-01
9.454000000000000181e-01 9.465999999999999970e-01
9.455000000000000071e-01 9.467999999999999750e-01
9.455000000000000071e-01 9.472000000000000419e-01
9.454000000000000181e-01 9.482000000000000428e-01
9.454000000000000181e-01 9.477999999999999758e-01
9.454000000000000181e-01 9.476999999999999869e-01
9.454000000000000181e-01 9.483000000000000318e-01
9.454000000000000181e-01 9.485999999999999988e-01
9.454000000000000181e-01 9.481000000000000538e-01
9.452000000000000401e-01 9.472000000000000419e-01
9.453000000000000291e-01 9.475999999999999979e-01
9.452000000000000401e-01 9.477999999999999758e-01
9.452000000000000401e-01 9.475999999999999979e-01
9.452000000000000401e-01 9.482000000000000428e-01
9.452000000000000401e-01 9.479999999999999538e-01
9.453000000000000291e-01 9.482000000000000428e-01
9.452000000000000401e-01 9.477999999999999758e-01
9.451000000000000512e-01 9.477999999999999758e-01
9.452000000000000401e-01 9.474000000000000199e-01
9.452000000000000401e-01 9.477999999999999758e-01
9.453000000000000291e-01 9.476999999999999869e-01
9.452000000000000401e-01 9.478999999999999648e-01
9.451000000000000512e-01 9.473000000000000309e-01
9.451000000000000512e-01 9.476999999999999869e-01
9.451000000000000512e-01 9.482000000000000428e-01
9.451000000000000512e-01 9.481000000000000538e-01
9.451000000000000512e-01 9.479999999999999538e-01
9.451000000000000512e-01 9.471000000000000529e-01
9.451000000000000512e-01 9.477999999999999758e-01
9.449999999999999512e-01 9.476999999999999869e-01
9.449999999999999512e-01 9.475000000000000089e-01
9.449999999999999512e-01 9.475999999999999979e-01
9.449999999999999512e-01 9.477999999999999758e-01
9.448999999999999622e-01 9.476999999999999869e-01
9.448999999999999622e-01 9.479999999999999538e-01
9.448999999999999622e-01 9.479999999999999538e-01
9.448999999999999622e-01 9.476999999999999869e-01
9.447999999999999732e-01 9.481000000000000538e-01
9.448999999999999622e-01 9.481000000000000538e-01
9.447999999999999732e-01 9.485000000000000098e-01
9.445999999999999952e-01 9.485999999999999988e-01
9.446999999999999842e-01 9.475000000000000089e-01
9.447999999999999732e-01 9.475000000000000089e-01
9.447999999999999732e-01 9.478999999999999648e-01
9.446999999999999842e-01 9.481000000000000538e-01
9.446999999999999842e-01 9.483000000000000318e-01
9.446999999999999842e-01 9.484000000000000208e-01
9.445999999999999952e-01 9.484000000000000208e-01
9.447999999999999732e-01 9.482000000000000428e-01
9.447999999999999732e-01 9.476999999999999869e-01
9.447999999999999732e-01 9.482000000000000428e-01
9.447999999999999732e-01 9.487999999999999767e-01
9.447999999999999732e-01 9.475999999999999979e-01
9.447999999999999732e-01 9.469999999999999529e-01
9.447999999999999732e-01 9.469999999999999529e-01
9.447999999999999732e-01 9.474000000000000199e-01
9.447999999999999732e-01 9.475000000000000089e-01
9.447999999999999732e-01 9.478999999999999648e-01
9.447999999999999732e-01 9.475000000000000089e-01
9.447999999999999732e-01 9.475000000000000089e-01
9.446999999999999842e-01 9.468999999999999639e-01
9.446999999999999842e-01 9.471000000000000529e-01
9.446999999999999842e-01 9.473000000000000309e-01
9.446999999999999842e-01 9.467999999999999750e-01
9.446999999999999842e-01 9.469999999999999529e-01
9.447999999999999732e-01 9.471000000000000529e-01
9.447999999999999732e-01 9.471000000000000529e-01
9.447999999999999732e-01 9.474000000000000199e-01
9.447999999999999732e-01 9.466999999999999860e-01
9.448999999999999622e-01 9.467999999999999750e-01
9.449999999999999512e-01 9.465999999999999970e-01
9.447999999999999732e-01 9.471000000000000529e-01
9.446999999999999842e-01 9.464000000000000190e-01
9.446999999999999842e-01 9.461000000000000520e-01
9.445999999999999952e-01 9.461000000000000520e-01
9.445999999999999952e-01 9.465000000000000080e-01
9.445999999999999952e-01 9.465999999999999970e-01
9.445999999999999952e-01 9.462000000000000410e-01
9.445999999999999952e-01 9.456999999999999851e-01
9.445000000000000062e-01 9.458999999999999631e-01
9.444000000000000172e-01 9.458999999999999631e-01
9.445000000000000062e-01 9.459999999999999520e-01
9.444000000000000172e-01 9.465000000000000080e-01
9.445999999999999952e-01 9.461000000000000520e-01
9.445000000000000062e-01 9.464000000000000190e-01
9.445999999999999952e-01 9.462000000000000410e-01
9.445999999999999952e-01 9.458999999999999631e-01
9.445000000000000062e-01 9.461000000000000520e-01
9.445000000000000062e-01 9.455000000000000071e-01
9.445000000000000062e-01 9.457999999999999741e-01
9.445000000000000062e-01 9.459999999999999520e-01
9.445000000000000062e-01 9.461000000000000520e-01
9.445000000000000062e-01 9.462000000000000410e-01
9.446999999999999842e-01 9.455000000000000071e-01
9.445999999999999952e-01 9.461000000000000520e-01
9.445999999999999952e-01 9.453000000000000291e-01
9.445999999999999952e-01 9.461000000000000520e-01
9.445999999999999952e-01 9.456999999999999851e-01
9.445999999999999952e-01 9.456999999999999851e-01
9.445999999999999952e-01 9.463000000000000300e-01
9.445999999999999952e-01 9.457999999999999741e-01
9.445999999999999952e-01 9.461000000000000520e-01
9.445999999999999952e-01 9.463000000000000300e-01
9.445000000000000062e-01 9.457999999999999741e-01
9.444000000000000172e-01 9.455999999999999961e-01
9.444000000000000172e-01 9.455999999999999961e-01
9.445000000000000062e-01 9.461000000000000520e-01
9.445999999999999952e-01 9.464000000000000190e-01
9.445000000000000062e-01 9.464000000000000190e-01
9.445000000000000062e-01 9.472000000000000419e-01
9.445000000000000062e-01 9.474000000000000199e-01
9.444000000000000172e-01 9.475000000000000089e-01
9.444000000000000172e-01 9.469999999999999529e-01
9.442000000000000393e-01 9.473000000000000309e-01
9.442000000000000393e-01 9.465999999999999970e-01
9.442000000000000393e-01 9.463000000000000300e-01
9.442000000000000393e-01 9.461000000000000520e-01
9.443000000000000282e-01 9.463000000000000300e-01
9.443000000000000282e-01 9.462000000000000410e-01
9.443000000000000282e-01 9.463000000000000300e-01
9.443000000000000282e-01 9.466999999999999860e-01
9.443000000000000282e-01 9.471000000000000529e-01
9.443000000000000282e-01 9.469999999999999529e-01
9.444000000000000172e-01 9.467999999999999750e-01
9.444000000000000172e-01 9.467999999999999750e-01
9.444000000000000172e-01 9.466999999999999860e-01
9.444000000000000172e-01 9.467999999999999750e-01
9.444000000000000172e-01 9.465000000000000080e-01
9.443000000000000282e-01 9.467999999999999750e-01
9.443000000000000282e-01 9.465000000000000080e-01
9.444000000000000172e-01 9.472000000000000419e-01
9.444000000000000172e-01 9.472000000000000419e-01
9.444000000000000172e-01 9.465999999999999970e-01
9.444000000000000172e-01 9.465999999999999970e-01
9.445000000000000062e-01 9.472000000000000419e-01
9.445000000000000062e-01 9.466999999999999860e-01
9.445000000000000062e-01 9.466999999999999860e-01
9.445000000000000062e-01 9.466999999999999860e-01
9.445000000000000062e-01 9.462000000000000410e-01
9.445000000000000062e-01 9.468999999999999639e-01
9.444000000000000172e-01 9.466999999999999860e-01
9.443000000000000282e-01 9.472000000000000419e-01
9.444000000000000172e-01 9.464000000000000190e-01
9.444000000000000172e-01 9.464000000000000190e-01
9.445000000000000062e-01 9.475999999999999979e-01
9.444000000000000172e-01 9.472000000000000419e-01
9.445000000000000062e-01 9.469999999999999529e-01
9.445000000000000062e-01 9.466999999999999860e-01
9.444000000000000172e-01 9.467999999999999750e-01
9.445000000000000062e-01 9.468999999999999639e-01
9.445000000000000062e-01 9.467999999999999750e-01
9.445000000000000062e-01 9.471000000000000529e-01
9.445000000000000062e-01 9.471000000000000529e-01
9.445999999999999952e-01 9.471000000000000529e-01
9.445999999999999952e-01 9.471000000000000529e-01
9.445000000000000062e-01 9.469999999999999529e-01
9.445999999999999952e-01 9.475999999999999979e-01
9.445999999999999952e-01 9.469999999999999529e-01
9.445999999999999952e-01 9.469999999999999529e-01
9.445999999999999952e-01 9.465000000000000080e-01
9.445000000000000062e-01 9.463000000000000300e-01
9.445000000000000062e-01 9.463000000000000300e-01
9.445000000000000062e-01 9.462000000000000410e-01
9.445000000000000062e-01 9.459999999999999520e-01
9.445000000000000062e-01 9.455000000000000071e-01
9.445000000000000062e-01 9.452000000000000401e-01
9.445000000000000062e-01 9.454000000000000181e-01
9.445000000000000062e-01 9.455000000000000071e-01
9.445000000000000062e-01 9.461000000000000520e-01
9.445000000000000062e-01 9.457999999999999741e-01
9.445000000000000062e-01 9.466999999999999860e-01
9.445000000000000062e-01 9.462000000000000410e-01
9.445000000000000062e-01 9.458999999999999631e-01
9.445000000000000062e-01 9.462000000000000410e-01
9.445000000000000062e-01 9.459999999999999520e-01
9.445000000000000062e-01 9.461000000000000520e-01
9.445000000000000062e-01 9.465999999999999970e-01
9.445000000000000062e-01 9.465000000000000080e-01
9.445000000000000062e-01 9.459999999999999520e-01
9.444000000000000172e-01 9.463000000000000300e-01
9.445000000000000062e-01 9.464000000000000190e-01
9.445000000000000062e-01 9.463000000000000300e-01
9.445000000000000062e-01 9.465999999999999970e-01
9.445000000000000062e-01 9.467999999999999750e-01
9.445000000000000062e-01 9.464000000000000190e-01
9.445000000000000062e-01 9.465999999999999970e-01
9.445000000000000062e-01 9.469999999999999529e-01
9.444000000000000172e-01 9.467999999999999750e-01
9.445000000000000062e-01 9.466999999999999860e-01
9.445000000000000062e-01 9.465999999999999970e-01
9.445000000000000062e-01 9.462000000000000410e-01
9.445000000000000062e-01 9.469999999999999529e-01
9.445000000000000062e-01 9.467999999999999750e-01
9.445000000000000062e-01 9.465999999999999970e-01
9.445000000000000062e-01 9.471000000000000529e-01
9.445000000000000062e-01 9.468999999999999639e-01
9.445000000000000062e-01 9.467999999999999750e-01
9.445000000000000062e-01 9.465999999999999970e-01
9.445000000000000062e-01 9.465999999999999970e-01
9.444000000000000172e-01 9.472000000000000419e-01
9.445000000000000062e-01 9.472000000000000419e-01
9.444000000000000172e-01 9.465999999999999970e-01
9.444000000000000172e-01 9.469999999999999529e-01
9.444000000000000172e-01 9.471000000000000529e-01
9.445000000000000062e-01 9.468999999999999639e-01
9.444000000000000172e-01 9.473000000000000309e-01
9.444000000000000172e-01 9.471000000000000529e-01
9.442000000000000393e-01 9.467999999999999750e-01
9.442000000000000393e-01 9.467999999999999750e-01
9.441000000000000503e-01 9.466999999999999860e-01
9.441000000000000503e-01 9.465000000000000080e-01
9.441000000000000503e-01 9.463000000000000300e-01
9.441000000000000503e-01 9.468999999999999639e-01
9.441000000000000503e-01 9.471000000000000529e-01
9.441000000000000503e-01 9.474000000000000199e-01
9.441000000000000503e-01 9.479999999999999538e-01
9.441000000000000503e-01 9.478999999999999648e-01
9.441000000000000503e-01 9.475000000000000089e-01
9.441000000000000503e-01 9.476999999999999869e-01
9.441000000000000503e-01 9.471000000000000529e-01
9.442000000000000393e-01 9.475999999999999979e-01
9.441000000000000503e-01 9.466999999999999860e-01
9.442000000000000393e-01 9.468999999999999639e-01
9.442000000000000393e-01 9.467999999999999750e-01
9.442000000000000393e-01 9.473000000000000309e-01
9.442000000000000393e-01 9.467999999999999750e-01
9.441000000000000503e-01 9.467999999999999750e-01
9.439999999999999503e-01 9.475000000000000089e-01
9.439999999999999503e-01 9.476999999999999869e-01
9.439999999999999503e-01 9.478999999999999648e-01
9.439999999999999503e-01 9.478999999999999648e-01
9.439999999999999503e-01 9.477999999999999758e-01
9.439999999999999503e-01 9.477999999999999758e-01
9.438999999999999613e-01 9.475999999999999979e-01
9.438999999999999613e-01 9.473000000000000309e-01
9.439999999999999503e-01 9.471000000000000529e-01
9.441000000000000503e-01 9.474000000000000199e-01
9.441000000000000503e-01 9.473000000000000309e-01
9.442000000000000393e-01 9.472000000000000419e-01
9.442000000000000393e-01 9.473000000000000309e-01
9.442000000000000393e-01 9.474000000000000199e-01
9.442000000000000393e-01 9.473000000000000309e-01
9.443000000000000282e-01 9.476999999999999869e-01
9.442000000000000393e-01 9.475000000000000089e-01
9.443000000000000282e-01 9.474000000000000199e-01
9.444000000000000172e-01 9.471000000000000529e-01
9.444000000000000172e-01 9.468999999999999639e-01
9.445000000000000062e-01 9.468999999999999639e-01
9.445000000000000062e-01 9.469999999999999529e-01
9.445000000000000062e-01 9.464000000000000190e-01
9.445000000000000062e-01 9.474000000000000199e-01
9.445999999999999952e-01 9.468999999999999639e-01
9.445999999999999952e-01 9.473000000000000309e-01
9.445999999999999952e-01 9.471000000000000529e-01
9.446999999999999842e-01 9.467999999999999750e-01
9.446999999999999842e-01 9.469999999999999529e-01
9.446999999999999842e-01 9.475000000000000089e-01
9.446999999999999842e-01 9.473000000000000309e-01
9.446999999999999842e-01 9.479999999999999538e-01
9.446999999999999842e-01 9.475999999999999979e-01
9.446999999999999842e-01 9.475000000000000089e-01
9.446999999999999842e-01 9.475999999999999979e-01
9.446999999999999842e-01 9.475999999999999979e-01
9.446999999999999842e-01 9.478999999999999648e-01
9.446999999999999842e-01 9.473000000000000309e-01
9.446999999999999842e-01 9.475000000000000089e-01
9.446999999999999842e-01 9.473000000000000309e-01
9.447999999999999732e-01 9.471000000000000529e-01
9.447999999999999732e-01 9.472000000000000419e-01
9.447999999999999732e-01 9.474000000000000199e-01
9.447999999999999732e-01 9.477999999999999758e-01
9.447999999999999732e-01 9.484000000000000208e-01
9.447999999999999732e-01 9.483000000000000318e-01
9.447999999999999732e-01 9.481000000000000538e-01
9.447999999999999732e-01 9.485999999999999988e-01
9.447999999999999732e-01 9.477999999999999758e-01
9.448999999999999622e-01 9.481000000000000538e-01
9.448999999999999622e-01 9.479999999999999538e-01
9.448999999999999622e-01 9.481000000000000538e-01
9.448999999999999622e-01 9.482000000000000428e-01
9.448999999999999622e-01 9.477999999999999758e-01
9.448999999999999622e-01 9.475000000000000089e-01
9.446999999999999842e-01 9.472000000000000419e-01
9.446999999999999842e-01 9.474000000000000199e-01
9.446999999999999842e-01 9.472000000000000419e-01
9.446999999999999842e-01 9.472000000000000419e-01
9.445999999999999952e-01 9.472000000000000419e-01
9.446999999999999842e-01 9.463000000000000300e-01
9.446999999999999842e-01 9.468999999999999639e-01
9.446999999999999842e-01 9.469999999999999529e-01
9.446999999999999842e-01 9.473000000000000309e-01
9.446999999999999842e-01 9.468999999999999639e-01
9.445999999999999952e-01 9.466999999999999860e-01
9.445999999999999952e-01 9.467999999999999750e-01
9.445000000000000062e-01 9.466999999999999860e-01
9.445999999999999952e-01 9.467999999999999750e-01
9.445999999999999952e-01 9.466999999999999860e-01
9.445999999999999952e-01 9.466999999999999860e-01
9.445999999999999952e-01 9.462000000000000410e-01
9.445999999999999952e-01 9.457999999999999741e-01
9.445999999999999952e-01 9.461000000000000520e-01
9.445999999999999952e-01 9.456999999999999851e-01
9.445999999999999952e-01 9.459999999999999520e-01
9.447999999999999732e-01 9.461000000000000520e-01
9.446999999999999842e-01 9.463000000000000300e-01
9.446999999999999842e-01 9.465000000000000080e-01
9.446999999999999842e-01 9.466999999999999860e-01
9.446999999999999842e-01 9.469999999999999529e-01
9.446999999999999842e-01 9.467999999999999750e-01
9.446999999999999842e-01 9.465999999999999970e-01
9.446999999999999842e-01 9.479999999999999538e-01
9.446999999999999842e-01 9.475000000000000089e-01
9.446999999999999842e-01 9.471000000000000529e-01
9.446999999999999842e-01 9.471000000000000529e-01
9.446999999999999842e-01 9.473000000000000309e-01
9.447999999999999732e-01 9.473000000000000309e-01
9.447999999999999732e-01 9.469999999999999529e-01
9.445999999999999952e-01 9.472000000000000419e-01
9.446999999999999842e-01 9.473000000000000309e-01
9.446999999999999842e-01 9.472000000000000419e-01
9.445999999999999952e-01 9.467999999999999750e-01
9.447999999999999732e-01 9.473000000000000309e-01
9.447999999999999732e-01 9.473000000000000309e-01
9.447999999999999732e-01 9.475999999999999979e-01
9.447999999999999732e-01 9.474000000000000199e-01
9.447999999999999732e-01 9.482000000000000428e-01
9.447999999999999732e-01 9.479999999999999538e-01
9.447999999999999732e-01 9.485000000000000098e-01
9.447999999999999732e-01 9.482000000000000428e-01
9.447999999999999732e-01 9.479999999999999538e-01
9.447999999999999732e-01 9.482000000000000428e-01
9.447999999999999732e-01 9.482000000000000428e-01
9.447999999999999732e-01 9.484000000000000208e-01
9.447999999999999732e-01 9.481000000000000538e-01
9.447999999999999732e-01 9.478999999999999648e-01
9.447999999999999732e-01 9.481000000000000538e-01
9.447999999999999732e-01 9.479999999999999538e-01
9.447999999999999732e-01 9.478999999999999648e-01
9.447999999999999732e-01 9.479999999999999538e-01
9.447999999999999732e-01 9.475999999999999979e-01
9.447999999999999732e-01 9.483000000000000318e-01
9.447999999999999732e-01 9.476999999999999869e-01
9.447999999999999732e-01 9.479999999999999538e-01
9.447999999999999732e-01 9.488999999999999657e-01
9.447999999999999732e-01 9.488999999999999657e-01
9.447999999999999732e-01 9.479999999999999538e-01
9.447999999999999732e-01 9.484000000000000208e-01
9.446999999999999842e-01 9.479999999999999538e-01
9.446999999999999842e-01 9.478999999999999648e-01
9.446999999999999842e-01 9.483000000000000318e-01
9.445999999999999952e-01 9.476999999999999869e-01
9.446999999999999842e-01 9.475000000000000089e-01
9.446999999999999842e-01 9.475999999999999979e-01
9.446999999999999842e-01 9.475999999999999979e-01
9.446999999999999842e-01 9.479999999999999538e-01
9.446999999999999842e-01 9.479999999999999538e-01
9.446999999999999842e-01 9.479999999999999538e-01
9.445999999999999952e-01 9.476999999999999869e-01
9.446999999999999842e-01 9.482000000000000428e-01
9.446999999999999842e-01 9.475000000000000089e-01
9.446999999999999842e-01 9.479999999999999538e-01
9.446999999999999842e-01 9.471000000000000529e-01
9.446999999999999842e-01 9.474000000000000199e-01
9.446999999999999842e-01 9.474000000000000199e-01
9.446999999999999842e-01 9.475999999999999979e-01
9.446999999999999842e-01 9.475000000000000089e-01
9.446999999999999842e-01 9.471000000000000529e-01
9.446999999999999842e-01 9.475000000000000089e-01
9.446999999999999842e-01 9.478999999999999648e-01
9.446999999999999842e-01 9.473000000000000309e-01
9.445999999999999952e-01 9.474000000000000199e-01
9.446999999999999842e-01 9.477999999999999758e-01
9.445999999999999952e-01 9.479999999999999538e-01
9.445999999999999952e-01 9.478999999999999648e-01
9.445999999999999952e-01 9.475999999999999979e-01
9.446999999999999842e-01 9.482000000000000428e-01
9.446999999999999842e-01 9.484000000000000208e-01
9.445999999999999952e-01 9.485000000000000098e-01
9.445999999999999952e-01 9.483000000000000318e-01
9.445999999999999952e-01 9.481000000000000538e-01
9.445999999999999952e-01 9.481000000000000538e-01
9.445000000000000062e-01 9.475999999999999979e-01
9.445000000000000062e-01 9.475000000000000089e-01
9.445999999999999952e-01 9.475000000000000089e-01
9.445999999999999952e-01 9.478999999999999648e-01
9.445999999999999952e-01 9.483000000000000318e-01
9.445000000000000062e-01 9.476999999999999869e-01
9.445000000000000062e-01 9.483000000000000318e-01
9.444000000000000172e-01 9.477999999999999758e-01
9.445000000000000062e-01 9.477999999999999758e-01
9.443000000000000282e-01 9.477999999999999758e-01
9.444000000000000172e-01 9.478999999999999648e-01
9.444000000000000172e-01 9.483000000000000318e-01
9.444000000000000172e-01 9.475999999999999979e-01
9.444000000000000172e-01 9.475999999999999979e-01
9.444000000000000172e-01 9.477999999999999758e-01
9.444000000000000172e-01 9.474000000000000199e-01
9.444000000000000172e-01 9.476999999999999869e-01
9.443000000000000282e-01 9.478999999999999648e-01
9.443000000000000282e-01 9.481000000000000538e-01
9.444000000000000172e-01 9.482000000000000428e-01
9.443000000000000282e-01 9.482000000000000428e-01
9.444000000000000172e-01 9.476999999999999869e-01
9.444000000000000172e-01 9.478999999999999648e-01
9.443000000000000282e-01 9.483000000000000318e-01
9.443000000000000282e-01 9.483000000000000318e-01
9.443000000000000282e-01 9.482000000000000428e-01
9.443000000000000282e-01 9.482000000000000428e-01
9.443000000000000282e-01 9.475999999999999979e-01
9.443000000000000282e-01 9.469999999999999529e-01
9.443000000000000282e-01 9.474000000000000199e-01
9.443000000000000282e-01 9.474000000000000199e-01
9.443000000000000282e-01 9.474000000000000199e-01
9.444000000000000172e-01 9.477999999999999758e-01
9.444000000000000172e-01 9.476999999999999869e-01
9.444000000000000172e-01 9.475999999999999979e-01
9.444000000000000172e-01 9.477999999999999758e-01
9.444000000000000172e-01 9.475000000000000089e-01
9.443000000000000282e-01 9.485000000000000098e-01
9.443000000000000282e-01 9.484000000000000208e-01
9.444000000000000172e-01 9.485000000000000098e-01
9.444000000000000172e-01 9.478999999999999648e-01
9.444000000000000172e-01 9.477999999999999758e-01
9.444000000000000172e-01 9.478999999999999648e-01
9.444000000000000172e-01 9.482000000000000428e-01
9.443000000000000282e-01 9.486999999999999877e-01
9.445000000000000062e-01 9.491000000000000547e-01
9.444000000000000172e-01 9.485999999999999988e-01
9.442000000000000393e-01 9.483000000000000318e-01
9.441000000000000503e-01 9.486999999999999877e-01
9.441000000000000503e-01 9.491000000000000547e-01
9.439999999999999503e-01 9.481000000000000538e-01
9.439999999999999503e-01 9.485000000000000098e-01
9.439999999999999503e-01 9.477999999999999758e-01
9.438999999999999613e-01 9.484000000000000208e-01
9.438999999999999613e-01 9.479999999999999538e-01
9.438999999999999613e-01 9.481000000000000538e-01
9.438999999999999613e-01 9.482000000000000428e-01
9.437999999999999723e-01 9.481000000000000538e-01
9.437999999999999723e-01 9.482000000000000428e-01
9.437999999999999723e-01 9.484000000000000208e-01
9.437999999999999723e-01 9.479999999999999538e-01
9.437999999999999723e-01 9.482000000000000428e-01
9.437999999999999723e-01 9.483000000000000318e-01
9.437999999999999723e-01 9.482000000000000428e-01
9.437999999999999723e-01 9.482000000000000428e-01
9.437999999999999723e-01 9.485999999999999988e-01
9.437999999999999723e-01 9.474000000000000199e-01
9.437999999999999723e-01 9.471000000000000529e-01
9.438999999999999613e-01 9.471000000000000529e-01
9.438999999999999613e-01 9.468999999999999639e-01
9.438999999999999613e-01 9.472000000000000419e-01
9.437999999999999723e-01 9.473000000000000309e-01
9.438999999999999613e-01 9.475999999999999979e-01
9.437999999999999723e-01 9.474000000000000199e-01
9.437999999999999723e-01 9.475999999999999979e-01
9.438999999999999613e-01 9.476999999999999869e-01
9.438999999999999613e-01 9.481000000000000538e-01
9.441000000000000503e-01 9.476999999999999869e-01
9.441000000000000503e-01 9.475999999999999979e-01
9.439999999999999503e-01 9.478999999999999648e-01
9.439999999999999503e-01 9.476999999999999869e-01
9.439999999999999503e-01 9.476999999999999869e-01
9.439999999999999503e-01 9.481000000000000538e-01
9.439999999999999503e-01 9.474000000000000199e-01
9.439999999999999503e-01 9.474000000000000199e-01
9.439999999999999503e-01 9.475000000000000089e-01
9.439999999999999503e-01 9.476999999999999869e-01
9.438999999999999613e-01 9.477999999999999758e-01
9.438999999999999613e-01 9.485000000000000098e-01
9.438999999999999613e-01 9.475000000000000089e-01
9.438999999999999613e-01 9.473000000000000309e-01
9.438999999999999613e-01 9.474000000000000199e-01
9.439999999999999503e-01 9.475000000000000089e-01
9.439999999999999503e-01 9.473000000000000309e-01
9.439999999999999503e-01 9.474000000000000199e-01
9.439999999999999503e-01 9.468999999999999639e-01
9.441000000000000503e-01 9.473000000000000309e-01
9.441000000000000503e-01 9.471000000000000529e-01
9.441000000000000503e-01 9.472000000000000419e-01
9.442000000000000393e-01 9.478999999999999648e-01
9.443000000000000282e-01 9.475999999999999979e-01
9.442000000000000393e-01 9.475999999999999979e-01
9.442000000000000393e-01 9.472000000000000419e-01
9.442000000000000393e-01 9.473000000000000309e-01
9.442000000000000393e-01 9.473000000000000309e-01
9.441000000000000503e-01 9.475999999999999979e-01
9.441000000000000503e-01 9.475000000000000089e-01
9.438999999999999613e-01 9.469999999999999529e-01
9.438999999999999613e-01 9.472000000000000419e-01
9.439999999999999503e-01 9.469999999999999529e-01
9.438999999999999613e-01 9.469999999999999529e-01
9.438999999999999613e-01 9.467999999999999750e-01
9.439999999999999503e-01 9.465999999999999970e-01
9.437999999999999723e-01 9.466999999999999860e-01
9.438999999999999613e-01 9.468999999999999639e-01
9.438999999999999613e-01 9.466999999999999860e-01
9.438999999999999613e-01 9.463000000000000300e-01
9.438999999999999613e-01 9.462000000000000410e-01
9.438999999999999613e-01 9.463000000000000300e-01
9.438999999999999613e-01 9.472000000000000419e-01
9.437999999999999723e-01 9.474000000000000199e-01
9.438999999999999613e-01 9.475000000000000089e-01
9.437999999999999723e-01 9.479999999999999538e-01
9.438999999999999613e-01 9.474000000000000199e-01
9.438999999999999613e-01 9.485000000000000098e-01
9.438999999999999613e-01 9.475000000000000089e-01
9.438999999999999613e-01 9.476999999999999869e-01
9.438999999999999613e-01 9.483000000000000318e-01
9.438999999999999613e-01 9.485000000000000098e-01
9.438999999999999613e-01 9.483000000000000318e-01
9.438999999999999613e-01 9.487999999999999767e-01
9.438999999999999613e-01 9.483000000000000318e-01
9.438999999999999613e-01 9.485000000000000098e-01
9.438999999999999613e-01 9.482000000000000428e-01
9.438999999999999613e-01 9.478999999999999648e-01
9.438999999999999613e-01 9.485999999999999988e-01
9.437999999999999723e-01 9.477999999999999758e-01
9.437999999999999723e-01 9.483000000000000318e-01
9.437999999999999723e-01 9.482000000000000428e-01
9.438999999999999613e-01 9.482000000000000428e-01
9.438999999999999613e-01 9.478999999999999648e-01
9.438999999999999613e-01 9.477999999999999758e-01
9.438999999999999613e-01 9.475000000000000089e-01
9.438999999999999613e-01 9.475999999999999979e-01
9.438999999999999613e-01 9.477999999999999758e-01
9.438999999999999613e-01 9.471000000000000529e-01
9.438999999999999613e-01 9.475000000000000089e-01
9.438999999999999613e-01 9.468999999999999639e-01
9.438999999999999613e-01 9.471000000000000529e-01
9.438999999999999613e-01 9.473000000000000309e-01
9.437999999999999723e-01 9.474000000000000199e-01
9.436999999999999833e-01 9.474000000000000199e-01
9.436999999999999833e-01 9.472000000000000419e-01
9.436999999999999833e-01 9.473000000000000309e-01
9.435999999999999943e-01 9.474000000000000199e-01
9.435999999999999943e-01 9.468999999999999639e-01
9.435000000000000053e-01 9.469999999999999529e-01
9.434000000000000163e-01 9.468999999999999639e-01
9.434000000000000163e-01 9.465000000000000080e-01
9.434000000000000163e-01 9.465999999999999970e-01
9.434000000000000163e-01 9.468999999999999639e-01
9.434000000000000163e-01 9.472000000000000419e-01
9.434000000000000163e-01 9.467999999999999750e-01
9.434000000000000163e-01 9.464000000000000190e-01
9.434000000000000163e-01 9.465000000000000080e-01
9.434000000000000163e-01 9.469999999999999529e-01
9.434000000000000163e-01 9.468999999999999639e-01
9.434000000000000163e-01 9.467999999999999750e-01
9.435000000000000053e-01 9.472000000000000419e-01
9.435000000000000053e-01 9.471000000000000529e-01
9.435000000000000053e-01 9.466999999999999860e-01
9.435000000000000053e-01 9.472000000000000419e-01
9.435000000000000053e-01 9.467999999999999750e-01
9.434000000000000163e-01 9.474000000000000199e-01
9.434000000000000163e-01 9.479999999999999538e-01
9.435000000000000053e-01 9.469999999999999529e-01
9.435000000000000053e-01 9.475999999999999979e-01
9.435000000000000053e-01 9.475000000000000089e-01
9.434000000000000163e-01 9.477999999999999758e-01
9.435000000000000053e-01 9.475999999999999979e-01
9.435000000000000053e-01 9.475000000000000089e-01
9.435000000000000053e-01 9.476999999999999869e-01
9.435000000000000053e-01 9.477999999999999758e-01
9.435000000000000053e-01 9.474000000000000199e-01
9.435000000000000053e-01 9.471000000000000529e-01
9.435000000000000053e-01 9.472000000000000419e-01
9.435000000000000053e-01 9.479999999999999538e-01
9.434000000000000163e-01 9.477999999999999758e-01
9.434000000000000163e-01 9.474000000000000199e-01
9.435000000000000053e-01 9.477999999999999758e-01
9.435999999999999943e-01 9.482000000000000428e-01
9.435999999999999943e-01 9.489999999999999547e-01
9.435000000000000053e-01 9.495000000000000107e-01
9.435000000000000053e-01 9.496999999999999886e-01
9.435999999999999943e-01 9.497999999999999776e-01
9.435999999999999943e-01 9.496999999999999886e-01
9.435999999999999943e-01 9.489999999999999547e-01
9.435999999999999943e-01 9.489999999999999547e-01
9.435999999999999943e-01 9.486999999999999877e-01
9.436999999999999833e-01 9.492000000000000437e-01
9.436999999999999833e-01 9.486999999999999877e-01
9.438999999999999613e-01 9.485999999999999988e-01
9.437999999999999723e-01 9.484000000000000208e-01
9.436999999999999833e-01 9.481000000000000538e-01
9.436999999999999833e-01 9.489999999999999547e-01
9.436999999999999833e-01 9.483000000000000318e-01
9.436999999999999833e-01 9.483000000000000318e-01
9.436999999999999833e-01 9.478999999999999648e-01
9.436999999999999833e-01 9.482000000000000428e-01
9.436999999999999833e-01 9.481000000000000538e-01
9.437999999999999723e-01 9.483000000000000318e-01
9.437999999999999723e-01 9.477999999999999758e-01
9.437999999999999723e-01 9.478999999999999648e-01
9.437999999999999723e-01 9.478999999999999648e-01
9.438999999999999613e-01 9.473000000000000309e-01
9.438999999999999613e-01 9.475000000000000089e-01
9.437999999999999723e-01 9.469999999999999529e-01
9.437999999999999723e-01 9.472000000000000419e-01
9.437999999999999723e-01 9.465000000000000080e-01
9.437999999999999723e-01 9.466999999999999860e-01
9.437999999999999723e-01 9.465000000000000080e-01
9.435999999999999943e-01 9.469999999999999529e-01
9.435999999999999943e-01 9.468999999999999639e-01
9.437999999999999723e-01 9.469999999999999529e-01
9.437999999999999723e-01 9.471000000000000529e-01
9.436999999999999833e-01 9.468999999999999639e-01
9.437999999999999723e-01 9.474000000000000199e-01
9.437999999999999723e-01 9.469999999999999529e-01
9.437999999999999723e-01 9.471000000000000529e-01
9.437999999999999723e-01 9.472000000000000419e-01
9.436999999999999833e-01 9.474000000000000199e-01
9.437999999999999723e-01 9.474000000000000199e-01
9.437999999999999723e-01 9.471000000000000529e-01
9.437999999999999723e-01 9.475000000000000089e-01
9.437999999999999723e-01 9.475999999999999979e-01
9.437999999999999723e-01 9.478999999999999648e-01
9.437999999999999723e-01 9.478999999999999648e-01
9.437999999999999723e-01 9.472000000000000419e-01
9.437999999999999723e-01 9.472000000000000419e-01
9.437999999999999723e-01 9.472000000000000419e-01
9.437999999999999723e-01 9.469999999999999529e-01
9.437999999999999723e-01 9.473000000000000309e-01
9.437999999999999723e-01 9.474000000000000199e-01
9.437999999999999723e-01 9.469999999999999529e-01
9.437999999999999723e-01 9.469999999999999529e-01
9.437999999999999723e-01 9.474000000000000199e-01
9.436999999999999833e-01 9.476999999999999869e-01
9.436999999999999833e-01 9.473000000000000309e-01
9.437999999999999723e-01 9.473000000000000309e-01
9.437999999999999723e-01 9.477999999999999758e-01
9.437999999999999723e-01 9.485000000000000098e-01
9.436999999999999833e-01 9.485999999999999988e-01
9.436999999999999833e-01 9.485999999999999988e-01
9.436999999999999833e-01 9.483000000000000318e-01
9.436999999999999833e-01 9.479999999999999538e-01
9.437999999999999723e-01 9.481000000000000538e-01
9.437999999999999723e-01 9.479999999999999538e-01
9.438999999999999613e-01 9.482000000000000428e-01
9.438999999999999613e-01 9.478999999999999648e-01
9.439999999999999503e-01 9.481000000000000538e-01
9.439999999999999503e-01 9.481000000000000538e-01
9.441000000000000503e-01 9.487999999999999767e-01
9.441000000000000503e-01 9.486999999999999877e-01
9.441000000000000503e-01 9.484000000000000208e-01
9.439999999999999503e-01 9.485000000000000098e-01
9.438999999999999613e-01 9.484000000000000208e-01
9.438999999999999613e-01 9.478999999999999648e-01
9.438999999999999613e-01 9.477999999999999758e-01
9.439999999999999503e-01 9.477999999999999758e-01
9.439999999999999503e-01 9.472000000000000419e-01
9.439999999999999503e-01 9.473000000000000309e-01
9.439999999999999503e-01 9.477999999999999758e-01
9.439999999999999503e-01 9.471000000000000529e-01
9.439999999999999503e-01 9.475000000000000089e-01
9.439999999999999503e-01 9.474000000000000199e-01
9.439999999999999503e-01 9.471000000000000529e-01
9.439999999999999503e-01 9.475000000000000089e-01
9.439999999999999503e-01 9.468999999999999639e-01
9.439999999999999503e-01 9.472000000000000419e-01
9.441000000000000503e-01 9.475000000000000089e-01
9.439999999999999503e-01 9.475000000000000089e-01
9.439999999999999503e-01 9.473000000000000309e-01
9.439999999999999503e-01 9.476999999999999869e-01
9.439999999999999503e-01 9.477999999999999758e-01
9.439999999999999503e-01 9.471000000000000529e-01
9.439999999999999503e-01 9.468999999999999639e-01
9.439999999999999503e-01 9.474000000000000199e-01
9.439999999999999503e-01 9.472000000000000419e-01
9.439999999999999503e-01 9.477999999999999758e-01
9.439999999999999503e-01 9.476999999999999869e-01
9.439999999999999503e-01 9.475999999999999979e-01
9.439999999999999503e-01 9.482000000000000428e-01
9.441000000000000503e-01 9.479999999999999538e-01
9.441000000000000503e-01 9.484000000000000208e-01
9.442000000000000393e-01 9.476999999999999869e-01
9.442000000000000393e-01 9.474000000000000199e-01
9.442000000000000393e-01 9.477999999999999758e-01
9.442000000000000393e-01 9.476999999999999869e-01
9.442000000000000393e-01 9.472000000000000419e-01
9.442000000000000393e-01 9.468999999999999639e-01
9.442000000000000393e-01 9.468999999999999639e-01
9.442000000000000393e-01 9.468999999999999639e-01
9.442000000000000393e-01 9.466999999999999860e-01
9.442000000000000393e-01 9.468999999999999639e-01
9.442000000000000393e-01 9.465000000000000080e-01
9.442000000000000393e-01 9.466999999999999860e-01
9.442000000000000393e-01 9.472000000000000419e-01
9.441000000000000503e-01 9.476999999999999869e-01
9.441000000000000503e-01 9.475999999999999979e-01
9.442000000000000393e-01 9.474000000000000199e-01
9.442000000000000393e-01 9.476999999999999869e-01
9.442000000000000393e-01 9.473000000000000309e-01
9.442000000000000393e-01 9.473000000000000309e-01
9.442000000000000393e-01 9.469999999999999529e-01
9.442000000000000393e-01 9.477999999999999758e-01
9.442000000000000393e-01 9.475999999999999979e-01
9.442000000000000393e-01 9.475999999999999979e-01
9.442000000000000393e-01 9.474000000000000199e-01
9.442000000000000393e-01 9.475999999999999979e-01
9.442000000000000393e-01 9.474000000000000199e-01
9.442000000000000393e-01 9.476999999999999869e-01
9.442000000000000393e-01 9.484000000000000208e-01
9.442000000000000393e-01 9.482000000000000428e-01
9.442000000000000393e-01 9.479999999999999538e-01
9.442000000000000393e-01 9.485000000000000098e-01
9.442000000000000393e-01 9.476999999999999869e-01
9.442000000000000393e-01 9.478999999999999648e-01
9.442000000000000393e-01 9.475999999999999979e-01
9.442000000000000393e-01 9.477999999999999758e-01
9.442000000000000393e-01 9.481000000000000538e-01
9.442000000000000393e-01 9.479999999999999538e-01
9.442000000000000393e-01 9.475999999999999979e-01
9.442000000000000393e-01 9.475999999999999979e-01
9.443000000000000282e-01 9.482000000000000428e-01
9.443000000000000282e-01 9.481000000000000538e-01
9.442000000000000393e-01 9.481000000000000538e-01
9.442000000000000393e-01 9.482000000000000428e-01
9.443000000000000282e-01 9.483000000000000318e-01
9.443000000000000282e-01 9.479999999999999538e-01
9.443000000000000282e-01 9.476999999999999869e-01
9.443000000000000282e-01 9.474000000000000199e-01
9.443000000000000282e-01 9.468999999999999639e-01
9.443000000000000282e-01 9.474000000000000199e-01
9.444000000000000172e-01 9.468999999999999639e-01
9.444000000000000172e-01 9.471000000000000529e-01
9.443000000000000282e-01 9.476999999999999869e-01
9.444000000000000172e-01 9.475000000000000089e-01
9.443000000000000282e-01 9.477999999999999758e-01
9.444000000000000172e-01 9.476999999999999869e-01
9.444000000000000172e-01 9.473000000000000309e-01
9.444000000000000172e-01 9.476999999999999869e-01
9.444000000000000172e-01 9.476999999999999869e-01
9.444000000000000172e-01 9.479999999999999538e-01
9.445000000000000062e-01 9.477999999999999758e-01
9.444000000000000172e-01 9.476999999999999869e-01
9.444000000000000172e-01 9.469999999999999529e-01
9.445000000000000062e-01 9.484000000000000208e-01
9.445000000000000062e-01 9.482000000000000428e-01
9.445000000000000062e-01 9.483000000000000318e-01
9.445000000000000062e-01 9.486999999999999877e-01
9.445000000000000062e-01 9.481000000000000538e-01
9.445000000000000062e-01 9.481000000000000538e-01
9.445000000000000062e-01 9.479999999999999538e-01
9.445000000000000062e-01 9.485999999999999988e-01
9.446999999999999842e-01 9.482000000000000428e-01
9.445999999999999952e-01 9.481000000000000538e-01
9.445999999999999952e-01 9.486999999999999877e-01
9.445999999999999952e-01 9.485999999999999988e-01
9.445999999999999952e-01 9.485999999999999988e-01
9.445999999999999952e-01 9.491000000000000547e-01
9.445999999999999952e-01 9.487999999999999767e-01
9.445999999999999952e-01 9.485999999999999988e-01
9.445999999999999952e-01 9.485999999999999988e-01
9.445999999999999952e-01 9.482000000000000428e-01
9.445999999999999952e-01 9.478999999999999648e-01
9.445999999999999952e-01 9.479999999999999538e-01
9.445999999999999952e-01 9.484000000000000208e-01
9.445999999999999952e-01 9.479999999999999538e-01
9.445999999999999952e-01 9.481000000000000538e-01
9.445999999999999952e-01 9.481000000000000538e-01
9.445999999999999952e-01 9.483000000000000318e-01
9.445999999999999952e-01 9.484000000000000208e-01
9.445999999999999952e-01 9.492000000000000437e-01
9.445999999999999952e-01 9.487999999999999767e-01
9.446999999999999842e-01 9.491000000000000547e-01
9.446999999999999842e-01 9.488999999999999657e-01
9.446999999999999842e-01 9.485000000000000098e-01
9.446999999999999842e-01 9.485000000000000098e-01
9.446999999999999842e-01 9.487999999999999767e-01
9.446999999999999842e-01 9.485999999999999988e-01
9.446999999999999842e-01 9.485000000000000098e-01
9.446999999999999842e-01 9.484000000000000208e-01
9.446999999999999842e-01 9.487999999999999767e-01
9.447999999999999732e-01 9.487999999999999767e-01
9.447999999999999732e-01 9.485999999999999988e-01
9.447999999999999732e-01 9.488999999999999657e-01
9.447999999999999732e-01 9.486999999999999877e-01
9.447999999999999732e-01 9.484000000000000208e-01
9.447999999999999732e-01 9.493000000000000327e-01
9.447999999999999732e-01 9.488999999999999657e-01
9.447999999999999732e-01 9.487999999999999767e-01
9.447999999999999732e-01 9.494000000000000217e-01
9.447999999999999732e-01 9.492000000000000437e-01
9.447999999999999732e-01 9.485999999999999988e-01
9.447999999999999732e-01 9.487999999999999767e-01
9.447999999999999732e-01 9.487999999999999767e-01
9.448999999999999622e-01 9.491000000000000547e-01
9.448999999999999622e-01 9.489999999999999547e-01
9.448999999999999622e-01 9.484000000000000208e-01
9.448999999999999622e-01 9.486999999999999877e-01
9.447999999999999732e-01 9.485999999999999988e-01
9.448999999999999622e-01 9.485000000000000098e-01
9.448999999999999622e-01 9.487999999999999767e-01
9.448999999999999622e-01 9.484000000000000208e-01
9.448999999999999622e-01 9.486999999999999877e-01
9.448999999999999622e-01 9.485000000000000098e-01
9.447999999999999732e-01 9.485999999999999988e-01
9.447999999999999732e-01 9.485000000000000098e-01
9.447999999999999732e-01 9.489999999999999547e-01
9.447999999999999732e-01 9.487999999999999767e-01
9.447999999999999732e-01 9.482000000000000428e-01
9.447999999999999732e-01 9.487999999999999767e-01
9.447999999999999732e-01 9.488999999999999657e-01
9.447999999999999732e-01 9.489999999999999547e-01
9.447999999999999732e-01 9.486999999999999877e-01
9.446999999999999842e-01 9.485999999999999988e-01
9.446999999999999842e-01 9.485000000000000098e-01
9.447999999999999732e-01 9.478999999999999648e-01
9.447999999999999732e-01 9.475000000000000089e-01
9.447999999999999732e-01 9.475000000000000089e-01
9.447999999999999732e-01 9.479999999999999538e-01
9.447999999999999732e-01 9.475999999999999979e-01
9.447999999999999732e-01 9.483000000000000318e-01
9.447999999999999732e-01 9.481000000000000538e-01
9.447999999999999732e-01 9.477999999999999758e-01
9.447999999999999732e-01 9.481000000000000538e-01
9.447999999999999732e-01 9.485000000000000098e-01
9.447999999999999732e-01 9.476999999999999869e-01
9.447999999999999732e-01 9.483000000000000318e-01
9.447999999999999732e-01 9.485000000000000098e-01
9.447999999999999732e-01 9.483000000000000318e-01
9.447999999999999732e-01 9.486999999999999877e-01
9.447999999999999732e-01 9.486999999999999877e-01
9.447999999999999732e-01 9.487999999999999767e-01
9.447999999999999732e-01 9.486999999999999877e-01
9.447999999999999732e-01 9.492000000000000437e-01
9.447999999999999732e-01 9.487999999999999767e-01
9.448999999999999622e-01 9.489999999999999547e-01
9.448999999999999622e-01 9.494000000000000217e-01
9.448999999999999622e-01 9.492000000000000437e-01
9.448999999999999622e-01 9.494000000000000217e-01
9.448999999999999622e-01 9.489999999999999547e-01
9.447999999999999732e-01 9.493000000000000327e-01
9.448999999999999622e-01 9.496999999999999886e-01
9.448999999999999622e-01 9.498999999999999666e-01
9.448999999999999622e-01 9.502000000000000446e-01
9.447999999999999732e-01 9.506000000000000005e-01
9.447999999999999732e-01 9.499999999999999556e-01
9.447999999999999732e-01 9.495999999999999996e-01
9.447999999999999732e-01 9.500999999999999446e-01
9.447999999999999732e-01 9.503000000000000336e-01
9.447999999999999732e-01 9.503000000000000336e-01
9.447999999999999732e-01 9.503000000000000336e-01
9.447999999999999732e-01 9.506999999999999895e-01
9.447999999999999732e-01 9.509999999999999565e-01
9.447999999999999732e-01 9.499999999999999556e-01
9.447999999999999732e-01 9.499999999999999556e-01
9.448999999999999622e-01 9.497999999999999776e-01
9.448999999999999622e-01 9.493000000000000327e-01
9.448999999999999622e-01 9.499999999999999556e-01
9.448999999999999622e-01 9.507999999999999785e-01
9.449999999999999512e-01 9.502000000000000446e-01
9.451000000000000512e-01 9.497999999999999776e-01
9.451000000000000512e-01 9.497999999999999776e-01
9.451000000000000512e-01 9.502000000000000446e-01
9.451000000000000512e-01 9.496999999999999886e-01
9.451000000000000512e-01 9.503000000000000336e-01
9.451000000000000512e-01 9.495000000000000107e-01
9.451000000000000512e-01 9.496999999999999886e-01
9.448999999999999622e-01 9.496999999999999886e-01
9.448999999999999622e-01 9.495000000000000107e-01
9.448999999999999622e-01 9.492000000000000437e-01
9.448999999999999622e-01 9.483000000000000318e-01
9.449999999999999512e-01 9.487999999999999767e-01
9.448999999999999622e-01 9.487999999999999767e-01
9.448999999999999622e-01 9.485999999999999988e-01
9.448999999999999622e-01 9.485000000000000098e-01
9.448999999999999622e-01 9.485999999999999988e-01
9.448999999999999622e-01 9.484000000000000208e-01
9.449999999999999512e-01 9.482000000000000428e-01
9.449999999999999512e-01 9.479999999999999538e-01
9.449999999999999512e-01 9.483000000000000318e-01
9.451000000000000512e-01 9.477999999999999758e-01
9.451000000000000512e-01 9.478999999999999648e-01
9.451000000000000512e-01 9.484000000000000208e-01
9.451000000000000512e-01 9.489999999999999547e-01
9.451000000000000512e-01 9.485999999999999988e-01
9.451000000000000512e-01 9.485000000000000098e-01
9.451000000000000512e-01 9.484000000000000208e-01
9.451000000000000512e-01 9.487999999999999767e-01
9.451000000000000512e-01 9.488999999999999657e-01
9.451000000000000512e-01 9.489999999999999547e-01
9.451000000000000512e-01 9.489999999999999547e-01
9.451000000000000512e-01 9.487999999999999767e-01
9.451000000000000512e-01 9.487999999999999767e-01
9.452000000000000401e-01 9.487999999999999767e-01
9.452000000000000401e-01 9.487999999999999767e-01
9.452000000000000401e-01 9.492000000000000437e-01
9.451000000000000512e-01 9.488999999999999657e-01
9.451000000000000512e-01 9.486999999999999877e-01
9.451000000000000512e-01 9.492000000000000437e-01
9.451000000000000512e-01 9.484000000000000208e-01
9.451000000000000512e-01 9.485000000000000098e-01
9.451000000000000512e-01 9.483000000000000318e-01
9.449999999999999512e-01 9.485999999999999988e-01
9.449999999999999512e-01 9.485999999999999988e-01
9.449999999999999512e-01 9.485999999999999988e-01
9.449999999999999512e-01 9.477999999999999758e-01
9.449999999999999512e-01 9.479999999999999538e-01
9.449999999999999512e-01 9.485000000000000098e-01
9.448999999999999622e-01 9.482000000000000428e-01
9.448999999999999622e-01 9.482000000000000428e-01
9.448999999999999622e-01 9.479999999999999538e-01
9.449999999999999512e-01 9.487999999999999767e-01
9.447999999999999732e-01 9.491000000000000547e-01
9.448999999999999622e-01 9.485000000000000098e-01
9.447999999999999732e-01 9.485000000000000098e-01
9.448999999999999622e-01 9.483000000000000318e-01
9.448999999999999622e-01 9.489999999999999547e-01
9.448999999999999622e-01 9.484000000000000208e-01
9.448999999999999622e-01 9.482000000000000428e-01
9.449999999999999512e-01 9.487999999999999767e-01
9.449999999999999512e-01 9.481000000000000538e-01
9.449999999999999512e-01 9.477999999999999758e-01
9.449999999999999512e-01 9.477999999999999758e-01
9.449999999999999512e-01 9.478999999999999648e-01
9.448999999999999622e-01 9.483000000000000318e-01
9.448999999999999622e-01 9.479999999999999538e-01
9.448999999999999622e-01 9.477999999999999758e-01
9.448999999999999622e-01 9.476999999999999869e-01
9.448999999999999622e-01 9.475000000000000089e-01
9.448999999999999622e-01 9.476999999999999869e-01
9.449999999999999512e-01 9.476999999999999869e-01
9.449999999999999512e-01 9.474000000000000199e-01
9.451000000000000512e-01 9.475999999999999979e-01
9.449999999999999512e-01 9.473000000000000309e-01
9.449999999999999512e-01 9.468999999999999639e-01
9.449999999999999512e-01 9.475000000000000089e-01
9.449999999999999512e-01 9.474000000000000199e-01
9.449999999999999512e-01 9.475000000000000089e-01
9.449999999999999512e-01 9.469999999999999529e-01
9.449999999999999512e-01 9.474000000000000199e-01
9.449999999999999512e-01 9.466999999999999860e-01
9.448999999999999622e-01 9.466999999999999860e-01
9.448999999999999622e-01 9.469999999999999529e-01
9.447999999999999732e-01 9.474000000000000199e-01
9.447999999999999732e-01 9.474000000000000199e-01
9.447999999999999732e-01 9.473000000000000309e-01
9.447999999999999732e-01 9.475999999999999979e-01
9.447999999999999732e-01 9.475000000000000089e-01
9.447999999999999732e-01 9.475999999999999979e-01
9.447999999999999732e-01 9.478999999999999648e-01
9.447999999999999732e-01 9.474000000000000199e-01
9.447999999999999732e-01 9.474000000000000199e-01
9.447999999999999732e-01 9.482000000000000428e-01
9.447999999999999732e-01 9.477999999999999758e-01
9.447999999999999732e-01 9.481000000000000538e-01
9.447999999999999732e-01 9.481000000000000538e-01
9.447999999999999732e-01 9.477999999999999758e-01
9.447999999999999732e-01 9.479999999999999538e-01
9.447999999999999732e-01 9.485000000000000098e-01
9.447999999999999732e-01 9.481000000000000538e-01
9.447999999999999732e-01 9.481000000000000538e-01
9.449999999999999512e-01 9.481000000000000538e-01
9.448999999999999622e-01 9.484000000000000208e-01
9.449999999999999512e-01 9.482000000000000428e-01
9.449999999999999512e-01 9.479999999999999538e-01
9.449999999999999512e-01 9.475000000000000089e-01
9.449999999999999512e-01 9.473000000000000309e-01
9.449999999999999512e-01 9.475000000000000089e-01
9.448999999999999622e-01 9.479999999999999538e-01
9.448999999999999622e-01 9.478999999999999648e-01
9.448999999999999622e-01 9.482000000000000428e-01
9.448999999999999622e-01 9.481000000000000538e-01
9.447999999999999732e-01 9.479999999999999538e-01
9.447999999999999732e-01 9.483000000000000318e-01
9.447999999999999732e-01 9.482000000000000428e-01
9.446999999999999842e-01 9.485000000000000098e-01
9.447999999999999732e-01 9.483000000000000318e-01
9.447999999999999732e-01 9.478999999999999648e-01
9.447999999999999732e-01 9.482000000000000428e-01
9.447999999999999732e-01 9.479999999999999538e-01
9.447999999999999732e-01 9.477999999999999758e-01
9.447999999999999732e-01 9.475000000000000089e-01
9.445999999999999952e-01 9.473000000000000309e-01
9.447999999999999732e-01 9.481000000000000538e-01
9.447999999999999732e-01 9.479999999999999538e-01
9.447999999999999732e-01 9.475000000000000089e-01
9.446999999999999842e-01 9.478999999999999648e-01
9.446999999999999842e-01 9.475999999999999979e-01
9.446999999999999842e-01 9.481000000000000538e-01
9.443000000000000282e-01 9.484000000000000208e-01
9.443000000000000282e-01 9.481000000000000538e-01
9.443000000000000282e-01 9.485000000000000098e-01
9.443000000000000282e-01 9.483000000000000318e-01
9.445999999999999952e-01 9.482000000000000428e-01
9.444000000000000172e-01 9.479999999999999538e-01
9.444000000000000172e-01 9.482000000000000428e-01
9.444000000000000172e-01 9.482000000000000428e-01
9.444000000000000172e-01 9.475000000000000089e-01
9.444000000000000172e-01 9.474000000000000199e-01
9.443000000000000282e-01 9.472000000000000419e-01
9.443000000000000282e-01 9.469999999999999529e-01
9.443000000000000282e-01 9.467999999999999750e-01
9.443000000000000282e-01 9.467999999999999750e-01
9.443000000000000282e-01 9.465000000000000080e-01
9.443000000000000282e-01 9.467999999999999750e-01
9.443000000000000282e-01 9.466999999999999860e-01
9.443000000000000282e-01 9.469999999999999529e-01
9.443000000000000282e-01 9.466999999999999860e-01
9.443000000000000282e-01 9.474000000000000199e-01
9.442000000000000393e-01 9.474000000000000199e-01
9.441000000000000503e-01 9.473000000000000309e-01
9.441000000000000503e-01 9.468999999999999639e-01
9.441000000000000503e-01 9.475000000000000089e-01
9.442000000000000393e-01 9.474000000000000199e-01
9.442000000000000393e-01 9.468999999999999639e-01
9.441000000000000503e-01 9.477999999999999758e-01
9.441000000000000503e-01 9.472000000000000419e-01
9.441000000000000503e-01 9.474000000000000199e-01
9.441000000000000503e-01 9.476999999999999869e-01
9.441000000000000503e-01 9.476999999999999869e-01
9.438999999999999613e-01 9.475999999999999979e-01
9.439999999999999503e-01 9.478999999999999648e-01
9.438999999999999613e-01 9.481000000000000538e-01
9.438999999999999613e-01 9.481000000000000538e-01
9.438999999999999613e-01 9.475000000000000089e-01
9.438999999999999613e-01 9.482000000000000428e-01
9.438999999999999613e-01 9.474000000000000199e-01
9.439999999999999503e-01 9.471000000000000529e-01
9.438999999999999613e-01 9.475999999999999979e-01
9.437999999999999723e-01 9.475999999999999979e-01
9.437999999999999723e-01 9.478999999999999648e-01
9.436999999999999833e-01 9.486999999999999877e-01
9.436999999999999833e-01 9.481000000000000538e-01
9.436999999999999833e-01 9.478999999999999648e-01
9.436999999999999833e-01 9.478999999999999648e-01
9.436999999999999833e-01 9.477999999999999758e-01
9.436999999999999833e-01 9.471000000000000529e-01
9.436999999999999833e-01 9.475999999999999979e-01
9.436999999999999833e-01 9.477999999999999758e-01
9.436999999999999833e-01 9.482000000000000428e-01
9.436999999999999833e-01 9.484000000000000208e-01
9.436999999999999833e-01 9.477999999999999758e-01
9.436999999999999833e-01 9.476999999999999869e-01
9.436999999999999833e-01 9.481000000000000538e-01
9.436999999999999833e-01 9.483000000000000318e-01
9.436999999999999833e-01 9.478999999999999648e-01
9.436999999999999833e-01 9.475000000000000089e-01
9.435999999999999943e-01 9.475999999999999979e-01
9.435999999999999943e-01 9.477999999999999758e-01
9.435999999999999943e-01 9.479999999999999538e-01
9.435999999999999943e-01 9.481000000000000538e-01
9.435999999999999943e-01 9.479999999999999538e-01
9.435999999999999943e-01 9.481000000000000538e-01
9.435999999999999943e-01 9.479999999999999538e-01
9.435999999999999943e-01 9.485999999999999988e-01
9.435999999999999943e-01 9.478999999999999648e-01
9.435999999999999943e-01 9.481000000000000538e-01
9.435999999999999943e-01 9.481000000000000538e-01
9.435999999999999943e-01 9.481000000000000538e-01
9.435999999999999943e-01 9.475000000000000089e-01
9.435999999999999943e-01 9.475000000000000089e-01
9.435999999999999943e-01 9.467999999999999750e-01
9.436999999999999833e-01 9.471000000000000529e-01
9.436999999999999833e-01 9.469999999999999529e-01
9.436999999999999833e-01 9.466999999999999860e-01
9.435999999999999943e-01 9.462000000000000410e-01
9.435999999999999943e-01 9.467999999999999750e-01
9.435000000000000053e-01 9.468999999999999639e-01
9.435000000000000053e-01 9.478999999999999648e-01
9.434000000000000163e-01 9.475000000000000089e-01
9.433000000000000274e-01 9.477999999999999758e-01
9.435000000000000053e-01 9.477999999999999758e-01
9.434000000000000163e-01 9.479999999999999538e-01
9.434000000000000163e-01 9.476999999999999869e-01
9.434000000000000163e-01 9.478999999999999648e-01
9.434000000000000163e-01 9.484000000000000208e-01
9.434000000000000163e-01 9.479999999999999538e-01
9.434000000000000163e-01 9.474000000000000199e-01
9.434000000000000163e-01 9.471000000000000529e-01
9.434000000000000163e-01 9.471000000000000529e-01
9.434000000000000163e-01 9.476999999999999869e-01
9.433000000000000274e-01 9.472000000000000419e-01
9.434000000000000163e-01 9.467999999999999750e-01
9.434000000000000163e-01 9.463000000000000300e-01
9.434000000000000163e-01 9.467999999999999750e-01
9.434000000000000163e-01 9.465000000000000080e-01
9.435000000000000053e-01 9.466999999999999860e-01
9.435000000000000053e-01 9.465999999999999970e-01
9.433000000000000274e-01 9.463000000000000300e-01
9.433000000000000274e-01 9.465000000000000080e-01
9.433000000000000274e-01 9.457999999999999741e-01
9.433000000000000274e-01 9.463000000000000300e-01
9.433000000000000274e-01 9.463000000000000300e-01
9.433000000000000274e-01 9.465000000000000080e-01
9.433000000000000274e-01 9.467999999999999750e-01
9.434000000000000163e-01 9.468999999999999639e-01
9.433000000000000274e-01 9.469999999999999529e-01
9.433000000000000274e-01 9.459999999999999520e-01
9.433000000000000274e-01 9.463000000000000300e-01
9.434000000000000163e-01 9.463000000000000300e-01
9.434000000000000163e-01 9.465999999999999970e-01
9.433000000000000274e-01 9.467999999999999750e-01
9.433000000000000274e-01 9.465999999999999970e-01
9.433000000000000274e-01 9.468999999999999639e-01
9.433000000000000274e-01 9.464000000000000190e-01
9.433000000000000274e-01 9.464000000000000190e-01
9.432000000000000384e-01 9.464000000000000190e-01
9.432000000000000384e-01 9.464000000000000190e-01
9.432000000000000384e-01 9.463000000000000300e-01
9.432000000000000384e-01 9.465999999999999970e-01
9.432000000000000384e-01 9.459999999999999520e-01
9.433000000000000274e-01 9.465999999999999970e-01
9.433000000000000274e-01 9.465999999999999970e-01
9.433000000000000274e-01 9.465000000000000080e-01
9.432000000000000384e-01 9.464000000000000190e-01
9.432000000000000384e-01 9.465999999999999970e-01
9.432000000000000384e-01 9.468999999999999639e-01
9.432000000000000384e-01 9.465999999999999970e-01
9.429999999999999494e-01 9.463000000000000300e-01
9.429999999999999494e-01 9.467999999999999750e-01
9.429999999999999494e-01 9.471000000000000529e-01
9.429999999999999494e-01 9.468999999999999639e-01
9.429999999999999494e-01 9.471000000000000529e-01
9.429999999999999494e-01 9.476999999999999869e-01
9.431000000000000494e-01 9.475999999999999979e-01
9.429999999999999494e-01 9.478999999999999648e-01
9.428999999999999604e-01 9.477999999999999758e-01
9.428999999999999604e-01 9.479999999999999538e-01
9.431000000000000494e-01 9.475000000000000089e-01
9.431000000000000494e-01 9.474000000000000199e-01
9.431000000000000494e-01 9.469999999999999529e-01
9.431000000000000494e-01 9.472000000000000419e-01
9.429999999999999494e-01 9.475000000000000089e-01
9.429999999999999494e-01 9.479999999999999538e-01
9.429999999999999494e-01 9.478999999999999648e-01
9.429999999999999494e-01 9.476999999999999869e-01
9.429999999999999494e-01 9.477999999999999758e-01
9.429999999999999494e-01 9.475000000000000089e-01
9.429999999999999494e-01 9.475999999999999979e-01
9.429999999999999494e-01 9.474000000000000199e-01
9.429999999999999494e-01 9.475000000000000089e-01
9.428999999999999604e-01 9.476999999999999869e-01
9.428999999999999604e-01 9.475000000000000089e-01
9.429999999999999494e-01 9.471000000000000529e-01
9.429999999999999494e-01 9.473000000000000309e-01
9.429999999999999494e-01 9.475000000000000089e-01
9.429999999999999494e-01 9.472000000000000419e-01
9.429999999999999494e-01 9.475999999999999979e-01
9.429999999999999494e-01 9.475999999999999979e-01
9.429999999999999494e-01 9.471000000000000529e-01
9.429999999999999494e-01 9.465000000000000080e-01
9.429999999999999494e-01 9.468999999999999639e-01
9.429999999999999494e-01 9.459999999999999520e-01
9.431000000000000494e-01 9.469999999999999529e-01
9.432000000000000384e-01 9.467999999999999750e-01
9.432000000000000384e-01 9.468999999999999639e-01
9.432000000000000384e-01 9.472000000000000419e-01
9.433000000000000274e-01 9.476999999999999869e-01
9.433000000000000274e-01 9.476999999999999869e-01
9.433000000000000274e-01 9.477999999999999758e-01
9.433000000000000274e-01 9.478999999999999648e-01
9.433000000000000274e-01 9.475000000000000089e-01
9.433000000000000274e-01 9.471000000000000529e-01
9.433000000000000274e-01 9.471000000000000529e-01
9.433000000000000274e-01 9.466999999999999860e-01
9.433000000000000274e-01 9.469999999999999529e-01
9.433000000000000274e-01 9.469999999999999529e-01
9.433000000000000274e-01 9.466999999999999860e-01
9.433000000000000274e-01 9.465999999999999970e-01
9.432000000000000384e-01 9.465999999999999970e-01
9.432000000000000384e-01 9.465999999999999970e-01
9.431000000000000494e-01 9.465000000000000080e-01
9.431000000000000494e-01 9.462000000000000410e-01
9.431000000000000494e-01 9.465000000000000080e-01
9.431000000000000494e-01 9.467999999999999750e-01
9.431000000000000494e-01 9.471000000000000529e-01
9.431000000000000494e-01 9.473000000000000309e-01
9.429999999999999494e-01 9.471000000000000529e-01
9.429999999999999494e-01 9.471000000000000529e-01
9.429999999999999494e-01 9.474000000000000199e-01
9.429999999999999494e-01 9.476999999999999869e-01
9.429999999999999494e-01 9.475999999999999979e-01
9.429999999999999494e-01 9.475000000000000089e-01
9.429999999999999494e-01 9.473000000000000309e-01
9.429999999999999494e-01 9.473000000000000309e-01
9.431000000000000494e-01 9.472000000000000419e-01
9.431000000000000494e-01 9.472000000000000419e-01
9.431000000000000494e-01 9.477999999999999758e-01
9.431000000000000494e-01 9.475999999999999979e-01
9.432000000000000384e-01 9.482000000000000428e-01
9.431000000000000494e-01 9.484000000000000208e-01
9.431000000000000494e-01 9.482000000000000428e-01
9.431000000000000494e-01 9.484000000000000208e-01
9.429999999999999494e-01 9.481000000000000538e-01
9.429999999999999494e-01 9.484000000000000208e-01
9.429999999999999494e-01 9.485000000000000098e-01
9.429999999999999494e-01 9.485999999999999988e-01
9.429999999999999494e-01 9.485999999999999988e-01
9.428999999999999604e-01 9.482000000000000428e-01
9.428999999999999604e-01 9.484000000000000208e-01
9.428999999999999604e-01 9.483000000000000318e-01
9.428999999999999604e-01 9.487999999999999767e-01
9.428999999999999604e-01 9.487999999999999767e-01
9.428999999999999604e-01 9.494000000000000217e-01
9.429999999999999494e-01 9.492000000000000437e-01
9.428999999999999604e-01 9.489999999999999547e-01
9.427999999999999714e-01 9.495000000000000107e-01
9.427999999999999714e-01 9.489999999999999547e-01
9.426999999999999824e-01 9.495999999999999996e-01
9.426999999999999824e-01 9.494000000000000217e-01
9.426999999999999824e-01 9.493000000000000327e-01
9.426999999999999824e-01 9.495000000000000107e-01
9.426999999999999824e-01 9.491000000000000547e-01
9.426999999999999824e-01 9.485999999999999988e-01
9.426999999999999824e-01 9.488999999999999657e-01
9.426999999999999824e-01 9.485000000000000098e-01
9.426999999999999824e-01 9.485999999999999988e-01
9.426999999999999824e-01 9.491000000000000547e-01
9.425999999999999934e-01 9.486999999999999877e-01
9.425000000000000044e-01 9.488999999999999657e-01
9.425999999999999934e-01 9.487999999999999767e-01
9.425000000000000044e-01 9.491000000000000547e-01
9.425999999999999934e-01 9.492000000000000437e-01
9.425999999999999934e-01 9.482000000000000428e-01
9.425000000000000044e-01 9.483000000000000318e-01
9.425000000000000044e-01 9.487999999999999767e-01
9.425999999999999934e-01 9.485999999999999988e-01
9.425000000000000044e-01 9.487999999999999767e-01
9.425000000000000044e-01 9.494000000000000217e-01
9.425000000000000044e-01 9.487999999999999767e-01
9.425000000000000044e-01 9.486999999999999877e-01
9.425000000000000044e-01 9.491000000000000547e-01
9.424000000000000155e-01 9.492000000000000437e-01
9.425000000000000044e-01 9.487999999999999767e-01
9.425000000000000044e-01 9.486999999999999877e-01
9.424000000000000155e-01 9.485999999999999988e-01
9.423000000000000265e-01 9.492000000000000437e-01
9.423000000000000265e-01 9.485999999999999988e-01
9.423000000000000265e-01 9.486999999999999877e-01
9.423000000000000265e-01 9.486999999999999877e-01
9.423000000000000265e-01 9.485000000000000098e-01
9.423000000000000265e-01 9.482000000000000428e-01
9.424000000000000155e-01 9.486999999999999877e-01
9.424000000000000155e-01 9.481000000000000538e-01
9.424000000000000155e-01 9.486999999999999877e-01
9.425000000000000044e-01 9.486999999999999877e-01
9.424000000000000155e-01 9.486999999999999877e-01
9.424000000000000155e-01 9.488999999999999657e-01
9.424000000000000155e-01 9.487999999999999767e-01
9.424000000000000155e-01 9.489999999999999547e-01
9.424000000000000155e-01 9.495000000000000107e-01
9.424000000000000155e-01 9.493000000000000327e-01
9.424000000000000155e-01 9.497999999999999776e-01
9.424000000000000155e-01 9.495999999999999996e-01
9.424000000000000155e-01 9.495000000000000107e-01
9.423000000000000265e-01 9.495999999999999996e-01
9.423000000000000265e-01 9.498999999999999666e-01
9.424000000000000155e-01 9.495999999999999996e-01
9.424000000000000155e-01 9.494000000000000217e-01
9.424000000000000155e-01 9.495999999999999996e-01
9.424000000000000155e-01 9.494000000000000217e-01
9.424000000000000155e-01 9.491000000000000547e-01
9.424000000000000155e-01 9.497999999999999776e-01
9.424000000000000155e-01 9.497999999999999776e-01
9.424000000000000155e-01 9.498999999999999666e-01
9.425000000000000044e-01 9.488999999999999657e-01
9.424000000000000155e-01 9.495999999999999996e-01
9.424000000000000155e-01 9.494000000000000217e-01
9.424000000000000155e-01 9.499999999999999556e-01
9.424000000000000155e-01 9.494000000000000217e-01
9.425000000000000044e-01 9.494000000000000217e-01
9.425999999999999934e-01 9.496999999999999886e-01
9.425999999999999934e-01 9.494000000000000217e-01
9.426999999999999824e-01 9.498999999999999666e-01
9.426999999999999824e-01 9.497999999999999776e-01
9.426999999999999824e-01 9.495000000000000107e-01
9.426999999999999824e-01 9.491000000000000547e-01
9.426999999999999824e-01 9.495000000000000107e-01
9.426999999999999824e-01 9.494000000000000217e-01
9.426999999999999824e-01 9.492000000000000437e-01
9.426999999999999824e-01 9.495999999999999996e-01
9.426999999999999824e-01 9.493000000000000327e-01
9.426999999999999824e-01 9.488999999999999657e-01
9.426999999999999824e-01 9.489999999999999547e-01
9.426999999999999824e-01 9.494000000000000217e-01
9.426999999999999824e-01 9.493000000000000327e-01
9.426999999999999824e-01 9.492000000000000437e-01
9.428999999999999604e-01 9.489999999999999547e-01
9.428999999999999604e-01 9.486999999999999877e-01
9.428999999999999604e-01 9.488999999999999657e-01
9.429999999999999494e-01 9.492000000000000437e-01
9.429999999999999494e-01 9.494000000000000217e-01
9.429999999999999494e-01 9.495999999999999996e-01
9.428999999999999604e-01 9.499999999999999556e-01
9.431000000000000494e-01 9.499999999999999556e-01
9.431000000000000494e-01 9.500999999999999446e-01
9.431000000000000494e-01 9.495999999999999996e-01
9.429999999999999494e-01 9.495000000000000107e-01
9.429999999999999494e-01 9.494000000000000217e-01
9.431000000000000494e-01 9.500999999999999446e-01
9.431000000000000494e-01 9.497999999999999776e-01
9.431000000000000494e-01 9.496999999999999886e-01
9.429999999999999494e-01 9.494000000000000217e-01
9.428999999999999604e-01 9.496999999999999886e-01
9.428999999999999604e-01 9.498999999999999666e-01
9.428999999999999604e-01 9.504000000000000226e-01
9.429999999999999494e-01 9.499999999999999556e-01
9.429999999999999494e-01 9.495000000000000107e-01
9.429999999999999494e-01 9.496999999999999886e-01
9.429999999999999494e-01 9.497999999999999776e-01
9.429999999999999494e-01 9.494000000000000217e-01
9.429999999999999494e-01 9.495999999999999996e-01
9.428999999999999604e-01 9.496999999999999886e-01
9.427999999999999714e-01 9.494000000000000217e-01
9.427999999999999714e-01 9.495000000000000107e-01
9.428999999999999604e-01 9.495999999999999996e-01
9.428999999999999604e-01 9.493000000000000327e-01
9.428999999999999604e-01 9.494000000000000217e-01
9.428999999999999604e-01 9.495000000000000107e-01
9.429999999999999494e-01 9.495999999999999996e-01
9.428999999999999604e-01 9.494000000000000217e-01
9.427999999999999714e-01 9.498999999999999666e-01
9.427999999999999714e-01 9.503000000000000336e-01
9.427999999999999714e-01 9.505000000000000115e-01
9.428999999999999604e-01 9.494000000000000217e-01
9.428999999999999604e-01 9.496999999999999886e-01
9.427999999999999714e-01 9.498999999999999666e-01
9.427999999999999714e-01 9.495999999999999996e-01
9.427999999999999714e-01 9.493000000000000327e-01
9.427999999999999714e-01 9.498999999999999666e-01
9.427999999999999714e-01 9.496999999999999886e-01
9.426999999999999824e-01 9.496999999999999886e-01
9.426999999999999824e-01 9.496999999999999886e-01
9.426999999999999824e-01 9.498999999999999666e-01
9.426999999999999824e-01 9.503000000000000336e-01
9.426999999999999824e-01 9.496999999999999886e-01
9.426999999999999824e-01 9.495000000000000107e-01
9.426999999999999824e-01 9.495999999999999996e-01
9.425999999999999934e-01 9.493000000000000327e-01
9.426999999999999824e-01 9.499999999999999556e-01
9.426999999999999824e-01 9.493000000000000327e-01
9.426999999999999824e-01 9.496999999999999886e-01
9.426999999999999824e-01 9.496999999999999886e-01
9.426999999999999824e-01 9.496999999999999886e-01
9.426999999999999824e-01 9.496999999999999886e-01
9.426999999999999824e-01 9.497999999999999776e-01
9.426999999999999824e-01 9.492000000000000437e-01
9.426999999999999824e-01 9.496999999999999886e-01
9.426999999999999824e-01 9.498999999999999666e-01
9.427999999999999714e-01 9.499999999999999556e-01
9.427999999999999714e-01 9.496999999999999886e-01
9.427999999999999714e-01 9.497999999999999776e-01
9.427999999999999714e-01 9.494000000000000217e-01
9.428999999999999604e-01 9.492000000000000437e-01
9.428999999999999604e-01 9.495000000000000107e-01
9.427999999999999714e-01 9.491000000000000547e-01
9.426999999999999824e-01 9.491000000000000547e-01
9.426999999999999824e-01 9.488999999999999657e-01
9.426999999999999824e-01 9.491000000000000547e-01
9.425999999999999934e-01 9.485999999999999988e-01
9.425999999999999934e-01 9.486999999999999877e-01
9.426999999999999824e-01 9.488999999999999657e-01
9.426999999999999824e-01 9.484000000000000208e-01
9.426999999999999824e-01 9.485999999999999988e-01
9.427999999999999714e-01 9.486999999999999877e-01
9.427999999999999714e-01 9.486999999999999877e-01
9.426999999999999824e-01 9.485999999999999988e-01
9.426999999999999824e-01 9.485000000000000098e-01
9.426999999999999824e-01 9.486999999999999877e-01
9.426999999999999824e-01 9.481000000000000538e-01
9.426999999999999824e-01 9.482000000000000428e-01
9.426999999999999824e-01 9.477999999999999758e-01
9.426999999999999824e-01 9.475999999999999979e-01
9.426999999999999824e-01 9.474000000000000199e-01
9.426999999999999824e-01 9.476999999999999869e-01
9.426999999999999824e-01 9.485999999999999988e-01
9.427999999999999714e-01 9.479999999999999538e-01
9.427999999999999714e-01 9.485000000000000098e-01
9.427999999999999714e-01 9.485000000000000098e-01
9.427999999999999714e-01 9.491000000000000547e-01
9.427999999999999714e-01 9.492000000000000437e-01
9.427999999999999714e-01 9.491000000000000547e-01
9.427999999999999714e-01 9.489999999999999547e-01
9.427999999999999714e-01 9.486999999999999877e-01
9.427999999999999714e-01 9.487999999999999767e-01
9.427999999999999714e-01 9.485999999999999988e-01
9.427999999999999714e-01 9.489999999999999547e-01
9.427999999999999714e-01 9.491000000000000547e-01
9.427999999999999714e-01 9.485000000000000098e-01
9.427999999999999714e-01 9.484000000000000208e-01
9.427999999999999714e-01 9.481000000000000538e-01
9.427999999999999714e-01 9.479999999999999538e-01
9.426999999999999824e-01 9.477999999999999758e-01
9.427999999999999714e-01 9.479999999999999538e-01
9.428999999999999604e-01 9.476999999999999869e-01
9.428999999999999604e-01 9.485000000000000098e-01
9.428999999999999604e-01 9.485000000000000098e-01
9.428999999999999604e-01 9.484000000000000208e-01
9.428999999999999604e-01 9.483000000000000318e-01
9.428999999999999604e-01 9.487999999999999767e-01
9.428999999999999604e-01 9.487999999999999767e-01
9.428999999999999604e-01 9.488999999999999657e-01
9.428999999999999604e-01 9.487999999999999767e-01
9.428999999999999604e-01 9.488999999999999657e-01
9.428999999999999604e-01 9.485999999999999988e-01
9.428999999999999604e-01 9.486999999999999877e-01
9.428999999999999604e-01 9.492000000000000437e-01
9.428999999999999604e-01 9.494000000000000217e-01
9.428999999999999604e-01 9.489999999999999547e-01
9.427999999999999714e-01 9.486999999999999877e-01
9.427999999999999714e-01 9.491000000000000547e-01
9.427999999999999714e-01 9.486999999999999877e-01
9.426999999999999824e-01 9.484000000000000208e-01
9.428999999999999604e-01 9.486999999999999877e-01
9.428999999999999604e-01 9.483000000000000318e-01
9.428999999999999604e-01 9.482000000000000428e-01
9.428999999999999604e-01 9.478999999999999648e-01
9.428999999999999604e-01 9.479999999999999538e-01
9.428999999999999604e-01 9.479999999999999538e-01
9.428999999999999604e-01 9.479999999999999538e-01
9.429999999999999494e-01 9.473000000000000309e-01
9.428999999999999604e-01 9.477999999999999758e-01
9.428999999999999604e-01 9.476999999999999869e-01
9.428999999999999604e-01 9.479999999999999538e-01
9.426999999999999824e-01 9.475000000000000089e-01
9.426999999999999824e-01 9.472000000000000419e-01
9.426999999999999824e-01 9.472000000000000419e-01
9.426999999999999824e-01 9.469999999999999529e-01
9.427999999999999714e-01 9.471000000000000529e-01
9.426999999999999824e-01 9.468999999999999639e-01
9.426999999999999824e-01 9.468999999999999639e-01
9.426999999999999824e-01 9.466999999999999860e-01
9.426999999999999824e-01 9.467999999999999750e-01
9.425999999999999934e-01 9.467999999999999750e-01
9.424000000000000155e-01 9.471000000000000529e-01
9.423000000000000265e-01 9.474000000000000199e-01
9.423000000000000265e-01 9.475000000000000089e-01
9.423000000000000265e-01 9.479999999999999538e-01
9.423000000000000265e-01 9.475999999999999979e-01
9.423000000000000265e-01 9.473000000000000309e-01
9.422000000000000375e-01 9.475999999999999979e-01
9.421000000000000485e-01 9.478999999999999648e-01
9.421000000000000485e-01 9.479999999999999538e-01
9.421000000000000485e-01 9.475999999999999979e-01
9.421000000000000485e-01 9.485000000000000098e-01
9.421000000000000485e-01 9.484000000000000208e-01
9.419999999999999485e-01 9.478999999999999648e-01
9.419999999999999485e-01 9.482000000000000428e-01
9.418999999999999595e-01 9.477999999999999758e-01
9.417999999999999705e-01 9.477999999999999758e-01
9.417999999999999705e-01 9.486999999999999877e-01
9.417999999999999705e-01 9.482000000000000428e-01
9.416999999999999815e-01 9.487999999999999767e-01
9.416999999999999815e-01 9.481000000000000538e-01
9.415999999999999925e-01 9.485000000000000098e-01
9.415999999999999925e-01 9.485999999999999988e-01
9.415999999999999925e-01 9.482000000000000428e-01
9.415999999999999925e-01 9.485999999999999988e-01
9.415000000000000036e-01 9.482000000000000428e-01
9.415000000000000036e-01 9.483000000000000318e-01
9.415999999999999925e-01 9.486999999999999877e-01
9.414000000000000146e-01 9.493000000000000327e-01
9.413000000000000256e-01 9.487999999999999767e-01
9.413000000000000256e-01 9.488999999999999657e-01
9.413000000000000256e-01 9.487999999999999767e-01
9.414000000000000146e-01 9.493000000000000327e-01
9.413000000000000256e-01 9.488999999999999657e-01
9.413000000000000256e-01 9.485999999999999988e-01
9.412000000000000366e-01 9.486999999999999877e-01
9.412000000000000366e-01 9.486999999999999877e-01
9.412000000000000366e-01 9.491000000000000547e-01
9.412000000000000366e-01 9.482000000000000428e-01
9.412000000000000366e-01 9.484000000000000208e-01
9.409999999999999476e-01 9.487999999999999767e-01
9.411000000000000476e-01 9.489999999999999547e-01
9.409999999999999476e-01 9.491000000000000547e-01
9.411000000000000476e-01 9.488999999999999657e-01
9.409999999999999476e-01 9.487999999999999767e-01
9.411000000000000476e-01 9.485999999999999988e-01
9.409999999999999476e-01 9.484000000000000208e-01
9.409999999999999476e-01 9.485000000000000098e-01
9.409999999999999476e-01 9.487999999999999767e-01
9.409999999999999476e-01 9.486999999999999877e-01
9.409999999999999476e-01 9.485000000000000098e-01
9.409999999999999476e-01 9.492000000000000437e-01
9.409999999999999476e-01 9.491000000000000547e-01
9.409999999999999476e-01 9.493000000000000327e-01
9.409999999999999476e-01 9.488999999999999657e-01
9.409999999999999476e-01 9.485999999999999988e-01
9.409999999999999476e-01 9.483000000000000318e-01
9.408999999999999586e-01 9.481000000000000538e-01
9.409999999999999476e-01 9.485999999999999988e-01
9.408999999999999586e-01 9.484000000000000208e-01
9.408999999999999586e-01 9.486999999999999877e-01
9.408999999999999586e-01 9.485999999999999988e-01
9.408999999999999586e-01 9.485000000000000098e-01
9.409999999999999476e-01 9.479999999999999538e-01
9.409999999999999476e-01 9.485000000000000098e-01
9.409999999999999476e-01 9.488999999999999657e-01
9.409999999999999476e-01 9.487999999999999767e-01
9.408999999999999586e-01 9.492000000000000437e-01
9.409999999999999476e-01 9.486999999999999877e-01
9.409999999999999476e-01 9.485999999999999988e-01
9.409999999999999476e-01 9.492000000000000437e-01
9.409999999999999476e-01 9.495999999999999996e-01
9.409999999999999476e-01 9.492000000000000437e-01
9.409999999999999476e-01 9.496999999999999886e-01
9.411000000000000476e-01 9.496999999999999886e-01
9.409999999999999476e-01 9.495999999999999996e-01
9.409999999999999476e-01 9.494000000000000217e-01
9.411000000000000476e-01 9.493000000000000327e-01
9.409999999999999476e-01 9.495000000000000107e-01
9.411000000000000476e-01 9.492000000000000437e-01
9.409999999999999476e-01 9.489999999999999547e-01
9.411000000000000476e-01 9.495000000000000107e-01
9.409999999999999476e-01 9.494000000000000217e-01
9.409999999999999476e-01 9.493000000000000327e-01
9.409999999999999476e-01 9.496999999999999886e-01
9.409999999999999476e-01 9.495000000000000107e-01
9.409999999999999476e-01 9.493000000000000327e-01
9.407999999999999696e-01 9.497999999999999776e-01
9.408999999999999586e-01 9.500999999999999446e-01
9.409999999999999476e-01 9.499999999999999556e-01
9.408999999999999586e-01 9.491000000000000547e-01
9.408999999999999586e-01 9.492000000000000437e-01
9.407999999999999696e-01 9.495999999999999996e-01
9.407999999999999696e-01 9.495999999999999996e-01
9.407999999999999696e-01 9.495999999999999996e-01
9.407999999999999696e-01 9.489999999999999547e-01
9.407999999999999696e-01 9.487999999999999767e-01
9.407999999999999696e-01 9.487999999999999767e-01
9.407999999999999696e-01 9.486999999999999877e-01
9.407999999999999696e-01 9.488999999999999657e-01
9.407999999999999696e-01 9.489999999999999547e-01
9.407999999999999696e-01 9.481000000000000538e-01
9.407999999999999696e-01 9.489999999999999547e-01
9.406999999999999806e-01 9.484000000000000208e-01
9.406999999999999806e-01 9.482000000000000428e-01
9.406999999999999806e-01 9.486999999999999877e-01
9.406999999999999806e-01 9.485999999999999988e-01
9.406999999999999806e-01 9.492000000000000437e-01
9.406999999999999806e-01 9.489999999999999547e-01
9.406999999999999806e-01 9.491000000000000547e-01
9.405999999999999917e-01 9.493000000000000327e-01
9.406999999999999806e-01 9.488999999999999657e-01
9.408999999999999586e-01 9.489999999999999547e-01
9.408999999999999586e-01 9.496999999999999886e-01
9.408999999999999586e-01 9.497999999999999776e-01
9.408999999999999586e-01 9.495000000000000107e-01
9.408999999999999586e-01 9.495999999999999996e-01
9.408999999999999586e-01 9.495000000000000107e-01
9.408999999999999586e-01 9.494000000000000217e-01
9.408999999999999586e-01 9.495999999999999996e-01
9.408999999999999586e-01 9.493000000000000327e-01
9.408999999999999586e-01 9.492000000000000437e-01
9.409999999999999476e-01 9.495000000000000107e-01
9.409999999999999476e-01 9.486999999999999877e-01
9.409999999999999476e-01 9.494000000000000217e-01
9.411000000000000476e-01 9.493000000000000327e-01
9.411000000000000476e-01 9.489999999999999547e-01
9.411000000000000476e-01 9.485999999999999988e-01
9.411000000000000476e-01 9.485999999999999988e-01
9.412000000000000366e-01 9.484000000000000208e-01
9.411000000000000476e-01 9.489999999999999547e-01
9.409999999999999476e-01 9.486999999999999877e-01
9.408999999999999586e-01 9.487999999999999767e-01
9.408999999999999586e-01 9.485999999999999988e-01
9.408999999999999586e-01 9.488999999999999657e-01
9.408999999999999586e-01 9.486999999999999877e-01
9.408999999999999586e-01 9.479999999999999538e-01
9.408999999999999586e-01 9.482000000000000428e-01
9.408999999999999586e-01 9.478999999999999648e-01
9.408999999999999586e-01 9.476999999999999869e-01
9.408999999999999586e-01 9.476999999999999869e-01
9.408999999999999586e-01 9.475000000000000089e-01
9.408999999999999586e-01 9.482000000000000428e-01
9.408999999999999586e-01 9.481000000000000538e-01
9.408999999999999586e-01 9.484000000000000208e-01
9.407999999999999696e-01 9.487999999999999767e-01
9.407999999999999696e-01 9.487999999999999767e-01
9.407999999999999696e-01 9.487999999999999767e-01
9.407999999999999696e-01 9.483000000000000318e-01
9.407999999999999696e-01 9.484000000000000208e-01
9.407999999999999696e-01 9.479999999999999538e-01
9.407999999999999696e-01 9.479999999999999538e-01
9.407999999999999696e-01 9.481000000000000538e-01
9.407999999999999696e-01 9.481000000000000538e-01
9.406999999999999806e-01 9.484000000000000208e-01
9.406999999999999806e-01 9.484000000000000208e-01
9.406999999999999806e-01 9.478999999999999648e-01
9.406999999999999806e-01 9.478999999999999648e-01
9.406999999999999806e-01 9.478999999999999648e-01
9.406999999999999806e-01 9.485999999999999988e-01
9.406999999999999806e-01 9.483000000000000318e-01
9.406999999999999806e-01 9.481000000000000538e-01
9.406999999999999806e-01 9.477999999999999758e-01
9.406999999999999806e-01 9.485000000000000098e-01
9.406999999999999806e-01 9.484000000000000208e-01
9.406999999999999806e-01 9.484000000000000208e-01
9.406999999999999806e-01 9.485000000000000098e-01
9.406999999999999806e-01 9.484000000000000208e-01
9.405999999999999917e-01 9.485999999999999988e-01
9.405000000000000027e-01 9.485999999999999988e-01
9.405999999999999917e-01 9.477999999999999758e-01
9.405999999999999917e-01 9.483000000000000318e-01
9.405000000000000027e-01 9.484000000000000208e-01
9.405000000000000027e-01 9.481000000000000538e-01
9.405000000000000027e-01 9.488999999999999657e-01
9.405000000000000027e-01 9.489999999999999547e-01
9.405000000000000027e-01 9.485000000000000098e-01
9.403000000000000247e-01 9.481000000000000538e-01
9.402000000000000357e-01 9.484000000000000208e-01
9.401000000000000467e-01 9.486999999999999877e-01
9.402000000000000357e-01 9.488999999999999657e-01
9.403000000000000247e-01 9.493000000000000327e-01
9.402000000000000357e-01 9.494000000000000217e-01
9.402000000000000357e-01 9.494000000000000217e-01
9.402000000000000357e-01 9.491000000000000547e-01
9.401000000000000467e-01 9.488999999999999657e-01
9.402000000000000357e-01 9.487999999999999767e-01
9.401000000000000467e-01 9.486999999999999877e-01
9.401000000000000467e-01 9.488999999999999657e-01
9.401000000000000467e-01 9.488999999999999657e-01
9.399999999999999467e-01 9.489999999999999547e-01
9.401000000000000467e-01 9.492000000000000437e-01
9.401000000000000467e-01 9.493000000000000327e-01
9.402000000000000357e-01 9.486999999999999877e-01
9.402000000000000357e-01 9.485999999999999988e-01
9.403000000000000247e-01 9.488999999999999657e-01
9.403000000000000247e-01 9.488999999999999657e-01
9.403000000000000247e-01 9.492000000000000437e-01
9.403000000000000247e-01 9.488999999999999657e-01
9.403000000000000247e-01 9.488999999999999657e-01
9.403000000000000247e-01 9.489999999999999547e-01
9.403000000000000247e-01 9.492000000000000437e-01
9.403000000000000247e-01 9.495999999999999996e-01
9.402000000000000357e-01 9.495999999999999996e-01
9.402000000000000357e-01 9.494000000000000217e-01
9.402000000000000357e-01 9.491000000000000547e-01
9.402000000000000357e-01 9.483000000000000318e-01
9.402000000000000357e-01 9.484000000000000208e-01
9.402000000000000357e-01 9.489999999999999547e-01
9.402000000000000357e-01 9.489999999999999547e-01
9.401000000000000467e-01 9.487999999999999767e-01
9.401000000000000467e-01 9.489999999999999547e-01
9.401000000000000467e-01 9.486999999999999877e-01
9.399999999999999467e-01 9.487999999999999767e-01
9.399999999999999467e-01 9.494000000000000217e-01
9.399999999999999467e-01 9.496999999999999886e-01
9.399999999999999467e-01 9.493000000000000327e-01
9.399999999999999467e-01 9.491000000000000547e-01
9.399999999999999467e-01 9.493000000000000327e-01
9.399999999999999467e-01 9.494000000000000217e-01
9.398999999999999577e-01 9.492000000000000437e-01
9.398999999999999577e-01 9.489999999999999547e-01
9.398999999999999577e-01 9.488999999999999657e-01
9.398999999999999577e-01 9.489999999999999547e-01
9.397999999999999687e-01 9.494000000000000217e-01
9.398999999999999577e-01 9.494000000000000217e-01
9.398999999999999577e-01 9.488999999999999657e-01
9.399999999999999467e-01 9.486999999999999877e-01
9.399999999999999467e-01 9.482000000000000428e-01
9.399999999999999467e-01 9.477999999999999758e-01
9.399999999999999467e-01 9.475999999999999979e-01
9.399999999999999467e-01 9.481000000000000538e-01
9.401000000000000467e-01 9.483000000000000318e-01
9.401000000000000467e-01 9.482000000000000428e-01
9.402000000000000357e-01 9.484000000000000208e-01
9.402000000000000357e-01 9.485000000000000098e-01
9.402000000000000357e-01 9.483000000000000318e-01
9.402000000000000357e-01 9.483000000000000318e-01
9.401000000000000467e-01 9.479999999999999538e-01
9.401000000000000467e-01 9.481000000000000538e-01
9.402000000000000357e-01 9.481000000000000538e-01
9.403000000000000247e-01 9.485000000000000098e-01
9.403000000000000247e-01 9.485000000000000098e-01
9.403000000000000247e-01 9.475999999999999979e-01
9.403000000000000247e-01 9.478999999999999648e-01
9.403000000000000247e-01 9.483000000000000318e-01
9.402000000000000357e-01 9.479999999999999538e-01
9.402000000000000357e-01 9.482000000000000428e-01
9.403000000000000247e-01 9.485999999999999988e-01
9.403000000000000247e-01 9.485000000000000098e-01
9.403000000000000247e-01 9.487999999999999767e-01
9.403000000000000247e-01 9.479999999999999538e-01
9.403000000000000247e-01 9.481000000000000538e-01
9.403000000000000247e-01 9.482000000000000428e-01
9.402000000000000357e-01 9.485999999999999988e-01
9.403000000000000247e-01 9.486999999999999877e-01
9.403000000000000247e-01 9.489999999999999547e-01
9.403000000000000247e-01 9.489999999999999547e-01
9.403000000000000247e-01 9.495000000000000107e-01
9.403000000000000247e-01 9.494000000000000217e-01
9.402000000000000357e-01 9.492000000000000437e-01
9.403000000000000247e-01 9.488999999999999657e-01
9.403000000000000247e-01 9.492000000000000437e-01
9.403000000000000247e-01 9.493000000000000327e-01
9.403000000000000247e-01 9.488999999999999657e-01
9.403000000000000247e-01 9.485999999999999988e-01
9.404000000000000137e-01 9.485000000000000098e-01
9.404000000000000137e-01 9.483000000000000318e-01
9.404000000000000137e-01 9.483000000000000318e-01
9.404000000000000137e-01 9.485000000000000098e-01
9.404000000000000137e-01 9.485000000000000098e-01
9.404000000000000137e-01 9.484000000000000208e-01
9.404000000000000137e-01 9.488999999999999657e-01
9.404000000000000137e-01 9.494000000000000217e-01
9.403000000000000247e-01 9.488999999999999657e-01
9.403000000000000247e-01 9.494000000000000217e-01
9.403000000000000247e-01 9.497999999999999776e-01
9.403000000000000247e-01 9.495000000000000107e-01
9.403000000000000247e-01 9.497999999999999776e-01
9.403000000000000247e-01 9.495999999999999996e-01
9.402000000000000357e-01 9.499999999999999556e-01
9.402000000000000357e-01 9.492000000000000437e-01
9.403000000000000247e-01 9.494000000000000217e-01
9.403000000000000247e-01 9.487999999999999767e-01
9.403000000000000247e-01 9.489999999999999547e-01
9.404000000000000137e-01 9.491000000000000547e-01
9.404000000000000137e-01 9.493000000000000327e-01
9.404000000000000137e-01 9.494000000000000217e-01
9.402000000000000357e-01 9.491000000000000547e-01
9.402000000000000357e-01 9.492000000000000437e-01
9.402000000000000357e-01 9.487999999999999767e-01
9.402000000000000357e-01 9.493000000000000327e-01
9.402000000000000357e-01 9.486999999999999877e-01
9.402000000000000357e-01 9.487999999999999767e-01
9.401000000000000467e-01 9.488999999999999657e-01
9.401000000000000467e-01 9.487999999999999767e-01
9.401000000000000467e-01 9.486999999999999877e-01
9.401000000000000467e-01 9.485999999999999988e-01
9.401000000000000467e-01 9.484000000000000208e-01
9.401000000000000467e-01 9.488999999999999657e-01
9.401000000000000467e-01 9.491000000000000547e-01
9.401000000000000467e-01 9.482000000000000428e-01
9.401000000000000467e-01 9.485999999999999988e-01
9.401000000000000467e-01 9.487999999999999767e-01
9.401000000000000467e-01 9.485999999999999988e-01
9.399999999999999467e-01 9.479999999999999538e-01
9.401000000000000467e-01 9.474000000000000199e-01
9.401000000000000467e-01 9.475000000000000089e-01
9.401000000000000467e-01 9.476999999999999869e-01
9.401000000000000467e-01 9.478999999999999648e-01
9.401000000000000467e-01 9.485000000000000098e-01
9.402000000000000357e-01 9.485999999999999988e-01
9.403000000000000247e-01 9.483000000000000318e-01
9.401000000000000467e-01 9.485000000000000098e-01
9.402000000000000357e-01 9.483000000000000318e-01
9.402000000000000357e-01 9.485000000000000098e-01
9.402000000000000357e-01 9.488999999999999657e-01
9.402000000000000357e-01 9.488999999999999657e-01
9.402000000000000357e-01 9.487999999999999767e-01
9.402000000000000357e-01 9.485000000000000098e-01
9.402000000000000357e-01 9.488999999999999657e-01
9.401000000000000467e-01 9.492000000000000437e-01
9.401000000000000467e-01 9.496999999999999886e-01
9.401000000000000467e-01 9.492000000000000437e-01
9.401000000000000467e-01 9.489999999999999547e-01
9.401000000000000467e-01 9.493000000000000327e-01
9.401000000000000467e-01 9.491000000000000547e-01
9.401000000000000467e-01 9.485999999999999988e-01
9.401000000000000467e-01 9.481000000000000538e-01
9.401000000000000467e-01 9.483000000000000318e-01
9.401000000000000467e-01 9.475000000000000089e-01
9.399999999999999467e-01 9.476999999999999869e-01
9.401000000000000467e-01 9.478999999999999648e-01
9.399999999999999467e-01 9.475000000000000089e-01
9.399999999999999467e-01 9.475000000000000089e-01
9.399999999999999467e-01 9.476999999999999869e-01
9.399999999999999467e-01 9.476999999999999869e-01
9.399999999999999467e-01 9.474000000000000199e-01
9.399999999999999467e-01 9.475000000000000089e-01
9.399999999999999467e-01 9.474000000000000199e-01
9.401000000000000467e-01 9.474000000000000199e-01
9.402000000000000357e-01 9.474000000000000199e-01
9.402000000000000357e-01 9.476999999999999869e-01
9.401000000000000467e-01 9.474000000000000199e-01
9.402000000000000357e-01 9.472000000000000419e-01
9.402000000000000357e-01 9.475000000000000089e-01
9.401000000000000467e-01 9.477999999999999758e-01
9.401000000000000467e-01 9.477999999999999758e-01
9.401000000000000467e-01 9.476999999999999869e-01
9.401000000000000467e-01 9.474000000000000199e-01
9.402000000000000357e-01 9.473000000000000309e-01
9.401000000000000467e-01 9.475000000000000089e-01
9.401000000000000467e-01 9.475999999999999979e-01
9.399999999999999467e-01 9.477999999999999758e-01
9.398999999999999577e-01 9.475999999999999979e-01
9.402000000000000357e-01 9.475000000000000089e-01
9.402000000000000357e-01 9.477999999999999758e-01
9.402000000000000357e-01 9.482000000000000428e-01
9.401000000000000467e-01 9.486999999999999877e-01
9.401000000000000467e-01 9.484000000000000208e-01
9.399999999999999467e-01 9.489999999999999547e-01
9.399999999999999467e-01 9.489999999999999547e-01
9.399999999999999467e-01 9.484000000000000208e-01
9.399999999999999467e-01 9.487999999999999767e-01
9.399999999999999467e-01 9.486999999999999877e-01
9.399999999999999467e-01 9.489999999999999547e-01
9.399999999999999467e-01 9.479999999999999538e-01
9.399999999999999467e-01 9.485000000000000098e-01
9.399999999999999467e-01 9.482000000000000428e-01
9.399999999999999467e-01 9.478999999999999648e-01
9.401000000000000467e-01 9.484000000000000208e-01
9.399999999999999467e-01 9.482000000000000428e-01
9.399999999999999467e-01 9.482000000000000428e-01
9.399999999999999467e-01 9.483000000000000318e-01
9.399999999999999467e-01 9.485999999999999988e-01
9.399999999999999467e-01 9.482000000000000428e-01
9.399999999999999467e-01 9.476999999999999869e-01
9.399999999999999467e-01 9.482000000000000428e-01
9.399999999999999467e-01 9.477999999999999758e-01
9.399999999999999467e-01 9.482000000000000428e-01
9.399999999999999467e-01 9.482000000000000428e-01
9.399999999999999467e-01 9.485999999999999988e-01
9.399999999999999467e-01 9.482000000000000428e-01
9.399999999999999467e-01 9.479999999999999538e-01
9.399999999999999467e-01 9.483000000000000318e-01
9.398999999999999577e-01 9.476999999999999869e-01
9.398999999999999577e-01 9.479999999999999538e-01
9.398999999999999577e-01 9.479999999999999538e-01
9.398999999999999577e-01 9.477999999999999758e-01
9.398999999999999577e-01 9.478999999999999648e-01
9.398999999999999577e-01 9.476999999999999869e-01
9.398999999999999577e-01 9.475000000000000089e-01
9.398999999999999577e-01 9.469999999999999529e-01
9.398999999999999577e-01 9.472000000000000419e-01
9.398999999999999577e-01 9.477999999999999758e-01
9.398999999999999577e-01 9.472000000000000419e-01
9.398999999999999577e-01 9.469999999999999529e-01
9.398999999999999577e-01 9.472000000000000419e-01
9.398999999999999577e-01 9.479999999999999538e-01
9.398999999999999577e-01 9.479999999999999538e-01
9.398999999999999577e-01 9.485999999999999988e-01
9.399999999999999467e-01 9.482000000000000428e-01
9.399999999999999467e-01 9.482000000000000428e-01
9.399999999999999467e-01 9.476999999999999869e-01
9.401000000000000467e-01 9.472000000000000419e-01
9.401000000000000467e-01 9.473000000000000309e-01
9.401000000000000467e-01 9.473000000000000309e-01
9.401000000000000467e-01 9.469999999999999529e-01
9.401000000000000467e-01 9.466999999999999860e-01
9.401000000000000467e-01 9.472000000000000419e-01
9.399999999999999467e-01 9.472000000000000419e-01
9.401000000000000467e-01 9.472000000000000419e-01
9.402000000000000357e-01 9.476999999999999869e-01
9.402000000000000357e-01 9.471000000000000529e-01
9.403000000000000247e-01 9.475999999999999979e-01
9.404000000000000137e-01 9.476999999999999869e-01
9.404000000000000137e-01 9.475999999999999979e-01
9.404000000000000137e-01 9.471000000000000529e-01
9.403000000000000247e-01 9.469999999999999529e-01
9.402000000000000357e-01 9.473000000000000309e-01
9.402000000000000357e-01 9.475000000000000089e-01
9.402000000000000357e-01 9.477999999999999758e-01
9.403000000000000247e-01 9.474000000000000199e-01
9.402000000000000357e-01 9.472000000000000419e-01
9.403000000000000247e-01 9.473000000000000309e-01
9.402000000000000357e-01 9.475000000000000089e-01
9.403000000000000247e-01 9.477999999999999758e-01
9.403000000000000247e-01 9.479999999999999538e-01
9.403000000000000247e-01 9.475000000000000089e-01
9.403000000000000247e-01 9.475999999999999979e-01
9.403000000000000247e-01 9.475999999999999979e-01
9.403000000000000247e-01 9.473000000000000309e-01
9.403000000000000247e-01 9.475999999999999979e-01
9.403000000000000247e-01 9.472000000000000419e-01
9.403000000000000247e-01 9.475999999999999979e-01
9.403000000000000247e-01 9.474000000000000199e-01
9.403000000000000247e-01 9.475999999999999979e-01
9.403000000000000247e-01 9.476999999999999869e-01
9.402000000000000357e-01 9.474000000000000199e-01
9.402000000000000357e-01 9.474000000000000199e-01
9.402000000000000357e-01 9.475000000000000089e-01
9.402000000000000357e-01 9.472000000000000419e-01
9.402000000000000357e-01 9.471000000000000529e-01
9.402000000000000357e-01 9.467999999999999750e-01
9.402000000000000357e-01 9.467999999999999750e-01
9.402000000000000357e-01 9.467999999999999750e-01
9.402000000000000357e-01 9.467999999999999750e-01
9.402000000000000357e-01 9.466999999999999860e-01
9.402000000000000357e-01 9.467999999999999750e-01
9.403000000000000247e-01 9.464000000000000190e-01
9.402000000000000357e-01 9.465000000000000080e-01
9.401000000000000467e-01 9.461000000000000520e-01
9.401000000000000467e-01 9.463000000000000300e-01
9.401000000000000467e-01 9.465999999999999970e-01
9.403000000000000247e-01 9.465000000000000080e-01
9.402000000000000357e-01 9.465999999999999970e-01
9.401000000000000467e-01 9.465999999999999970e-01
9.401000000000000467e-01 9.471000000000000529e-01
9.401000000000000467e-01 9.466999999999999860e-01
9.403000000000000247e-01 9.469999999999999529e-01
9.403000000000000247e-01 9.468999999999999639e-01
9.402000000000000357e-01 9.465999999999999970e-01
9.402000000000000357e-01 9.463000000000000300e-01
9.402000000000000357e-01 9.459999999999999520e-01
9.402000000000000357e-01 9.466999999999999860e-01
9.402000000000000357e-01 9.466999999999999860e-01
9.403000000000000247e-01 9.465999999999999970e-01
9.404000000000000137e-01 9.468999999999999639e-01
9.404000000000000137e-01 9.467999999999999750e-01
9.404000000000000137e-01 9.469999999999999529e-01
9.404000000000000137e-01 9.467999999999999750e-01
9.404000000000000137e-01 9.469999999999999529e-01
9.404000000000000137e-01 9.464000000000000190e-01
9.404000000000000137e-01 9.465000000000000080e-01
9.404000000000000137e-01 9.463000000000000300e-01
9.405000000000000027e-01 9.466999999999999860e-01
9.405000000000000027e-01 9.466999999999999860e-01
9.405000000000000027e-01 9.466999999999999860e-01
9.405000000000000027e-01 9.471000000000000529e-01
9.405000000000000027e-01 9.469999999999999529e-01
9.405000000000000027e-01 9.471000000000000529e-01
9.405000000000000027e-01 9.467999999999999750e-01
9.405000000000000027e-01 9.471000000000000529e-01
9.405000000000000027e-01 9.475000000000000089e-01
9.405000000000000027e-01 9.472000000000000419e-01
9.405000000000000027e-01 9.469999999999999529e-01
9.405000000000000027e-01 9.472000000000000419e-01
9.405000000000000027e-01 9.467999999999999750e-01
9.405000000000000027e-01 9.464000000000000190e-01
9.404000000000000137e-01 9.463000000000000300e-01
9.405000000000000027e-01 9.464000000000000190e-01
9.405000000000000027e-01 9.461000000000000520e-01
9.405000000000000027e-01 9.469999999999999529e-01
9.405000000000000027e-01 9.467999999999999750e-01
9.405000000000000027e-01 9.461000000000000520e-01
9.405000000000000027e-01 9.466999999999999860e-01
9.405000000000000027e-01 9.469999999999999529e-01
9.405000000000000027e-01 9.463000000000000300e-01
9.405000000000000027e-01 9.468999999999999639e-01
9.405000000000000027e-01 9.467999999999999750e-01
9.405000000000000027e-01 9.465000000000000080e-01
9.405000000000000027e-01 9.464000000000000190e-01
9.405000000000000027e-01 9.461000000000000520e-01
9.404000000000000137e-01 9.466999999999999860e-01
9.404000000000000137e-01 9.468999999999999639e-01
9.403000000000000247e-01 9.462000000000000410e-01
9.403000000000000247e-01 9.464000000000000190e-01
9.403000000000000247e-01 9.463000000000000300e-01
9.402000000000000357e-01 9.465000000000000080e-01
9.402000000000000357e-01 9.465999999999999970e-01
9.402000000000000357e-01 9.465999999999999970e-01
9.402000000000000357e-01 9.463000000000000300e-01
9.402000000000000357e-01 9.459999999999999520e-01
9.401000000000000467e-01 9.455999999999999961e-01
9.401000000000000467e-01 9.463000000000000300e-01
9.401000000000000467e-01 9.461000000000000520e-01
9.401000000000000467e-01 9.457999999999999741e-01
9.401000000000000467e-01 9.455999999999999961e-01
9.401000000000000467e-01 9.453000000000000291e-01
9.401000000000000467e-01 9.455999999999999961e-01
9.401000000000000467e-01 9.461000000000000520e-01
9.401000000000000467e-01 9.458999999999999631e-01
9.401000000000000467e-01 9.464000000000000190e-01
9.401000000000000467e-01 9.465999999999999970e-01
9.401000000000000467e-01 9.465999999999999970e-01
9.401000000000000467e-01 9.466999999999999860e-01
9.399999999999999467e-01 9.463000000000000300e-01
9.401000000000000467e-01 9.466999999999999860e-01
9.401000000000000467e-01 9.467999999999999750e-01
9.401000000000000467e-01 9.467999999999999750e-01
9.401000000000000467e-01 9.468999999999999639e-01
9.401000000000000467e-01 9.466999999999999860e-01
9.401000000000000467e-01 9.465000000000000080e-01
9.401000000000000467e-01 9.463000000000000300e-01
9.401000000000000467e-01 9.457999999999999741e-01
9.401000000000000467e-01 9.459999999999999520e-01
9.401000000000000467e-01 9.461000000000000520e-01
9.401000000000000467e-01 9.466999999999999860e-01
9.401000000000000467e-01 9.459999999999999520e-01
9.401000000000000467e-01 9.463000000000000300e-01
9.401000000000000467e-01 9.457999999999999741e-01
9.401000000000000467e-01 9.459999999999999520e-01
9.402000000000000357e-01 9.463000000000000300e-01
9.401000000000000467e-01 9.459999999999999520e-01
9.401000000000000467e-01 9.453000000000000291e-01
9.401000000000000467e-01 9.457999999999999741e-01
9.401000000000000467e-01 9.452000000000000401e-01
9.401000000000000467e-01 9.452000000000000401e-01
9.401000000000000467e-01 9.456999999999999851e-01
9.401000000000000467e-01 9.455000000000000071e-01
9.401000000000000467e-01 9.452000000000000401e-01
9.402000000000000357e-01 9.459999999999999520e-01
9.402000000000000357e-01 9.463000000000000300e-01
9.402000000000000357e-01 9.464000000000000190e-01
9.402000000000000357e-01 9.461000000000000520e-01
9.402000000000000357e-01 9.465000000000000080e-01
9.402000000000000357e-01 9.465000000000000080e-01
9.402000000000000357e-01 9.464000000000000190e-01
9.402000000000000357e-01 9.463000000000000300e-01
9.401000000000000467e-01 9.471000000000000529e-01
9.401000000000000467e-01 9.471000000000000529e-01
9.401000000000000467e-01 9.467999999999999750e-01
9.401000000000000467e-01 9.469999999999999529e-01
9.401000000000000467e-01 9.474000000000000199e-01
9.399999999999999467e-01 9.475999999999999979e-01
9.401000000000000467e-01 9.467999999999999750e-01
9.399999999999999467e-01 9.471000000000000529e-01
9.399999999999999467e-01 9.468999999999999639e-01
9.398999999999999577e-01 9.466999999999999860e-01
9.398999999999999577e-01 9.473000000000000309e-01
9.398999999999999577e-01 9.474000000000000199e-01
9.398999999999999577e-01 9.479999999999999538e-01
9.398999999999999577e-01 9.473000000000000309e-01
9.397999999999999687e-01 9.472000000000000419e-01
9.397999999999999687e-01 9.473000000000000309e-01
9.397999999999999687e-01 9.473000000000000309e-01
9.397999999999999687e-01 9.473000000000000309e-01
9.398999999999999577e-01 9.475999999999999979e-01
9.398999999999999577e-01 9.476999999999999869e-01
9.397999999999999687e-01 9.473000000000000309e-01
9.397999999999999687e-01 9.471000000000000529e-01
9.397999999999999687e-01 9.469999999999999529e-01
9.397999999999999687e-01 9.469999999999999529e-01
9.397999999999999687e-01 9.467999999999999750e-01
9.397999999999999687e-01 9.467999999999999750e-01
9.397999999999999687e-01 9.466999999999999860e-01
9.397999999999999687e-01 9.469999999999999529e-01
9.397999999999999687e-01 9.469999999999999529e-01
9.397999999999999687e-01 9.471000000000000529e-01
9.397999999999999687e-01 9.472000000000000419e-01
9.397999999999999687e-01 9.471000000000000529e-01
9.397999999999999687e-01 9.475999999999999979e-01
9.397999999999999687e-01 9.468999999999999639e-01
9.397999999999999687e-01 9.469999999999999529e-01
9.397999999999999687e-01 9.468999999999999639e-01
9.397999999999999687e-01 9.469999999999999529e-01
9.397999999999999687e-01 9.472000000000000419e-01
9.397999999999999687e-01 9.469999999999999529e-01
9.397999999999999687e-01 9.474000000000000199e-01
9.397999999999999687e-01 9.469999999999999529e-01
9.397999999999999687e-01 9.471000000000000529e-01
9.397999999999999687e-01 9.465999999999999970e-01
9.398999999999999577e-01 9.464000000000000190e-01
9.398999999999999577e-01 9.463000000000000300e-01
9.398999999999999577e-01 9.464000000000000190e-01
9.398999999999999577e-01 9.465999999999999970e-01
9.398999999999999577e-01 9.466999999999999860e-01
9.398999999999999577e-01 9.462000000000000410e-01
9.398999999999999577e-01 9.462000000000000410e-01
9.401000000000000467e-01 9.465000000000000080e-01
9.401000000000000467e-01 9.465000000000000080e-01
9.398999999999999577e-01 9.465000000000000080e-01
9.399999999999999467e-01 9.465999999999999970e-01
9.399999999999999467e-01 9.464000000000000190e-01
9.399999999999999467e-01 9.465000000000000080e-01
9.398999999999999577e-01 9.463000000000000300e-01
9.398999999999999577e-01 9.465999999999999970e-01
9.397999999999999687e-01 9.465999999999999970e-01
9.397999999999999687e-01 9.464000000000000190e-01
9.396999999999999797e-01 9.468999999999999639e-01
9.397999999999999687e-01 9.466999999999999860e-01
9.397999999999999687e-01 9.465000000000000080e-01
9.397999999999999687e-01 9.468999999999999639e-01
9.397999999999999687e-01 9.472000000000000419e-01
9.397999999999999687e-01 9.465000000000000080e-01
9.397999999999999687e-01 9.472000000000000419e-01
9.396999999999999797e-01 9.467999999999999750e-01
9.396999999999999797e-01 9.471000000000000529e-01
9.397999999999999687e-01 9.468999999999999639e-01
9.397999999999999687e-01 9.475999999999999979e-01
9.397999999999999687e-01 9.472000000000000419e-01
9.396999999999999797e-01 9.471000000000000529e-01
9.395999999999999908e-01 9.471000000000000529e-01
9.395999999999999908e-01 9.467999999999999750e-01
9.395999999999999908e-01 9.471000000000000529e-01
9.395999999999999908e-01 9.474000000000000199e-01
9.395999999999999908e-01 9.469999999999999529e-01
9.395999999999999908e-01 9.468999999999999639e-01
9.395999999999999908e-01 9.476999999999999869e-01
9.395999999999999908e-01 9.475000000000000089e-01
9.395999999999999908e-01 9.474000000000000199e-01
9.395999999999999908e-01 9.472000000000000419e-01
9.395999999999999908e-01 9.476999999999999869e-01
9.395999999999999908e-01 9.475999999999999979e-01
9.395999999999999908e-01 9.479999999999999538e-01
9.395999999999999908e-01 9.481000000000000538e-01
9.395999999999999908e-01 9.482000000000000428e-01
9.396999999999999797e-01 9.479999999999999538e-01
9.396999999999999797e-01 9.476999999999999869e-01
9.396999999999999797e-01 9.478999999999999648e-01
9.396999999999999797e-01 9.479999999999999538e-01
9.396999999999999797e-01 9.479999999999999538e-01
9.396999999999999797e-01 9.479999999999999538e-01
9.396999999999999797e-01 9.479999999999999538e-01
9.396999999999999797e-01 9.476999999999999869e-01
9.396999999999999797e-01 9.475000000000000089e-01
9.396999999999999797e-01 9.475999999999999979e-01
9.397999999999999687e-01 9.475999999999999979e-01
9.397999999999999687e-01 9.475000000000000089e-01
9.397999999999999687e-01 9.477999999999999758e-01
9.397999999999999687e-01 9.482000000000000428e-01
9.397999999999999687e-01 9.481000000000000538e-01
9.396999999999999797e-01 9.481000000000000538e-01
9.397999999999999687e-01 9.475999999999999979e-01
9.397999999999999687e-01 9.476999999999999869e-01
9.397999999999999687e-01 9.475000000000000089e-01
9.397999999999999687e-01 9.471000000000000529e-01
9.397999999999999687e-01 9.474000000000000199e-01
9.397999999999999687e-01 9.473000000000000309e-01
9.397999999999999687e-01 9.466999999999999860e-01
9.397999999999999687e-01 9.467999999999999750e-01
9.398999999999999577e-01 9.473000000000000309e-01
9.398999999999999577e-01 9.471000000000000529e-01
9.398999999999999577e-01 9.478999999999999648e-01
9.398999999999999577e-01 9.475000000000000089e-01
9.398999999999999577e-01 9.478999999999999648e-01
9.398999999999999577e-01 9.479999999999999538e-01
9.398999999999999577e-01 9.473000000000000309e-01
9.398999999999999577e-01 9.467999999999999750e-01
9.398999999999999577e-01 9.468999999999999639e-01
9.397999999999999687e-01 9.474000000000000199e-01
9.397999999999999687e-01 9.468999999999999639e-01
9.398999999999999577e-01 9.465999999999999970e-01
9.398999999999999577e-01 9.466999999999999860e-01
9.398999999999999577e-01 9.466999999999999860e-01
9.398999999999999577e-01 9.466999999999999860e-01
9.398999999999999577e-01 9.468999999999999639e-01
9.398999999999999577e-01 9.466999999999999860e-01
9.398999999999999577e-01 9.468999999999999639e-01
9.398999999999999577e-01 9.467999999999999750e-01
9.399999999999999467e-01 9.467999999999999750e-01
9.399999999999999467e-01 9.465999999999999970e-01
9.399999999999999467e-01 9.468999999999999639e-01
9.399999999999999467e-01 9.471000000000000529e-01
9.399999999999999467e-01 9.473000000000000309e-01
9.399999999999999467e-01 9.475999999999999979e-01
9.401000000000000467e-01 9.472000000000000419e-01
9.399999999999999467e-01 9.467999999999999750e-01
9.401000000000000467e-01 9.459999999999999520e-01
9.399999999999999467e-01 9.466999999999999860e-01
9.399999999999999467e-01 9.466999999999999860e-01
9.401000000000000467e-01 9.471000000000000529e-01
9.399999999999999467e-01 9.465999999999999970e-01
9.399999999999999467e-01 9.469999999999999529e-01
9.398999999999999577e-01 9.473000000000000309e-01
9.398999999999999577e-01 9.472000000000000419e-01
9.398999999999999577e-01 9.468999999999999639e-01
9.399999999999999467e-01 9.468999999999999639e-01
9.399999999999999467e-01 9.463000000000000300e-01
9.398999999999999577e-01 9.465000000000000080e-01
9.398999999999999577e-01 9.468999999999999639e-01
9.398999999999999577e-01 9.465000000000000080e-01
9.398999999999999577e-01 9.466999999999999860e-01
9.398999999999999577e-01 9.467999999999999750e-01
9.398999999999999577e-01 9.468999999999999639e-01
9.399999999999999467e-01 9.465000000000000080e-01
9.399999999999999467e-01 9.471000000000000529e-01
9.399999999999999467e-01 9.468999999999999639e-01
9.399999999999999467e-01 9.468999999999999639e-01
9.399999999999999467e-01 9.467999999999999750e-01
9.399999999999999467e-01 9.468999999999999639e-01
9.399999999999999467e-01 9.475999999999999979e-01
9.398999999999999577e-01 9.467999999999999750e-01
9.398999999999999577e-01 9.464000000000000190e-01
9.398999999999999577e-01 9.463000000000000300e-01
9.398999999999999577e-01 9.466999999999999860e-01
9.398999999999999577e-01 9.458999999999999631e-01
9.397999999999999687e-01 9.461000000000000520e-01
9.399999999999999467e-01 9.458999999999999631e-01
9.399999999999999467e-01 9.464000000000000190e-01
9.398999999999999577e-01 9.463000000000000300e-01
9.397999999999999687e-01 9.456999999999999851e-01
9.398999999999999577e-01 9.465000000000000080e-01
9.398999999999999577e-01 9.461000000000000520e-01
9.399999999999999467e-01 9.465000000000000080e-01
9.398999999999999577e-01 9.465999999999999970e-01
9.398999999999999577e-01 9.458999999999999631e-01
9.398999999999999577e-01 9.457999999999999741e-01
9.398999999999999577e-01 9.456999999999999851e-01
9.398999999999999577e-01 9.458999999999999631e-01
9.398999999999999577e-01 9.458999999999999631e-01
9.398999999999999577e-01 9.458999999999999631e-01
9.398999999999999577e-01 9.455999999999999961e-01
9.398999999999999577e-01 9.456999999999999851e-01
9.398999999999999577e-01 9.456999999999999851e-01
9.398999999999999577e-01 9.456999999999999851e-01
9.398999999999999577e-01 9.461000000000000520e-01
9.399999999999999467e-01 9.462000000000000410e-01
9.399999999999999467e-01 9.462000000000000410e-01
9.401000000000000467e-01 9.459999999999999520e-01
9.401000000000000467e-01 9.463000000000000300e-01
9.401000000000000467e-01 9.461000000000000520e-01
9.401000000000000467e-01 9.458999999999999631e-01
9.401000000000000467e-01 9.457999999999999741e-01
9.401000000000000467e-01 9.456999999999999851e-01
9.401000000000000467e-01 9.457999999999999741e-01
9.401000000000000467e-01 9.458999999999999631e-01
9.401000000000000467e-01 9.459999999999999520e-01
9.399999999999999467e-01 9.461000000000000520e-01
9.399999999999999467e-01 9.462000000000000410e-01
9.399999999999999467e-01 9.461000000000000520e-01
9.399999999999999467e-01 9.456999999999999851e-01
9.399999999999999467e-01 9.459999999999999520e-01
9.399999999999999467e-01 9.455999999999999961e-01
9.399999999999999467e-01 9.458999999999999631e-01
9.399999999999999467e-01 9.461000000000000520e-01
9.399999999999999467e-01 9.461000000000000520e-01
9.401000000000000467e-01 9.464000000000000190e-01
9.401000000000000467e-01 9.457999999999999741e-01
9.401000000000000467e-01 9.457999999999999741e-01
9.401000000000000467e-01 9.458999999999999631e-01
9.401000000000000467e-01 9.458999999999999631e-01
9.401000000000000467e-01 9.461000000000000520e-01
9.401000000000000467e-01 9.461000000000000520e-01
9.402000000000000357e-01 9.457999999999999741e-01
9.399999999999999467e-01 9.458999999999999631e-01
9.401000000000000467e-01 9.462000000000000410e-01
9.399999999999999467e-01 9.465000000000000080e-01
9.401000000000000467e-01 9.459999999999999520e-01
9.401000000000000467e-01 9.456999999999999851e-01
9.401000000000000467e-01 9.461000000000000520e-01
9.401000000000000467e-01 9.455999999999999961e-01
9.401000000000000467e-01 9.459999999999999520e-01
9.401000000000000467e-01 9.455999999999999961e-01
9.401000000000000467e-01 9.459999999999999520e-01
9.401000000000000467e-01 9.462000000000000410e-01
9.401000000000000467e-01 9.461000000000000520e-01
9.401000000000000467e-01 9.459999999999999520e-01
9.401000000000000467e-01 9.464000000000000190e-01
9.402000000000000357e-01 9.459999999999999520e-01
9.402000000000000357e-01 9.455999999999999961e-01
9.402000000000000357e-01 9.458999999999999631e-01
9.402000000000000357e-01 9.454000000000000181e-01
9.402000000000000357e-01 9.454000000000000181e-01
9.402000000000000357e-01 9.455000000000000071e-01
9.402000000000000357e-01 9.456999999999999851e-01
9.402000000000000357e-01 9.459999999999999520e-01
9.402000000000000357e-01 9.461000000000000520e-01
9.402000000000000357e-01 9.459999999999999520e-01
9.403000000000000247e-01 9.462000000000000410e-01
9.402000000000000357e-01 9.461000000000000520e-01
9.401000000000000467e-01 9.461000000000000520e-01
9.401000000000000467e-01 9.456999999999999851e-01
9.401000000000000467e-01 9.463000000000000300e-01
9.402000000000000357e-01 9.462000000000000410e-01
9.402000000000000357e-01 9.464000000000000190e-01
9.402000000000000357e-01 9.465999999999999970e-01
9.403000000000000247e-01 9.459999999999999520e-01
9.403000000000000247e-01 9.459999999999999520e-01
9.403000000000000247e-01 9.458999999999999631e-01
9.404000000000000137e-01 9.456999999999999851e-01
9.404000000000000137e-01 9.458999999999999631e-01
9.404000000000000137e-01 9.463000000000000300e-01
9.404000000000000137e-01 9.465000000000000080e-01
9.404000000000000137e-01 9.469999999999999529e-01
9.404000000000000137e-01 9.469999999999999529e-01
9.404000000000000137e-01 9.465000000000000080e-01
9.404000000000000137e-01 9.472000000000000419e-01
9.404000000000000137e-01 9.468999999999999639e-01
9.404000000000000137e-01 9.462000000000000410e-01
9.404000000000000137e-01 9.467999999999999750e-01
9.404000000000000137e-01 9.465999999999999970e-01
9.404000000000000137e-01 9.467999999999999750e-01
9.404000000000000137e-01 9.465999999999999970e-01
9.404000000000000137e-01 9.467999999999999750e-01
9.404000000000000137e-01 9.468999999999999639e-01
9.404000000000000137e-01 9.468999999999999639e-01
9.404000000000000137e-01 9.456999999999999851e-01
9.404000000000000137e-01 9.463000000000000300e-01
9.405000000000000027e-01 9.461000000000000520e-01
9.405000000000000027e-01 9.459999999999999520e-01
9.405000000000000027e-01 9.465000000000000080e-01
9.405000000000000027e-01 9.462000000000000410e-01
9.405000000000000027e-01 9.457999999999999741e-01
9.404000000000000137e-01 9.455999999999999961e-01
9.404000000000000137e-01 9.462000000000000410e-01
9.404000000000000137e-01 9.458999999999999631e-01
9.404000000000000137e-01 9.461000000000000520e-01
9.404000000000000137e-01 9.468999999999999639e-01
9.404000000000000137e-01 9.469999999999999529e-01
9.404000000000000137e-01 9.463000000000000300e-01
9.404000000000000137e-01 9.467999999999999750e-01
9.404000000000000137e-01 9.467999999999999750e-01
9.404000000000000137e-01 9.471000000000000529e-01
9.404000000000000137e-01 9.468999999999999639e-01
9.404000000000000137e-01 9.467999999999999750e-01
9.404000000000000137e-01 9.467999999999999750e-01
9.404000000000000137e-01 9.467999999999999750e-01
9.404000000000000137e-01 9.465999999999999970e-01
9.403000000000000247e-01 9.464000000000000190e-01
9.404000000000000137e-01 9.462000000000000410e-01
9.404000000000000137e-01 9.465000000000000080e-01
9.404000000000000137e-01 9.469999999999999529e-01
9.404000000000000137e-01 9.467999999999999750e-01
9.405000000000000027e-01 9.462000000000000410e-01
9.405999999999999917e-01 9.472000000000000419e-01
9.405999999999999917e-01 9.469999999999999529e-01
9.405999999999999917e-01 9.466999999999999860e-01
9.405999999999999917e-01 9.465999999999999970e-01
9.405999999999999917e-01 9.469999999999999529e-01
9.405999999999999917e-01 9.465999999999999970e-01
9.405999999999999917e-01 9.466999999999999860e-01
9.405999999999999917e-01 9.465000000000000080e-01
9.405999999999999917e-01 9.462000000000000410e-01
9.405999999999999917e-01 9.463000000000000300e-01
9.405999999999999917e-01 9.466999999999999860e-01
9.406999999999999806e-01 9.463000000000000300e-01
9.406999999999999806e-01 9.466999999999999860e-01
9.405999999999999917e-01 9.471000000000000529e-01
9.405999999999999917e-01 9.469999999999999529e-01
9.405999999999999917e-01 9.466999999999999860e-01
9.405999999999999917e-01 9.468999999999999639e-01
9.405999999999999917e-01 9.465000000000000080e-01
9.405999999999999917e-01 9.462000000000000410e-01
9.405999999999999917e-01 9.466999999999999860e-01
9.405000000000000027e-01 9.466999999999999860e-01
9.405000000000000027e-01 9.473000000000000309e-01
9.405000000000000027e-01 9.472000000000000419e-01
9.405000000000000027e-01 9.473000000000000309e-01
9.405000000000000027e-01 9.477999999999999758e-01
9.404000000000000137e-01 9.478999999999999648e-01
9.402000000000000357e-01 9.477999999999999758e-01
9.403000000000000247e-01 9.487999999999999767e-01
9.402000000000000357e-01 9.477999999999999758e-01
9.402000000000000357e-01 9.481000000000000538e-01
9.403000000000000247e-01 9.479999999999999538e-01
9.403000000000000247e-01 9.474000000000000199e-01
9.403000000000000247e-01 9.471000000000000529e-01
9.404000000000000137e-01 9.472000000000000419e-01
9.404000000000000137e-01 9.469999999999999529e-01
9.404000000000000137e-01 9.469999999999999529e-01
9.404000000000000137e-01 9.472000000000000419e-01
9.402000000000000357e-01 9.474000000000000199e-01
9.404000000000000137e-01 9.471000000000000529e-01
9.404000000000000137e-01 9.474000000000000199e-01
9.405000000000000027e-01 9.468999999999999639e-01
9.405000000000000027e-01 9.467999999999999750e-01
9.405000000000000027e-01 9.467999999999999750e-01
9.404000000000000137e-01 9.467999999999999750e-01
9.405000000000000027e-01 9.467999999999999750e-01
9.405000000000000027e-01 9.471000000000000529e-01
9.405000000000000027e-01 9.469999999999999529e-01
9.405000000000000027e-01 9.469999999999999529e-01
9.405000000000000027e-01 9.476999999999999869e-01
9.405000000000000027e-01 9.474000000000000199e-01
9.405000000000000027e-01 9.469999999999999529e-01
9.405000000000000027e-01 9.471000000000000529e-01
9.405000000000000027e-01 9.471000000000000529e-01
9.405000000000000027e-01 9.473000000000000309e-01
9.405000000000000027e-01 9.468999999999999639e-01
9.405000000000000027e-01 9.471000000000000529e-01
9.405000000000000027e-01 9.475999999999999979e-01
9.405000000000000027e-01 9.475000000000000089e-01
9.405000000000000027e-01 9.472000000000000419e-01
9.405000000000000027e-01 9.469999999999999529e-01
9.405000000000000027e-01 9.468999999999999639e-01
9.405000000000000027e-01 9.468999999999999639e-01
9.405000000000000027e-01 9.467999999999999750e-01
9.405000000000000027e-01 9.466999999999999860e-01
9.405000000000000027e-01 9.467999999999999750e-01
9.405999999999999917e-01 9.465000000000000080e-01
9.405000000000000027e-01 9.459999999999999520e-01
9.405000000000000027e-01 9.462000000000000410e-01
9.405999999999999917e-01 9.461000000000000520e-01
9.405999999999999917e-01 9.463000000000000300e-01
9.405999999999999917e-01 9.459999999999999520e-01
9.405999999999999917e-01 9.456999999999999851e-01
9.405999999999999917e-01 9.461000000000000520e-01
9.405999999999999917e-01 9.454000000000000181e-01
9.406999999999999806e-01 9.455999999999999961e-01
9.406999999999999806e-01 9.456999999999999851e-01
9.405999999999999917e-01 9.461000000000000520e-01
9.405999999999999917e-01 9.463000000000000300e-01
9.405999999999999917e-01 9.459999999999999520e-01
9.405999999999999917e-01 9.462000000000000410e-01
9.405999999999999917e-01 9.463000000000000300e-01
9.405999999999999917e-01 9.463000000000000300e-01
9.405999999999999917e-01 9.458999999999999631e-01
9.405999999999999917e-01 9.466999999999999860e-01
9.405999999999999917e-01 9.474000000000000199e-01
9.405999999999999917e-01 9.474000000000000199e-01
9.405999999999999917e-01 9.472000000000000419e-01
9.405999999999999917e-01 9.472000000000000419e-01
9.405999999999999917e-01 9.469999999999999529e-01
9.405999999999999917e-01 9.465999999999999970e-01
9.405999999999999917e-01 9.469999999999999529e-01
9.405999999999999917e-01 9.474000000000000199e-01
9.405999999999999917e-01 9.469999999999999529e-01
9.405000000000000027e-01 9.471000000000000529e-01
9.405000000000000027e-01 9.469999999999999529e-01
9.405000000000000027e-01 9.472000000000000419e-01
9.405000000000000027e-01 9.463000000000000300e-01
9.405000000000000027e-01 9.463000000000000300e-01
9.405000000000000027e-01 9.459999999999999520e-01
9.405000000000000027e-01 9.456999999999999851e-01
9.405000000000000027e-01 9.459999999999999520e-01
9.405000000000000027e-01 9.457999999999999741e-01
9.405000000000000027e-01 9.464000000000000190e-01
9.405000000000000027e-01 9.459999999999999520e-01
9.405000000000000027e-01 9.462000000000000410e-01
9.405000000000000027e-01 9.459999999999999520e-01
9.405000000000000027e-01 9.463000000000000300e-01
9.404000000000000137e-01 9.457999999999999741e-01
9.404000000000000137e-01 9.461000000000000520e-01
9.404000000000000137e-01 9.463000000000000300e-01
9.404000000000000137e-01 9.464000000000000190e-01
9.405000000000000027e-01 9.461000000000000520e-01
9.405000000000000027e-01 9.461000000000000520e-01
9.404000000000000137e-01 9.464000000000000190e-01
9.405000000000000027e-01 9.463000000000000300e-01
9.405999999999999917e-01 9.462000000000000410e-01
9.405999999999999917e-01 9.458999999999999631e-01
9.405999999999999917e-01 9.462000000000000410e-01
9.405999999999999917e-01 9.459999999999999520e-01
9.405999999999999917e-01 9.461000000000000520e-01
9.405000000000000027e-01 9.461000000000000520e-01
9.405000000000000027e-01 9.464000000000000190e-01
9.405999999999999917e-01 9.463000000000000300e-01
9.405999999999999917e-01 9.466999999999999860e-01
9.405000000000000027e-01 9.466999999999999860e-01
9.405000000000000027e-01 9.467999999999999750e-01
9.405000000000000027e-01 9.466999999999999860e-01
9.405999999999999917e-01 9.465999999999999970e-01
9.405999999999999917e-01 9.465000000000000080e-01
9.405999999999999917e-01 9.472000000000000419e-01
9.405999999999999917e-01 9.463000000000000300e-01
9.405999999999999917e-01 9.463000000000000300e-01
9.405999999999999917e-01 9.464000000000000190e-01
9.405999999999999917e-01 9.463000000000000300e-01
9.405999999999999917e-01 9.463000000000000300e-01
9.405999999999999917e-01 9.457999999999999741e-01
9.405999999999999917e-01 9.461000000000000520e-01
9.405999999999999917e-01 9.466999999999999860e-01
9.405999999999999917e-01 9.465999999999999970e-01
9.406999999999999806e-01 9.465000000000000080e-01
9.405999999999999917e-01 9.465000000000000080e-01
9.405999999999999917e-01 9.463000000000000300e-01
9.406999999999999806e-01 9.461000000000000520e-01
9.406999999999999806e-01 9.466999999999999860e-01
9.406999999999999806e-01 9.459999999999999520e-01
9.405999999999999917e-01 9.461000000000000520e-01
9.405999999999999917e-01 9.466999999999999860e-01
9.405000000000000027e-01 9.471000000000000529e-01
9.405999999999999917e-01 9.468999999999999639e-01
9.405000000000000027e-01 9.461000000000000520e-01
9.405000000000000027e-01 9.464000000000000190e-01
9.405000000000000027e-01 9.458999999999999631e-01
9.405000000000000027e-01 9.464000000000000190e-01
9.405000000000000027e-01 9.468999999999999639e-01
9.405000000000000027e-01 9.463000000000000300e-01
9.404000000000000137e-01 9.471000000000000529e-01
9.404000000000000137e-01 9.465999999999999970e-01
9.403000000000000247e-01 9.462000000000000410e-01
9.405000000000000027e-01 9.463000000000000300e-01
9.404000000000000137e-01 9.457999999999999741e-01
9.405000000000000027e-01 9.459999999999999520e-01
9.404000000000000137e-01 9.459999999999999520e-01
9.405000000000000027e-01 9.457999999999999741e-01
9.404000000000000137e-01 9.455999999999999961e-01
9.404000000000000137e-01 9.458999999999999631e-01
9.405999999999999917e-01 9.458999999999999631e-01
9.405999999999999917e-01 9.458999999999999631e-01
9.405999999999999917e-01 9.461000000000000520e-01
9.405999999999999917e-01 9.458999999999999631e-01
9.405999999999999917e-01 9.457999999999999741e-01
9.405999999999999917e-01 9.454000000000000181e-01
9.405999999999999917e-01 9.458999999999999631e-01
9.407999999999999696e-01 9.455000000000000071e-01
9.407999999999999696e-01 9.451000000000000512e-01
9.407999999999999696e-01 9.455000000000000071e-01
9.406999999999999806e-01 9.461000000000000520e-01
9.406999999999999806e-01 9.458999999999999631e-01
9.406999999999999806e-01 9.456999999999999851e-01
9.406999999999999806e-01 9.455000000000000071e-01
9.406999999999999806e-01 9.455999999999999961e-01
9.406999999999999806e-01 9.454000000000000181e-01
9.406999999999999806e-01 9.455000000000000071e-01
9.406999999999999806e-01 9.457999999999999741e-01
9.406999999999999806e-01 9.452000000000000401e-01
9.406999999999999806e-01 9.449999999999999512e-01
9.405999999999999917e-01 9.454000000000000181e-01
9.406999999999999806e-01 9.449999999999999512e-01
9.406999999999999806e-01 9.448999999999999622e-01
9.407999999999999696e-01 9.453000000000000291e-01
9.408999999999999586e-01 9.455000000000000071e-01
9.408999999999999586e-01 9.454000000000000181e-01
9.408999999999999586e-01 9.452000000000000401e-01
9.408999999999999586e-01 9.453000000000000291e-01
9.408999999999999586e-01 9.451000000000000512e-01
9.408999999999999586e-01 9.453000000000000291e-01
9.407999999999999696e-01 9.451000000000000512e-01
9.407999999999999696e-01 9.454000000000000181e-01
9.408999999999999586e-01 9.455999999999999961e-01
9.407999999999999696e-01 9.459999999999999520e-01
9.408999999999999586e-01 9.462000000000000410e-01
9.408999999999999586e-01 9.455999999999999961e-01
9.408999999999999586e-01 9.459999999999999520e-01
9.408999999999999586e-01 9.463000000000000300e-01
9.407999999999999696e-01 9.459999999999999520e-01
9.407999999999999696e-01 9.458999999999999631e-01
9.407999999999999696e-01 9.455999999999999961e-01
9.407999999999999696e-01 9.456999999999999851e-01
9.407999999999999696e-01 9.449999999999999512e-01
9.407999999999999696e-01 9.452000000000000401e-01
9.407999999999999696e-01 9.453000000000000291e-01
9.407999999999999696e-01 9.445999999999999952e-01
9.407999999999999696e-01 9.451000000000000512e-01
9.407999999999999696e-01 9.453000000000000291e-01
9.407999999999999696e-01 9.452000000000000401e-01
9.407999999999999696e-01 9.445999999999999952e-01
9.407999999999999696e-01 9.445000000000000062e-01
9.407999999999999696e-01 9.446999999999999842e-01
9.407999999999999696e-01 9.446999999999999842e-01
9.407999999999999696e-01 9.449999999999999512e-01
9.407999999999999696e-01 9.447999999999999732e-01
9.407999999999999696e-01 9.447999999999999732e-01
9.405999999999999917e-01 9.449999999999999512e-01
9.405999999999999917e-01 9.447999999999999732e-01
9.406999999999999806e-01 9.445999999999999952e-01
9.405999999999999917e-01 9.445999999999999952e-01
9.406999999999999806e-01 9.446999999999999842e-01
9.406999999999999806e-01 9.449999999999999512e-01
9.406999999999999806e-01 9.452000000000000401e-01
9.406999999999999806e-01 9.451000000000000512e-01
9.406999999999999806e-01 9.453000000000000291e-01
9.406999999999999806e-01 9.449999999999999512e-01
9.406999999999999806e-01 9.451000000000000512e-01
9.405999999999999917e-01 9.451000000000000512e-01
9.405999999999999917e-01 9.452000000000000401e-01
9.406999999999999806e-01 9.454000000000000181e-01
9.406999999999999806e-01 9.447999999999999732e-01
9.405999999999999917e-01 9.449999999999999512e-01
9.406999999999999806e-01 9.447999999999999732e-01
9.406999999999999806e-01 9.447999999999999732e-01
9.406999999999999806e-01 9.445999999999999952e-01
9.406999999999999806e-01 9.445999999999999952e-01
9.406999999999999806e-01 9.446999999999999842e-01
9.407999999999999696e-01 9.452000000000000401e-01
9.406999999999999806e-01 9.454000000000000181e-01
9.407999999999999696e-01 9.447999999999999732e-01
9.407999999999999696e-01 9.447999999999999732e-01
9.407999999999999696e-01 9.448999999999999622e-01
9.407999999999999696e-01 9.444000000000000172e-01
9.407999999999999696e-01 9.445999999999999952e-01
9.407999999999999696e-01 9.454000000000000181e-01
9.407999999999999696e-01 9.451000000000000512e-01
9.407999999999999696e-01 9.453000000000000291e-01
9.407999999999999696e-01 9.452000000000000401e-01
9.407999999999999696e-01 9.448999999999999622e-01
9.407999999999999696e-01 9.451000000000000512e-01
9.406999999999999806e-01 9.449999999999999512e-01
9.406999999999999806e-01 9.455999999999999961e-01
9.406999999999999806e-01 9.455000000000000071e-01
9.407999999999999696e-01 9.458999999999999631e-01
9.407999999999999696e-01 9.449999999999999512e-01
9.408999999999999586e-01 9.446999999999999842e-01
9.407999999999999696e-01 9.446999999999999842e-01
9.408999999999999586e-01 9.448999999999999622e-01
9.407999999999999696e-01 9.451000000000000512e-01
9.407999999999999696e-01 9.451000000000000512e-01
9.406999999999999806e-01 9.451000000000000512e-01
9.406999999999999806e-01 9.454000000000000181e-01
9.406999999999999806e-01 9.452000000000000401e-01
9.406999999999999806e-01 9.456999999999999851e-01
9.406999999999999806e-01 9.456999999999999851e-01
9.406999999999999806e-01 9.455000000000000071e-01
9.405999999999999917e-01 9.459999999999999520e-01
9.405999999999999917e-01 9.461000000000000520e-01
9.405999999999999917e-01 9.463000000000000300e-01
9.405999999999999917e-01 9.463000000000000300e-01
9.405999999999999917e-01 9.463000000000000300e-01
9.406999999999999806e-01 9.466999999999999860e-01
9.406999999999999806e-01 9.465999999999999970e-01
9.406999999999999806e-01 9.465999999999999970e-01
9.407999999999999696e-01 9.467999999999999750e-01
9.407999999999999696e-01 9.465999999999999970e-01
9.407999999999999696e-01 9.465999999999999970e-01
9.407999999999999696e-01 9.458999999999999631e-01
9.407999999999999696e-01 9.459999999999999520e-01
9.407999999999999696e-01 9.467999999999999750e-01
9.407999999999999696e-01 9.468999999999999639e-01
9.407999999999999696e-01 9.464000000000000190e-01
9.407999999999999696e-01 9.466999999999999860e-01
9.407999999999999696e-01 9.467999999999999750e-01
9.407999999999999696e-01 9.468999999999999639e-01
9.407999999999999696e-01 9.469999999999999529e-01
9.407999999999999696e-01 9.465999999999999970e-01
9.406999999999999806e-01 9.465999999999999970e-01
9.406999999999999806e-01 9.474000000000000199e-01
9.406999999999999806e-01 9.473000000000000309e-01
9.406999999999999806e-01 9.475999999999999979e-01
9.406999999999999806e-01 9.472000000000000419e-01
9.406999999999999806e-01 9.472000000000000419e-01
9.406999999999999806e-01 9.473000000000000309e-01
9.407999999999999696e-01 9.475000000000000089e-01
9.407999999999999696e-01 9.474000000000000199e-01
9.407999999999999696e-01 9.473000000000000309e-01
9.407999999999999696e-01 9.475999999999999979e-01
9.408999999999999586e-01 9.478999999999999648e-01
9.409999999999999476e-01 9.475999999999999979e-01
9.409999999999999476e-01 9.473000000000000309e-01
9.409999999999999476e-01 9.477999999999999758e-01
9.409999999999999476e-01 9.476999999999999869e-01
9.409999999999999476e-01 9.473000000000000309e-01
9.409999999999999476e-01 9.468999999999999639e-01
9.408999999999999586e-01 9.465000000000000080e-01
9.408999999999999586e-01 9.467999999999999750e-01
9.407999999999999696e-01 9.459999999999999520e-01
9.407999999999999696e-01 9.464000000000000190e-01
9.407999999999999696e-01 9.465999999999999970e-01
9.407999999999999696e-01 9.465999999999999970e-01
9.408999999999999586e-01 9.469999999999999529e-01
9.408999999999999586e-01 9.469999999999999529e-01
9.408999999999999586e-01 9.471000000000000529e-01
9.407999999999999696e-01 9.468999999999999639e-01
9.407999999999999696e-01 9.465999999999999970e-01
9.406999999999999806e-01 9.462000000000000410e-01
9.406999999999999806e-01 9.465999999999999970e-01
9.406999999999999806e-01 9.465000000000000080e-01
9.406999999999999806e-01 9.465000000000000080e-01
9.406999999999999806e-01 9.466999999999999860e-01
9.406999999999999806e-01 9.467999999999999750e-01
9.406999999999999806e-01 9.465000000000000080e-01
9.406999999999999806e-01 9.462000000000000410e-01
9.406999999999999806e-01 9.461000000000000520e-01
9.406999999999999806e-01 9.458999999999999631e-01
9.406999999999999806e-01 9.464000000000000190e-01
9.406999999999999806e-01 9.459999999999999520e-01
9.406999999999999806e-01 9.461000000000000520e-01
9.406999999999999806e-01 9.465000000000000080e-01
9.406999999999999806e-01 9.465999999999999970e-01
9.406999999999999806e-01 9.461000000000000520e-01
9.406999999999999806e-01 9.457999999999999741e-01
9.406999999999999806e-01 9.463000000000000300e-01
9.406999999999999806e-01 9.459999999999999520e-01
9.406999999999999806e-01 9.463000000000000300e-01
9.406999999999999806e-01 9.458999999999999631e-01
9.407999999999999696e-01 9.457999999999999741e-01
9.407999999999999696e-01 9.462000000000000410e-01
9.407999999999999696e-01 9.458999999999999631e-01
9.407999999999999696e-01 9.467999999999999750e-01
9.406999999999999806e-01 9.466999999999999860e-01
9.407999999999999696e-01 9.465000000000000080e-01
9.407999999999999696e-01 9.472000000000000419e-01
9.407999999999999696e-01 9.465999999999999970e-01
9.407999999999999696e-01 9.468999999999999639e-01
9.406999999999999806e-01 9.471000000000000529e-01
9.406999999999999806e-01 9.465000000000000080e-01
9.406999999999999806e-01 9.463000000000000300e-01
9.407999999999999696e-01 9.458999999999999631e-01
9.407999999999999696e-01 9.458999999999999631e-01
9.407999999999999696e-01 9.463000000000000300e-01
9.407999999999999696e-01 9.465999999999999970e-01
9.407999999999999696e-01 9.467999999999999750e-01
9.407999999999999696e-01 9.464000000000000190e-01
9.407999999999999696e-01 9.474000000000000199e-01
9.407999999999999696e-01 9.472000000000000419e-01
9.407999999999999696e-01 9.472000000000000419e-01
9.407999999999999696e-01 9.465999999999999970e-01
9.407999999999999696e-01 9.468999999999999639e-01
9.407999999999999696e-01 9.467999999999999750e-01
9.407999999999999696e-01 9.464000000000000190e-01
9.407999999999999696e-01 9.461000000000000520e-01
9.407999999999999696e-01 9.464000000000000190e-01
9.407999999999999696e-01 9.468999999999999639e-01
9.407999999999999696e-01 9.465000000000000080e-01
9.407999999999999696e-01 9.465999999999999970e-01
9.407999999999999696e-01 9.457999999999999741e-01
9.406999999999999806e-01 9.459999999999999520e-01
9.406999999999999806e-01 9.459999999999999520e-01
9.406999999999999806e-01 9.457999999999999741e-01
9.406999999999999806e-01 9.455999999999999961e-01
9.406999999999999806e-01 9.458999999999999631e-01
9.407999999999999696e-01 9.461000000000000520e-01
9.407999999999999696e-01 9.463000000000000300e-01
9.407999999999999696e-01 9.458999999999999631e-01
9.407999999999999696e-01 9.459999999999999520e-01
9.407999999999999696e-01 9.457999999999999741e-01
9.407999999999999696e-01 9.456999999999999851e-01
9.407999999999999696e-01 9.458999999999999631e-01
9.407999999999999696e-01 9.457999999999999741e-01
9.408999999999999586e-01 9.459999999999999520e-01
9.408999999999999586e-01 9.459999999999999520e-01
9.408999999999999586e-01 9.462000000000000410e-01
9.408999999999999586e-01 9.464000000000000190e-01
9.408999999999999586e-01 9.466999999999999860e-01
9.408999999999999586e-01 9.467999999999999750e-01
9.408999999999999586e-01 9.465000000000000080e-01
9.409999999999999476e-01 9.467999999999999750e-01
9.409999999999999476e-01 9.464000000000000190e-01
9.409999999999999476e-01 9.463000000000000300e-01
9.407999999999999696e-01 9.459999999999999520e-01
9.407999999999999696e-01 9.458999999999999631e-01
9.407999999999999696e-01 9.459999999999999520e-01
9.407999999999999696e-01 9.455999999999999961e-01
9.407999999999999696e-01 9.459999999999999520e-01
9.406999999999999806e-01 9.459999999999999520e-01
9.407999999999999696e-01 9.455999999999999961e-01
9.406999999999999806e-01 9.457999999999999741e-01
9.406999999999999806e-01 9.454000000000000181e-01
9.406999999999999806e-01 9.456999999999999851e-01
9.406999999999999806e-01 9.457999999999999741e-01
9.406999999999999806e-01 9.456999999999999851e-01
9.406999999999999806e-01 9.459999999999999520e-01
9.406999999999999806e-01 9.462000000000000410e-01
9.406999999999999806e-01 9.455000000000000071e-01
9.406999999999999806e-01 9.459999999999999520e-01
9.406999999999999806e-01 9.459999999999999520e-01
9.406999999999999806e-01 9.457999999999999741e-01
9.406999999999999806e-01 9.455000000000000071e-01
9.406999999999999806e-01 9.464000000000000190e-01
9.407999999999999696e-01 9.463000000000000300e-01
9.407999999999999696e-01 9.467999999999999750e-01
9.407999999999999696e-01 9.466999999999999860e-01
9.407999999999999696e-01 9.467999999999999750e-01
9.406999999999999806e-01 9.465999999999999970e-01
9.405999999999999917e-01 9.463000000000000300e-01
9.406999999999999806e-01 9.464000000000000190e-01
9.406999999999999806e-01 9.464000000000000190e-01
9.406999999999999806e-01 9.465000000000000080e-01
9.406999999999999806e-01 9.464000000000000190e-01
9.406999999999999806e-01 9.464000000000000190e-01
9.405999999999999917e-01 9.464000000000000190e-01
9.405999999999999917e-01 9.467999999999999750e-01
9.405999999999999917e-01 9.464000000000000190e-01
9.405000000000000027e-01 9.467999999999999750e-01
9.405000000000000027e-01 9.471000000000000529e-01
9.405000000000000027e-01 9.469999999999999529e-01
9.405000000000000027e-01 9.468999999999999639e-01
9.405000000000000027e-01 9.468999999999999639e-01
9.405000000000000027e-01 9.468999999999999639e-01
9.405000000000000027e-01 9.475000000000000089e-01
9.405000000000000027e-01 9.475999999999999979e-01
9.405000000000000027e-01 9.473000000000000309e-01
9.405000000000000027e-01 9.471000000000000529e-01
9.405000000000000027e-01 9.472000000000000419e-01
9.405000000000000027e-01 9.475999999999999979e-01
9.405000000000000027e-01 9.468999999999999639e-01
9.405000000000000027e-01 9.469999999999999529e-01
9.405000000000000027e-01 9.463000000000000300e-01
9.405000000000000027e-01 9.467999999999999750e-01
9.405000000000000027e-01 9.468999999999999639e-01
9.405000000000000027e-01 9.469999999999999529e-01
9.405000000000000027e-01 9.471000000000000529e-01
9.405000000000000027e-01 9.465000000000000080e-01
9.405000000000000027e-01 9.465000000000000080e-01
9.405000000000000027e-01 9.467999999999999750e-01
9.405000000000000027e-01 9.467999999999999750e-01
9.405000000000000027e-01 9.468999999999999639e-01
9.405000000000000027e-01 9.465000000000000080e-01
9.405000000000000027e-01 9.464000000000000190e-01
9.405000000000000027e-01 9.462000000000000410e-01
9.405000000000000027e-01 9.463000000000000300e-01
9.405000000000000027e-01 9.461000000000000520e-01
9.405999999999999917e-01 9.463000000000000300e-01
9.405999999999999917e-01 9.461000000000000520e-01
9.405999999999999917e-01 9.463000000000000300e-01
9.405999999999999917e-01 9.461000000000000520e-01
9.405000000000000027e-01 9.459999999999999520e-01
9.405000000000000027e-01 9.458999999999999631e-01
9.405000000000000027e-01 9.455000000000000071e-01
9.405000000000000027e-01 9.457999999999999741e-01
9.405000000000000027e-01 9.465000000000000080e-01
9.405000000000000027e-01 9.466999999999999860e-01
9.405000000000000027e-01 9.468999999999999639e-01
9.405999999999999917e-01 9.469999999999999529e-01
9.405999999999999917e-01 9.468999999999999639e-01
9.405999999999999917e-01 9.468999999999999639e-01
9.405999999999999917e-01 9.465000000000000080e-01
9.406999999999999806e-01 9.465000000000000080e-01
9.406999999999999806e-01 9.465000000000000080e-01
9.406999999999999806e-01 9.461000000000000520e-01
9.406999999999999806e-01 9.464000000000000190e-01
9.406999999999999806e-01 9.462000000000000410e-01
9.406999999999999806e-01 9.462000000000000410e-01
9.405999999999999917e-01 9.458999999999999631e-01
9.405999999999999917e-01 9.455999999999999961e-01
9.405999999999999917e-01 9.457999999999999741e-01
9.405999999999999917e-01 9.456999999999999851e-01
9.405999999999999917e-01 9.455999999999999961e-01
9.405999999999999917e-01 9.462000000000000410e-01
9.405999999999999917e-01 9.465000000000000080e-01
9.405999999999999917e-01 9.459999999999999520e-01
9.405999999999999917e-01 9.461000000000000520e-01
9.405999999999999917e-01 9.461000000000000520e-01
9.405999999999999917e-01 9.462000000000000410e-01
9.405999999999999917e-01 9.463000000000000300e-01
9.405999999999999917e-01 9.467999999999999750e-01
9.405999999999999917e-01 9.468999999999999639e-01
9.405999999999999917e-01 9.468999999999999639e-01
9.406999999999999806e-01 9.466999999999999860e-01
9.407999999999999696e-01 9.465000000000000080e-01
9.407999999999999696e-01 9.467999999999999750e-01
9.407999999999999696e-01 9.471000000000000529e-01
9.407999999999999696e-01 9.468999999999999639e-01
9.407999999999999696e-01 9.473000000000000309e-01
9.407999999999999696e-01 9.468999999999999639e-01
9.407999999999999696e-01 9.474000000000000199e-01
9.407999999999999696e-01 9.465000000000000080e-01
9.407999999999999696e-01 9.465999999999999970e-01
9.407999999999999696e-01 9.475000000000000089e-01
9.407999999999999696e-01 9.468999999999999639e-01
9.407999999999999696e-01 9.466999999999999860e-01
9.407999999999999696e-01 9.469999999999999529e-01
9.407999999999999696e-01 9.473000000000000309e-01
9.407999999999999696e-01 9.474000000000000199e-01
9.407999999999999696e-01 9.472000000000000419e-01
9.407999999999999696e-01 9.471000000000000529e-01
9.407999999999999696e-01 9.465999999999999970e-01
9.407999999999999696e-01 9.465999999999999970e-01
9.407999999999999696e-01 9.462000000000000410e-01
9.406999999999999806e-01 9.463000000000000300e-01
9.406999999999999806e-01 9.465000000000000080e-01
9.406999999999999806e-01 9.466999999999999860e-01
9.406999999999999806e-01 9.466999999999999860e-01
9.406999999999999806e-01 9.467999999999999750e-01
9.406999999999999806e-01 9.467999999999999750e-01
9.406999999999999806e-01 9.469999999999999529e-01
9.406999999999999806e-01 9.467999999999999750e-01
9.406999999999999806e-01 9.473000000000000309e-01
9.406999999999999806e-01 9.468999999999999639e-01
9.406999999999999806e-01 9.468999999999999639e-01
9.406999999999999806e-01 9.471000000000000529e-01
9.406999999999999806e-01 9.473000000000000309e-01
9.406999999999999806e-01 9.475999999999999979e-01
9.406999999999999806e-01 9.475000000000000089e-01
9.406999999999999806e-01 9.473000000000000309e-01
9.405999999999999917e-01 9.473000000000000309e-01
9.407999999999999696e-01 9.473000000000000309e-01
9.407999999999999696e-01 9.473000000000000309e-01
9.407999999999999696e-01 9.472000000000000419e-01
9.407999999999999696e-01 9.465000000000000080e-01
9.407999999999999696e-01 9.463000000000000300e-01
9.407999999999999696e-01 9.471000000000000529e-01
9.407999999999999696e-01 9.472000000000000419e-01
9.407999999999999696e-01 9.468999999999999639e-01
9.407999999999999696e-01 9.465999999999999970e-01
9.407999999999999696e-01 9.464000000000000190e-01
9.407999999999999696e-01 9.467999999999999750e-01
9.407999999999999696e-01 9.465000000000000080e-01
9.408999999999999586e-01 9.464000000000000190e-01
9.408999999999999586e-01 9.458999999999999631e-01
9.408999999999999586e-01 9.457999999999999741e-01
9.408999999999999586e-01 9.459999999999999520e-01
9.408999999999999586e-01 9.459999999999999520e-01
9.408999999999999586e-01 9.465000000000000080e-01
9.408999999999999586e-01 9.463000000000000300e-01
9.408999999999999586e-01 9.466999999999999860e-01
9.408999999999999586e-01 9.474000000000000199e-01
9.408999999999999586e-01 9.473000000000000309e-01
9.408999999999999586e-01 9.474000000000000199e-01
9.408999999999999586e-01 9.469999999999999529e-01
9.408999999999999586e-01 9.472000000000000419e-01
9.408999999999999586e-01 9.474000000000000199e-01
9.408999999999999586e-01 9.475000000000000089e-01
9.408999999999999586e-01 9.476999999999999869e-01
9.408999999999999586e-01 9.475999999999999979e-01
9.408999999999999586e-01 9.472000000000000419e-01
9.408999999999999586e-01 9.475000000000000089e-01
9.408999999999999586e-01 9.475000000000000089e-01
9.409999999999999476e-01 9.466999999999999860e-01
9.409999999999999476e-01 9.474000000000000199e-01
9.409999999999999476e-01 9.471000000000000529e-01
9.409999999999999476e-01 9.468999999999999639e-01
9.409999999999999476e-01 9.467999999999999750e-01
9.409999999999999476e-01 9.467999999999999750e-01
9.409999999999999476e-01 9.465000000000000080e-01
9.409999999999999476e-01 9.466999999999999860e-01
9.409999999999999476e-01 9.468999999999999639e-01
9.409999999999999476e-01 9.471000000000000529e-01
9.409999999999999476e-01 9.469999999999999529e-01
9.409999999999999476e-01 9.469999999999999529e-01
9.409999999999999476e-01 9.472000000000000419e-01
9.409999999999999476e-01 9.472000000000000419e-01
9.408999999999999586e-01 9.471000000000000529e-01
9.408999999999999586e-01 9.469999999999999529e-01
9.409999999999999476e-01 9.466999999999999860e-01
9.409999999999999476e-01 9.465999999999999970e-01
9.411000000000000476e-01 9.464000000000000190e-01
9.411000000000000476e-01 9.456999999999999851e-01
9.411000000000000476e-01 9.461000000000000520e-01
9.411000000000000476e-01 9.465999999999999970e-01
9.411000000000000476e-01 9.459999999999999520e-01
9.411000000000000476e-01 9.456999999999999851e-01
9.411000000000000476e-01 9.461000000000000520e-01
9.411000000000000476e-01 9.465000000000000080e-01
9.411000000000000476e-01 9.468999999999999639e-01
9.412000000000000366e-01 9.468999999999999639e-01
9.412000000000000366e-01 9.465999999999999970e-01
9.412000000000000366e-01 9.467999999999999750e-01
9.412000000000000366e-01 9.467999999999999750e-01
9.413000000000000256e-01 9.467999999999999750e-01
9.412000000000000366e-01 9.469999999999999529e-01
9.412000000000000366e-01 9.464000000000000190e-01
9.412000000000000366e-01 9.465999999999999970e-01
9.411000000000000476e-01 9.467999999999999750e-01
9.411000000000000476e-01 9.468999999999999639e-01
9.408999999999999586e-01 9.469999999999999529e-01
9.409999999999999476e-01 9.467999999999999750e-01
9.409999999999999476e-01 9.469999999999999529e-01
9.409999999999999476e-01 9.466999999999999860e-01
9.409999999999999476e-01 9.469999999999999529e-01
9.409999999999999476e-01 9.473000000000000309e-01
9.409999999999999476e-01 9.472000000000000419e-01
9.409999999999999476e-01 9.472000000000000419e-01
9.409999999999999476e-01 9.469999999999999529e-01
9.409999999999999476e-01 9.467999999999999750e-01
9.409999999999999476e-01 9.467999999999999750e-01
9.409999999999999476e-01 9.472000000000000419e-01
9.409999999999999476e-01 9.465999999999999970e-01
9.409999999999999476e-01 9.464000000000000190e-01
9.409999999999999476e-01 9.465999999999999970e-01
9.409999999999999476e-01 9.467999999999999750e-01
9.409999999999999476e-01 9.472000000000000419e-01
9.409999999999999476e-01 9.469999999999999529e-01
9.411000000000000476e-01 9.475999999999999979e-01
9.411000000000000476e-01 9.475999999999999979e-01
9.411000000000000476e-01 9.473000000000000309e-01
9.411000000000000476e-01 9.467999999999999750e-01
9.411000000000000476e-01 9.474000000000000199e-01
9.409999999999999476e-01 9.475999999999999979e-01
9.409999999999999476e-01 9.474000000000000199e-01
9.409999999999999476e-01 9.469999999999999529e-01
9.409999999999999476e-01 9.472000000000000419e-01
9.411000000000000476e-01 9.475000000000000089e-01
9.409999999999999476e-01 9.475999999999999979e-01
9.409999999999999476e-01 9.477999999999999758e-01
9.408999999999999586e-01 9.479999999999999538e-01
9.408999999999999586e-01 9.475999999999999979e-01
9.408999999999999586e-01 9.475000000000000089e-01
9.408999999999999586e-01 9.474000000000000199e-01
9.408999999999999586e-01 9.469999999999999529e-01
9.408999999999999586e-01 9.472000000000000419e-01
9.408999999999999586e-01 9.471000000000000529e-01
9.407999999999999696e-01 9.472000000000000419e-01
9.408999999999999586e-01 9.469999999999999529e-01
9.408999999999999586e-01 9.467999999999999750e-01
9.408999999999999586e-01 9.471000000000000529e-01
9.408999999999999586e-01 9.473000000000000309e-01
9.407999999999999696e-01 9.479999999999999538e-01
9.407999999999999696e-01 9.479999999999999538e-01
9.407999999999999696e-01 9.485999999999999988e-01
9.407999999999999696e-01 9.481000000000000538e-01
9.407999999999999696e-01 9.484000000000000208e-01
9.406999999999999806e-01 9.481000000000000538e-01
9.407999999999999696e-01 9.475999999999999979e-01
9.407999999999999696e-01 9.473000000000000309e-01
9.406999999999999806e-01 9.466999999999999860e-01
9.406999999999999806e-01 9.472000000000000419e-01
9.406999999999999806e-01 9.474000000000000199e-01
9.406999999999999806e-01 9.471000000000000529e-01
9.405999999999999917e-01 9.474000000000000199e-01
9.405999999999999917e-01 9.476999999999999869e-01
9.405999999999999917e-01 9.473000000000000309e-01
9.405999999999999917e-01 9.471000000000000529e-01
9.405999999999999917e-01 9.468999999999999639e-01
9.405999999999999917e-01 9.466999999999999860e-01
9.405999999999999917e-01 9.473000000000000309e-01
9.405999999999999917e-01 9.474000000000000199e-01
9.406999999999999806e-01 9.478999999999999648e-01
9.406999999999999806e-01 9.477999999999999758e-01
9.406999999999999806e-01 9.479999999999999538e-01
9.406999999999999806e-01 9.479999999999999538e-01
9.406999999999999806e-01 9.478999999999999648e-01
9.406999999999999806e-01 9.478999999999999648e-01
9.406999999999999806e-01 9.475000000000000089e-01
9.406999999999999806e-01 9.477999999999999758e-01
9.406999999999999806e-01 9.475000000000000089e-01
9.406999999999999806e-01 9.473000000000000309e-01
9.405999999999999917e-01 9.478999999999999648e-01
9.405999999999999917e-01 9.476999999999999869e-01
9.405999999999999917e-01 9.475999999999999979e-01
9.406999999999999806e-01 9.475000000000000089e-01
9.406999999999999806e-01 9.473000000000000309e-01
9.406999999999999806e-01 9.473000000000000309e-01
9.406999999999999806e-01 9.479999999999999538e-01
9.406999999999999806e-01 9.473000000000000309e-01
9.406999999999999806e-01 9.475000000000000089e-01
9.406999999999999806e-01 9.481000000000000538e-01
9.407999999999999696e-01 9.475999999999999979e-01
9.407999999999999696e-01 9.475999999999999979e-01
9.406999999999999806e-01 9.485000000000000098e-01
9.406999999999999806e-01 9.485000000000000098e-01
9.406999999999999806e-01 9.485000000000000098e-01
9.406999999999999806e-01 9.479999999999999538e-01
9.405999999999999917e-01 9.485000000000000098e-01
9.405999999999999917e-01 9.485999999999999988e-01
9.405999999999999917e-01 9.483000000000000318e-01
9.405000000000000027e-01 9.482000000000000428e-01
9.404000000000000137e-01 9.486999999999999877e-01
9.405000000000000027e-01 9.483000000000000318e-01
9.405000000000000027e-01 9.485999999999999988e-01
9.405999999999999917e-01 9.484000000000000208e-01
9.405999999999999917e-01 9.484000000000000208e-01
9.405999999999999917e-01 9.484000000000000208e-01
9.405999999999999917e-01 9.487999999999999767e-01
9.405999999999999917e-01 9.486999999999999877e-01
9.405999999999999917e-01 9.488999999999999657e-01
9.405999999999999917e-01 9.491000000000000547e-01
9.405999999999999917e-01 9.487999999999999767e-01
9.405999999999999917e-01 9.489999999999999547e-01
9.405999999999999917e-01 9.485999999999999988e-01
9.405999999999999917e-01 9.484000000000000208e-01
9.405999999999999917e-01 9.481000000000000538e-01
9.407999999999999696e-01 9.477999999999999758e-01
9.406999999999999806e-01 9.476999999999999869e-01
9.406999999999999806e-01 9.473000000000000309e-01
9.406999999999999806e-01 9.475999999999999979e-01
9.406999999999999806e-01 9.475999999999999979e-01
9.406999999999999806e-01 9.475000000000000089e-01
9.406999999999999806e-01 9.475999999999999979e-01
9.406999999999999806e-01 9.472000000000000419e-01
9.406999999999999806e-01 9.471000000000000529e-01
9.406999999999999806e-01 9.475000000000000089e-01
9.406999999999999806e-01 9.475999999999999979e-01
9.405999999999999917e-01 9.466999999999999860e-01
9.405000000000000027e-01 9.471000000000000529e-01
9.405000000000000027e-01 9.467999999999999750e-01
9.405000000000000027e-01 9.467999999999999750e-01
9.405000000000000027e-01 9.469999999999999529e-01
9.405000000000000027e-01 9.466999999999999860e-01
9.405000000000000027e-01 9.471000000000000529e-01
9.405000000000000027e-01 9.471000000000000529e-01
9.405999999999999917e-01 9.475000000000000089e-01
9.405999999999999917e-01 9.475000000000000089e-01
9.405999999999999917e-01 9.474000000000000199e-01
9.405999999999999917e-01 9.479999999999999538e-01
9.405999999999999917e-01 9.478999999999999648e-01
9.405999999999999917e-01 9.484000000000000208e-01
9.405999999999999917e-01 9.476999999999999869e-01
9.405999999999999917e-01 9.478999999999999648e-01
9.405999999999999917e-01 9.475000000000000089e-01
9.405999999999999917e-01 9.475999999999999979e-01
9.405999999999999917e-01 9.477999999999999758e-01
9.405999999999999917e-01 9.472000000000000419e-01
9.405999999999999917e-01 9.472000000000000419e-01
9.405999999999999917e-01 9.474000000000000199e-01
9.405999999999999917e-01 9.483000000000000318e-01
9.406999999999999806e-01 9.481000000000000538e-01
9.406999999999999806e-01 9.482000000000000428e-01
9.406999999999999806e-01 9.482000000000000428e-01
9.406999999999999806e-01 9.478999999999999648e-01
9.407999999999999696e-01 9.486999999999999877e-01
9.408999999999999586e-01 9.481000000000000538e-01
9.408999999999999586e-01 9.483000000000000318e-01
9.407999999999999696e-01 9.483000000000000318e-01
9.407999999999999696e-01 9.483000000000000318e-01
9.406999999999999806e-01 9.481000000000000538e-01
9.406999999999999806e-01 9.484000000000000208e-01
9.406999999999999806e-01 9.482000000000000428e-01
9.406999999999999806e-01 9.482000000000000428e-01
9.406999999999999806e-01 9.483000000000000318e-01
9.406999999999999806e-01 9.485000000000000098e-01
9.406999999999999806e-01 9.488999999999999657e-01
9.406999999999999806e-01 9.486999999999999877e-01
9.407999999999999696e-01 9.482000000000000428e-01
9.407999999999999696e-01 9.486999999999999877e-01
9.407999999999999696e-01 9.488999999999999657e-01
9.407999999999999696e-01 9.485999999999999988e-01
9.408999999999999586e-01 9.491000000000000547e-01
9.407999999999999696e-01 9.491000000000000547e-01
9.407999999999999696e-01 9.487999999999999767e-01
9.407999999999999696e-01 9.485999999999999988e-01
9.408999999999999586e-01 9.485000000000000098e-01
9.408999999999999586e-01 9.481000000000000538e-01
9.408999999999999586e-01 9.484000000000000208e-01
9.408999999999999586e-01 9.483000000000000318e-01
9.408999999999999586e-01 9.484000000000000208e-01
9.408999999999999586e-01 9.484000000000000208e-01
9.408999999999999586e-01 9.483000000000000318e-01
9.408999999999999586e-01 9.483000000000000318e-01
9.408999999999999586e-01 9.483000000000000318e-01
9.408999999999999586e-01 9.482000000000000428e-01
9.408999999999999586e-01 9.484000000000000208e-01
9.408999999999999586e-01 9.485999999999999988e-01
9.408999999999999586e-01 9.486999999999999877e-01
9.408999999999999586e-01 9.484000000000000208e-01
9.408999999999999586e-01 9.485999999999999988e-01
9.408999999999999586e-01 9.483000000000000318e-01
9.408999999999999586e-01 9.478999999999999648e-01
9.408999999999999586e-01 9.483000000000000318e-01
9.408999999999999586e-01 9.483000000000000318e-01
9.408999999999999586e-01 9.481000000000000538e-01
9.408999999999999586e-01 9.479999999999999538e-01
9.407999999999999696e-01 9.481000000000000538e-01
9.407999999999999696e-01 9.479999999999999538e-01
9.407999999999999696e-01 9.479999999999999538e-01
9.407999999999999696e-01 9.477999999999999758e-01
9.407999999999999696e-01 9.478999999999999648e-01
9.406999999999999806e-01 9.475999999999999979e-01
9.406999999999999806e-01 9.475000000000000089e-01
9.407999999999999696e-01 9.475999999999999979e-01
9.407999999999999696e-01 9.474000000000000199e-01
9.406999999999999806e-01 9.475999999999999979e-01
9.405999999999999917e-01 9.475000000000000089e-01
9.405999999999999917e-01 9.477999999999999758e-01
9.405999999999999917e-01 9.481000000000000538e-01
9.405999999999999917e-01 9.482000000000000428e-01
9.405999999999999917e-01 9.486999999999999877e-01
9.405999999999999917e-01 9.482000000000000428e-01
9.405999999999999917e-01 9.485000000000000098e-01
9.405999999999999917e-01 9.481000000000000538e-01
9.405999999999999917e-01 9.476999999999999869e-01
9.405999999999999917e-01 9.483000000000000318e-01
9.405999999999999917e-01 9.484000000000000208e-01
9.405999999999999917e-01 9.483000000000000318e-01
9.405999999999999917e-01 9.481000000000000538e-01
9.405999999999999917e-01 9.484000000000000208e-01
9.406999999999999806e-01 9.477999999999999758e-01
9.406999999999999806e-01 9.478999999999999648e-01
9.408999999999999586e-01 9.479999999999999538e-01
9.406999999999999806e-01 9.476999999999999869e-01
9.406999999999999806e-01 9.481000000000000538e-01
9.407999999999999696e-01 9.481000000000000538e-01
9.407999999999999696e-01 9.476999999999999869e-01
9.407999999999999696e-01 9.482000000000000428e-01
9.408999999999999586e-01 9.485000000000000098e-01
9.408999999999999586e-01 9.483000000000000318e-01
9.408999999999999586e-01 9.485000000000000098e-01
9.408999999999999586e-01 9.482000000000000428e-01
9.408999999999999586e-01 9.477999999999999758e-01
9.408999999999999586e-01 9.473000000000000309e-01
9.408999999999999586e-01 9.478999999999999648e-01
9.408999999999999586e-01 9.483000000000000318e-01
9.408999999999999586e-01 9.485000000000000098e-01
9.408999999999999586e-01 9.481000000000000538e-01
9.408999999999999586e-01 9.482000000000000428e-01
9.408999999999999586e-01 9.481000000000000538e-01
9.408999999999999586e-01 9.485000000000000098e-01
9.408999999999999586e-01 9.479999999999999538e-01
9.408999999999999586e-01 9.476999999999999869e-01
9.408999999999999586e-01 9.477999999999999758e-01
9.408999999999999586e-01 9.481000000000000538e-01
9.408999999999999586e-01 9.478999999999999648e-01
9.408999999999999586e-01 9.476999999999999869e-01
9.408999999999999586e-01 9.476999999999999869e-01
9.408999999999999586e-01 9.478999999999999648e-01
9.408999999999999586e-01 9.482000000000000428e-01
9.408999999999999586e-01 9.483000000000000318e-01
9.408999999999999586e-01 9.484000000000000208e-01
9.408999999999999586e-01 9.479999999999999538e-01
9.408999999999999586e-01 9.483000000000000318e-01
9.408999999999999586e-01 9.477999999999999758e-01
9.408999999999999586e-01 9.475999999999999979e-01
9.408999999999999586e-01 9.474000000000000199e-01
9.408999999999999586e-01 9.468999999999999639e-01
9.406999999999999806e-01 9.473000000000000309e-01
9.406999999999999806e-01 9.476999999999999869e-01
9.406999999999999806e-01 9.475000000000000089e-01
9.406999999999999806e-01 9.476999999999999869e-01
9.405999999999999917e-01 9.473000000000000309e-01
9.405999999999999917e-01 9.478999999999999648e-01
9.405000000000000027e-01 9.477999999999999758e-01
9.405000000000000027e-01 9.475999999999999979e-01
9.405000000000000027e-01 9.481000000000000538e-01
9.405000000000000027e-01 9.479999999999999538e-01
9.405999999999999917e-01 9.481000000000000538e-01
9.405999999999999917e-01 9.483000000000000318e-01
9.406999999999999806e-01 9.482000000000000428e-01
9.406999999999999806e-01 9.483000000000000318e-01
9.406999999999999806e-01 9.481000000000000538e-01
9.406999999999999806e-01 9.484000000000000208e-01
9.406999999999999806e-01 9.482000000000000428e-01
9.406999999999999806e-01 9.482000000000000428e-01
9.406999999999999806e-01 9.479999999999999538e-01
9.406999999999999806e-01 9.476999999999999869e-01
9.405999999999999917e-01 9.475000000000000089e-01
9.405999999999999917e-01 9.478999999999999648e-01
9.405999999999999917e-01 9.481000000000000538e-01
9.405999999999999917e-01 9.483000000000000318e-01
9.405999999999999917e-01 9.483000000000000318e-01
9.405999999999999917e-01 9.478999999999999648e-01
9.405999999999999917e-01 9.475999999999999979e-01
9.405000000000000027e-01 9.478999999999999648e-01
9.405000000000000027e-01 9.479999999999999538e-01
9.405000000000000027e-01 9.485000000000000098e-01
9.405000000000000027e-01 9.485999999999999988e-01
9.405000000000000027e-01 9.481000000000000538e-01
9.405000000000000027e-01 9.479999999999999538e-01
9.405000000000000027e-01 9.477999999999999758e-01
9.404000000000000137e-01 9.473000000000000309e-01
9.404000000000000137e-01 9.475999999999999979e-01
9.403000000000000247e-01 9.473000000000000309e-01
9.403000000000000247e-01 9.465000000000000080e-01
9.403000000000000247e-01 9.467999999999999750e-01
9.403000000000000247e-01 9.472000000000000419e-01
9.403000000000000247e-01 9.469999999999999529e-01
9.403000000000000247e-01 9.472000000000000419e-01
9.403000000000000247e-01 9.471000000000000529e-01
9.403000000000000247e-01 9.465000000000000080e-01
9.403000000000000247e-01 9.466999999999999860e-01
9.403000000000000247e-01 9.469999999999999529e-01
9.403000000000000247e-01 9.473000000000000309e-01
9.403000000000000247e-01 9.473000000000000309e-01
9.403000000000000247e-01 9.475000000000000089e-01
9.403000000000000247e-01 9.474000000000000199e-01
9.403000000000000247e-01 9.468999999999999639e-01
9.403000000000000247e-01 9.469999999999999529e-01
9.403000000000000247e-01 9.469999999999999529e-01
9.403000000000000247e-01 9.474000000000000199e-01
9.403000000000000247e-01 9.476999999999999869e-01
9.403000000000000247e-01 9.475000000000000089e-01
9.403000000000000247e-01 9.477999999999999758e-01
9.403000000000000247e-01 9.478999999999999648e-01
9.403000000000000247e-01 9.477999999999999758e-01
9.403000000000000247e-01 9.475999999999999979e-01
9.403000000000000247e-01 9.475000000000000089e-01
9.403000000000000247e-01 9.475999999999999979e-01
9.403000000000000247e-01 9.478999999999999648e-01
9.402000000000000357e-01 9.477999999999999758e-01
9.402000000000000357e-01 9.475000000000000089e-01
9.402000000000000357e-01 9.477999999999999758e-01
9.403000000000000247e-01 9.478999999999999648e-01
9.402000000000000357e-01 9.481000000000000538e-01
9.402000000000000357e-01 9.483000000000000318e-01
9.403000000000000247e-01 9.478999999999999648e-01
9.401000000000000467e-01 9.477999999999999758e-01
9.402000000000000357e-01 9.474000000000000199e-01
9.401000000000000467e-01 9.474000000000000199e-01
9.402000000000000357e-01 9.475999999999999979e-01
9.402000000000000357e-01 9.475000000000000089e-01
9.402000000000000357e-01 9.475000000000000089e-01
9.402000000000000357e-01 9.485999999999999988e-01
9.402000000000000357e-01 9.485999999999999988e-01
9.402000000000000357e-01 9.485000000000000098e-01
9.402000000000000357e-01 9.481000000000000538e-01
9.402000000000000357e-01 9.483000000000000318e-01
9.402000000000000357e-01 9.481000000000000538e-01
9.401000000000000467e-01 9.482000000000000428e-01
9.402000000000000357e-01 9.483000000000000318e-01
9.401000000000000467e-01 9.485000000000000098e-01
9.401000000000000467e-01 9.482000000000000428e-01
9.401000000000000467e-01 9.479999999999999538e-01
9.399999999999999467e-01 9.478999999999999648e-01
9.401000000000000467e-01 9.483000000000000318e-01
9.401000000000000467e-01 9.485000000000000098e-01
9.401000000000000467e-01 9.489999999999999547e-01
9.401000000000000467e-01 9.486999999999999877e-01
9.401000000000000467e-01 9.484000000000000208e-01
9.401000000000000467e-01 9.479999999999999538e-01
9.401000000000000467e-01 9.482000000000000428e-01
9.401000000000000467e-01 9.478999999999999648e-01
9.401000000000000467e-01 9.478999999999999648e-01
9.401000000000000467e-01 9.485000000000000098e-01
9.401000000000000467e-01 9.486999999999999877e-01
9.401000000000000467e-01 9.488999999999999657e-01
9.399999999999999467e-01 9.493000000000000327e-01
9.399999999999999467e-01 9.486999999999999877e-01
9.399999999999999467e-01 9.488999999999999657e-01
9.399999999999999467e-01 9.487999999999999767e-01
9.399999999999999467e-01 9.488999999999999657e-01
9.399999999999999467e-01 9.491000000000000547e-01
9.399999999999999467e-01 9.486999999999999877e-01
9.399999999999999467e-01 9.487999999999999767e-01
9.401000000000000467e-01 9.486999999999999877e-01
9.401000000000000467e-01 9.481000000000000538e-01
9.402000000000000357e-01 9.481000000000000538e-01
9.402000000000000357e-01 9.479999999999999538e-01
9.399999999999999467e-01 9.482000000000000428e-01
9.401000000000000467e-01 9.476999999999999869e-01
9.399999999999999467e-01 9.478999999999999648e-01
9.399999999999999467e-01 9.483000000000000318e-01
9.399999999999999467e-01 9.482000000000000428e-01
9.399999999999999467e-01 9.479999999999999538e-01
9.399999999999999467e-01 9.475000000000000089e-01
9.399999999999999467e-01 9.478999999999999648e-01
9.399999999999999467e-01 9.475999999999999979e-01
9.399999999999999467e-01 9.475000000000000089e-01
9.399999999999999467e-01 9.474000000000000199e-01
9.399999999999999467e-01 9.475999999999999979e-01
9.401000000000000467e-01 9.477999999999999758e-01
9.399999999999999467e-01 9.474000000000000199e-01
9.401000000000000467e-01 9.478999999999999648e-01
9.401000000000000467e-01 9.479999999999999538e-01
9.399999999999999467e-01 9.479999999999999538e-01
9.401000000000000467e-01 9.482000000000000428e-01
9.402000000000000357e-01 9.482000000000000428e-01
9.401000000000000467e-01 9.476999999999999869e-01
9.401000000000000467e-01 9.482000000000000428e-01
9.401000000000000467e-01 9.478999999999999648e-01
9.402000000000000357e-01 9.475999999999999979e-01
9.403000000000000247e-01 9.478999999999999648e-01
9.403000000000000247e-01 9.482000000000000428e-01
9.403000000000000247e-01 9.478999999999999648e-01
9.403000000000000247e-01 9.479999999999999538e-01
9.403000000000000247e-01 9.482000000000000428e-01
9.403000000000000247e-01 9.478999999999999648e-01
9.404000000000000137e-01 9.479999999999999538e-01
9.404000000000000137e-01 9.476999999999999869e-01
9.404000000000000137e-01 9.478999999999999648e-01
9.404000000000000137e-01 9.481000000000000538e-01
9.404000000000000137e-01 9.475000000000000089e-01
9.404000000000000137e-01 9.479999999999999538e-01
9.404000000000000137e-01 9.475000000000000089e-01
9.404000000000000137e-01 9.478999999999999648e-01
9.404000000000000137e-01 9.476999999999999869e-01
9.404000000000000137e-01 9.482000000000000428e-01
9.404000000000000137e-01 9.484000000000000208e-01
9.404000000000000137e-01 9.484000000000000208e-01
9.403000000000000247e-01 9.487999999999999767e-01
9.404000000000000137e-01 9.488999999999999657e-01
9.404000000000000137e-01 9.487999999999999767e-01
9.404000000000000137e-01 9.487999999999999767e-01
9.404000000000000137e-01 9.484000000000000208e-01
9.404000000000000137e-01 9.483000000000000318e-01
9.405000000000000027e-01 9.485000000000000098e-01
9.405000000000000027e-01 9.485999999999999988e-01
9.405000000000000027e-01 9.484000000000000208e-01
9.404000000000000137e-01 9.485999999999999988e-01
9.403000000000000247e-01 9.476999999999999869e-01
9.402000000000000357e-01 9.479999999999999538e-01
9.403000000000000247e-01 9.478999999999999648e-01
9.402000000000000357e-01 9.481000000000000538e-01
9.402000000000000357e-01 9.479999999999999538e-01
9.402000000000000357e-01 9.486999999999999877e-01
9.402000000000000357e-01 9.488999999999999657e-01
9.402000000000000357e-01 9.489999999999999547e-01
9.402000000000000357e-01 9.483000000000000318e-01
9.402000000000000357e-01 9.485999999999999988e-01
9.402000000000000357e-01 9.485000000000000098e-01
9.402000000000000357e-01 9.483000000000000318e-01
9.402000000000000357e-01 9.484000000000000208e-01
9.402000000000000357e-01 9.485000000000000098e-01
9.402000000000000357e-01 9.484000000000000208e-01
9.402000000000000357e-01 9.487999999999999767e-01
9.402000000000000357e-01 9.488999999999999657e-01
9.402000000000000357e-01 9.492000000000000437e-01
9.402000000000000357e-01 9.485000000000000098e-01
9.402000000000000357e-01 9.485000000000000098e-01
9.403000000000000247e-01 9.487999999999999767e-01
9.403000000000000247e-01 9.487999999999999767e-01
9.402000000000000357e-01 9.489999999999999547e-01
9.402000000000000357e-01 9.487999999999999767e-01
9.402000000000000357e-01 9.482000000000000428e-01
9.402000000000000357e-01 9.485000000000000098e-01
9.402000000000000357e-01 9.483000000000000318e-01
9.402000000000000357e-01 9.483000000000000318e-01
9.402000000000000357e-01 9.484000000000000208e-01
9.402000000000000357e-01 9.476999999999999869e-01
9.402000000000000357e-01 9.479999999999999538e-01
9.402000000000000357e-01 9.483000000000000318e-01
9.402000000000000357e-01 9.482000000000000428e-01
9.402000000000000357e-01 9.478999999999999648e-01
9.402000000000000357e-01 9.478999999999999648e-01
9.402000000000000357e-01 9.475000000000000089e-01
9.402000000000000357e-01 9.476999999999999869e-01
9.402000000000000357e-01 9.477999999999999758e-01
9.402000000000000357e-01 9.478999999999999648e-01
9.402000000000000357e-01 9.476999999999999869e-01
9.402000000000000357e-01 9.474000000000000199e-01
9.402000000000000357e-01 9.473000000000000309e-01
9.402000000000000357e-01 9.475999999999999979e-01
9.402000000000000357e-01 9.474000000000000199e-01
9.403000000000000247e-01 9.475000000000000089e-01
9.403000000000000247e-01 9.473000000000000309e-01
9.403000000000000247e-01 9.475000000000000089e-01
9.403000000000000247e-01 9.475999999999999979e-01
9.403000000000000247e-01 9.473000000000000309e-01
9.403000000000000247e-01 9.475000000000000089e-01
9.403000000000000247e-01 9.471000000000000529e-01
9.404000000000000137e-01 9.471000000000000529e-01
9.405000000000000027e-01 9.476999999999999869e-01
9.404000000000000137e-01 9.476999999999999869e-01
9.404000000000000137e-01 9.476999999999999869e-01
9.404000000000000137e-01 9.478999999999999648e-01
9.402000000000000357e-01 9.478999999999999648e-01
9.402000000000000357e-01 9.477999999999999758e-01
9.402000000000000357e-01 9.478999999999999648e-01
9.403000000000000247e-01 9.476999999999999869e-01
9.402000000000000357e-01 9.476999999999999869e-01
9.403000000000000247e-01 9.479999999999999538e-01
9.402000000000000357e-01 9.479999999999999538e-01
9.402000000000000357e-01 9.482000000000000428e-01
9.402000000000000357e-01 9.478999999999999648e-01
9.402000000000000357e-01 9.478999999999999648e-01
9.402000000000000357e-01 9.476999999999999869e-01
9.402000000000000357e-01 9.476999999999999869e-01
9.402000000000000357e-01 9.475999999999999979e-01
9.402000000000000357e-01 9.475999999999999979e-01
9.402000000000000357e-01 9.475999999999999979e-01
9.403000000000000247e-01 9.481000000000000538e-01
9.403000000000000247e-01 9.476999999999999869e-01
9.403000000000000247e-01 9.476999999999999869e-01
9.403000000000000247e-01 9.481000000000000538e-01
9.403000000000000247e-01 9.479999999999999538e-01
9.403000000000000247e-01 9.476999999999999869e-01
9.405000000000000027e-01 9.478999999999999648e-01
9.405000000000000027e-01 9.481000000000000538e-01
9.404000000000000137e-01 9.478999999999999648e-01
9.404000000000000137e-01 9.473000000000000309e-01
9.404000000000000137e-01 9.478999999999999648e-01
9.404000000000000137e-01 9.477999999999999758e-01
9.404000000000000137e-01 9.478999999999999648e-01
9.405000000000000027e-01 9.478999999999999648e-01
9.405000000000000027e-01 9.479999999999999538e-01
9.405000000000000027e-01 9.481000000000000538e-01
9.405000000000000027e-01 9.478999999999999648e-01
9.405000000000000027e-01 9.475000000000000089e-01
9.405000000000000027e-01 9.471000000000000529e-01
9.405000000000000027e-01 9.475000000000000089e-01
9.405000000000000027e-01 9.473000000000000309e-01
9.405000000000000027e-01 9.476999999999999869e-01
9.405000000000000027e-01 9.479999999999999538e-01
9.405000000000000027e-01 9.477999999999999758e-01
9.405000000000000027e-01 9.476999999999999869e-01
9.405000000000000027e-01 9.474000000000000199e-01
9.405000000000000027e-01 9.475999999999999979e-01
9.405000000000000027e-01 9.482000000000000428e-01
9.405999999999999917e-01 9.478999999999999648e-01
9.405000000000000027e-01 9.477999999999999758e-01
9.405999999999999917e-01 9.482000000000000428e-01
9.406999999999999806e-01 9.483000000000000318e-01
9.406999999999999806e-01 9.481000000000000538e-01
9.406999999999999806e-01 9.482000000000000428e-01
9.406999999999999806e-01 9.479999999999999538e-01
9.406999999999999806e-01 9.481000000000000538e-01
9.406999999999999806e-01 9.482000000000000428e-01
9.406999999999999806e-01 9.478999999999999648e-01
9.406999999999999806e-01 9.482000000000000428e-01
9.407999999999999696e-01 9.479999999999999538e-01
9.407999999999999696e-01 9.481000000000000538e-01
9.408999999999999586e-01 9.483000000000000318e-01
9.408999999999999586e-01 9.482000000000000428e-01
9.408999999999999586e-01 9.479999999999999538e-01
9.408999999999999586e-01 9.478999999999999648e-01
9.408999999999999586e-01 9.478999999999999648e-01
9.408999999999999586e-01 9.477999999999999758e-01
9.408999999999999586e-01 9.477999999999999758e-01
9.408999999999999586e-01 9.478999999999999648e-01
9.408999999999999586e-01 9.479999999999999538e-01
9.408999999999999586e-01 9.479999999999999538e-01
9.408999999999999586e-01 9.482000000000000428e-01
9.408999999999999586e-01 9.483000000000000318e-01
9.407999999999999696e-01 9.478999999999999648e-01
9.407999999999999696e-01 9.475999999999999979e-01
9.407999999999999696e-01 9.479999999999999538e-01
9.407999999999999696e-01 9.475999999999999979e-01
9.407999999999999696e-01 9.472000000000000419e-01
9.407999999999999696e-01 9.469999999999999529e-01
9.407999999999999696e-01 9.467999999999999750e-01
9.407999999999999696e-01 9.465999999999999970e-01
9.407999999999999696e-01 9.465000000000000080e-01
9.407999999999999696e-01 9.464000000000000190e-01
9.407999999999999696e-01 9.469999999999999529e-01
9.407999999999999696e-01 9.465999999999999970e-01
9.407999999999999696e-01 9.464000000000000190e-01
9.408999999999999586e-01 9.463000000000000300e-01
9.407999999999999696e-01 9.464000000000000190e-01
9.407999999999999696e-01 9.462000000000000410e-01
9.407999999999999696e-01 9.459999999999999520e-01
9.407999999999999696e-01 9.465000000000000080e-01
9.407999999999999696e-01 9.471000000000000529e-01
9.406999999999999806e-01 9.467999999999999750e-01
9.406999999999999806e-01 9.465999999999999970e-01
9.406999999999999806e-01 9.466999999999999860e-01
9.406999999999999806e-01 9.471000000000000529e-01
9.405999999999999917e-01 9.471000000000000529e-01
9.405999999999999917e-01 9.466999999999999860e-01
9.406999999999999806e-01 9.472000000000000419e-01
9.406999999999999806e-01 9.469999999999999529e-01
9.406999999999999806e-01 9.471000000000000529e-01
9.406999999999999806e-01 9.473000000000000309e-01
9.407999999999999696e-01 9.475000000000000089e-01
9.407999999999999696e-01 9.472000000000000419e-01
9.407999999999999696e-01 9.475000000000000089e-01
9.407999999999999696e-01 9.474000000000000199e-01
9.407999999999999696e-01 9.476999999999999869e-01
9.407999999999999696e-01 9.474000000000000199e-01
9.407999999999999696e-01 9.472000000000000419e-01
9.407999999999999696e-01 9.473000000000000309e-01
9.407999999999999696e-01 9.473000000000000309e-01
9.407999999999999696e-01 9.476999999999999869e-01
9.407999999999999696e-01 9.475000000000000089e-01
9.408999999999999586e-01 9.474000000000000199e-01
9.408999999999999586e-01 9.477999999999999758e-01
9.408999999999999586e-01 9.476999999999999869e-01
9.408999999999999586e-01 9.476999999999999869e-01
9.408999999999999586e-01 9.475000000000000089e-01
9.408999999999999586e-01 9.479999999999999538e-01
9.409999999999999476e-01 9.481000000000000538e-01
9.408999999999999586e-01 9.484000000000000208e-01
9.408999999999999586e-01 9.485000000000000098e-01
9.408999999999999586e-01 9.483000000000000318e-01
9.408999999999999586e-01 9.484000000000000208e-01
9.408999999999999586e-01 9.479999999999999538e-01
9.408999999999999586e-01 9.476999999999999869e-01
9.407999999999999696e-01 9.476999999999999869e-01
9.408999999999999586e-01 9.479999999999999538e-01
9.408999999999999586e-01 9.485999999999999988e-01
9.409999999999999476e-01 9.484000000000000208e-01
9.409999999999999476e-01 9.479999999999999538e-01
9.409999999999999476e-01 9.479999999999999538e-01
9.409999999999999476e-01 9.474000000000000199e-01
9.409999999999999476e-01 9.479999999999999538e-01
9.409999999999999476e-01 9.479999999999999538e-01
9.409999999999999476e-01 9.475999999999999979e-01
9.409999999999999476e-01 9.478999999999999648e-01
9.409999999999999476e-01 9.477999999999999758e-01
9.409999999999999476e-01 9.477999999999999758e-01
9.409999999999999476e-01 9.475000000000000089e-01
9.409999999999999476e-01 9.478999999999999648e-01
9.409999999999999476e-01 9.486999999999999877e-01
9.409999999999999476e-01 9.487999999999999767e-01
9.409999999999999476e-01 9.488999999999999657e-01
9.409999999999999476e-01 9.485000000000000098e-01
9.409999999999999476e-01 9.485999999999999988e-01
9.409999999999999476e-01 9.482000000000000428e-01
9.409999999999999476e-01 9.485999999999999988e-01
9.409999999999999476e-01 9.481000000000000538e-01
9.411000000000000476e-01 9.475999999999999979e-01
9.412000000000000366e-01 9.477999999999999758e-01
9.409999999999999476e-01 9.475999999999999979e-01
9.411000000000000476e-01 9.479999999999999538e-01
9.411000000000000476e-01 9.478999999999999648e-01
9.409999999999999476e-01 9.479999999999999538e-01
9.409999999999999476e-01 9.476999999999999869e-01
9.409999999999999476e-01 9.477999999999999758e-01
9.408999999999999586e-01 9.477999999999999758e-01
9.408999999999999586e-01 9.478999999999999648e-01
9.408999999999999586e-01 9.474000000000000199e-01
9.408999999999999586e-01 9.478999999999999648e-01
9.408999999999999586e-01 9.477999999999999758e-01
9.409999999999999476e-01 9.481000000000000538e-01
9.409999999999999476e-01 9.477999999999999758e-01
9.411000000000000476e-01 9.478999999999999648e-01
9.408999999999999586e-01 9.475999999999999979e-01
9.408999999999999586e-01 9.478999999999999648e-01
9.408999999999999586e-01 9.481000000000000538e-01
9.408999999999999586e-01 9.481000000000000538e-01
9.408999999999999586e-01 9.478999999999999648e-01
9.408999999999999586e-01 9.479999999999999538e-01
9.409999999999999476e-01 9.478999999999999648e-01
9.409999999999999476e-01 9.478999999999999648e-01
9.407999999999999696e-01 9.474000000000000199e-01
9.408999999999999586e-01 9.476999999999999869e-01
9.409999999999999476e-01 9.479999999999999538e-01
9.409999999999999476e-01 9.478999999999999648e-01
9.409999999999999476e-01 9.481000000000000538e-01
9.409999999999999476e-01 9.483000000000000318e-01
9.409999999999999476e-01 9.482000000000000428e-01
9.408999999999999586e-01 9.485999999999999988e-01
9.408999999999999586e-01 9.484000000000000208e-01
9.408999999999999586e-01 9.483000000000000318e-01
9.407999999999999696e-01 9.481000000000000538e-01
9.407999999999999696e-01 9.483000000000000318e-01
9.407999999999999696e-01 9.479999999999999538e-01
9.408999999999999586e-01 9.481000000000000538e-01
9.408999999999999586e-01 9.486999999999999877e-01
9.408999999999999586e-01 9.487999999999999767e-01
9.408999999999999586e-01 9.485999999999999988e-01
9.408999999999999586e-01 9.486999999999999877e-01
9.408999999999999586e-01 9.483000000000000318e-01
9.408999999999999586e-01 9.485000000000000098e-01
9.408999999999999586e-01 9.485000000000000098e-01
9.408999999999999586e-01 9.482000000000000428e-01
9.408999999999999586e-01 9.484000000000000208e-01
9.408999999999999586e-01 9.484000000000000208e-01
9.408999999999999586e-01 9.483000000000000318e-01
9.408999999999999586e-01 9.485999999999999988e-01
9.408999999999999586e-01 9.485999999999999988e-01
9.408999999999999586e-01 9.478999999999999648e-01
9.408999999999999586e-01 9.481000000000000538e-01
9.408999999999999586e-01 9.481000000000000538e-01
9.408999999999999586e-01 9.478999999999999648e-01
9.408999999999999586e-01 9.477999999999999758e-01
9.408999999999999586e-01 9.479999999999999538e-01
9.408999999999999586e-01 9.476999999999999869e-01
9.408999999999999586e-01 9.477999999999999758e-01
9.408999999999999586e-01 9.471000000000000529e-01
9.408999999999999586e-01 9.472000000000000419e-01
9.408999999999999586e-01 9.478999999999999648e-01
9.408999999999999586e-01 9.482000000000000428e-01
9.408999999999999586e-01 9.485999999999999988e-01
9.408999999999999586e-01 9.483000000000000318e-01
9.408999999999999586e-01 9.482000000000000428e-01
9.408999999999999586e-01 9.479999999999999538e-01
9.408999999999999586e-01 9.478999999999999648e-01
9.408999999999999586e-01 9.479999999999999538e-01
9.408999999999999586e-01 9.477999999999999758e-01
9.408999999999999586e-01 9.478999999999999648e-01
9.408999999999999586e-01 9.482000000000000428e-01
9.408999999999999586e-01 9.479999999999999538e-01
9.408999999999999586e-01 9.479999999999999538e-01
9.408999999999999586e-01 9.478999999999999648e-01
9.408999999999999586e-01 9.478999999999999648e-01
9.408999999999999586e-01 9.477999999999999758e-01
9.408999999999999586e-01 9.481000000000000538e-01
9.408999999999999586e-01 9.476999999999999869e-01
9.408999999999999586e-01 9.482000000000000428e-01
9.407999999999999696e-01 9.478999999999999648e-01
9.407999999999999696e-01 9.474000000000000199e-01
9.407999999999999696e-01 9.475999999999999979e-01
9.407999999999999696e-01 9.476999999999999869e-01
9.407999999999999696e-01 9.482000000000000428e-01
9.407999999999999696e-01 9.481000000000000538e-01
9.407999999999999696e-01 9.476999999999999869e-01
9.407999999999999696e-01 9.476999999999999869e-01
9.407999999999999696e-01 9.481000000000000538e-01
9.407999999999999696e-01 9.479999999999999538e-01
9.407999999999999696e-01 9.483000000000000318e-01
9.407999999999999696e-01 9.481000000000000538e-01
9.407999999999999696e-01 9.483000000000000318e-01
9.407999999999999696e-01 9.484000000000000208e-01
9.407999999999999696e-01 9.482000000000000428e-01
9.407999999999999696e-01 9.479999999999999538e-01
9.406999999999999806e-01 9.479999999999999538e-01
9.406999999999999806e-01 9.479999999999999538e-01
9.407999999999999696e-01 9.476999999999999869e-01
9.407999999999999696e-01 9.476999999999999869e-01
9.407999999999999696e-01 9.475000000000000089e-01
9.407999999999999696e-01 9.476999999999999869e-01
9.407999999999999696e-01 9.475000000000000089e-01
9.407999999999999696e-01 9.477999999999999758e-01
9.407999999999999696e-01 9.479999999999999538e-01
9.407999999999999696e-01 9.478999999999999648e-01
9.407999999999999696e-01 9.479999999999999538e-01
9.407999999999999696e-01 9.482000000000000428e-01
9.407999999999999696e-01 9.482000000000000428e-01
9.407999999999999696e-01 9.479999999999999538e-01
9.407999999999999696e-01 9.485000000000000098e-01
9.407999999999999696e-01 9.484000000000000208e-01
9.407999999999999696e-01 9.488999999999999657e-01
9.407999999999999696e-01 9.488999999999999657e-01
9.407999999999999696e-01 9.485000000000000098e-01
9.407999999999999696e-01 9.485999999999999988e-01
9.407999999999999696e-01 9.487999999999999767e-01
9.407999999999999696e-01 9.483000000000000318e-01
9.407999999999999696e-01 9.479999999999999538e-01
9.407999999999999696e-01 9.489999999999999547e-01
9.407999999999999696e-01 9.492000000000000437e-01
9.407999999999999696e-01 9.487999999999999767e-01
9.407999999999999696e-01 9.487999999999999767e-01
9.407999999999999696e-01 9.489999999999999547e-01
9.407999999999999696e-01 9.487999999999999767e-01
9.407999999999999696e-01 9.489999999999999547e-01
9.407999999999999696e-01 9.489999999999999547e-01
9.407999999999999696e-01 9.489999999999999547e-01
9.407999999999999696e-01 9.485000000000000098e-01
9.406999999999999806e-01 9.486999999999999877e-01
9.407999999999999696e-01 9.483000000000000318e-01
9.407999999999999696e-01 9.483000000000000318e-01
9.407999999999999696e-01 9.485000000000000098e-01
9.408999999999999586e-01 9.489999999999999547e-01
9.408999999999999586e-01 9.485999999999999988e-01
9.408999999999999586e-01 9.489999999999999547e-01
9.408999999999999586e-01 9.491000000000000547e-01
9.409999999999999476e-01 9.492000000000000437e-01
9.409999999999999476e-01 9.488999999999999657e-01
9.409999999999999476e-01 9.489999999999999547e-01
9.409999999999999476e-01 9.487999999999999767e-01
9.409999999999999476e-01 9.491000000000000547e-01
9.409999999999999476e-01 9.485000000000000098e-01
9.409999999999999476e-01 9.493000000000000327e-01
9.409999999999999476e-01 9.492000000000000437e-01
9.409999999999999476e-01 9.489999999999999547e-01
9.409999999999999476e-01 9.485999999999999988e-01
9.409999999999999476e-01 9.492000000000000437e-01
9.409999999999999476e-01 9.486999999999999877e-01
9.409999999999999476e-01 9.491000000000000547e-01
9.409999999999999476e-01 9.487999999999999767e-01
9.409999999999999476e-01 9.479999999999999538e-01
9.409999999999999476e-01 9.486999999999999877e-01
9.408999999999999586e-01 9.481000000000000538e-01
9.408999999999999586e-01 9.475999999999999979e-01
9.408999999999999586e-01 9.479999999999999538e-01
9.408999999999999586e-01 9.484000000000000208e-01
9.408999999999999586e-01 9.485999999999999988e-01
9.408999999999999586e-01 9.485000000000000098e-01
9.408999999999999586e-01 9.484000000000000208e-01
9.407999999999999696e-01 9.478999999999999648e-01
9.405999999999999917e-01 9.484000000000000208e-01
9.406999999999999806e-01 9.487999999999999767e-01
9.406999999999999806e-01 9.488999999999999657e-01
9.406999999999999806e-01 9.486999999999999877e-01
9.406999999999999806e-01 9.489999999999999547e-01
9.406999999999999806e-01 9.487999999999999767e-01
9.406999999999999806e-01 9.485999999999999988e-01
9.406999999999999806e-01 9.488999999999999657e-01
9.406999999999999806e-01 9.491000000000000547e-01
9.406999999999999806e-01 9.488999999999999657e-01
9.406999999999999806e-01 9.486999999999999877e-01
9.405999999999999917e-01 9.489999999999999547e-01
9.405999999999999917e-01 9.495000000000000107e-01
9.405999999999999917e-01 9.496999999999999886e-01
9.405999999999999917e-01 9.496999999999999886e-01
9.405999999999999917e-01 9.495999999999999996e-01
9.405999999999999917e-01 9.493000000000000327e-01
9.405999999999999917e-01 9.493000000000000327e-01
9.405000000000000027e-01 9.493000000000000327e-01
9.405000000000000027e-01 9.489999999999999547e-01
9.405000000000000027e-01 9.496999999999999886e-01
9.404000000000000137e-01 9.494000000000000217e-01
9.404000000000000137e-01 9.491000000000000547e-01
9.404000000000000137e-01 9.494000000000000217e-01
9.404000000000000137e-01 9.498999999999999666e-01
9.405000000000000027e-01 9.495000000000000107e-01
9.406999999999999806e-01 9.497999999999999776e-01
9.405999999999999917e-01 9.494000000000000217e-01
9.406999999999999806e-01 9.494000000000000217e-01
9.405999999999999917e-01 9.488999999999999657e-01
9.405999999999999917e-01 9.494000000000000217e-01
9.406999999999999806e-01 9.494000000000000217e-01
9.405999999999999917e-01 9.498999999999999666e-01
9.405999999999999917e-01 9.493000000000000327e-01
9.405999999999999917e-01 9.489999999999999547e-01
9.405999999999999917e-01 9.485999999999999988e-01
9.405999999999999917e-01 9.491000000000000547e-01
9.405999999999999917e-01 9.487999999999999767e-01
9.406999999999999806e-01 9.488999999999999657e-01
9.406999999999999806e-01 9.489999999999999547e-01
9.406999999999999806e-01 9.493000000000000327e-01
9.406999999999999806e-01 9.496999999999999886e-01
9.406999999999999806e-01 9.499999999999999556e-01
9.406999999999999806e-01 9.495000000000000107e-01
9.406999999999999806e-01 9.495999999999999996e-01
9.406999999999999806e-01 9.495000000000000107e-01
9.406999999999999806e-01 9.493000000000000327e-01
9.406999999999999806e-01 9.494000000000000217e-01
9.406999999999999806e-01 9.492000000000000437e-01
9.406999999999999806e-01 9.493000000000000327e-01
9.406999999999999806e-01 9.488999999999999657e-01
9.406999999999999806e-01 9.487999999999999767e-01
9.406999999999999806e-01 9.495000000000000107e-01
9.406999999999999806e-01 9.492000000000000437e-01
9.406999999999999806e-01 9.496999999999999886e-01
9.406999999999999806e-01 9.495999999999999996e-01
9.405999999999999917e-01 9.494000000000000217e-01
9.405999999999999917e-01 9.497999999999999776e-01
9.406999999999999806e-01 9.493000000000000327e-01
9.405999999999999917e-01 9.495999999999999996e-01
9.405999999999999917e-01 9.496999999999999886e-01
9.405999999999999917e-01 9.495000000000000107e-01
9.405000000000000027e-01 9.502000000000000446e-01
9.406999999999999806e-01 9.499999999999999556e-01
9.405999999999999917e-01 9.503000000000000336e-01
9.405999999999999917e-01 9.498999999999999666e-01
9.405999999999999917e-01 9.504000000000000226e-01
9.405999999999999917e-01 9.507999999999999785e-01
9.405999999999999917e-01 9.506000000000000005e-01
9.405999999999999917e-01 9.507999999999999785e-01
9.405999999999999917e-01 9.506000000000000005e-01
9.406999999999999806e-01 9.506000000000000005e-01
9.406999999999999806e-01 9.510999999999999455e-01
9.406999999999999806e-01 9.512000000000000455e-01
9.406999999999999806e-01 9.508999999999999675e-01
9.407999999999999696e-01 9.502000000000000446e-01
9.407999999999999696e-01 9.500999999999999446e-01
9.407999999999999696e-01 9.499999999999999556e-01
9.407999999999999696e-01 9.496999999999999886e-01
9.407999999999999696e-01 9.495999999999999996e-01
9.407999999999999696e-01 9.497999999999999776e-01
9.407999999999999696e-01 9.495000000000000107e-01
9.407999999999999696e-01 9.499999999999999556e-01
9.407999999999999696e-01 9.505000000000000115e-01
9.407999999999999696e-01 9.502000000000000446e-01
9.407999999999999696e-01 9.503000000000000336e-01
9.407999999999999696e-01 9.504000000000000226e-01
9.407999999999999696e-01 9.505000000000000115e-01
9.407999999999999696e-01 9.505000000000000115e-01
9.407999999999999696e-01 9.505000000000000115e-01
9.407999999999999696e-01 9.504000000000000226e-01
9.408999999999999586e-01 9.502000000000000446e-01
9.408999999999999586e-01 9.506000000000000005e-01
9.409999999999999476e-01 9.507999999999999785e-01
9.409999999999999476e-01 9.507999999999999785e-01
9.409999999999999476e-01 9.505000000000000115e-01
9.409999999999999476e-01 9.503000000000000336e-01
9.409999999999999476e-01 9.508999999999999675e-01
9.411000000000000476e-01 9.506999999999999895e-01
9.411000000000000476e-01 9.509999999999999565e-01
9.412000000000000366e-01 9.504000000000000226e-01
9.412000000000000366e-01 9.502000000000000446e-01
9.412000000000000366e-01 9.502000000000000446e-01
9.413000000000000256e-01 9.498999999999999666e-01
9.413000000000000256e-01 9.493000000000000327e-01
9.413000000000000256e-01 9.497999999999999776e-01
9.412000000000000366e-01 9.499999999999999556e-01
9.412000000000000366e-01 9.504000000000000226e-01
9.411000000000000476e-01 9.503000000000000336e-01
9.411000000000000476e-01 9.502000000000000446e-01
9.411000000000000476e-01 9.498999999999999666e-01
9.411000000000000476e-01 9.498999999999999666e-01
9.411000000000000476e-01 9.504000000000000226e-01
9.411000000000000476e-01 9.499999999999999556e-01
9.411000000000000476e-01 9.507999999999999785e-01
9.411000000000000476e-01 9.505000000000000115e-01
9.411000000000000476e-01 9.507999999999999785e-01
9.411000000000000476e-01 9.505000000000000115e-01
9.411000000000000476e-01 9.506000000000000005e-01
9.411000000000000476e-01 9.504000000000000226e-01
9.411000000000000476e-01 9.495999999999999996e-01
9.409999999999999476e-01 9.499999999999999556e-01
9.411000000000000476e-01 9.494000000000000217e-01
9.409999999999999476e-01 9.497999999999999776e-01
9.409999999999999476e-01 9.496999999999999886e-01
9.409999999999999476e-01 9.498999999999999666e-01
9.409999999999999476e-01 9.496999999999999886e-01
9.411000000000000476e-01 9.498999999999999666e-01
9.411000000000000476e-01 9.494000000000000217e-01
9.411000000000000476e-01 9.497999999999999776e-01
9.411000000000000476e-01 9.497999999999999776e-01
9.411000000000000476e-01 9.499999999999999556e-01
9.411000000000000476e-01 9.500999999999999446e-01
9.411000000000000476e-01 9.496999999999999886e-01
9.411000000000000476e-01 9.495000000000000107e-01
9.411000000000000476e-01 9.493000000000000327e-01
9.411000000000000476e-01 9.491000000000000547e-01
9.409999999999999476e-01 9.493000000000000327e-01
9.409999999999999476e-01 9.489999999999999547e-01
9.411000000000000476e-01 9.489999999999999547e-01
9.411000000000000476e-01 9.485000000000000098e-01
9.411000000000000476e-01 9.489999999999999547e-01
9.409999999999999476e-01 9.487999999999999767e-01
9.409999999999999476e-01 9.489999999999999547e-01
9.409999999999999476e-01 9.491000000000000547e-01
9.409999999999999476e-01 9.489999999999999547e-01
9.411000000000000476e-01 9.487999999999999767e-01
9.411000000000000476e-01 9.489999999999999547e-01
9.411000000000000476e-01 9.492000000000000437e-01
9.411000000000000476e-01 9.492000000000000437e-01
9.411000000000000476e-01 9.492000000000000437e-01
9.411000000000000476e-01 9.494000000000000217e-01
9.411000000000000476e-01 9.494000000000000217e-01
9.411000000000000476e-01 9.496999999999999886e-01
9.411000000000000476e-01 9.492000000000000437e-01
9.411000000000000476e-01 9.489999999999999547e-01
9.411000000000000476e-01 9.495000000000000107e-01
9.411000000000000476e-01 9.491000000000000547e-01
9.412000000000000366e-01 9.491000000000000547e-01
9.412000000000000366e-01 9.489999999999999547e-01
9.412000000000000366e-01 9.493000000000000327e-01
9.412000000000000366e-01 9.492000000000000437e-01
9.411000000000000476e-01 9.491000000000000547e-01
9.411000000000000476e-01 9.488999999999999657e-01
9.411000000000000476e-01 9.495999999999999996e-01
9.411000000000000476e-01 9.494000000000000217e-01
9.411000000000000476e-01 9.496999999999999886e-01
9.411000000000000476e-01 9.494000000000000217e-01
9.411000000000000476e-01 9.495000000000000107e-01
9.411000000000000476e-01 9.495999999999999996e-01
9.411000000000000476e-01 9.505000000000000115e-01
9.411000000000000476e-01 9.495999999999999996e-01
9.411000000000000476e-01 9.494000000000000217e-01
9.411000000000000476e-01 9.499999999999999556e-01
9.411000000000000476e-01 9.504000000000000226e-01
9.411000000000000476e-01 9.499999999999999556e-01
9.409999999999999476e-01 9.500999999999999446e-01
9.409999999999999476e-01 9.492000000000000437e-01
9.409999999999999476e-01 9.499999999999999556e-01
9.409999999999999476e-01 9.491000000000000547e-01
9.411000000000000476e-01 9.494000000000000217e-01
9.411000000000000476e-01 9.492000000000000437e-01
9.411000000000000476e-01 9.491000000000000547e-01
9.411000000000000476e-01 9.493000000000000327e-01
9.411000000000000476e-01 9.493000000000000327e-01
9.411000000000000476e-01 9.486999999999999877e-01
9.411000000000000476e-01 9.487999999999999767e-01
9.412000000000000366e-01 9.486999999999999877e-01
9.411000000000000476e-01 9.489999999999999547e-01
9.409999999999999476e-01 9.486999999999999877e-01
9.409999999999999476e-01 9.487999999999999767e-01
9.409999999999999476e-01 9.486999999999999877e-01
9.409999999999999476e-01 9.484000000000000208e-01
9.409999999999999476e-01 9.484000000000000208e-01
9.409999999999999476e-01 9.483000000000000318e-01
9.408999999999999586e-01 9.478999999999999648e-01
9.408999999999999586e-01 9.481000000000000538e-01
9.408999999999999586e-01 9.478999999999999648e-01
9.408999999999999586e-01 9.483000000000000318e-01
9.408999999999999586e-01 9.487999999999999767e-01
9.408999999999999586e-01 9.488999999999999657e-01
9.409999999999999476e-01 9.492000000000000437e-01
9.408999999999999586e-01 9.484000000000000208e-01
9.408999999999999586e-01 9.485999999999999988e-01
9.408999999999999586e-01 9.487999999999999767e-01
9.408999999999999586e-01 9.485000000000000098e-01
9.408999999999999586e-01 9.485999999999999988e-01
9.408999999999999586e-01 9.485000000000000098e-01
9.408999999999999586e-01 9.478999999999999648e-01
9.409999999999999476e-01 9.482000000000000428e-01
9.409999999999999476e-01 9.479999999999999538e-01
9.409999999999999476e-01 9.481000000000000538e-01
9.409999999999999476e-01 9.483000000000000318e-01
9.409999999999999476e-01 9.485000000000000098e-01
9.409999999999999476e-01 9.482000000000000428e-01
9.409999999999999476e-01 9.486999999999999877e-01
9.409999999999999476e-01 9.487999999999999767e-01
9.409999999999999476e-01 9.489999999999999547e-01
9.409999999999999476e-01 9.489999999999999547e-01
9.409999999999999476e-01 9.491000000000000547e-01
9.409999999999999476e-01 9.495999999999999996e-01
9.407999999999999696e-01 9.497999999999999776e-01
9.408999999999999586e-01 9.498999999999999666e-01
9.407999999999999696e-01 9.499999999999999556e-01
9.408999999999999586e-01 9.495999999999999996e-01
9.408999999999999586e-01 9.499999999999999556e-01
9.409999999999999476e-01 9.494000000000000217e-01
9.409999999999999476e-01 9.497999999999999776e-01
9.409999999999999476e-01 9.495999999999999996e-01
9.409999999999999476e-01 9.487999999999999767e-01
9.409999999999999476e-01 9.495999999999999996e-01
9.409999999999999476e-01 9.500999999999999446e-01
9.409999999999999476e-01 9.497999999999999776e-01
9.411000000000000476e-01 9.496999999999999886e-01
9.411000000000000476e-01 9.495000000000000107e-01
9.411000000000000476e-01 9.494000000000000217e-01
9.411000000000000476e-01 9.489999999999999547e-01
9.412000000000000366e-01 9.491000000000000547e-01
9.412000000000000366e-01 9.492000000000000437e-01
9.413000000000000256e-01 9.492000000000000437e-01
9.412000000000000366e-01 9.491000000000000547e-01
9.412000000000000366e-01 9.495999999999999996e-01
9.412000000000000366e-01 9.487999999999999767e-01
9.412000000000000366e-01 9.496999999999999886e-01
9.411000000000000476e-01 9.494000000000000217e-01
9.409999999999999476e-01 9.498999999999999666e-01
9.409999999999999476e-01 9.495999999999999996e-01
9.409999999999999476e-01 9.497999999999999776e-01
9.409999999999999476e-01 9.495000000000000107e-01
9.409999999999999476e-01 9.488999999999999657e-01
9.409999999999999476e-01 9.485999999999999988e-01
9.409999999999999476e-01 9.492000000000000437e-01
9.409999999999999476e-01 9.488999999999999657e-01
9.409999999999999476e-01 9.493000000000000327e-01
9.409999999999999476e-01 9.484000000000000208e-01
9.409999999999999476e-01 9.478999999999999648e-01
9.409999999999999476e-01 9.482000000000000428e-01
9.409999999999999476e-01 9.477999999999999758e-01
9.409999999999999476e-01 9.482000000000000428e-01
9.409999999999999476e-01 9.486999999999999877e-01
9.409999999999999476e-01 9.492000000000000437e-01
9.409999999999999476e-01 9.495000000000000107e-01
9.409999999999999476e-01 9.488999999999999657e-01
9.409999999999999476e-01 9.485999999999999988e-01
9.409999999999999476e-01 9.486999999999999877e-01
9.409999999999999476e-01 9.485000000000000098e-01
9.409999999999999476e-01 9.483000000000000318e-01
9.409999999999999476e-01 9.479999999999999538e-01
9.409999999999999476e-01 9.475999999999999979e-01
9.409999999999999476e-01 9.479999999999999538e-01
9.409999999999999476e-01 9.473000000000000309e-01
9.408999999999999586e-01 9.477999999999999758e-01
9.408999999999999586e-01 9.477999999999999758e-01
9.407999999999999696e-01 9.478999999999999648e-01
9.407999999999999696e-01 9.479999999999999538e-01
9.407999999999999696e-01 9.477999999999999758e-01
9.406999999999999806e-01 9.475000000000000089e-01
9.409999999999999476e-01 9.475999999999999979e-01
9.408999999999999586e-01 9.473000000000000309e-01
9.408999999999999586e-01 9.473000000000000309e-01
9.409999999999999476e-01 9.484000000000000208e-01
9.408999999999999586e-01 9.478999999999999648e-01
9.409999999999999476e-01 9.483000000000000318e-01
9.409999999999999476e-01 9.485000000000000098e-01
9.408999999999999586e-01 9.486999999999999877e-01
9.409999999999999476e-01 9.485000000000000098e-01
9.409999999999999476e-01 9.485000000000000098e-01
9.409999999999999476e-01 9.481000000000000538e-01
9.409999999999999476e-01 9.479999999999999538e-01
9.409999999999999476e-01 9.476999999999999869e-01
9.409999999999999476e-01 9.472000000000000419e-01
9.409999999999999476e-01 9.475999999999999979e-01
9.409999999999999476e-01 9.477999999999999758e-01
9.409999999999999476e-01 9.484000000000000208e-01
9.409999999999999476e-01 9.485999999999999988e-01
9.409999999999999476e-01 9.485000000000000098e-01
9.411000000000000476e-01 9.485000000000000098e-01
9.411000000000000476e-01 9.482000000000000428e-01
9.411000000000000476e-01 9.484000000000000208e-01
9.411000000000000476e-01 9.477999999999999758e-01
9.411000000000000476e-01 9.478999999999999648e-01
9.411000000000000476e-01 9.483000000000000318e-01
9.411000000000000476e-01 9.482000000000000428e-01
9.411000000000000476e-01 9.485999999999999988e-01
9.411000000000000476e-01 9.484000000000000208e-01
9.411000000000000476e-01 9.484000000000000208e-01
9.411000000000000476e-01 9.482000000000000428e-01
9.411000000000000476e-01 9.482000000000000428e-01
9.411000000000000476e-01 9.483000000000000318e-01
9.411000000000000476e-01 9.479999999999999538e-01
9.411000000000000476e-01 9.477999999999999758e-01
9.411000000000000476e-01 9.483000000000000318e-01
9.411000000000000476e-01 9.483000000000000318e-01
9.411000000000000476e-01 9.483000000000000318e-01
9.411000000000000476e-01 9.481000000000000538e-01
9.411000000000000476e-01 9.485000000000000098e-01
9.411000000000000476e-01 9.485000000000000098e-01
9.411000000000000476e-01 9.488999999999999657e-01
9.411000000000000476e-01 9.483000000000000318e-01
9.411000000000000476e-01 9.484000000000000208e-01
9.411000000000000476e-01 9.485999999999999988e-01
9.411000000000000476e-01 9.485999999999999988e-01
9.411000000000000476e-01 9.485000000000000098e-01
9.411000000000000476e-01 9.484000000000000208e-01
9.409999999999999476e-01 9.485000000000000098e-01
9.409999999999999476e-01 9.485000000000000098e-01
9.409999999999999476e-01 9.487999999999999767e-01
9.409999999999999476e-01 9.488999999999999657e-01
9.409999999999999476e-01 9.493000000000000327e-01
9.409999999999999476e-01 9.493000000000000327e-01
9.409999999999999476e-01 9.489999999999999547e-01
9.409999999999999476e-01 9.489999999999999547e-01
9.409999999999999476e-01 9.494000000000000217e-01
9.409999999999999476e-01 9.489999999999999547e-01
9.409999999999999476e-01 9.485000000000000098e-01
9.409999999999999476e-01 9.491000000000000547e-01
9.408999999999999586e-01 9.492000000000000437e-01
9.407999999999999696e-01 9.491000000000000547e-01
9.407999999999999696e-01 9.492000000000000437e-01
9.408999999999999586e-01 9.486999999999999877e-01
9.408999999999999586e-01 9.489999999999999547e-01
9.408999999999999586e-01 9.488999999999999657e-01
9.408999999999999586e-01 9.494000000000000217e-01
9.408999999999999586e-01 9.493000000000000327e-01
9.408999999999999586e-01 9.491000000000000547e-01
9.408999999999999586e-01 9.489999999999999547e-01
9.408999999999999586e-01 9.486999999999999877e-01
9.408999999999999586e-01 9.488999999999999657e-01
9.408999999999999586e-01 9.489999999999999547e-01
9.408999999999999586e-01 9.488999999999999657e-01
9.408999999999999586e-01 9.492000000000000437e-01
9.408999999999999586e-01 9.486999999999999877e-01
9.408999999999999586e-01 9.488999999999999657e-01
9.408999999999999586e-01 9.491000000000000547e-01
9.408999999999999586e-01 9.488999999999999657e-01
9.408999999999999586e-01 9.492000000000000437e-01
9.408999999999999586e-01 9.488999999999999657e-01
9.408999999999999586e-01 9.491000000000000547e-01
9.408999999999999586e-01 9.488999999999999657e-01
9.408999999999999586e-01 9.485999999999999988e-01
9.407999999999999696e-01 9.489999999999999547e-01
9.408999999999999586e-01 9.491000000000000547e-01
9.408999999999999586e-01 9.492000000000000437e-01
9.408999999999999586e-01 9.488999999999999657e-01
9.408999999999999586e-01 9.489999999999999547e-01
9.408999999999999586e-01 9.492000000000000437e-01
9.409999999999999476e-01 9.491000000000000547e-01
9.409999999999999476e-01 9.491000000000000547e-01
9.409999999999999476e-01 9.485000000000000098e-01
9.409999999999999476e-01 9.485000000000000098e-01
9.409999999999999476e-01 9.483000000000000318e-01
9.409999999999999476e-01 9.482000000000000428e-01
9.411000000000000476e-01 9.478999999999999648e-01
9.411000000000000476e-01 9.483000000000000318e-01
9.411000000000000476e-01 9.478999999999999648e-01
9.411000000000000476e-01 9.477999999999999758e-01
9.411000000000000476e-01 9.474000000000000199e-01
9.411000000000000476e-01 9.477999999999999758e-01
9.409999999999999476e-01 9.477999999999999758e-01
9.411000000000000476e-01 9.478999999999999648e-01
9.411000000000000476e-01 9.482000000000000428e-01
9.411000000000000476e-01 9.482000000000000428e-01
9.411000000000000476e-01 9.482000000000000428e-01
9.411000000000000476e-01 9.478999999999999648e-01
9.411000000000000476e-01 9.478999999999999648e-01
9.411000000000000476e-01 9.476999999999999869e-01
9.412000000000000366e-01 9.477999999999999758e-01
9.412000000000000366e-01 9.476999999999999869e-01
9.413000000000000256e-01 9.469999999999999529e-01
9.413000000000000256e-01 9.472000000000000419e-01
9.412000000000000366e-01 9.474000000000000199e-01
9.413000000000000256e-01 9.472000000000000419e-01
9.413000000000000256e-01 9.471000000000000529e-01
9.413000000000000256e-01 9.475000000000000089e-01
9.413000000000000256e-01 9.474000000000000199e-01
9.413000000000000256e-01 9.473000000000000309e-01
9.413000000000000256e-01 9.473000000000000309e-01
9.413000000000000256e-01 9.468999999999999639e-01
9.413000000000000256e-01 9.467999999999999750e-01
9.413000000000000256e-01 9.471000000000000529e-01
9.414000000000000146e-01 9.468999999999999639e-01
9.415000000000000036e-01 9.469999999999999529e-01
9.415000000000000036e-01 9.471000000000000529e-01
9.415999999999999925e-01 9.475000000000000089e-01
9.415999999999999925e-01 9.471000000000000529e-01
9.415999999999999925e-01 9.474000000000000199e-01
9.415999999999999925e-01 9.471000000000000529e-01
9.415999999999999925e-01 9.469999999999999529e-01
9.415999999999999925e-01 9.468999999999999639e-01
9.415999999999999925e-01 9.469999999999999529e-01
9.415999999999999925e-01 9.468999999999999639e-01
9.415999999999999925e-01 9.472000000000000419e-01
9.415999999999999925e-01 9.473000000000000309e-01
9.415999999999999925e-01 9.471000000000000529e-01
9.415999999999999925e-01 9.469999999999999529e-01
9.415999999999999925e-01 9.468999999999999639e-01
9.415999999999999925e-01 9.467999999999999750e-01
9.415999999999999925e-01 9.469999999999999529e-01
9.415999999999999925e-01 9.472000000000000419e-01
9.415999999999999925e-01 9.471000000000000529e-01
9.415999999999999925e-01 9.472000000000000419e-01
9.415999999999999925e-01 9.475999999999999979e-01
9.415999999999999925e-01 9.475000000000000089e-01
9.415999999999999925e-01 9.471000000000000529e-01
9.415999999999999925e-01 9.472000000000000419e-01
9.415999999999999925e-01 9.471000000000000529e-01
9.415999999999999925e-01 9.472000000000000419e-01
9.415999999999999925e-01 9.472000000000000419e-01
9.415999999999999925e-01 9.475000000000000089e-01
9.415999999999999925e-01 9.476999999999999869e-01
9.415999999999999925e-01 9.473000000000000309e-01
9.415999999999999925e-01 9.475000000000000089e-01
9.415999999999999925e-01 9.473000000000000309e-01
9.415999999999999925e-01 9.475000000000000089e-01
9.416999999999999815e-01 9.475999999999999979e-01
9.417999999999999705e-01 9.475000000000000089e-01
9.417999999999999705e-01 9.479999999999999538e-01
9.417999999999999705e-01 9.478999999999999648e-01
9.417999999999999705e-01 9.477999999999999758e-01
9.417999999999999705e-01 9.474000000000000199e-01
9.418999999999999595e-01 9.475999999999999979e-01
9.418999999999999595e-01 9.475999999999999979e-01
9.418999999999999595e-01 9.475999999999999979e-01
9.418999999999999595e-01 9.473000000000000309e-01
9.418999999999999595e-01 9.477999999999999758e-01
9.418999999999999595e-01 9.476999999999999869e-01
9.418999999999999595e-01 9.475000000000000089e-01
9.418999999999999595e-01 9.467999999999999750e-01
9.418999999999999595e-01 9.471000000000000529e-01
9.418999999999999595e-01 9.467999999999999750e-01
9.418999999999999595e-01 9.469999999999999529e-01
9.418999999999999595e-01 9.468999999999999639e-01
9.418999999999999595e-01 9.465000000000000080e-01
9.417999999999999705e-01 9.466999999999999860e-01
9.418999999999999595e-01 9.467999999999999750e-01
9.418999999999999595e-01 9.466999999999999860e-01
9.418999999999999595e-01 9.465999999999999970e-01
9.418999999999999595e-01 9.468999999999999639e-01
9.418999999999999595e-01 9.466999999999999860e-01
9.418999999999999595e-01 9.473000000000000309e-01
9.418999999999999595e-01 9.469999999999999529e-01
9.418999999999999595e-01 9.472000000000000419e-01
9.418999999999999595e-01 9.477999999999999758e-01
9.418999999999999595e-01 9.475999999999999979e-01
9.418999999999999595e-01 9.476999999999999869e-01
9.418999999999999595e-01 9.474000000000000199e-01
9.417999999999999705e-01 9.473000000000000309e-01
9.417999999999999705e-01 9.471000000000000529e-01
9.417999999999999705e-01 9.474000000000000199e-01
9.417999999999999705e-01 9.474000000000000199e-01
9.417999999999999705e-01 9.474000000000000199e-01
9.417999999999999705e-01 9.471000000000000529e-01
9.417999999999999705e-01 9.465000000000000080e-01
9.417999999999999705e-01 9.465000000000000080e-01
9.417999999999999705e-01 9.463000000000000300e-01
9.417999999999999705e-01 9.466999999999999860e-01
9.417999999999999705e-01 9.467999999999999750e-01
9.416999999999999815e-01 9.465999999999999970e-01
9.416999999999999815e-01 9.463000000000000300e-01
9.416999999999999815e-01 9.463000000000000300e-01
9.417999999999999705e-01 9.463000000000000300e-01
9.417999999999999705e-01 9.463000000000000300e-01
9.417999999999999705e-01 9.459999999999999520e-01
9.417999999999999705e-01 9.464000000000000190e-01
9.417999999999999705e-01 9.465000000000000080e-01
9.417999999999999705e-01 9.465999999999999970e-01
9.417999999999999705e-01 9.471000000000000529e-01
9.417999999999999705e-01 9.469999999999999529e-01
9.417999999999999705e-01 9.469999999999999529e-01
9.418999999999999595e-01 9.472000000000000419e-01
9.418999999999999595e-01 9.468999999999999639e-01
9.418999999999999595e-01 9.469999999999999529e-01
9.418999999999999595e-01 9.467999999999999750e-01
9.418999999999999595e-01 9.472000000000000419e-01
9.418999999999999595e-01 9.474000000000000199e-01
9.418999999999999595e-01 9.469999999999999529e-01
9.418999999999999595e-01 9.471000000000000529e-01
9.418999999999999595e-01 9.475999999999999979e-01
9.418999999999999595e-01 9.479999999999999538e-01
9.418999999999999595e-01 9.477999999999999758e-01
9.418999999999999595e-01 9.478999999999999648e-01
9.418999999999999595e-01 9.475999999999999979e-01
9.418999999999999595e-01 9.475999999999999979e-01
9.418999999999999595e-01 9.474000000000000199e-01
9.417999999999999705e-01 9.469999999999999529e-01
9.417999999999999705e-01 9.472000000000000419e-01
9.417999999999999705e-01 9.472000000000000419e-01
9.417999999999999705e-01 9.469999999999999529e-01
9.417999999999999705e-01 9.474000000000000199e-01
9.417999999999999705e-01 9.472000000000000419e-01
9.417999999999999705e-01 9.472000000000000419e-01
9.417999999999999705e-01 9.474000000000000199e-01
9.417999999999999705e-01 9.475999999999999979e-01
9.417999999999999705e-01 9.475999999999999979e-01
9.416999999999999815e-01 9.476999999999999869e-01
9.416999999999999815e-01 9.477999999999999758e-01
9.416999999999999815e-01 9.477999999999999758e-01
9.416999999999999815e-01 9.477999999999999758e-01
9.416999999999999815e-01 9.473000000000000309e-01
9.416999999999999815e-01 9.475000000000000089e-01
9.416999999999999815e-01 9.477999999999999758e-01
9.416999999999999815e-01 9.475000000000000089e-01
9.416999999999999815e-01 9.477999999999999758e-01
9.416999999999999815e-01 9.471000000000000529e-01
9.416999999999999815e-01 9.468999999999999639e-01
9.416999999999999815e-01 9.467999999999999750e-01
9.416999999999999815e-01 9.475999999999999979e-01
9.416999999999999815e-01 9.482000000000000428e-01
9.416999999999999815e-01 9.476999999999999869e-01
9.416999999999999815e-01 9.474000000000000199e-01
9.416999999999999815e-01 9.475000000000000089e-01
9.416999999999999815e-01 9.476999999999999869e-01
9.416999999999999815e-01 9.477999999999999758e-01
9.416999999999999815e-01 9.477999999999999758e-01
9.416999999999999815e-01 9.477999999999999758e-01
9.416999999999999815e-01 9.475000000000000089e-01
9.416999999999999815e-01 9.482000000000000428e-01
9.417999999999999705e-01 9.482000000000000428e-01
9.417999999999999705e-01 9.482000000000000428e-01
9.417999999999999705e-01 9.482000000000000428e-01
9.417999999999999705e-01 9.483000000000000318e-01
9.417999999999999705e-01 9.481000000000000538e-01
9.417999999999999705e-01 9.478999999999999648e-01
9.417999999999999705e-01 9.483000000000000318e-01
9.417999999999999705e-01 9.485999999999999988e-01
9.418999999999999595e-01 9.487999999999999767e-01
9.418999999999999595e-01 9.484000000000000208e-01
9.419999999999999485e-01 9.483000000000000318e-01
9.419999999999999485e-01 9.486999999999999877e-01
9.419999999999999485e-01 9.485999999999999988e-01
9.419999999999999485e-01 9.486999999999999877e-01
9.419999999999999485e-01 9.483000000000000318e-01
9.419999999999999485e-01 9.487999999999999767e-01
9.419999999999999485e-01 9.485000000000000098e-01
9.419999999999999485e-01 9.485999999999999988e-01
9.419999999999999485e-01 9.485000000000000098e-01
9.418999999999999595e-01 9.486999999999999877e-01
9.418999999999999595e-01 9.482000000000000428e-01
9.418999999999999595e-01 9.485000000000000098e-01
9.418999999999999595e-01 9.478999999999999648e-01
9.418999999999999595e-01 9.475999999999999979e-01
9.418999999999999595e-01 9.479999999999999538e-01
9.418999999999999595e-01 9.479999999999999538e-01
9.418999999999999595e-01 9.481000000000000538e-01
9.418999999999999595e-01 9.478999999999999648e-01
9.418999999999999595e-01 9.478999999999999648e-01
9.418999999999999595e-01 9.477999999999999758e-01
9.419999999999999485e-01 9.479999999999999538e-01
9.419999999999999485e-01 9.478999999999999648e-01
9.419999999999999485e-01 9.483000000000000318e-01
9.419999999999999485e-01 9.479999999999999538e-01
9.421000000000000485e-01 9.481000000000000538e-01
9.421000000000000485e-01 9.475999999999999979e-01
9.421000000000000485e-01 9.479999999999999538e-01
9.421000000000000485e-01 9.475999999999999979e-01
9.421000000000000485e-01 9.476999999999999869e-01
9.421000000000000485e-01 9.475000000000000089e-01
9.421000000000000485e-01 9.475999999999999979e-01
9.421000000000000485e-01 9.474000000000000199e-01
9.421000000000000485e-01 9.472000000000000419e-01
9.421000000000000485e-01 9.472000000000000419e-01
9.421000000000000485e-01 9.467999999999999750e-01
9.421000000000000485e-01 9.467999999999999750e-01
9.421000000000000485e-01 9.475999999999999979e-01
9.422000000000000375e-01 9.474000000000000199e-01
9.423000000000000265e-01 9.472000000000000419e-01
9.423000000000000265e-01 9.472000000000000419e-01
9.423000000000000265e-01 9.474000000000000199e-01
9.423000000000000265e-01 9.475999999999999979e-01
9.423000000000000265e-01 9.473000000000000309e-01
9.423000000000000265e-01 9.473000000000000309e-01
9.422000000000000375e-01 9.468999999999999639e-01
9.422000000000000375e-01 9.472000000000000419e-01
9.421000000000000485e-01 9.471000000000000529e-01
9.421000000000000485e-01 9.467999999999999750e-01
9.421000000000000485e-01 9.467999999999999750e-01
9.421000000000000485e-01 9.468999999999999639e-01
9.419999999999999485e-01 9.472000000000000419e-01
9.419999999999999485e-01 9.465999999999999970e-01
9.419999999999999485e-01 9.468999999999999639e-01
9.419999999999999485e-01 9.463000000000000300e-01
9.419999999999999485e-01 9.467999999999999750e-01
9.419999999999999485e-01 9.471000000000000529e-01
9.419999999999999485e-01 9.469999999999999529e-01
9.419999999999999485e-01 9.469999999999999529e-01
9.419999999999999485e-01 9.466999999999999860e-01
9.419999999999999485e-01 9.463000000000000300e-01
9.421000000000000485e-01 9.461000000000000520e-01
9.421000000000000485e-01 9.462000000000000410e-01
9.421000000000000485e-01 9.466999999999999860e-01
9.422000000000000375e-01 9.467999999999999750e-01
9.422000000000000375e-01 9.471000000000000529e-01
9.421000000000000485e-01 9.465999999999999970e-01
9.422000000000000375e-01 9.466999999999999860e-01
9.422000000000000375e-01 9.464000000000000190e-01
9.422000000000000375e-01 9.467999999999999750e-01
9.422000000000000375e-01 9.465000000000000080e-01
9.422000000000000375e-01 9.472000000000000419e-01
9.421000000000000485e-01 9.468999999999999639e-01
9.422000000000000375e-01 9.471000000000000529e-01
9.421000000000000485e-01 9.466999999999999860e-01
9.421000000000000485e-01 9.462000000000000410e-01
9.421000000000000485e-01 9.465000000000000080e-01
9.421000000000000485e-01 9.467999999999999750e-01
9.421000000000000485e-01 9.464000000000000190e-01
9.421000000000000485e-01 9.466999999999999860e-01
9.421000000000000485e-01 9.468999999999999639e-01
9.421000000000000485e-01 9.465999999999999970e-01
9.421000000000000485e-01 9.471000000000000529e-01
9.421000000000000485e-01 9.467999999999999750e-01
9.421000000000000485e-01 9.467999999999999750e-01
9.421000000000000485e-01 9.467999999999999750e-01
9.422000000000000375e-01 9.463000000000000300e-01
9.422000000000000375e-01 9.463000000000000300e-01
9.422000000000000375e-01 9.461000000000000520e-01
9.422000000000000375e-01 9.465999999999999970e-01
9.422000000000000375e-01 9.465999999999999970e-01
9.423000000000000265e-01 9.467999999999999750e-01
9.423000000000000265e-01 9.466999999999999860e-01
9.423000000000000265e-01 9.468999999999999639e-01
9.423000000000000265e-01 9.469999999999999529e-01
9.423000000000000265e-01 9.467999999999999750e-01
9.423000000000000265e-01 9.463000000000000300e-01
9.423000000000000265e-01 9.465000000000000080e-01
9.423000000000000265e-01 9.463000000000000300e-01
9.423000000000000265e-01 9.463000000000000300e-01
9.423000000000000265e-01 9.463000000000000300e-01
9.424000000000000155e-01 9.466999999999999860e-01
9.423000000000000265e-01 9.465999999999999970e-01
9.423000000000000265e-01 9.465999999999999970e-01
9.423000000000000265e-01 9.466999999999999860e-01
9.423000000000000265e-01 9.464000000000000190e-01
9.423000000000000265e-01 9.462000000000000410e-01
9.424000000000000155e-01 9.465000000000000080e-01
9.424000000000000155e-01 9.465999999999999970e-01
9.424000000000000155e-01 9.467999999999999750e-01
9.424000000000000155e-01 9.465999999999999970e-01
9.424000000000000155e-01 9.466999999999999860e-01
9.424000000000000155e-01 9.465000000000000080e-01
9.423000000000000265e-01 9.466999999999999860e-01
9.424000000000000155e-01 9.462000000000000410e-01
9.424000000000000155e-01 9.464000000000000190e-01
9.422000000000000375e-01 9.459999999999999520e-01
9.422000000000000375e-01 9.455999999999999961e-01
9.422000000000000375e-01 9.457999999999999741e-01
9.422000000000000375e-01 9.456999999999999851e-01
9.422000000000000375e-01 9.458999999999999631e-01
9.422000000000000375e-01 9.459999999999999520e-01
9.422000000000000375e-01 9.458999999999999631e-01
9.422000000000000375e-01 9.456999999999999851e-01
9.422000000000000375e-01 9.456999999999999851e-01
9.422000000000000375e-01 9.459999999999999520e-01
9.423000000000000265e-01 9.461000000000000520e-01
9.423000000000000265e-01 9.455999999999999961e-01
9.423000000000000265e-01 9.459999999999999520e-01
9.423000000000000265e-01 9.456999999999999851e-01
9.423000000000000265e-01 9.458999999999999631e-01
9.424000000000000155e-01 9.465000000000000080e-01
9.424000000000000155e-01 9.464000000000000190e-01
9.424000000000000155e-01 9.461000000000000520e-01
9.425000000000000044e-01 9.464000000000000190e-01
9.425000000000000044e-01 9.461000000000000520e-01
9.425000000000000044e-01 9.464000000000000190e-01
9.425000000000000044e-01 9.465000000000000080e-01
9.425000000000000044e-01 9.459999999999999520e-01
9.425000000000000044e-01 9.465000000000000080e-01
9.425000000000000044e-01 9.465999999999999970e-01
9.425000000000000044e-01 9.465000000000000080e-01
9.425000000000000044e-01 9.466999999999999860e-01
9.425000000000000044e-01 9.469999999999999529e-01
9.425000000000000044e-01 9.467999999999999750e-01
9.425000000000000044e-01 9.466999999999999860e-01
9.425000000000000044e-01 9.472000000000000419e-01
9.425000000000000044e-01 9.469999999999999529e-01
9.425000000000000044e-01 9.468999999999999639e-01
9.425999999999999934e-01 9.472000000000000419e-01
9.425999999999999934e-01 9.467999999999999750e-01
9.425000000000000044e-01 9.473000000000000309e-01
9.425000000000000044e-01 9.475999999999999979e-01
9.425000000000000044e-01 9.475999999999999979e-01
9.425000000000000044e-01 9.475999999999999979e-01
9.425000000000000044e-01 9.474000000000000199e-01
9.425000000000000044e-01 9.472000000000000419e-01
9.425000000000000044e-01 9.473000000000000309e-01
9.425000000000000044e-01 9.478999999999999648e-01
9.425000000000000044e-01 9.483000000000000318e-01
9.425999999999999934e-01 9.475999999999999979e-01
9.425999999999999934e-01 9.475000000000000089e-01
9.425999999999999934e-01 9.481000000000000538e-01
9.425000000000000044e-01 9.482000000000000428e-01
9.425000000000000044e-01 9.478999999999999648e-01
9.425000000000000044e-01 9.477999999999999758e-01
9.425000000000000044e-01 9.479999999999999538e-01
9.425999999999999934e-01 9.478999999999999648e-01
9.425000000000000044e-01 9.484000000000000208e-01
9.425000000000000044e-01 9.479999999999999538e-01
9.424000000000000155e-01 9.485000000000000098e-01
9.424000000000000155e-01 9.481000000000000538e-01
9.424000000000000155e-01 9.476999999999999869e-01
9.424000000000000155e-01 9.478999999999999648e-01
9.424000000000000155e-01 9.476999999999999869e-01
9.424000000000000155e-01 9.479999999999999538e-01
9.424000000000000155e-01 9.483000000000000318e-01
9.424000000000000155e-01 9.479999999999999538e-01
9.424000000000000155e-01 9.477999999999999758e-01
9.424000000000000155e-01 9.485999999999999988e-01
9.424000000000000155e-01 9.485000000000000098e-01
9.424000000000000155e-01 9.484000000000000208e-01
9.424000000000000155e-01 9.484000000000000208e-01
9.424000000000000155e-01 9.486999999999999877e-01
9.424000000000000155e-01 9.479999999999999538e-01
9.424000000000000155e-01 9.483000000000000318e-01
9.424000000000000155e-01 9.481000000000000538e-01
9.424000000000000155e-01 9.477999999999999758e-01
9.425000000000000044e-01 9.475999999999999979e-01
9.425000000000000044e-01 9.477999999999999758e-01
9.425000000000000044e-01 9.476999999999999869e-01
9.425000000000000044e-01 9.481000000000000538e-01
9.425000000000000044e-01 9.485000000000000098e-01
9.425000000000000044e-01 9.484000000000000208e-01
9.425999999999999934e-01 9.483000000000000318e-01
9.426999999999999824e-01 9.482000000000000428e-01
9.425999999999999934e-01 9.481000000000000538e-01
9.425999999999999934e-01 9.484000000000000208e-01
9.425999999999999934e-01 9.485000000000000098e-01
9.425999999999999934e-01 9.485000000000000098e-01
9.425999999999999934e-01 9.485000000000000098e-01
9.425999999999999934e-01 9.483000000000000318e-01
9.425000000000000044e-01 9.485000000000000098e-01
9.425000000000000044e-01 9.486999999999999877e-01
9.425000000000000044e-01 9.485999999999999988e-01
9.425999999999999934e-01 9.484000000000000208e-01
9.425999999999999934e-01 9.484000000000000208e-01
9.425999999999999934e-01 9.485999999999999988e-01
9.425999999999999934e-01 9.483000000000000318e-01
9.425999999999999934e-01 9.485999999999999988e-01
9.425999999999999934e-01 9.486999999999999877e-01
9.425999999999999934e-01 9.485999999999999988e-01
9.425999999999999934e-01 9.481000000000000538e-01
9.425999999999999934e-01 9.483000000000000318e-01
9.425999999999999934e-01 9.479999999999999538e-01
9.425999999999999934e-01 9.476999999999999869e-01
9.425999999999999934e-01 9.482000000000000428e-01
9.425999999999999934e-01 9.476999999999999869e-01
9.425999999999999934e-01 9.479999999999999538e-01
9.425999999999999934e-01 9.481000000000000538e-01
9.425999999999999934e-01 9.485999999999999988e-01
9.425999999999999934e-01 9.485000000000000098e-01
9.425999999999999934e-01 9.485999999999999988e-01
9.425999999999999934e-01 9.485000000000000098e-01
9.425999999999999934e-01 9.481000000000000538e-01
9.425999999999999934e-01 9.481000000000000538e-01
9.425999999999999934e-01 9.482000000000000428e-01
9.425999999999999934e-01 9.484000000000000208e-01
9.425999999999999934e-01 9.475999999999999979e-01
9.425999999999999934e-01 9.484000000000000208e-01
9.425999999999999934e-01 9.475999999999999979e-01
9.425999999999999934e-01 9.482000000000000428e-01
9.425999999999999934e-01 9.482000000000000428e-01
9.425999999999999934e-01 9.484000000000000208e-01
9.426999999999999824e-01 9.487999999999999767e-01
9.425999999999999934e-01 9.488999999999999657e-01
9.425999999999999934e-01 9.486999999999999877e-01
9.425999999999999934e-01 9.485000000000000098e-01
9.425999999999999934e-01 9.485999999999999988e-01
9.425999999999999934e-01 9.485999999999999988e-01
9.425999999999999934e-01 9.485000000000000098e-01
9.425999999999999934e-01 9.486999999999999877e-01
9.425000000000000044e-01 9.488999999999999657e-01
9.425999999999999934e-01 9.485999999999999988e-01
9.425000000000000044e-01 9.486999999999999877e-01
9.425999999999999934e-01 9.488999999999999657e-01
9.425999999999999934e-01 9.485000000000000098e-01
9.425999999999999934e-01 9.477999999999999758e-01
9.425999999999999934e-01 9.482000000000000428e-01
9.425000000000000044e-01 9.486999999999999877e-01
9.425999999999999934e-01 9.485000000000000098e-01
9.425999999999999934e-01 9.483000000000000318e-01
9.425999999999999934e-01 9.485999999999999988e-01
9.425999999999999934e-01 9.482000000000000428e-01
9.425999999999999934e-01 9.485999999999999988e-01
9.425999999999999934e-01 9.484000000000000208e-01
9.425999999999999934e-01 9.484000000000000208e-01
9.425000000000000044e-01 9.487999999999999767e-01
9.425000000000000044e-01 9.488999999999999657e-01
9.425000000000000044e-01 9.487999999999999767e-01
9.425000000000000044e-01 9.485999999999999988e-01
9.425000000000000044e-01 9.485000000000000098e-01
9.425000000000000044e-01 9.483000000000000318e-01
9.425000000000000044e-01 9.486999999999999877e-01
9.425000000000000044e-01 9.487999999999999767e-01
9.425000000000000044e-01 9.485000000000000098e-01
9.425999999999999934e-01 9.485999999999999988e-01
9.425999999999999934e-01 9.487999999999999767e-01
9.425999999999999934e-01 9.486999999999999877e-01
9.425000000000000044e-01 9.489999999999999547e-01
9.425000000000000044e-01 9.486999999999999877e-01
9.425000000000000044e-01 9.486999999999999877e-01
9.425000000000000044e-01 9.484000000000000208e-01
9.425000000000000044e-01 9.485999999999999988e-01
9.425000000000000044e-01 9.483000000000000318e-01
9.425000000000000044e-01 9.479999999999999538e-01
9.424000000000000155e-01 9.483000000000000318e-01
9.424000000000000155e-01 9.478999999999999648e-01
9.424000000000000155e-01 9.483000000000000318e-01
9.425000000000000044e-01 9.483000000000000318e-01
9.424000000000000155e-01 9.482000000000000428e-01
9.424000000000000155e-01 9.483000000000000318e-01
9.424000000000000155e-01 9.485000000000000098e-01
9.425000000000000044e-01 9.475000000000000089e-01
9.425000000000000044e-01 9.474000000000000199e-01
9.425000000000000044e-01 9.472000000000000419e-01
9.425000000000000044e-01 9.481000000000000538e-01
9.425000000000000044e-01 9.474000000000000199e-01
9.425000000000000044e-01 9.476999999999999869e-01
9.425000000000000044e-01 9.475999999999999979e-01
9.425000000000000044e-01 9.476999999999999869e-01
9.425000000000000044e-01 9.473000000000000309e-01
9.425000000000000044e-01 9.474000000000000199e-01
9.425000000000000044e-01 9.475000000000000089e-01
9.424000000000000155e-01 9.475999999999999979e-01
9.424000000000000155e-01 9.476999999999999869e-01
9.424000000000000155e-01 9.479999999999999538e-01
9.423000000000000265e-01 9.482000000000000428e-01
9.424000000000000155e-01 9.482000000000000428e-01
9.424000000000000155e-01 9.479999999999999538e-01
9.424000000000000155e-01 9.482000000000000428e-01
9.424000000000000155e-01 9.484000000000000208e-01
9.424000000000000155e-01 9.483000000000000318e-01
9.424000000000000155e-01 9.482000000000000428e-01
9.424000000000000155e-01 9.482000000000000428e-01
9.424000000000000155e-01 9.486999999999999877e-01
9.424000000000000155e-01 9.485000000000000098e-01
9.424000000000000155e-01 9.489999999999999547e-01
9.424000000000000155e-01 9.487999999999999767e-01
9.424000000000000155e-01 9.485000000000000098e-01
9.424000000000000155e-01 9.485999999999999988e-01
9.424000000000000155e-01 9.489999999999999547e-01
9.424000000000000155e-01 9.487999999999999767e-01
9.424000000000000155e-01 9.485999999999999988e-01
9.424000000000000155e-01 9.488999999999999657e-01
9.424000000000000155e-01 9.485999999999999988e-01
9.424000000000000155e-01 9.484000000000000208e-01
9.424000000000000155e-01 9.485000000000000098e-01
9.424000000000000155e-01 9.485000000000000098e-01
9.424000000000000155e-01 9.485000000000000098e-01
9.423000000000000265e-01 9.484000000000000208e-01
9.424000000000000155e-01 9.485000000000000098e-01
9.424000000000000155e-01 9.481000000000000538e-01
9.424000000000000155e-01 9.485999999999999988e-01
9.424000000000000155e-01 9.483000000000000318e-01
9.424000000000000155e-01 9.476999999999999869e-01
9.424000000000000155e-01 9.483000000000000318e-01
9.423000000000000265e-01 9.478999999999999648e-01
9.423000000000000265e-01 9.484000000000000208e-01
9.423000000000000265e-01 9.485999999999999988e-01
9.423000000000000265e-01 9.487999999999999767e-01
9.423000000000000265e-01 9.487999999999999767e-01
9.423000000000000265e-01 9.487999999999999767e-01
9.423000000000000265e-01 9.487999999999999767e-01
9.423000000000000265e-01 9.485000000000000098e-01
9.423000000000000265e-01 9.481000000000000538e-01
9.423000000000000265e-01 9.481000000000000538e-01
9.423000000000000265e-01 9.483000000000000318e-01
9.423000000000000265e-01 9.485999999999999988e-01
9.423000000000000265e-01 9.487999999999999767e-01
9.422000000000000375e-01 9.486999999999999877e-01
9.422000000000000375e-01 9.485999999999999988e-01
9.422000000000000375e-01 9.487999999999999767e-01
9.422000000000000375e-01 9.486999999999999877e-01
9.422000000000000375e-01 9.488999999999999657e-01
9.422000000000000375e-01 9.487999999999999767e-01
9.422000000000000375e-01 9.486999999999999877e-01
9.422000000000000375e-01 9.484000000000000208e-01
9.422000000000000375e-01 9.489999999999999547e-01
9.422000000000000375e-01 9.486999999999999877e-01
9.422000000000000375e-01 9.493000000000000327e-01
9.422000000000000375e-01 9.484000000000000208e-01
9.423000000000000265e-01 9.482000000000000428e-01
9.422000000000000375e-01 9.485000000000000098e-01
9.422000000000000375e-01 9.487999999999999767e-01
9.422000000000000375e-01 9.486999999999999877e-01
9.422000000000000375e-01 9.486999999999999877e-01
9.422000000000000375e-01 9.485000000000000098e-01
9.422000000000000375e-01 9.483000000000000318e-01
9.422000000000000375e-01 9.478999999999999648e-01
9.422000000000000375e-01 9.476999999999999869e-01
9.422000000000000375e-01 9.475999999999999979e-01
9.422000000000000375e-01 9.481000000000000538e-01
9.422000000000000375e-01 9.483000000000000318e-01
9.422000000000000375e-01 9.484000000000000208e-01
9.422000000000000375e-01 9.482000000000000428e-01
9.421000000000000485e-01 9.482000000000000428e-01
9.422000000000000375e-01 9.485000000000000098e-01
9.421000000000000485e-01 9.485000000000000098e-01
9.422000000000000375e-01 9.483000000000000318e-01
9.422000000000000375e-01 9.488999999999999657e-01
9.421000000000000485e-01 9.485999999999999988e-01
9.422000000000000375e-01 9.485999999999999988e-01
9.421000000000000485e-01 9.486999999999999877e-01
9.422000000000000375e-01 9.486999999999999877e-01
9.421000000000000485e-01 9.485999999999999988e-01
9.421000000000000485e-01 9.492000000000000437e-01
9.421000000000000485e-01 9.488999999999999657e-01
9.421000000000000485e-01 9.487999999999999767e-01
9.422000000000000375e-01 9.487999999999999767e-01
9.422000000000000375e-01 9.486999999999999877e-01
9.422000000000000375e-01 9.489999999999999547e-01
9.422000000000000375e-01 9.488999999999999657e-01
9.422000000000000375e-01 9.491000000000000547e-01
9.423000000000000265e-01 9.487999999999999767e-01
9.423000000000000265e-01 9.486999999999999877e-01
9.423000000000000265e-01 9.488999999999999657e-01
9.423000000000000265e-01 9.485999999999999988e-01
9.423000000000000265e-01 9.484000000000000208e-01
9.423000000000000265e-01 9.483000000000000318e-01
9.423000000000000265e-01 9.486999999999999877e-01
9.424000000000000155e-01 9.486999999999999877e-01
9.424000000000000155e-01 9.487999999999999767e-01
9.424000000000000155e-01 9.486999999999999877e-01
9.424000000000000155e-01 9.486999999999999877e-01
9.423000000000000265e-01 9.485999999999999988e-01
9.424000000000000155e-01 9.487999999999999767e-01
9.423000000000000265e-01 9.485999999999999988e-01
9.424000000000000155e-01 9.484000000000000208e-01
9.424000000000000155e-01 9.479999999999999538e-01
9.424000000000000155e-01 9.483000000000000318e-01
9.423000000000000265e-01 9.482000000000000428e-01
9.423000000000000265e-01 9.484000000000000208e-01
9.423000000000000265e-01 9.484000000000000208e-01
9.423000000000000265e-01 9.485000000000000098e-01
9.424000000000000155e-01 9.484000000000000208e-01
9.423000000000000265e-01 9.488999999999999657e-01
9.423000000000000265e-01 9.482000000000000428e-01
9.424000000000000155e-01 9.482000000000000428e-01
9.424000000000000155e-01 9.485999999999999988e-01
9.423000000000000265e-01 9.485999999999999988e-01
9.424000000000000155e-01 9.483000000000000318e-01
9.424000000000000155e-01 9.482000000000000428e-01
9.424000000000000155e-01 9.484000000000000208e-01
9.424000000000000155e-01 9.483000000000000318e-01
9.424000000000000155e-01 9.483000000000000318e-01
9.424000000000000155e-01 9.482000000000000428e-01
9.424000000000000155e-01 9.484000000000000208e-01
9.424000000000000155e-01 9.485000000000000098e-01
9.424000000000000155e-01 9.485000000000000098e-01
9.424000000000000155e-01 9.485999999999999988e-01
9.425000000000000044e-01 9.484000000000000208e-01
9.425999999999999934e-01 9.488999999999999657e-01
9.425999999999999934e-01 9.488999999999999657e-01
9.425999999999999934e-01 9.486999999999999877e-01
9.425999999999999934e-01 9.486999999999999877e-01
9.425000000000000044e-01 9.486999999999999877e-01
9.425999999999999934e-01 9.485999999999999988e-01
9.425999999999999934e-01 9.486999999999999877e-01
9.425999999999999934e-01 9.487999999999999767e-01
9.425999999999999934e-01 9.486999999999999877e-01
9.425999999999999934e-01 9.485000000000000098e-01
9.425999999999999934e-01 9.478999999999999648e-01
9.425999999999999934e-01 9.477999999999999758e-01
9.425999999999999934e-01 9.482000000000000428e-01
9.425999999999999934e-01 9.482000000000000428e-01
9.425999999999999934e-01 9.485000000000000098e-01
9.425999999999999934e-01 9.477999999999999758e-01
9.425999999999999934e-01 9.479999999999999538e-01
9.425999999999999934e-01 9.475000000000000089e-01
9.425999999999999934e-01 9.475999999999999979e-01
9.425999999999999934e-01 9.473000000000000309e-01
9.425999999999999934e-01 9.475000000000000089e-01
9.425999999999999934e-01 9.476999999999999869e-01
9.425999999999999934e-01 9.477999999999999758e-01
9.425999999999999934e-01 9.479999999999999538e-01
9.425999999999999934e-01 9.479999999999999538e-01
9.425999999999999934e-01 9.482000000000000428e-01
9.425999999999999934e-01 9.477999999999999758e-01
9.425999999999999934e-01 9.482000000000000428e-01
9.426999999999999824e-01 9.482000000000000428e-01
9.426999999999999824e-01 9.485999999999999988e-01
9.426999999999999824e-01 9.485999999999999988e-01
9.426999999999999824e-01 9.484000000000000208e-01
9.425999999999999934e-01 9.487999999999999767e-01
9.425999999999999934e-01 9.488999999999999657e-01
9.425999999999999934e-01 9.485000000000000098e-01
9.425999999999999934e-01 9.484000000000000208e-01
9.425999999999999934e-01 9.486999999999999877e-01
9.425999999999999934e-01 9.483000000000000318e-01
9.425999999999999934e-01 9.481000000000000538e-01
9.425999999999999934e-01 9.486999999999999877e-01
9.425999999999999934e-01 9.485000000000000098e-01
9.425999999999999934e-01 9.484000000000000208e-01
9.425999999999999934e-01 9.482000000000000428e-01
9.425999999999999934e-01 9.483000000000000318e-01
9.425999999999999934e-01 9.481000000000000538e-01
9.425999999999999934e-01 9.481000000000000538e-01
9.425999999999999934e-01 9.477999999999999758e-01
9.425999999999999934e-01 9.475000000000000089e-01
9.425999999999999934e-01 9.482000000000000428e-01
9.426999999999999824e-01 9.482000000000000428e-01
9.425999999999999934e-01 9.474000000000000199e-01
9.425999999999999934e-01 9.476999999999999869e-01
9.425999999999999934e-01 9.474000000000000199e-01
9.425999999999999934e-01 9.469999999999999529e-01
9.425000000000000044e-01 9.471000000000000529e-01
9.425999999999999934e-01 9.468999999999999639e-01
9.425999999999999934e-01 9.471000000000000529e-01
9.425999999999999934e-01 9.472000000000000419e-01
9.425999999999999934e-01 9.478999999999999648e-01
9.425999999999999934e-01 9.482000000000000428e-01
9.425000000000000044e-01 9.479999999999999538e-01
9.425000000000000044e-01 9.474000000000000199e-01
9.425000000000000044e-01 9.472000000000000419e-01
9.425000000000000044e-01 9.476999999999999869e-01
9.425000000000000044e-01 9.473000000000000309e-01
9.425000000000000044e-01 9.471000000000000529e-01
9.425000000000000044e-01 9.468999999999999639e-01
9.425000000000000044e-01 9.469999999999999529e-01
9.425999999999999934e-01 9.465000000000000080e-01
9.426999999999999824e-01 9.473000000000000309e-01
9.425999999999999934e-01 9.474000000000000199e-01
9.425000000000000044e-01 9.475999999999999979e-01
9.425000000000000044e-01 9.475000000000000089e-01
9.425000000000000044e-01 9.478999999999999648e-01
9.425000000000000044e-01 9.476999999999999869e-01
9.425000000000000044e-01 9.474000000000000199e-01
9.425000000000000044e-01 9.475999999999999979e-01
9.425000000000000044e-01 9.476999999999999869e-01
9.425000000000000044e-01 9.473000000000000309e-01
9.425000000000000044e-01 9.478999999999999648e-01
9.425000000000000044e-01 9.481000000000000538e-01
9.425000000000000044e-01 9.484000000000000208e-01
9.425000000000000044e-01 9.478999999999999648e-01
9.425000000000000044e-01 9.478999999999999648e-01
9.425000000000000044e-01 9.484000000000000208e-01
9.425000000000000044e-01 9.482000000000000428e-01
9.425000000000000044e-01 9.482000000000000428e-01
9.425000000000000044e-01 9.485999999999999988e-01
9.425000000000000044e-01 9.482000000000000428e-01
9.425000000000000044e-01 9.483000000000000318e-01
9.425000000000000044e-01 9.487999999999999767e-01
9.425000000000000044e-01 9.486999999999999877e-01
9.425000000000000044e-01 9.488999999999999657e-01
9.425000000000000044e-01 9.486999999999999877e-01
9.425000000000000044e-01 9.485999999999999988e-01
9.425000000000000044e-01 9.478999999999999648e-01
9.425000000000000044e-01 9.478999999999999648e-01
9.425000000000000044e-01 9.476999999999999869e-01
9.425000000000000044e-01 9.476999999999999869e-01
9.425000000000000044e-01 9.475999999999999979e-01
9.425000000000000044e-01 9.482000000000000428e-01
9.425999999999999934e-01 9.484000000000000208e-01
9.425999999999999934e-01 9.477999999999999758e-01
9.425000000000000044e-01 9.485000000000000098e-01
9.425000000000000044e-01 9.479999999999999538e-01
9.425000000000000044e-01 9.478999999999999648e-01
9.425000000000000044e-01 9.478999999999999648e-01
9.425000000000000044e-01 9.478999999999999648e-01
9.425000000000000044e-01 9.484000000000000208e-01
9.425000000000000044e-01 9.485999999999999988e-01
9.425000000000000044e-01 9.485999999999999988e-01
9.425000000000000044e-01 9.485999999999999988e-01
9.425000000000000044e-01 9.485000000000000098e-01
9.425000000000000044e-01 9.486999999999999877e-01
9.425000000000000044e-01 9.486999999999999877e-01
9.425000000000000044e-01 9.489999999999999547e-01
9.425000000000000044e-01 9.487999999999999767e-01
9.425000000000000044e-01 9.489999999999999547e-01
9.424000000000000155e-01 9.489999999999999547e-01
9.424000000000000155e-01 9.493000000000000327e-01
9.425000000000000044e-01 9.489999999999999547e-01
9.425000000000000044e-01 9.491000000000000547e-01
9.425000000000000044e-01 9.493000000000000327e-01
9.425000000000000044e-01 9.491000000000000547e-01
9.425999999999999934e-01 9.489999999999999547e-01
9.425000000000000044e-01 9.491000000000000547e-01
9.425000000000000044e-01 9.487999999999999767e-01
9.425000000000000044e-01 9.492000000000000437e-01
9.425000000000000044e-01 9.491000000000000547e-01
9.425000000000000044e-01 9.487999999999999767e-01
9.425000000000000044e-01 9.484000000000000208e-01
9.424000000000000155e-01 9.482000000000000428e-01
9.424000000000000155e-01 9.484000000000000208e-01
9.424000000000000155e-01 9.483000000000000318e-01
9.424000000000000155e-01 9.487999999999999767e-01
9.424000000000000155e-01 9.483000000000000318e-01
9.424000000000000155e-01 9.484000000000000208e-01
9.424000000000000155e-01 9.487999999999999767e-01
9.425000000000000044e-01 9.488999999999999657e-01
9.425000000000000044e-01 9.482000000000000428e-01
9.425999999999999934e-01 9.482000000000000428e-01
9.425999999999999934e-01 9.479999999999999538e-01
9.425999999999999934e-01 9.483000000000000318e-01
9.425999999999999934e-01 9.485999999999999988e-01
9.425000000000000044e-01 9.485999999999999988e-01
9.425000000000000044e-01 9.482000000000000428e-01
9.425000000000000044e-01 9.481000000000000538e-01
9.425000000000000044e-01 9.485000000000000098e-01
9.425000000000000044e-01 9.486999999999999877e-01
9.425000000000000044e-01 9.486999999999999877e-01
9.425000000000000044e-01 9.483000000000000318e-01
9.425000000000000044e-01 9.485999999999999988e-01
9.425000000000000044e-01 9.484000000000000208e-01
9.425000000000000044e-01 9.479999999999999538e-01
9.425000000000000044e-01 9.481000000000000538e-01
9.425000000000000044e-01 9.478999999999999648e-01
9.425000000000000044e-01 9.485000000000000098e-01
9.425000000000000044e-01 9.485000000000000098e-01
9.425000000000000044e-01 9.486999999999999877e-01
9.425000000000000044e-01 9.485000000000000098e-01
9.425999999999999934e-01 9.487999999999999767e-01
9.425999999999999934e-01 9.488999999999999657e-01
9.426999999999999824e-01 9.492000000000000437e-01
9.426999999999999824e-01 9.494000000000000217e-01
9.426999999999999824e-01 9.487999999999999767e-01
9.426999999999999824e-01 9.492000000000000437e-01
9.426999999999999824e-01 9.492000000000000437e-01
9.426999999999999824e-01 9.485999999999999988e-01
9.426999999999999824e-01 9.483000000000000318e-01
9.425999999999999934e-01 9.486999999999999877e-01
9.426999999999999824e-01 9.482000000000000428e-01
9.426999999999999824e-01 9.478999999999999648e-01
9.426999999999999824e-01 9.479999999999999538e-01
9.426999999999999824e-01 9.481000000000000538e-01
9.426999999999999824e-01 9.481000000000000538e-01
9.426999999999999824e-01 9.483000000000000318e-01
9.426999999999999824e-01 9.483000000000000318e-01
9.426999999999999824e-01 9.483000000000000318e-01
9.426999999999999824e-01 9.483000000000000318e-01
9.426999999999999824e-01 9.482000000000000428e-01
9.426999999999999824e-01 9.478999999999999648e-01
9.425999999999999934e-01 9.476999999999999869e-01
9.425000000000000044e-01 9.475999999999999979e-01
9.426999999999999824e-01 9.475000000000000089e-01
9.425999999999999934e-01 9.474000000000000199e-01
9.425999999999999934e-01 9.478999999999999648e-01
9.425999999999999934e-01 9.476999999999999869e-01
9.425999999999999934e-01 9.481000000000000538e-01
9.425999999999999934e-01 9.481000000000000538e-01
9.425999999999999934e-01 9.474000000000000199e-01
9.425999999999999934e-01 9.483000000000000318e-01
9.425999999999999934e-01 9.476999999999999869e-01
9.427999999999999714e-01 9.476999999999999869e-01
9.427999999999999714e-01 9.476999999999999869e-01
9.427999999999999714e-01 9.479999999999999538e-01
9.427999999999999714e-01 9.475000000000000089e-01
9.428999999999999604e-01 9.477999999999999758e-01
9.428999999999999604e-01 9.475000000000000089e-01
9.428999999999999604e-01 9.473000000000000309e-01
9.428999999999999604e-01 9.474000000000000199e-01
9.428999999999999604e-01 9.475999999999999979e-01
9.428999999999999604e-01 9.474000000000000199e-01
9.428999999999999604e-01 9.474000000000000199e-01
9.428999999999999604e-01 9.472000000000000419e-01
9.428999999999999604e-01 9.473000000000000309e-01
9.428999999999999604e-01 9.472000000000000419e-01
9.428999999999999604e-01 9.475000000000000089e-01
9.428999999999999604e-01 9.476999999999999869e-01
9.428999999999999604e-01 9.477999999999999758e-01
9.428999999999999604e-01 9.476999999999999869e-01
9.428999999999999604e-01 9.475000000000000089e-01
9.427999999999999714e-01 9.474000000000000199e-01
9.426999999999999824e-01 9.482000000000000428e-01
9.426999999999999824e-01 9.479999999999999538e-01
9.426999999999999824e-01 9.482000000000000428e-01
9.426999999999999824e-01 9.482000000000000428e-01
9.426999999999999824e-01 9.477999999999999758e-01
9.426999999999999824e-01 9.478999999999999648e-01
9.426999999999999824e-01 9.481000000000000538e-01
9.426999999999999824e-01 9.475000000000000089e-01
9.426999999999999824e-01 9.479999999999999538e-01
9.426999999999999824e-01 9.477999999999999758e-01
9.426999999999999824e-01 9.476999999999999869e-01
9.426999999999999824e-01 9.479999999999999538e-01
9.426999999999999824e-01 9.475000000000000089e-01
9.426999999999999824e-01 9.472000000000000419e-01
9.426999999999999824e-01 9.474000000000000199e-01
9.426999999999999824e-01 9.477999999999999758e-01
9.426999999999999824e-01 9.477999999999999758e-01
9.426999999999999824e-01 9.483000000000000318e-01
9.426999999999999824e-01 9.486999999999999877e-01
9.427999999999999714e-01 9.485000000000000098e-01
9.427999999999999714e-01 9.485000000000000098e-01
9.427999999999999714e-01 9.483000000000000318e-01
9.427999999999999714e-01 9.477999999999999758e-01
9.427999999999999714e-01 9.482000000000000428e-01
9.427999999999999714e-01 9.485000000000000098e-01
9.427999999999999714e-01 9.476999999999999869e-01
9.427999999999999714e-01 9.472000000000000419e-01
9.427999999999999714e-01 9.479999999999999538e-01
9.427999999999999714e-01 9.476999999999999869e-01
9.427999999999999714e-01 9.471000000000000529e-01
9.427999999999999714e-01 9.465000000000000080e-01
9.427999999999999714e-01 9.467999999999999750e-01
9.427999999999999714e-01 9.464000000000000190e-01
9.427999999999999714e-01 9.466999999999999860e-01
9.427999999999999714e-01 9.465000000000000080e-01
9.427999999999999714e-01 9.469999999999999529e-01
9.427999999999999714e-01 9.474000000000000199e-01
9.428999999999999604e-01 9.469999999999999529e-01
9.428999999999999604e-01 9.478999999999999648e-01
9.428999999999999604e-01 9.475000000000000089e-01
9.428999999999999604e-01 9.474000000000000199e-01
9.427999999999999714e-01 9.473000000000000309e-01
9.427999999999999714e-01 9.473000000000000309e-01
9.427999999999999714e-01 9.472000000000000419e-01
9.427999999999999714e-01 9.479999999999999538e-01
9.427999999999999714e-01 9.475000000000000089e-01
9.427999999999999714e-01 9.475999999999999979e-01
9.427999999999999714e-01 9.477999999999999758e-01
9.426999999999999824e-01 9.478999999999999648e-01
9.427999999999999714e-01 9.479999999999999538e-01
9.426999999999999824e-01 9.482000000000000428e-01
9.426999999999999824e-01 9.475999999999999979e-01
9.426999999999999824e-01 9.479999999999999538e-01
9.426999999999999824e-01 9.475999999999999979e-01
9.426999999999999824e-01 9.473000000000000309e-01
9.426999999999999824e-01 9.474000000000000199e-01
9.426999999999999824e-01 9.474000000000000199e-01
9.426999999999999824e-01 9.475999999999999979e-01
9.426999999999999824e-01 9.478999999999999648e-01
9.426999999999999824e-01 9.484000000000000208e-01
9.426999999999999824e-01 9.481000000000000538e-01
9.426999999999999824e-01 9.478999999999999648e-01
9.426999999999999824e-01 9.479999999999999538e-01
9.426999999999999824e-01 9.475999999999999979e-01
9.427999999999999714e-01 9.478999999999999648e-01
9.426999999999999824e-01 9.476999999999999869e-01
9.426999999999999824e-01 9.477999999999999758e-01
9.426999999999999824e-01 9.468999999999999639e-01
9.426999999999999824e-01 9.471000000000000529e-01
9.426999999999999824e-01 9.464000000000000190e-01
9.426999999999999824e-01 9.466999999999999860e-01
9.426999999999999824e-01 9.466999999999999860e-01
9.426999999999999824e-01 9.468999999999999639e-01
9.426999999999999824e-01 9.471000000000000529e-01
9.426999999999999824e-01 9.475000000000000089e-01
9.426999999999999824e-01 9.475999999999999979e-01
9.425999999999999934e-01 9.477999999999999758e-01
9.425999999999999934e-01 9.479999999999999538e-01
9.425999999999999934e-01 9.476999999999999869e-01
9.425999999999999934e-01 9.476999999999999869e-01
9.425999999999999934e-01 9.475999999999999979e-01
9.425999999999999934e-01 9.471000000000000529e-01
9.425999999999999934e-01 9.479999999999999538e-01
9.425999999999999934e-01 9.482000000000000428e-01
9.425999999999999934e-01 9.478999999999999648e-01
9.425999999999999934e-01 9.482000000000000428e-01
9.425999999999999934e-01 9.485000000000000098e-01
9.425999999999999934e-01 9.485999999999999988e-01
9.425999999999999934e-01 9.485999999999999988e-01
9.425999999999999934e-01 9.479999999999999538e-01
9.425999999999999934e-01 9.483000000000000318e-01
9.425999999999999934e-01 9.486999999999999877e-01
9.425999999999999934e-01 9.479999999999999538e-01
9.425999999999999934e-01 9.482000000000000428e-01
9.425999999999999934e-01 9.482000000000000428e-01
9.425999999999999934e-01 9.483000000000000318e-01
9.425999999999999934e-01 9.479999999999999538e-01
9.425999999999999934e-01 9.483000000000000318e-01
9.425999999999999934e-01 9.484000000000000208e-01
9.425999999999999934e-01 9.487999999999999767e-01
9.425999999999999934e-01 9.486999999999999877e-01
9.425999999999999934e-01 9.483000000000000318e-01
9.425999999999999934e-01 9.486999999999999877e-01
9.425999999999999934e-01 9.493000000000000327e-01
9.425999999999999934e-01 9.494000000000000217e-01
9.425999999999999934e-01 9.494000000000000217e-01
9.425999999999999934e-01 9.492000000000000437e-01
9.425999999999999934e-01 9.486999999999999877e-01
9.425999999999999934e-01 9.487999999999999767e-01
9.425999999999999934e-01 9.488999999999999657e-01
9.425999999999999934e-01 9.491000000000000547e-01
9.425999999999999934e-01 9.485999999999999988e-01
9.425999999999999934e-01 9.487999999999999767e-01
9.425999999999999934e-01 9.487999999999999767e-01
9.425999999999999934e-01 9.484000000000000208e-01
9.425999999999999934e-01 9.483000000000000318e-01
9.425999999999999934e-01 9.484000000000000208e-01
9.425999999999999934e-01 9.483000000000000318e-01
9.425999999999999934e-01 9.485999999999999988e-01
9.425999999999999934e-01 9.485999999999999988e-01
9.425999999999999934e-01 9.483000000000000318e-01
9.425999999999999934e-01 9.487999999999999767e-01
9.425999999999999934e-01 9.487999999999999767e-01
9.425999999999999934e-01 9.488999999999999657e-01
9.425999999999999934e-01 9.485000000000000098e-01
9.425999999999999934e-01 9.485999999999999988e-01
9.425999999999999934e-01 9.483000000000000318e-01
9.425999999999999934e-01 9.484000000000000208e-01
9.425999999999999934e-01 9.484000000000000208e-01
9.425999999999999934e-01 9.486999999999999877e-01
9.425999999999999934e-01 9.484000000000000208e-01
9.425999999999999934e-01 9.486999999999999877e-01
9.425999999999999934e-01 9.492000000000000437e-01
9.425999999999999934e-01 9.488999999999999657e-01
9.425999999999999934e-01 9.491000000000000547e-01
9.425999999999999934e-01 9.494000000000000217e-01
9.425999999999999934e-01 9.489999999999999547e-01
9.425999999999999934e-01 9.489999999999999547e-01
9.425999999999999934e-01 9.492000000000000437e-01
9.425999999999999934e-01 9.486999999999999877e-01
9.423000000000000265e-01 9.485999999999999988e-01
9.423000000000000265e-01 9.488999999999999657e-01
9.423000000000000265e-01 9.489999999999999547e-01
9.423000000000000265e-01 9.494000000000000217e-01
9.422000000000000375e-01 9.496999999999999886e-01
9.422000000000000375e-01 9.487999999999999767e-01
9.422000000000000375e-01 9.494000000000000217e-01
9.422000000000000375e-01 9.492000000000000437e-01
9.421000000000000485e-01 9.493000000000000327e-01
9.422000000000000375e-01 9.492000000000000437e-01
9.422000000000000375e-01 9.489999999999999547e-01
9.422000000000000375e-01 9.491000000000000547e-01
9.422000000000000375e-01 9.488999999999999657e-01
9.422000000000000375e-01 9.489999999999999547e-01
9.423000000000000265e-01 9.491000000000000547e-01
9.423000000000000265e-01 9.491000000000000547e-01
9.423000000000000265e-01 9.492000000000000437e-01
9.423000000000000265e-01 9.492000000000000437e-01
9.424000000000000155e-01 9.496999999999999886e-01
9.425000000000000044e-01 9.495000000000000107e-01
9.425000000000000044e-01 9.495000000000000107e-01
9.424000000000000155e-01 9.495999999999999996e-01
9.424000000000000155e-01 9.494000000000000217e-01
9.424000000000000155e-01 9.498999999999999666e-01
9.425000000000000044e-01 9.491000000000000547e-01
9.425000000000000044e-01 9.493000000000000327e-01
9.425000000000000044e-01 9.495000000000000107e-01
9.425000000000000044e-01 9.496999999999999886e-01
9.425000000000000044e-01 9.504000000000000226e-01
9.425000000000000044e-01 9.500999999999999446e-01
9.425000000000000044e-01 9.498999999999999666e-01
9.425000000000000044e-01 9.495999999999999996e-01
9.425000000000000044e-01 9.495999999999999996e-01
9.425000000000000044e-01 9.489999999999999547e-01
9.425000000000000044e-01 9.489999999999999547e-01
9.425000000000000044e-01 9.494000000000000217e-01
9.425000000000000044e-01 9.492000000000000437e-01
9.425000000000000044e-01 9.489999999999999547e-01
9.424000000000000155e-01 9.485999999999999988e-01
9.424000000000000155e-01 9.488999999999999657e-01
9.424000000000000155e-01 9.486999999999999877e-01
9.424000000000000155e-01 9.485000000000000098e-01
9.424000000000000155e-01 9.479999999999999538e-01
9.424000000000000155e-01 9.482000000000000428e-01
9.424000000000000155e-01 9.481000000000000538e-01
9.424000000000000155e-01 9.479999999999999538e-01
9.424000000000000155e-01 9.477999999999999758e-01
9.424000000000000155e-01 9.481000000000000538e-01
9.424000000000000155e-01 9.483000000000000318e-01
9.424000000000000155e-01 9.483000000000000318e-01
9.423000000000000265e-01 9.479999999999999538e-01
9.423000000000000265e-01 9.478999999999999648e-01
9.423000000000000265e-01 9.485000000000000098e-01
9.423000000000000265e-01 9.484000000000000208e-01
9.422000000000000375e-01 9.485000000000000098e-01
9.422000000000000375e-01 9.485999999999999988e-01
9.422000000000000375e-01 9.486999999999999877e-01
9.422000000000000375e-01 9.487999999999999767e-01
9.422000000000000375e-01 9.485000000000000098e-01
9.422000000000000375e-01 9.486999999999999877e-01
9.421000000000000485e-01 9.484000000000000208e-01
9.422000000000000375e-01 9.489999999999999547e-01
9.422000000000000375e-01 9.483000000000000318e-01
9.422000000000000375e-01 9.485000000000000098e-01
9.422000000000000375e-01 9.479999999999999538e-01
9.422000000000000375e-01 9.477999999999999758e-01
9.422000000000000375e-01 9.481000000000000538e-01
9.422000000000000375e-01 9.479999999999999538e-01
9.422000000000000375e-01 9.483000000000000318e-01
9.422000000000000375e-01 9.481000000000000538e-01
9.422000000000000375e-01 9.479999999999999538e-01
9.422000000000000375e-01 9.482000000000000428e-01
9.422000000000000375e-01 9.483000000000000318e-01
9.422000000000000375e-01 9.485000000000000098e-01
9.422000000000000375e-01 9.478999999999999648e-01
9.422000000000000375e-01 9.482000000000000428e-01
9.422000000000000375e-01 9.486999999999999877e-01
9.421000000000000485e-01 9.488999999999999657e-01
9.421000000000000485e-01 9.487999999999999767e-01
9.421000000000000485e-01 9.483000000000000318e-01
9.421000000000000485e-01 9.481000000000000538e-01
9.421000000000000485e-01 9.483000000000000318e-01
9.421000000000000485e-01 9.483000000000000318e-01
9.421000000000000485e-01 9.485000000000000098e-01
9.421000000000000485e-01 9.485000000000000098e-01
9.421000000000000485e-01 9.484000000000000208e-01
9.421000000000000485e-01 9.483000000000000318e-01
9.421000000000000485e-01 9.485999999999999988e-01
9.421000000000000485e-01 9.481000000000000538e-01
9.421000000000000485e-01 9.483000000000000318e-01
9.421000000000000485e-01 9.481000000000000538e-01
9.421000000000000485e-01 9.485999999999999988e-01
9.421000000000000485e-01 9.485000000000000098e-01
9.421000000000000485e-01 9.486999999999999877e-01
9.421000000000000485e-01 9.485000000000000098e-01
9.421000000000000485e-01 9.482000000000000428e-01
9.421000000000000485e-01 9.485000000000000098e-01
9.421000000000000485e-01 9.485000000000000098e-01
9.421000000000000485e-01 9.481000000000000538e-01
9.421000000000000485e-01 9.482000000000000428e-01
9.421000000000000485e-01 9.475000000000000089e-01
9.421000000000000485e-01 9.476999999999999869e-01
9.419999999999999485e-01 9.477999999999999758e-01
9.421000000000000485e-01 9.475999999999999979e-01
9.421000000000000485e-01 9.479999999999999538e-01
9.421000000000000485e-01 9.481000000000000538e-01
9.421000000000000485e-01 9.479999999999999538e-01
9.421000000000000485e-01 9.479999999999999538e-01
9.421000000000000485e-01 9.482000000000000428e-01
9.421000000000000485e-01 9.476999999999999869e-01
9.421000000000000485e-01 9.477999999999999758e-01
9.422000000000000375e-01 9.482000000000000428e-01
9.422000000000000375e-01 9.483000000000000318e-01
9.422000000000000375e-01 9.484000000000000208e-01
9.422000000000000375e-01 9.481000000000000538e-01
9.422000000000000375e-01 9.477999999999999758e-01
9.422000000000000375e-01 9.477999999999999758e-01
9.422000000000000375e-01 9.472000000000000419e-01
9.422000000000000375e-01 9.469999999999999529e-01
9.422000000000000375e-01 9.465999999999999970e-01
9.422000000000000375e-01 9.472000000000000419e-01
9.422000000000000375e-01 9.473000000000000309e-01
9.422000000000000375e-01 9.467999999999999750e-01
9.422000000000000375e-01 9.475999999999999979e-01
9.422000000000000375e-01 9.475999999999999979e-01
9.422000000000000375e-01 9.477999999999999758e-01
9.422000000000000375e-01 9.479999999999999538e-01
9.422000000000000375e-01 9.482000000000000428e-01
9.422000000000000375e-01 9.478999999999999648e-01
9.422000000000000375e-01 9.485000000000000098e-01
9.421000000000000485e-01 9.485999999999999988e-01
9.422000000000000375e-01 9.478999999999999648e-01
9.422000000000000375e-01 9.483000000000000318e-01
9.422000000000000375e-01 9.485000000000000098e-01
9.421000000000000485e-01 9.482000000000000428e-01
9.421000000000000485e-01 9.485000000000000098e-01
9.421000000000000485e-01 9.481000000000000538e-01
9.421000000000000485e-01 9.477999999999999758e-01
9.419999999999999485e-01 9.475999999999999979e-01
9.419999999999999485e-01 9.476999999999999869e-01
9.419999999999999485e-01 9.475999999999999979e-01
9.419999999999999485e-01 9.483000000000000318e-01
9.419999999999999485e-01 9.479999999999999538e-01
9.419999999999999485e-01 9.476999999999999869e-01
9.419999999999999485e-01 9.475999999999999979e-01
9.419999999999999485e-01 9.472000000000000419e-01
9.419999999999999485e-01 9.474000000000000199e-01
9.419999999999999485e-01 9.476999999999999869e-01
9.419999999999999485e-01 9.481000000000000538e-01
9.419999999999999485e-01 9.477999999999999758e-01
9.419999999999999485e-01 9.485000000000000098e-01
9.419999999999999485e-01 9.491000000000000547e-01
9.419999999999999485e-01 9.488999999999999657e-01
9.419999999999999485e-01 9.483000000000000318e-01
9.419999999999999485e-01 9.486999999999999877e-01
9.418999999999999595e-01 9.485000000000000098e-01
9.418999999999999595e-01 9.486999999999999877e-01
9.418999999999999595e-01 9.485999999999999988e-01
9.418999999999999595e-01 9.488999999999999657e-01
9.418999999999999595e-01 9.485000000000000098e-01
9.418999999999999595e-01 9.487999999999999767e-01
9.419999999999999485e-01 9.485000000000000098e-01
9.419999999999999485e-01 9.484000000000000208e-01
9.419999999999999485e-01 9.483000000000000318e-01
9.419999999999999485e-01 9.478999999999999648e-01
9.419999999999999485e-01 9.478999999999999648e-01
9.419999999999999485e-01 9.482000000000000428e-01
9.419999999999999485e-01 9.483000000000000318e-01
9.421000000000000485e-01 9.485000000000000098e-01
9.421000000000000485e-01 9.485000000000000098e-01
9.421000000000000485e-01 9.487999999999999767e-01
9.423000000000000265e-01 9.484000000000000208e-01
9.423000000000000265e-01 9.481000000000000538e-01
9.423000000000000265e-01 9.484000000000000208e-01
9.423000000000000265e-01 9.484000000000000208e-01
9.423000000000000265e-01 9.487999999999999767e-01
9.423000000000000265e-01 9.486999999999999877e-01
9.423000000000000265e-01 9.493000000000000327e-01
9.423000000000000265e-01 9.494000000000000217e-01
9.424000000000000155e-01 9.495999999999999996e-01
9.424000000000000155e-01 9.495000000000000107e-01
9.423000000000000265e-01 9.491000000000000547e-01
9.423000000000000265e-01 9.487999999999999767e-01
9.423000000000000265e-01 9.489999999999999547e-01
9.423000000000000265e-01 9.484000000000000208e-01
9.423000000000000265e-01 9.485999999999999988e-01
9.423000000000000265e-01 9.483000000000000318e-01
9.423000000000000265e-01 9.483000000000000318e-01
9.423000000000000265e-01 9.479999999999999538e-01
9.423000000000000265e-01 9.478999999999999648e-01
9.423000000000000265e-01 9.477999999999999758e-01
9.423000000000000265e-01 9.477999999999999758e-01
9.423000000000000265e-01 9.475999999999999979e-01
9.422000000000000375e-01 9.478999999999999648e-01
9.422000000000000375e-01 9.476999999999999869e-01
9.423000000000000265e-01 9.475000000000000089e-01
9.423000000000000265e-01 9.474000000000000199e-01
9.423000000000000265e-01 9.472000000000000419e-01
9.423000000000000265e-01 9.468999999999999639e-01
9.423000000000000265e-01 9.473000000000000309e-01
9.423000000000000265e-01 9.473000000000000309e-01
9.423000000000000265e-01 9.473000000000000309e-01
9.423000000000000265e-01 9.471000000000000529e-01
9.423000000000000265e-01 9.466999999999999860e-01
9.424000000000000155e-01 9.472000000000000419e-01
9.424000000000000155e-01 9.471000000000000529e-01
9.424000000000000155e-01 9.475000000000000089e-01
9.424000000000000155e-01 9.478999999999999648e-01
9.424000000000000155e-01 9.478999999999999648e-01
9.424000000000000155e-01 9.477999999999999758e-01
9.424000000000000155e-01 9.481000000000000538e-01
9.424000000000000155e-01 9.476999999999999869e-01
9.424000000000000155e-01 9.472000000000000419e-01
9.424000000000000155e-01 9.475000000000000089e-01
9.424000000000000155e-01 9.472000000000000419e-01
9.424000000000000155e-01 9.475999999999999979e-01
9.424000000000000155e-01 9.475000000000000089e-01
9.424000000000000155e-01 9.476999999999999869e-01
9.425000000000000044e-01 9.478999999999999648e-01
9.425000000000000044e-01 9.476999999999999869e-01
9.425999999999999934e-01 9.476999999999999869e-01
9.425999999999999934e-01 9.479999999999999538e-01
9.425999999999999934e-01 9.478999999999999648e-01
9.425999999999999934e-01 9.481000000000000538e-01
9.425999999999999934e-01 9.483000000000000318e-01
9.425000000000000044e-01 9.484000000000000208e-01
9.425000000000000044e-01 9.481000000000000538e-01
9.425000000000000044e-01 9.481000000000000538e-01
9.425000000000000044e-01 9.478999999999999648e-01
9.425000000000000044e-01 9.484000000000000208e-01
9.425000000000000044e-01 9.482000000000000428e-01
9.425000000000000044e-01 9.485000000000000098e-01
9.425000000000000044e-01 9.487999999999999767e-01
9.425000000000000044e-01 9.491000000000000547e-01
9.425000000000000044e-01 9.486999999999999877e-01
9.425000000000000044e-01 9.482000000000000428e-01
9.425000000000000044e-01 9.482000000000000428e-01
9.425000000000000044e-01 9.484000000000000208e-01
9.425000000000000044e-01 9.486999999999999877e-01
9.425000000000000044e-01 9.486999999999999877e-01
9.425000000000000044e-01 9.484000000000000208e-01
9.425000000000000044e-01 9.487999999999999767e-01
9.425000000000000044e-01 9.492000000000000437e-01
9.425000000000000044e-01 9.488999999999999657e-01
9.425000000000000044e-01 9.485999999999999988e-01
9.425000000000000044e-01 9.491000000000000547e-01
9.425000000000000044e-01 9.487999999999999767e-01
9.425000000000000044e-01 9.486999999999999877e-01
9.425000000000000044e-01 9.483000000000000318e-01
9.425000000000000044e-01 9.478999999999999648e-01
9.425000000000000044e-01 9.478999999999999648e-01
9.425000000000000044e-01 9.485000000000000098e-01
9.425000000000000044e-01 9.485999999999999988e-01
9.425000000000000044e-01 9.481000000000000538e-01
9.424000000000000155e-01 9.479999999999999538e-01
9.424000000000000155e-01 9.477999999999999758e-01
9.424000000000000155e-01 9.479999999999999538e-01
9.424000000000000155e-01 9.476999999999999869e-01
9.424000000000000155e-01 9.475000000000000089e-01
9.424000000000000155e-01 9.474000000000000199e-01
9.424000000000000155e-01 9.475999999999999979e-01
9.424000000000000155e-01 9.475000000000000089e-01
9.424000000000000155e-01 9.477999999999999758e-01
9.424000000000000155e-01 9.475999999999999979e-01
9.424000000000000155e-01 9.477999999999999758e-01
9.424000000000000155e-01 9.472000000000000419e-01
9.424000000000000155e-01 9.475999999999999979e-01
9.424000000000000155e-01 9.474000000000000199e-01
9.424000000000000155e-01 9.476999999999999869e-01
9.424000000000000155e-01 9.475000000000000089e-01
9.424000000000000155e-01 9.475999999999999979e-01
9.424000000000000155e-01 9.471000000000000529e-01
9.424000000000000155e-01 9.476999999999999869e-01
9.424000000000000155e-01 9.474000000000000199e-01
9.424000000000000155e-01 9.474000000000000199e-01
9.424000000000000155e-01 9.477999999999999758e-01
9.424000000000000155e-01 9.475999999999999979e-01
9.425000000000000044e-01 9.478999999999999648e-01
9.425000000000000044e-01 9.477999999999999758e-01
9.424000000000000155e-01 9.476999999999999869e-01
9.423000000000000265e-01 9.474000000000000199e-01
9.423000000000000265e-01 9.474000000000000199e-01
9.423000000000000265e-01 9.477999999999999758e-01
9.423000000000000265e-01 9.484000000000000208e-01
9.423000000000000265e-01 9.485000000000000098e-01
9.423000000000000265e-01 9.484000000000000208e-01
9.423000000000000265e-01 9.482000000000000428e-01
9.423000000000000265e-01 9.479999999999999538e-01
9.423000000000000265e-01 9.478999999999999648e-01
9.423000000000000265e-01 9.485999999999999988e-01
9.423000000000000265e-01 9.485000000000000098e-01
9.423000000000000265e-01 9.485999999999999988e-01
9.423000000000000265e-01 9.484000000000000208e-01
9.423000000000000265e-01 9.484000000000000208e-01
9.423000000000000265e-01 9.479999999999999538e-01
9.423000000000000265e-01 9.478999999999999648e-01
9.423000000000000265e-01 9.485000000000000098e-01
9.422000000000000375e-01 9.485000000000000098e-01
9.422000000000000375e-01 9.484000000000000208e-01
9.422000000000000375e-01 9.485000000000000098e-01
9.422000000000000375e-01 9.482000000000000428e-01
9.422000000000000375e-01 9.485000000000000098e-01
9.422000000000000375e-01 9.481000000000000538e-01
9.422000000000000375e-01 9.478999999999999648e-01
9.422000000000000375e-01 9.477999999999999758e-01
9.422000000000000375e-01 9.472000000000000419e-01
9.422000000000000375e-01 9.469999999999999529e-01
9.422000000000000375e-01 9.471000000000000529e-01
9.422000000000000375e-01 9.471000000000000529e-01
9.422000000000000375e-01 9.473000000000000309e-01
9.423000000000000265e-01 9.471000000000000529e-01
9.423000000000000265e-01 9.473000000000000309e-01
9.424000000000000155e-01 9.472000000000000419e-01
9.424000000000000155e-01 9.475000000000000089e-01
9.424000000000000155e-01 9.475999999999999979e-01
9.424000000000000155e-01 9.475000000000000089e-01
9.424000000000000155e-01 9.475000000000000089e-01
9.424000000000000155e-01 9.482000000000000428e-01
9.424000000000000155e-01 9.481000000000000538e-01
9.424000000000000155e-01 9.478999999999999648e-01
9.424000000000000155e-01 9.477999999999999758e-01
9.424000000000000155e-01 9.477999999999999758e-01
9.424000000000000155e-01 9.478999999999999648e-01
9.424000000000000155e-01 9.476999999999999869e-01
9.424000000000000155e-01 9.474000000000000199e-01
9.424000000000000155e-01 9.471000000000000529e-01
9.424000000000000155e-01 9.474000000000000199e-01
9.424000000000000155e-01 9.475000000000000089e-01
9.424000000000000155e-01 9.475000000000000089e-01
9.424000000000000155e-01 9.474000000000000199e-01
9.424000000000000155e-01 9.475000000000000089e-01
9.424000000000000155e-01 9.478999999999999648e-01
9.424000000000000155e-01 9.476999999999999869e-01
9.424000000000000155e-01 9.476999999999999869e-01
9.423000000000000265e-01 9.476999999999999869e-01
9.423000000000000265e-01 9.477999999999999758e-01
9.423000000000000265e-01 9.482000000000000428e-01
9.423000000000000265e-01 9.481000000000000538e-01
9.423000000000000265e-01 9.479999999999999538e-01
9.424000000000000155e-01 9.475999999999999979e-01
9.425000000000000044e-01 9.479999999999999538e-01
9.424000000000000155e-01 9.475000000000000089e-01
9.424000000000000155e-01 9.475000000000000089e-01
9.424000000000000155e-01 9.484000000000000208e-01
9.424000000000000155e-01 9.478999999999999648e-01
9.424000000000000155e-01 9.479999999999999538e-01
9.424000000000000155e-01 9.475000000000000089e-01
9.424000000000000155e-01 9.484000000000000208e-01
9.424000000000000155e-01 9.485000000000000098e-01
9.424000000000000155e-01 9.486999999999999877e-01
9.424000000000000155e-01 9.491000000000000547e-01
9.424000000000000155e-01 9.487999999999999767e-01
9.424000000000000155e-01 9.485999999999999988e-01
9.424000000000000155e-01 9.485999999999999988e-01
9.424000000000000155e-01 9.486999999999999877e-01
9.424000000000000155e-01 9.489999999999999547e-01
9.423000000000000265e-01 9.485000000000000098e-01
9.423000000000000265e-01 9.489999999999999547e-01
9.423000000000000265e-01 9.487999999999999767e-01
9.423000000000000265e-01 9.485000000000000098e-01
9.423000000000000265e-01 9.481000000000000538e-01
9.423000000000000265e-01 9.478999999999999648e-01
9.423000000000000265e-01 9.478999999999999648e-01
9.423000000000000265e-01 9.481000000000000538e-01
9.423000000000000265e-01 9.482000000000000428e-01
9.423000000000000265e-01 9.478999999999999648e-01
9.423000000000000265e-01 9.482000000000000428e-01
9.423000000000000265e-01 9.485999999999999988e-01
9.423000000000000265e-01 9.483000000000000318e-01
9.423000000000000265e-01 9.484000000000000208e-01
9.423000000000000265e-01 9.482000000000000428e-01
9.423000000000000265e-01 9.484000000000000208e-01
9.423000000000000265e-01 9.479999999999999538e-01
9.423000000000000265e-01 9.477999999999999758e-01
9.423000000000000265e-01 9.479999999999999538e-01
9.422000000000000375e-01 9.475000000000000089e-01
9.422000000000000375e-01 9.474000000000000199e-01
9.422000000000000375e-01 9.473000000000000309e-01
9.422000000000000375e-01 9.478999999999999648e-01
9.422000000000000375e-01 9.476999999999999869e-01
9.422000000000000375e-01 9.484000000000000208e-01
9.422000000000000375e-01 9.486999999999999877e-01
9.422000000000000375e-01 9.481000000000000538e-01
9.423000000000000265e-01 9.486999999999999877e-01
9.423000000000000265e-01 9.486999999999999877e-01
9.423000000000000265e-01 9.485000000000000098e-01
9.423000000000000265e-01 9.486999999999999877e-01
9.423000000000000265e-01 9.485000000000000098e-01
9.422000000000000375e-01 9.481000000000000538e-01
9.422000000000000375e-01 9.484000000000000208e-01
9.422000000000000375e-01 9.482000000000000428e-01
9.421000000000000485e-01 9.485999999999999988e-01
9.421000000000000485e-01 9.486999999999999877e-01
9.422000000000000375e-01 9.485000000000000098e-01
9.422000000000000375e-01 9.489999999999999547e-01
9.422000000000000375e-01 9.487999999999999767e-01
9.422000000000000375e-01 9.488999999999999657e-01
9.422000000000000375e-01 9.489999999999999547e-01
9.422000000000000375e-01 9.485999999999999988e-01
9.422000000000000375e-01 9.489999999999999547e-01
9.422000000000000375e-01 9.491000000000000547e-01
9.422000000000000375e-01 9.491000000000000547e-01
9.422000000000000375e-01 9.493000000000000327e-01
9.422000000000000375e-01 9.494000000000000217e-01
9.422000000000000375e-01 9.492000000000000437e-01
9.422000000000000375e-01 9.492000000000000437e-01
9.422000000000000375e-01 9.491000000000000547e-01
9.422000000000000375e-01 9.498999999999999666e-01
9.422000000000000375e-01 9.496999999999999886e-01
9.422000000000000375e-01 9.493000000000000327e-01
9.422000000000000375e-01 9.492000000000000437e-01
9.422000000000000375e-01 9.494000000000000217e-01
9.422000000000000375e-01 9.494000000000000217e-01
9.422000000000000375e-01 9.493000000000000327e-01
9.422000000000000375e-01 9.494000000000000217e-01
9.422000000000000375e-01 9.494000000000000217e-01
9.422000000000000375e-01 9.492000000000000437e-01
9.422000000000000375e-01 9.495999999999999996e-01
9.422000000000000375e-01 9.494000000000000217e-01
9.422000000000000375e-01 9.495999999999999996e-01
9.422000000000000375e-01 9.496999999999999886e-01
9.423000000000000265e-01 9.495999999999999996e-01
9.423000000000000265e-01 9.496999999999999886e-01
9.423000000000000265e-01 9.496999999999999886e-01
9.423000000000000265e-01 9.500999999999999446e-01
9.423000000000000265e-01 9.499999999999999556e-01
9.423000000000000265e-01 9.495999999999999996e-01
9.423000000000000265e-01 9.496999999999999886e-01
9.423000000000000265e-01 9.494000000000000217e-01
9.423000000000000265e-01 9.494000000000000217e-01
9.423000000000000265e-01 9.492000000000000437e-01
9.422000000000000375e-01 9.495000000000000107e-01
9.423000000000000265e-01 9.495999999999999996e-01
9.423000000000000265e-01 9.494000000000000217e-01
9.423000000000000265e-01 9.495999999999999996e-01
9.423000000000000265e-01 9.493000000000000327e-01
9.423000000000000265e-01 9.495000000000000107e-01
9.423000000000000265e-01 9.496999999999999886e-01
9.422000000000000375e-01 9.495999999999999996e-01
9.422000000000000375e-01 9.493000000000000327e-01
9.422000000000000375e-01 9.487999999999999767e-01
9.422000000000000375e-01 9.492000000000000437e-01
9.423000000000000265e-01 9.492000000000000437e-01
9.423000000000000265e-01 9.486999999999999877e-01
9.423000000000000265e-01 9.486999999999999877e-01
9.423000000000000265e-01 9.492000000000000437e-01
9.423000000000000265e-01 9.489999999999999547e-01
9.423000000000000265e-01 9.487999999999999767e-01
9.423000000000000265e-01 9.484000000000000208e-01
9.423000000000000265e-01 9.481000000000000538e-01
9.424000000000000155e-01 9.483000000000000318e-01
9.424000000000000155e-01 9.486999999999999877e-01
9.424000000000000155e-01 9.485999999999999988e-01
9.424000000000000155e-01 9.485000000000000098e-01
9.424000000000000155e-01 9.486999999999999877e-01
9.424000000000000155e-01 9.487999999999999767e-01
9.424000000000000155e-01 9.485999999999999988e-01
9.424000000000000155e-01 9.485999999999999988e-01
9.424000000000000155e-01 9.489999999999999547e-01
9.424000000000000155e-01 9.487999999999999767e-01
9.424000000000000155e-01 9.491000000000000547e-01
9.423000000000000265e-01 9.492000000000000437e-01
9.423000000000000265e-01 9.494000000000000217e-01
9.424000000000000155e-01 9.491000000000000547e-01
9.425000000000000044e-01 9.491000000000000547e-01
9.424000000000000155e-01 9.496999999999999886e-01
9.424000000000000155e-01 9.495999999999999996e-01
9.424000000000000155e-01 9.495999999999999996e-01
9.424000000000000155e-01 9.492000000000000437e-01
9.424000000000000155e-01 9.489999999999999547e-01
9.423000000000000265e-01 9.488999999999999657e-01
9.423000000000000265e-01 9.491000000000000547e-01
9.424000000000000155e-01 9.489999999999999547e-01
9.424000000000000155e-01 9.487999999999999767e-01
9.423000000000000265e-01 9.487999999999999767e-01
9.423000000000000265e-01 9.485000000000000098e-01
9.424000000000000155e-01 9.486999999999999877e-01
9.424000000000000155e-01 9.489999999999999547e-01
9.424000000000000155e-01 9.488999999999999657e-01
9.424000000000000155e-01 9.487999999999999767e-01
9.424000000000000155e-01 9.485000000000000098e-01
9.424000000000000155e-01 9.485999999999999988e-01
9.424000000000000155e-01 9.485000000000000098e-01
9.424000000000000155e-01 9.487999999999999767e-01
9.424000000000000155e-01 9.485999999999999988e-01
9.424000000000000155e-01 9.485000000000000098e-01
9.425000000000000044e-01 9.487999999999999767e-01
9.425000000000000044e-01 9.488999999999999657e-01
9.425000000000000044e-01 9.489999999999999547e-01
9.425000000000000044e-01 9.489999999999999547e-01
9.425000000000000044e-01 9.485000000000000098e-01
9.425000000000000044e-01 9.487999999999999767e-01
9.424000000000000155e-01 9.481000000000000538e-01
9.424000000000000155e-01 9.481000000000000538e-01
9.424000000000000155e-01 9.479999999999999538e-01
9.424000000000000155e-01 9.482000000000000428e-01
9.424000000000000155e-01 9.481000000000000538e-01
9.424000000000000155e-01 9.484000000000000208e-01
9.425000000000000044e-01 9.485000000000000098e-01
9.424000000000000155e-01 9.481000000000000538e-01
9.424000000000000155e-01 9.477999999999999758e-01
9.424000000000000155e-01 9.481000000000000538e-01
9.424000000000000155e-01 9.474000000000000199e-01
9.424000000000000155e-01 9.475999999999999979e-01
9.424000000000000155e-01 9.477999999999999758e-01
9.424000000000000155e-01 9.481000000000000538e-01
9.424000000000000155e-01 9.476999999999999869e-01
9.424000000000000155e-01 9.478999999999999648e-01
9.424000000000000155e-01 9.477999999999999758e-01
9.425000000000000044e-01 9.477999999999999758e-01
9.425000000000000044e-01 9.476999999999999869e-01
9.425000000000000044e-01 9.474000000000000199e-01
9.425000000000000044e-01 9.474000000000000199e-01
9.425000000000000044e-01 9.476999999999999869e-01
9.425000000000000044e-01 9.479999999999999538e-01
9.424000000000000155e-01 9.481000000000000538e-01
9.424000000000000155e-01 9.478999999999999648e-01
9.424000000000000155e-01 9.479999999999999538e-01
9.424000000000000155e-01 9.478999999999999648e-01
9.424000000000000155e-01 9.477999999999999758e-01
9.424000000000000155e-01 9.478999999999999648e-01
9.424000000000000155e-01 9.476999999999999869e-01
9.424000000000000155e-01 9.477999999999999758e-01
9.425000000000000044e-01 9.478999999999999648e-01
9.425000000000000044e-01 9.481000000000000538e-01
9.425000000000000044e-01 9.482000000000000428e-01
9.424000000000000155e-01 9.482000000000000428e-01
9.424000000000000155e-01 9.484000000000000208e-01
9.424000000000000155e-01 9.481000000000000538e-01
9.425000000000000044e-01 9.481000000000000538e-01
9.423000000000000265e-01 9.482000000000000428e-01
9.424000000000000155e-01 9.484000000000000208e-01
9.424000000000000155e-01 9.478999999999999648e-01
9.424000000000000155e-01 9.481000000000000538e-01
9.424000000000000155e-01 9.486999999999999877e-01
9.425000000000000044e-01 9.484000000000000208e-01
9.424000000000000155e-01 9.486999999999999877e-01
9.424000000000000155e-01 9.486999999999999877e-01
9.424000000000000155e-01 9.483000000000000318e-01
9.424000000000000155e-01 9.485999999999999988e-01
9.424000000000000155e-01 9.483000000000000318e-01
9.424000000000000155e-01 9.482000000000000428e-01
9.424000000000000155e-01 9.483000000000000318e-01
9.425999999999999934e-01 9.485000000000000098e-01
9.425000000000000044e-01 9.485999999999999988e-01
9.424000000000000155e-01 9.485999999999999988e-01
9.424000000000000155e-01 9.485000000000000098e-01
9.424000000000000155e-01 9.484000000000000208e-01
9.424000000000000155e-01 9.483000000000000318e-01
9.424000000000000155e-01 9.486999999999999877e-01
9.424000000000000155e-01 9.481000000000000538e-01
9.425000000000000044e-01 9.482000000000000428e-01
9.425000000000000044e-01 9.484000000000000208e-01
9.425000000000000044e-01 9.483000000000000318e-01
9.425000000000000044e-01 9.477999999999999758e-01
9.425000000000000044e-01 9.478999999999999648e-01
9.425000000000000044e-01 9.478999999999999648e-01
9.425000000000000044e-01 9.478999999999999648e-01
9.425000000000000044e-01 9.477999999999999758e-01
9.425000000000000044e-01 9.478999999999999648e-01
9.425000000000000044e-01 9.477999999999999758e-01
9.425999999999999934e-01 9.481000000000000538e-01
9.425999999999999934e-01 9.479999999999999538e-01
9.425999999999999934e-01 9.478999999999999648e-01
9.425999999999999934e-01 9.474000000000000199e-01
9.425999999999999934e-01 9.475999999999999979e-01
9.425999999999999934e-01 9.475999999999999979e-01
9.425999999999999934e-01 9.478999999999999648e-01
9.425999999999999934e-01 9.482000000000000428e-01
9.425999999999999934e-01 9.483000000000000318e-01
9.425999999999999934e-01 9.479999999999999538e-01
9.425999999999999934e-01 9.479999999999999538e-01
9.425999999999999934e-01 9.481000000000000538e-01
9.425999999999999934e-01 9.483000000000000318e-01
9.425999999999999934e-01 9.483000000000000318e-01
9.425999999999999934e-01 9.483000000000000318e-01
9.425999999999999934e-01 9.484000000000000208e-01
9.425999999999999934e-01 9.486999999999999877e-01
9.425999999999999934e-01 9.485000000000000098e-01
9.425999999999999934e-01 9.484000000000000208e-01
9.425999999999999934e-01 9.483000000000000318e-01
9.425999999999999934e-01 9.484000000000000208e-01
9.425999999999999934e-01 9.481000000000000538e-01
9.425999999999999934e-01 9.484000000000000208e-01
9.425999999999999934e-01 9.484000000000000208e-01
9.425999999999999934e-01 9.478999999999999648e-01
9.425999999999999934e-01 9.481000000000000538e-01
9.425999999999999934e-01 9.481000000000000538e-01
9.426999999999999824e-01 9.475000000000000089e-01
9.426999999999999824e-01 9.479999999999999538e-01
9.426999999999999824e-01 9.479999999999999538e-01
9.426999999999999824e-01 9.481000000000000538e-01
9.426999999999999824e-01 9.479999999999999538e-01
9.426999999999999824e-01 9.482000000000000428e-01
9.426999999999999824e-01 9.484000000000000208e-01
9.425999999999999934e-01 9.483000000000000318e-01
9.425999999999999934e-01 9.483000000000000318e-01
9.425999999999999934e-01 9.483000000000000318e-01
9.425999999999999934e-01 9.478999999999999648e-01
9.425999999999999934e-01 9.476999999999999869e-01
9.425999999999999934e-01 9.479999999999999538e-01
9.425999999999999934e-01 9.481000000000000538e-01
9.425999999999999934e-01 9.476999999999999869e-01
9.425999999999999934e-01 9.479999999999999538e-01
9.425999999999999934e-01 9.477999999999999758e-01
9.425999999999999934e-01 9.475999999999999979e-01
9.425999999999999934e-01 9.482000000000000428e-01
9.425999999999999934e-01 9.484000000000000208e-01
9.425999999999999934e-01 9.482000000000000428e-01
9.425999999999999934e-01 9.484000000000000208e-01
9.425999999999999934e-01 9.481000000000000538e-01
9.425999999999999934e-01 9.481000000000000538e-01
9.425999999999999934e-01 9.482000000000000428e-01
9.426999999999999824e-01 9.478999999999999648e-01
9.426999999999999824e-01 9.477999999999999758e-01
9.426999999999999824e-01 9.475999999999999979e-01
9.426999999999999824e-01 9.473000000000000309e-01
9.426999999999999824e-01 9.476999999999999869e-01
9.425999999999999934e-01 9.483000000000000318e-01
9.425999999999999934e-01 9.475999999999999979e-01
9.425999999999999934e-01 9.478999999999999648e-01
9.425999999999999934e-01 9.475999999999999979e-01
9.425999999999999934e-01 9.478999999999999648e-01
9.426999999999999824e-01 9.476999999999999869e-01
9.427999999999999714e-01 9.473000000000000309e-01
9.427999999999999714e-01 9.475999999999999979e-01
9.427999999999999714e-01 9.481000000000000538e-01
9.426999999999999824e-01 9.476999999999999869e-01
9.426999999999999824e-01 9.478999999999999648e-01
9.426999999999999824e-01 9.479999999999999538e-01
9.426999999999999824e-01 9.478999999999999648e-01
9.426999999999999824e-01 9.478999999999999648e-01
9.426999999999999824e-01 9.478999999999999648e-01
9.427999999999999714e-01 9.479999999999999538e-01
9.427999999999999714e-01 9.478999999999999648e-01
9.427999999999999714e-01 9.476999999999999869e-01
9.426999999999999824e-01 9.477999999999999758e-01
9.426999999999999824e-01 9.483000000000000318e-01
9.426999999999999824e-01 9.484000000000000208e-01
9.426999999999999824e-01 9.485000000000000098e-01
9.426999999999999824e-01 9.486999999999999877e-01
9.426999999999999824e-01 9.485999999999999988e-01
9.426999999999999824e-01 9.483000000000000318e-01
9.426999999999999824e-01 9.479999999999999538e-01
9.426999999999999824e-01 9.479999999999999538e-01
9.426999999999999824e-01 9.479999999999999538e-01
9.426999999999999824e-01 9.482000000000000428e-01
9.425999999999999934e-01 9.481000000000000538e-01
9.425999999999999934e-01 9.481000000000000538e-01
9.425999999999999934e-01 9.481000000000000538e-01
9.425999999999999934e-01 9.484000000000000208e-01
9.425999999999999934e-01 9.485000000000000098e-01
9.425999999999999934e-01 9.486999999999999877e-01
9.425999999999999934e-01 9.485999999999999988e-01
9.425999999999999934e-01 9.486999999999999877e-01
9.425999999999999934e-01 9.488999999999999657e-01
9.425999999999999934e-01 9.483000000000000318e-01
9.425999999999999934e-01 9.484000000000000208e-01
9.425000000000000044e-01 9.479999999999999538e-01
9.425999999999999934e-01 9.479999999999999538e-01
9.425999999999999934e-01 9.483000000000000318e-01
9.425999999999999934e-01 9.477999999999999758e-01
9.425999999999999934e-01 9.473000000000000309e-01
9.425999999999999934e-01 9.473000000000000309e-01
9.426999999999999824e-01 9.479999999999999538e-01
9.426999999999999824e-01 9.475000000000000089e-01
9.425999999999999934e-01 9.473000000000000309e-01
9.425999999999999934e-01 9.474000000000000199e-01
9.425999999999999934e-01 9.475999999999999979e-01
9.425999999999999934e-01 9.482000000000000428e-01
9.426999999999999824e-01 9.477999999999999758e-01
9.426999999999999824e-01 9.475999999999999979e-01
9.426999999999999824e-01 9.477999999999999758e-01
9.426999999999999824e-01 9.479999999999999538e-01
9.426999999999999824e-01 9.478999999999999648e-01
9.426999999999999824e-01 9.483000000000000318e-01
9.426999999999999824e-01 9.479999999999999538e-01
9.426999999999999824e-01 9.484000000000000208e-01
9.426999999999999824e-01 9.488999999999999657e-01
9.426999999999999824e-01 9.486999999999999877e-01
9.426999999999999824e-01 9.485000000000000098e-01
9.426999999999999824e-01 9.485999999999999988e-01
9.426999999999999824e-01 9.484000000000000208e-01
9.426999999999999824e-01 9.489999999999999547e-01
9.426999999999999824e-01 9.485999999999999988e-01
9.426999999999999824e-01 9.487999999999999767e-01
9.426999999999999824e-01 9.489999999999999547e-01
9.426999999999999824e-01 9.485000000000000098e-01
9.426999999999999824e-01 9.483000000000000318e-01
9.426999999999999824e-01 9.485999999999999988e-01
9.427999999999999714e-01 9.479999999999999538e-01
9.427999999999999714e-01 9.484000000000000208e-01
9.427999999999999714e-01 9.486999999999999877e-01
9.427999999999999714e-01 9.485000000000000098e-01
9.427999999999999714e-01 9.487999999999999767e-01
9.427999999999999714e-01 9.484000000000000208e-01
9.427999999999999714e-01 9.486999999999999877e-01
9.427999999999999714e-01 9.484000000000000208e-01
9.427999999999999714e-01 9.488999999999999657e-01
9.427999999999999714e-01 9.492000000000000437e-01
9.427999999999999714e-01 9.488999999999999657e-01
9.427999999999999714e-01 9.489999999999999547e-01
9.427999999999999714e-01 9.487999999999999767e-01
9.427999999999999714e-01 9.488999999999999657e-01
9.427999999999999714e-01 9.486999999999999877e-01
9.427999999999999714e-01 9.488999999999999657e-01
9.427999999999999714e-01 9.486999999999999877e-01
9.427999999999999714e-01 9.491000000000000547e-01
9.426999999999999824e-01 9.488999999999999657e-01
9.426999999999999824e-01 9.495999999999999996e-01
9.426999999999999824e-01 9.487999999999999767e-01
9.426999999999999824e-01 9.482000000000000428e-01
9.426999999999999824e-01 9.482000000000000428e-01
9.426999999999999824e-01 9.485000000000000098e-01
9.426999999999999824e-01 9.483000000000000318e-01
9.426999999999999824e-01 9.485000000000000098e-01
9.426999999999999824e-01 9.487999999999999767e-01
9.426999999999999824e-01 9.488999999999999657e-01
9.427999999999999714e-01 9.485000000000000098e-01
9.427999999999999714e-01 9.484000000000000208e-01
9.428999999999999604e-01 9.484000000000000208e-01
9.428999999999999604e-01 9.485999999999999988e-01
9.428999999999999604e-01 9.485000000000000098e-01
9.428999999999999604e-01 9.488999999999999657e-01
9.428999999999999604e-01 9.485999999999999988e-01
9.428999999999999604e-01 9.485999999999999988e-01
9.428999999999999604e-01 9.486999999999999877e-01
9.428999999999999604e-01 9.481000000000000538e-01
9.428999999999999604e-01 9.483000000000000318e-01
9.428999999999999604e-01 9.475999999999999979e-01
9.428999999999999604e-01 9.476999999999999869e-01
9.428999999999999604e-01 9.477999999999999758e-01
9.428999999999999604e-01 9.475000000000000089e-01
9.428999999999999604e-01 9.476999999999999869e-01
9.427999999999999714e-01 9.476999999999999869e-01
9.427999999999999714e-01 9.477999999999999758e-01
9.427999999999999714e-01 9.483000000000000318e-01
9.427999999999999714e-01 9.481000000000000538e-01
9.427999999999999714e-01 9.484000000000000208e-01
9.427999999999999714e-01 9.477999999999999758e-01
9.427999999999999714e-01 9.477999999999999758e-01
9.427999999999999714e-01 9.477999999999999758e-01
9.427999999999999714e-01 9.481000000000000538e-01
9.427999999999999714e-01 9.475000000000000089e-01
9.427999999999999714e-01 9.478999999999999648e-01
9.427999999999999714e-01 9.481000000000000538e-01
9.427999999999999714e-01 9.481000000000000538e-01
9.427999999999999714e-01 9.483000000000000318e-01
9.427999999999999714e-01 9.482000000000000428e-01
9.427999999999999714e-01 9.483000000000000318e-01
9.427999999999999714e-01 9.484000000000000208e-01
9.427999999999999714e-01 9.485000000000000098e-01
9.427999999999999714e-01 9.487999999999999767e-01
9.427999999999999714e-01 9.486999999999999877e-01
9.427999999999999714e-01 9.483000000000000318e-01
9.427999999999999714e-01 9.482000000000000428e-01
9.426999999999999824e-01 9.481000000000000538e-01
9.426999999999999824e-01 9.487999999999999767e-01
9.426999999999999824e-01 9.488999999999999657e-01
9.426999999999999824e-01 9.489999999999999547e-01
9.426999999999999824e-01 9.488999999999999657e-01
9.427999999999999714e-01 9.485999999999999988e-01
9.427999999999999714e-01 9.485999999999999988e-01
9.427999999999999714e-01 9.486999999999999877e-01
9.427999999999999714e-01 9.487999999999999767e-01
9.427999999999999714e-01 9.488999999999999657e-01
9.427999999999999714e-01 9.486999999999999877e-01
9.427999999999999714e-01 9.488999999999999657e-01
9.427999999999999714e-01 9.487999999999999767e-01
9.427999999999999714e-01 9.488999999999999657e-01
9.426999999999999824e-01 9.485999999999999988e-01
9.426999999999999824e-01 9.489999999999999547e-01
9.426999999999999824e-01 9.491000000000000547e-01
9.426999999999999824e-01 9.487999999999999767e-01
9.426999999999999824e-01 9.492000000000000437e-01
9.426999999999999824e-01 9.491000000000000547e-01
9.425000000000000044e-01 9.487999999999999767e-01
9.426999999999999824e-01 9.487999999999999767e-01
9.426999999999999824e-01 9.485000000000000098e-01
9.426999999999999824e-01 9.485000000000000098e-01
9.426999999999999824e-01 9.484000000000000208e-01
9.426999999999999824e-01 9.485000000000000098e-01
9.426999999999999824e-01 9.483000000000000318e-01
9.426999999999999824e-01 9.483000000000000318e-01
9.426999999999999824e-01 9.483000000000000318e-01
9.426999999999999824e-01 9.486999999999999877e-01
9.426999999999999824e-01 9.482000000000000428e-01
9.426999999999999824e-01 9.483000000000000318e-01
9.426999999999999824e-01 9.485000000000000098e-01
9.426999999999999824e-01 9.484000000000000208e-01
9.426999999999999824e-01 9.484000000000000208e-01
9.426999999999999824e-01 9.485999999999999988e-01
9.426999999999999824e-01 9.485000000000000098e-01
9.426999999999999824e-01 9.484000000000000208e-01
9.426999999999999824e-01 9.486999999999999877e-01
9.426999999999999824e-01 9.486999999999999877e-01
9.426999999999999824e-01 9.485000000000000098e-01
9.426999999999999824e-01 9.487999999999999767e-01
9.426999999999999824e-01 9.477999999999999758e-01
9.426999999999999824e-01 9.483000000000000318e-01
9.426999999999999824e-01 9.484000000000000208e-01
9.426999999999999824e-01 9.485000000000000098e-01
9.426999999999999824e-01 9.485000000000000098e-01
9.426999999999999824e-01 9.487999999999999767e-01
9.426999999999999824e-01 9.486999999999999877e-01
9.426999999999999824e-01 9.484000000000000208e-01
9.425999999999999934e-01 9.482000000000000428e-01
9.425999999999999934e-01 9.482000000000000428e-01
9.425999999999999934e-01 9.484000000000000208e-01
9.425999999999999934e-01 9.483000000000000318e-01
9.425999999999999934e-01 9.481000000000000538e-01
9.425999999999999934e-01 9.482000000000000428e-01
9.425999999999999934e-01 9.483000000000000318e-01
9.425999999999999934e-01 9.485000000000000098e-01
9.425999999999999934e-01 9.483000000000000318e-01
9.425999999999999934e-01 9.482000000000000428e-01
9.425000000000000044e-01 9.484000000000000208e-01
9.425000000000000044e-01 9.485999999999999988e-01
9.425000000000000044e-01 9.487999999999999767e-01
9.425000000000000044e-01 9.484000000000000208e-01
9.425000000000000044e-01 9.489999999999999547e-01
9.425000000000000044e-01 9.488999999999999657e-01
9.425000000000000044e-01 9.491000000000000547e-01
9.425000000000000044e-01 9.485999999999999988e-01
9.425000000000000044e-01 9.486999999999999877e-01
9.425000000000000044e-01 9.493000000000000327e-01
9.425000000000000044e-01 9.488999999999999657e-01
9.425000000000000044e-01 9.494000000000000217e-01
9.425000000000000044e-01 9.496999999999999886e-01
9.425000000000000044e-01 9.489999999999999547e-01
9.425000000000000044e-01 9.487999999999999767e-01
9.425000000000000044e-01 9.486999999999999877e-01
9.425000000000000044e-01 9.485000000000000098e-01
9.425000000000000044e-01 9.491000000000000547e-01
9.425000000000000044e-01 9.492000000000000437e-01
9.425000000000000044e-01 9.492000000000000437e-01
9.425000000000000044e-01 9.485999999999999988e-01
9.425000000000000044e-01 9.485999999999999988e-01
9.425000000000000044e-01 9.489999999999999547e-01
9.425000000000000044e-01 9.486999999999999877e-01
9.425999999999999934e-01 9.486999999999999877e-01
9.425000000000000044e-01 9.485999999999999988e-01
9.425000000000000044e-01 9.485999999999999988e-01
9.425999999999999934e-01 9.488999999999999657e-01
9.425999999999999934e-01 9.487999999999999767e-01
9.425999999999999934e-01 9.483000000000000318e-01
9.425999999999999934e-01 9.485000000000000098e-01
9.425999999999999934e-01 9.484000000000000208e-01
9.425999999999999934e-01 9.484000000000000208e-01
9.425999999999999934e-01 9.485000000000000098e-01
9.425999999999999934e-01 9.478999999999999648e-01
9.425999999999999934e-01 9.482000000000000428e-01
9.425999999999999934e-01 9.479999999999999538e-01
9.425999999999999934e-01 9.485000000000000098e-01
9.425999999999999934e-01 9.482000000000000428e-01
9.425999999999999934e-01 9.491000000000000547e-01
9.425999999999999934e-01 9.481000000000000538e-01
9.425999999999999934e-01 9.477999999999999758e-01
9.425999999999999934e-01 9.486999999999999877e-01
9.425999999999999934e-01 9.483000000000000318e-01
9.425000000000000044e-01 9.482000000000000428e-01
9.425000000000000044e-01 9.482000000000000428e-01
9.425000000000000044e-01 9.483000000000000318e-01
9.425000000000000044e-01 9.486999999999999877e-01
9.425000000000000044e-01 9.486999999999999877e-01
9.425000000000000044e-01 9.488999999999999657e-01
9.424000000000000155e-01 9.486999999999999877e-01
9.424000000000000155e-01 9.486999999999999877e-01
9.424000000000000155e-01 9.482000000000000428e-01
9.424000000000000155e-01 9.481000000000000538e-01
9.424000000000000155e-01 9.484000000000000208e-01
9.424000000000000155e-01 9.481000000000000538e-01
9.424000000000000155e-01 9.482000000000000428e-01
9.424000000000000155e-01 9.482000000000000428e-01
9.424000000000000155e-01 9.479999999999999538e-01
9.424000000000000155e-01 9.479999999999999538e-01
9.424000000000000155e-01 9.484000000000000208e-01
9.425000000000000044e-01 9.486999999999999877e-01
9.425000000000000044e-01 9.485000000000000098e-01
9.425000000000000044e-01 9.491000000000000547e-01
9.425000000000000044e-01 9.486999999999999877e-01
9.424000000000000155e-01 9.491000000000000547e-01
9.424000000000000155e-01 9.489999999999999547e-01
9.424000000000000155e-01 9.487999999999999767e-01
9.424000000000000155e-01 9.489999999999999547e-01
9.424000000000000155e-01 9.487999999999999767e-01
9.424000000000000155e-01 9.494000000000000217e-01
9.424000000000000155e-01 9.491000000000000547e-01
9.424000000000000155e-01 9.492000000000000437e-01
9.424000000000000155e-01 9.487999999999999767e-01
9.424000000000000155e-01 9.488999999999999657e-01
9.424000000000000155e-01 9.486999999999999877e-01
9.424000000000000155e-01 9.488999999999999657e-01
9.424000000000000155e-01 9.488999999999999657e-01
9.424000000000000155e-01 9.487999999999999767e-01
9.424000000000000155e-01 9.492000000000000437e-01
9.424000000000000155e-01 9.495000000000000107e-01
9.424000000000000155e-01 9.494000000000000217e-01
9.424000000000000155e-01 9.494000000000000217e-01
9.424000000000000155e-01 9.495000000000000107e-01
9.424000000000000155e-01 9.499999999999999556e-01
9.424000000000000155e-01 9.500999999999999446e-01
9.424000000000000155e-01 9.498999999999999666e-01
9.423000000000000265e-01 9.500999999999999446e-01
9.423000000000000265e-01 9.499999999999999556e-01
9.424000000000000155e-01 9.502000000000000446e-01
9.423000000000000265e-01 9.502000000000000446e-01
9.424000000000000155e-01 9.497999999999999776e-01
9.424000000000000155e-01 9.500999999999999446e-01
9.424000000000000155e-01 9.497999999999999776e-01
9.424000000000000155e-01 9.498999999999999666e-01
9.425000000000000044e-01 9.495999999999999996e-01
9.425000000000000044e-01 9.497999999999999776e-01
9.425000000000000044e-01 9.498999999999999666e-01
9.425000000000000044e-01 9.498999999999999666e-01
9.425000000000000044e-01 9.498999999999999666e-01
9.425000000000000044e-01 9.496999999999999886e-01
9.425000000000000044e-01 9.491000000000000547e-01
9.425000000000000044e-01 9.491000000000000547e-01
9.425000000000000044e-01 9.492000000000000437e-01
9.425000000000000044e-01 9.495999999999999996e-01
9.425000000000000044e-01 9.497999999999999776e-01
9.425000000000000044e-01 9.493000000000000327e-01
9.425000000000000044e-01 9.496999999999999886e-01
9.425999999999999934e-01 9.492000000000000437e-01
9.425999999999999934e-01 9.498999999999999666e-01
9.425999999999999934e-01 9.495000000000000107e-01
9.425999999999999934e-01 9.493000000000000327e-01
9.425999999999999934e-01 9.491000000000000547e-01
9.425999999999999934e-01 9.486999999999999877e-01
9.425999999999999934e-01 9.491000000000000547e-01
9.425000000000000044e-01 9.486999999999999877e-01
9.425000000000000044e-01 9.488999999999999657e-01
9.425999999999999934e-01 9.487999999999999767e-01
9.425999999999999934e-01 9.488999999999999657e-01
9.425000000000000044e-01 9.493000000000000327e-01
9.425000000000000044e-01 9.491000000000000547e-01
9.425000000000000044e-01 9.494000000000000217e-01
9.425000000000000044e-01 9.495000000000000107e-01
9.425000000000000044e-01 9.488999999999999657e-01
9.425000000000000044e-01 9.489999999999999547e-01
9.425000000000000044e-01 9.491000000000000547e-01
9.425000000000000044e-01 9.489999999999999547e-01
9.425000000000000044e-01 9.489999999999999547e-01
9.425000000000000044e-01 9.487999999999999767e-01
9.425000000000000044e-01 9.484000000000000208e-01
9.425999999999999934e-01 9.491000000000000547e-01
9.426999999999999824e-01 9.489999999999999547e-01
9.426999999999999824e-01 9.489999999999999547e-01
9.426999999999999824e-01 9.488999999999999657e-01
9.426999999999999824e-01 9.491000000000000547e-01
9.426999999999999824e-01 9.487999999999999767e-01
9.426999999999999824e-01 9.488999999999999657e-01
9.426999999999999824e-01 9.488999999999999657e-01
9.426999999999999824e-01 9.493000000000000327e-01
9.426999999999999824e-01 9.491000000000000547e-01
9.426999999999999824e-01 9.491000000000000547e-01
9.426999999999999824e-01 9.495000000000000107e-01
9.427999999999999714e-01 9.493000000000000327e-01
9.427999999999999714e-01 9.493000000000000327e-01
9.427999999999999714e-01 9.493000000000000327e-01
9.427999999999999714e-01 9.492000000000000437e-01
9.427999999999999714e-01 9.492000000000000437e-01
9.427999999999999714e-01 9.488999999999999657e-01
9.427999999999999714e-01 9.485999999999999988e-01
9.426999999999999824e-01 9.489999999999999547e-01
9.427999999999999714e-01 9.489999999999999547e-01
9.427999999999999714e-01 9.489999999999999547e-01
9.427999999999999714e-01 9.488999999999999657e-01
9.427999999999999714e-01 9.491000000000000547e-01
9.427999999999999714e-01 9.492000000000000437e-01
9.427999999999999714e-01 9.492000000000000437e-01
9.427999999999999714e-01 9.488999999999999657e-01
9.428999999999999604e-01 9.491000000000000547e-01
9.428999999999999604e-01 9.486999999999999877e-01
9.428999999999999604e-01 9.485999999999999988e-01
9.428999999999999604e-01 9.488999999999999657e-01
9.428999999999999604e-01 9.492000000000000437e-01
9.428999999999999604e-01 9.486999999999999877e-01
9.427999999999999714e-01 9.486999999999999877e-01
9.428999999999999604e-01 9.488999999999999657e-01
9.428999999999999604e-01 9.489999999999999547e-01
9.429999999999999494e-01 9.491000000000000547e-01
9.429999999999999494e-01 9.488999999999999657e-01
9.429999999999999494e-01 9.492000000000000437e-01
9.428999999999999604e-01 9.488999999999999657e-01
9.428999999999999604e-01 9.494000000000000217e-01
9.428999999999999604e-01 9.491000000000000547e-01
9.428999999999999604e-01 9.486999999999999877e-01
9.428999999999999604e-01 9.485000000000000098e-01
9.428999999999999604e-01 9.487999999999999767e-01
9.428999999999999604e-01 9.494000000000000217e-01
9.428999999999999604e-01 9.493000000000000327e-01
9.428999999999999604e-01 9.487999999999999767e-01
9.428999999999999604e-01 9.488999999999999657e-01
9.428999999999999604e-01 9.489999999999999547e-01
9.427999999999999714e-01 9.486999999999999877e-01
9.427999999999999714e-01 9.492000000000000437e-01
9.427999999999999714e-01 9.485999999999999988e-01
9.428999999999999604e-01 9.496999999999999886e-01
9.428999999999999604e-01 9.491000000000000547e-01
9.428999999999999604e-01 9.492000000000000437e-01
9.428999999999999604e-01 9.489999999999999547e-01
9.428999999999999604e-01 9.489999999999999547e-01
9.428999999999999604e-01 9.492000000000000437e-01
9.428999999999999604e-01 9.493000000000000327e-01
9.428999999999999604e-01 9.498999999999999666e-01
9.428999999999999604e-01 9.486999999999999877e-01
9.428999999999999604e-01 9.489999999999999547e-01
9.428999999999999604e-01 9.486999999999999877e-01
9.427999999999999714e-01 9.487999999999999767e-01
9.427999999999999714e-01 9.492000000000000437e-01
9.427999999999999714e-01 9.489999999999999547e-01
9.427999999999999714e-01 9.492000000000000437e-01
9.427999999999999714e-01 9.492000000000000437e-01
9.427999999999999714e-01 9.493000000000000327e-01
9.427999999999999714e-01 9.492000000000000437e-01
9.427999999999999714e-01 9.492000000000000437e-01
9.428999999999999604e-01 9.491000000000000547e-01
9.428999999999999604e-01 9.492000000000000437e-01
9.428999999999999604e-01 9.488999999999999657e-01
9.428999999999999604e-01 9.493000000000000327e-01
9.428999999999999604e-01 9.493000000000000327e-01
9.428999999999999604e-01 9.485999999999999988e-01
9.428999999999999604e-01 9.488999999999999657e-01
9.428999999999999604e-01 9.485999999999999988e-01
9.428999999999999604e-01 9.486999999999999877e-01
9.429999999999999494e-01 9.489999999999999547e-01
9.428999999999999604e-01 9.491000000000000547e-01
9.428999999999999604e-01 9.492000000000000437e-01
9.428999999999999604e-01 9.491000000000000547e-01
9.429999999999999494e-01 9.489999999999999547e-01
9.429999999999999494e-01 9.492000000000000437e-01
9.429999999999999494e-01 9.491000000000000547e-01
9.429999999999999494e-01 9.493000000000000327e-01
9.429999999999999494e-01 9.489999999999999547e-01
9.429999999999999494e-01 9.491000000000000547e-01
9.429999999999999494e-01 9.493000000000000327e-01
9.429999999999999494e-01 9.493000000000000327e-01
9.429999999999999494e-01 9.493000000000000327e-01
9.429999999999999494e-01 9.489999999999999547e-01
9.429999999999999494e-01 9.492000000000000437e-01
9.429999999999999494e-01 9.492000000000000437e-01
9.429999999999999494e-01 9.492000000000000437e-01
9.429999999999999494e-01 9.495999999999999996e-01
9.429999999999999494e-01 9.494000000000000217e-01
9.429999999999999494e-01 9.492000000000000437e-01
9.429999999999999494e-01 9.494000000000000217e-01
9.429999999999999494e-01 9.491000000000000547e-01
9.429999999999999494e-01 9.486999999999999877e-01
9.429999999999999494e-01 9.487999999999999767e-01
9.429999999999999494e-01 9.485000000000000098e-01
9.429999999999999494e-01 9.485000000000000098e-01
9.429999999999999494e-01 9.483000000000000318e-01
9.429999999999999494e-01 9.485000000000000098e-01
9.429999999999999494e-01 9.488999999999999657e-01
9.429999999999999494e-01 9.485999999999999988e-01
9.429999999999999494e-01 9.485000000000000098e-01
9.429999999999999494e-01 9.488999999999999657e-01
9.429999999999999494e-01 9.486999999999999877e-01
9.429999999999999494e-01 9.486999999999999877e-01
9.429999999999999494e-01 9.485999999999999988e-01
9.429999999999999494e-01 9.485999999999999988e-01
9.429999999999999494e-01 9.489999999999999547e-01
9.429999999999999494e-01 9.494000000000000217e-01
9.429999999999999494e-01 9.492000000000000437e-01
9.429999999999999494e-01 9.485999999999999988e-01
9.431000000000000494e-01 9.485000000000000098e-01
9.431000000000000494e-01 9.486999999999999877e-01
9.431000000000000494e-01 9.486999999999999877e-01
9.431000000000000494e-01 9.491000000000000547e-01
9.431000000000000494e-01 9.487999999999999767e-01
9.431000000000000494e-01 9.489999999999999547e-01
9.431000000000000494e-01 9.488999999999999657e-01
9.431000000000000494e-01 9.487999999999999767e-01
9.431000000000000494e-01 9.488999999999999657e-01
9.431000000000000494e-01 9.488999999999999657e-01
9.431000000000000494e-01 9.491000000000000547e-01
9.431000000000000494e-01 9.489999999999999547e-01
9.428999999999999604e-01 9.487999999999999767e-01
9.428999999999999604e-01 9.488999999999999657e-01
9.429999999999999494e-01 9.496999999999999886e-01
9.431000000000000494e-01 9.489999999999999547e-01
9.429999999999999494e-01 9.492000000000000437e-01
9.429999999999999494e-01 9.492000000000000437e-01
9.428999999999999604e-01 9.493000000000000327e-01
9.429999999999999494e-01 9.494000000000000217e-01
9.428999999999999604e-01 9.496999999999999886e-01
9.428999999999999604e-01 9.494000000000000217e-01
9.429999999999999494e-01 9.492000000000000437e-01
9.429999999999999494e-01 9.493000000000000327e-01
9.429999999999999494e-01 9.498999999999999666e-01
9.429999999999999494e-01 9.498999999999999666e-01
9.429999999999999494e-01 9.497999999999999776e-01
9.429999999999999494e-01 9.499999999999999556e-01
9.429999999999999494e-01 9.499999999999999556e-01
9.429999999999999494e-01 9.498999999999999666e-01
9.429999999999999494e-01 9.496999999999999886e-01
9.429999999999999494e-01 9.495000000000000107e-01
9.429999999999999494e-01 9.493000000000000327e-01
9.429999999999999494e-01 9.495000000000000107e-01
9.429999999999999494e-01 9.495000000000000107e-01
9.429999999999999494e-01 9.495999999999999996e-01
9.429999999999999494e-01 9.493000000000000327e-01
9.429999999999999494e-01 9.488999999999999657e-01
9.429999999999999494e-01 9.492000000000000437e-01
9.429999999999999494e-01 9.491000000000000547e-01
9.429999999999999494e-01 9.488999999999999657e-01
9.429999999999999494e-01 9.494000000000000217e-01
9.431000000000000494e-01 9.495000000000000107e-01
9.431000000000000494e-01 9.495000000000000107e-01
9.431000000000000494e-01 9.491000000000000547e-01
9.431000000000000494e-01 9.488999999999999657e-01
9.431000000000000494e-01 9.491000000000000547e-01
9.431000000000000494e-01 9.487999999999999767e-01
9.431000000000000494e-01 9.491000000000000547e-01
9.431000000000000494e-01 9.486999999999999877e-01
9.431000000000000494e-01 9.486999999999999877e-01
9.431000000000000494e-01 9.486999999999999877e-01
9.431000000000000494e-01 9.486999999999999877e-01
9.431000000000000494e-01 9.483000000000000318e-01
9.431000000000000494e-01 9.485000000000000098e-01
9.431000000000000494e-01 9.484000000000000208e-01
9.431000000000000494e-01 9.484000000000000208e-01
9.431000000000000494e-01 9.482000000000000428e-01
9.431000000000000494e-01 9.487999999999999767e-01
9.431000000000000494e-01 9.488999999999999657e-01
9.431000000000000494e-01 9.488999999999999657e-01
9.431000000000000494e-01 9.486999999999999877e-01
9.431000000000000494e-01 9.491000000000000547e-01
9.431000000000000494e-01 9.492000000000000437e-01
9.431000000000000494e-01 9.491000000000000547e-01
9.431000000000000494e-01 9.492000000000000437e-01
9.431000000000000494e-01 9.493000000000000327e-01
9.431000000000000494e-01 9.492000000000000437e-01
9.431000000000000494e-01 9.489999999999999547e-01
9.431000000000000494e-01 9.494000000000000217e-01
9.429999999999999494e-01 9.493000000000000327e-01
9.431000000000000494e-01 9.488999999999999657e-01
9.431000000000000494e-01 9.488999999999999657e-01
9.431000000000000494e-01 9.485000000000000098e-01
9.431000000000000494e-01 9.485999999999999988e-01
9.431000000000000494e-01 9.485999999999999988e-01
9.431000000000000494e-01 9.485999999999999988e-01
9.431000000000000494e-01 9.488999999999999657e-01
9.431000000000000494e-01 9.488999999999999657e-01
9.431000000000000494e-01 9.489999999999999547e-01
9.431000000000000494e-01 9.488999999999999657e-01
9.431000000000000494e-01 9.493000000000000327e-01
9.431000000000000494e-01 9.493000000000000327e-01
9.431000000000000494e-01 9.492000000000000437e-01
9.432000000000000384e-01 9.495000000000000107e-01
9.431000000000000494e-01 9.491000000000000547e-01
9.431000000000000494e-01 9.487999999999999767e-01
9.431000000000000494e-01 9.484000000000000208e-01
9.431000000000000494e-01 9.485999999999999988e-01
9.431000000000000494e-01 9.488999999999999657e-01
9.431000000000000494e-01 9.488999999999999657e-01
9.432000000000000384e-01 9.489999999999999547e-01
9.432000000000000384e-01 9.485000000000000098e-01
9.431000000000000494e-01 9.487999999999999767e-01
9.432000000000000384e-01 9.483000000000000318e-01
9.432000000000000384e-01 9.486999999999999877e-01
9.432000000000000384e-01 9.485000000000000098e-01
9.432000000000000384e-01 9.487999999999999767e-01
9.432000000000000384e-01 9.486999999999999877e-01
9.431000000000000494e-01 9.487999999999999767e-01
9.431000000000000494e-01 9.494000000000000217e-01
9.432000000000000384e-01 9.495000000000000107e-01
9.432000000000000384e-01 9.487999999999999767e-01
9.431000000000000494e-01 9.485999999999999988e-01
9.432000000000000384e-01 9.483000000000000318e-01
9.432000000000000384e-01 9.484000000000000208e-01
9.431000000000000494e-01 9.489999999999999547e-01
9.431000000000000494e-01 9.487999999999999767e-01
9.431000000000000494e-01 9.487999999999999767e-01
9.431000000000000494e-01 9.487999999999999767e-01
9.431000000000000494e-01 9.485999999999999988e-01
9.432000000000000384e-01 9.486999999999999877e-01
9.432000000000000384e-01 9.487999999999999767e-01
9.432000000000000384e-01 9.486999999999999877e-01
9.432000000000000384e-01 9.479999999999999538e-01
9.432000000000000384e-01 9.479999999999999538e-01
9.431000000000000494e-01 9.481000000000000538e-01
9.431000000000000494e-01 9.482000000000000428e-01
9.431000000000000494e-01 9.476999999999999869e-01
9.431000000000000494e-01 9.481000000000000538e-01
9.431000000000000494e-01 9.476999999999999869e-01
9.429999999999999494e-01 9.476999999999999869e-01
9.429999999999999494e-01 9.483000000000000318e-01
9.429999999999999494e-01 9.485000000000000098e-01
9.429999999999999494e-01 9.481000000000000538e-01
9.429999999999999494e-01 9.477999999999999758e-01
9.429999999999999494e-01 9.478999999999999648e-01
9.429999999999999494e-01 9.476999999999999869e-01
9.429999999999999494e-01 9.482000000000000428e-01
9.429999999999999494e-01 9.483000000000000318e-01
9.429999999999999494e-01 9.479999999999999538e-01
9.429999999999999494e-01 9.482000000000000428e-01
9.429999999999999494e-01 9.485999999999999988e-01
9.429999999999999494e-01 9.485999999999999988e-01
9.429999999999999494e-01 9.491000000000000547e-01
9.429999999999999494e-01 9.489999999999999547e-01
9.429999999999999494e-01 9.486999999999999877e-01
9.429999999999999494e-01 9.489999999999999547e-01
9.429999999999999494e-01 9.485999999999999988e-01
9.429999999999999494e-01 9.486999999999999877e-01
9.429999999999999494e-01 9.491000000000000547e-01
9.429999999999999494e-01 9.492000000000000437e-01
9.429999999999999494e-01 9.494000000000000217e-01
9.429999999999999494e-01 9.488999999999999657e-01
9.429999999999999494e-01 9.485999999999999988e-01
9.429999999999999494e-01 9.492000000000000437e-01
9.429999999999999494e-01 9.492000000000000437e-01
9.429999999999999494e-01 9.494000000000000217e-01
9.429999999999999494e-01 9.492000000000000437e-01
9.429999999999999494e-01 9.489999999999999547e-01
9.429999999999999494e-01 9.494000000000000217e-01
9.429999999999999494e-01 9.493000000000000327e-01
9.429999999999999494e-01 9.491000000000000547e-01
9.429999999999999494e-01 9.495999999999999996e-01
9.429999999999999494e-01 9.495999999999999996e-01
9.429999999999999494e-01 9.492000000000000437e-01
9.429999999999999494e-01 9.492000000000000437e-01
9.429999999999999494e-01 9.492000000000000437e-01
9.429999999999999494e-01 9.492000000000000437e-01
9.431000000000000494e-01 9.493000000000000327e-01
9.431000000000000494e-01 9.495000000000000107e-01
9.432000000000000384e-01 9.493000000000000327e-01
9.432000000000000384e-01 9.495000000000000107e-01
9.432000000000000384e-01 9.495000000000000107e-01
9.432000000000000384e-01 9.493000000000000327e-01
9.432000000000000384e-01 9.491000000000000547e-01
9.432000000000000384e-01 9.492000000000000437e-01
9.432000000000000384e-01 9.496999999999999886e-01
9.431000000000000494e-01 9.498999999999999666e-01
9.429999999999999494e-01 9.499999999999999556e-01
9.429999999999999494e-01 9.498999999999999666e-01
9.428999999999999604e-01 9.497999999999999776e-01
9.428999999999999604e-01 9.499999999999999556e-01
9.429999999999999494e-01 9.498999999999999666e-01
9.429999999999999494e-01 9.497999999999999776e-01
9.431000000000000494e-01 9.497999999999999776e-01
9.431000000000000494e-01 9.497999999999999776e-01
9.431000000000000494e-01 9.499999999999999556e-01
9.431000000000000494e-01 9.495000000000000107e-01
9.429999999999999494e-01 9.497999999999999776e-01
9.429999999999999494e-01 9.497999999999999776e-01
9.429999999999999494e-01 9.496999999999999886e-01
9.429999999999999494e-01 9.493000000000000327e-01
9.429999999999999494e-01 9.500999999999999446e-01
9.429999999999999494e-01 9.496999999999999886e-01
9.429999999999999494e-01 9.502000000000000446e-01
9.429999999999999494e-01 9.502000000000000446e-01
9.429999999999999494e-01 9.502000000000000446e-01
9.429999999999999494e-01 9.503000000000000336e-01
9.431000000000000494e-01 9.502000000000000446e-01
9.431000000000000494e-01 9.503000000000000336e-01
9.431000000000000494e-01 9.502000000000000446e-01
9.431000000000000494e-01 9.502000000000000446e-01
9.431000000000000494e-01 9.496999999999999886e-01
9.431000000000000494e-01 9.493000000000000327e-01
9.431000000000000494e-01 9.497999999999999776e-01
9.431000000000000494e-01 9.494000000000000217e-01
9.431000000000000494e-01 9.496999999999999886e-01
9.431000000000000494e-01 9.491000000000000547e-01
9.431000000000000494e-01 9.492000000000000437e-01
9.431000000000000494e-01 9.485000000000000098e-01
9.431000000000000494e-01 9.485000000000000098e-01
9.432000000000000384e-01 9.489999999999999547e-01
9.432000000000000384e-01 9.489999999999999547e-01
9.433000000000000274e-01 9.494000000000000217e-01
9.433000000000000274e-01 9.495999999999999996e-01
9.433000000000000274e-01 9.496999999999999886e-01
9.433000000000000274e-01 9.492000000000000437e-01
9.433000000000000274e-01 9.493000000000000327e-01
9.433000000000000274e-01 9.492000000000000437e-01
9.432000000000000384e-01 9.489999999999999547e-01
9.432000000000000384e-01 9.487999999999999767e-01
9.432000000000000384e-01 9.486999999999999877e-01
9.432000000000000384e-01 9.484000000000000208e-01
9.432000000000000384e-01 9.483000000000000318e-01
9.432000000000000384e-01 9.483000000000000318e-01
9.432000000000000384e-01 9.488999999999999657e-01
9.432000000000000384e-01 9.489999999999999547e-01
9.432000000000000384e-01 9.482000000000000428e-01
9.432000000000000384e-01 9.484000000000000208e-01
9.432000000000000384e-01 9.483000000000000318e-01
9.432000000000000384e-01 9.483000000000000318e-01
9.432000000000000384e-01 9.485000000000000098e-01
9.432000000000000384e-01 9.484000000000000208e-01
9.432000000000000384e-01 9.489999999999999547e-01
9.432000000000000384e-01 9.486999999999999877e-01
9.432000000000000384e-01 9.492000000000000437e-01
9.432000000000000384e-01 9.488999999999999657e-01
9.431000000000000494e-01 9.489999999999999547e-01
9.431000000000000494e-01 9.485999999999999988e-01
9.431000000000000494e-01 9.485999999999999988e-01
9.431000000000000494e-01 9.478999999999999648e-01
9.431000000000000494e-01 9.481000000000000538e-01
9.431000000000000494e-01 9.484000000000000208e-01
9.431000000000000494e-01 9.485000000000000098e-01
9.431000000000000494e-01 9.487999999999999767e-01
9.431000000000000494e-01 9.485000000000000098e-01
9.431000000000000494e-01 9.485999999999999988e-01
9.432000000000000384e-01 9.485999999999999988e-01
9.432000000000000384e-01 9.488999999999999657e-01
9.432000000000000384e-01 9.485999999999999988e-01
9.431000000000000494e-01 9.485999999999999988e-01
9.431000000000000494e-01 9.486999999999999877e-01
9.432000000000000384e-01 9.485999999999999988e-01
9.429999999999999494e-01 9.485000000000000098e-01
9.431000000000000494e-01 9.484000000000000208e-01
9.431000000000000494e-01 9.484000000000000208e-01
9.432000000000000384e-01 9.491000000000000547e-01
9.432000000000000384e-01 9.486999999999999877e-01
9.432000000000000384e-01 9.485000000000000098e-01
9.432000000000000384e-01 9.487999999999999767e-01
9.432000000000000384e-01 9.486999999999999877e-01
9.431000000000000494e-01 9.486999999999999877e-01
9.431000000000000494e-01 9.491000000000000547e-01
9.431000000000000494e-01 9.491000000000000547e-01
9.431000000000000494e-01 9.495000000000000107e-01
9.431000000000000494e-01 9.493000000000000327e-01
9.431000000000000494e-01 9.487999999999999767e-01
9.431000000000000494e-01 9.495000000000000107e-01
9.433000000000000274e-01 9.493000000000000327e-01
9.433000000000000274e-01 9.491000000000000547e-01
9.433000000000000274e-01 9.491000000000000547e-01
9.433000000000000274e-01 9.494000000000000217e-01
9.433000000000000274e-01 9.491000000000000547e-01
9.433000000000000274e-01 9.488999999999999657e-01
9.433000000000000274e-01 9.486999999999999877e-01
9.433000000000000274e-01 9.484000000000000208e-01
9.433000000000000274e-01 9.493000000000000327e-01
9.433000000000000274e-01 9.495000000000000107e-01
9.433000000000000274e-01 9.496999999999999886e-01
9.433000000000000274e-01 9.497999999999999776e-01
9.433000000000000274e-01 9.497999999999999776e-01
9.433000000000000274e-01 9.495000000000000107e-01
9.433000000000000274e-01 9.495999999999999996e-01
9.433000000000000274e-01 9.487999999999999767e-01
9.433000000000000274e-01 9.491000000000000547e-01
