1.000000000000000000e+00 1.000000000000000000e+00
1.000000000000000000e+00 1.000000000000000000e+00
1.000000000000000000e+00 1.000000000000000000e+00
1.000000000000000000e+00 1.000000000000000000e+00
9.959000000000000075e-01 1.000000000000000000e+00
9.960999999999999854e-01 1.000000000000000000e+00
9.912999999999999590e-01 1.000000000000000000e+00
9.965000000000000524e-01 9.777000000000000135e-01
9.959999999999999964e-01 9.654000000000000359e-01
9.938000000000000167e-01 9.724000000000000421e-01
9.881999999999999673e-01 9.678999999999999826e-01
9.900999999999999801e-01 9.503000000000000336e-01
9.881999999999999673e-01 9.544000000000000261e-01
9.874000000000000554e-01 9.524000000000000243e-01
9.879000000000000004e-01 9.447999999999999732e-01
9.879999999999999893e-01 9.476999999999999869e-01
9.879000000000000004e-01 9.500999999999999446e-01
9.878000000000000114e-01 9.424000000000000155e-01
9.887000000000000233e-01 9.411000000000000476e-01
9.883999999999999453e-01 9.417999999999999705e-01
9.882999999999999563e-01 9.411000000000000476e-01
9.872999999999999554e-01 9.433000000000000274e-01
9.869999999999999885e-01 9.453000000000000291e-01
9.879000000000000004e-01 9.409999999999999476e-01
9.869999999999999885e-01 9.443000000000000282e-01
9.868000000000000105e-01 9.415999999999999925e-01
9.859999999999999876e-01 9.386999999999999789e-01
9.854000000000000536e-01 9.364999999999999991e-01
9.836000000000000298e-01 9.438999999999999613e-01
9.847000000000000197e-01 9.389999999999999458e-01
9.845000000000000417e-01 9.415000000000000036e-01
9.818999999999999950e-01 9.409999999999999476e-01
9.816000000000000281e-01 9.389999999999999458e-01
9.808000000000000052e-01 9.387999999999999678e-01
9.784000000000000474e-01 9.423000000000000265e-01
9.768999999999999906e-01 9.385999999999999899e-01
9.770999999999999686e-01 9.404000000000000137e-01
9.751999999999999558e-01 9.397999999999999687e-01
9.751999999999999558e-01 9.421000000000000485e-01
9.737000000000000099e-01 9.401000000000000467e-01
9.735000000000000320e-01 9.406999999999999806e-01
9.729999999999999760e-01 9.423000000000000265e-01
9.724000000000000421e-01 9.424000000000000155e-01
9.711999999999999522e-01 9.441000000000000503e-01
9.694000000000000394e-01 9.444000000000000172e-01
9.695000000000000284e-01 9.461000000000000520e-01
9.674000000000000377e-01 9.464000000000000190e-01
9.658999999999999808e-01 9.449999999999999512e-01
9.658999999999999808e-01 9.455000000000000071e-01
9.647000000000000020e-01 9.449999999999999512e-01
9.641999999999999460e-01 9.464000000000000190e-01
9.637000000000000011e-01 9.462000000000000410e-01
9.637999999999999901e-01 9.445999999999999952e-01
9.620999999999999552e-01 9.463000000000000300e-01
9.631999999999999451e-01 9.443000000000000282e-01
9.615000000000000213e-01 9.456999999999999851e-01
9.598999999999999755e-01 9.441000000000000503e-01
9.595000000000000195e-01 9.452000000000000401e-01
9.582000000000000517e-01 9.435999999999999943e-01
9.585000000000000187e-01 9.441000000000000503e-01
9.585000000000000187e-01 9.445999999999999952e-01
9.588999999999999746e-01 9.445000000000000062e-01
9.580999999999999517e-01 9.418999999999999595e-01
9.558999999999999719e-01 9.449999999999999512e-01
9.563000000000000389e-01 9.444000000000000172e-01
9.573000000000000398e-01 9.445000000000000062e-01
9.569999999999999618e-01 9.423000000000000265e-01
9.572000000000000508e-01 9.433000000000000274e-01
9.569999999999999618e-01 9.415000000000000036e-01
9.562000000000000499e-01 9.434000000000000163e-01
9.559999999999999609e-01 9.425000000000000044e-01
9.558999999999999719e-01 9.427999999999999714e-01
9.564000000000000279e-01 9.445000000000000062e-01
9.569999999999999618e-01 9.455000000000000071e-01
9.586999999999999966e-01 9.454000000000000181e-01
9.577999999999999847e-01 9.455000000000000071e-01
9.586999999999999966e-01 9.445000000000000062e-01
9.567999999999999838e-01 9.445000000000000062e-01
9.578999999999999737e-01 9.449999999999999512e-01
9.587999999999999856e-01 9.451000000000000512e-01
9.590999999999999526e-01 9.455000000000000071e-01
9.589999999999999636e-01 9.472000000000000419e-01
9.584000000000000297e-01 9.475999999999999979e-01
9.587999999999999856e-01 9.451000000000000512e-01
9.599999999999999645e-01 9.471000000000000529e-01
9.600999999999999535e-01 9.439999999999999503e-01
9.606000000000000094e-01 9.465000000000000080e-01
9.613000000000000433e-01 9.442000000000000393e-01
9.596999999999999975e-01 9.477999999999999758e-01
9.597999999999999865e-01 9.435999999999999943e-01
9.589999999999999636e-01 9.471000000000000529e-01
9.585000000000000187e-01 9.462000000000000410e-01
9.570999999999999508e-01 9.475999999999999979e-01
9.585000000000000187e-01 9.469999999999999529e-01
9.579999999999999627e-01 9.476999999999999869e-01
9.565000000000000169e-01 9.466999999999999860e-01
9.573000000000000398e-01 9.467999999999999750e-01
9.566999999999999948e-01 9.471000000000000529e-01
9.562000000000000499e-01 9.502000000000000446e-01
9.575000000000000178e-01 9.469999999999999529e-01
9.574000000000000288e-01 9.481000000000000538e-01
9.572000000000000508e-01 9.461000000000000520e-01
9.563000000000000389e-01 9.464000000000000190e-01
9.556000000000000050e-01 9.456999999999999851e-01
9.558999999999999719e-01 9.464000000000000190e-01
9.562000000000000499e-01 9.475999999999999979e-01
9.545000000000000151e-01 9.465999999999999970e-01
9.557999999999999829e-01 9.461000000000000520e-01
9.557999999999999829e-01 9.475999999999999979e-01
9.550999999999999490e-01 9.471000000000000529e-01
9.556999999999999940e-01 9.491000000000000547e-01
9.550999999999999490e-01 9.473000000000000309e-01
9.549999999999999600e-01 9.484000000000000208e-01
9.533000000000000362e-01 9.459999999999999520e-01
9.537999999999999812e-01 9.463000000000000300e-01
9.528999999999999693e-01 9.456999999999999851e-01
9.534000000000000252e-01 9.454000000000000181e-01
9.544000000000000261e-01 9.469999999999999529e-01
9.528999999999999693e-01 9.458999999999999631e-01
9.522000000000000464e-01 9.477999999999999758e-01
9.529999999999999583e-01 9.492000000000000437e-01
9.518999999999999684e-01 9.474000000000000199e-01
9.519999999999999574e-01 9.472000000000000419e-01
9.513000000000000345e-01 9.466999999999999860e-01
9.507999999999999785e-01 9.467999999999999750e-01
9.522000000000000464e-01 9.473000000000000309e-01
9.523000000000000353e-01 9.468999999999999639e-01
9.515000000000000124e-01 9.475999999999999979e-01
9.513000000000000345e-01 9.484000000000000208e-01
9.507999999999999785e-01 9.481000000000000538e-01
9.503000000000000336e-01 9.464000000000000190e-01
9.494000000000000217e-01 9.472000000000000419e-01
9.498999999999999666e-01 9.476999999999999869e-01
9.497999999999999776e-01 9.464000000000000190e-01
9.496999999999999886e-01 9.474000000000000199e-01
9.499999999999999556e-01 9.475000000000000089e-01
9.499999999999999556e-01 9.474000000000000199e-01
9.503000000000000336e-01 9.476999999999999869e-01
9.498999999999999666e-01 9.478999999999999648e-01
9.496999999999999886e-01 9.486999999999999877e-01
9.491000000000000547e-01 9.468999999999999639e-01
9.496999999999999886e-01 9.496999999999999886e-01
9.504000000000000226e-01 9.469999999999999529e-01
9.503000000000000336e-01 9.479999999999999538e-01
9.500999999999999446e-01 9.479999999999999538e-01
9.512000000000000455e-01 9.483000000000000318e-01
9.508999999999999675e-01 9.483000000000000318e-01
9.503000000000000336e-01 9.498999999999999666e-01
9.506000000000000005e-01 9.465000000000000080e-01
9.507999999999999785e-01 9.498999999999999666e-01
9.499999999999999556e-01 9.483000000000000318e-01
9.503000000000000336e-01 9.487999999999999767e-01
9.503000000000000336e-01 9.475999999999999979e-01
9.507999999999999785e-01 9.485999999999999988e-01
9.498999999999999666e-01 9.472000000000000419e-01
9.502000000000000446e-01 9.479999999999999538e-01
9.500999999999999446e-01 9.469999999999999529e-01
9.488999999999999657e-01 9.477999999999999758e-01
9.489999999999999547e-01 9.456999999999999851e-01
9.488999999999999657e-01 9.471000000000000529e-01
9.487999999999999767e-01 9.445999999999999952e-01
9.481000000000000538e-01 9.462000000000000410e-01
9.476999999999999869e-01 9.455999999999999961e-01
9.475000000000000089e-01 9.475000000000000089e-01
9.472000000000000419e-01 9.466999999999999860e-01
9.479999999999999538e-01 9.464000000000000190e-01
9.473000000000000309e-01 9.483000000000000318e-01
9.475999999999999979e-01 9.474000000000000199e-01
9.484000000000000208e-01 9.491000000000000547e-01
9.485000000000000098e-01 9.486999999999999877e-01
9.484000000000000208e-01 9.484000000000000208e-01
9.483000000000000318e-01 9.479999999999999538e-01
9.474000000000000199e-01 9.475999999999999979e-01
9.469999999999999529e-01 9.458999999999999631e-01
9.471000000000000529e-01 9.472000000000000419e-01
9.475000000000000089e-01 9.473000000000000309e-01
9.468999999999999639e-01 9.465999999999999970e-01
9.473000000000000309e-01 9.475999999999999979e-01
9.475999999999999979e-01 9.479999999999999538e-01
9.476999999999999869e-01 9.463000000000000300e-01
9.482000000000000428e-01 9.466999999999999860e-01
9.489999999999999547e-01 9.461000000000000520e-01
9.478999999999999648e-01 9.478999999999999648e-01
9.477999999999999758e-01 9.481000000000000538e-01
9.479999999999999538e-01 9.486999999999999877e-01
9.483000000000000318e-01 9.475999999999999979e-01
9.481000000000000538e-01 9.499999999999999556e-01
9.478999999999999648e-01 9.493000000000000327e-01
9.476999999999999869e-01 9.497999999999999776e-01
9.481000000000000538e-01 9.487999999999999767e-01
9.493000000000000327e-01 9.475999999999999979e-01
9.497999999999999776e-01 9.482000000000000428e-01
9.496999999999999886e-01 9.485999999999999988e-01
9.491000000000000547e-01 9.473000000000000309e-01
9.494000000000000217e-01 9.474000000000000199e-01
9.495999999999999996e-01 9.466999999999999860e-01
9.496999999999999886e-01 9.476999999999999869e-01
9.489999999999999547e-01 9.473000000000000309e-01
9.500999999999999446e-01 9.484000000000000208e-01
9.500999999999999446e-01 9.488999999999999657e-01
9.495000000000000107e-01 9.486999999999999877e-01
9.489999999999999547e-01 9.481000000000000538e-01
9.495000000000000107e-01 9.488999999999999657e-01
9.484000000000000208e-01 9.477999999999999758e-01
9.496999999999999886e-01 9.487999999999999767e-01
9.495000000000000107e-01 9.485999999999999988e-01
9.487999999999999767e-01 9.489999999999999547e-01
9.485000000000000098e-01 9.486999999999999877e-01
9.483000000000000318e-01 9.489999999999999547e-01
9.482000000000000428e-01 9.491000000000000547e-01
9.487999999999999767e-01 9.495000000000000107e-01
9.488999999999999657e-01 9.498999999999999666e-01
9.482000000000000428e-01 9.494000000000000217e-01
9.487999999999999767e-01 9.500999999999999446e-01
9.491000000000000547e-01 9.495000000000000107e-01
9.481000000000000538e-01 9.485000000000000098e-01
9.466999999999999860e-01 9.485999999999999988e-01
9.475000000000000089e-01 9.487999999999999767e-01
9.469999999999999529e-01 9.478999999999999648e-01
9.469999999999999529e-01 9.485999999999999988e-01
9.466999999999999860e-01 9.473000000000000309e-01
9.468999999999999639e-01 9.472000000000000419e-01
9.473000000000000309e-01 9.483000000000000318e-01
9.469999999999999529e-01 9.475000000000000089e-01
9.464000000000000190e-01 9.476999999999999869e-01
9.464000000000000190e-01 9.478999999999999648e-01
9.468999999999999639e-01 9.467999999999999750e-01
9.474000000000000199e-01 9.482000000000000428e-01
9.471000000000000529e-01 9.485000000000000098e-01
9.485000000000000098e-01 9.496999999999999886e-01
9.477999999999999758e-01 9.489999999999999547e-01
9.477999999999999758e-01 9.496999999999999886e-01
9.475999999999999979e-01 9.482000000000000428e-01
9.475999999999999979e-01 9.499999999999999556e-01
9.477999999999999758e-01 9.492000000000000437e-01
9.482000000000000428e-01 9.488999999999999657e-01
9.478999999999999648e-01 9.495000000000000107e-01
9.477999999999999758e-01 9.485000000000000098e-01
9.469999999999999529e-01 9.489999999999999547e-01
9.479999999999999538e-01 9.477999999999999758e-01
9.483000000000000318e-01 9.502000000000000446e-01
9.481000000000000538e-01 9.474000000000000199e-01
9.479999999999999538e-01 9.485000000000000098e-01
9.479999999999999538e-01 9.474000000000000199e-01
9.485000000000000098e-01 9.482000000000000428e-01
9.471000000000000529e-01 9.495000000000000107e-01
9.476999999999999869e-01 9.479999999999999538e-01
9.475999999999999979e-01 9.491000000000000547e-01
9.469999999999999529e-01 9.475999999999999979e-01
9.472000000000000419e-01 9.499999999999999556e-01
9.472000000000000419e-01 9.492000000000000437e-01
9.471000000000000529e-01 9.492000000000000437e-01
9.471000000000000529e-01 9.491000000000000547e-01
9.466999999999999860e-01 9.489999999999999547e-01
9.468999999999999639e-01 9.514000000000000234e-01
9.472000000000000419e-01 9.491000000000000547e-01
9.458999999999999631e-01 9.494000000000000217e-01
9.467999999999999750e-01 9.495000000000000107e-01
9.467999999999999750e-01 9.503000000000000336e-01
9.464000000000000190e-01 9.495000000000000107e-01
9.462000000000000410e-01 9.495999999999999996e-01
9.466999999999999860e-01 9.495999999999999996e-01
9.468999999999999639e-01 9.483000000000000318e-01
9.465999999999999970e-01 9.500999999999999446e-01
9.466999999999999860e-01 9.493000000000000327e-01
9.465999999999999970e-01 9.496999999999999886e-01
9.465999999999999970e-01 9.484000000000000208e-01
9.467999999999999750e-01 9.491000000000000547e-01
9.468999999999999639e-01 9.481000000000000538e-01
9.471000000000000529e-01 9.495999999999999996e-01
9.466999999999999860e-01 9.485000000000000098e-01
9.472000000000000419e-01 9.485999999999999988e-01
9.481000000000000538e-01 9.487999999999999767e-01
9.479999999999999538e-01 9.495000000000000107e-01
9.476999999999999869e-01 9.497999999999999776e-01
9.482000000000000428e-01 9.498999999999999666e-01
9.484000000000000208e-01 9.497999999999999776e-01
9.477999999999999758e-01 9.500999999999999446e-01
9.481000000000000538e-01 9.503000000000000336e-01
9.478999999999999648e-01 9.493000000000000327e-01
9.482000000000000428e-01 9.497999999999999776e-01
9.486999999999999877e-01 9.472000000000000419e-01
9.481000000000000538e-01 9.493000000000000327e-01
9.477999999999999758e-01 9.481000000000000538e-01
9.475000000000000089e-01 9.485000000000000098e-01
9.478999999999999648e-01 9.481000000000000538e-01
9.479999999999999538e-01 9.487999999999999767e-01
9.485999999999999988e-01 9.469999999999999529e-01
9.485000000000000098e-01 9.466999999999999860e-01
9.487999999999999767e-01 9.467999999999999750e-01
9.492000000000000437e-01 9.475999999999999979e-01
9.494000000000000217e-01 9.477999999999999758e-01
9.485000000000000098e-01 9.476999999999999869e-01
9.482000000000000428e-01 9.481000000000000538e-01
9.482000000000000428e-01 9.484000000000000208e-01
9.485000000000000098e-01 9.485999999999999988e-01
9.484000000000000208e-01 9.479999999999999538e-01
9.485000000000000098e-01 9.484000000000000208e-01
9.483000000000000318e-01 9.485000000000000098e-01
9.479999999999999538e-01 9.482000000000000428e-01
9.485000000000000098e-01 9.484000000000000208e-01
9.481000000000000538e-01 9.483000000000000318e-01
9.478999999999999648e-01 9.487999999999999767e-01
9.481000000000000538e-01 9.463000000000000300e-01
9.481000000000000538e-01 9.477999999999999758e-01
9.481000000000000538e-01 9.472000000000000419e-01
9.478999999999999648e-01 9.475000000000000089e-01
9.477999999999999758e-01 9.476999999999999869e-01
9.475999999999999979e-01 9.482000000000000428e-01
9.476999999999999869e-01 9.475000000000000089e-01
9.483000000000000318e-01 9.482000000000000428e-01
9.482000000000000428e-01 9.485999999999999988e-01
9.478999999999999648e-01 9.486999999999999877e-01
9.478999999999999648e-01 9.483000000000000318e-01
9.476999999999999869e-01 9.493000000000000327e-01
9.475999999999999979e-01 9.500999999999999446e-01
9.478999999999999648e-01 9.493000000000000327e-01
9.473000000000000309e-01 9.487999999999999767e-01
9.469999999999999529e-01 9.495000000000000107e-01
9.477999999999999758e-01 9.505000000000000115e-01
9.477999999999999758e-01 9.495999999999999996e-01
9.468999999999999639e-01 9.503000000000000336e-01
9.477999999999999758e-01 9.489999999999999547e-01
9.474000000000000199e-01 9.505000000000000115e-01
9.471000000000000529e-01 9.489999999999999547e-01
9.472000000000000419e-01 9.498999999999999666e-01
9.474000000000000199e-01 9.492000000000000437e-01
9.473000000000000309e-01 9.504000000000000226e-01
9.472000000000000419e-01 9.495999999999999996e-01
9.475999999999999979e-01 9.507999999999999785e-01
9.475999999999999979e-01 9.495999999999999996e-01
9.478999999999999648e-01 9.500999999999999446e-01
9.475000000000000089e-01 9.495999999999999996e-01
9.475999999999999979e-01 9.504000000000000226e-01
9.478999999999999648e-01 9.498999999999999666e-01
9.471000000000000529e-01 9.506000000000000005e-01
9.475999999999999979e-01 9.506999999999999895e-01
9.474000000000000199e-01 9.500999999999999446e-01
9.475000000000000089e-01 9.506999999999999895e-01
9.475999999999999979e-01 9.502000000000000446e-01
9.475999999999999979e-01 9.514000000000000234e-01
9.471000000000000529e-01 9.500999999999999446e-01
9.476999999999999869e-01 9.516999999999999904e-01
9.479999999999999538e-01 9.507999999999999785e-01
9.476999999999999869e-01 9.502000000000000446e-01
9.473000000000000309e-01 9.512000000000000455e-01
9.469999999999999529e-01 9.499999999999999556e-01
9.465000000000000080e-01 9.495000000000000107e-01
9.467999999999999750e-01 9.484000000000000208e-01
9.471000000000000529e-01 9.503000000000000336e-01
9.468999999999999639e-01 9.485000000000000098e-01
9.475999999999999979e-01 9.491000000000000547e-01
9.473000000000000309e-01 9.481000000000000538e-01
9.475000000000000089e-01 9.497999999999999776e-01
9.478999999999999648e-01 9.493000000000000327e-01
9.477999999999999758e-01 9.502000000000000446e-01
9.477999999999999758e-01 9.489999999999999547e-01
9.479999999999999538e-01 9.503000000000000336e-01
9.475999999999999979e-01 9.495000000000000107e-01
9.479999999999999538e-01 9.506000000000000005e-01
9.482000000000000428e-01 9.503000000000000336e-01
9.488999999999999657e-01 9.505000000000000115e-01
9.487999999999999767e-01 9.510999999999999455e-01
9.485000000000000098e-01 9.502000000000000446e-01
9.483000000000000318e-01 9.508999999999999675e-01
9.482000000000000428e-01 9.509999999999999565e-01
9.474000000000000199e-01 9.504000000000000226e-01
9.483000000000000318e-01 9.510999999999999455e-01
9.482000000000000428e-01 9.502000000000000446e-01
9.485999999999999988e-01 9.516000000000000014e-01
9.478999999999999648e-01 9.498999999999999666e-01
9.474000000000000199e-01 9.516000000000000014e-01
9.473000000000000309e-01 9.484000000000000208e-01
9.465999999999999970e-01 9.517999999999999794e-01
9.463000000000000300e-01 9.507999999999999785e-01
9.466999999999999860e-01 9.524000000000000243e-01
9.465000000000000080e-01 9.508999999999999675e-01
9.473000000000000309e-01 9.522000000000000464e-01
9.469999999999999529e-01 9.526999999999999913e-01
9.468999999999999639e-01 9.527999999999999803e-01
9.468999999999999639e-01 9.536999999999999922e-01
9.465999999999999970e-01 9.528999999999999693e-01
9.466999999999999860e-01 9.520999999999999464e-01
9.459999999999999520e-01 9.518999999999999684e-01
9.459999999999999520e-01 9.517999999999999794e-01
9.464000000000000190e-01 9.508999999999999675e-01
9.458999999999999631e-01 9.506000000000000005e-01
9.455000000000000071e-01 9.515000000000000124e-01
9.456999999999999851e-01 9.517999999999999794e-01
9.458999999999999631e-01 9.514000000000000234e-01
9.451000000000000512e-01 9.512000000000000455e-01
9.456999999999999851e-01 9.517999999999999794e-01
9.459999999999999520e-01 9.498999999999999666e-01
9.453000000000000291e-01 9.512000000000000455e-01
9.457999999999999741e-01 9.496999999999999886e-01
9.457999999999999741e-01 9.513000000000000345e-01
9.451000000000000512e-01 9.498999999999999666e-01
9.449999999999999512e-01 9.505000000000000115e-01
9.451000000000000512e-01 9.508999999999999675e-01
9.456999999999999851e-01 9.514000000000000234e-01
9.454000000000000181e-01 9.507999999999999785e-01
9.445999999999999952e-01 9.512000000000000455e-01
9.443000000000000282e-01 9.504000000000000226e-01
9.443000000000000282e-01 9.508999999999999675e-01
9.448999999999999622e-01 9.510999999999999455e-01
9.447999999999999732e-01 9.508999999999999675e-01
9.448999999999999622e-01 9.503000000000000336e-01
9.455999999999999961e-01 9.495000000000000107e-01
9.455000000000000071e-01 9.497999999999999776e-01
9.454000000000000181e-01 9.496999999999999886e-01
9.448999999999999622e-01 9.496999999999999886e-01
9.455000000000000071e-01 9.495999999999999996e-01
9.449999999999999512e-01 9.503000000000000336e-01
9.455999999999999961e-01 9.507999999999999785e-01
9.452000000000000401e-01 9.500999999999999446e-01
9.452000000000000401e-01 9.498999999999999666e-01
9.454000000000000181e-01 9.513000000000000345e-01
9.453000000000000291e-01 9.503000000000000336e-01
9.451000000000000512e-01 9.495999999999999996e-01
9.456999999999999851e-01 9.495999999999999996e-01
9.456999999999999851e-01 9.504000000000000226e-01
9.456999999999999851e-01 9.495000000000000107e-01
9.455999999999999961e-01 9.502000000000000446e-01
9.455000000000000071e-01 9.495999999999999996e-01
9.452000000000000401e-01 9.500999999999999446e-01
9.454000000000000181e-01 9.487999999999999767e-01
9.454000000000000181e-01 9.486999999999999877e-01
9.454000000000000181e-01 9.485000000000000098e-01
9.454000000000000181e-01 9.487999999999999767e-01
9.449999999999999512e-01 9.475999999999999979e-01
9.454000000000000181e-01 9.476999999999999869e-01
9.458999999999999631e-01 9.477999999999999758e-01
9.458999999999999631e-01 9.497999999999999776e-01
9.458999999999999631e-01 9.484000000000000208e-01
9.457999999999999741e-01 9.495999999999999996e-01
9.461000000000000520e-01 9.482000000000000428e-01
9.463000000000000300e-01 9.485999999999999988e-01
9.453000000000000291e-01 9.481000000000000538e-01
9.455000000000000071e-01 9.488999999999999657e-01
9.455000000000000071e-01 9.486999999999999877e-01
9.455999999999999961e-01 9.497999999999999776e-01
9.461000000000000520e-01 9.486999999999999877e-01
9.458999999999999631e-01 9.499999999999999556e-01
9.455999999999999961e-01 9.491000000000000547e-01
9.463000000000000300e-01 9.492000000000000437e-01
9.456999999999999851e-01 9.495000000000000107e-01
9.461000000000000520e-01 9.484000000000000208e-01
9.464000000000000190e-01 9.500999999999999446e-01
9.463000000000000300e-01 9.488999999999999657e-01
9.459999999999999520e-01 9.499999999999999556e-01
9.456999999999999851e-01 9.491000000000000547e-01
9.455999999999999961e-01 9.483000000000000318e-01
9.462000000000000410e-01 9.495999999999999996e-01
9.465000000000000080e-01 9.486999999999999877e-01
9.462000000000000410e-01 9.493000000000000327e-01
9.459999999999999520e-01 9.497999999999999776e-01
9.459999999999999520e-01 9.495999999999999996e-01
9.456999999999999851e-01 9.496999999999999886e-01
9.455000000000000071e-01 9.492000000000000437e-01
9.456999999999999851e-01 9.488999999999999657e-01
9.452000000000000401e-01 9.479999999999999538e-01
9.459999999999999520e-01 9.471000000000000529e-01
9.455000000000000071e-01 9.474000000000000199e-01
9.453000000000000291e-01 9.482000000000000428e-01
9.456999999999999851e-01 9.485999999999999988e-01
9.455999999999999961e-01 9.483000000000000318e-01
9.451000000000000512e-01 9.491000000000000547e-01
9.448999999999999622e-01 9.487999999999999767e-01
9.452000000000000401e-01 9.496999999999999886e-01
9.446999999999999842e-01 9.492000000000000437e-01
9.445999999999999952e-01 9.503000000000000336e-01
9.445999999999999952e-01 9.497999999999999776e-01
9.451000000000000512e-01 9.495999999999999996e-01
9.451000000000000512e-01 9.495000000000000107e-01
9.446999999999999842e-01 9.488999999999999657e-01
9.447999999999999732e-01 9.485000000000000098e-01
9.447999999999999732e-01 9.477999999999999758e-01
9.449999999999999512e-01 9.471000000000000529e-01
9.447999999999999732e-01 9.477999999999999758e-01
9.448999999999999622e-01 9.476999999999999869e-01
9.455000000000000071e-01 9.478999999999999648e-01
9.453000000000000291e-01 9.476999999999999869e-01
9.445000000000000062e-01 9.486999999999999877e-01
9.445000000000000062e-01 9.469999999999999529e-01
9.448999999999999622e-01 9.481000000000000538e-01
9.442000000000000393e-01 9.477999999999999758e-01
9.445000000000000062e-01 9.481000000000000538e-01
9.445000000000000062e-01 9.471000000000000529e-01
9.445999999999999952e-01 9.485000000000000098e-01
9.447999999999999732e-01 9.478999999999999648e-01
9.449999999999999512e-01 9.479999999999999538e-01
9.448999999999999622e-01 9.493000000000000327e-01
9.444000000000000172e-01 9.495000000000000107e-01
9.447999999999999732e-01 9.484000000000000208e-01
9.445000000000000062e-01 9.479999999999999538e-01
9.449999999999999512e-01 9.492000000000000437e-01
9.446999999999999842e-01 9.474000000000000199e-01
9.448999999999999622e-01 9.485999999999999988e-01
9.447999999999999732e-01 9.473000000000000309e-01
9.446999999999999842e-01 9.485999999999999988e-01
9.445000000000000062e-01 9.478999999999999648e-01
9.446999999999999842e-01 9.487999999999999767e-01
9.444000000000000172e-01 9.488999999999999657e-01
9.446999999999999842e-01 9.488999999999999657e-01
9.448999999999999622e-01 9.493000000000000327e-01
9.448999999999999622e-01 9.499999999999999556e-01
9.451000000000000512e-01 9.512000000000000455e-01
9.455000000000000071e-01 9.498999999999999666e-01
9.455000000000000071e-01 9.526000000000000023e-01
9.453000000000000291e-01 9.506999999999999895e-01
9.452000000000000401e-01 9.516000000000000014e-01
9.446999999999999842e-01 9.483000000000000318e-01
9.445999999999999952e-01 9.496999999999999886e-01
9.454000000000000181e-01 9.475999999999999979e-01
9.451000000000000512e-01 9.491000000000000547e-01
9.444000000000000172e-01 9.472000000000000419e-01
9.451000000000000512e-01 9.484000000000000208e-01
9.447999999999999732e-01 9.479999999999999538e-01
9.442000000000000393e-01 9.493000000000000327e-01
9.445999999999999952e-01 9.482000000000000428e-01
9.448999999999999622e-01 9.484000000000000208e-01
9.451000000000000512e-01 9.485000000000000098e-01
9.454000000000000181e-01 9.487999999999999767e-01
9.452000000000000401e-01 9.488999999999999657e-01
9.451000000000000512e-01 9.485999999999999988e-01
9.448999999999999622e-01 9.482000000000000428e-01
9.446999999999999842e-01 9.485999999999999988e-01
9.449999999999999512e-01 9.479999999999999538e-01
9.447999999999999732e-01 9.486999999999999877e-01
9.449999999999999512e-01 9.486999999999999877e-01
9.443000000000000282e-01 9.496999999999999886e-01
9.447999999999999732e-01 9.484000000000000208e-01
9.445999999999999952e-01 9.503000000000000336e-01
9.436999999999999833e-01 9.485000000000000098e-01
9.437999999999999723e-01 9.498999999999999666e-01
9.434000000000000163e-01 9.477999999999999758e-01
9.436999999999999833e-01 9.495000000000000107e-01
9.434000000000000163e-01 9.488999999999999657e-01
9.433000000000000274e-01 9.482000000000000428e-01
9.435999999999999943e-01 9.483000000000000318e-01
9.437999999999999723e-01 9.485999999999999988e-01
9.438999999999999613e-01 9.486999999999999877e-01
9.439999999999999503e-01 9.485999999999999988e-01
9.441000000000000503e-01 9.483000000000000318e-01
9.441000000000000503e-01 9.492000000000000437e-01
9.441000000000000503e-01 9.495999999999999996e-01
9.441000000000000503e-01 9.495000000000000107e-01
9.439999999999999503e-01 9.492000000000000437e-01
9.441000000000000503e-01 9.487999999999999767e-01
9.445000000000000062e-01 9.492000000000000437e-01
9.444000000000000172e-01 9.486999999999999877e-01
9.444000000000000172e-01 9.479999999999999538e-01
9.445999999999999952e-01 9.478999999999999648e-01
9.446999999999999842e-01 9.475999999999999979e-01
9.449999999999999512e-01 9.478999999999999648e-01
9.448999999999999622e-01 9.481000000000000538e-01
9.445000000000000062e-01 9.477999999999999758e-01
9.444000000000000172e-01 9.487999999999999767e-01
9.441000000000000503e-01 9.481000000000000538e-01
9.446999999999999842e-01 9.475000000000000089e-01
9.444000000000000172e-01 9.477999999999999758e-01
9.445000000000000062e-01 9.485000000000000098e-01
9.444000000000000172e-01 9.487999999999999767e-01
9.438999999999999613e-01 9.479999999999999538e-01
9.436999999999999833e-01 9.488999999999999657e-01
9.437999999999999723e-01 9.475000000000000089e-01
9.442000000000000393e-01 9.472000000000000419e-01
9.439999999999999503e-01 9.466999999999999860e-01
9.439999999999999503e-01 9.475999999999999979e-01
9.441000000000000503e-01 9.478999999999999648e-01
9.442000000000000393e-01 9.493000000000000327e-01
9.443000000000000282e-01 9.487999999999999767e-01
9.445999999999999952e-01 9.486999999999999877e-01
9.444000000000000172e-01 9.491000000000000547e-01
9.448999999999999622e-01 9.495000000000000107e-01
9.442000000000000393e-01 9.489999999999999547e-01
9.442000000000000393e-01 9.487999999999999767e-01
9.443000000000000282e-01 9.486999999999999877e-01
9.444000000000000172e-01 9.492000000000000437e-01
9.443000000000000282e-01 9.482000000000000428e-01
9.439999999999999503e-01 9.488999999999999657e-01
9.439999999999999503e-01 9.478999999999999648e-01
9.441000000000000503e-01 9.476999999999999869e-01
9.439999999999999503e-01 9.491000000000000547e-01
9.445000000000000062e-01 9.481000000000000538e-01
9.451000000000000512e-01 9.496999999999999886e-01
9.445000000000000062e-01 9.492000000000000437e-01
9.445000000000000062e-01 9.494000000000000217e-01
9.442000000000000393e-01 9.494000000000000217e-01
9.445000000000000062e-01 9.491000000000000547e-01
9.445000000000000062e-01 9.496999999999999886e-01
9.445999999999999952e-01 9.481000000000000538e-01
9.447999999999999732e-01 9.487999999999999767e-01
9.447999999999999732e-01 9.482000000000000428e-01
9.445999999999999952e-01 9.476999999999999869e-01
9.452000000000000401e-01 9.481000000000000538e-01
9.446999999999999842e-01 9.482000000000000428e-01
9.444000000000000172e-01 9.472000000000000419e-01
9.438999999999999613e-01 9.481000000000000538e-01
9.439999999999999503e-01 9.484000000000000208e-01
9.436999999999999833e-01 9.488999999999999657e-01
9.437999999999999723e-01 9.485000000000000098e-01
9.439999999999999503e-01 9.475999999999999979e-01
9.439999999999999503e-01 9.491000000000000547e-01
9.439999999999999503e-01 9.474000000000000199e-01
9.441000000000000503e-01 9.491000000000000547e-01
9.439999999999999503e-01 9.475999999999999979e-01
9.444000000000000172e-01 9.495000000000000107e-01
9.445000000000000062e-01 9.475999999999999979e-01
9.445999999999999952e-01 9.502000000000000446e-01
9.447999999999999732e-01 9.466999999999999860e-01
9.445000000000000062e-01 9.477999999999999758e-01
9.445000000000000062e-01 9.471000000000000529e-01
9.448999999999999622e-01 9.487999999999999767e-01
9.448999999999999622e-01 9.475999999999999979e-01
9.446999999999999842e-01 9.479999999999999538e-01
9.443000000000000282e-01 9.479999999999999538e-01
9.449999999999999512e-01 9.471000000000000529e-01
9.449999999999999512e-01 9.471000000000000529e-01
9.452000000000000401e-01 9.465999999999999970e-01
9.454000000000000181e-01 9.466999999999999860e-01
9.455000000000000071e-01 9.483000000000000318e-01
9.456999999999999851e-01 9.482000000000000428e-01
9.457999999999999741e-01 9.484000000000000208e-01
9.465000000000000080e-01 9.495000000000000107e-01
9.464000000000000190e-01 9.489999999999999547e-01
9.469999999999999529e-01 9.488999999999999657e-01
9.472000000000000419e-01 9.493000000000000327e-01
9.472000000000000419e-01 9.488999999999999657e-01
9.473000000000000309e-01 9.496999999999999886e-01
9.472000000000000419e-01 9.485999999999999988e-01
9.473000000000000309e-01 9.497999999999999776e-01
9.468999999999999639e-01 9.477999999999999758e-01
9.474000000000000199e-01 9.491000000000000547e-01
9.472000000000000419e-01 9.473000000000000309e-01
9.475000000000000089e-01 9.495000000000000107e-01
9.473000000000000309e-01 9.468999999999999639e-01
9.476999999999999869e-01 9.492000000000000437e-01
9.475999999999999979e-01 9.482000000000000428e-01
9.477999999999999758e-01 9.496999999999999886e-01
9.479999999999999538e-01 9.477999999999999758e-01
9.482000000000000428e-01 9.483000000000000318e-01
9.483000000000000318e-01 9.488999999999999657e-01
9.481000000000000538e-01 9.478999999999999648e-01
9.483000000000000318e-01 9.487999999999999767e-01
9.483000000000000318e-01 9.481000000000000538e-01
9.487999999999999767e-01 9.493000000000000327e-01
9.486999999999999877e-01 9.485999999999999988e-01
9.486999999999999877e-01 9.483000000000000318e-01
9.485999999999999988e-01 9.471000000000000529e-01
9.493000000000000327e-01 9.472000000000000419e-01
9.491000000000000547e-01 9.471000000000000529e-01
9.493000000000000327e-01 9.473000000000000309e-01
9.488999999999999657e-01 9.474000000000000199e-01
9.489999999999999547e-01 9.476999999999999869e-01
9.491000000000000547e-01 9.475999999999999979e-01
9.489999999999999547e-01 9.479999999999999538e-01
9.486999999999999877e-01 9.478999999999999648e-01
9.485999999999999988e-01 9.475999999999999979e-01
9.491000000000000547e-01 9.479999999999999538e-01
9.487999999999999767e-01 9.474000000000000199e-01
9.487999999999999767e-01 9.488999999999999657e-01
9.485000000000000098e-01 9.473000000000000309e-01
9.487999999999999767e-01 9.481000000000000538e-01
9.491000000000000547e-01 9.459999999999999520e-01
9.485999999999999988e-01 9.484000000000000208e-01
9.488999999999999657e-01 9.468999999999999639e-01
9.495000000000000107e-01 9.485000000000000098e-01
9.492000000000000437e-01 9.459999999999999520e-01
9.487999999999999767e-01 9.471000000000000529e-01
9.486999999999999877e-01 9.463000000000000300e-01
9.485000000000000098e-01 9.466999999999999860e-01
9.481000000000000538e-01 9.466999999999999860e-01
9.481000000000000538e-01 9.471000000000000529e-01
9.484000000000000208e-01 9.462000000000000410e-01
9.486999999999999877e-01 9.469999999999999529e-01
9.492000000000000437e-01 9.465999999999999970e-01
9.489999999999999547e-01 9.467999999999999750e-01
9.486999999999999877e-01 9.468999999999999639e-01
9.483000000000000318e-01 9.465000000000000080e-01
9.485000000000000098e-01 9.471000000000000529e-01
9.485000000000000098e-01 9.471000000000000529e-01
9.483000000000000318e-01 9.484000000000000208e-01
9.489999999999999547e-01 9.479999999999999538e-01
9.492000000000000437e-01 9.477999999999999758e-01
9.488999999999999657e-01 9.476999999999999869e-01
9.492000000000000437e-01 9.488999999999999657e-01
9.485999999999999988e-01 9.492000000000000437e-01
9.485000000000000098e-01 9.487999999999999767e-01
9.486999999999999877e-01 9.485999999999999988e-01
9.486999999999999877e-01 9.479999999999999538e-01
9.482000000000000428e-01 9.492000000000000437e-01
9.485000000000000098e-01 9.483000000000000318e-01
9.485999999999999988e-01 9.495999999999999996e-01
9.484000000000000208e-01 9.489999999999999547e-01
9.483000000000000318e-01 9.494000000000000217e-01
9.485999999999999988e-01 9.487999999999999767e-01
9.484000000000000208e-01 9.487999999999999767e-01
9.485999999999999988e-01 9.497999999999999776e-01
9.484000000000000208e-01 9.493000000000000327e-01
9.479999999999999538e-01 9.483000000000000318e-01
9.481000000000000538e-01 9.492000000000000437e-01
9.484000000000000208e-01 9.491000000000000547e-01
9.486999999999999877e-01 9.496999999999999886e-01
9.485000000000000098e-01 9.484000000000000208e-01
9.485999999999999988e-01 9.496999999999999886e-01
9.486999999999999877e-01 9.491000000000000547e-01
9.487999999999999767e-01 9.489999999999999547e-01
9.482000000000000428e-01 9.486999999999999877e-01
9.479999999999999538e-01 9.485999999999999988e-01
9.477999999999999758e-01 9.497999999999999776e-01
9.478999999999999648e-01 9.483000000000000318e-01
9.475000000000000089e-01 9.497999999999999776e-01
9.465000000000000080e-01 9.489999999999999547e-01
9.471000000000000529e-01 9.486999999999999877e-01
9.474000000000000199e-01 9.482000000000000428e-01
9.473000000000000309e-01 9.478999999999999648e-01
9.476999999999999869e-01 9.492000000000000437e-01
9.477999999999999758e-01 9.486999999999999877e-01
9.473000000000000309e-01 9.500999999999999446e-01
9.474000000000000199e-01 9.484000000000000208e-01
9.473000000000000309e-01 9.486999999999999877e-01
9.477999999999999758e-01 9.474000000000000199e-01
9.477999999999999758e-01 9.477999999999999758e-01
9.475999999999999979e-01 9.474000000000000199e-01
9.476999999999999869e-01 9.478999999999999648e-01
9.477999999999999758e-01 9.473000000000000309e-01
9.475999999999999979e-01 9.479999999999999538e-01
9.475000000000000089e-01 9.471000000000000529e-01
9.469999999999999529e-01 9.489999999999999547e-01
9.472000000000000419e-01 9.484000000000000208e-01
9.474000000000000199e-01 9.493000000000000327e-01
9.475999999999999979e-01 9.478999999999999648e-01
9.471000000000000529e-01 9.486999999999999877e-01
9.472000000000000419e-01 9.485000000000000098e-01
9.474000000000000199e-01 9.476999999999999869e-01
9.475999999999999979e-01 9.478999999999999648e-01
9.475999999999999979e-01 9.476999999999999869e-01
9.481000000000000538e-01 9.484000000000000208e-01
9.477999999999999758e-01 9.485000000000000098e-01
9.482000000000000428e-01 9.476999999999999869e-01
9.482000000000000428e-01 9.476999999999999869e-01
9.481000000000000538e-01 9.475000000000000089e-01
9.481000000000000538e-01 9.475000000000000089e-01
9.482000000000000428e-01 9.496999999999999886e-01
9.479999999999999538e-01 9.481000000000000538e-01
9.481000000000000538e-01 9.486999999999999877e-01
9.483000000000000318e-01 9.487999999999999767e-01
9.482000000000000428e-01 9.502000000000000446e-01
9.485000000000000098e-01 9.492000000000000437e-01
9.484000000000000208e-01 9.494000000000000217e-01
9.478999999999999648e-01 9.489999999999999547e-01
9.477999999999999758e-01 9.488999999999999657e-01
9.479999999999999538e-01 9.479999999999999538e-01
9.479999999999999538e-01 9.483000000000000318e-01
9.476999999999999869e-01 9.486999999999999877e-01
9.479999999999999538e-01 9.492000000000000437e-01
9.484000000000000208e-01 9.489999999999999547e-01
9.481000000000000538e-01 9.484000000000000208e-01
9.487999999999999767e-01 9.492000000000000437e-01
9.488999999999999657e-01 9.481000000000000538e-01
9.485999999999999988e-01 9.491000000000000547e-01
9.483000000000000318e-01 9.488999999999999657e-01
9.481000000000000538e-01 9.504000000000000226e-01
9.487999999999999767e-01 9.493000000000000327e-01
9.484000000000000208e-01 9.489999999999999547e-01
9.478999999999999648e-01 9.487999999999999767e-01
9.477999999999999758e-01 9.495000000000000107e-01
9.473000000000000309e-01 9.485999999999999988e-01
9.472000000000000419e-01 9.493000000000000327e-01
9.469999999999999529e-01 9.493000000000000327e-01
9.468999999999999639e-01 9.483000000000000318e-01
9.474000000000000199e-01 9.493000000000000327e-01
9.475999999999999979e-01 9.483000000000000318e-01
9.475000000000000089e-01 9.494000000000000217e-01
9.475999999999999979e-01 9.488999999999999657e-01
9.475999999999999979e-01 9.499999999999999556e-01
9.475999999999999979e-01 9.481000000000000538e-01
9.481000000000000538e-01 9.493000000000000327e-01
9.482000000000000428e-01 9.494000000000000217e-01
9.478999999999999648e-01 9.499999999999999556e-01
9.476999999999999869e-01 9.491000000000000547e-01
9.476999999999999869e-01 9.495000000000000107e-01
9.478999999999999648e-01 9.502000000000000446e-01
9.477999999999999758e-01 9.506000000000000005e-01
9.477999999999999758e-01 9.506999999999999895e-01
9.478999999999999648e-01 9.504000000000000226e-01
9.478999999999999648e-01 9.502000000000000446e-01
9.484000000000000208e-01 9.505000000000000115e-01
9.485999999999999988e-01 9.504000000000000226e-01
9.485000000000000098e-01 9.503000000000000336e-01
9.485000000000000098e-01 9.503000000000000336e-01
9.483000000000000318e-01 9.495999999999999996e-01
9.481000000000000538e-01 9.503000000000000336e-01
9.478999999999999648e-01 9.494000000000000217e-01
9.476999999999999869e-01 9.506999999999999895e-01
9.473000000000000309e-01 9.502000000000000446e-01
9.476999999999999869e-01 9.495999999999999996e-01
9.478999999999999648e-01 9.483000000000000318e-01
9.477999999999999758e-01 9.494000000000000217e-01
9.477999999999999758e-01 9.487999999999999767e-01
9.481000000000000538e-01 9.487999999999999767e-01
9.485000000000000098e-01 9.486999999999999877e-01
9.482000000000000428e-01 9.489999999999999547e-01
9.485000000000000098e-01 9.485999999999999988e-01
9.483000000000000318e-01 9.477999999999999758e-01
9.483000000000000318e-01 9.485999999999999988e-01
9.484000000000000208e-01 9.483000000000000318e-01
9.483000000000000318e-01 9.495000000000000107e-01
9.484000000000000208e-01 9.485000000000000098e-01
9.482000000000000428e-01 9.499999999999999556e-01
9.478999999999999648e-01 9.492000000000000437e-01
9.477999999999999758e-01 9.497999999999999776e-01
9.479999999999999538e-01 9.494000000000000217e-01
9.482000000000000428e-01 9.500999999999999446e-01
9.486999999999999877e-01 9.495000000000000107e-01
9.485999999999999988e-01 9.497999999999999776e-01
9.485000000000000098e-01 9.489999999999999547e-01
9.488999999999999657e-01 9.492000000000000437e-01
9.487999999999999767e-01 9.495000000000000107e-01
9.491000000000000547e-01 9.497999999999999776e-01
9.493000000000000327e-01 9.498999999999999666e-01
9.492000000000000437e-01 9.486999999999999877e-01
9.491000000000000547e-01 9.505000000000000115e-01
9.492000000000000437e-01 9.495999999999999996e-01
9.494000000000000217e-01 9.503000000000000336e-01
9.493000000000000327e-01 9.494000000000000217e-01
9.495999999999999996e-01 9.503000000000000336e-01
9.491000000000000547e-01 9.489999999999999547e-01
9.492000000000000437e-01 9.495999999999999996e-01
9.493000000000000327e-01 9.489999999999999547e-01
9.491000000000000547e-01 9.505000000000000115e-01
9.486999999999999877e-01 9.502000000000000446e-01
9.487999999999999767e-01 9.512000000000000455e-01
9.488999999999999657e-01 9.513000000000000345e-01
9.488999999999999657e-01 9.509999999999999565e-01
9.489999999999999547e-01 9.515000000000000124e-01
9.486999999999999877e-01 9.504000000000000226e-01
9.489999999999999547e-01 9.515000000000000124e-01
9.491000000000000547e-01 9.505000000000000115e-01
9.492000000000000437e-01 9.507999999999999785e-01
9.491000000000000547e-01 9.495999999999999996e-01
9.493000000000000327e-01 9.507999999999999785e-01
9.488999999999999657e-01 9.502000000000000446e-01
9.485999999999999988e-01 9.518999999999999684e-01
9.487999999999999767e-01 9.508999999999999675e-01
9.491000000000000547e-01 9.516000000000000014e-01
9.486999999999999877e-01 9.504000000000000226e-01
9.491000000000000547e-01 9.506000000000000005e-01
9.494000000000000217e-01 9.507999999999999785e-01
9.489999999999999547e-01 9.510999999999999455e-01
9.492000000000000437e-01 9.510999999999999455e-01
9.495999999999999996e-01 9.516000000000000014e-01
9.492000000000000437e-01 9.519999999999999574e-01
9.494000000000000217e-01 9.512000000000000455e-01
9.497999999999999776e-01 9.518999999999999684e-01
9.495999999999999996e-01 9.514000000000000234e-01
9.493000000000000327e-01 9.515000000000000124e-01
9.488999999999999657e-01 9.505000000000000115e-01
9.494000000000000217e-01 9.510999999999999455e-01
9.487999999999999767e-01 9.507999999999999785e-01
9.486999999999999877e-01 9.513000000000000345e-01
9.487999999999999767e-01 9.513000000000000345e-01
9.487999999999999767e-01 9.514000000000000234e-01
9.495000000000000107e-01 9.503000000000000336e-01
9.495999999999999996e-01 9.506000000000000005e-01
9.498999999999999666e-01 9.512000000000000455e-01
9.497999999999999776e-01 9.516999999999999904e-01
9.495000000000000107e-01 9.527999999999999803e-01
9.496999999999999886e-01 9.519999999999999574e-01
9.495999999999999996e-01 9.528999999999999693e-01
9.496999999999999886e-01 9.526000000000000023e-01
9.499999999999999556e-01 9.525000000000000133e-01
9.500999999999999446e-01 9.515000000000000124e-01
9.499999999999999556e-01 9.512000000000000455e-01
9.495999999999999996e-01 9.509999999999999565e-01
9.495999999999999996e-01 9.510999999999999455e-01
9.493000000000000327e-01 9.506999999999999895e-01
9.493000000000000327e-01 9.509999999999999565e-01
9.495000000000000107e-01 9.499999999999999556e-01
9.492000000000000437e-01 9.508999999999999675e-01
9.492000000000000437e-01 9.498999999999999666e-01
9.493000000000000327e-01 9.503000000000000336e-01
9.489999999999999547e-01 9.506000000000000005e-01
9.488999999999999657e-01 9.505000000000000115e-01
9.486999999999999877e-01 9.514000000000000234e-01
9.489999999999999547e-01 9.517999999999999794e-01
9.487999999999999767e-01 9.513000000000000345e-01
9.487999999999999767e-01 9.508999999999999675e-01
9.487999999999999767e-01 9.515000000000000124e-01
9.486999999999999877e-01 9.518999999999999684e-01
9.493000000000000327e-01 9.518999999999999684e-01
9.489999999999999547e-01 9.504000000000000226e-01
9.487999999999999767e-01 9.519999999999999574e-01
9.489999999999999547e-01 9.508999999999999675e-01
9.485000000000000098e-01 9.506000000000000005e-01
9.488999999999999657e-01 9.510999999999999455e-01
9.488999999999999657e-01 9.516000000000000014e-01
9.486999999999999877e-01 9.507999999999999785e-01
9.491000000000000547e-01 9.516000000000000014e-01
9.491000000000000547e-01 9.506999999999999895e-01
9.485000000000000098e-01 9.504000000000000226e-01
9.484000000000000208e-01 9.507999999999999785e-01
9.486999999999999877e-01 9.507999999999999785e-01
9.487999999999999767e-01 9.516999999999999904e-01
9.484000000000000208e-01 9.517999999999999794e-01
9.485000000000000098e-01 9.525000000000000133e-01
9.484000000000000208e-01 9.520999999999999464e-01
9.485000000000000098e-01 9.519999999999999574e-01
9.478999999999999648e-01 9.522000000000000464e-01
9.477999999999999758e-01 9.516000000000000014e-01
9.478999999999999648e-01 9.522000000000000464e-01
9.477999999999999758e-01 9.512000000000000455e-01
9.478999999999999648e-01 9.515000000000000124e-01
9.479999999999999538e-01 9.513000000000000345e-01
9.481000000000000538e-01 9.510999999999999455e-01
9.482000000000000428e-01 9.514000000000000234e-01
9.478999999999999648e-01 9.506999999999999895e-01
9.481000000000000538e-01 9.512000000000000455e-01
9.483000000000000318e-01 9.512000000000000455e-01
9.485999999999999988e-01 9.517999999999999794e-01
9.484000000000000208e-01 9.508999999999999675e-01
9.485000000000000098e-01 9.513000000000000345e-01
9.485999999999999988e-01 9.520999999999999464e-01
9.485999999999999988e-01 9.522000000000000464e-01
9.488999999999999657e-01 9.523000000000000353e-01
9.489999999999999547e-01 9.522000000000000464e-01
9.485000000000000098e-01 9.518999999999999684e-01
9.487999999999999767e-01 9.516999999999999904e-01
9.485000000000000098e-01 9.519999999999999574e-01
9.483000000000000318e-01 9.506999999999999895e-01
9.484000000000000208e-01 9.518999999999999684e-01
9.482000000000000428e-01 9.512000000000000455e-01
9.484000000000000208e-01 9.513000000000000345e-01
9.483000000000000318e-01 9.518999999999999684e-01
9.483000000000000318e-01 9.516000000000000014e-01
9.481000000000000538e-01 9.515000000000000124e-01
9.482000000000000428e-01 9.522000000000000464e-01
9.481000000000000538e-01 9.526999999999999913e-01
9.478999999999999648e-01 9.516000000000000014e-01
9.481000000000000538e-01 9.522000000000000464e-01
9.481000000000000538e-01 9.523000000000000353e-01
9.478999999999999648e-01 9.523000000000000353e-01
9.481000000000000538e-01 9.526000000000000023e-01
9.479999999999999538e-01 9.516999999999999904e-01
9.476999999999999869e-01 9.516999999999999904e-01
9.479999999999999538e-01 9.522000000000000464e-01
9.476999999999999869e-01 9.514000000000000234e-01
9.476999999999999869e-01 9.524000000000000243e-01
9.474000000000000199e-01 9.518999999999999684e-01
9.471000000000000529e-01 9.527999999999999803e-01
9.472000000000000419e-01 9.516999999999999904e-01
9.472000000000000419e-01 9.516000000000000014e-01
9.474000000000000199e-01 9.514000000000000234e-01
9.475000000000000089e-01 9.518999999999999684e-01
9.476999999999999869e-01 9.508999999999999675e-01
9.478999999999999648e-01 9.513000000000000345e-01
9.476999999999999869e-01 9.513000000000000345e-01
9.475000000000000089e-01 9.515000000000000124e-01
9.476999999999999869e-01 9.509999999999999565e-01
9.474000000000000199e-01 9.515000000000000124e-01
9.472000000000000419e-01 9.510999999999999455e-01
9.473000000000000309e-01 9.512000000000000455e-01
9.473000000000000309e-01 9.507999999999999785e-01
9.475000000000000089e-01 9.510999999999999455e-01
9.468999999999999639e-01 9.515000000000000124e-01
9.468999999999999639e-01 9.506000000000000005e-01
9.469999999999999529e-01 9.504000000000000226e-01
9.474000000000000199e-01 9.500999999999999446e-01
9.468999999999999639e-01 9.507999999999999785e-01
9.471000000000000529e-01 9.504000000000000226e-01
9.469999999999999529e-01 9.506999999999999895e-01
9.467999999999999750e-01 9.503000000000000336e-01
9.469999999999999529e-01 9.506000000000000005e-01
9.471000000000000529e-01 9.503000000000000336e-01
9.469999999999999529e-01 9.500999999999999446e-01
9.469999999999999529e-01 9.500999999999999446e-01
9.468999999999999639e-01 9.489999999999999547e-01
9.469999999999999529e-01 9.505000000000000115e-01
9.469999999999999529e-01 9.504000000000000226e-01
9.469999999999999529e-01 9.507999999999999785e-01
9.472000000000000419e-01 9.498999999999999666e-01
9.471000000000000529e-01 9.510999999999999455e-01
9.474000000000000199e-01 9.495000000000000107e-01
9.477999999999999758e-01 9.520999999999999464e-01
9.474000000000000199e-01 9.508999999999999675e-01
9.475000000000000089e-01 9.518999999999999684e-01
9.472000000000000419e-01 9.513000000000000345e-01
9.473000000000000309e-01 9.516000000000000014e-01
9.473000000000000309e-01 9.515000000000000124e-01
9.475999999999999979e-01 9.516000000000000014e-01
9.473000000000000309e-01 9.515000000000000124e-01
9.475999999999999979e-01 9.508999999999999675e-01
9.475999999999999979e-01 9.515000000000000124e-01
9.471000000000000529e-01 9.512000000000000455e-01
9.477999999999999758e-01 9.512000000000000455e-01
9.475000000000000089e-01 9.510999999999999455e-01
9.475000000000000089e-01 9.516000000000000014e-01
9.478999999999999648e-01 9.506999999999999895e-01
9.476999999999999869e-01 9.515000000000000124e-01
9.475999999999999979e-01 9.500999999999999446e-01
9.473000000000000309e-01 9.503000000000000336e-01
9.475999999999999979e-01 9.503000000000000336e-01
9.477999999999999758e-01 9.506000000000000005e-01
9.479999999999999538e-01 9.500999999999999446e-01
9.476999999999999869e-01 9.509999999999999565e-01
9.475000000000000089e-01 9.505000000000000115e-01
9.476999999999999869e-01 9.509999999999999565e-01
9.478999999999999648e-01 9.508999999999999675e-01
9.478999999999999648e-01 9.502000000000000446e-01
9.474000000000000199e-01 9.503000000000000336e-01
9.477999999999999758e-01 9.512000000000000455e-01
9.478999999999999648e-01 9.495999999999999996e-01
9.476999999999999869e-01 9.495999999999999996e-01
9.476999999999999869e-01 9.509999999999999565e-01
9.475999999999999979e-01 9.512000000000000455e-01
9.475999999999999979e-01 9.512000000000000455e-01
9.475000000000000089e-01 9.506999999999999895e-01
9.479999999999999538e-01 9.510999999999999455e-01
9.479999999999999538e-01 9.504000000000000226e-01
9.478999999999999648e-01 9.513000000000000345e-01
9.485000000000000098e-01 9.517999999999999794e-01
9.482000000000000428e-01 9.517999999999999794e-01
9.482000000000000428e-01 9.512000000000000455e-01
9.483000000000000318e-01 9.516000000000000014e-01
9.477999999999999758e-01 9.509999999999999565e-01
9.478999999999999648e-01 9.507999999999999785e-01
9.485000000000000098e-01 9.509999999999999565e-01
9.485000000000000098e-01 9.514000000000000234e-01
9.476999999999999869e-01 9.512000000000000455e-01
9.474000000000000199e-01 9.500999999999999446e-01
9.474000000000000199e-01 9.515000000000000124e-01
9.476999999999999869e-01 9.503000000000000336e-01
9.474000000000000199e-01 9.506999999999999895e-01
9.471000000000000529e-01 9.505000000000000115e-01
9.472000000000000419e-01 9.519999999999999574e-01
9.467999999999999750e-01 9.506000000000000005e-01
9.468999999999999639e-01 9.510999999999999455e-01
9.471000000000000529e-01 9.506999999999999895e-01
9.474000000000000199e-01 9.513000000000000345e-01
9.473000000000000309e-01 9.514000000000000234e-01
9.473000000000000309e-01 9.514000000000000234e-01
9.473000000000000309e-01 9.512000000000000455e-01
9.474000000000000199e-01 9.512000000000000455e-01
9.473000000000000309e-01 9.509999999999999565e-01
9.475999999999999979e-01 9.516000000000000014e-01
9.474000000000000199e-01 9.506000000000000005e-01
9.469999999999999529e-01 9.510999999999999455e-01
9.471000000000000529e-01 9.508999999999999675e-01
9.469999999999999529e-01 9.512000000000000455e-01
9.472000000000000419e-01 9.513000000000000345e-01
9.471000000000000529e-01 9.506999999999999895e-01
9.471000000000000529e-01 9.509999999999999565e-01
9.469999999999999529e-01 9.505000000000000115e-01
9.475999999999999979e-01 9.514000000000000234e-01
9.477999999999999758e-01 9.510999999999999455e-01
9.474000000000000199e-01 9.517999999999999794e-01
9.474000000000000199e-01 9.506999999999999895e-01
9.475000000000000089e-01 9.499999999999999556e-01
9.475000000000000089e-01 9.507999999999999785e-01
9.475999999999999979e-01 9.504000000000000226e-01
9.474000000000000199e-01 9.506999999999999895e-01
9.475000000000000089e-01 9.509999999999999565e-01
9.475000000000000089e-01 9.504000000000000226e-01
9.475000000000000089e-01 9.516000000000000014e-01
9.474000000000000199e-01 9.509999999999999565e-01
9.475000000000000089e-01 9.510999999999999455e-01
9.478999999999999648e-01 9.517999999999999794e-01
9.478999999999999648e-01 9.519999999999999574e-01
9.482000000000000428e-01 9.512000000000000455e-01
9.481000000000000538e-01 9.509999999999999565e-01
9.478999999999999648e-01 9.516000000000000014e-01
9.481000000000000538e-01 9.509999999999999565e-01
9.479999999999999538e-01 9.517999999999999794e-01
9.482000000000000428e-01 9.514000000000000234e-01
9.478999999999999648e-01 9.532000000000000473e-01
9.483000000000000318e-01 9.523000000000000353e-01
9.483000000000000318e-01 9.526000000000000023e-01
9.481000000000000538e-01 9.530999999999999472e-01
9.484000000000000208e-01 9.536999999999999922e-01
9.484000000000000208e-01 9.526000000000000023e-01
9.479999999999999538e-01 9.525000000000000133e-01
9.478999999999999648e-01 9.526000000000000023e-01
9.478999999999999648e-01 9.526000000000000023e-01
9.481000000000000538e-01 9.514000000000000234e-01
9.477999999999999758e-01 9.523000000000000353e-01
9.478999999999999648e-01 9.512000000000000455e-01
9.477999999999999758e-01 9.514000000000000234e-01
9.477999999999999758e-01 9.508999999999999675e-01
9.476999999999999869e-01 9.508999999999999675e-01
9.476999999999999869e-01 9.508999999999999675e-01
9.476999999999999869e-01 9.506000000000000005e-01
9.472000000000000419e-01 9.504000000000000226e-01
9.475999999999999979e-01 9.509999999999999565e-01
9.476999999999999869e-01 9.516000000000000014e-01
9.475999999999999979e-01 9.509999999999999565e-01
9.477999999999999758e-01 9.514000000000000234e-01
9.477999999999999758e-01 9.514000000000000234e-01
9.477999999999999758e-01 9.519999999999999574e-01
9.478999999999999648e-01 9.510999999999999455e-01
9.476999999999999869e-01 9.516000000000000014e-01
9.475999999999999979e-01 9.498999999999999666e-01
9.474000000000000199e-01 9.499999999999999556e-01
9.473000000000000309e-01 9.499999999999999556e-01
9.471000000000000529e-01 9.503000000000000336e-01
9.468999999999999639e-01 9.507999999999999785e-01
9.468999999999999639e-01 9.498999999999999666e-01
9.468999999999999639e-01 9.509999999999999565e-01
9.468999999999999639e-01 9.504000000000000226e-01
9.469999999999999529e-01 9.509999999999999565e-01
9.469999999999999529e-01 9.504000000000000226e-01
9.468999999999999639e-01 9.508999999999999675e-01
9.468999999999999639e-01 9.505000000000000115e-01
9.466999999999999860e-01 9.513000000000000345e-01
9.463000000000000300e-01 9.493000000000000327e-01
9.464000000000000190e-01 9.506999999999999895e-01
9.464000000000000190e-01 9.505000000000000115e-01
9.463000000000000300e-01 9.500999999999999446e-01
9.463000000000000300e-01 9.506999999999999895e-01
9.463000000000000300e-01 9.506999999999999895e-01
9.462000000000000410e-01 9.500999999999999446e-01
9.464000000000000190e-01 9.513000000000000345e-01
9.465000000000000080e-01 9.504000000000000226e-01
9.462000000000000410e-01 9.507999999999999785e-01
9.464000000000000190e-01 9.506999999999999895e-01
9.462000000000000410e-01 9.502000000000000446e-01
9.462000000000000410e-01 9.504000000000000226e-01
9.462000000000000410e-01 9.503000000000000336e-01
9.461000000000000520e-01 9.505000000000000115e-01
9.455000000000000071e-01 9.500999999999999446e-01
9.456999999999999851e-01 9.506000000000000005e-01
9.461000000000000520e-01 9.496999999999999886e-01
9.462000000000000410e-01 9.507999999999999785e-01
9.463000000000000300e-01 9.497999999999999776e-01
9.461000000000000520e-01 9.500999999999999446e-01
9.462000000000000410e-01 9.495999999999999996e-01
9.459999999999999520e-01 9.505000000000000115e-01
9.461000000000000520e-01 9.505000000000000115e-01
9.462000000000000410e-01 9.506999999999999895e-01
9.457999999999999741e-01 9.502000000000000446e-01
9.457999999999999741e-01 9.506999999999999895e-01
9.462000000000000410e-01 9.509999999999999565e-01
9.462000000000000410e-01 9.502000000000000446e-01
9.463000000000000300e-01 9.508999999999999675e-01
9.462000000000000410e-01 9.506999999999999895e-01
9.462000000000000410e-01 9.503000000000000336e-01
9.462000000000000410e-01 9.497999999999999776e-01
9.462000000000000410e-01 9.505000000000000115e-01
9.464000000000000190e-01 9.499999999999999556e-01
9.462000000000000410e-01 9.506000000000000005e-01
9.463000000000000300e-01 9.496999999999999886e-01
9.462000000000000410e-01 9.513000000000000345e-01
9.458999999999999631e-01 9.505000000000000115e-01
9.459999999999999520e-01 9.505000000000000115e-01
9.459999999999999520e-01 9.505000000000000115e-01
9.461000000000000520e-01 9.505000000000000115e-01
9.462000000000000410e-01 9.502000000000000446e-01
9.463000000000000300e-01 9.496999999999999886e-01
9.464000000000000190e-01 9.502000000000000446e-01
9.461000000000000520e-01 9.510999999999999455e-01
9.457999999999999741e-01 9.503000000000000336e-01
9.455999999999999961e-01 9.499999999999999556e-01
9.455000000000000071e-01 9.503000000000000336e-01
9.455999999999999961e-01 9.497999999999999776e-01
9.456999999999999851e-01 9.500999999999999446e-01
9.456999999999999851e-01 9.512000000000000455e-01
9.454000000000000181e-01 9.513000000000000345e-01
9.452000000000000401e-01 9.497999999999999776e-01
9.449999999999999512e-01 9.505000000000000115e-01
9.447999999999999732e-01 9.497999999999999776e-01
9.447999999999999732e-01 9.505000000000000115e-01
9.449999999999999512e-01 9.495000000000000107e-01
9.447999999999999732e-01 9.504000000000000226e-01
9.447999999999999732e-01 9.488999999999999657e-01
9.449999999999999512e-01 9.495999999999999996e-01
9.448999999999999622e-01 9.485000000000000098e-01
9.448999999999999622e-01 9.496999999999999886e-01
9.448999999999999622e-01 9.488999999999999657e-01
9.445999999999999952e-01 9.496999999999999886e-01
9.444000000000000172e-01 9.492000000000000437e-01
9.443000000000000282e-01 9.498999999999999666e-01
9.442000000000000393e-01 9.496999999999999886e-01
9.441000000000000503e-01 9.504000000000000226e-01
9.441000000000000503e-01 9.502000000000000446e-01
9.441000000000000503e-01 9.495000000000000107e-01
9.441000000000000503e-01 9.504000000000000226e-01
9.441000000000000503e-01 9.489999999999999547e-01
9.445999999999999952e-01 9.494000000000000217e-01
9.445000000000000062e-01 9.485999999999999988e-01
9.445999999999999952e-01 9.492000000000000437e-01
9.449999999999999512e-01 9.495000000000000107e-01
9.451000000000000512e-01 9.491000000000000547e-01
9.452000000000000401e-01 9.493000000000000327e-01
9.449999999999999512e-01 9.487999999999999767e-01
9.451000000000000512e-01 9.486999999999999877e-01
9.448999999999999622e-01 9.491000000000000547e-01
9.448999999999999622e-01 9.487999999999999767e-01
9.451000000000000512e-01 9.493000000000000327e-01
9.451000000000000512e-01 9.483000000000000318e-01
9.452000000000000401e-01 9.488999999999999657e-01
9.452000000000000401e-01 9.487999999999999767e-01
9.452000000000000401e-01 9.495000000000000107e-01
9.451000000000000512e-01 9.491000000000000547e-01
9.453000000000000291e-01 9.496999999999999886e-01
9.454000000000000181e-01 9.495000000000000107e-01
9.455000000000000071e-01 9.493000000000000327e-01
9.454000000000000181e-01 9.495000000000000107e-01
9.451000000000000512e-01 9.497999999999999776e-01
9.452000000000000401e-01 9.487999999999999767e-01
9.455000000000000071e-01 9.495999999999999996e-01
9.454000000000000181e-01 9.491000000000000547e-01
9.452000000000000401e-01 9.495999999999999996e-01
9.454000000000000181e-01 9.504000000000000226e-01
9.453000000000000291e-01 9.499999999999999556e-01
9.451000000000000512e-01 9.504000000000000226e-01
9.455000000000000071e-01 9.505000000000000115e-01
9.455000000000000071e-01 9.500999999999999446e-01
9.453000000000000291e-01 9.505000000000000115e-01
9.451000000000000512e-01 9.495999999999999996e-01
9.453000000000000291e-01 9.503000000000000336e-01
9.454000000000000181e-01 9.498999999999999666e-01
9.455000000000000071e-01 9.504000000000000226e-01
9.456999999999999851e-01 9.500999999999999446e-01
9.455000000000000071e-01 9.513000000000000345e-01
9.451000000000000512e-01 9.509999999999999565e-01
9.452000000000000401e-01 9.512000000000000455e-01
9.448999999999999622e-01 9.515000000000000124e-01
9.447999999999999732e-01 9.509999999999999565e-01
9.449999999999999512e-01 9.509999999999999565e-01
9.449999999999999512e-01 9.502000000000000446e-01
9.448999999999999622e-01 9.500999999999999446e-01
9.452000000000000401e-01 9.507999999999999785e-01
9.446999999999999842e-01 9.504000000000000226e-01
9.449999999999999512e-01 9.506999999999999895e-01
9.448999999999999622e-01 9.493000000000000327e-01
9.448999999999999622e-01 9.498999999999999666e-01
9.451000000000000512e-01 9.497999999999999776e-01
9.446999999999999842e-01 9.491000000000000547e-01
9.447999999999999732e-01 9.495999999999999996e-01
9.447999999999999732e-01 9.494000000000000217e-01
9.448999999999999622e-01 9.492000000000000437e-01
9.447999999999999732e-01 9.495999999999999996e-01
9.447999999999999732e-01 9.504000000000000226e-01
9.448999999999999622e-01 9.505000000000000115e-01
9.448999999999999622e-01 9.508999999999999675e-01
9.449999999999999512e-01 9.515000000000000124e-01
9.451000000000000512e-01 9.510999999999999455e-01
9.452000000000000401e-01 9.505000000000000115e-01
9.451000000000000512e-01 9.506999999999999895e-01
9.452000000000000401e-01 9.504000000000000226e-01
9.451000000000000512e-01 9.508999999999999675e-01
9.451000000000000512e-01 9.513000000000000345e-01
9.446999999999999842e-01 9.516999999999999904e-01
9.451000000000000512e-01 9.516000000000000014e-01
9.447999999999999732e-01 9.519999999999999574e-01
9.451000000000000512e-01 9.516000000000000014e-01
9.451000000000000512e-01 9.515000000000000124e-01
9.453000000000000291e-01 9.525000000000000133e-01
9.455999999999999961e-01 9.516999999999999904e-01
9.453000000000000291e-01 9.516999999999999904e-01
9.453000000000000291e-01 9.509999999999999565e-01
9.453000000000000291e-01 9.513000000000000345e-01
9.455000000000000071e-01 9.508999999999999675e-01
9.456999999999999851e-01 9.502000000000000446e-01
9.455999999999999961e-01 9.506999999999999895e-01
9.455000000000000071e-01 9.506999999999999895e-01
9.455999999999999961e-01 9.503000000000000336e-01
9.455999999999999961e-01 9.497999999999999776e-01
9.456999999999999851e-01 9.498999999999999666e-01
9.455999999999999961e-01 9.495999999999999996e-01
9.458999999999999631e-01 9.505000000000000115e-01
9.461000000000000520e-01 9.504000000000000226e-01
9.458999999999999631e-01 9.503000000000000336e-01
9.459999999999999520e-01 9.506000000000000005e-01
9.462000000000000410e-01 9.503000000000000336e-01
9.462000000000000410e-01 9.506999999999999895e-01
9.462000000000000410e-01 9.506999999999999895e-01
9.459999999999999520e-01 9.507999999999999785e-01
9.456999999999999851e-01 9.508999999999999675e-01
9.458999999999999631e-01 9.523000000000000353e-01
9.458999999999999631e-01 9.516000000000000014e-01
9.458999999999999631e-01 9.517999999999999794e-01
9.458999999999999631e-01 9.510999999999999455e-01
9.455999999999999961e-01 9.504000000000000226e-01
9.456999999999999851e-01 9.506999999999999895e-01
9.455999999999999961e-01 9.497999999999999776e-01
9.454000000000000181e-01 9.500999999999999446e-01
9.455000000000000071e-01 9.494000000000000217e-01
9.457999999999999741e-01 9.493000000000000327e-01
9.455999999999999961e-01 9.493000000000000327e-01
9.456999999999999851e-01 9.503000000000000336e-01
9.457999999999999741e-01 9.497999999999999776e-01
9.455000000000000071e-01 9.497999999999999776e-01
9.457999999999999741e-01 9.497999999999999776e-01
9.456999999999999851e-01 9.508999999999999675e-01
9.456999999999999851e-01 9.506999999999999895e-01
9.457999999999999741e-01 9.506000000000000005e-01
9.459999999999999520e-01 9.508999999999999675e-01
9.462000000000000410e-01 9.503000000000000336e-01
9.462000000000000410e-01 9.503000000000000336e-01
9.462000000000000410e-01 9.499999999999999556e-01
9.459999999999999520e-01 9.498999999999999666e-01
9.458999999999999631e-01 9.504000000000000226e-01
9.463000000000000300e-01 9.506000000000000005e-01
9.459999999999999520e-01 9.504000000000000226e-01
9.459999999999999520e-01 9.515000000000000124e-01
9.459999999999999520e-01 9.502000000000000446e-01
9.456999999999999851e-01 9.512000000000000455e-01
9.456999999999999851e-01 9.502000000000000446e-01
9.455999999999999961e-01 9.516000000000000014e-01
9.458999999999999631e-01 9.514000000000000234e-01
9.458999999999999631e-01 9.513000000000000345e-01
9.456999999999999851e-01 9.502000000000000446e-01
9.455000000000000071e-01 9.503000000000000336e-01
9.452000000000000401e-01 9.503000000000000336e-01
9.455000000000000071e-01 9.510999999999999455e-01
9.454000000000000181e-01 9.506000000000000005e-01
9.456999999999999851e-01 9.516999999999999904e-01
9.458999999999999631e-01 9.519999999999999574e-01
9.458999999999999631e-01 9.510999999999999455e-01
9.459999999999999520e-01 9.513000000000000345e-01
9.459999999999999520e-01 9.514000000000000234e-01
9.459999999999999520e-01 9.510999999999999455e-01
9.459999999999999520e-01 9.499999999999999556e-01
9.463000000000000300e-01 9.509999999999999565e-01
9.461000000000000520e-01 9.503000000000000336e-01
9.459999999999999520e-01 9.503000000000000336e-01
9.458999999999999631e-01 9.496999999999999886e-01
9.464000000000000190e-01 9.506000000000000005e-01
9.459999999999999520e-01 9.496999999999999886e-01
9.462000000000000410e-01 9.506000000000000005e-01
9.463000000000000300e-01 9.504000000000000226e-01
9.461000000000000520e-01 9.505000000000000115e-01
9.456999999999999851e-01 9.504000000000000226e-01
9.457999999999999741e-01 9.514000000000000234e-01
9.459999999999999520e-01 9.506000000000000005e-01
9.459999999999999520e-01 9.516000000000000014e-01
9.458999999999999631e-01 9.506999999999999895e-01
9.457999999999999741e-01 9.509999999999999565e-01
9.455999999999999961e-01 9.504000000000000226e-01
9.459999999999999520e-01 9.520999999999999464e-01
9.458999999999999631e-01 9.505000000000000115e-01
9.461000000000000520e-01 9.509999999999999565e-01
9.455999999999999961e-01 9.509999999999999565e-01
9.455000000000000071e-01 9.517999999999999794e-01
9.454000000000000181e-01 9.514000000000000234e-01
9.451000000000000512e-01 9.509999999999999565e-01
9.449999999999999512e-01 9.510999999999999455e-01
9.452000000000000401e-01 9.512000000000000455e-01
9.453000000000000291e-01 9.508999999999999675e-01
9.453000000000000291e-01 9.507999999999999785e-01
9.455999999999999961e-01 9.505000000000000115e-01
9.455000000000000071e-01 9.506000000000000005e-01
9.454000000000000181e-01 9.505000000000000115e-01
9.454000000000000181e-01 9.506999999999999895e-01
9.454000000000000181e-01 9.509999999999999565e-01
9.453000000000000291e-01 9.504000000000000226e-01
9.453000000000000291e-01 9.503000000000000336e-01
9.453000000000000291e-01 9.493000000000000327e-01
9.452000000000000401e-01 9.498999999999999666e-01
9.455000000000000071e-01 9.495999999999999996e-01
9.454000000000000181e-01 9.515000000000000124e-01
9.452000000000000401e-01 9.500999999999999446e-01
9.453000000000000291e-01 9.503000000000000336e-01
9.455000000000000071e-01 9.496999999999999886e-01
9.454000000000000181e-01 9.500999999999999446e-01
9.455000000000000071e-01 9.506999999999999895e-01
9.455999999999999961e-01 9.502000000000000446e-01
9.454000000000000181e-01 9.499999999999999556e-01
9.452000000000000401e-01 9.493000000000000327e-01
9.449999999999999512e-01 9.498999999999999666e-01
9.448999999999999622e-01 9.493000000000000327e-01
9.451000000000000512e-01 9.495999999999999996e-01
9.451000000000000512e-01 9.495999999999999996e-01
9.452000000000000401e-01 9.498999999999999666e-01
9.451000000000000512e-01 9.495999999999999996e-01
9.455000000000000071e-01 9.502000000000000446e-01
9.453000000000000291e-01 9.503000000000000336e-01
9.453000000000000291e-01 9.502000000000000446e-01
9.454000000000000181e-01 9.507999999999999785e-01
9.453000000000000291e-01 9.508999999999999675e-01
9.453000000000000291e-01 9.499999999999999556e-01
9.456999999999999851e-01 9.506000000000000005e-01
9.455999999999999961e-01 9.499999999999999556e-01
9.454000000000000181e-01 9.506000000000000005e-01
9.452000000000000401e-01 9.503000000000000336e-01
9.453000000000000291e-01 9.506999999999999895e-01
9.453000000000000291e-01 9.506000000000000005e-01
9.453000000000000291e-01 9.502000000000000446e-01
9.453000000000000291e-01 9.508999999999999675e-01
9.453000000000000291e-01 9.513000000000000345e-01
9.454000000000000181e-01 9.508999999999999675e-01
9.454000000000000181e-01 9.503000000000000336e-01
9.453000000000000291e-01 9.499999999999999556e-01
9.451000000000000512e-01 9.504000000000000226e-01
9.452000000000000401e-01 9.506000000000000005e-01
9.454000000000000181e-01 9.506999999999999895e-01
9.453000000000000291e-01 9.507999999999999785e-01
9.455999999999999961e-01 9.515000000000000124e-01
9.455999999999999961e-01 9.509999999999999565e-01
9.455999999999999961e-01 9.499999999999999556e-01
9.461000000000000520e-01 9.506999999999999895e-01
9.459999999999999520e-01 9.502000000000000446e-01
9.457999999999999741e-01 9.508999999999999675e-01
9.455000000000000071e-01 9.500999999999999446e-01
9.454000000000000181e-01 9.495999999999999996e-01
9.451000000000000512e-01 9.497999999999999776e-01
9.453000000000000291e-01 9.499999999999999556e-01
9.453000000000000291e-01 9.502000000000000446e-01
9.455999999999999961e-01 9.488999999999999657e-01
9.455000000000000071e-01 9.497999999999999776e-01
9.455999999999999961e-01 9.494000000000000217e-01
9.456999999999999851e-01 9.503000000000000336e-01
9.453000000000000291e-01 9.495000000000000107e-01
9.454000000000000181e-01 9.508999999999999675e-01
9.455999999999999961e-01 9.505000000000000115e-01
9.453000000000000291e-01 9.512000000000000455e-01
9.453000000000000291e-01 9.502000000000000446e-01
9.455000000000000071e-01 9.503000000000000336e-01
9.455999999999999961e-01 9.506000000000000005e-01
9.457999999999999741e-01 9.507999999999999785e-01
9.457999999999999741e-01 9.510999999999999455e-01
9.455000000000000071e-01 9.509999999999999565e-01
9.455999999999999961e-01 9.502000000000000446e-01
9.455000000000000071e-01 9.513000000000000345e-01
9.455000000000000071e-01 9.498999999999999666e-01
9.452000000000000401e-01 9.510999999999999455e-01
9.449999999999999512e-01 9.500999999999999446e-01
9.453000000000000291e-01 9.499999999999999556e-01
9.453000000000000291e-01 9.507999999999999785e-01
9.453000000000000291e-01 9.506000000000000005e-01
9.455000000000000071e-01 9.506000000000000005e-01
9.453000000000000291e-01 9.503000000000000336e-01
9.452000000000000401e-01 9.495999999999999996e-01
9.451000000000000512e-01 9.499999999999999556e-01
9.447999999999999732e-01 9.497999999999999776e-01
9.445999999999999952e-01 9.504000000000000226e-01
9.452000000000000401e-01 9.499999999999999556e-01
9.445000000000000062e-01 9.500999999999999446e-01
9.445000000000000062e-01 9.506000000000000005e-01
9.447999999999999732e-01 9.510999999999999455e-01
9.445999999999999952e-01 9.504000000000000226e-01
9.445999999999999952e-01 9.509999999999999565e-01
9.445000000000000062e-01 9.515000000000000124e-01
9.446999999999999842e-01 9.513000000000000345e-01
9.445000000000000062e-01 9.514000000000000234e-01
9.445000000000000062e-01 9.507999999999999785e-01
9.446999999999999842e-01 9.518999999999999684e-01
9.445000000000000062e-01 9.507999999999999785e-01
9.446999999999999842e-01 9.506999999999999895e-01
9.443000000000000282e-01 9.513000000000000345e-01
9.442000000000000393e-01 9.512000000000000455e-01
9.441000000000000503e-01 9.514000000000000234e-01
9.443000000000000282e-01 9.503000000000000336e-01
9.439999999999999503e-01 9.514000000000000234e-01
9.435000000000000053e-01 9.504000000000000226e-01
9.436999999999999833e-01 9.516999999999999904e-01
9.435999999999999943e-01 9.505000000000000115e-01
9.434000000000000163e-01 9.517999999999999794e-01
9.434000000000000163e-01 9.507999999999999785e-01
9.435999999999999943e-01 9.518999999999999684e-01
9.434000000000000163e-01 9.512000000000000455e-01
9.438999999999999613e-01 9.519999999999999574e-01
9.437999999999999723e-01 9.515000000000000124e-01
9.437999999999999723e-01 9.515000000000000124e-01
9.437999999999999723e-01 9.517999999999999794e-01
9.439999999999999503e-01 9.518999999999999684e-01
9.441000000000000503e-01 9.520999999999999464e-01
9.439999999999999503e-01 9.528999999999999693e-01
9.437999999999999723e-01 9.526999999999999913e-01
9.435000000000000053e-01 9.533000000000000362e-01
9.437999999999999723e-01 9.529999999999999583e-01
9.438999999999999613e-01 9.525000000000000133e-01
9.439999999999999503e-01 9.522000000000000464e-01
9.443000000000000282e-01 9.524000000000000243e-01
9.441000000000000503e-01 9.525000000000000133e-01
9.441000000000000503e-01 9.516000000000000014e-01
9.442000000000000393e-01 9.528999999999999693e-01
9.443000000000000282e-01 9.514000000000000234e-01
9.443000000000000282e-01 9.523000000000000353e-01
9.443000000000000282e-01 9.526999999999999913e-01
9.442000000000000393e-01 9.524000000000000243e-01
9.439999999999999503e-01 9.510999999999999455e-01
9.442000000000000393e-01 9.514000000000000234e-01
9.443000000000000282e-01 9.510999999999999455e-01
9.443000000000000282e-01 9.526000000000000023e-01
9.442000000000000393e-01 9.516999999999999904e-01
9.442000000000000393e-01 9.524000000000000243e-01
9.441000000000000503e-01 9.516999999999999904e-01
9.439999999999999503e-01 9.518999999999999684e-01
9.439999999999999503e-01 9.519999999999999574e-01
9.441000000000000503e-01 9.526000000000000023e-01
9.438999999999999613e-01 9.527999999999999803e-01
9.436999999999999833e-01 9.526999999999999913e-01
9.435999999999999943e-01 9.516000000000000014e-01
9.435000000000000053e-01 9.525000000000000133e-01
9.435000000000000053e-01 9.520999999999999464e-01
9.435000000000000053e-01 9.518999999999999684e-01
9.437999999999999723e-01 9.523000000000000353e-01
9.438999999999999613e-01 9.520999999999999464e-01
9.441000000000000503e-01 9.519999999999999574e-01
9.442000000000000393e-01 9.518999999999999684e-01
9.441000000000000503e-01 9.523000000000000353e-01
9.441000000000000503e-01 9.518999999999999684e-01
9.441000000000000503e-01 9.515000000000000124e-01
9.439999999999999503e-01 9.516999999999999904e-01
9.439999999999999503e-01 9.518999999999999684e-01
9.443000000000000282e-01 9.518999999999999684e-01
9.442000000000000393e-01 9.522000000000000464e-01
9.445000000000000062e-01 9.519999999999999574e-01
9.447999999999999732e-01 9.514000000000000234e-01
9.445999999999999952e-01 9.515000000000000124e-01
9.446999999999999842e-01 9.517999999999999794e-01
9.445999999999999952e-01 9.514000000000000234e-01
9.447999999999999732e-01 9.510999999999999455e-01
9.447999999999999732e-01 9.516000000000000014e-01
9.447999999999999732e-01 9.526000000000000023e-01
9.447999999999999732e-01 9.520999999999999464e-01
9.449999999999999512e-01 9.520999999999999464e-01
9.445999999999999952e-01 9.517999999999999794e-01
9.444000000000000172e-01 9.522000000000000464e-01
9.446999999999999842e-01 9.523000000000000353e-01
9.448999999999999622e-01 9.523000000000000353e-01
9.447999999999999732e-01 9.523000000000000353e-01
9.448999999999999622e-01 9.516999999999999904e-01
9.447999999999999732e-01 9.518999999999999684e-01
9.446999999999999842e-01 9.507999999999999785e-01
9.444000000000000172e-01 9.508999999999999675e-01
9.443000000000000282e-01 9.509999999999999565e-01
9.437999999999999723e-01 9.514000000000000234e-01
9.437999999999999723e-01 9.512000000000000455e-01
9.439999999999999503e-01 9.509999999999999565e-01
9.436999999999999833e-01 9.506999999999999895e-01
9.437999999999999723e-01 9.504000000000000226e-01
9.436999999999999833e-01 9.498999999999999666e-01
9.436999999999999833e-01 9.502000000000000446e-01
9.436999999999999833e-01 9.497999999999999776e-01
9.434000000000000163e-01 9.496999999999999886e-01
9.435000000000000053e-01 9.504000000000000226e-01
9.435000000000000053e-01 9.500999999999999446e-01
9.436999999999999833e-01 9.506000000000000005e-01
9.438999999999999613e-01 9.499999999999999556e-01
9.435000000000000053e-01 9.502000000000000446e-01
9.439999999999999503e-01 9.499999999999999556e-01
9.439999999999999503e-01 9.502000000000000446e-01
9.439999999999999503e-01 9.505000000000000115e-01
9.441000000000000503e-01 9.504000000000000226e-01
9.443000000000000282e-01 9.503000000000000336e-01
9.438999999999999613e-01 9.505000000000000115e-01
9.438999999999999613e-01 9.504000000000000226e-01
9.438999999999999613e-01 9.507999999999999785e-01
9.435999999999999943e-01 9.504000000000000226e-01
9.439999999999999503e-01 9.505000000000000115e-01
9.435999999999999943e-01 9.507999999999999785e-01
9.437999999999999723e-01 9.516000000000000014e-01
9.442000000000000393e-01 9.513000000000000345e-01
9.441000000000000503e-01 9.507999999999999785e-01
9.438999999999999613e-01 9.513000000000000345e-01
9.439999999999999503e-01 9.509999999999999565e-01
9.437999999999999723e-01 9.517999999999999794e-01
9.436999999999999833e-01 9.509999999999999565e-01
9.438999999999999613e-01 9.504000000000000226e-01
9.437999999999999723e-01 9.508999999999999675e-01
9.441000000000000503e-01 9.508999999999999675e-01
9.438999999999999613e-01 9.507999999999999785e-01
9.441000000000000503e-01 9.509999999999999565e-01
9.442000000000000393e-01 9.515000000000000124e-01
9.443000000000000282e-01 9.523000000000000353e-01
9.443000000000000282e-01 9.516999999999999904e-01
9.444000000000000172e-01 9.513000000000000345e-01
9.442000000000000393e-01 9.506999999999999895e-01
9.445000000000000062e-01 9.512000000000000455e-01
9.443000000000000282e-01 9.504000000000000226e-01
9.441000000000000503e-01 9.512000000000000455e-01
9.441000000000000503e-01 9.509999999999999565e-01
9.442000000000000393e-01 9.508999999999999675e-01
9.443000000000000282e-01 9.503000000000000336e-01
9.442000000000000393e-01 9.499999999999999556e-01
9.442000000000000393e-01 9.497999999999999776e-01
9.444000000000000172e-01 9.506999999999999895e-01
9.444000000000000172e-01 9.498999999999999666e-01
9.442000000000000393e-01 9.498999999999999666e-01
9.439999999999999503e-01 9.498999999999999666e-01
9.438999999999999613e-01 9.504000000000000226e-01
9.439999999999999503e-01 9.504000000000000226e-01
9.436999999999999833e-01 9.506000000000000005e-01
9.435000000000000053e-01 9.498999999999999666e-01
9.434000000000000163e-01 9.507999999999999785e-01
9.434000000000000163e-01 9.499999999999999556e-01
9.433000000000000274e-01 9.506000000000000005e-01
9.434000000000000163e-01 9.506000000000000005e-01
9.433000000000000274e-01 9.510999999999999455e-01
9.433000000000000274e-01 9.499999999999999556e-01
9.431000000000000494e-01 9.509999999999999565e-01
9.433000000000000274e-01 9.503000000000000336e-01
9.435000000000000053e-01 9.506000000000000005e-01
9.439999999999999503e-01 9.505000000000000115e-01
9.443000000000000282e-01 9.507999999999999785e-01
9.441000000000000503e-01 9.512000000000000455e-01
9.436999999999999833e-01 9.512000000000000455e-01
9.441000000000000503e-01 9.516000000000000014e-01
9.439999999999999503e-01 9.513000000000000345e-01
9.439999999999999503e-01 9.514000000000000234e-01
9.437999999999999723e-01 9.512000000000000455e-01
9.437999999999999723e-01 9.505000000000000115e-01
9.445999999999999952e-01 9.518999999999999684e-01
9.439999999999999503e-01 9.506999999999999895e-01
9.438999999999999613e-01 9.518999999999999684e-01
9.442000000000000393e-01 9.517999999999999794e-01
9.444000000000000172e-01 9.516999999999999904e-01
9.445000000000000062e-01 9.520999999999999464e-01
9.444000000000000172e-01 9.516000000000000014e-01
9.446999999999999842e-01 9.516000000000000014e-01
9.445000000000000062e-01 9.518999999999999684e-01
9.443000000000000282e-01 9.524000000000000243e-01
9.445000000000000062e-01 9.522000000000000464e-01
9.444000000000000172e-01 9.508999999999999675e-01
9.441000000000000503e-01 9.526000000000000023e-01
9.445000000000000062e-01 9.513000000000000345e-01
9.442000000000000393e-01 9.522000000000000464e-01
9.443000000000000282e-01 9.513000000000000345e-01
9.444000000000000172e-01 9.517999999999999794e-01
9.443000000000000282e-01 9.516000000000000014e-01
9.444000000000000172e-01 9.528999999999999693e-01
9.444000000000000172e-01 9.530999999999999472e-01
9.445999999999999952e-01 9.520999999999999464e-01
9.445000000000000062e-01 9.517999999999999794e-01
9.445000000000000062e-01 9.516999999999999904e-01
9.446999999999999842e-01 9.509999999999999565e-01
9.444000000000000172e-01 9.512000000000000455e-01
9.446999999999999842e-01 9.514000000000000234e-01
9.449999999999999512e-01 9.520999999999999464e-01
9.449999999999999512e-01 9.523000000000000353e-01
9.449999999999999512e-01 9.523000000000000353e-01
9.448999999999999622e-01 9.530999999999999472e-01
9.448999999999999622e-01 9.526000000000000023e-01
9.451000000000000512e-01 9.530999999999999472e-01
9.452000000000000401e-01 9.523000000000000353e-01
9.453000000000000291e-01 9.523000000000000353e-01
9.455000000000000071e-01 9.522000000000000464e-01
9.451000000000000512e-01 9.519999999999999574e-01
9.451000000000000512e-01 9.514000000000000234e-01
9.449999999999999512e-01 9.523000000000000353e-01
9.451000000000000512e-01 9.513000000000000345e-01
9.455000000000000071e-01 9.517999999999999794e-01
9.451000000000000512e-01 9.508999999999999675e-01
9.453000000000000291e-01 9.519999999999999574e-01
9.452000000000000401e-01 9.508999999999999675e-01
9.453000000000000291e-01 9.517999999999999794e-01
9.452000000000000401e-01 9.514000000000000234e-01
9.451000000000000512e-01 9.515000000000000124e-01
9.453000000000000291e-01 9.507999999999999785e-01
9.454000000000000181e-01 9.517999999999999794e-01
9.454000000000000181e-01 9.514000000000000234e-01
9.454000000000000181e-01 9.516000000000000014e-01
9.453000000000000291e-01 9.513000000000000345e-01
9.452000000000000401e-01 9.516999999999999904e-01
9.451000000000000512e-01 9.507999999999999785e-01
9.447999999999999732e-01 9.509999999999999565e-01
9.451000000000000512e-01 9.504000000000000226e-01
9.448999999999999622e-01 9.506000000000000005e-01
9.448999999999999622e-01 9.512000000000000455e-01
9.448999999999999622e-01 9.506999999999999895e-01
9.448999999999999622e-01 9.515000000000000124e-01
9.449999999999999512e-01 9.509999999999999565e-01
9.452000000000000401e-01 9.514000000000000234e-01
9.449999999999999512e-01 9.516999999999999904e-01
9.449999999999999512e-01 9.516999999999999904e-01
9.447999999999999732e-01 9.510999999999999455e-01
9.449999999999999512e-01 9.516000000000000014e-01
9.448999999999999622e-01 9.507999999999999785e-01
9.448999999999999622e-01 9.517999999999999794e-01
9.454000000000000181e-01 9.509999999999999565e-01
9.451000000000000512e-01 9.509999999999999565e-01
9.449999999999999512e-01 9.506000000000000005e-01
9.446999999999999842e-01 9.512000000000000455e-01
9.446999999999999842e-01 9.516999999999999904e-01
9.445999999999999952e-01 9.515000000000000124e-01
9.446999999999999842e-01 9.516000000000000014e-01
9.448999999999999622e-01 9.516000000000000014e-01
9.452000000000000401e-01 9.514000000000000234e-01
9.449999999999999512e-01 9.512000000000000455e-01
9.451000000000000512e-01 9.514000000000000234e-01
9.449999999999999512e-01 9.512000000000000455e-01
9.452000000000000401e-01 9.505000000000000115e-01
9.449999999999999512e-01 9.509999999999999565e-01
9.451000000000000512e-01 9.509999999999999565e-01
9.448999999999999622e-01 9.516000000000000014e-01
9.452000000000000401e-01 9.516000000000000014e-01
9.452000000000000401e-01 9.519999999999999574e-01
9.451000000000000512e-01 9.516999999999999904e-01
9.452000000000000401e-01 9.515000000000000124e-01
9.451000000000000512e-01 9.522000000000000464e-01
9.449999999999999512e-01 9.510999999999999455e-01
9.453000000000000291e-01 9.519999999999999574e-01
9.454000000000000181e-01 9.516000000000000014e-01
9.455999999999999961e-01 9.523000000000000353e-01
9.455999999999999961e-01 9.512000000000000455e-01
9.455999999999999961e-01 9.516000000000000014e-01
9.455000000000000071e-01 9.512000000000000455e-01
9.455000000000000071e-01 9.512000000000000455e-01
9.454000000000000181e-01 9.507999999999999785e-01
9.456999999999999851e-01 9.507999999999999785e-01
9.455999999999999961e-01 9.512000000000000455e-01
9.455000000000000071e-01 9.506000000000000005e-01
9.453000000000000291e-01 9.513000000000000345e-01
9.453000000000000291e-01 9.506999999999999895e-01
9.452000000000000401e-01 9.520999999999999464e-01
9.453000000000000291e-01 9.514000000000000234e-01
9.454000000000000181e-01 9.512000000000000455e-01
9.455999999999999961e-01 9.509999999999999565e-01
9.452000000000000401e-01 9.515000000000000124e-01
9.453000000000000291e-01 9.507999999999999785e-01
9.449999999999999512e-01 9.513000000000000345e-01
9.448999999999999622e-01 9.505000000000000115e-01
9.449999999999999512e-01 9.514000000000000234e-01
9.448999999999999622e-01 9.509999999999999565e-01
9.451000000000000512e-01 9.509999999999999565e-01
9.448999999999999622e-01 9.506999999999999895e-01
9.448999999999999622e-01 9.510999999999999455e-01
9.448999999999999622e-01 9.506999999999999895e-01
9.449999999999999512e-01 9.522000000000000464e-01
9.453000000000000291e-01 9.509999999999999565e-01
9.451000000000000512e-01 9.519999999999999574e-01
9.448999999999999622e-01 9.522000000000000464e-01
9.447999999999999732e-01 9.520999999999999464e-01
9.451000000000000512e-01 9.517999999999999794e-01
9.447999999999999732e-01 9.519999999999999574e-01
9.448999999999999622e-01 9.517999999999999794e-01
9.452000000000000401e-01 9.510999999999999455e-01
9.452000000000000401e-01 9.510999999999999455e-01
9.447999999999999732e-01 9.506999999999999895e-01
9.449999999999999512e-01 9.509999999999999565e-01
9.453000000000000291e-01 9.512000000000000455e-01
9.452000000000000401e-01 9.510999999999999455e-01
9.447999999999999732e-01 9.505000000000000115e-01
9.447999999999999732e-01 9.507999999999999785e-01
9.447999999999999732e-01 9.500999999999999446e-01
9.449999999999999512e-01 9.502000000000000446e-01
9.447999999999999732e-01 9.505000000000000115e-01
9.447999999999999732e-01 9.508999999999999675e-01
9.447999999999999732e-01 9.512000000000000455e-01
9.447999999999999732e-01 9.520999999999999464e-01
9.446999999999999842e-01 9.503000000000000336e-01
9.444000000000000172e-01 9.512000000000000455e-01
9.445000000000000062e-01 9.505000000000000115e-01
9.445000000000000062e-01 9.516999999999999904e-01
9.445999999999999952e-01 9.504000000000000226e-01
9.446999999999999842e-01 9.510999999999999455e-01
9.447999999999999732e-01 9.500999999999999446e-01
9.444000000000000172e-01 9.503000000000000336e-01
9.446999999999999842e-01 9.510999999999999455e-01
9.448999999999999622e-01 9.506999999999999895e-01
9.447999999999999732e-01 9.506000000000000005e-01
9.447999999999999732e-01 9.510999999999999455e-01
9.447999999999999732e-01 9.507999999999999785e-01
9.449999999999999512e-01 9.510999999999999455e-01
9.451000000000000512e-01 9.509999999999999565e-01
9.453000000000000291e-01 9.508999999999999675e-01
9.449999999999999512e-01 9.512000000000000455e-01
9.447999999999999732e-01 9.507999999999999785e-01
9.451000000000000512e-01 9.507999999999999785e-01
9.452000000000000401e-01 9.507999999999999785e-01
9.452000000000000401e-01 9.514000000000000234e-01
9.455000000000000071e-01 9.510999999999999455e-01
9.455000000000000071e-01 9.508999999999999675e-01
9.453000000000000291e-01 9.505000000000000115e-01
9.453000000000000291e-01 9.507999999999999785e-01
9.455999999999999961e-01 9.505000000000000115e-01
9.454000000000000181e-01 9.512000000000000455e-01
9.453000000000000291e-01 9.507999999999999785e-01
9.452000000000000401e-01 9.506000000000000005e-01
9.451000000000000512e-01 9.508999999999999675e-01
9.455000000000000071e-01 9.502000000000000446e-01
9.455000000000000071e-01 9.498999999999999666e-01
9.452000000000000401e-01 9.504000000000000226e-01
9.455000000000000071e-01 9.495000000000000107e-01
9.451000000000000512e-01 9.503000000000000336e-01
9.453000000000000291e-01 9.497999999999999776e-01
9.454000000000000181e-01 9.503000000000000336e-01
9.454000000000000181e-01 9.502000000000000446e-01
9.452000000000000401e-01 9.499999999999999556e-01
9.452000000000000401e-01 9.504000000000000226e-01
9.451000000000000512e-01 9.502000000000000446e-01
9.448999999999999622e-01 9.504000000000000226e-01
9.447999999999999732e-01 9.495999999999999996e-01
9.447999999999999732e-01 9.499999999999999556e-01
9.447999999999999732e-01 9.492000000000000437e-01
9.445000000000000062e-01 9.494000000000000217e-01
9.446999999999999842e-01 9.496999999999999886e-01
9.446999999999999842e-01 9.493000000000000327e-01
9.445000000000000062e-01 9.494000000000000217e-01
9.448999999999999622e-01 9.500999999999999446e-01
9.447999999999999732e-01 9.505000000000000115e-01
9.445999999999999952e-01 9.512000000000000455e-01
9.448999999999999622e-01 9.519999999999999574e-01
9.448999999999999622e-01 9.508999999999999675e-01
9.448999999999999622e-01 9.515000000000000124e-01
9.446999999999999842e-01 9.516000000000000014e-01
9.445999999999999952e-01 9.514000000000000234e-01
9.449999999999999512e-01 9.513000000000000345e-01
9.449999999999999512e-01 9.506999999999999895e-01
9.452000000000000401e-01 9.513000000000000345e-01
9.455000000000000071e-01 9.507999999999999785e-01
9.456999999999999851e-01 9.510999999999999455e-01
9.455999999999999961e-01 9.510999999999999455e-01
9.453000000000000291e-01 9.506999999999999895e-01
9.455000000000000071e-01 9.512000000000000455e-01
9.448999999999999622e-01 9.516000000000000014e-01
9.451000000000000512e-01 9.516999999999999904e-01
9.454000000000000181e-01 9.507999999999999785e-01
9.454000000000000181e-01 9.507999999999999785e-01
9.455000000000000071e-01 9.507999999999999785e-01
9.455000000000000071e-01 9.506000000000000005e-01
9.455000000000000071e-01 9.506000000000000005e-01
9.454000000000000181e-01 9.503000000000000336e-01
9.455000000000000071e-01 9.505000000000000115e-01
9.454000000000000181e-01 9.506999999999999895e-01
9.455999999999999961e-01 9.503000000000000336e-01
9.455999999999999961e-01 9.498999999999999666e-01
9.456999999999999851e-01 9.502000000000000446e-01
9.456999999999999851e-01 9.508999999999999675e-01
9.456999999999999851e-01 9.504000000000000226e-01
9.455999999999999961e-01 9.506000000000000005e-01
9.455999999999999961e-01 9.499999999999999556e-01
9.455000000000000071e-01 9.506999999999999895e-01
9.455999999999999961e-01 9.507999999999999785e-01
9.453000000000000291e-01 9.499999999999999556e-01
9.449999999999999512e-01 9.504000000000000226e-01
9.452000000000000401e-01 9.507999999999999785e-01
9.451000000000000512e-01 9.498999999999999666e-01
9.451000000000000512e-01 9.499999999999999556e-01
9.446999999999999842e-01 9.504000000000000226e-01
9.447999999999999732e-01 9.498999999999999666e-01
9.446999999999999842e-01 9.508999999999999675e-01
9.446999999999999842e-01 9.503000000000000336e-01
9.451000000000000512e-01 9.512000000000000455e-01
9.449999999999999512e-01 9.505000000000000115e-01
9.449999999999999512e-01 9.499999999999999556e-01
9.448999999999999622e-01 9.504000000000000226e-01
9.451000000000000512e-01 9.498999999999999666e-01
9.452000000000000401e-01 9.498999999999999666e-01
9.451000000000000512e-01 9.497999999999999776e-01
9.455999999999999961e-01 9.503000000000000336e-01
9.456999999999999851e-01 9.499999999999999556e-01
9.456999999999999851e-01 9.506999999999999895e-01
9.457999999999999741e-01 9.496999999999999886e-01
9.457999999999999741e-01 9.503000000000000336e-01
9.461000000000000520e-01 9.493000000000000327e-01
9.457999999999999741e-01 9.499999999999999556e-01
9.455999999999999961e-01 9.500999999999999446e-01
9.455999999999999961e-01 9.503000000000000336e-01
9.456999999999999851e-01 9.497999999999999776e-01
9.455999999999999961e-01 9.496999999999999886e-01
9.457999999999999741e-01 9.491000000000000547e-01
9.457999999999999741e-01 9.489999999999999547e-01
9.458999999999999631e-01 9.495000000000000107e-01
9.458999999999999631e-01 9.495000000000000107e-01
9.459999999999999520e-01 9.495999999999999996e-01
9.462000000000000410e-01 9.491000000000000547e-01
9.458999999999999631e-01 9.492000000000000437e-01
9.457999999999999741e-01 9.492000000000000437e-01
9.458999999999999631e-01 9.495000000000000107e-01
9.455999999999999961e-01 9.492000000000000437e-01
9.455000000000000071e-01 9.495999999999999996e-01
9.455999999999999961e-01 9.495999999999999996e-01
9.455000000000000071e-01 9.488999999999999657e-01
9.455000000000000071e-01 9.497999999999999776e-01
9.455000000000000071e-01 9.493000000000000327e-01
9.454000000000000181e-01 9.495999999999999996e-01
9.452000000000000401e-01 9.499999999999999556e-01
9.453000000000000291e-01 9.496999999999999886e-01
9.455000000000000071e-01 9.502000000000000446e-01
9.459999999999999520e-01 9.514000000000000234e-01
9.455999999999999961e-01 9.507999999999999785e-01
9.455999999999999961e-01 9.495999999999999996e-01
9.456999999999999851e-01 9.496999999999999886e-01
9.456999999999999851e-01 9.492000000000000437e-01
9.457999999999999741e-01 9.495000000000000107e-01
9.455999999999999961e-01 9.495000000000000107e-01
9.457999999999999741e-01 9.499999999999999556e-01
9.457999999999999741e-01 9.499999999999999556e-01
9.458999999999999631e-01 9.498999999999999666e-01
9.457999999999999741e-01 9.493000000000000327e-01
9.455999999999999961e-01 9.496999999999999886e-01
9.456999999999999851e-01 9.495000000000000107e-01
9.455999999999999961e-01 9.496999999999999886e-01
9.455999999999999961e-01 9.496999999999999886e-01
9.456999999999999851e-01 9.505000000000000115e-01
9.459999999999999520e-01 9.506000000000000005e-01
9.457999999999999741e-01 9.504000000000000226e-01
9.457999999999999741e-01 9.498999999999999666e-01
9.456999999999999851e-01 9.492000000000000437e-01
9.459999999999999520e-01 9.500999999999999446e-01
9.457999999999999741e-01 9.495000000000000107e-01
9.458999999999999631e-01 9.497999999999999776e-01
9.455999999999999961e-01 9.496999999999999886e-01
9.455999999999999961e-01 9.492000000000000437e-01
9.455999999999999961e-01 9.502000000000000446e-01
9.454000000000000181e-01 9.502000000000000446e-01
9.455999999999999961e-01 9.495000000000000107e-01
9.455999999999999961e-01 9.503000000000000336e-01
9.454000000000000181e-01 9.498999999999999666e-01
9.456999999999999851e-01 9.500999999999999446e-01
9.455999999999999961e-01 9.505000000000000115e-01
9.455000000000000071e-01 9.504000000000000226e-01
9.454000000000000181e-01 9.497999999999999776e-01
9.454000000000000181e-01 9.496999999999999886e-01
9.455999999999999961e-01 9.503000000000000336e-01
9.457999999999999741e-01 9.495999999999999996e-01
9.455999999999999961e-01 9.497999999999999776e-01
9.457999999999999741e-01 9.500999999999999446e-01
9.457999999999999741e-01 9.506000000000000005e-01
9.456999999999999851e-01 9.509999999999999565e-01
9.455000000000000071e-01 9.505000000000000115e-01
9.457999999999999741e-01 9.510999999999999455e-01
9.458999999999999631e-01 9.508999999999999675e-01
9.457999999999999741e-01 9.507999999999999785e-01
9.461000000000000520e-01 9.500999999999999446e-01
9.462000000000000410e-01 9.506999999999999895e-01
9.462000000000000410e-01 9.495999999999999996e-01
9.462000000000000410e-01 9.515000000000000124e-01
9.462000000000000410e-01 9.507999999999999785e-01
9.463000000000000300e-01 9.507999999999999785e-01
9.464000000000000190e-01 9.506000000000000005e-01
9.464000000000000190e-01 9.506000000000000005e-01
9.464000000000000190e-01 9.502000000000000446e-01
9.463000000000000300e-01 9.498999999999999666e-01
9.461000000000000520e-01 9.498999999999999666e-01
9.462000000000000410e-01 9.497999999999999776e-01
9.462000000000000410e-01 9.502000000000000446e-01
9.461000000000000520e-01 9.502000000000000446e-01
9.459999999999999520e-01 9.497999999999999776e-01
9.463000000000000300e-01 9.498999999999999666e-01
9.462000000000000410e-01 9.506999999999999895e-01
9.461000000000000520e-01 9.507999999999999785e-01
9.463000000000000300e-01 9.510999999999999455e-01
9.464000000000000190e-01 9.512000000000000455e-01
9.459999999999999520e-01 9.505000000000000115e-01
9.463000000000000300e-01 9.508999999999999675e-01
9.459999999999999520e-01 9.506999999999999895e-01
9.462000000000000410e-01 9.513000000000000345e-01
9.462000000000000410e-01 9.513000000000000345e-01
9.463000000000000300e-01 9.506999999999999895e-01
9.461000000000000520e-01 9.505000000000000115e-01
9.461000000000000520e-01 9.513000000000000345e-01
9.462000000000000410e-01 9.502000000000000446e-01
9.462000000000000410e-01 9.499999999999999556e-01
9.461000000000000520e-01 9.500999999999999446e-01
9.462000000000000410e-01 9.505000000000000115e-01
9.459999999999999520e-01 9.502000000000000446e-01
9.464000000000000190e-01 9.506999999999999895e-01
9.463000000000000300e-01 9.506000000000000005e-01
9.465999999999999970e-01 9.510999999999999455e-01
9.464000000000000190e-01 9.514000000000000234e-01
9.463000000000000300e-01 9.512000000000000455e-01
9.464000000000000190e-01 9.515000000000000124e-01
9.463000000000000300e-01 9.513000000000000345e-01
9.463000000000000300e-01 9.510999999999999455e-01
9.463000000000000300e-01 9.508999999999999675e-01
9.463000000000000300e-01 9.504000000000000226e-01
9.462000000000000410e-01 9.504000000000000226e-01
9.464000000000000190e-01 9.510999999999999455e-01
9.464000000000000190e-01 9.508999999999999675e-01
9.464000000000000190e-01 9.512000000000000455e-01
9.465000000000000080e-01 9.510999999999999455e-01
9.466999999999999860e-01 9.512000000000000455e-01
9.468999999999999639e-01 9.514000000000000234e-01
9.467999999999999750e-01 9.510999999999999455e-01
9.465999999999999970e-01 9.508999999999999675e-01
9.466999999999999860e-01 9.512000000000000455e-01
9.467999999999999750e-01 9.509999999999999565e-01
9.467999999999999750e-01 9.515000000000000124e-01
9.465999999999999970e-01 9.512000000000000455e-01
9.464000000000000190e-01 9.516000000000000014e-01
9.464000000000000190e-01 9.519999999999999574e-01
9.463000000000000300e-01 9.509999999999999565e-01
9.463000000000000300e-01 9.510999999999999455e-01
9.466999999999999860e-01 9.506999999999999895e-01
9.466999999999999860e-01 9.509999999999999565e-01
9.467999999999999750e-01 9.503000000000000336e-01
9.467999999999999750e-01 9.505000000000000115e-01
9.465999999999999970e-01 9.514000000000000234e-01
9.467999999999999750e-01 9.504000000000000226e-01
9.467999999999999750e-01 9.508999999999999675e-01
9.465999999999999970e-01 9.506000000000000005e-01
9.465000000000000080e-01 9.505000000000000115e-01
9.465999999999999970e-01 9.509999999999999565e-01
9.464000000000000190e-01 9.509999999999999565e-01
9.463000000000000300e-01 9.514000000000000234e-01
9.462000000000000410e-01 9.513000000000000345e-01
9.463000000000000300e-01 9.506000000000000005e-01
9.462000000000000410e-01 9.504000000000000226e-01
9.463000000000000300e-01 9.507999999999999785e-01
9.465999999999999970e-01 9.512000000000000455e-01
9.465999999999999970e-01 9.499999999999999556e-01
9.464000000000000190e-01 9.519999999999999574e-01
9.465000000000000080e-01 9.507999999999999785e-01
9.466999999999999860e-01 9.519999999999999574e-01
9.466999999999999860e-01 9.520999999999999464e-01
9.468999999999999639e-01 9.520999999999999464e-01
9.475000000000000089e-01 9.509999999999999565e-01
9.473000000000000309e-01 9.516999999999999904e-01
9.475000000000000089e-01 9.514000000000000234e-01
9.474000000000000199e-01 9.512000000000000455e-01
9.473000000000000309e-01 9.506999999999999895e-01
9.473000000000000309e-01 9.514000000000000234e-01
9.475999999999999979e-01 9.508999999999999675e-01
9.474000000000000199e-01 9.509999999999999565e-01
9.473000000000000309e-01 9.504000000000000226e-01
9.478999999999999648e-01 9.517999999999999794e-01
9.475999999999999979e-01 9.518999999999999684e-01
9.476999999999999869e-01 9.520999999999999464e-01
9.476999999999999869e-01 9.517999999999999794e-01
9.479999999999999538e-01 9.516999999999999904e-01
9.479999999999999538e-01 9.516999999999999904e-01
9.484000000000000208e-01 9.510999999999999455e-01
9.484000000000000208e-01 9.522000000000000464e-01
9.484000000000000208e-01 9.516000000000000014e-01
9.483000000000000318e-01 9.518999999999999684e-01
9.484000000000000208e-01 9.519999999999999574e-01
9.485999999999999988e-01 9.522000000000000464e-01
9.485999999999999988e-01 9.519999999999999574e-01
9.484000000000000208e-01 9.522000000000000464e-01
9.485999999999999988e-01 9.526999999999999913e-01
9.485999999999999988e-01 9.526999999999999913e-01
9.485000000000000098e-01 9.526999999999999913e-01
9.484000000000000208e-01 9.523000000000000353e-01
9.485999999999999988e-01 9.529999999999999583e-01
9.485000000000000098e-01 9.522000000000000464e-01
9.487999999999999767e-01 9.522000000000000464e-01
9.485999999999999988e-01 9.526999999999999913e-01
9.487999999999999767e-01 9.533000000000000362e-01
9.488999999999999657e-01 9.518999999999999684e-01
9.488999999999999657e-01 9.524000000000000243e-01
9.487999999999999767e-01 9.528999999999999693e-01
9.486999999999999877e-01 9.520999999999999464e-01
9.487999999999999767e-01 9.528999999999999693e-01
9.487999999999999767e-01 9.526000000000000023e-01
9.485999999999999988e-01 9.527999999999999803e-01
9.486999999999999877e-01 9.532000000000000473e-01
9.485999999999999988e-01 9.524000000000000243e-01
9.489999999999999547e-01 9.524000000000000243e-01
9.486999999999999877e-01 9.525000000000000133e-01
9.487999999999999767e-01 9.518999999999999684e-01
9.488999999999999657e-01 9.517999999999999794e-01
9.486999999999999877e-01 9.516000000000000014e-01
9.485999999999999988e-01 9.522000000000000464e-01
9.486999999999999877e-01 9.520999999999999464e-01
9.486999999999999877e-01 9.516999999999999904e-01
9.487999999999999767e-01 9.517999999999999794e-01
9.488999999999999657e-01 9.512000000000000455e-01
9.487999999999999767e-01 9.506999999999999895e-01
9.488999999999999657e-01 9.512000000000000455e-01
9.491000000000000547e-01 9.512000000000000455e-01
9.494000000000000217e-01 9.513000000000000345e-01
9.493000000000000327e-01 9.516999999999999904e-01
9.494000000000000217e-01 9.516000000000000014e-01
9.495000000000000107e-01 9.513000000000000345e-01
9.493000000000000327e-01 9.516000000000000014e-01
9.493000000000000327e-01 9.512000000000000455e-01
9.494000000000000217e-01 9.516999999999999904e-01
9.493000000000000327e-01 9.515000000000000124e-01
9.493000000000000327e-01 9.523000000000000353e-01
9.494000000000000217e-01 9.517999999999999794e-01
9.495000000000000107e-01 9.525000000000000133e-01
9.495999999999999996e-01 9.519999999999999574e-01
9.496999999999999886e-01 9.524000000000000243e-01
9.494000000000000217e-01 9.522000000000000464e-01
9.494000000000000217e-01 9.526000000000000023e-01
9.492000000000000437e-01 9.523000000000000353e-01
9.494000000000000217e-01 9.526999999999999913e-01
9.494000000000000217e-01 9.517999999999999794e-01
9.494000000000000217e-01 9.522000000000000464e-01
9.496999999999999886e-01 9.522000000000000464e-01
9.495000000000000107e-01 9.522000000000000464e-01
9.496999999999999886e-01 9.524000000000000243e-01
9.496999999999999886e-01 9.516999999999999904e-01
9.497999999999999776e-01 9.518999999999999684e-01
9.497999999999999776e-01 9.516999999999999904e-01
9.499999999999999556e-01 9.519999999999999574e-01
9.500999999999999446e-01 9.515000000000000124e-01
9.497999999999999776e-01 9.520999999999999464e-01
9.497999999999999776e-01 9.525000000000000133e-01
9.496999999999999886e-01 9.528999999999999693e-01
9.499999999999999556e-01 9.533000000000000362e-01
9.502000000000000446e-01 9.520999999999999464e-01
9.502000000000000446e-01 9.525000000000000133e-01
9.503000000000000336e-01 9.517999999999999794e-01
9.502000000000000446e-01 9.520999999999999464e-01
9.498999999999999666e-01 9.528999999999999693e-01
9.500999999999999446e-01 9.524000000000000243e-01
9.503000000000000336e-01 9.520999999999999464e-01
9.504000000000000226e-01 9.517999999999999794e-01
9.505000000000000115e-01 9.516000000000000014e-01
9.506000000000000005e-01 9.510999999999999455e-01
9.500999999999999446e-01 9.517999999999999794e-01
9.502000000000000446e-01 9.512000000000000455e-01
9.498999999999999666e-01 9.522000000000000464e-01
9.500999999999999446e-01 9.520999999999999464e-01
9.503000000000000336e-01 9.513000000000000345e-01
9.500999999999999446e-01 9.518999999999999684e-01
9.499999999999999556e-01 9.516000000000000014e-01
9.497999999999999776e-01 9.529999999999999583e-01
9.496999999999999886e-01 9.517999999999999794e-01
9.497999999999999776e-01 9.522000000000000464e-01
9.499999999999999556e-01 9.524000000000000243e-01
9.502000000000000446e-01 9.532000000000000473e-01
9.499999999999999556e-01 9.535000000000000142e-01
9.498999999999999666e-01 9.535000000000000142e-01
9.499999999999999556e-01 9.535000000000000142e-01
9.495000000000000107e-01 9.527999999999999803e-01
9.496999999999999886e-01 9.529999999999999583e-01
9.496999999999999886e-01 9.532000000000000473e-01
9.497999999999999776e-01 9.526000000000000023e-01
9.497999999999999776e-01 9.522000000000000464e-01
9.499999999999999556e-01 9.515000000000000124e-01
9.499999999999999556e-01 9.516000000000000014e-01
9.497999999999999776e-01 9.516000000000000014e-01
9.499999999999999556e-01 9.514000000000000234e-01
9.499999999999999556e-01 9.516000000000000014e-01
9.500999999999999446e-01 9.508999999999999675e-01
9.497999999999999776e-01 9.500999999999999446e-01
9.498999999999999666e-01 9.505000000000000115e-01
9.500999999999999446e-01 9.504000000000000226e-01
9.496999999999999886e-01 9.505000000000000115e-01
9.499999999999999556e-01 9.495999999999999996e-01
9.498999999999999666e-01 9.494000000000000217e-01
9.497999999999999776e-01 9.495999999999999996e-01
9.496999999999999886e-01 9.499999999999999556e-01
9.497999999999999776e-01 9.488999999999999657e-01
9.497999999999999776e-01 9.491000000000000547e-01
9.496999999999999886e-01 9.502000000000000446e-01
9.496999999999999886e-01 9.496999999999999886e-01
9.499999999999999556e-01 9.495000000000000107e-01
9.497999999999999776e-01 9.499999999999999556e-01
9.495999999999999996e-01 9.499999999999999556e-01
9.499999999999999556e-01 9.502000000000000446e-01
9.500999999999999446e-01 9.495000000000000107e-01
9.498999999999999666e-01 9.497999999999999776e-01
9.496999999999999886e-01 9.500999999999999446e-01
9.498999999999999666e-01 9.504000000000000226e-01
9.498999999999999666e-01 9.512000000000000455e-01
9.497999999999999776e-01 9.507999999999999785e-01
9.498999999999999666e-01 9.504000000000000226e-01
9.499999999999999556e-01 9.502000000000000446e-01
9.498999999999999666e-01 9.506999999999999895e-01
9.500999999999999446e-01 9.499999999999999556e-01
9.499999999999999556e-01 9.505000000000000115e-01
9.498999999999999666e-01 9.500999999999999446e-01
9.497999999999999776e-01 9.505000000000000115e-01
9.496999999999999886e-01 9.508999999999999675e-01
9.495999999999999996e-01 9.507999999999999785e-01
9.495000000000000107e-01 9.500999999999999446e-01
9.497999999999999776e-01 9.495000000000000107e-01
9.496999999999999886e-01 9.495000000000000107e-01
9.495999999999999996e-01 9.495000000000000107e-01
9.496999999999999886e-01 9.494000000000000217e-01
9.496999999999999886e-01 9.495999999999999996e-01
9.495999999999999996e-01 9.497999999999999776e-01
9.497999999999999776e-01 9.495000000000000107e-01
9.497999999999999776e-01 9.500999999999999446e-01
9.495999999999999996e-01 9.499999999999999556e-01
9.495999999999999996e-01 9.496999999999999886e-01
9.496999999999999886e-01 9.498999999999999666e-01
9.499999999999999556e-01 9.496999999999999886e-01
9.502000000000000446e-01 9.492000000000000437e-01
9.499999999999999556e-01 9.498999999999999666e-01
9.499999999999999556e-01 9.498999999999999666e-01
9.500999999999999446e-01 9.507999999999999785e-01
9.500999999999999446e-01 9.492000000000000437e-01
9.503000000000000336e-01 9.499999999999999556e-01
9.499999999999999556e-01 9.488999999999999657e-01
9.502000000000000446e-01 9.492000000000000437e-01
9.503000000000000336e-01 9.488999999999999657e-01
9.500999999999999446e-01 9.493000000000000327e-01
9.502000000000000446e-01 9.488999999999999657e-01
9.503000000000000336e-01 9.504000000000000226e-01
9.505000000000000115e-01 9.495000000000000107e-01
9.503000000000000336e-01 9.495999999999999996e-01
9.500999999999999446e-01 9.500999999999999446e-01
9.505000000000000115e-01 9.503000000000000336e-01
9.500999999999999446e-01 9.500999999999999446e-01
9.503000000000000336e-01 9.503000000000000336e-01
9.503000000000000336e-01 9.504000000000000226e-01
9.499999999999999556e-01 9.500999999999999446e-01
9.503000000000000336e-01 9.503000000000000336e-01
9.504000000000000226e-01 9.505000000000000115e-01
9.505000000000000115e-01 9.505000000000000115e-01
9.505000000000000115e-01 9.508999999999999675e-01
9.505000000000000115e-01 9.502000000000000446e-01
9.506999999999999895e-01 9.507999999999999785e-01
9.505000000000000115e-01 9.503000000000000336e-01
9.506000000000000005e-01 9.498999999999999666e-01
9.506999999999999895e-01 9.495999999999999996e-01
9.503000000000000336e-01 9.491000000000000547e-01
9.504000000000000226e-01 9.485000000000000098e-01
9.506000000000000005e-01 9.494000000000000217e-01
9.507999999999999785e-01 9.485000000000000098e-01
9.509999999999999565e-01 9.491000000000000547e-01
9.509999999999999565e-01 9.487999999999999767e-01
9.509999999999999565e-01 9.495000000000000107e-01
9.513000000000000345e-01 9.494000000000000217e-01
9.514000000000000234e-01 9.489999999999999547e-01
9.509999999999999565e-01 9.492000000000000437e-01
9.509999999999999565e-01 9.491000000000000547e-01
9.510999999999999455e-01 9.495000000000000107e-01
9.512000000000000455e-01 9.495000000000000107e-01
9.514000000000000234e-01 9.496999999999999886e-01
9.512000000000000455e-01 9.491000000000000547e-01
9.512000000000000455e-01 9.497999999999999776e-01
9.513000000000000345e-01 9.495999999999999996e-01
9.512000000000000455e-01 9.495999999999999996e-01
9.510999999999999455e-01 9.488999999999999657e-01
9.514000000000000234e-01 9.491000000000000547e-01
9.515000000000000124e-01 9.493000000000000327e-01
9.512000000000000455e-01 9.485999999999999988e-01
9.510999999999999455e-01 9.488999999999999657e-01
9.510999999999999455e-01 9.489999999999999547e-01
9.509999999999999565e-01 9.482000000000000428e-01
9.510999999999999455e-01 9.486999999999999877e-01
9.510999999999999455e-01 9.488999999999999657e-01
9.512000000000000455e-01 9.495000000000000107e-01
9.512000000000000455e-01 9.494000000000000217e-01
9.512000000000000455e-01 9.495999999999999996e-01
9.512000000000000455e-01 9.496999999999999886e-01
9.513000000000000345e-01 9.493000000000000327e-01
9.513000000000000345e-01 9.498999999999999666e-01
9.512000000000000455e-01 9.500999999999999446e-01
9.512000000000000455e-01 9.502000000000000446e-01
9.510999999999999455e-01 9.498999999999999666e-01
9.512000000000000455e-01 9.496999999999999886e-01
9.510999999999999455e-01 9.497999999999999776e-01
9.510999999999999455e-01 9.491000000000000547e-01
9.512000000000000455e-01 9.492000000000000437e-01
9.513000000000000345e-01 9.489999999999999547e-01
9.509999999999999565e-01 9.499999999999999556e-01
9.509999999999999565e-01 9.492000000000000437e-01
9.509999999999999565e-01 9.496999999999999886e-01
9.509999999999999565e-01 9.492000000000000437e-01
9.509999999999999565e-01 9.495999999999999996e-01
9.508999999999999675e-01 9.488999999999999657e-01
9.510999999999999455e-01 9.489999999999999547e-01
9.509999999999999565e-01 9.495999999999999996e-01
9.509999999999999565e-01 9.498999999999999666e-01
9.513000000000000345e-01 9.495000000000000107e-01
9.513000000000000345e-01 9.507999999999999785e-01
9.512000000000000455e-01 9.504000000000000226e-01
9.512000000000000455e-01 9.504000000000000226e-01
9.510999999999999455e-01 9.496999999999999886e-01
9.509999999999999565e-01 9.500999999999999446e-01
9.506999999999999895e-01 9.498999999999999666e-01
9.506999999999999895e-01 9.503000000000000336e-01
9.507999999999999785e-01 9.496999999999999886e-01
9.507999999999999785e-01 9.497999999999999776e-01
9.508999999999999675e-01 9.499999999999999556e-01
9.506999999999999895e-01 9.502000000000000446e-01
9.506999999999999895e-01 9.500999999999999446e-01
9.505000000000000115e-01 9.497999999999999776e-01
9.505000000000000115e-01 9.500999999999999446e-01
9.503000000000000336e-01 9.495999999999999996e-01
9.505000000000000115e-01 9.494000000000000217e-01
9.505000000000000115e-01 9.495000000000000107e-01
9.508999999999999675e-01 9.503000000000000336e-01
9.507999999999999785e-01 9.496999999999999886e-01
9.507999999999999785e-01 9.499999999999999556e-01
9.512000000000000455e-01 9.502000000000000446e-01
9.508999999999999675e-01 9.503000000000000336e-01
9.505000000000000115e-01 9.495000000000000107e-01
9.508999999999999675e-01 9.502000000000000446e-01
9.506000000000000005e-01 9.498999999999999666e-01
9.505000000000000115e-01 9.506999999999999895e-01
9.505000000000000115e-01 9.504000000000000226e-01
9.506999999999999895e-01 9.513000000000000345e-01
9.507999999999999785e-01 9.506000000000000005e-01
9.508999999999999675e-01 9.504000000000000226e-01
9.507999999999999785e-01 9.505000000000000115e-01
9.508999999999999675e-01 9.500999999999999446e-01
9.508999999999999675e-01 9.506999999999999895e-01
9.508999999999999675e-01 9.506000000000000005e-01
9.507999999999999785e-01 9.507999999999999785e-01
9.509999999999999565e-01 9.507999999999999785e-01
9.508999999999999675e-01 9.509999999999999565e-01
9.507999999999999785e-01 9.508999999999999675e-01
9.508999999999999675e-01 9.506999999999999895e-01
9.506000000000000005e-01 9.510999999999999455e-01
9.506999999999999895e-01 9.510999999999999455e-01
9.506999999999999895e-01 9.506000000000000005e-01
9.507999999999999785e-01 9.506000000000000005e-01
9.507999999999999785e-01 9.504000000000000226e-01
9.506000000000000005e-01 9.509999999999999565e-01
9.506000000000000005e-01 9.507999999999999785e-01
9.506999999999999895e-01 9.514000000000000234e-01
9.507999999999999785e-01 9.506000000000000005e-01
9.506000000000000005e-01 9.512000000000000455e-01
9.505000000000000115e-01 9.495000000000000107e-01
9.507999999999999785e-01 9.504000000000000226e-01
9.506999999999999895e-01 9.499999999999999556e-01
9.506999999999999895e-01 9.502000000000000446e-01
9.506000000000000005e-01 9.500999999999999446e-01
9.507999999999999785e-01 9.505000000000000115e-01
9.506999999999999895e-01 9.496999999999999886e-01
9.504000000000000226e-01 9.506999999999999895e-01
9.504000000000000226e-01 9.500999999999999446e-01
9.503000000000000336e-01 9.506000000000000005e-01
9.502000000000000446e-01 9.494000000000000217e-01
9.503000000000000336e-01 9.502000000000000446e-01
9.505000000000000115e-01 9.491000000000000547e-01
9.503000000000000336e-01 9.502000000000000446e-01
9.503000000000000336e-01 9.495999999999999996e-01
9.503000000000000336e-01 9.494000000000000217e-01
9.503000000000000336e-01 9.493000000000000327e-01
9.503000000000000336e-01 9.496999999999999886e-01
9.504000000000000226e-01 9.497999999999999776e-01
9.505000000000000115e-01 9.494000000000000217e-01
9.504000000000000226e-01 9.493000000000000327e-01
9.505000000000000115e-01 9.492000000000000437e-01
9.502000000000000446e-01 9.497999999999999776e-01
9.500999999999999446e-01 9.491000000000000547e-01
9.503000000000000336e-01 9.497999999999999776e-01
9.504000000000000226e-01 9.493000000000000327e-01
9.504000000000000226e-01 9.503000000000000336e-01
9.503000000000000336e-01 9.492000000000000437e-01
9.502000000000000446e-01 9.493000000000000327e-01
9.502000000000000446e-01 9.488999999999999657e-01
9.502000000000000446e-01 9.492000000000000437e-01
9.503000000000000336e-01 9.488999999999999657e-01
9.503000000000000336e-01 9.494000000000000217e-01
9.500999999999999446e-01 9.492000000000000437e-01
9.499999999999999556e-01 9.488999999999999657e-01
9.500999999999999446e-01 9.488999999999999657e-01
9.502000000000000446e-01 9.485000000000000098e-01
9.499999999999999556e-01 9.485999999999999988e-01
9.499999999999999556e-01 9.485999999999999988e-01
9.496999999999999886e-01 9.485000000000000098e-01
9.502000000000000446e-01 9.483000000000000318e-01
9.503000000000000336e-01 9.479999999999999538e-01
9.500999999999999446e-01 9.483000000000000318e-01
9.499999999999999556e-01 9.487999999999999767e-01
9.499999999999999556e-01 9.486999999999999877e-01
9.500999999999999446e-01 9.486999999999999877e-01
9.505000000000000115e-01 9.478999999999999648e-01
9.504000000000000226e-01 9.489999999999999547e-01
9.504000000000000226e-01 9.496999999999999886e-01
9.504000000000000226e-01 9.489999999999999547e-01
9.506000000000000005e-01 9.491000000000000547e-01
9.504000000000000226e-01 9.488999999999999657e-01
9.502000000000000446e-01 9.493000000000000327e-01
9.504000000000000226e-01 9.492000000000000437e-01
9.504000000000000226e-01 9.494000000000000217e-01
9.504000000000000226e-01 9.492000000000000437e-01
9.505000000000000115e-01 9.492000000000000437e-01
9.505000000000000115e-01 9.494000000000000217e-01
9.504000000000000226e-01 9.498999999999999666e-01
9.504000000000000226e-01 9.495999999999999996e-01
9.503000000000000336e-01 9.498999999999999666e-01
9.499999999999999556e-01 9.493000000000000327e-01
9.500999999999999446e-01 9.493000000000000327e-01
9.502000000000000446e-01 9.496999999999999886e-01
9.500999999999999446e-01 9.495000000000000107e-01
9.500999999999999446e-01 9.493000000000000327e-01
9.500999999999999446e-01 9.484000000000000208e-01
9.499999999999999556e-01 9.485999999999999988e-01
9.499999999999999556e-01 9.483000000000000318e-01
9.503000000000000336e-01 9.484000000000000208e-01
9.499999999999999556e-01 9.476999999999999869e-01
9.504000000000000226e-01 9.475999999999999979e-01
9.503000000000000336e-01 9.472000000000000419e-01
9.505000000000000115e-01 9.476999999999999869e-01
9.506999999999999895e-01 9.478999999999999648e-01
9.506000000000000005e-01 9.481000000000000538e-01
9.504000000000000226e-01 9.484000000000000208e-01
9.506000000000000005e-01 9.485999999999999988e-01
9.507999999999999785e-01 9.483000000000000318e-01
9.507999999999999785e-01 9.489999999999999547e-01
9.506999999999999895e-01 9.494000000000000217e-01
9.507999999999999785e-01 9.494000000000000217e-01
9.506000000000000005e-01 9.491000000000000547e-01
9.503000000000000336e-01 9.494000000000000217e-01
9.505000000000000115e-01 9.494000000000000217e-01
9.503000000000000336e-01 9.494000000000000217e-01
9.504000000000000226e-01 9.486999999999999877e-01
9.503000000000000336e-01 9.488999999999999657e-01
9.503000000000000336e-01 9.496999999999999886e-01
9.502000000000000446e-01 9.494000000000000217e-01
9.503000000000000336e-01 9.495000000000000107e-01
9.504000000000000226e-01 9.499999999999999556e-01
9.503000000000000336e-01 9.488999999999999657e-01
9.502000000000000446e-01 9.483000000000000318e-01
9.505000000000000115e-01 9.478999999999999648e-01
9.505000000000000115e-01 9.487999999999999767e-01
9.503000000000000336e-01 9.484000000000000208e-01
9.502000000000000446e-01 9.495000000000000107e-01
9.503000000000000336e-01 9.488999999999999657e-01
9.500999999999999446e-01 9.492000000000000437e-01
9.499999999999999556e-01 9.492000000000000437e-01
9.499999999999999556e-01 9.487999999999999767e-01
9.499999999999999556e-01 9.491000000000000547e-01
9.499999999999999556e-01 9.491000000000000547e-01
9.500999999999999446e-01 9.491000000000000547e-01
9.502000000000000446e-01 9.495000000000000107e-01
9.500999999999999446e-01 9.491000000000000547e-01
9.499999999999999556e-01 9.493000000000000327e-01
9.500999999999999446e-01 9.494000000000000217e-01
9.497999999999999776e-01 9.495999999999999996e-01
9.499999999999999556e-01 9.497999999999999776e-01
9.500999999999999446e-01 9.504000000000000226e-01
9.500999999999999446e-01 9.498999999999999666e-01
9.500999999999999446e-01 9.499999999999999556e-01
9.500999999999999446e-01 9.497999999999999776e-01
9.502000000000000446e-01 9.497999999999999776e-01
9.500999999999999446e-01 9.496999999999999886e-01
9.498999999999999666e-01 9.502000000000000446e-01
9.502000000000000446e-01 9.495000000000000107e-01
9.500999999999999446e-01 9.499999999999999556e-01
9.500999999999999446e-01 9.487999999999999767e-01
9.500999999999999446e-01 9.489999999999999547e-01
9.500999999999999446e-01 9.485000000000000098e-01
9.499999999999999556e-01 9.486999999999999877e-01
9.499999999999999556e-01 9.484000000000000208e-01
9.500999999999999446e-01 9.485000000000000098e-01
9.500999999999999446e-01 9.485999999999999988e-01
9.503000000000000336e-01 9.478999999999999648e-01
9.504000000000000226e-01 9.477999999999999758e-01
9.503000000000000336e-01 9.473000000000000309e-01
9.504000000000000226e-01 9.481000000000000538e-01
9.504000000000000226e-01 9.477999999999999758e-01
9.503000000000000336e-01 9.477999999999999758e-01
9.505000000000000115e-01 9.479999999999999538e-01
9.502000000000000446e-01 9.483000000000000318e-01
9.502000000000000446e-01 9.485000000000000098e-01
9.504000000000000226e-01 9.487999999999999767e-01
9.505000000000000115e-01 9.482000000000000428e-01
9.506000000000000005e-01 9.494000000000000217e-01
9.502000000000000446e-01 9.485999999999999988e-01
9.498999999999999666e-01 9.495000000000000107e-01
9.498999999999999666e-01 9.486999999999999877e-01
9.499999999999999556e-01 9.494000000000000217e-01
9.499999999999999556e-01 9.487999999999999767e-01
9.498999999999999666e-01 9.494000000000000217e-01
9.499999999999999556e-01 9.495000000000000107e-01
9.498999999999999666e-01 9.493000000000000327e-01
9.499999999999999556e-01 9.488999999999999657e-01
9.498999999999999666e-01 9.489999999999999547e-01
9.499999999999999556e-01 9.489999999999999547e-01
9.499999999999999556e-01 9.487999999999999767e-01
9.499999999999999556e-01 9.492000000000000437e-01
9.500999999999999446e-01 9.493000000000000327e-01
9.500999999999999446e-01 9.491000000000000547e-01
9.503000000000000336e-01 9.487999999999999767e-01
9.502000000000000446e-01 9.491000000000000547e-01
9.502000000000000446e-01 9.485999999999999988e-01
9.502000000000000446e-01 9.482000000000000428e-01
9.504000000000000226e-01 9.484000000000000208e-01
9.503000000000000336e-01 9.484000000000000208e-01
9.502000000000000446e-01 9.481000000000000538e-01
9.499999999999999556e-01 9.485999999999999988e-01
9.502000000000000446e-01 9.492000000000000437e-01
9.500999999999999446e-01 9.492000000000000437e-01
9.500999999999999446e-01 9.498999999999999666e-01
9.499999999999999556e-01 9.496999999999999886e-01
9.499999999999999556e-01 9.499999999999999556e-01
9.499999999999999556e-01 9.489999999999999547e-01
9.499999999999999556e-01 9.491000000000000547e-01
9.500999999999999446e-01 9.495000000000000107e-01
9.498999999999999666e-01 9.494000000000000217e-01
9.499999999999999556e-01 9.488999999999999657e-01
9.498999999999999666e-01 9.492000000000000437e-01
9.497999999999999776e-01 9.491000000000000547e-01
9.498999999999999666e-01 9.496999999999999886e-01
9.496999999999999886e-01 9.494000000000000217e-01
9.497999999999999776e-01 9.496999999999999886e-01
9.499999999999999556e-01 9.494000000000000217e-01
9.500999999999999446e-01 9.495000000000000107e-01
9.498999999999999666e-01 9.493000000000000327e-01
9.499999999999999556e-01 9.494000000000000217e-01
9.496999999999999886e-01 9.496999999999999886e-01
9.495999999999999996e-01 9.499999999999999556e-01
9.496999999999999886e-01 9.494000000000000217e-01
9.495999999999999996e-01 9.488999999999999657e-01
9.495000000000000107e-01 9.492000000000000437e-01
9.494000000000000217e-01 9.486999999999999877e-01
9.494000000000000217e-01 9.487999999999999767e-01
9.494000000000000217e-01 9.484000000000000208e-01
9.495000000000000107e-01 9.489999999999999547e-01
9.495000000000000107e-01 9.487999999999999767e-01
9.494000000000000217e-01 9.479999999999999538e-01
9.495999999999999996e-01 9.486999999999999877e-01
9.496999999999999886e-01 9.483000000000000318e-01
9.497999999999999776e-01 9.486999999999999877e-01
9.496999999999999886e-01 9.491000000000000547e-01
9.497999999999999776e-01 9.485000000000000098e-01
9.497999999999999776e-01 9.485000000000000098e-01
9.495999999999999996e-01 9.482000000000000428e-01
9.495000000000000107e-01 9.486999999999999877e-01
9.497999999999999776e-01 9.481000000000000538e-01
9.497999999999999776e-01 9.483000000000000318e-01
9.498999999999999666e-01 9.473000000000000309e-01
9.499999999999999556e-01 9.473000000000000309e-01
9.497999999999999776e-01 9.473000000000000309e-01
9.498999999999999666e-01 9.477999999999999758e-01
9.498999999999999666e-01 9.473000000000000309e-01
9.498999999999999666e-01 9.478999999999999648e-01
9.499999999999999556e-01 9.477999999999999758e-01
9.497999999999999776e-01 9.478999999999999648e-01
9.497999999999999776e-01 9.478999999999999648e-01
9.498999999999999666e-01 9.484000000000000208e-01
9.500999999999999446e-01 9.485000000000000098e-01
9.498999999999999666e-01 9.486999999999999877e-01
9.498999999999999666e-01 9.492000000000000437e-01
9.498999999999999666e-01 9.492000000000000437e-01
9.500999999999999446e-01 9.494000000000000217e-01
9.502000000000000446e-01 9.495999999999999996e-01
9.500999999999999446e-01 9.495999999999999996e-01
9.504000000000000226e-01 9.496999999999999886e-01
9.503000000000000336e-01 9.486999999999999877e-01
9.500999999999999446e-01 9.493000000000000327e-01
9.498999999999999666e-01 9.489999999999999547e-01
9.500999999999999446e-01 9.494000000000000217e-01
9.503000000000000336e-01 9.491000000000000547e-01
9.504000000000000226e-01 9.492000000000000437e-01
9.503000000000000336e-01 9.491000000000000547e-01
9.502000000000000446e-01 9.491000000000000547e-01
9.500999999999999446e-01 9.495999999999999996e-01
9.499999999999999556e-01 9.487999999999999767e-01
9.504000000000000226e-01 9.493000000000000327e-01
9.503000000000000336e-01 9.485000000000000098e-01
9.504000000000000226e-01 9.492000000000000437e-01
9.503000000000000336e-01 9.487999999999999767e-01
9.504000000000000226e-01 9.495000000000000107e-01
9.505000000000000115e-01 9.487999999999999767e-01
9.504000000000000226e-01 9.493000000000000327e-01
9.505000000000000115e-01 9.495999999999999996e-01
9.505000000000000115e-01 9.494000000000000217e-01
9.506999999999999895e-01 9.492000000000000437e-01
9.506000000000000005e-01 9.482000000000000428e-01
9.506999999999999895e-01 9.485000000000000098e-01
9.507999999999999785e-01 9.486999999999999877e-01
9.506000000000000005e-01 9.486999999999999877e-01
9.506000000000000005e-01 9.479999999999999538e-01
9.506000000000000005e-01 9.478999999999999648e-01
9.506999999999999895e-01 9.483000000000000318e-01
9.506999999999999895e-01 9.485000000000000098e-01
9.508999999999999675e-01 9.484000000000000208e-01
9.509999999999999565e-01 9.485999999999999988e-01
9.510999999999999455e-01 9.484000000000000208e-01
9.506999999999999895e-01 9.485999999999999988e-01
9.508999999999999675e-01 9.475999999999999979e-01
9.507999999999999785e-01 9.486999999999999877e-01
9.505000000000000115e-01 9.476999999999999869e-01
9.506000000000000005e-01 9.478999999999999648e-01
9.506999999999999895e-01 9.477999999999999758e-01
9.505000000000000115e-01 9.484000000000000208e-01
9.506000000000000005e-01 9.481000000000000538e-01
9.506999999999999895e-01 9.482000000000000428e-01
9.505000000000000115e-01 9.485999999999999988e-01
9.504000000000000226e-01 9.487999999999999767e-01
9.504000000000000226e-01 9.489999999999999547e-01
9.505000000000000115e-01 9.489999999999999547e-01
9.504000000000000226e-01 9.488999999999999657e-01
9.503000000000000336e-01 9.485999999999999988e-01
9.504000000000000226e-01 9.477999999999999758e-01
9.504000000000000226e-01 9.488999999999999657e-01
9.502000000000000446e-01 9.486999999999999877e-01
9.503000000000000336e-01 9.488999999999999657e-01
9.503000000000000336e-01 9.487999999999999767e-01
9.504000000000000226e-01 9.484000000000000208e-01
9.503000000000000336e-01 9.485999999999999988e-01
9.506000000000000005e-01 9.495000000000000107e-01
9.506999999999999895e-01 9.493000000000000327e-01
9.507999999999999785e-01 9.488999999999999657e-01
9.506999999999999895e-01 9.489999999999999547e-01
9.506000000000000005e-01 9.493000000000000327e-01
9.506000000000000005e-01 9.489999999999999547e-01
9.506999999999999895e-01 9.492000000000000437e-01
9.505000000000000115e-01 9.488999999999999657e-01
9.506000000000000005e-01 9.483000000000000318e-01
9.506999999999999895e-01 9.488999999999999657e-01
9.507999999999999785e-01 9.492000000000000437e-01
9.506999999999999895e-01 9.491000000000000547e-01
9.506999999999999895e-01 9.498999999999999666e-01
9.506000000000000005e-01 9.488999999999999657e-01
9.506000000000000005e-01 9.489999999999999547e-01
9.506999999999999895e-01 9.495000000000000107e-01
9.506000000000000005e-01 9.493000000000000327e-01
9.506000000000000005e-01 9.487999999999999767e-01
9.507999999999999785e-01 9.488999999999999657e-01
9.507999999999999785e-01 9.489999999999999547e-01
9.509999999999999565e-01 9.491000000000000547e-01
9.507999999999999785e-01 9.488999999999999657e-01
9.508999999999999675e-01 9.500999999999999446e-01
9.506000000000000005e-01 9.494000000000000217e-01
9.505000000000000115e-01 9.486999999999999877e-01
9.506000000000000005e-01 9.491000000000000547e-01
9.505000000000000115e-01 9.486999999999999877e-01
9.507999999999999785e-01 9.495000000000000107e-01
9.506000000000000005e-01 9.488999999999999657e-01
9.507999999999999785e-01 9.488999999999999657e-01
9.507999999999999785e-01 9.484000000000000208e-01
9.506999999999999895e-01 9.485999999999999988e-01
9.506000000000000005e-01 9.486999999999999877e-01
9.506999999999999895e-01 9.486999999999999877e-01
9.506000000000000005e-01 9.494000000000000217e-01
9.505000000000000115e-01 9.487999999999999767e-01
9.505000000000000115e-01 9.492000000000000437e-01
9.503000000000000336e-01 9.481000000000000538e-01
9.503000000000000336e-01 9.489999999999999547e-01
9.504000000000000226e-01 9.485000000000000098e-01
9.504000000000000226e-01 9.479999999999999538e-01
9.504000000000000226e-01 9.484000000000000208e-01
9.500999999999999446e-01 9.485000000000000098e-01
9.503000000000000336e-01 9.485999999999999988e-01
9.500999999999999446e-01 9.486999999999999877e-01
9.500999999999999446e-01 9.485000000000000098e-01
9.502000000000000446e-01 9.487999999999999767e-01
9.502000000000000446e-01 9.488999999999999657e-01
9.500999999999999446e-01 9.485999999999999988e-01
9.502000000000000446e-01 9.487999999999999767e-01
9.500999999999999446e-01 9.486999999999999877e-01
9.500999999999999446e-01 9.492000000000000437e-01
9.498999999999999666e-01 9.482000000000000428e-01
9.502000000000000446e-01 9.488999999999999657e-01
9.498999999999999666e-01 9.485000000000000098e-01
9.497999999999999776e-01 9.485000000000000098e-01
9.498999999999999666e-01 9.485000000000000098e-01
9.498999999999999666e-01 9.483000000000000318e-01
9.499999999999999556e-01 9.482000000000000428e-01
9.499999999999999556e-01 9.487999999999999767e-01
9.499999999999999556e-01 9.485999999999999988e-01
9.500999999999999446e-01 9.488999999999999657e-01
9.503000000000000336e-01 9.489999999999999547e-01
9.500999999999999446e-01 9.492000000000000437e-01
9.502000000000000446e-01 9.491000000000000547e-01
9.499999999999999556e-01 9.486999999999999877e-01
9.498999999999999666e-01 9.481000000000000538e-01
9.498999999999999666e-01 9.487999999999999767e-01
9.502000000000000446e-01 9.478999999999999648e-01
9.502000000000000446e-01 9.485999999999999988e-01
9.499999999999999556e-01 9.483000000000000318e-01
9.498999999999999666e-01 9.483000000000000318e-01
9.500999999999999446e-01 9.488999999999999657e-01
9.502000000000000446e-01 9.482000000000000428e-01
9.504000000000000226e-01 9.491000000000000547e-01
9.504000000000000226e-01 9.492000000000000437e-01
9.504000000000000226e-01 9.488999999999999657e-01
9.503000000000000336e-01 9.489999999999999547e-01
9.504000000000000226e-01 9.485999999999999988e-01
9.504000000000000226e-01 9.489999999999999547e-01
9.504000000000000226e-01 9.485999999999999988e-01
9.504000000000000226e-01 9.486999999999999877e-01
9.504000000000000226e-01 9.484000000000000208e-01
9.505000000000000115e-01 9.491000000000000547e-01
9.503000000000000336e-01 9.486999999999999877e-01
9.504000000000000226e-01 9.486999999999999877e-01
9.504000000000000226e-01 9.487999999999999767e-01
9.503000000000000336e-01 9.487999999999999767e-01
9.504000000000000226e-01 9.485000000000000098e-01
9.503000000000000336e-01 9.483000000000000318e-01
9.503000000000000336e-01 9.491000000000000547e-01
9.499999999999999556e-01 9.495000000000000107e-01
9.499999999999999556e-01 9.488999999999999657e-01
9.499999999999999556e-01 9.485999999999999988e-01
9.502000000000000446e-01 9.491000000000000547e-01
9.502000000000000446e-01 9.489999999999999547e-01
9.503000000000000336e-01 9.487999999999999767e-01
9.500999999999999446e-01 9.486999999999999877e-01
9.500999999999999446e-01 9.491000000000000547e-01
9.502000000000000446e-01 9.489999999999999547e-01
9.500999999999999446e-01 9.492000000000000437e-01
9.503000000000000336e-01 9.493000000000000327e-01
9.504000000000000226e-01 9.492000000000000437e-01
9.502000000000000446e-01 9.495999999999999996e-01
9.503000000000000336e-01 9.492000000000000437e-01
9.503000000000000336e-01 9.495999999999999996e-01
9.502000000000000446e-01 9.493000000000000327e-01
9.500999999999999446e-01 9.495999999999999996e-01
9.500999999999999446e-01 9.497999999999999776e-01
9.500999999999999446e-01 9.492000000000000437e-01
9.505000000000000115e-01 9.495000000000000107e-01
9.504000000000000226e-01 9.495999999999999996e-01
9.505000000000000115e-01 9.495999999999999996e-01
9.503000000000000336e-01 9.489999999999999547e-01
9.503000000000000336e-01 9.493000000000000327e-01
9.503000000000000336e-01 9.494000000000000217e-01
9.503000000000000336e-01 9.486999999999999877e-01
9.503000000000000336e-01 9.485999999999999988e-01
9.503000000000000336e-01 9.489999999999999547e-01
9.503000000000000336e-01 9.489999999999999547e-01
9.504000000000000226e-01 9.486999999999999877e-01
9.503000000000000336e-01 9.495000000000000107e-01
9.503000000000000336e-01 9.497999999999999776e-01
9.503000000000000336e-01 9.493000000000000327e-01
9.506000000000000005e-01 9.492000000000000437e-01
9.506000000000000005e-01 9.486999999999999877e-01
9.504000000000000226e-01 9.492000000000000437e-01
9.503000000000000336e-01 9.489999999999999547e-01
9.503000000000000336e-01 9.497999999999999776e-01
9.506000000000000005e-01 9.487999999999999767e-01
9.506000000000000005e-01 9.497999999999999776e-01
9.506000000000000005e-01 9.487999999999999767e-01
9.505000000000000115e-01 9.486999999999999877e-01
9.506999999999999895e-01 9.487999999999999767e-01
9.506999999999999895e-01 9.484000000000000208e-01
9.505000000000000115e-01 9.486999999999999877e-01
9.505000000000000115e-01 9.487999999999999767e-01
9.504000000000000226e-01 9.492000000000000437e-01
9.503000000000000336e-01 9.483000000000000318e-01
9.500999999999999446e-01 9.495000000000000107e-01
9.505000000000000115e-01 9.485999999999999988e-01
9.503000000000000336e-01 9.485999999999999988e-01
9.500999999999999446e-01 9.494000000000000217e-01
9.506000000000000005e-01 9.491000000000000547e-01
9.503000000000000336e-01 9.494000000000000217e-01
9.500999999999999446e-01 9.493000000000000327e-01
9.497999999999999776e-01 9.495000000000000107e-01
9.499999999999999556e-01 9.492000000000000437e-01
9.500999999999999446e-01 9.495000000000000107e-01
9.498999999999999666e-01 9.494000000000000217e-01
9.496999999999999886e-01 9.492000000000000437e-01
9.498999999999999666e-01 9.492000000000000437e-01
9.495000000000000107e-01 9.485999999999999988e-01
9.495999999999999996e-01 9.488999999999999657e-01
9.497999999999999776e-01 9.489999999999999547e-01
9.495000000000000107e-01 9.482000000000000428e-01
9.495999999999999996e-01 9.495999999999999996e-01
9.495000000000000107e-01 9.494000000000000217e-01
9.495000000000000107e-01 9.495999999999999996e-01
9.495000000000000107e-01 9.488999999999999657e-01
9.495000000000000107e-01 9.497999999999999776e-01
9.495000000000000107e-01 9.491000000000000547e-01
9.495999999999999996e-01 9.492000000000000437e-01
9.496999999999999886e-01 9.489999999999999547e-01
9.495999999999999996e-01 9.489999999999999547e-01
9.496999999999999886e-01 9.487999999999999767e-01
9.495999999999999996e-01 9.496999999999999886e-01
9.496999999999999886e-01 9.488999999999999657e-01
9.495999999999999996e-01 9.483000000000000318e-01
9.495999999999999996e-01 9.487999999999999767e-01
9.494000000000000217e-01 9.489999999999999547e-01
9.495000000000000107e-01 9.489999999999999547e-01
9.495000000000000107e-01 9.487999999999999767e-01
9.495000000000000107e-01 9.488999999999999657e-01
9.494000000000000217e-01 9.492000000000000437e-01
9.495999999999999996e-01 9.495999999999999996e-01
9.495000000000000107e-01 9.491000000000000547e-01
9.492000000000000437e-01 9.489999999999999547e-01
9.493000000000000327e-01 9.488999999999999657e-01
9.494000000000000217e-01 9.495000000000000107e-01
9.494000000000000217e-01 9.496999999999999886e-01
9.494000000000000217e-01 9.492000000000000437e-01
9.496999999999999886e-01 9.498999999999999666e-01
9.495000000000000107e-01 9.495000000000000107e-01
9.494000000000000217e-01 9.502000000000000446e-01
9.496999999999999886e-01 9.499999999999999556e-01
9.497999999999999776e-01 9.496999999999999886e-01
9.497999999999999776e-01 9.489999999999999547e-01
9.496999999999999886e-01 9.495000000000000107e-01
9.496999999999999886e-01 9.499999999999999556e-01
9.495999999999999996e-01 9.493000000000000327e-01
9.495000000000000107e-01 9.495999999999999996e-01
9.494000000000000217e-01 9.495000000000000107e-01
9.493000000000000327e-01 9.500999999999999446e-01
9.493000000000000327e-01 9.496999999999999886e-01
9.493000000000000327e-01 9.494000000000000217e-01
9.495000000000000107e-01 9.493000000000000327e-01
9.494000000000000217e-01 9.495999999999999996e-01
9.494000000000000217e-01 9.489999999999999547e-01
9.495000000000000107e-01 9.502000000000000446e-01
9.492000000000000437e-01 9.496999999999999886e-01
9.491000000000000547e-01 9.502000000000000446e-01
9.493000000000000327e-01 9.500999999999999446e-01
9.493000000000000327e-01 9.498999999999999666e-01
9.493000000000000327e-01 9.496999999999999886e-01
9.493000000000000327e-01 9.495000000000000107e-01
9.494000000000000217e-01 9.495000000000000107e-01
9.494000000000000217e-01 9.503000000000000336e-01
9.494000000000000217e-01 9.493000000000000327e-01
9.494000000000000217e-01 9.495000000000000107e-01
9.493000000000000327e-01 9.499999999999999556e-01
9.491000000000000547e-01 9.507999999999999785e-01
9.494000000000000217e-01 9.498999999999999666e-01
9.495000000000000107e-01 9.505000000000000115e-01
9.494000000000000217e-01 9.504000000000000226e-01
9.495999999999999996e-01 9.504000000000000226e-01
9.495999999999999996e-01 9.504000000000000226e-01
9.495999999999999996e-01 9.506000000000000005e-01
9.494000000000000217e-01 9.505000000000000115e-01
9.495000000000000107e-01 9.505000000000000115e-01
9.493000000000000327e-01 9.499999999999999556e-01
9.493000000000000327e-01 9.506000000000000005e-01
9.493000000000000327e-01 9.508999999999999675e-01
9.492000000000000437e-01 9.502000000000000446e-01
9.492000000000000437e-01 9.498999999999999666e-01
9.492000000000000437e-01 9.502000000000000446e-01
9.491000000000000547e-01 9.495999999999999996e-01
9.493000000000000327e-01 9.505000000000000115e-01
9.492000000000000437e-01 9.495999999999999996e-01
9.492000000000000437e-01 9.496999999999999886e-01
9.492000000000000437e-01 9.495000000000000107e-01
9.491000000000000547e-01 9.495999999999999996e-01
9.491000000000000547e-01 9.493000000000000327e-01
9.489999999999999547e-01 9.496999999999999886e-01
9.488999999999999657e-01 9.496999999999999886e-01
9.489999999999999547e-01 9.497999999999999776e-01
9.491000000000000547e-01 9.496999999999999886e-01
9.492000000000000437e-01 9.495000000000000107e-01
9.491000000000000547e-01 9.502000000000000446e-01
9.494000000000000217e-01 9.503000000000000336e-01
9.495000000000000107e-01 9.499999999999999556e-01
9.495000000000000107e-01 9.499999999999999556e-01
9.495000000000000107e-01 9.503000000000000336e-01
9.496999999999999886e-01 9.497999999999999776e-01
9.495000000000000107e-01 9.496999999999999886e-01
9.495999999999999996e-01 9.495999999999999996e-01
9.497999999999999776e-01 9.498999999999999666e-01
9.496999999999999886e-01 9.502000000000000446e-01
9.496999999999999886e-01 9.503000000000000336e-01
9.497999999999999776e-01 9.505000000000000115e-01
9.497999999999999776e-01 9.502000000000000446e-01
9.498999999999999666e-01 9.500999999999999446e-01
9.496999999999999886e-01 9.493000000000000327e-01
9.495999999999999996e-01 9.497999999999999776e-01
9.496999999999999886e-01 9.495000000000000107e-01
9.498999999999999666e-01 9.494000000000000217e-01
9.497999999999999776e-01 9.491000000000000547e-01
9.496999999999999886e-01 9.493000000000000327e-01
9.497999999999999776e-01 9.494000000000000217e-01
9.498999999999999666e-01 9.495999999999999996e-01
9.498999999999999666e-01 9.498999999999999666e-01
9.497999999999999776e-01 9.504000000000000226e-01
9.495999999999999996e-01 9.498999999999999666e-01
9.495000000000000107e-01 9.498999999999999666e-01
9.495000000000000107e-01 9.494000000000000217e-01
9.495999999999999996e-01 9.496999999999999886e-01
9.496999999999999886e-01 9.492000000000000437e-01
9.496999999999999886e-01 9.498999999999999666e-01
9.497999999999999776e-01 9.493000000000000327e-01
9.497999999999999776e-01 9.495999999999999996e-01
9.497999999999999776e-01 9.494000000000000217e-01
9.499999999999999556e-01 9.497999999999999776e-01
9.498999999999999666e-01 9.495999999999999996e-01
9.496999999999999886e-01 9.500999999999999446e-01
9.495000000000000107e-01 9.492000000000000437e-01
9.495999999999999996e-01 9.499999999999999556e-01
9.495999999999999996e-01 9.495000000000000107e-01
9.495000000000000107e-01 9.491000000000000547e-01
9.497999999999999776e-01 9.488999999999999657e-01
9.496999999999999886e-01 9.494000000000000217e-01
9.497999999999999776e-01 9.489999999999999547e-01
9.497999999999999776e-01 9.491000000000000547e-01
9.497999999999999776e-01 9.492000000000000437e-01
9.496999999999999886e-01 9.494000000000000217e-01
9.497999999999999776e-01 9.492000000000000437e-01
9.498999999999999666e-01 9.488999999999999657e-01
9.495999999999999996e-01 9.492000000000000437e-01
9.498999999999999666e-01 9.487999999999999767e-01
9.498999999999999666e-01 9.492000000000000437e-01
9.497999999999999776e-01 9.486999999999999877e-01
9.499999999999999556e-01 9.495000000000000107e-01
9.499999999999999556e-01 9.493000000000000327e-01
9.497999999999999776e-01 9.497999999999999776e-01
9.498999999999999666e-01 9.493000000000000327e-01
9.499999999999999556e-01 9.498999999999999666e-01
9.498999999999999666e-01 9.497999999999999776e-01
9.498999999999999666e-01 9.498999999999999666e-01
9.499999999999999556e-01 9.496999999999999886e-01
9.497999999999999776e-01 9.494000000000000217e-01
9.497999999999999776e-01 9.500999999999999446e-01
9.498999999999999666e-01 9.492000000000000437e-01
9.497999999999999776e-01 9.494000000000000217e-01
9.499999999999999556e-01 9.488999999999999657e-01
9.498999999999999666e-01 9.491000000000000547e-01
9.497999999999999776e-01 9.488999999999999657e-01
9.498999999999999666e-01 9.487999999999999767e-01
9.498999999999999666e-01 9.489999999999999547e-01
9.499999999999999556e-01 9.497999999999999776e-01
9.498999999999999666e-01 9.497999999999999776e-01
9.498999999999999666e-01 9.504000000000000226e-01
9.498999999999999666e-01 9.505000000000000115e-01
9.498999999999999666e-01 9.500999999999999446e-01
9.499999999999999556e-01 9.504000000000000226e-01
9.499999999999999556e-01 9.497999999999999776e-01
9.499999999999999556e-01 9.505000000000000115e-01
9.499999999999999556e-01 9.500999999999999446e-01
9.498999999999999666e-01 9.502000000000000446e-01
9.497999999999999776e-01 9.503000000000000336e-01
9.496999999999999886e-01 9.503000000000000336e-01
9.496999999999999886e-01 9.506999999999999895e-01
9.496999999999999886e-01 9.509999999999999565e-01
9.495999999999999996e-01 9.502000000000000446e-01
9.496999999999999886e-01 9.495000000000000107e-01
9.496999999999999886e-01 9.496999999999999886e-01
9.495999999999999996e-01 9.491000000000000547e-01
9.495000000000000107e-01 9.496999999999999886e-01
9.493000000000000327e-01 9.496999999999999886e-01
9.494000000000000217e-01 9.503000000000000336e-01
9.494000000000000217e-01 9.496999999999999886e-01
9.495000000000000107e-01 9.499999999999999556e-01
9.494000000000000217e-01 9.505000000000000115e-01
9.495000000000000107e-01 9.499999999999999556e-01
9.494000000000000217e-01 9.498999999999999666e-01
9.494000000000000217e-01 9.503000000000000336e-01
9.492000000000000437e-01 9.498999999999999666e-01
9.493000000000000327e-01 9.506999999999999895e-01
9.494000000000000217e-01 9.498999999999999666e-01
9.495000000000000107e-01 9.506999999999999895e-01
9.493000000000000327e-01 9.503000000000000336e-01
9.492000000000000437e-01 9.499999999999999556e-01
9.493000000000000327e-01 9.492000000000000437e-01
9.492000000000000437e-01 9.497999999999999776e-01
9.492000000000000437e-01 9.493000000000000327e-01
9.493000000000000327e-01 9.496999999999999886e-01
9.491000000000000547e-01 9.491000000000000547e-01
9.493000000000000327e-01 9.489999999999999547e-01
9.493000000000000327e-01 9.496999999999999886e-01
9.495000000000000107e-01 9.494000000000000217e-01
9.495000000000000107e-01 9.495000000000000107e-01
9.493000000000000327e-01 9.495000000000000107e-01
9.493000000000000327e-01 9.493000000000000327e-01
9.492000000000000437e-01 9.500999999999999446e-01
9.493000000000000327e-01 9.496999999999999886e-01
9.494000000000000217e-01 9.499999999999999556e-01
9.489999999999999547e-01 9.503000000000000336e-01
9.492000000000000437e-01 9.503000000000000336e-01
9.492000000000000437e-01 9.494000000000000217e-01
9.491000000000000547e-01 9.495000000000000107e-01
9.494000000000000217e-01 9.497999999999999776e-01
9.494000000000000217e-01 9.497999999999999776e-01
9.492000000000000437e-01 9.498999999999999666e-01
9.493000000000000327e-01 9.496999999999999886e-01
9.491000000000000547e-01 9.496999999999999886e-01
9.491000000000000547e-01 9.491000000000000547e-01
9.488999999999999657e-01 9.494000000000000217e-01
9.492000000000000437e-01 9.494000000000000217e-01
9.494000000000000217e-01 9.499999999999999556e-01
9.494000000000000217e-01 9.502000000000000446e-01
9.491000000000000547e-01 9.498999999999999666e-01
9.491000000000000547e-01 9.497999999999999776e-01
9.489999999999999547e-01 9.497999999999999776e-01
9.489999999999999547e-01 9.502000000000000446e-01
9.489999999999999547e-01 9.497999999999999776e-01
9.489999999999999547e-01 9.499999999999999556e-01
9.488999999999999657e-01 9.497999999999999776e-01
9.492000000000000437e-01 9.496999999999999886e-01
9.492000000000000437e-01 9.495000000000000107e-01
9.491000000000000547e-01 9.499999999999999556e-01
9.492000000000000437e-01 9.496999999999999886e-01
9.491000000000000547e-01 9.495999999999999996e-01
9.491000000000000547e-01 9.493000000000000327e-01
9.491000000000000547e-01 9.498999999999999666e-01
9.493000000000000327e-01 9.505000000000000115e-01
9.492000000000000437e-01 9.500999999999999446e-01
9.493000000000000327e-01 9.504000000000000226e-01
9.494000000000000217e-01 9.503000000000000336e-01
9.493000000000000327e-01 9.492000000000000437e-01
9.493000000000000327e-01 9.493000000000000327e-01
9.492000000000000437e-01 9.495999999999999996e-01
9.492000000000000437e-01 9.493000000000000327e-01
9.492000000000000437e-01 9.492000000000000437e-01
9.492000000000000437e-01 9.497999999999999776e-01
9.493000000000000327e-01 9.492000000000000437e-01
9.493000000000000327e-01 9.495999999999999996e-01
9.493000000000000327e-01 9.487999999999999767e-01
9.493000000000000327e-01 9.485999999999999988e-01
9.495000000000000107e-01 9.486999999999999877e-01
9.493000000000000327e-01 9.486999999999999877e-01
9.494000000000000217e-01 9.491000000000000547e-01
9.494000000000000217e-01 9.487999999999999767e-01
9.495000000000000107e-01 9.485000000000000098e-01
9.494000000000000217e-01 9.485999999999999988e-01
9.496999999999999886e-01 9.486999999999999877e-01
9.496999999999999886e-01 9.486999999999999877e-01
9.495999999999999996e-01 9.488999999999999657e-01
9.495999999999999996e-01 9.494000000000000217e-01
9.495999999999999996e-01 9.493000000000000327e-01
9.495999999999999996e-01 9.493000000000000327e-01
9.494000000000000217e-01 9.491000000000000547e-01
9.495000000000000107e-01 9.489999999999999547e-01
9.495999999999999996e-01 9.494000000000000217e-01
9.494000000000000217e-01 9.494000000000000217e-01
9.493000000000000327e-01 9.485999999999999988e-01
9.494000000000000217e-01 9.488999999999999657e-01
9.493000000000000327e-01 9.489999999999999547e-01
9.493000000000000327e-01 9.491000000000000547e-01
9.494000000000000217e-01 9.491000000000000547e-01
9.494000000000000217e-01 9.486999999999999877e-01
9.492000000000000437e-01 9.493000000000000327e-01
9.492000000000000437e-01 9.493000000000000327e-01
9.493000000000000327e-01 9.495999999999999996e-01
9.489999999999999547e-01 9.493000000000000327e-01
9.488999999999999657e-01 9.492000000000000437e-01
9.489999999999999547e-01 9.484000000000000208e-01
9.485999999999999988e-01 9.485999999999999988e-01
9.486999999999999877e-01 9.479999999999999538e-01
9.486999999999999877e-01 9.475000000000000089e-01
9.487999999999999767e-01 9.478999999999999648e-01
9.486999999999999877e-01 9.481000000000000538e-01
9.486999999999999877e-01 9.483000000000000318e-01
9.485000000000000098e-01 9.479999999999999538e-01
9.485999999999999988e-01 9.482000000000000428e-01
9.486999999999999877e-01 9.479999999999999538e-01
9.486999999999999877e-01 9.483000000000000318e-01
9.486999999999999877e-01 9.485000000000000098e-01
9.486999999999999877e-01 9.477999999999999758e-01
9.485000000000000098e-01 9.478999999999999648e-01
9.485999999999999988e-01 9.484000000000000208e-01
9.485000000000000098e-01 9.488999999999999657e-01
9.483000000000000318e-01 9.486999999999999877e-01
9.484000000000000208e-01 9.477999999999999758e-01
9.483000000000000318e-01 9.483000000000000318e-01
9.483000000000000318e-01 9.485000000000000098e-01
9.482000000000000428e-01 9.485999999999999988e-01
9.482000000000000428e-01 9.483000000000000318e-01
9.483000000000000318e-01 9.485000000000000098e-01
9.482000000000000428e-01 9.485999999999999988e-01
9.481000000000000538e-01 9.485999999999999988e-01
9.479999999999999538e-01 9.489999999999999547e-01
9.478999999999999648e-01 9.495000000000000107e-01
9.477999999999999758e-01 9.495999999999999996e-01
9.478999999999999648e-01 9.499999999999999556e-01
9.478999999999999648e-01 9.500999999999999446e-01
9.478999999999999648e-01 9.500999999999999446e-01
9.482000000000000428e-01 9.495999999999999996e-01
9.483000000000000318e-01 9.498999999999999666e-01
9.482000000000000428e-01 9.498999999999999666e-01
9.481000000000000538e-01 9.494000000000000217e-01
9.481000000000000538e-01 9.498999999999999666e-01
9.481000000000000538e-01 9.495999999999999996e-01
9.482000000000000428e-01 9.497999999999999776e-01
9.481000000000000538e-01 9.493000000000000327e-01
9.481000000000000538e-01 9.491000000000000547e-01
9.479999999999999538e-01 9.492000000000000437e-01
9.478999999999999648e-01 9.499999999999999556e-01
9.478999999999999648e-01 9.487999999999999767e-01
9.476999999999999869e-01 9.494000000000000217e-01
9.477999999999999758e-01 9.492000000000000437e-01
9.479999999999999538e-01 9.492000000000000437e-01
9.481000000000000538e-01 9.488999999999999657e-01
9.482000000000000428e-01 9.485999999999999988e-01
9.482000000000000428e-01 9.485999999999999988e-01
9.481000000000000538e-01 9.487999999999999767e-01
9.482000000000000428e-01 9.483000000000000318e-01
9.482000000000000428e-01 9.486999999999999877e-01
9.479999999999999538e-01 9.486999999999999877e-01
9.479999999999999538e-01 9.485000000000000098e-01
9.479999999999999538e-01 9.485000000000000098e-01
9.479999999999999538e-01 9.487999999999999767e-01
9.479999999999999538e-01 9.487999999999999767e-01
9.479999999999999538e-01 9.496999999999999886e-01
9.479999999999999538e-01 9.492000000000000437e-01
9.479999999999999538e-01 9.496999999999999886e-01
9.479999999999999538e-01 9.489999999999999547e-01
9.478999999999999648e-01 9.492000000000000437e-01
9.478999999999999648e-01 9.491000000000000547e-01
9.477999999999999758e-01 9.495000000000000107e-01
9.477999999999999758e-01 9.493000000000000327e-01
9.477999999999999758e-01 9.487999999999999767e-01
9.476999999999999869e-01 9.492000000000000437e-01
9.474000000000000199e-01 9.486999999999999877e-01
9.474000000000000199e-01 9.497999999999999776e-01
9.475000000000000089e-01 9.498999999999999666e-01
9.475000000000000089e-01 9.495999999999999996e-01
9.475999999999999979e-01 9.493000000000000327e-01
9.475999999999999979e-01 9.495000000000000107e-01
9.475000000000000089e-01 9.499999999999999556e-01
9.475000000000000089e-01 9.496999999999999886e-01
9.474000000000000199e-01 9.492000000000000437e-01
9.473000000000000309e-01 9.488999999999999657e-01
9.473000000000000309e-01 9.496999999999999886e-01
9.472000000000000419e-01 9.498999999999999666e-01
9.472000000000000419e-01 9.495000000000000107e-01
9.472000000000000419e-01 9.495000000000000107e-01
9.473000000000000309e-01 9.495000000000000107e-01
9.475000000000000089e-01 9.494000000000000217e-01
9.475999999999999979e-01 9.495999999999999996e-01
9.475999999999999979e-01 9.493000000000000327e-01
9.475999999999999979e-01 9.495999999999999996e-01
9.476999999999999869e-01 9.494000000000000217e-01
9.475999999999999979e-01 9.491000000000000547e-01
9.476999999999999869e-01 9.505000000000000115e-01
9.476999999999999869e-01 9.498999999999999666e-01
9.476999999999999869e-01 9.499999999999999556e-01
9.478999999999999648e-01 9.495999999999999996e-01
9.478999999999999648e-01 9.500999999999999446e-01
9.476999999999999869e-01 9.500999999999999446e-01
9.476999999999999869e-01 9.505000000000000115e-01
9.476999999999999869e-01 9.498999999999999666e-01
9.478999999999999648e-01 9.503000000000000336e-01
9.478999999999999648e-01 9.505000000000000115e-01
9.479999999999999538e-01 9.506999999999999895e-01
9.479999999999999538e-01 9.499999999999999556e-01
9.478999999999999648e-01 9.506999999999999895e-01
9.478999999999999648e-01 9.506000000000000005e-01
9.477999999999999758e-01 9.506000000000000005e-01
9.477999999999999758e-01 9.508999999999999675e-01
9.475999999999999979e-01 9.507999999999999785e-01
9.475999999999999979e-01 9.503000000000000336e-01
9.475999999999999979e-01 9.505000000000000115e-01
9.476999999999999869e-01 9.496999999999999886e-01
9.477999999999999758e-01 9.505000000000000115e-01
9.478999999999999648e-01 9.502000000000000446e-01
9.479999999999999538e-01 9.500999999999999446e-01
9.478999999999999648e-01 9.496999999999999886e-01
9.478999999999999648e-01 9.499999999999999556e-01
9.476999999999999869e-01 9.502000000000000446e-01
9.474000000000000199e-01 9.499999999999999556e-01
9.475000000000000089e-01 9.495999999999999996e-01
9.472000000000000419e-01 9.495000000000000107e-01
9.473000000000000309e-01 9.499999999999999556e-01
9.475000000000000089e-01 9.498999999999999666e-01
9.474000000000000199e-01 9.497999999999999776e-01
9.474000000000000199e-01 9.494000000000000217e-01
9.472000000000000419e-01 9.494000000000000217e-01
9.471000000000000529e-01 9.488999999999999657e-01
9.468999999999999639e-01 9.492000000000000437e-01
9.467999999999999750e-01 9.491000000000000547e-01
9.467999999999999750e-01 9.494000000000000217e-01
9.466999999999999860e-01 9.493000000000000327e-01
9.467999999999999750e-01 9.496999999999999886e-01
9.466999999999999860e-01 9.494000000000000217e-01
9.465000000000000080e-01 9.491000000000000547e-01
9.465999999999999970e-01 9.489999999999999547e-01
9.466999999999999860e-01 9.489999999999999547e-01
9.468999999999999639e-01 9.487999999999999767e-01
9.468999999999999639e-01 9.488999999999999657e-01
9.469999999999999529e-01 9.484000000000000208e-01
9.472000000000000419e-01 9.491000000000000547e-01
9.473000000000000309e-01 9.493000000000000327e-01
9.472000000000000419e-01 9.491000000000000547e-01
9.473000000000000309e-01 9.492000000000000437e-01
9.472000000000000419e-01 9.492000000000000437e-01
9.472000000000000419e-01 9.495000000000000107e-01
9.471000000000000529e-01 9.493000000000000327e-01
9.471000000000000529e-01 9.493000000000000327e-01
9.473000000000000309e-01 9.491000000000000547e-01
9.474000000000000199e-01 9.492000000000000437e-01
9.475000000000000089e-01 9.488999999999999657e-01
9.473000000000000309e-01 9.488999999999999657e-01
9.475000000000000089e-01 9.492000000000000437e-01
9.473000000000000309e-01 9.493000000000000327e-01
9.472000000000000419e-01 9.488999999999999657e-01
9.473000000000000309e-01 9.491000000000000547e-01
9.472000000000000419e-01 9.491000000000000547e-01
9.473000000000000309e-01 9.492000000000000437e-01
9.471000000000000529e-01 9.494000000000000217e-01
9.471000000000000529e-01 9.491000000000000547e-01
9.471000000000000529e-01 9.494000000000000217e-01
9.474000000000000199e-01 9.494000000000000217e-01
9.469999999999999529e-01 9.498999999999999666e-01
9.469999999999999529e-01 9.493000000000000327e-01
9.471000000000000529e-01 9.494000000000000217e-01
9.471000000000000529e-01 9.496999999999999886e-01
9.471000000000000529e-01 9.495000000000000107e-01
9.469999999999999529e-01 9.499999999999999556e-01
9.471000000000000529e-01 9.504000000000000226e-01
9.473000000000000309e-01 9.499999999999999556e-01
9.471000000000000529e-01 9.497999999999999776e-01
9.473000000000000309e-01 9.496999999999999886e-01
9.473000000000000309e-01 9.494000000000000217e-01
9.473000000000000309e-01 9.489999999999999547e-01
9.475000000000000089e-01 9.491000000000000547e-01
9.475000000000000089e-01 9.488999999999999657e-01
9.471000000000000529e-01 9.489999999999999547e-01
9.471000000000000529e-01 9.495000000000000107e-01
9.469999999999999529e-01 9.495000000000000107e-01
9.471000000000000529e-01 9.493000000000000327e-01
9.472000000000000419e-01 9.493000000000000327e-01
9.469999999999999529e-01 9.497999999999999776e-01
9.471000000000000529e-01 9.498999999999999666e-01
9.468999999999999639e-01 9.499999999999999556e-01
9.471000000000000529e-01 9.502000000000000446e-01
9.472000000000000419e-01 9.506000000000000005e-01
9.471000000000000529e-01 9.509999999999999565e-01
9.472000000000000419e-01 9.514000000000000234e-01
9.472000000000000419e-01 9.512000000000000455e-01
9.472000000000000419e-01 9.512000000000000455e-01
9.473000000000000309e-01 9.510999999999999455e-01
9.473000000000000309e-01 9.507999999999999785e-01
9.473000000000000309e-01 9.514000000000000234e-01
9.474000000000000199e-01 9.515000000000000124e-01
9.474000000000000199e-01 9.512000000000000455e-01
9.474000000000000199e-01 9.513000000000000345e-01
9.475000000000000089e-01 9.510999999999999455e-01
9.474000000000000199e-01 9.509999999999999565e-01
9.473000000000000309e-01 9.503000000000000336e-01
9.474000000000000199e-01 9.509999999999999565e-01
9.475000000000000089e-01 9.506999999999999895e-01
9.474000000000000199e-01 9.509999999999999565e-01
9.475000000000000089e-01 9.502000000000000446e-01
9.475999999999999979e-01 9.509999999999999565e-01
9.475000000000000089e-01 9.506999999999999895e-01
9.475999999999999979e-01 9.512000000000000455e-01
9.475999999999999979e-01 9.510999999999999455e-01
9.474000000000000199e-01 9.512000000000000455e-01
9.474000000000000199e-01 9.507999999999999785e-01
9.474000000000000199e-01 9.509999999999999565e-01
9.473000000000000309e-01 9.504000000000000226e-01
9.473000000000000309e-01 9.506000000000000005e-01
9.472000000000000419e-01 9.507999999999999785e-01
9.472000000000000419e-01 9.505000000000000115e-01
9.474000000000000199e-01 9.506999999999999895e-01
9.474000000000000199e-01 9.506000000000000005e-01
9.473000000000000309e-01 9.500999999999999446e-01
9.473000000000000309e-01 9.504000000000000226e-01
9.475999999999999979e-01 9.507999999999999785e-01
9.475999999999999979e-01 9.508999999999999675e-01
9.475999999999999979e-01 9.504000000000000226e-01
9.474000000000000199e-01 9.502000000000000446e-01
9.473000000000000309e-01 9.504000000000000226e-01
9.475000000000000089e-01 9.505000000000000115e-01
9.472000000000000419e-01 9.500999999999999446e-01
9.471000000000000529e-01 9.506000000000000005e-01
9.473000000000000309e-01 9.503000000000000336e-01
9.474000000000000199e-01 9.504000000000000226e-01
9.472000000000000419e-01 9.502000000000000446e-01
9.471000000000000529e-01 9.508999999999999675e-01
9.471000000000000529e-01 9.508999999999999675e-01
9.472000000000000419e-01 9.507999999999999785e-01
9.471000000000000529e-01 9.505000000000000115e-01
9.469999999999999529e-01 9.506000000000000005e-01
9.469999999999999529e-01 9.505000000000000115e-01
9.471000000000000529e-01 9.510999999999999455e-01
9.471000000000000529e-01 9.508999999999999675e-01
9.471000000000000529e-01 9.506999999999999895e-01
9.471000000000000529e-01 9.506000000000000005e-01
9.471000000000000529e-01 9.498999999999999666e-01
9.469999999999999529e-01 9.506000000000000005e-01
9.471000000000000529e-01 9.499999999999999556e-01
9.471000000000000529e-01 9.504000000000000226e-01
9.473000000000000309e-01 9.503000000000000336e-01
9.473000000000000309e-01 9.502000000000000446e-01
9.474000000000000199e-01 9.499999999999999556e-01
9.475000000000000089e-01 9.498999999999999666e-01
9.474000000000000199e-01 9.499999999999999556e-01
9.475000000000000089e-01 9.498999999999999666e-01
9.475000000000000089e-01 9.488999999999999657e-01
9.475999999999999979e-01 9.492000000000000437e-01
9.474000000000000199e-01 9.489999999999999547e-01
9.476999999999999869e-01 9.493000000000000327e-01
9.475999999999999979e-01 9.492000000000000437e-01
9.477999999999999758e-01 9.487999999999999767e-01
9.477999999999999758e-01 9.486999999999999877e-01
9.478999999999999648e-01 9.493000000000000327e-01
9.477999999999999758e-01 9.491000000000000547e-01
9.478999999999999648e-01 9.492000000000000437e-01
9.479999999999999538e-01 9.484000000000000208e-01
9.481000000000000538e-01 9.494000000000000217e-01
9.481000000000000538e-01 9.491000000000000547e-01
9.479999999999999538e-01 9.495999999999999996e-01
9.481000000000000538e-01 9.495000000000000107e-01
9.482000000000000428e-01 9.493000000000000327e-01
9.479999999999999538e-01 9.489999999999999547e-01
9.478999999999999648e-01 9.493000000000000327e-01
9.478999999999999648e-01 9.492000000000000437e-01
9.476999999999999869e-01 9.493000000000000327e-01
9.477999999999999758e-01 9.488999999999999657e-01
9.476999999999999869e-01 9.493000000000000327e-01
9.476999999999999869e-01 9.493000000000000327e-01
9.475999999999999979e-01 9.497999999999999776e-01
9.476999999999999869e-01 9.498999999999999666e-01
9.477999999999999758e-01 9.500999999999999446e-01
9.477999999999999758e-01 9.503000000000000336e-01
9.477999999999999758e-01 9.499999999999999556e-01
9.476999999999999869e-01 9.500999999999999446e-01
9.475999999999999979e-01 9.507999999999999785e-01
9.477999999999999758e-01 9.505000000000000115e-01
9.477999999999999758e-01 9.507999999999999785e-01
9.475999999999999979e-01 9.507999999999999785e-01
9.475000000000000089e-01 9.503000000000000336e-01
9.475000000000000089e-01 9.502000000000000446e-01
9.473000000000000309e-01 9.506000000000000005e-01
9.475999999999999979e-01 9.507999999999999785e-01
9.473000000000000309e-01 9.508999999999999675e-01
9.471000000000000529e-01 9.513000000000000345e-01
9.472000000000000419e-01 9.514000000000000234e-01
9.471000000000000529e-01 9.500999999999999446e-01
9.471000000000000529e-01 9.506999999999999895e-01
9.471000000000000529e-01 9.498999999999999666e-01
9.469999999999999529e-01 9.497999999999999776e-01
9.472000000000000419e-01 9.493000000000000327e-01
9.472000000000000419e-01 9.497999999999999776e-01
9.473000000000000309e-01 9.489999999999999547e-01
9.473000000000000309e-01 9.495999999999999996e-01
9.472000000000000419e-01 9.496999999999999886e-01
9.473000000000000309e-01 9.495999999999999996e-01
9.472000000000000419e-01 9.500999999999999446e-01
9.469999999999999529e-01 9.498999999999999666e-01
9.473000000000000309e-01 9.500999999999999446e-01
9.475000000000000089e-01 9.503000000000000336e-01
9.475000000000000089e-01 9.503000000000000336e-01
9.475000000000000089e-01 9.504000000000000226e-01
9.474000000000000199e-01 9.505000000000000115e-01
9.474000000000000199e-01 9.499999999999999556e-01
9.475000000000000089e-01 9.499999999999999556e-01
9.474000000000000199e-01 9.502000000000000446e-01
9.475000000000000089e-01 9.498999999999999666e-01
9.474000000000000199e-01 9.499999999999999556e-01
9.474000000000000199e-01 9.499999999999999556e-01
9.472000000000000419e-01 9.502000000000000446e-01
9.473000000000000309e-01 9.495999999999999996e-01
9.472000000000000419e-01 9.500999999999999446e-01
9.473000000000000309e-01 9.498999999999999666e-01
9.472000000000000419e-01 9.496999999999999886e-01
9.472000000000000419e-01 9.495999999999999996e-01
9.472000000000000419e-01 9.498999999999999666e-01
9.469999999999999529e-01 9.492000000000000437e-01
9.469999999999999529e-01 9.493000000000000327e-01
9.471000000000000529e-01 9.484000000000000208e-01
9.469999999999999529e-01 9.487999999999999767e-01
9.469999999999999529e-01 9.486999999999999877e-01
9.468999999999999639e-01 9.491000000000000547e-01
9.469999999999999529e-01 9.489999999999999547e-01
9.471000000000000529e-01 9.484000000000000208e-01
9.472000000000000419e-01 9.492000000000000437e-01
9.473000000000000309e-01 9.487999999999999767e-01
9.473000000000000309e-01 9.492000000000000437e-01
9.472000000000000419e-01 9.481000000000000538e-01
9.473000000000000309e-01 9.488999999999999657e-01
9.471000000000000529e-01 9.489999999999999547e-01
9.471000000000000529e-01 9.495000000000000107e-01
9.471000000000000529e-01 9.495999999999999996e-01
9.471000000000000529e-01 9.492000000000000437e-01
9.471000000000000529e-01 9.492000000000000437e-01
9.472000000000000419e-01 9.491000000000000547e-01
9.473000000000000309e-01 9.495999999999999996e-01
9.469999999999999529e-01 9.495000000000000107e-01
9.471000000000000529e-01 9.494000000000000217e-01
9.471000000000000529e-01 9.486999999999999877e-01
9.471000000000000529e-01 9.486999999999999877e-01
9.469999999999999529e-01 9.486999999999999877e-01
9.469999999999999529e-01 9.485000000000000098e-01
9.471000000000000529e-01 9.488999999999999657e-01
9.471000000000000529e-01 9.484000000000000208e-01
9.469999999999999529e-01 9.485000000000000098e-01
9.471000000000000529e-01 9.478999999999999648e-01
9.471000000000000529e-01 9.478999999999999648e-01
9.472000000000000419e-01 9.477999999999999758e-01
9.473000000000000309e-01 9.475000000000000089e-01
9.473000000000000309e-01 9.474000000000000199e-01
9.472000000000000419e-01 9.474000000000000199e-01
9.473000000000000309e-01 9.478999999999999648e-01
9.472000000000000419e-01 9.482000000000000428e-01
9.472000000000000419e-01 9.484000000000000208e-01
9.473000000000000309e-01 9.481000000000000538e-01
9.473000000000000309e-01 9.474000000000000199e-01
9.474000000000000199e-01 9.485000000000000098e-01
9.474000000000000199e-01 9.474000000000000199e-01
9.475000000000000089e-01 9.477999999999999758e-01
9.475000000000000089e-01 9.475000000000000089e-01
9.474000000000000199e-01 9.473000000000000309e-01
9.473000000000000309e-01 9.477999999999999758e-01
9.473000000000000309e-01 9.478999999999999648e-01
9.474000000000000199e-01 9.478999999999999648e-01
9.475999999999999979e-01 9.472000000000000419e-01
9.476999999999999869e-01 9.474000000000000199e-01
9.475999999999999979e-01 9.486999999999999877e-01
9.475999999999999979e-01 9.481000000000000538e-01
9.475999999999999979e-01 9.483000000000000318e-01
9.476999999999999869e-01 9.476999999999999869e-01
9.475999999999999979e-01 9.485000000000000098e-01
9.476999999999999869e-01 9.484000000000000208e-01
9.476999999999999869e-01 9.485000000000000098e-01
9.477999999999999758e-01 9.481000000000000538e-01
9.476999999999999869e-01 9.488999999999999657e-01
9.477999999999999758e-01 9.477999999999999758e-01
9.476999999999999869e-01 9.479999999999999538e-01
9.476999999999999869e-01 9.482000000000000428e-01
9.477999999999999758e-01 9.483000000000000318e-01
9.475999999999999979e-01 9.484000000000000208e-01
9.475999999999999979e-01 9.483000000000000318e-01
9.475999999999999979e-01 9.485000000000000098e-01
9.475999999999999979e-01 9.485999999999999988e-01
9.475999999999999979e-01 9.484000000000000208e-01
9.475000000000000089e-01 9.485000000000000098e-01
9.475000000000000089e-01 9.484000000000000208e-01
9.472000000000000419e-01 9.484000000000000208e-01
9.472000000000000419e-01 9.483000000000000318e-01
9.472000000000000419e-01 9.483000000000000318e-01
9.468999999999999639e-01 9.485999999999999988e-01
9.472000000000000419e-01 9.476999999999999869e-01
9.473000000000000309e-01 9.482000000000000428e-01
9.471000000000000529e-01 9.478999999999999648e-01
9.469999999999999529e-01 9.483000000000000318e-01
9.468999999999999639e-01 9.486999999999999877e-01
9.469999999999999529e-01 9.484000000000000208e-01
9.466999999999999860e-01 9.479999999999999538e-01
9.467999999999999750e-01 9.479999999999999538e-01
9.467999999999999750e-01 9.475999999999999979e-01
9.467999999999999750e-01 9.467999999999999750e-01
9.465999999999999970e-01 9.473000000000000309e-01
9.466999999999999860e-01 9.473000000000000309e-01
9.466999999999999860e-01 9.472000000000000419e-01
9.468999999999999639e-01 9.473000000000000309e-01
9.468999999999999639e-01 9.475000000000000089e-01
9.469999999999999529e-01 9.474000000000000199e-01
9.469999999999999529e-01 9.477999999999999758e-01
9.468999999999999639e-01 9.481000000000000538e-01
9.469999999999999529e-01 9.476999999999999869e-01
9.468999999999999639e-01 9.478999999999999648e-01
9.468999999999999639e-01 9.478999999999999648e-01
9.467999999999999750e-01 9.475999999999999979e-01
9.468999999999999639e-01 9.467999999999999750e-01
9.468999999999999639e-01 9.475999999999999979e-01
9.467999999999999750e-01 9.476999999999999869e-01
9.465999999999999970e-01 9.487999999999999767e-01
9.465999999999999970e-01 9.482000000000000428e-01
9.465999999999999970e-01 9.478999999999999648e-01
9.466999999999999860e-01 9.475000000000000089e-01
9.468999999999999639e-01 9.475000000000000089e-01
9.467999999999999750e-01 9.477999999999999758e-01
9.468999999999999639e-01 9.478999999999999648e-01
9.465000000000000080e-01 9.478999999999999648e-01
9.465000000000000080e-01 9.482000000000000428e-01
9.465000000000000080e-01 9.478999999999999648e-01
9.465000000000000080e-01 9.485000000000000098e-01
9.465999999999999970e-01 9.475999999999999979e-01
9.466999999999999860e-01 9.482000000000000428e-01
9.466999999999999860e-01 9.482000000000000428e-01
9.466999999999999860e-01 9.486999999999999877e-01
9.466999999999999860e-01 9.477999999999999758e-01
9.469999999999999529e-01 9.478999999999999648e-01
9.468999999999999639e-01 9.481000000000000538e-01
9.469999999999999529e-01 9.482000000000000428e-01
9.469999999999999529e-01 9.482000000000000428e-01
9.468999999999999639e-01 9.475999999999999979e-01
9.468999999999999639e-01 9.476999999999999869e-01
9.472000000000000419e-01 9.474000000000000199e-01
9.473000000000000309e-01 9.475000000000000089e-01
9.473000000000000309e-01 9.473000000000000309e-01
9.471000000000000529e-01 9.474000000000000199e-01
9.472000000000000419e-01 9.473000000000000309e-01
9.472000000000000419e-01 9.474000000000000199e-01
9.471000000000000529e-01 9.469999999999999529e-01
9.473000000000000309e-01 9.475999999999999979e-01
9.472000000000000419e-01 9.473000000000000309e-01
9.471000000000000529e-01 9.483000000000000318e-01
9.469999999999999529e-01 9.481000000000000538e-01
9.468999999999999639e-01 9.475999999999999979e-01
9.466999999999999860e-01 9.473000000000000309e-01
9.465000000000000080e-01 9.478999999999999648e-01
9.465000000000000080e-01 9.473000000000000309e-01
9.467999999999999750e-01 9.475999999999999979e-01
9.466999999999999860e-01 9.469999999999999529e-01
9.467999999999999750e-01 9.474000000000000199e-01
9.468999999999999639e-01 9.474000000000000199e-01
9.467999999999999750e-01 9.473000000000000309e-01
9.467999999999999750e-01 9.472000000000000419e-01
9.468999999999999639e-01 9.472000000000000419e-01
9.467999999999999750e-01 9.477999999999999758e-01
9.467999999999999750e-01 9.478999999999999648e-01
9.466999999999999860e-01 9.471000000000000529e-01
9.466999999999999860e-01 9.476999999999999869e-01
9.465000000000000080e-01 9.482000000000000428e-01
9.465000000000000080e-01 9.485999999999999988e-01
9.465000000000000080e-01 9.484000000000000208e-01
9.464000000000000190e-01 9.485000000000000098e-01
9.465999999999999970e-01 9.483000000000000318e-01
9.465999999999999970e-01 9.488999999999999657e-01
9.465999999999999970e-01 9.479999999999999538e-01
9.465999999999999970e-01 9.484000000000000208e-01
9.465999999999999970e-01 9.488999999999999657e-01
9.465000000000000080e-01 9.485999999999999988e-01
9.463000000000000300e-01 9.489999999999999547e-01
9.465999999999999970e-01 9.494000000000000217e-01
9.464000000000000190e-01 9.496999999999999886e-01
9.464000000000000190e-01 9.496999999999999886e-01
9.465000000000000080e-01 9.496999999999999886e-01
9.464000000000000190e-01 9.495999999999999996e-01
9.464000000000000190e-01 9.497999999999999776e-01
9.465999999999999970e-01 9.495999999999999996e-01
9.465000000000000080e-01 9.496999999999999886e-01
9.465999999999999970e-01 9.493000000000000327e-01
9.465999999999999970e-01 9.495999999999999996e-01
9.465000000000000080e-01 9.494000000000000217e-01
9.465999999999999970e-01 9.487999999999999767e-01
9.466999999999999860e-01 9.489999999999999547e-01
9.466999999999999860e-01 9.489999999999999547e-01
9.465000000000000080e-01 9.486999999999999877e-01
9.465999999999999970e-01 9.496999999999999886e-01
9.466999999999999860e-01 9.491000000000000547e-01
9.466999999999999860e-01 9.496999999999999886e-01
9.466999999999999860e-01 9.493000000000000327e-01
9.466999999999999860e-01 9.498999999999999666e-01
9.467999999999999750e-01 9.495999999999999996e-01
9.465999999999999970e-01 9.492000000000000437e-01
9.465999999999999970e-01 9.492000000000000437e-01
9.465000000000000080e-01 9.498999999999999666e-01
9.463000000000000300e-01 9.492000000000000437e-01
9.463000000000000300e-01 9.487999999999999767e-01
9.462000000000000410e-01 9.495999999999999996e-01
9.462000000000000410e-01 9.495000000000000107e-01
9.462000000000000410e-01 9.497999999999999776e-01
9.462000000000000410e-01 9.486999999999999877e-01
9.462000000000000410e-01 9.487999999999999767e-01
9.462000000000000410e-01 9.491000000000000547e-01
9.462000000000000410e-01 9.492000000000000437e-01
9.463000000000000300e-01 9.485999999999999988e-01
9.462000000000000410e-01 9.489999999999999547e-01
9.462000000000000410e-01 9.492000000000000437e-01
9.461000000000000520e-01 9.495000000000000107e-01
9.458999999999999631e-01 9.493000000000000327e-01
9.458999999999999631e-01 9.495000000000000107e-01
9.458999999999999631e-01 9.492000000000000437e-01
9.458999999999999631e-01 9.502000000000000446e-01
9.461000000000000520e-01 9.496999999999999886e-01
9.462000000000000410e-01 9.502000000000000446e-01
9.461000000000000520e-01 9.495000000000000107e-01
9.462000000000000410e-01 9.499999999999999556e-01
9.462000000000000410e-01 9.492000000000000437e-01
9.463000000000000300e-01 9.492000000000000437e-01
9.465000000000000080e-01 9.486999999999999877e-01
9.464000000000000190e-01 9.492000000000000437e-01
9.464000000000000190e-01 9.492000000000000437e-01
9.464000000000000190e-01 9.496999999999999886e-01
9.466999999999999860e-01 9.500999999999999446e-01
9.465999999999999970e-01 9.495000000000000107e-01
9.465999999999999970e-01 9.492000000000000437e-01
9.465000000000000080e-01 9.502000000000000446e-01
9.466999999999999860e-01 9.497999999999999776e-01
9.466999999999999860e-01 9.499999999999999556e-01
9.466999999999999860e-01 9.498999999999999666e-01
9.465000000000000080e-01 9.500999999999999446e-01
9.467999999999999750e-01 9.500999999999999446e-01
9.466999999999999860e-01 9.498999999999999666e-01
9.467999999999999750e-01 9.494000000000000217e-01
9.465999999999999970e-01 9.494000000000000217e-01
9.466999999999999860e-01 9.489999999999999547e-01
9.464000000000000190e-01 9.486999999999999877e-01
9.464000000000000190e-01 9.487999999999999767e-01
9.465999999999999970e-01 9.496999999999999886e-01
9.465000000000000080e-01 9.488999999999999657e-01
9.464000000000000190e-01 9.499999999999999556e-01
9.464000000000000190e-01 9.489999999999999547e-01
9.464000000000000190e-01 9.493000000000000327e-01
9.464000000000000190e-01 9.495000000000000107e-01
9.463000000000000300e-01 9.495000000000000107e-01
9.463000000000000300e-01 9.493000000000000327e-01
9.464000000000000190e-01 9.494000000000000217e-01
9.463000000000000300e-01 9.488999999999999657e-01
9.464000000000000190e-01 9.487999999999999767e-01
9.464000000000000190e-01 9.491000000000000547e-01
9.464000000000000190e-01 9.495000000000000107e-01
9.464000000000000190e-01 9.488999999999999657e-01
9.464000000000000190e-01 9.485999999999999988e-01
9.463000000000000300e-01 9.495000000000000107e-01
9.461000000000000520e-01 9.500999999999999446e-01
9.459999999999999520e-01 9.502000000000000446e-01
9.463000000000000300e-01 9.498999999999999666e-01
9.459999999999999520e-01 9.503000000000000336e-01
9.461000000000000520e-01 9.497999999999999776e-01
9.461000000000000520e-01 9.500999999999999446e-01
9.461000000000000520e-01 9.502000000000000446e-01
9.461000000000000520e-01 9.497999999999999776e-01
9.459999999999999520e-01 9.496999999999999886e-01
9.458999999999999631e-01 9.495999999999999996e-01
9.459999999999999520e-01 9.497999999999999776e-01
9.461000000000000520e-01 9.499999999999999556e-01
9.461000000000000520e-01 9.502000000000000446e-01
9.458999999999999631e-01 9.507999999999999785e-01
9.459999999999999520e-01 9.504000000000000226e-01
9.459999999999999520e-01 9.505000000000000115e-01
9.459999999999999520e-01 9.495999999999999996e-01
9.457999999999999741e-01 9.496999999999999886e-01
9.458999999999999631e-01 9.488999999999999657e-01
9.458999999999999631e-01 9.495000000000000107e-01
9.457999999999999741e-01 9.494000000000000217e-01
9.459999999999999520e-01 9.492000000000000437e-01
9.458999999999999631e-01 9.488999999999999657e-01
9.456999999999999851e-01 9.494000000000000217e-01
9.458999999999999631e-01 9.493000000000000327e-01
9.457999999999999741e-01 9.492000000000000437e-01
9.456999999999999851e-01 9.489999999999999547e-01
9.455999999999999961e-01 9.496999999999999886e-01
9.457999999999999741e-01 9.495000000000000107e-01
9.457999999999999741e-01 9.495000000000000107e-01
9.459999999999999520e-01 9.492000000000000437e-01
9.458999999999999631e-01 9.495999999999999996e-01
9.458999999999999631e-01 9.494000000000000217e-01
9.456999999999999851e-01 9.495000000000000107e-01
9.458999999999999631e-01 9.495999999999999996e-01
9.461000000000000520e-01 9.495000000000000107e-01
9.461000000000000520e-01 9.497999999999999776e-01
9.461000000000000520e-01 9.493000000000000327e-01
9.462000000000000410e-01 9.499999999999999556e-01
9.462000000000000410e-01 9.495999999999999996e-01
9.463000000000000300e-01 9.507999999999999785e-01
9.464000000000000190e-01 9.498999999999999666e-01
9.464000000000000190e-01 9.506999999999999895e-01
9.463000000000000300e-01 9.500999999999999446e-01
9.463000000000000300e-01 9.502000000000000446e-01
9.465000000000000080e-01 9.493000000000000327e-01
9.463000000000000300e-01 9.491000000000000547e-01
9.465000000000000080e-01 9.488999999999999657e-01
9.465000000000000080e-01 9.495000000000000107e-01
9.464000000000000190e-01 9.493000000000000327e-01
9.465000000000000080e-01 9.496999999999999886e-01
9.465000000000000080e-01 9.494000000000000217e-01
9.464000000000000190e-01 9.492000000000000437e-01
9.463000000000000300e-01 9.492000000000000437e-01
9.463000000000000300e-01 9.496999999999999886e-01
9.459999999999999520e-01 9.488999999999999657e-01
9.461000000000000520e-01 9.493000000000000327e-01
9.464000000000000190e-01 9.491000000000000547e-01
9.465000000000000080e-01 9.494000000000000217e-01
9.465000000000000080e-01 9.493000000000000327e-01
9.464000000000000190e-01 9.483000000000000318e-01
9.463000000000000300e-01 9.488999999999999657e-01
9.462000000000000410e-01 9.486999999999999877e-01
9.463000000000000300e-01 9.488999999999999657e-01
9.462000000000000410e-01 9.485000000000000098e-01
9.463000000000000300e-01 9.487999999999999767e-01
9.462000000000000410e-01 9.489999999999999547e-01
9.462000000000000410e-01 9.496999999999999886e-01
9.465000000000000080e-01 9.504000000000000226e-01
9.463000000000000300e-01 9.502000000000000446e-01
9.463000000000000300e-01 9.496999999999999886e-01
9.464000000000000190e-01 9.498999999999999666e-01
9.464000000000000190e-01 9.503000000000000336e-01
9.464000000000000190e-01 9.499999999999999556e-01
9.464000000000000190e-01 9.493000000000000327e-01
9.462000000000000410e-01 9.494000000000000217e-01
9.463000000000000300e-01 9.496999999999999886e-01
9.464000000000000190e-01 9.495000000000000107e-01
9.463000000000000300e-01 9.494000000000000217e-01
9.463000000000000300e-01 9.489999999999999547e-01
9.464000000000000190e-01 9.487999999999999767e-01
9.464000000000000190e-01 9.493000000000000327e-01
9.464000000000000190e-01 9.485999999999999988e-01
9.465000000000000080e-01 9.494000000000000217e-01
9.465000000000000080e-01 9.498999999999999666e-01
9.464000000000000190e-01 9.497999999999999776e-01
9.464000000000000190e-01 9.498999999999999666e-01
9.465999999999999970e-01 9.499999999999999556e-01
9.465999999999999970e-01 9.500999999999999446e-01
9.465999999999999970e-01 9.500999999999999446e-01
9.465000000000000080e-01 9.495999999999999996e-01
9.465999999999999970e-01 9.496999999999999886e-01
9.465999999999999970e-01 9.503000000000000336e-01
9.467999999999999750e-01 9.498999999999999666e-01
9.471000000000000529e-01 9.496999999999999886e-01
9.471000000000000529e-01 9.498999999999999666e-01
9.471000000000000529e-01 9.495000000000000107e-01
9.468999999999999639e-01 9.493000000000000327e-01
9.467999999999999750e-01 9.495000000000000107e-01
9.468999999999999639e-01 9.495999999999999996e-01
9.466999999999999860e-01 9.494000000000000217e-01
9.466999999999999860e-01 9.499999999999999556e-01
9.467999999999999750e-01 9.494000000000000217e-01
9.467999999999999750e-01 9.495000000000000107e-01
9.466999999999999860e-01 9.494000000000000217e-01
9.467999999999999750e-01 9.495999999999999996e-01
9.466999999999999860e-01 9.493000000000000327e-01
9.466999999999999860e-01 9.495999999999999996e-01
9.465999999999999970e-01 9.485999999999999988e-01
9.466999999999999860e-01 9.487999999999999767e-01
9.466999999999999860e-01 9.482000000000000428e-01
9.466999999999999860e-01 9.492000000000000437e-01
9.464000000000000190e-01 9.485999999999999988e-01
9.463000000000000300e-01 9.494000000000000217e-01
9.464000000000000190e-01 9.488999999999999657e-01
9.465000000000000080e-01 9.486999999999999877e-01
9.464000000000000190e-01 9.483000000000000318e-01
9.463000000000000300e-01 9.485999999999999988e-01
9.463000000000000300e-01 9.484000000000000208e-01
9.464000000000000190e-01 9.491000000000000547e-01
9.461000000000000520e-01 9.497999999999999776e-01
9.459999999999999520e-01 9.489999999999999547e-01
9.461000000000000520e-01 9.494000000000000217e-01
9.461000000000000520e-01 9.489999999999999547e-01
9.459999999999999520e-01 9.498999999999999666e-01
9.461000000000000520e-01 9.495000000000000107e-01
9.459999999999999520e-01 9.496999999999999886e-01
9.457999999999999741e-01 9.492000000000000437e-01
9.458999999999999631e-01 9.499999999999999556e-01
9.457999999999999741e-01 9.493000000000000327e-01
9.458999999999999631e-01 9.495000000000000107e-01
9.458999999999999631e-01 9.493000000000000327e-01
9.457999999999999741e-01 9.495999999999999996e-01
9.458999999999999631e-01 9.499999999999999556e-01
9.458999999999999631e-01 9.495999999999999996e-01
9.457999999999999741e-01 9.498999999999999666e-01
9.457999999999999741e-01 9.497999999999999776e-01
9.456999999999999851e-01 9.502000000000000446e-01
9.456999999999999851e-01 9.502000000000000446e-01
9.455999999999999961e-01 9.495999999999999996e-01
9.455999999999999961e-01 9.496999999999999886e-01
9.457999999999999741e-01 9.497999999999999776e-01
9.458999999999999631e-01 9.505000000000000115e-01
9.459999999999999520e-01 9.495000000000000107e-01
9.458999999999999631e-01 9.500999999999999446e-01
9.457999999999999741e-01 9.498999999999999666e-01
9.459999999999999520e-01 9.500999999999999446e-01
9.459999999999999520e-01 9.494000000000000217e-01
9.458999999999999631e-01 9.495999999999999996e-01
9.458999999999999631e-01 9.496999999999999886e-01
9.463000000000000300e-01 9.491000000000000547e-01
9.462000000000000410e-01 9.492000000000000437e-01
9.464000000000000190e-01 9.496999999999999886e-01
9.462000000000000410e-01 9.500999999999999446e-01
9.461000000000000520e-01 9.495999999999999996e-01
9.459999999999999520e-01 9.495000000000000107e-01
9.459999999999999520e-01 9.496999999999999886e-01
9.459999999999999520e-01 9.502000000000000446e-01
9.459999999999999520e-01 9.495999999999999996e-01
9.459999999999999520e-01 9.495999999999999996e-01
9.458999999999999631e-01 9.497999999999999776e-01
9.458999999999999631e-01 9.502000000000000446e-01
9.458999999999999631e-01 9.505000000000000115e-01
9.458999999999999631e-01 9.505000000000000115e-01
9.459999999999999520e-01 9.500999999999999446e-01
9.461000000000000520e-01 9.495999999999999996e-01
9.463000000000000300e-01 9.498999999999999666e-01
9.462000000000000410e-01 9.495000000000000107e-01
9.463000000000000300e-01 9.495000000000000107e-01
9.463000000000000300e-01 9.497999999999999776e-01
9.464000000000000190e-01 9.496999999999999886e-01
9.462000000000000410e-01 9.497999999999999776e-01
9.462000000000000410e-01 9.493000000000000327e-01
9.464000000000000190e-01 9.494000000000000217e-01
9.464000000000000190e-01 9.493000000000000327e-01
9.464000000000000190e-01 9.491000000000000547e-01
9.461000000000000520e-01 9.495000000000000107e-01
9.462000000000000410e-01 9.500999999999999446e-01
9.461000000000000520e-01 9.496999999999999886e-01
9.459999999999999520e-01 9.502000000000000446e-01
9.461000000000000520e-01 9.503000000000000336e-01
9.461000000000000520e-01 9.503000000000000336e-01
9.462000000000000410e-01 9.505000000000000115e-01
9.461000000000000520e-01 9.497999999999999776e-01
9.461000000000000520e-01 9.507999999999999785e-01
9.461000000000000520e-01 9.498999999999999666e-01
9.458999999999999631e-01 9.506000000000000005e-01
9.458999999999999631e-01 9.493000000000000327e-01
9.458999999999999631e-01 9.504000000000000226e-01
9.457999999999999741e-01 9.499999999999999556e-01
9.457999999999999741e-01 9.503000000000000336e-01
9.457999999999999741e-01 9.500999999999999446e-01
9.457999999999999741e-01 9.502000000000000446e-01
9.457999999999999741e-01 9.505000000000000115e-01
9.457999999999999741e-01 9.499999999999999556e-01
9.456999999999999851e-01 9.504000000000000226e-01
9.455000000000000071e-01 9.498999999999999666e-01
9.455000000000000071e-01 9.498999999999999666e-01
9.455999999999999961e-01 9.499999999999999556e-01
9.455000000000000071e-01 9.503000000000000336e-01
9.455000000000000071e-01 9.503000000000000336e-01
9.452000000000000401e-01 9.502000000000000446e-01
9.452000000000000401e-01 9.496999999999999886e-01
9.453000000000000291e-01 9.496999999999999886e-01
9.452000000000000401e-01 9.498999999999999666e-01
9.452000000000000401e-01 9.498999999999999666e-01
9.453000000000000291e-01 9.491000000000000547e-01
9.453000000000000291e-01 9.499999999999999556e-01
9.452000000000000401e-01 9.504000000000000226e-01
9.452000000000000401e-01 9.498999999999999666e-01
9.453000000000000291e-01 9.502000000000000446e-01
9.453000000000000291e-01 9.500999999999999446e-01
9.453000000000000291e-01 9.495999999999999996e-01
9.453000000000000291e-01 9.495000000000000107e-01
9.453000000000000291e-01 9.497999999999999776e-01
9.452000000000000401e-01 9.502000000000000446e-01
9.453000000000000291e-01 9.504000000000000226e-01
9.453000000000000291e-01 9.499999999999999556e-01
9.455000000000000071e-01 9.498999999999999666e-01
9.456999999999999851e-01 9.504000000000000226e-01
9.455999999999999961e-01 9.499999999999999556e-01
9.455000000000000071e-01 9.506999999999999895e-01
9.455999999999999961e-01 9.504000000000000226e-01
9.457999999999999741e-01 9.499999999999999556e-01
9.459999999999999520e-01 9.504000000000000226e-01
9.461000000000000520e-01 9.497999999999999776e-01
9.461000000000000520e-01 9.497999999999999776e-01
9.459999999999999520e-01 9.497999999999999776e-01
9.459999999999999520e-01 9.503000000000000336e-01
9.459999999999999520e-01 9.497999999999999776e-01
9.461000000000000520e-01 9.498999999999999666e-01
9.461000000000000520e-01 9.504000000000000226e-01
9.461000000000000520e-01 9.493000000000000327e-01
9.461000000000000520e-01 9.500999999999999446e-01
9.462000000000000410e-01 9.495999999999999996e-01
9.461000000000000520e-01 9.496999999999999886e-01
9.462000000000000410e-01 9.495000000000000107e-01
9.461000000000000520e-01 9.493000000000000327e-01
9.461000000000000520e-01 9.493000000000000327e-01
9.461000000000000520e-01 9.496999999999999886e-01
9.462000000000000410e-01 9.495999999999999996e-01
9.462000000000000410e-01 9.505000000000000115e-01
9.462000000000000410e-01 9.504000000000000226e-01
9.461000000000000520e-01 9.504000000000000226e-01
9.461000000000000520e-01 9.503000000000000336e-01
9.461000000000000520e-01 9.508999999999999675e-01
9.461000000000000520e-01 9.497999999999999776e-01
9.459999999999999520e-01 9.499999999999999556e-01
9.461000000000000520e-01 9.497999999999999776e-01
9.458999999999999631e-01 9.504000000000000226e-01
9.455000000000000071e-01 9.500999999999999446e-01
9.458999999999999631e-01 9.500999999999999446e-01
9.455999999999999961e-01 9.504000000000000226e-01
9.455999999999999961e-01 9.503000000000000336e-01
9.457999999999999741e-01 9.498999999999999666e-01
9.458999999999999631e-01 9.495000000000000107e-01
9.456999999999999851e-01 9.497999999999999776e-01
9.457999999999999741e-01 9.498999999999999666e-01
9.457999999999999741e-01 9.494000000000000217e-01
9.457999999999999741e-01 9.498999999999999666e-01
9.459999999999999520e-01 9.487999999999999767e-01
9.459999999999999520e-01 9.499999999999999556e-01
9.459999999999999520e-01 9.497999999999999776e-01
9.459999999999999520e-01 9.499999999999999556e-01
9.459999999999999520e-01 9.489999999999999547e-01
9.459999999999999520e-01 9.496999999999999886e-01
9.457999999999999741e-01 9.492000000000000437e-01
9.457999999999999741e-01 9.495000000000000107e-01
9.456999999999999851e-01 9.485000000000000098e-01
9.458999999999999631e-01 9.491000000000000547e-01
9.461000000000000520e-01 9.485999999999999988e-01
9.457999999999999741e-01 9.495000000000000107e-01
9.458999999999999631e-01 9.489999999999999547e-01
9.461000000000000520e-01 9.492000000000000437e-01
9.461000000000000520e-01 9.493000000000000327e-01
9.459999999999999520e-01 9.495999999999999996e-01
9.459999999999999520e-01 9.494000000000000217e-01
9.459999999999999520e-01 9.499999999999999556e-01
9.461000000000000520e-01 9.496999999999999886e-01
9.462000000000000410e-01 9.495999999999999996e-01
9.459999999999999520e-01 9.489999999999999547e-01
9.461000000000000520e-01 9.492000000000000437e-01
9.459999999999999520e-01 9.488999999999999657e-01
9.459999999999999520e-01 9.491000000000000547e-01
9.461000000000000520e-01 9.484000000000000208e-01
9.461000000000000520e-01 9.499999999999999556e-01
9.461000000000000520e-01 9.495999999999999996e-01
9.461000000000000520e-01 9.494000000000000217e-01
9.461000000000000520e-01 9.491000000000000547e-01
9.461000000000000520e-01 9.492000000000000437e-01
9.462000000000000410e-01 9.495999999999999996e-01
9.461000000000000520e-01 9.495000000000000107e-01
9.462000000000000410e-01 9.488999999999999657e-01
9.464000000000000190e-01 9.488999999999999657e-01
9.463000000000000300e-01 9.495000000000000107e-01
9.462000000000000410e-01 9.487999999999999767e-01
9.465000000000000080e-01 9.488999999999999657e-01
9.462000000000000410e-01 9.485999999999999988e-01
9.458999999999999631e-01 9.482000000000000428e-01
9.457999999999999741e-01 9.485000000000000098e-01
9.461000000000000520e-01 9.484000000000000208e-01
9.461000000000000520e-01 9.483000000000000318e-01
9.461000000000000520e-01 9.488999999999999657e-01
9.461000000000000520e-01 9.485999999999999988e-01
9.461000000000000520e-01 9.494000000000000217e-01
9.459999999999999520e-01 9.494000000000000217e-01
9.459999999999999520e-01 9.487999999999999767e-01
9.459999999999999520e-01 9.487999999999999767e-01
9.461000000000000520e-01 9.492000000000000437e-01
9.459999999999999520e-01 9.483000000000000318e-01
9.459999999999999520e-01 9.483000000000000318e-01
9.458999999999999631e-01 9.475000000000000089e-01
9.459999999999999520e-01 9.485000000000000098e-01
9.461000000000000520e-01 9.483000000000000318e-01
9.461000000000000520e-01 9.488999999999999657e-01
9.461000000000000520e-01 9.484000000000000208e-01
9.461000000000000520e-01 9.486999999999999877e-01
9.461000000000000520e-01 9.485000000000000098e-01
9.461000000000000520e-01 9.485000000000000098e-01
9.461000000000000520e-01 9.486999999999999877e-01
9.461000000000000520e-01 9.485999999999999988e-01
9.459999999999999520e-01 9.485999999999999988e-01
9.459999999999999520e-01 9.492000000000000437e-01
9.459999999999999520e-01 9.486999999999999877e-01
9.461000000000000520e-01 9.489999999999999547e-01
9.461000000000000520e-01 9.485000000000000098e-01
9.461000000000000520e-01 9.487999999999999767e-01
9.462000000000000410e-01 9.488999999999999657e-01
9.462000000000000410e-01 9.494000000000000217e-01
9.462000000000000410e-01 9.485999999999999988e-01
9.462000000000000410e-01 9.489999999999999547e-01
9.462000000000000410e-01 9.486999999999999877e-01
9.462000000000000410e-01 9.489999999999999547e-01
9.462000000000000410e-01 9.491000000000000547e-01
9.461000000000000520e-01 9.489999999999999547e-01
9.463000000000000300e-01 9.495999999999999996e-01
9.464000000000000190e-01 9.495000000000000107e-01
9.462000000000000410e-01 9.495999999999999996e-01
9.464000000000000190e-01 9.496999999999999886e-01
9.465000000000000080e-01 9.496999999999999886e-01
9.465000000000000080e-01 9.498999999999999666e-01
9.465000000000000080e-01 9.503000000000000336e-01
9.466999999999999860e-01 9.496999999999999886e-01
9.467999999999999750e-01 9.497999999999999776e-01
9.469999999999999529e-01 9.494000000000000217e-01
9.468999999999999639e-01 9.495000000000000107e-01
9.467999999999999750e-01 9.491000000000000547e-01
9.469999999999999529e-01 9.487999999999999767e-01
9.467999999999999750e-01 9.485999999999999988e-01
9.467999999999999750e-01 9.492000000000000437e-01
9.471000000000000529e-01 9.485999999999999988e-01
9.471000000000000529e-01 9.492000000000000437e-01
9.468999999999999639e-01 9.493000000000000327e-01
9.467999999999999750e-01 9.492000000000000437e-01
9.469999999999999529e-01 9.495000000000000107e-01
9.468999999999999639e-01 9.498999999999999666e-01
9.468999999999999639e-01 9.495999999999999996e-01
9.468999999999999639e-01 9.498999999999999666e-01
9.467999999999999750e-01 9.497999999999999776e-01
9.465000000000000080e-01 9.498999999999999666e-01
9.465999999999999970e-01 9.499999999999999556e-01
9.466999999999999860e-01 9.497999999999999776e-01
9.465999999999999970e-01 9.503000000000000336e-01
9.467999999999999750e-01 9.502000000000000446e-01
9.466999999999999860e-01 9.503000000000000336e-01
9.466999999999999860e-01 9.506000000000000005e-01
9.466999999999999860e-01 9.499999999999999556e-01
9.467999999999999750e-01 9.498999999999999666e-01
9.467999999999999750e-01 9.498999999999999666e-01
9.465999999999999970e-01 9.497999999999999776e-01
9.465999999999999970e-01 9.496999999999999886e-01
9.465000000000000080e-01 9.502000000000000446e-01
9.463000000000000300e-01 9.498999999999999666e-01
9.463000000000000300e-01 9.497999999999999776e-01
9.463000000000000300e-01 9.493000000000000327e-01
9.463000000000000300e-01 9.492000000000000437e-01
9.464000000000000190e-01 9.494000000000000217e-01
9.464000000000000190e-01 9.496999999999999886e-01
9.463000000000000300e-01 9.496999999999999886e-01
9.463000000000000300e-01 9.497999999999999776e-01
9.464000000000000190e-01 9.498999999999999666e-01
9.465000000000000080e-01 9.496999999999999886e-01
9.464000000000000190e-01 9.500999999999999446e-01
9.465000000000000080e-01 9.499999999999999556e-01
9.465000000000000080e-01 9.503000000000000336e-01
9.463000000000000300e-01 9.504000000000000226e-01
9.463000000000000300e-01 9.508999999999999675e-01
9.464000000000000190e-01 9.497999999999999776e-01
9.465000000000000080e-01 9.500999999999999446e-01
9.465999999999999970e-01 9.503000000000000336e-01
9.465000000000000080e-01 9.503000000000000336e-01
9.465000000000000080e-01 9.497999999999999776e-01
9.465000000000000080e-01 9.498999999999999666e-01
9.465999999999999970e-01 9.504000000000000226e-01
9.465999999999999970e-01 9.503000000000000336e-01
9.465000000000000080e-01 9.499999999999999556e-01
9.465999999999999970e-01 9.503000000000000336e-01
9.466999999999999860e-01 9.506000000000000005e-01
9.466999999999999860e-01 9.507999999999999785e-01
9.467999999999999750e-01 9.506000000000000005e-01
9.465999999999999970e-01 9.507999999999999785e-01
9.466999999999999860e-01 9.512000000000000455e-01
9.465000000000000080e-01 9.510999999999999455e-01
9.466999999999999860e-01 9.506999999999999895e-01
9.466999999999999860e-01 9.509999999999999565e-01
9.467999999999999750e-01 9.506999999999999895e-01
9.466999999999999860e-01 9.512000000000000455e-01
9.469999999999999529e-01 9.507999999999999785e-01
9.466999999999999860e-01 9.507999999999999785e-01
9.467999999999999750e-01 9.500999999999999446e-01
9.466999999999999860e-01 9.506999999999999895e-01
9.465999999999999970e-01 9.506000000000000005e-01
9.465999999999999970e-01 9.507999999999999785e-01
9.466999999999999860e-01 9.503000000000000336e-01
9.465999999999999970e-01 9.507999999999999785e-01
9.465000000000000080e-01 9.506000000000000005e-01
9.466999999999999860e-01 9.507999999999999785e-01
9.468999999999999639e-01 9.503000000000000336e-01
9.465999999999999970e-01 9.499999999999999556e-01
9.467999999999999750e-01 9.506000000000000005e-01
9.467999999999999750e-01 9.494000000000000217e-01
9.467999999999999750e-01 9.495000000000000107e-01
9.467999999999999750e-01 9.495999999999999996e-01
9.467999999999999750e-01 9.493000000000000327e-01
9.468999999999999639e-01 9.496999999999999886e-01
9.467999999999999750e-01 9.497999999999999776e-01
9.467999999999999750e-01 9.496999999999999886e-01
9.467999999999999750e-01 9.487999999999999767e-01
9.467999999999999750e-01 9.493000000000000327e-01
9.467999999999999750e-01 9.485999999999999988e-01
9.468999999999999639e-01 9.494000000000000217e-01
9.469999999999999529e-01 9.492000000000000437e-01
9.468999999999999639e-01 9.494000000000000217e-01
9.468999999999999639e-01 9.497999999999999776e-01
9.469999999999999529e-01 9.496999999999999886e-01
9.467999999999999750e-01 9.507999999999999785e-01
9.466999999999999860e-01 9.500999999999999446e-01
9.468999999999999639e-01 9.499999999999999556e-01
9.467999999999999750e-01 9.499999999999999556e-01
9.466999999999999860e-01 9.500999999999999446e-01
9.468999999999999639e-01 9.499999999999999556e-01
9.466999999999999860e-01 9.499999999999999556e-01
9.465999999999999970e-01 9.498999999999999666e-01
9.466999999999999860e-01 9.496999999999999886e-01
9.466999999999999860e-01 9.502000000000000446e-01
9.466999999999999860e-01 9.495000000000000107e-01
9.467999999999999750e-01 9.496999999999999886e-01
9.468999999999999639e-01 9.500999999999999446e-01
9.466999999999999860e-01 9.499999999999999556e-01
9.466999999999999860e-01 9.502000000000000446e-01
9.467999999999999750e-01 9.503000000000000336e-01
9.467999999999999750e-01 9.497999999999999776e-01
9.465999999999999970e-01 9.510999999999999455e-01
9.468999999999999639e-01 9.506000000000000005e-01
9.468999999999999639e-01 9.508999999999999675e-01
9.467999999999999750e-01 9.504000000000000226e-01
9.468999999999999639e-01 9.502000000000000446e-01
9.468999999999999639e-01 9.500999999999999446e-01
9.467999999999999750e-01 9.500999999999999446e-01
9.468999999999999639e-01 9.495000000000000107e-01
9.468999999999999639e-01 9.495000000000000107e-01
9.469999999999999529e-01 9.495000000000000107e-01
9.472000000000000419e-01 9.489999999999999547e-01
9.472000000000000419e-01 9.491000000000000547e-01
9.472000000000000419e-01 9.488999999999999657e-01
9.473000000000000309e-01 9.492000000000000437e-01
9.473000000000000309e-01 9.493000000000000327e-01
9.473000000000000309e-01 9.493000000000000327e-01
9.471000000000000529e-01 9.493000000000000327e-01
9.472000000000000419e-01 9.491000000000000547e-01
9.472000000000000419e-01 9.488999999999999657e-01
9.472000000000000419e-01 9.494000000000000217e-01
9.473000000000000309e-01 9.489999999999999547e-01
9.473000000000000309e-01 9.497999999999999776e-01
9.474000000000000199e-01 9.487999999999999767e-01
9.474000000000000199e-01 9.496999999999999886e-01
9.475000000000000089e-01 9.493000000000000327e-01
9.472000000000000419e-01 9.498999999999999666e-01
9.473000000000000309e-01 9.489999999999999547e-01
9.474000000000000199e-01 9.493000000000000327e-01
9.474000000000000199e-01 9.495999999999999996e-01
9.472000000000000419e-01 9.500999999999999446e-01
9.473000000000000309e-01 9.491000000000000547e-01
9.475000000000000089e-01 9.488999999999999657e-01
9.474000000000000199e-01 9.483000000000000318e-01
9.474000000000000199e-01 9.486999999999999877e-01
9.475000000000000089e-01 9.481000000000000538e-01
9.475000000000000089e-01 9.484000000000000208e-01
9.474000000000000199e-01 9.482000000000000428e-01
9.474000000000000199e-01 9.493000000000000327e-01
9.475999999999999979e-01 9.495000000000000107e-01
9.475000000000000089e-01 9.491000000000000547e-01
9.474000000000000199e-01 9.492000000000000437e-01
9.475000000000000089e-01 9.495000000000000107e-01
9.474000000000000199e-01 9.491000000000000547e-01
9.475999999999999979e-01 9.489999999999999547e-01
9.475999999999999979e-01 9.489999999999999547e-01
9.475999999999999979e-01 9.493000000000000327e-01
9.475999999999999979e-01 9.492000000000000437e-01
9.475999999999999979e-01 9.492000000000000437e-01
9.476999999999999869e-01 9.486999999999999877e-01
9.475000000000000089e-01 9.492000000000000437e-01
9.473000000000000309e-01 9.491000000000000547e-01
9.475000000000000089e-01 9.495000000000000107e-01
9.475000000000000089e-01 9.495999999999999996e-01
9.475000000000000089e-01 9.495000000000000107e-01
9.475000000000000089e-01 9.500999999999999446e-01
9.474000000000000199e-01 9.495000000000000107e-01
9.475000000000000089e-01 9.502000000000000446e-01
9.474000000000000199e-01 9.495000000000000107e-01
9.475000000000000089e-01 9.498999999999999666e-01
9.475000000000000089e-01 9.495000000000000107e-01
9.476999999999999869e-01 9.492000000000000437e-01
9.475999999999999979e-01 9.500999999999999446e-01
9.475999999999999979e-01 9.488999999999999657e-01
9.475999999999999979e-01 9.487999999999999767e-01
9.475000000000000089e-01 9.485999999999999988e-01
9.475999999999999979e-01 9.478999999999999648e-01
9.476999999999999869e-01 9.486999999999999877e-01
9.476999999999999869e-01 9.484000000000000208e-01
9.475000000000000089e-01 9.482000000000000428e-01
9.475999999999999979e-01 9.483000000000000318e-01
9.475999999999999979e-01 9.484000000000000208e-01
9.475000000000000089e-01 9.485999999999999988e-01
9.475000000000000089e-01 9.484000000000000208e-01
9.475999999999999979e-01 9.485999999999999988e-01
9.474000000000000199e-01 9.485000000000000098e-01
9.474000000000000199e-01 9.485999999999999988e-01
9.475000000000000089e-01 9.481000000000000538e-01
9.475000000000000089e-01 9.483000000000000318e-01
9.475999999999999979e-01 9.479999999999999538e-01
9.476999999999999869e-01 9.482000000000000428e-01
9.475999999999999979e-01 9.483000000000000318e-01
9.476999999999999869e-01 9.484000000000000208e-01
9.476999999999999869e-01 9.482000000000000428e-01
9.477999999999999758e-01 9.476999999999999869e-01
9.477999999999999758e-01 9.472000000000000419e-01
9.479999999999999538e-01 9.482000000000000428e-01
9.478999999999999648e-01 9.475000000000000089e-01
9.477999999999999758e-01 9.482000000000000428e-01
9.477999999999999758e-01 9.481000000000000538e-01
9.479999999999999538e-01 9.486999999999999877e-01
9.479999999999999538e-01 9.489999999999999547e-01
9.478999999999999648e-01 9.488999999999999657e-01
9.479999999999999538e-01 9.487999999999999767e-01
9.482000000000000428e-01 9.492000000000000437e-01
9.481000000000000538e-01 9.488999999999999657e-01
9.482000000000000428e-01 9.488999999999999657e-01
9.481000000000000538e-01 9.485999999999999988e-01
9.482000000000000428e-01 9.488999999999999657e-01
9.482000000000000428e-01 9.491000000000000547e-01
9.479999999999999538e-01 9.493000000000000327e-01
9.479999999999999538e-01 9.487999999999999767e-01
9.477999999999999758e-01 9.486999999999999877e-01
9.476999999999999869e-01 9.485999999999999988e-01
9.476999999999999869e-01 9.495999999999999996e-01
9.475999999999999979e-01 9.489999999999999547e-01
9.475999999999999979e-01 9.495999999999999996e-01
9.474000000000000199e-01 9.499999999999999556e-01
9.474000000000000199e-01 9.500999999999999446e-01
9.475000000000000089e-01 9.495999999999999996e-01
9.476999999999999869e-01 9.500999999999999446e-01
9.475000000000000089e-01 9.494000000000000217e-01
9.475000000000000089e-01 9.496999999999999886e-01
9.473000000000000309e-01 9.495999999999999996e-01
9.472000000000000419e-01 9.496999999999999886e-01
9.472000000000000419e-01 9.489999999999999547e-01
9.471000000000000529e-01 9.504000000000000226e-01
9.472000000000000419e-01 9.495000000000000107e-01
9.471000000000000529e-01 9.496999999999999886e-01
9.471000000000000529e-01 9.495000000000000107e-01
9.472000000000000419e-01 9.496999999999999886e-01
9.473000000000000309e-01 9.498999999999999666e-01
9.475000000000000089e-01 9.497999999999999776e-01
9.475000000000000089e-01 9.498999999999999666e-01
9.473000000000000309e-01 9.500999999999999446e-01
9.474000000000000199e-01 9.498999999999999666e-01
9.475000000000000089e-01 9.498999999999999666e-01
9.474000000000000199e-01 9.492000000000000437e-01
9.474000000000000199e-01 9.494000000000000217e-01
9.474000000000000199e-01 9.492000000000000437e-01
9.473000000000000309e-01 9.495000000000000107e-01
9.474000000000000199e-01 9.494000000000000217e-01
9.475000000000000089e-01 9.486999999999999877e-01
9.474000000000000199e-01 9.485000000000000098e-01
9.475000000000000089e-01 9.484000000000000208e-01
9.475999999999999979e-01 9.494000000000000217e-01
9.475000000000000089e-01 9.486999999999999877e-01
9.475999999999999979e-01 9.497999999999999776e-01
9.475999999999999979e-01 9.496999999999999886e-01
9.475999999999999979e-01 9.494000000000000217e-01
9.475000000000000089e-01 9.488999999999999657e-01
9.475000000000000089e-01 9.486999999999999877e-01
9.474000000000000199e-01 9.489999999999999547e-01
9.475000000000000089e-01 9.488999999999999657e-01
9.474000000000000199e-01 9.487999999999999767e-01
9.473000000000000309e-01 9.492000000000000437e-01
9.475000000000000089e-01 9.495000000000000107e-01
9.475000000000000089e-01 9.493000000000000327e-01
9.474000000000000199e-01 9.502000000000000446e-01
9.474000000000000199e-01 9.498999999999999666e-01
9.475000000000000089e-01 9.497999999999999776e-01
9.475000000000000089e-01 9.495000000000000107e-01
9.475000000000000089e-01 9.491000000000000547e-01
9.474000000000000199e-01 9.489999999999999547e-01
9.472000000000000419e-01 9.492000000000000437e-01
9.472000000000000419e-01 9.494000000000000217e-01
9.475000000000000089e-01 9.494000000000000217e-01
9.475999999999999979e-01 9.500999999999999446e-01
9.474000000000000199e-01 9.499999999999999556e-01
9.474000000000000199e-01 9.506000000000000005e-01
9.474000000000000199e-01 9.500999999999999446e-01
9.474000000000000199e-01 9.506999999999999895e-01
9.474000000000000199e-01 9.506000000000000005e-01
9.473000000000000309e-01 9.508999999999999675e-01
9.473000000000000309e-01 9.503000000000000336e-01
9.472000000000000419e-01 9.502000000000000446e-01
9.474000000000000199e-01 9.503000000000000336e-01
9.472000000000000419e-01 9.506999999999999895e-01
9.472000000000000419e-01 9.505000000000000115e-01
9.471000000000000529e-01 9.506000000000000005e-01
9.469999999999999529e-01 9.506999999999999895e-01
9.469999999999999529e-01 9.509999999999999565e-01
9.472000000000000419e-01 9.513000000000000345e-01
9.473000000000000309e-01 9.502000000000000446e-01
9.471000000000000529e-01 9.505000000000000115e-01
9.472000000000000419e-01 9.506000000000000005e-01
9.469999999999999529e-01 9.509999999999999565e-01
9.469999999999999529e-01 9.508999999999999675e-01
9.469999999999999529e-01 9.506000000000000005e-01
9.472000000000000419e-01 9.505000000000000115e-01
9.469999999999999529e-01 9.506999999999999895e-01
9.471000000000000529e-01 9.506999999999999895e-01
9.471000000000000529e-01 9.506000000000000005e-01
9.469999999999999529e-01 9.506000000000000005e-01
9.469999999999999529e-01 9.506999999999999895e-01
9.472000000000000419e-01 9.497999999999999776e-01
9.471000000000000529e-01 9.502000000000000446e-01
9.471000000000000529e-01 9.492000000000000437e-01
9.472000000000000419e-01 9.499999999999999556e-01
9.471000000000000529e-01 9.492000000000000437e-01
9.469999999999999529e-01 9.494000000000000217e-01
9.469999999999999529e-01 9.492000000000000437e-01
9.472000000000000419e-01 9.493000000000000327e-01
9.474000000000000199e-01 9.496999999999999886e-01
9.473000000000000309e-01 9.483000000000000318e-01
9.473000000000000309e-01 9.492000000000000437e-01
9.473000000000000309e-01 9.489999999999999547e-01
9.473000000000000309e-01 9.488999999999999657e-01
9.473000000000000309e-01 9.488999999999999657e-01
9.473000000000000309e-01 9.491000000000000547e-01
9.473000000000000309e-01 9.488999999999999657e-01
9.474000000000000199e-01 9.488999999999999657e-01
9.475000000000000089e-01 9.491000000000000547e-01
9.475000000000000089e-01 9.486999999999999877e-01
9.474000000000000199e-01 9.489999999999999547e-01
9.474000000000000199e-01 9.491000000000000547e-01
9.473000000000000309e-01 9.493000000000000327e-01
9.473000000000000309e-01 9.493000000000000327e-01
9.473000000000000309e-01 9.489999999999999547e-01
9.473000000000000309e-01 9.494000000000000217e-01
9.474000000000000199e-01 9.492000000000000437e-01
9.473000000000000309e-01 9.487999999999999767e-01
9.473000000000000309e-01 9.497999999999999776e-01
9.474000000000000199e-01 9.493000000000000327e-01
9.473000000000000309e-01 9.494000000000000217e-01
9.475999999999999979e-01 9.486999999999999877e-01
9.475999999999999979e-01 9.493000000000000327e-01
9.475000000000000089e-01 9.491000000000000547e-01
9.475999999999999979e-01 9.497999999999999776e-01
9.475999999999999979e-01 9.496999999999999886e-01
9.475000000000000089e-01 9.500999999999999446e-01
9.475000000000000089e-01 9.498999999999999666e-01
9.475000000000000089e-01 9.493000000000000327e-01
9.475999999999999979e-01 9.499999999999999556e-01
9.475999999999999979e-01 9.491000000000000547e-01
9.476999999999999869e-01 9.493000000000000327e-01
9.475999999999999979e-01 9.494000000000000217e-01
9.475000000000000089e-01 9.489999999999999547e-01
9.475999999999999979e-01 9.487999999999999767e-01
9.475999999999999979e-01 9.488999999999999657e-01
9.475999999999999979e-01 9.498999999999999666e-01
9.476999999999999869e-01 9.496999999999999886e-01
9.475999999999999979e-01 9.497999999999999776e-01
9.475000000000000089e-01 9.495999999999999996e-01
9.475000000000000089e-01 9.495000000000000107e-01
9.475000000000000089e-01 9.497999999999999776e-01
9.475000000000000089e-01 9.502000000000000446e-01
9.475999999999999979e-01 9.498999999999999666e-01
9.475999999999999979e-01 9.498999999999999666e-01
9.476999999999999869e-01 9.495999999999999996e-01
9.476999999999999869e-01 9.494000000000000217e-01
9.475999999999999979e-01 9.488999999999999657e-01
9.476999999999999869e-01 9.494000000000000217e-01
9.475999999999999979e-01 9.493000000000000327e-01
9.475999999999999979e-01 9.493000000000000327e-01
9.478999999999999648e-01 9.487999999999999767e-01
9.476999999999999869e-01 9.495999999999999996e-01
9.475999999999999979e-01 9.485000000000000098e-01
9.476999999999999869e-01 9.486999999999999877e-01
9.476999999999999869e-01 9.487999999999999767e-01
9.477999999999999758e-01 9.493000000000000327e-01
9.476999999999999869e-01 9.483000000000000318e-01
9.477999999999999758e-01 9.488999999999999657e-01
9.476999999999999869e-01 9.481000000000000538e-01
9.476999999999999869e-01 9.483000000000000318e-01
9.475999999999999979e-01 9.487999999999999767e-01
9.475999999999999979e-01 9.492000000000000437e-01
9.474000000000000199e-01 9.489999999999999547e-01
9.475000000000000089e-01 9.491000000000000547e-01
9.474000000000000199e-01 9.485999999999999988e-01
9.472000000000000419e-01 9.488999999999999657e-01
9.472000000000000419e-01 9.485000000000000098e-01
9.474000000000000199e-01 9.484000000000000208e-01
9.474000000000000199e-01 9.479999999999999538e-01
9.473000000000000309e-01 9.487999999999999767e-01
9.471000000000000529e-01 9.478999999999999648e-01
9.472000000000000419e-01 9.486999999999999877e-01
9.471000000000000529e-01 9.475000000000000089e-01
9.471000000000000529e-01 9.487999999999999767e-01
9.472000000000000419e-01 9.483000000000000318e-01
9.472000000000000419e-01 9.484000000000000208e-01
9.471000000000000529e-01 9.479999999999999538e-01
9.469999999999999529e-01 9.485999999999999988e-01
9.467999999999999750e-01 9.479999999999999538e-01
9.468999999999999639e-01 9.481000000000000538e-01
9.468999999999999639e-01 9.479999999999999538e-01
9.468999999999999639e-01 9.483000000000000318e-01
9.469999999999999529e-01 9.479999999999999538e-01
9.469999999999999529e-01 9.479999999999999538e-01
9.469999999999999529e-01 9.477999999999999758e-01
9.469999999999999529e-01 9.484000000000000208e-01
9.468999999999999639e-01 9.486999999999999877e-01
9.468999999999999639e-01 9.487999999999999767e-01
9.467999999999999750e-01 9.486999999999999877e-01
9.468999999999999639e-01 9.492000000000000437e-01
9.471000000000000529e-01 9.486999999999999877e-01
9.471000000000000529e-01 9.495999999999999996e-01
9.471000000000000529e-01 9.489999999999999547e-01
9.471000000000000529e-01 9.498999999999999666e-01
9.471000000000000529e-01 9.492000000000000437e-01
9.472000000000000419e-01 9.496999999999999886e-01
9.472000000000000419e-01 9.495000000000000107e-01
9.473000000000000309e-01 9.497999999999999776e-01
9.472000000000000419e-01 9.494000000000000217e-01
9.473000000000000309e-01 9.499999999999999556e-01
9.473000000000000309e-01 9.489999999999999547e-01
9.473000000000000309e-01 9.491000000000000547e-01
9.473000000000000309e-01 9.485999999999999988e-01
9.472000000000000419e-01 9.493000000000000327e-01
9.472000000000000419e-01 9.488999999999999657e-01
9.472000000000000419e-01 9.494000000000000217e-01
9.472000000000000419e-01 9.495000000000000107e-01
9.472000000000000419e-01 9.492000000000000437e-01
9.471000000000000529e-01 9.489999999999999547e-01
9.469999999999999529e-01 9.495999999999999996e-01
9.469999999999999529e-01 9.493000000000000327e-01
9.469999999999999529e-01 9.497999999999999776e-01
9.469999999999999529e-01 9.495999999999999996e-01
9.469999999999999529e-01 9.497999999999999776e-01
9.471000000000000529e-01 9.498999999999999666e-01
9.471000000000000529e-01 9.495999999999999996e-01
9.471000000000000529e-01 9.493000000000000327e-01
9.472000000000000419e-01 9.493000000000000327e-01
9.472000000000000419e-01 9.498999999999999666e-01
9.469999999999999529e-01 9.497999999999999776e-01
9.469999999999999529e-01 9.498999999999999666e-01
9.469999999999999529e-01 9.491000000000000547e-01
9.469999999999999529e-01 9.496999999999999886e-01
9.469999999999999529e-01 9.497999999999999776e-01
9.468999999999999639e-01 9.495000000000000107e-01
9.467999999999999750e-01 9.491000000000000547e-01
9.467999999999999750e-01 9.491000000000000547e-01
9.467999999999999750e-01 9.489999999999999547e-01
9.466999999999999860e-01 9.495000000000000107e-01
9.466999999999999860e-01 9.488999999999999657e-01
9.467999999999999750e-01 9.495000000000000107e-01
9.467999999999999750e-01 9.485000000000000098e-01
9.467999999999999750e-01 9.491000000000000547e-01
9.469999999999999529e-01 9.476999999999999869e-01
9.469999999999999529e-01 9.485999999999999988e-01
9.469999999999999529e-01 9.484000000000000208e-01
9.469999999999999529e-01 9.482000000000000428e-01
9.471000000000000529e-01 9.476999999999999869e-01
9.471000000000000529e-01 9.483000000000000318e-01
9.469999999999999529e-01 9.478999999999999648e-01
9.471000000000000529e-01 9.482000000000000428e-01
9.469999999999999529e-01 9.479999999999999538e-01
9.468999999999999639e-01 9.483000000000000318e-01
9.468999999999999639e-01 9.482000000000000428e-01
9.467999999999999750e-01 9.481000000000000538e-01
9.467999999999999750e-01 9.475999999999999979e-01
9.467999999999999750e-01 9.479999999999999538e-01
9.467999999999999750e-01 9.477999999999999758e-01
9.465000000000000080e-01 9.482000000000000428e-01
9.466999999999999860e-01 9.476999999999999869e-01
9.466999999999999860e-01 9.482000000000000428e-01
9.467999999999999750e-01 9.482000000000000428e-01
9.467999999999999750e-01 9.485000000000000098e-01
9.467999999999999750e-01 9.479999999999999538e-01
9.467999999999999750e-01 9.485000000000000098e-01
9.465999999999999970e-01 9.475999999999999979e-01
9.465000000000000080e-01 9.477999999999999758e-01
9.465000000000000080e-01 9.482000000000000428e-01
9.465000000000000080e-01 9.479999999999999538e-01
9.464000000000000190e-01 9.477999999999999758e-01
9.466999999999999860e-01 9.484000000000000208e-01
9.466999999999999860e-01 9.477999999999999758e-01
9.466999999999999860e-01 9.485000000000000098e-01
9.466999999999999860e-01 9.481000000000000538e-01
9.465999999999999970e-01 9.485999999999999988e-01
9.465000000000000080e-01 9.478999999999999648e-01
9.465000000000000080e-01 9.485999999999999988e-01
9.465000000000000080e-01 9.483000000000000318e-01
9.465000000000000080e-01 9.489999999999999547e-01
9.467999999999999750e-01 9.478999999999999648e-01
9.466999999999999860e-01 9.481000000000000538e-01
9.466999999999999860e-01 9.483000000000000318e-01
9.465999999999999970e-01 9.483000000000000318e-01
9.466999999999999860e-01 9.485999999999999988e-01
9.466999999999999860e-01 9.485000000000000098e-01
9.466999999999999860e-01 9.482000000000000428e-01
9.466999999999999860e-01 9.479999999999999538e-01
9.467999999999999750e-01 9.481000000000000538e-01
9.467999999999999750e-01 9.482000000000000428e-01
9.468999999999999639e-01 9.483000000000000318e-01
9.469999999999999529e-01 9.475999999999999979e-01
9.468999999999999639e-01 9.482000000000000428e-01
9.473000000000000309e-01 9.481000000000000538e-01
9.472000000000000419e-01 9.483000000000000318e-01
9.472000000000000419e-01 9.477999999999999758e-01
9.473000000000000309e-01 9.481000000000000538e-01
9.474000000000000199e-01 9.475999999999999979e-01
9.474000000000000199e-01 9.476999999999999869e-01
9.473000000000000309e-01 9.475999999999999979e-01
9.473000000000000309e-01 9.478999999999999648e-01
9.474000000000000199e-01 9.479999999999999538e-01
9.472000000000000419e-01 9.479999999999999538e-01
9.471000000000000529e-01 9.474000000000000199e-01
9.469999999999999529e-01 9.475999999999999979e-01
9.469999999999999529e-01 9.473000000000000309e-01
9.467999999999999750e-01 9.476999999999999869e-01
9.471000000000000529e-01 9.475000000000000089e-01
9.472000000000000419e-01 9.482000000000000428e-01
9.471000000000000529e-01 9.476999999999999869e-01
9.473000000000000309e-01 9.479999999999999538e-01
9.472000000000000419e-01 9.479999999999999538e-01
9.472000000000000419e-01 9.484000000000000208e-01
9.473000000000000309e-01 9.477999999999999758e-01
9.473000000000000309e-01 9.473000000000000309e-01
9.473000000000000309e-01 9.481000000000000538e-01
9.475999999999999979e-01 9.483000000000000318e-01
9.475999999999999979e-01 9.484000000000000208e-01
9.475999999999999979e-01 9.484000000000000208e-01
9.475000000000000089e-01 9.477999999999999758e-01
9.475999999999999979e-01 9.475999999999999979e-01
9.475999999999999979e-01 9.479999999999999538e-01
9.475000000000000089e-01 9.482000000000000428e-01
9.475999999999999979e-01 9.479999999999999538e-01
9.475999999999999979e-01 9.478999999999999648e-01
9.475000000000000089e-01 9.471000000000000529e-01
9.475999999999999979e-01 9.477999999999999758e-01
9.475000000000000089e-01 9.471000000000000529e-01
9.475999999999999979e-01 9.481000000000000538e-01
9.475999999999999979e-01 9.475999999999999979e-01
9.475999999999999979e-01 9.478999999999999648e-01
9.475999999999999979e-01 9.483000000000000318e-01
9.475999999999999979e-01 9.482000000000000428e-01
9.474000000000000199e-01 9.482000000000000428e-01
9.474000000000000199e-01 9.482000000000000428e-01
9.474000000000000199e-01 9.477999999999999758e-01
9.474000000000000199e-01 9.482000000000000428e-01
9.474000000000000199e-01 9.475999999999999979e-01
9.473000000000000309e-01 9.478999999999999648e-01
9.473000000000000309e-01 9.482000000000000428e-01
9.474000000000000199e-01 9.479999999999999538e-01
9.475000000000000089e-01 9.478999999999999648e-01
9.475000000000000089e-01 9.485999999999999988e-01
9.475000000000000089e-01 9.485999999999999988e-01
9.475000000000000089e-01 9.478999999999999648e-01
9.474000000000000199e-01 9.472000000000000419e-01
9.475000000000000089e-01 9.481000000000000538e-01
9.475000000000000089e-01 9.472000000000000419e-01
9.475000000000000089e-01 9.482000000000000428e-01
9.475000000000000089e-01 9.484000000000000208e-01
9.475999999999999979e-01 9.483000000000000318e-01
9.475999999999999979e-01 9.486999999999999877e-01
9.475000000000000089e-01 9.487999999999999767e-01
9.475000000000000089e-01 9.491000000000000547e-01
9.475000000000000089e-01 9.482000000000000428e-01
9.475000000000000089e-01 9.482000000000000428e-01
9.475000000000000089e-01 9.485999999999999988e-01
9.476999999999999869e-01 9.494000000000000217e-01
9.475999999999999979e-01 9.486999999999999877e-01
9.475999999999999979e-01 9.489999999999999547e-01
9.475999999999999979e-01 9.482000000000000428e-01
9.475999999999999979e-01 9.484000000000000208e-01
9.476999999999999869e-01 9.475999999999999979e-01
9.476999999999999869e-01 9.474000000000000199e-01
9.476999999999999869e-01 9.474000000000000199e-01
9.479999999999999538e-01 9.475000000000000089e-01
9.479999999999999538e-01 9.473000000000000309e-01
9.478999999999999648e-01 9.474000000000000199e-01
9.477999999999999758e-01 9.471000000000000529e-01
9.478999999999999648e-01 9.466999999999999860e-01
9.478999999999999648e-01 9.472000000000000419e-01
9.476999999999999869e-01 9.474000000000000199e-01
9.478999999999999648e-01 9.475999999999999979e-01
9.481000000000000538e-01 9.474000000000000199e-01
9.479999999999999538e-01 9.473000000000000309e-01
9.479999999999999538e-01 9.472000000000000419e-01
9.479999999999999538e-01 9.469999999999999529e-01
9.483000000000000318e-01 9.474000000000000199e-01
9.483000000000000318e-01 9.477999999999999758e-01
9.483000000000000318e-01 9.475999999999999979e-01
9.484000000000000208e-01 9.465000000000000080e-01
9.484000000000000208e-01 9.474000000000000199e-01
9.484000000000000208e-01 9.473000000000000309e-01
9.483000000000000318e-01 9.473000000000000309e-01
9.484000000000000208e-01 9.468999999999999639e-01
9.483000000000000318e-01 9.465000000000000080e-01
9.483000000000000318e-01 9.463000000000000300e-01
9.483000000000000318e-01 9.463000000000000300e-01
9.483000000000000318e-01 9.465000000000000080e-01
9.484000000000000208e-01 9.463000000000000300e-01
9.485000000000000098e-01 9.465000000000000080e-01
9.484000000000000208e-01 9.468999999999999639e-01
9.483000000000000318e-01 9.471000000000000529e-01
9.484000000000000208e-01 9.471000000000000529e-01
9.483000000000000318e-01 9.466999999999999860e-01
9.483000000000000318e-01 9.464000000000000190e-01
9.483000000000000318e-01 9.466999999999999860e-01
9.483000000000000318e-01 9.474000000000000199e-01
9.482000000000000428e-01 9.473000000000000309e-01
9.483000000000000318e-01 9.475000000000000089e-01
9.483000000000000318e-01 9.471000000000000529e-01
9.483000000000000318e-01 9.475000000000000089e-01
9.483000000000000318e-01 9.465000000000000080e-01
9.485000000000000098e-01 9.474000000000000199e-01
9.484000000000000208e-01 9.467999999999999750e-01
9.482000000000000428e-01 9.476999999999999869e-01
9.485000000000000098e-01 9.472000000000000419e-01
9.484000000000000208e-01 9.479999999999999538e-01
9.482000000000000428e-01 9.475000000000000089e-01
9.483000000000000318e-01 9.475000000000000089e-01
9.484000000000000208e-01 9.471000000000000529e-01
9.484000000000000208e-01 9.466999999999999860e-01
9.483000000000000318e-01 9.467999999999999750e-01
9.485000000000000098e-01 9.475000000000000089e-01
9.485000000000000098e-01 9.475000000000000089e-01
9.485000000000000098e-01 9.475000000000000089e-01
9.485999999999999988e-01 9.465999999999999970e-01
9.485999999999999988e-01 9.475000000000000089e-01
9.485999999999999988e-01 9.466999999999999860e-01
9.485999999999999988e-01 9.471000000000000529e-01
9.485999999999999988e-01 9.464000000000000190e-01
9.486999999999999877e-01 9.464000000000000190e-01
9.486999999999999877e-01 9.463000000000000300e-01
9.486999999999999877e-01 9.462000000000000410e-01
9.486999999999999877e-01 9.464000000000000190e-01
9.486999999999999877e-01 9.463000000000000300e-01
9.485000000000000098e-01 9.468999999999999639e-01
9.484000000000000208e-01 9.473000000000000309e-01
9.484000000000000208e-01 9.475000000000000089e-01
9.482000000000000428e-01 9.473000000000000309e-01
9.482000000000000428e-01 9.473000000000000309e-01
9.483000000000000318e-01 9.469999999999999529e-01
9.483000000000000318e-01 9.474000000000000199e-01
9.485000000000000098e-01 9.471000000000000529e-01
9.484000000000000208e-01 9.471000000000000529e-01
9.483000000000000318e-01 9.472000000000000419e-01
9.484000000000000208e-01 9.469999999999999529e-01
9.483000000000000318e-01 9.469999999999999529e-01
9.484000000000000208e-01 9.466999999999999860e-01
9.484000000000000208e-01 9.465999999999999970e-01
9.485000000000000098e-01 9.466999999999999860e-01
9.485999999999999988e-01 9.464000000000000190e-01
9.487999999999999767e-01 9.457999999999999741e-01
9.487999999999999767e-01 9.456999999999999851e-01
9.488999999999999657e-01 9.459999999999999520e-01
9.488999999999999657e-01 9.462000000000000410e-01
9.488999999999999657e-01 9.463000000000000300e-01
9.489999999999999547e-01 9.467999999999999750e-01
9.487999999999999767e-01 9.462000000000000410e-01
9.491000000000000547e-01 9.464000000000000190e-01
9.491000000000000547e-01 9.466999999999999860e-01
9.489999999999999547e-01 9.464000000000000190e-01
9.491000000000000547e-01 9.461000000000000520e-01
9.489999999999999547e-01 9.465999999999999970e-01
9.486999999999999877e-01 9.463000000000000300e-01
9.488999999999999657e-01 9.464000000000000190e-01
9.488999999999999657e-01 9.465000000000000080e-01
9.486999999999999877e-01 9.465999999999999970e-01
9.486999999999999877e-01 9.463000000000000300e-01
9.486999999999999877e-01 9.465000000000000080e-01
9.487999999999999767e-01 9.465999999999999970e-01
9.486999999999999877e-01 9.465000000000000080e-01
9.484000000000000208e-01 9.465999999999999970e-01
9.485999999999999988e-01 9.466999999999999860e-01
9.486999999999999877e-01 9.465000000000000080e-01
9.486999999999999877e-01 9.471000000000000529e-01
9.486999999999999877e-01 9.467999999999999750e-01
9.485999999999999988e-01 9.463000000000000300e-01
9.486999999999999877e-01 9.466999999999999860e-01
9.485000000000000098e-01 9.461000000000000520e-01
9.485000000000000098e-01 9.461000000000000520e-01
9.485000000000000098e-01 9.463000000000000300e-01
9.485999999999999988e-01 9.462000000000000410e-01
9.485999999999999988e-01 9.468999999999999639e-01
9.485999999999999988e-01 9.465999999999999970e-01
9.485999999999999988e-01 9.465999999999999970e-01
9.486999999999999877e-01 9.461000000000000520e-01
9.485999999999999988e-01 9.463000000000000300e-01
9.485999999999999988e-01 9.455000000000000071e-01
9.485999999999999988e-01 9.456999999999999851e-01
9.485999999999999988e-01 9.455000000000000071e-01
9.485000000000000098e-01 9.453000000000000291e-01
9.485999999999999988e-01 9.456999999999999851e-01
9.485000000000000098e-01 9.459999999999999520e-01
9.485000000000000098e-01 9.451000000000000512e-01
9.482000000000000428e-01 9.458999999999999631e-01
9.482000000000000428e-01 9.455999999999999961e-01
9.483000000000000318e-01 9.458999999999999631e-01
9.483000000000000318e-01 9.459999999999999520e-01
9.483000000000000318e-01 9.458999999999999631e-01
9.482000000000000428e-01 9.459999999999999520e-01
9.482000000000000428e-01 9.465000000000000080e-01
9.479999999999999538e-01 9.465999999999999970e-01
9.482000000000000428e-01 9.464000000000000190e-01
9.481000000000000538e-01 9.465000000000000080e-01
9.481000000000000538e-01 9.466999999999999860e-01
9.481000000000000538e-01 9.467999999999999750e-01
9.481000000000000538e-01 9.468999999999999639e-01
9.481000000000000538e-01 9.467999999999999750e-01
9.478999999999999648e-01 9.466999999999999860e-01
9.479999999999999538e-01 9.466999999999999860e-01
9.477999999999999758e-01 9.469999999999999529e-01
9.477999999999999758e-01 9.471000000000000529e-01
9.479999999999999538e-01 9.468999999999999639e-01
9.479999999999999538e-01 9.469999999999999529e-01
9.479999999999999538e-01 9.465999999999999970e-01
9.479999999999999538e-01 9.475999999999999979e-01
9.478999999999999648e-01 9.473000000000000309e-01
9.478999999999999648e-01 9.475000000000000089e-01
9.478999999999999648e-01 9.475999999999999979e-01
9.478999999999999648e-01 9.476999999999999869e-01
9.478999999999999648e-01 9.472000000000000419e-01
9.475999999999999979e-01 9.478999999999999648e-01
9.478999999999999648e-01 9.479999999999999538e-01
9.479999999999999538e-01 9.482000000000000428e-01
9.478999999999999648e-01 9.476999999999999869e-01
9.476999999999999869e-01 9.473000000000000309e-01
9.477999999999999758e-01 9.476999999999999869e-01
9.476999999999999869e-01 9.479999999999999538e-01
9.476999999999999869e-01 9.478999999999999648e-01
9.476999999999999869e-01 9.479999999999999538e-01
9.475999999999999979e-01 9.482000000000000428e-01
9.475000000000000089e-01 9.479999999999999538e-01
9.475000000000000089e-01 9.476999999999999869e-01
9.474000000000000199e-01 9.483000000000000318e-01
9.474000000000000199e-01 9.477999999999999758e-01
9.473000000000000309e-01 9.483000000000000318e-01
9.473000000000000309e-01 9.477999999999999758e-01
9.474000000000000199e-01 9.484000000000000208e-01
9.474000000000000199e-01 9.487999999999999767e-01
9.474000000000000199e-01 9.485999999999999988e-01
9.474000000000000199e-01 9.485000000000000098e-01
9.474000000000000199e-01 9.487999999999999767e-01
9.475000000000000089e-01 9.478999999999999648e-01
9.475000000000000089e-01 9.484000000000000208e-01
9.475000000000000089e-01 9.485000000000000098e-01
9.475000000000000089e-01 9.488999999999999657e-01
9.475000000000000089e-01 9.485999999999999988e-01
9.475000000000000089e-01 9.481000000000000538e-01
9.473000000000000309e-01 9.485000000000000098e-01
9.474000000000000199e-01 9.479999999999999538e-01
9.475999999999999979e-01 9.479999999999999538e-01
9.475999999999999979e-01 9.477999999999999758e-01
9.475999999999999979e-01 9.476999999999999869e-01
9.477999999999999758e-01 9.484000000000000208e-01
9.476999999999999869e-01 9.474000000000000199e-01
9.476999999999999869e-01 9.479999999999999538e-01
9.475000000000000089e-01 9.478999999999999648e-01
9.477999999999999758e-01 9.483000000000000318e-01
9.477999999999999758e-01 9.481000000000000538e-01
9.477999999999999758e-01 9.482000000000000428e-01
9.477999999999999758e-01 9.482000000000000428e-01
9.478999999999999648e-01 9.486999999999999877e-01
9.478999999999999648e-01 9.479999999999999538e-01
9.478999999999999648e-01 9.481000000000000538e-01
9.478999999999999648e-01 9.481000000000000538e-01
9.478999999999999648e-01 9.481000000000000538e-01
9.478999999999999648e-01 9.478999999999999648e-01
9.479999999999999538e-01 9.478999999999999648e-01
9.478999999999999648e-01 9.487999999999999767e-01
9.478999999999999648e-01 9.485000000000000098e-01
9.477999999999999758e-01 9.491000000000000547e-01
9.477999999999999758e-01 9.493000000000000327e-01
9.476999999999999869e-01 9.487999999999999767e-01
9.475999999999999979e-01 9.486999999999999877e-01
9.476999999999999869e-01 9.495000000000000107e-01
9.476999999999999869e-01 9.497999999999999776e-01
9.475999999999999979e-01 9.498999999999999666e-01
9.476999999999999869e-01 9.504000000000000226e-01
9.477999999999999758e-01 9.499999999999999556e-01
9.476999999999999869e-01 9.502000000000000446e-01
9.477999999999999758e-01 9.496999999999999886e-01
9.477999999999999758e-01 9.496999999999999886e-01
9.475999999999999979e-01 9.495999999999999996e-01
9.477999999999999758e-01 9.492000000000000437e-01
9.477999999999999758e-01 9.491000000000000547e-01
9.477999999999999758e-01 9.489999999999999547e-01
9.477999999999999758e-01 9.485999999999999988e-01
9.477999999999999758e-01 9.481000000000000538e-01
9.475000000000000089e-01 9.486999999999999877e-01
9.475000000000000089e-01 9.485000000000000098e-01
9.474000000000000199e-01 9.493000000000000327e-01
9.474000000000000199e-01 9.484000000000000208e-01
9.475000000000000089e-01 9.485999999999999988e-01
9.475000000000000089e-01 9.482000000000000428e-01
9.476999999999999869e-01 9.483000000000000318e-01
9.475999999999999979e-01 9.481000000000000538e-01
9.475999999999999979e-01 9.478999999999999648e-01
9.475999999999999979e-01 9.475999999999999979e-01
9.475999999999999979e-01 9.478999999999999648e-01
9.474000000000000199e-01 9.475999999999999979e-01
9.475000000000000089e-01 9.476999999999999869e-01
9.474000000000000199e-01 9.475000000000000089e-01
9.474000000000000199e-01 9.477999999999999758e-01
9.473000000000000309e-01 9.476999999999999869e-01
9.473000000000000309e-01 9.478999999999999648e-01
9.473000000000000309e-01 9.469999999999999529e-01
9.474000000000000199e-01 9.472000000000000419e-01
9.474000000000000199e-01 9.463000000000000300e-01
9.472000000000000419e-01 9.475000000000000089e-01
9.472000000000000419e-01 9.473000000000000309e-01
9.472000000000000419e-01 9.476999999999999869e-01
9.472000000000000419e-01 9.471000000000000529e-01
9.473000000000000309e-01 9.471000000000000529e-01
9.471000000000000529e-01 9.469999999999999529e-01
9.471000000000000529e-01 9.474000000000000199e-01
9.471000000000000529e-01 9.473000000000000309e-01
9.472000000000000419e-01 9.467999999999999750e-01
9.474000000000000199e-01 9.468999999999999639e-01
9.474000000000000199e-01 9.467999999999999750e-01
9.471000000000000529e-01 9.467999999999999750e-01
9.471000000000000529e-01 9.465999999999999970e-01
9.471000000000000529e-01 9.466999999999999860e-01
9.473000000000000309e-01 9.471000000000000529e-01
9.469999999999999529e-01 9.476999999999999869e-01
9.469999999999999529e-01 9.473000000000000309e-01
9.469999999999999529e-01 9.471000000000000529e-01
9.467999999999999750e-01 9.466999999999999860e-01
9.467999999999999750e-01 9.475000000000000089e-01
9.467999999999999750e-01 9.469999999999999529e-01
9.468999999999999639e-01 9.471000000000000529e-01
9.469999999999999529e-01 9.472000000000000419e-01
9.469999999999999529e-01 9.473000000000000309e-01
9.471000000000000529e-01 9.471000000000000529e-01
9.471000000000000529e-01 9.468999999999999639e-01
9.469999999999999529e-01 9.468999999999999639e-01
9.466999999999999860e-01 9.468999999999999639e-01
9.467999999999999750e-01 9.469999999999999529e-01
9.468999999999999639e-01 9.473000000000000309e-01
9.468999999999999639e-01 9.472000000000000419e-01
9.466999999999999860e-01 9.479999999999999538e-01
9.466999999999999860e-01 9.485999999999999988e-01
9.467999999999999750e-01 9.478999999999999648e-01
9.469999999999999529e-01 9.478999999999999648e-01
9.471000000000000529e-01 9.477999999999999758e-01
9.471000000000000529e-01 9.482000000000000428e-01
9.472000000000000419e-01 9.479999999999999538e-01
9.474000000000000199e-01 9.478999999999999648e-01
9.473000000000000309e-01 9.471000000000000529e-01
9.473000000000000309e-01 9.472000000000000419e-01
9.473000000000000309e-01 9.476999999999999869e-01
9.472000000000000419e-01 9.476999999999999869e-01
9.472000000000000419e-01 9.475999999999999979e-01
9.474000000000000199e-01 9.476999999999999869e-01
9.473000000000000309e-01 9.479999999999999538e-01
9.475000000000000089e-01 9.479999999999999538e-01
9.475000000000000089e-01 9.482000000000000428e-01
9.475999999999999979e-01 9.476999999999999869e-01
9.474000000000000199e-01 9.481000000000000538e-01
9.474000000000000199e-01 9.475000000000000089e-01
9.475000000000000089e-01 9.472000000000000419e-01
9.473000000000000309e-01 9.468999999999999639e-01
9.474000000000000199e-01 9.477999999999999758e-01
9.474000000000000199e-01 9.478999999999999648e-01
9.472000000000000419e-01 9.474000000000000199e-01
9.472000000000000419e-01 9.475999999999999979e-01
9.473000000000000309e-01 9.478999999999999648e-01
9.474000000000000199e-01 9.475999999999999979e-01
9.473000000000000309e-01 9.469999999999999529e-01
9.472000000000000419e-01 9.473000000000000309e-01
9.474000000000000199e-01 9.474000000000000199e-01
9.475000000000000089e-01 9.476999999999999869e-01
9.475000000000000089e-01 9.474000000000000199e-01
9.475000000000000089e-01 9.476999999999999869e-01
9.475000000000000089e-01 9.476999999999999869e-01
9.473000000000000309e-01 9.475999999999999979e-01
9.474000000000000199e-01 9.473000000000000309e-01
9.474000000000000199e-01 9.471000000000000529e-01
9.473000000000000309e-01 9.469999999999999529e-01
9.474000000000000199e-01 9.468999999999999639e-01
9.474000000000000199e-01 9.474000000000000199e-01
9.474000000000000199e-01 9.473000000000000309e-01
9.475000000000000089e-01 9.472000000000000419e-01
9.475000000000000089e-01 9.475000000000000089e-01
9.475000000000000089e-01 9.474000000000000199e-01
9.475000000000000089e-01 9.473000000000000309e-01
9.475000000000000089e-01 9.476999999999999869e-01
9.475000000000000089e-01 9.471000000000000529e-01
9.474000000000000199e-01 9.475999999999999979e-01
9.473000000000000309e-01 9.473000000000000309e-01
9.474000000000000199e-01 9.476999999999999869e-01
9.474000000000000199e-01 9.476999999999999869e-01
9.475000000000000089e-01 9.482000000000000428e-01
9.474000000000000199e-01 9.478999999999999648e-01
9.474000000000000199e-01 9.481000000000000538e-01
9.473000000000000309e-01 9.475000000000000089e-01
9.473000000000000309e-01 9.477999999999999758e-01
9.472000000000000419e-01 9.478999999999999648e-01
9.472000000000000419e-01 9.474000000000000199e-01
9.472000000000000419e-01 9.476999999999999869e-01
9.473000000000000309e-01 9.475000000000000089e-01
9.472000000000000419e-01 9.475000000000000089e-01
9.469999999999999529e-01 9.475000000000000089e-01
9.469999999999999529e-01 9.478999999999999648e-01
9.474000000000000199e-01 9.479999999999999538e-01
9.473000000000000309e-01 9.481000000000000538e-01
9.472000000000000419e-01 9.475000000000000089e-01
9.473000000000000309e-01 9.474000000000000199e-01
9.473000000000000309e-01 9.475999999999999979e-01
9.473000000000000309e-01 9.473000000000000309e-01
9.472000000000000419e-01 9.473000000000000309e-01
9.471000000000000529e-01 9.472000000000000419e-01
9.472000000000000419e-01 9.475000000000000089e-01
9.472000000000000419e-01 9.471000000000000529e-01
9.471000000000000529e-01 9.477999999999999758e-01
9.473000000000000309e-01 9.474000000000000199e-01
9.473000000000000309e-01 9.467999999999999750e-01
9.473000000000000309e-01 9.471000000000000529e-01
9.473000000000000309e-01 9.468999999999999639e-01
9.473000000000000309e-01 9.473000000000000309e-01
9.472000000000000419e-01 9.468999999999999639e-01
9.469999999999999529e-01 9.473000000000000309e-01
9.474000000000000199e-01 9.469999999999999529e-01
9.472000000000000419e-01 9.475999999999999979e-01
9.468999999999999639e-01 9.475999999999999979e-01
9.471000000000000529e-01 9.476999999999999869e-01
9.473000000000000309e-01 9.472000000000000419e-01
9.474000000000000199e-01 9.475999999999999979e-01
9.473000000000000309e-01 9.472000000000000419e-01
9.474000000000000199e-01 9.475999999999999979e-01
9.473000000000000309e-01 9.475000000000000089e-01
9.474000000000000199e-01 9.475000000000000089e-01
9.475000000000000089e-01 9.468999999999999639e-01
9.475999999999999979e-01 9.473000000000000309e-01
9.475000000000000089e-01 9.469999999999999529e-01
9.475000000000000089e-01 9.475000000000000089e-01
9.475000000000000089e-01 9.469999999999999529e-01
9.474000000000000199e-01 9.468999999999999639e-01
9.473000000000000309e-01 9.468999999999999639e-01
9.473000000000000309e-01 9.462000000000000410e-01
9.473000000000000309e-01 9.465000000000000080e-01
9.473000000000000309e-01 9.468999999999999639e-01
9.469999999999999529e-01 9.463000000000000300e-01
9.469999999999999529e-01 9.466999999999999860e-01
9.471000000000000529e-01 9.466999999999999860e-01
9.471000000000000529e-01 9.467999999999999750e-01
9.469999999999999529e-01 9.475000000000000089e-01
9.472000000000000419e-01 9.471000000000000529e-01
9.472000000000000419e-01 9.465000000000000080e-01
9.474000000000000199e-01 9.474000000000000199e-01
9.471000000000000529e-01 9.472000000000000419e-01
9.473000000000000309e-01 9.472000000000000419e-01
9.472000000000000419e-01 9.467999999999999750e-01
9.472000000000000419e-01 9.465999999999999970e-01
9.471000000000000529e-01 9.469999999999999529e-01
9.472000000000000419e-01 9.467999999999999750e-01
9.471000000000000529e-01 9.474000000000000199e-01
9.469999999999999529e-01 9.475000000000000089e-01
9.469999999999999529e-01 9.475999999999999979e-01
9.468999999999999639e-01 9.471000000000000529e-01
9.467999999999999750e-01 9.473000000000000309e-01
9.469999999999999529e-01 9.475999999999999979e-01
9.468999999999999639e-01 9.467999999999999750e-01
9.467999999999999750e-01 9.475999999999999979e-01
9.469999999999999529e-01 9.475999999999999979e-01
9.468999999999999639e-01 9.481000000000000538e-01
9.467999999999999750e-01 9.475999999999999979e-01
9.468999999999999639e-01 9.483000000000000318e-01
9.468999999999999639e-01 9.478999999999999648e-01
9.467999999999999750e-01 9.482000000000000428e-01
9.468999999999999639e-01 9.478999999999999648e-01
9.467999999999999750e-01 9.482000000000000428e-01
9.467999999999999750e-01 9.481000000000000538e-01
9.467999999999999750e-01 9.485000000000000098e-01
9.467999999999999750e-01 9.486999999999999877e-01
9.468999999999999639e-01 9.482000000000000428e-01
9.469999999999999529e-01 9.485999999999999988e-01
9.468999999999999639e-01 9.484000000000000208e-01
9.469999999999999529e-01 9.492000000000000437e-01
9.471000000000000529e-01 9.485999999999999988e-01
9.471000000000000529e-01 9.485000000000000098e-01
9.467999999999999750e-01 9.479999999999999538e-01
9.468999999999999639e-01 9.482000000000000428e-01
9.468999999999999639e-01 9.478999999999999648e-01
9.468999999999999639e-01 9.478999999999999648e-01
9.468999999999999639e-01 9.479999999999999538e-01
9.467999999999999750e-01 9.482000000000000428e-01
9.467999999999999750e-01 9.484000000000000208e-01
9.465999999999999970e-01 9.488999999999999657e-01
9.466999999999999860e-01 9.483000000000000318e-01
9.465999999999999970e-01 9.485999999999999988e-01
9.467999999999999750e-01 9.485000000000000098e-01
9.467999999999999750e-01 9.487999999999999767e-01
9.465999999999999970e-01 9.485000000000000098e-01
9.465999999999999970e-01 9.485999999999999988e-01
9.465999999999999970e-01 9.482000000000000428e-01
9.465999999999999970e-01 9.487999999999999767e-01
9.465000000000000080e-01 9.484000000000000208e-01
9.465000000000000080e-01 9.488999999999999657e-01
9.466999999999999860e-01 9.484000000000000208e-01
9.465999999999999970e-01 9.484000000000000208e-01
9.467999999999999750e-01 9.479999999999999538e-01
9.467999999999999750e-01 9.483000000000000318e-01
9.467999999999999750e-01 9.481000000000000538e-01
9.466999999999999860e-01 9.476999999999999869e-01
9.466999999999999860e-01 9.475999999999999979e-01
9.467999999999999750e-01 9.478999999999999648e-01
9.467999999999999750e-01 9.473000000000000309e-01
9.468999999999999639e-01 9.478999999999999648e-01
9.468999999999999639e-01 9.476999999999999869e-01
9.469999999999999529e-01 9.477999999999999758e-01
9.468999999999999639e-01 9.481000000000000538e-01
9.467999999999999750e-01 9.474000000000000199e-01
9.467999999999999750e-01 9.472000000000000419e-01
9.466999999999999860e-01 9.476999999999999869e-01
9.467999999999999750e-01 9.476999999999999869e-01
9.465000000000000080e-01 9.477999999999999758e-01
9.465999999999999970e-01 9.477999999999999758e-01
9.468999999999999639e-01 9.483000000000000318e-01
9.467999999999999750e-01 9.477999999999999758e-01
9.465999999999999970e-01 9.482000000000000428e-01
9.465000000000000080e-01 9.477999999999999758e-01
9.464000000000000190e-01 9.485999999999999988e-01
9.463000000000000300e-01 9.482000000000000428e-01
9.463000000000000300e-01 9.483000000000000318e-01
9.464000000000000190e-01 9.481000000000000538e-01
9.465000000000000080e-01 9.479999999999999538e-01
9.465000000000000080e-01 9.476999999999999869e-01
9.465999999999999970e-01 9.483000000000000318e-01
9.465000000000000080e-01 9.481000000000000538e-01
9.465999999999999970e-01 9.477999999999999758e-01
9.465999999999999970e-01 9.474000000000000199e-01
9.466999999999999860e-01 9.471000000000000529e-01
9.466999999999999860e-01 9.466999999999999860e-01
9.465999999999999970e-01 9.473000000000000309e-01
9.467999999999999750e-01 9.464000000000000190e-01
9.467999999999999750e-01 9.467999999999999750e-01
9.468999999999999639e-01 9.465999999999999970e-01
9.468999999999999639e-01 9.472000000000000419e-01
9.467999999999999750e-01 9.471000000000000529e-01
9.468999999999999639e-01 9.462000000000000410e-01
9.467999999999999750e-01 9.467999999999999750e-01
9.468999999999999639e-01 9.465999999999999970e-01
9.468999999999999639e-01 9.459999999999999520e-01
9.467999999999999750e-01 9.465999999999999970e-01
9.468999999999999639e-01 9.466999999999999860e-01
9.465999999999999970e-01 9.469999999999999529e-01
9.465000000000000080e-01 9.463000000000000300e-01
9.465000000000000080e-01 9.472000000000000419e-01
9.465999999999999970e-01 9.473000000000000309e-01
9.466999999999999860e-01 9.471000000000000529e-01
9.466999999999999860e-01 9.469999999999999529e-01
9.467999999999999750e-01 9.467999999999999750e-01
9.465999999999999970e-01 9.473000000000000309e-01
9.465999999999999970e-01 9.467999999999999750e-01
9.466999999999999860e-01 9.467999999999999750e-01
9.467999999999999750e-01 9.465999999999999970e-01
9.467999999999999750e-01 9.465999999999999970e-01
9.468999999999999639e-01 9.466999999999999860e-01
9.469999999999999529e-01 9.466999999999999860e-01
9.468999999999999639e-01 9.466999999999999860e-01
9.468999999999999639e-01 9.466999999999999860e-01
9.468999999999999639e-01 9.467999999999999750e-01
9.469999999999999529e-01 9.464000000000000190e-01
9.468999999999999639e-01 9.464000000000000190e-01
9.467999999999999750e-01 9.465999999999999970e-01
9.467999999999999750e-01 9.465999999999999970e-01
9.467999999999999750e-01 9.467999999999999750e-01
9.466999999999999860e-01 9.465999999999999970e-01
9.466999999999999860e-01 9.471000000000000529e-01
9.466999999999999860e-01 9.466999999999999860e-01
9.466999999999999860e-01 9.468999999999999639e-01
9.466999999999999860e-01 9.466999999999999860e-01
9.465000000000000080e-01 9.467999999999999750e-01
9.465999999999999970e-01 9.467999999999999750e-01
9.465000000000000080e-01 9.464000000000000190e-01
9.465000000000000080e-01 9.462000000000000410e-01
9.464000000000000190e-01 9.465000000000000080e-01
9.464000000000000190e-01 9.458999999999999631e-01
9.464000000000000190e-01 9.456999999999999851e-01
9.465000000000000080e-01 9.449999999999999512e-01
9.464000000000000190e-01 9.454000000000000181e-01
9.464000000000000190e-01 9.451000000000000512e-01
9.464000000000000190e-01 9.458999999999999631e-01
9.464000000000000190e-01 9.459999999999999520e-01
9.464000000000000190e-01 9.457999999999999741e-01
9.465000000000000080e-01 9.458999999999999631e-01
9.465000000000000080e-01 9.462000000000000410e-01
9.465000000000000080e-01 9.461000000000000520e-01
9.465999999999999970e-01 9.464000000000000190e-01
9.464000000000000190e-01 9.457999999999999741e-01
9.464000000000000190e-01 9.465999999999999970e-01
9.464000000000000190e-01 9.462000000000000410e-01
9.465000000000000080e-01 9.465000000000000080e-01
9.465999999999999970e-01 9.463000000000000300e-01
9.466999999999999860e-01 9.458999999999999631e-01
9.465999999999999970e-01 9.465000000000000080e-01
9.466999999999999860e-01 9.464000000000000190e-01
9.465999999999999970e-01 9.465999999999999970e-01
9.464000000000000190e-01 9.465000000000000080e-01
9.465000000000000080e-01 9.462000000000000410e-01
9.465000000000000080e-01 9.461000000000000520e-01
9.464000000000000190e-01 9.458999999999999631e-01
9.465999999999999970e-01 9.465999999999999970e-01
9.464000000000000190e-01 9.466999999999999860e-01
9.465000000000000080e-01 9.465999999999999970e-01
9.464000000000000190e-01 9.461000000000000520e-01
9.465000000000000080e-01 9.463000000000000300e-01
9.464000000000000190e-01 9.457999999999999741e-01
9.463000000000000300e-01 9.461000000000000520e-01
9.464000000000000190e-01 9.463000000000000300e-01
9.464000000000000190e-01 9.464000000000000190e-01
9.464000000000000190e-01 9.465999999999999970e-01
9.464000000000000190e-01 9.464000000000000190e-01
9.465000000000000080e-01 9.459999999999999520e-01
9.464000000000000190e-01 9.462000000000000410e-01
9.463000000000000300e-01 9.463000000000000300e-01
9.463000000000000300e-01 9.463000000000000300e-01
9.463000000000000300e-01 9.468999999999999639e-01
9.463000000000000300e-01 9.468999999999999639e-01
9.463000000000000300e-01 9.467999999999999750e-01
9.464000000000000190e-01 9.467999999999999750e-01
9.464000000000000190e-01 9.468999999999999639e-01
9.464000000000000190e-01 9.465999999999999970e-01
9.463000000000000300e-01 9.468999999999999639e-01
9.462000000000000410e-01 9.461000000000000520e-01
9.463000000000000300e-01 9.467999999999999750e-01
9.464000000000000190e-01 9.462000000000000410e-01
9.462000000000000410e-01 9.467999999999999750e-01
9.462000000000000410e-01 9.471000000000000529e-01
9.462000000000000410e-01 9.467999999999999750e-01
9.462000000000000410e-01 9.462000000000000410e-01
9.461000000000000520e-01 9.468999999999999639e-01
9.459999999999999520e-01 9.464000000000000190e-01
9.462000000000000410e-01 9.463000000000000300e-01
9.463000000000000300e-01 9.467999999999999750e-01
9.461000000000000520e-01 9.465999999999999970e-01
9.461000000000000520e-01 9.469999999999999529e-01
9.459999999999999520e-01 9.471000000000000529e-01
9.462000000000000410e-01 9.469999999999999529e-01
9.461000000000000520e-01 9.465000000000000080e-01
9.461000000000000520e-01 9.465999999999999970e-01
9.461000000000000520e-01 9.459999999999999520e-01
9.462000000000000410e-01 9.466999999999999860e-01
9.462000000000000410e-01 9.464000000000000190e-01
9.462000000000000410e-01 9.463000000000000300e-01
9.462000000000000410e-01 9.461000000000000520e-01
9.462000000000000410e-01 9.456999999999999851e-01
9.461000000000000520e-01 9.456999999999999851e-01
9.462000000000000410e-01 9.464000000000000190e-01
9.461000000000000520e-01 9.457999999999999741e-01
9.459999999999999520e-01 9.457999999999999741e-01
9.461000000000000520e-01 9.458999999999999631e-01
9.459999999999999520e-01 9.461000000000000520e-01
9.459999999999999520e-01 9.459999999999999520e-01
9.459999999999999520e-01 9.461000000000000520e-01
9.458999999999999631e-01 9.459999999999999520e-01
9.461000000000000520e-01 9.459999999999999520e-01
9.462000000000000410e-01 9.454000000000000181e-01
9.464000000000000190e-01 9.455999999999999961e-01
9.463000000000000300e-01 9.458999999999999631e-01
9.465000000000000080e-01 9.463000000000000300e-01
9.464000000000000190e-01 9.459999999999999520e-01
9.464000000000000190e-01 9.456999999999999851e-01
9.465999999999999970e-01 9.465999999999999970e-01
9.465999999999999970e-01 9.467999999999999750e-01
9.465999999999999970e-01 9.461000000000000520e-01
9.465999999999999970e-01 9.464000000000000190e-01
9.466999999999999860e-01 9.462000000000000410e-01
9.468999999999999639e-01 9.461000000000000520e-01
9.468999999999999639e-01 9.455000000000000071e-01
9.467999999999999750e-01 9.454000000000000181e-01
9.468999999999999639e-01 9.454000000000000181e-01
9.468999999999999639e-01 9.455999999999999961e-01
9.466999999999999860e-01 9.455999999999999961e-01
9.466999999999999860e-01 9.458999999999999631e-01
9.466999999999999860e-01 9.455999999999999961e-01
9.466999999999999860e-01 9.456999999999999851e-01
9.466999999999999860e-01 9.451000000000000512e-01
9.466999999999999860e-01 9.461000000000000520e-01
9.465999999999999970e-01 9.455999999999999961e-01
9.466999999999999860e-01 9.459999999999999520e-01
9.466999999999999860e-01 9.455999999999999961e-01
9.466999999999999860e-01 9.459999999999999520e-01
9.466999999999999860e-01 9.458999999999999631e-01
9.465000000000000080e-01 9.458999999999999631e-01
9.465999999999999970e-01 9.459999999999999520e-01
9.465999999999999970e-01 9.457999999999999741e-01
9.465999999999999970e-01 9.456999999999999851e-01
9.466999999999999860e-01 9.461000000000000520e-01
9.466999999999999860e-01 9.453000000000000291e-01
9.467999999999999750e-01 9.455000000000000071e-01
9.467999999999999750e-01 9.455999999999999961e-01
9.466999999999999860e-01 9.456999999999999851e-01
9.465999999999999970e-01 9.462000000000000410e-01
9.465999999999999970e-01 9.456999999999999851e-01
9.465999999999999970e-01 9.459999999999999520e-01
9.465999999999999970e-01 9.461000000000000520e-01
9.466999999999999860e-01 9.458999999999999631e-01
9.465000000000000080e-01 9.458999999999999631e-01
9.466999999999999860e-01 9.456999999999999851e-01
9.468999999999999639e-01 9.461000000000000520e-01
9.469999999999999529e-01 9.463000000000000300e-01
9.469999999999999529e-01 9.467999999999999750e-01
9.471000000000000529e-01 9.468999999999999639e-01
9.469999999999999529e-01 9.467999999999999750e-01
9.468999999999999639e-01 9.465000000000000080e-01
9.468999999999999639e-01 9.465000000000000080e-01
9.468999999999999639e-01 9.466999999999999860e-01
9.468999999999999639e-01 9.467999999999999750e-01
9.468999999999999639e-01 9.464000000000000190e-01
9.468999999999999639e-01 9.467999999999999750e-01
9.468999999999999639e-01 9.469999999999999529e-01
9.469999999999999529e-01 9.469999999999999529e-01
9.469999999999999529e-01 9.471000000000000529e-01
9.469999999999999529e-01 9.467999999999999750e-01
9.469999999999999529e-01 9.466999999999999860e-01
9.469999999999999529e-01 9.466999999999999860e-01
9.471000000000000529e-01 9.464000000000000190e-01
9.469999999999999529e-01 9.466999999999999860e-01
9.469999999999999529e-01 9.469999999999999529e-01
9.472000000000000419e-01 9.465000000000000080e-01
9.471000000000000529e-01 9.468999999999999639e-01
9.469999999999999529e-01 9.465000000000000080e-01
9.469999999999999529e-01 9.466999999999999860e-01
9.471000000000000529e-01 9.464000000000000190e-01
9.468999999999999639e-01 9.465000000000000080e-01
9.467999999999999750e-01 9.466999999999999860e-01
9.469999999999999529e-01 9.466999999999999860e-01
9.469999999999999529e-01 9.466999999999999860e-01
9.468999999999999639e-01 9.462000000000000410e-01
9.469999999999999529e-01 9.464000000000000190e-01
9.471000000000000529e-01 9.456999999999999851e-01
9.472000000000000419e-01 9.466999999999999860e-01
9.472000000000000419e-01 9.455000000000000071e-01
9.472000000000000419e-01 9.455999999999999961e-01
9.473000000000000309e-01 9.455000000000000071e-01
9.473000000000000309e-01 9.459999999999999520e-01
9.472000000000000419e-01 9.463000000000000300e-01
9.473000000000000309e-01 9.459999999999999520e-01
9.473000000000000309e-01 9.463000000000000300e-01
9.473000000000000309e-01 9.459999999999999520e-01
9.474000000000000199e-01 9.465999999999999970e-01
9.473000000000000309e-01 9.461000000000000520e-01
9.473000000000000309e-01 9.463000000000000300e-01
9.473000000000000309e-01 9.462000000000000410e-01
9.473000000000000309e-01 9.465000000000000080e-01
9.475000000000000089e-01 9.461000000000000520e-01
9.474000000000000199e-01 9.463000000000000300e-01
9.473000000000000309e-01 9.465000000000000080e-01
9.474000000000000199e-01 9.461000000000000520e-01
9.475000000000000089e-01 9.459999999999999520e-01
9.475000000000000089e-01 9.462000000000000410e-01
9.474000000000000199e-01 9.464000000000000190e-01
9.474000000000000199e-01 9.458999999999999631e-01
9.474000000000000199e-01 9.459999999999999520e-01
9.474000000000000199e-01 9.461000000000000520e-01
9.474000000000000199e-01 9.459999999999999520e-01
9.475000000000000089e-01 9.455999999999999961e-01
9.474000000000000199e-01 9.463000000000000300e-01
9.473000000000000309e-01 9.456999999999999851e-01
9.472000000000000419e-01 9.459999999999999520e-01
9.472000000000000419e-01 9.461000000000000520e-01
9.472000000000000419e-01 9.464000000000000190e-01
9.472000000000000419e-01 9.461000000000000520e-01
9.473000000000000309e-01 9.464000000000000190e-01
9.474000000000000199e-01 9.459999999999999520e-01
9.474000000000000199e-01 9.463000000000000300e-01
9.474000000000000199e-01 9.458999999999999631e-01
9.473000000000000309e-01 9.465000000000000080e-01
9.472000000000000419e-01 9.461000000000000520e-01
9.472000000000000419e-01 9.465999999999999970e-01
9.471000000000000529e-01 9.467999999999999750e-01
9.469999999999999529e-01 9.465999999999999970e-01
9.469999999999999529e-01 9.466999999999999860e-01
9.471000000000000529e-01 9.467999999999999750e-01
9.471000000000000529e-01 9.467999999999999750e-01
9.471000000000000529e-01 9.465999999999999970e-01
9.471000000000000529e-01 9.471000000000000529e-01
9.471000000000000529e-01 9.473000000000000309e-01
9.471000000000000529e-01 9.467999999999999750e-01
9.471000000000000529e-01 9.466999999999999860e-01
9.471000000000000529e-01 9.468999999999999639e-01
9.471000000000000529e-01 9.467999999999999750e-01
9.471000000000000529e-01 9.464000000000000190e-01
9.471000000000000529e-01 9.457999999999999741e-01
9.469999999999999529e-01 9.459999999999999520e-01
9.469999999999999529e-01 9.456999999999999851e-01
9.468999999999999639e-01 9.453000000000000291e-01
9.466999999999999860e-01 9.455000000000000071e-01
9.469999999999999529e-01 9.456999999999999851e-01
9.468999999999999639e-01 9.461000000000000520e-01
9.468999999999999639e-01 9.451000000000000512e-01
9.469999999999999529e-01 9.458999999999999631e-01
9.469999999999999529e-01 9.458999999999999631e-01
9.469999999999999529e-01 9.465000000000000080e-01
9.469999999999999529e-01 9.459999999999999520e-01
9.468999999999999639e-01 9.462000000000000410e-01
9.469999999999999529e-01 9.462000000000000410e-01
9.471000000000000529e-01 9.462000000000000410e-01
9.469999999999999529e-01 9.458999999999999631e-01
9.469999999999999529e-01 9.463000000000000300e-01
9.471000000000000529e-01 9.465000000000000080e-01
9.471000000000000529e-01 9.459999999999999520e-01
9.469999999999999529e-01 9.466999999999999860e-01
9.469999999999999529e-01 9.465999999999999970e-01
9.469999999999999529e-01 9.464000000000000190e-01
9.467999999999999750e-01 9.468999999999999639e-01
9.467999999999999750e-01 9.462000000000000410e-01
9.468999999999999639e-01 9.461000000000000520e-01
9.468999999999999639e-01 9.455999999999999961e-01
9.467999999999999750e-01 9.458999999999999631e-01
9.466999999999999860e-01 9.456999999999999851e-01
9.465000000000000080e-01 9.463000000000000300e-01
9.465999999999999970e-01 9.458999999999999631e-01
9.465999999999999970e-01 9.458999999999999631e-01
9.467999999999999750e-01 9.454000000000000181e-01
9.467999999999999750e-01 9.461000000000000520e-01
9.468999999999999639e-01 9.458999999999999631e-01
9.467999999999999750e-01 9.464000000000000190e-01
9.466999999999999860e-01 9.457999999999999741e-01
9.467999999999999750e-01 9.459999999999999520e-01
9.466999999999999860e-01 9.463000000000000300e-01
9.466999999999999860e-01 9.456999999999999851e-01
9.467999999999999750e-01 9.462000000000000410e-01
9.466999999999999860e-01 9.457999999999999741e-01
9.468999999999999639e-01 9.459999999999999520e-01
9.468999999999999639e-01 9.453000000000000291e-01
9.467999999999999750e-01 9.451000000000000512e-01
9.467999999999999750e-01 9.449999999999999512e-01
9.468999999999999639e-01 9.453000000000000291e-01
9.469999999999999529e-01 9.448999999999999622e-01
9.468999999999999639e-01 9.448999999999999622e-01
9.467999999999999750e-01 9.449999999999999512e-01
9.465999999999999970e-01 9.448999999999999622e-01
9.466999999999999860e-01 9.448999999999999622e-01
9.467999999999999750e-01 9.453000000000000291e-01
9.467999999999999750e-01 9.456999999999999851e-01
9.469999999999999529e-01 9.455000000000000071e-01
9.468999999999999639e-01 9.453000000000000291e-01
9.467999999999999750e-01 9.452000000000000401e-01
9.468999999999999639e-01 9.455999999999999961e-01
9.468999999999999639e-01 9.455000000000000071e-01
9.468999999999999639e-01 9.453000000000000291e-01
9.469999999999999529e-01 9.453000000000000291e-01
9.469999999999999529e-01 9.452000000000000401e-01
9.467999999999999750e-01 9.448999999999999622e-01
9.468999999999999639e-01 9.453000000000000291e-01
9.468999999999999639e-01 9.456999999999999851e-01
9.468999999999999639e-01 9.457999999999999741e-01
9.467999999999999750e-01 9.455000000000000071e-01
9.467999999999999750e-01 9.451000000000000512e-01
9.467999999999999750e-01 9.448999999999999622e-01
9.467999999999999750e-01 9.447999999999999732e-01
9.467999999999999750e-01 9.453000000000000291e-01
9.467999999999999750e-01 9.445000000000000062e-01
9.466999999999999860e-01 9.449999999999999512e-01
9.467999999999999750e-01 9.448999999999999622e-01
9.466999999999999860e-01 9.448999999999999622e-01
9.468999999999999639e-01 9.449999999999999512e-01
9.467999999999999750e-01 9.453000000000000291e-01
9.466999999999999860e-01 9.453000000000000291e-01
9.467999999999999750e-01 9.455000000000000071e-01
9.466999999999999860e-01 9.449999999999999512e-01
9.468999999999999639e-01 9.449999999999999512e-01
9.465999999999999970e-01 9.447999999999999732e-01
9.466999999999999860e-01 9.449999999999999512e-01
9.466999999999999860e-01 9.451000000000000512e-01
9.466999999999999860e-01 9.452000000000000401e-01
9.466999999999999860e-01 9.448999999999999622e-01
9.465999999999999970e-01 9.453000000000000291e-01
9.465999999999999970e-01 9.451000000000000512e-01
9.465000000000000080e-01 9.455999999999999961e-01
9.465000000000000080e-01 9.451000000000000512e-01
9.465000000000000080e-01 9.449999999999999512e-01
9.464000000000000190e-01 9.445999999999999952e-01
9.464000000000000190e-01 9.447999999999999732e-01
9.463000000000000300e-01 9.448999999999999622e-01
9.463000000000000300e-01 9.453000000000000291e-01
9.463000000000000300e-01 9.446999999999999842e-01
9.463000000000000300e-01 9.456999999999999851e-01
9.465000000000000080e-01 9.448999999999999622e-01
9.465000000000000080e-01 9.448999999999999622e-01
9.465000000000000080e-01 9.449999999999999512e-01
9.465999999999999970e-01 9.452000000000000401e-01
9.465000000000000080e-01 9.449999999999999512e-01
9.468999999999999639e-01 9.449999999999999512e-01
9.468999999999999639e-01 9.449999999999999512e-01
9.467999999999999750e-01 9.443000000000000282e-01
9.467999999999999750e-01 9.448999999999999622e-01
9.467999999999999750e-01 9.442000000000000393e-01
9.468999999999999639e-01 9.438999999999999613e-01
9.468999999999999639e-01 9.445999999999999952e-01
9.468999999999999639e-01 9.439999999999999503e-01
9.468999999999999639e-01 9.437999999999999723e-01
9.468999999999999639e-01 9.442000000000000393e-01
9.469999999999999529e-01 9.442000000000000393e-01
9.468999999999999639e-01 9.436999999999999833e-01
9.468999999999999639e-01 9.439999999999999503e-01
9.467999999999999750e-01 9.437999999999999723e-01
9.467999999999999750e-01 9.446999999999999842e-01
9.468999999999999639e-01 9.453000000000000291e-01
9.469999999999999529e-01 9.454000000000000181e-01
9.469999999999999529e-01 9.455000000000000071e-01
9.468999999999999639e-01 9.453000000000000291e-01
9.467999999999999750e-01 9.446999999999999842e-01
9.467999999999999750e-01 9.453000000000000291e-01
9.466999999999999860e-01 9.445999999999999952e-01
9.469999999999999529e-01 9.448999999999999622e-01
9.469999999999999529e-01 9.451000000000000512e-01
9.468999999999999639e-01 9.448999999999999622e-01
9.466999999999999860e-01 9.452000000000000401e-01
9.466999999999999860e-01 9.449999999999999512e-01
9.466999999999999860e-01 9.447999999999999732e-01
9.466999999999999860e-01 9.453000000000000291e-01
9.466999999999999860e-01 9.448999999999999622e-01
9.466999999999999860e-01 9.452000000000000401e-01
9.467999999999999750e-01 9.452000000000000401e-01
9.467999999999999750e-01 9.454000000000000181e-01
9.466999999999999860e-01 9.449999999999999512e-01
9.466999999999999860e-01 9.457999999999999741e-01
9.466999999999999860e-01 9.455000000000000071e-01
9.466999999999999860e-01 9.456999999999999851e-01
9.465999999999999970e-01 9.456999999999999851e-01
9.465999999999999970e-01 9.455999999999999961e-01
9.465999999999999970e-01 9.458999999999999631e-01
9.465999999999999970e-01 9.461000000000000520e-01
9.465000000000000080e-01 9.461000000000000520e-01
9.465000000000000080e-01 9.459999999999999520e-01
9.465000000000000080e-01 9.465000000000000080e-01
9.465000000000000080e-01 9.461000000000000520e-01
9.466999999999999860e-01 9.462000000000000410e-01
9.466999999999999860e-01 9.464000000000000190e-01
9.465000000000000080e-01 9.465999999999999970e-01
9.465999999999999970e-01 9.463000000000000300e-01
9.468999999999999639e-01 9.459999999999999520e-01
9.467999999999999750e-01 9.462000000000000410e-01
9.468999999999999639e-01 9.463000000000000300e-01
9.468999999999999639e-01 9.459999999999999520e-01
9.468999999999999639e-01 9.463000000000000300e-01
9.467999999999999750e-01 9.461000000000000520e-01
9.467999999999999750e-01 9.459999999999999520e-01
9.467999999999999750e-01 9.457999999999999741e-01
9.468999999999999639e-01 9.463000000000000300e-01
9.467999999999999750e-01 9.456999999999999851e-01
9.468999999999999639e-01 9.461000000000000520e-01
9.469999999999999529e-01 9.462000000000000410e-01
9.469999999999999529e-01 9.463000000000000300e-01
9.467999999999999750e-01 9.461000000000000520e-01
9.468999999999999639e-01 9.457999999999999741e-01
9.468999999999999639e-01 9.457999999999999741e-01
9.467999999999999750e-01 9.459999999999999520e-01
9.467999999999999750e-01 9.461000000000000520e-01
9.467999999999999750e-01 9.464000000000000190e-01
9.467999999999999750e-01 9.464000000000000190e-01
9.466999999999999860e-01 9.459999999999999520e-01
9.468999999999999639e-01 9.461000000000000520e-01
9.467999999999999750e-01 9.458999999999999631e-01
9.466999999999999860e-01 9.465000000000000080e-01
9.466999999999999860e-01 9.459999999999999520e-01
9.466999999999999860e-01 9.465000000000000080e-01
9.467999999999999750e-01 9.458999999999999631e-01
9.467999999999999750e-01 9.463000000000000300e-01
9.465000000000000080e-01 9.456999999999999851e-01
9.466999999999999860e-01 9.457999999999999741e-01
9.467999999999999750e-01 9.455000000000000071e-01
9.466999999999999860e-01 9.455999999999999961e-01
9.466999999999999860e-01 9.455000000000000071e-01
9.466999999999999860e-01 9.461000000000000520e-01
9.466999999999999860e-01 9.455999999999999961e-01
9.465999999999999970e-01 9.457999999999999741e-01
9.465999999999999970e-01 9.454000000000000181e-01
9.465999999999999970e-01 9.458999999999999631e-01
9.466999999999999860e-01 9.453000000000000291e-01
9.465999999999999970e-01 9.457999999999999741e-01
9.466999999999999860e-01 9.449999999999999512e-01
9.465999999999999970e-01 9.457999999999999741e-01
9.466999999999999860e-01 9.455000000000000071e-01
9.466999999999999860e-01 9.458999999999999631e-01
9.466999999999999860e-01 9.459999999999999520e-01
9.467999999999999750e-01 9.456999999999999851e-01
9.466999999999999860e-01 9.461000000000000520e-01
9.466999999999999860e-01 9.459999999999999520e-01
9.466999999999999860e-01 9.453000000000000291e-01
9.466999999999999860e-01 9.454000000000000181e-01
9.466999999999999860e-01 9.455000000000000071e-01
9.466999999999999860e-01 9.461000000000000520e-01
9.465999999999999970e-01 9.465000000000000080e-01
9.465999999999999970e-01 9.461000000000000520e-01
9.465000000000000080e-01 9.463000000000000300e-01
9.464000000000000190e-01 9.465000000000000080e-01
9.464000000000000190e-01 9.464000000000000190e-01
9.465000000000000080e-01 9.465000000000000080e-01
9.465000000000000080e-01 9.465000000000000080e-01
9.465000000000000080e-01 9.463000000000000300e-01
9.465999999999999970e-01 9.464000000000000190e-01
9.465999999999999970e-01 9.456999999999999851e-01
9.465000000000000080e-01 9.462000000000000410e-01
9.465999999999999970e-01 9.458999999999999631e-01
9.464000000000000190e-01 9.465999999999999970e-01
9.464000000000000190e-01 9.458999999999999631e-01
9.464000000000000190e-01 9.455999999999999961e-01
9.464000000000000190e-01 9.456999999999999851e-01
9.461000000000000520e-01 9.459999999999999520e-01
9.463000000000000300e-01 9.459999999999999520e-01
9.463000000000000300e-01 9.462000000000000410e-01
9.463000000000000300e-01 9.458999999999999631e-01
9.464000000000000190e-01 9.457999999999999741e-01
9.465000000000000080e-01 9.458999999999999631e-01
9.463000000000000300e-01 9.461000000000000520e-01
9.462000000000000410e-01 9.463000000000000300e-01
9.462000000000000410e-01 9.462000000000000410e-01
9.462000000000000410e-01 9.462000000000000410e-01
9.463000000000000300e-01 9.464000000000000190e-01
9.465000000000000080e-01 9.465999999999999970e-01
9.464000000000000190e-01 9.468999999999999639e-01
9.463000000000000300e-01 9.463000000000000300e-01
9.463000000000000300e-01 9.468999999999999639e-01
9.463000000000000300e-01 9.461000000000000520e-01
9.461000000000000520e-01 9.465000000000000080e-01
9.465000000000000080e-01 9.467999999999999750e-01
9.465999999999999970e-01 9.469999999999999529e-01
9.465000000000000080e-01 9.469999999999999529e-01
9.465000000000000080e-01 9.466999999999999860e-01
9.465000000000000080e-01 9.464000000000000190e-01
9.461000000000000520e-01 9.465999999999999970e-01
9.461000000000000520e-01 9.465000000000000080e-01
9.463000000000000300e-01 9.465000000000000080e-01
9.463000000000000300e-01 9.464000000000000190e-01
9.463000000000000300e-01 9.463000000000000300e-01
9.462000000000000410e-01 9.465000000000000080e-01
9.461000000000000520e-01 9.463000000000000300e-01
9.462000000000000410e-01 9.462000000000000410e-01
9.463000000000000300e-01 9.462000000000000410e-01
9.462000000000000410e-01 9.463000000000000300e-01
9.461000000000000520e-01 9.461000000000000520e-01
9.464000000000000190e-01 9.462000000000000410e-01
9.463000000000000300e-01 9.461000000000000520e-01
9.463000000000000300e-01 9.463000000000000300e-01
9.464000000000000190e-01 9.459999999999999520e-01
9.465000000000000080e-01 9.458999999999999631e-01
9.465000000000000080e-01 9.458999999999999631e-01
9.464000000000000190e-01 9.465999999999999970e-01
9.465999999999999970e-01 9.469999999999999529e-01
9.465000000000000080e-01 9.469999999999999529e-01
9.465999999999999970e-01 9.471000000000000529e-01
9.465000000000000080e-01 9.474000000000000199e-01
9.465000000000000080e-01 9.472000000000000419e-01
9.466999999999999860e-01 9.468999999999999639e-01
9.466999999999999860e-01 9.466999999999999860e-01
9.466999999999999860e-01 9.466999999999999860e-01
9.466999999999999860e-01 9.462000000000000410e-01
9.467999999999999750e-01 9.465999999999999970e-01
9.467999999999999750e-01 9.464000000000000190e-01
9.468999999999999639e-01 9.456999999999999851e-01
9.468999999999999639e-01 9.459999999999999520e-01
9.472000000000000419e-01 9.457999999999999741e-01
9.471000000000000529e-01 9.461000000000000520e-01
9.472000000000000419e-01 9.463000000000000300e-01
9.471000000000000529e-01 9.467999999999999750e-01
9.471000000000000529e-01 9.466999999999999860e-01
9.472000000000000419e-01 9.462000000000000410e-01
9.471000000000000529e-01 9.463000000000000300e-01
9.471000000000000529e-01 9.456999999999999851e-01
9.471000000000000529e-01 9.457999999999999741e-01
9.471000000000000529e-01 9.455999999999999961e-01
9.472000000000000419e-01 9.455999999999999961e-01
9.471000000000000529e-01 9.459999999999999520e-01
9.472000000000000419e-01 9.464000000000000190e-01
9.472000000000000419e-01 9.469999999999999529e-01
9.473000000000000309e-01 9.466999999999999860e-01
9.472000000000000419e-01 9.465000000000000080e-01
9.472000000000000419e-01 9.466999999999999860e-01
9.474000000000000199e-01 9.465000000000000080e-01
9.473000000000000309e-01 9.465999999999999970e-01
9.473000000000000309e-01 9.465000000000000080e-01
9.474000000000000199e-01 9.463000000000000300e-01
9.473000000000000309e-01 9.458999999999999631e-01
9.472000000000000419e-01 9.456999999999999851e-01
9.473000000000000309e-01 9.456999999999999851e-01
9.474000000000000199e-01 9.453000000000000291e-01
9.472000000000000419e-01 9.457999999999999741e-01
9.474000000000000199e-01 9.456999999999999851e-01
9.474000000000000199e-01 9.462000000000000410e-01
9.473000000000000309e-01 9.459999999999999520e-01
9.472000000000000419e-01 9.461000000000000520e-01
9.472000000000000419e-01 9.458999999999999631e-01
9.473000000000000309e-01 9.456999999999999851e-01
9.473000000000000309e-01 9.458999999999999631e-01
9.473000000000000309e-01 9.455000000000000071e-01
9.473000000000000309e-01 9.464000000000000190e-01
9.473000000000000309e-01 9.459999999999999520e-01
9.471000000000000529e-01 9.461000000000000520e-01
9.472000000000000419e-01 9.455999999999999961e-01
9.472000000000000419e-01 9.463000000000000300e-01
9.473000000000000309e-01 9.463000000000000300e-01
9.473000000000000309e-01 9.464000000000000190e-01
9.473000000000000309e-01 9.459999999999999520e-01
9.473000000000000309e-01 9.462000000000000410e-01
9.472000000000000419e-01 9.462000000000000410e-01
9.472000000000000419e-01 9.469999999999999529e-01
9.473000000000000309e-01 9.465000000000000080e-01
9.474000000000000199e-01 9.469999999999999529e-01
9.473000000000000309e-01 9.464000000000000190e-01
9.471000000000000529e-01 9.461000000000000520e-01
9.471000000000000529e-01 9.461000000000000520e-01
9.469999999999999529e-01 9.465000000000000080e-01
9.468999999999999639e-01 9.464000000000000190e-01
9.468999999999999639e-01 9.464000000000000190e-01
9.471000000000000529e-01 9.464000000000000190e-01
9.471000000000000529e-01 9.469999999999999529e-01
9.471000000000000529e-01 9.465999999999999970e-01
9.472000000000000419e-01 9.467999999999999750e-01
9.471000000000000529e-01 9.468999999999999639e-01
9.471000000000000529e-01 9.468999999999999639e-01
9.471000000000000529e-01 9.467999999999999750e-01
9.472000000000000419e-01 9.467999999999999750e-01
9.472000000000000419e-01 9.473000000000000309e-01
9.473000000000000309e-01 9.467999999999999750e-01
9.473000000000000309e-01 9.471000000000000529e-01
9.474000000000000199e-01 9.469999999999999529e-01
9.474000000000000199e-01 9.469999999999999529e-01
9.474000000000000199e-01 9.462000000000000410e-01
9.475000000000000089e-01 9.468999999999999639e-01
9.474000000000000199e-01 9.465000000000000080e-01
9.475999999999999979e-01 9.467999999999999750e-01
9.475000000000000089e-01 9.462000000000000410e-01
9.473000000000000309e-01 9.464000000000000190e-01
9.474000000000000199e-01 9.459999999999999520e-01
9.472000000000000419e-01 9.464000000000000190e-01
9.471000000000000529e-01 9.465999999999999970e-01
9.473000000000000309e-01 9.467999999999999750e-01
9.472000000000000419e-01 9.464000000000000190e-01
9.472000000000000419e-01 9.468999999999999639e-01
9.471000000000000529e-01 9.463000000000000300e-01
9.472000000000000419e-01 9.465999999999999970e-01
9.469999999999999529e-01 9.458999999999999631e-01
9.469999999999999529e-01 9.465999999999999970e-01
9.468999999999999639e-01 9.456999999999999851e-01
9.467999999999999750e-01 9.461000000000000520e-01
9.469999999999999529e-01 9.461000000000000520e-01
9.471000000000000529e-01 9.461000000000000520e-01
9.469999999999999529e-01 9.464000000000000190e-01
9.469999999999999529e-01 9.465999999999999970e-01
9.471000000000000529e-01 9.464000000000000190e-01
9.468999999999999639e-01 9.465000000000000080e-01
9.468999999999999639e-01 9.465999999999999970e-01
9.468999999999999639e-01 9.462000000000000410e-01
9.469999999999999529e-01 9.464000000000000190e-01
9.469999999999999529e-01 9.466999999999999860e-01
9.469999999999999529e-01 9.468999999999999639e-01
9.467999999999999750e-01 9.465999999999999970e-01
9.467999999999999750e-01 9.465999999999999970e-01
9.468999999999999639e-01 9.468999999999999639e-01
9.466999999999999860e-01 9.468999999999999639e-01
9.466999999999999860e-01 9.467999999999999750e-01
9.466999999999999860e-01 9.469999999999999529e-01
9.465999999999999970e-01 9.469999999999999529e-01
9.467999999999999750e-01 9.469999999999999529e-01
9.466999999999999860e-01 9.466999999999999860e-01
9.467999999999999750e-01 9.465000000000000080e-01
9.467999999999999750e-01 9.465000000000000080e-01
9.466999999999999860e-01 9.465000000000000080e-01
9.466999999999999860e-01 9.462000000000000410e-01
9.466999999999999860e-01 9.463000000000000300e-01
9.466999999999999860e-01 9.462000000000000410e-01
9.466999999999999860e-01 9.463000000000000300e-01
9.465999999999999970e-01 9.464000000000000190e-01
9.465999999999999970e-01 9.465999999999999970e-01
9.465000000000000080e-01 9.464000000000000190e-01
9.465999999999999970e-01 9.464000000000000190e-01
9.466999999999999860e-01 9.459999999999999520e-01
9.465999999999999970e-01 9.465000000000000080e-01
9.467999999999999750e-01 9.456999999999999851e-01
9.467999999999999750e-01 9.461000000000000520e-01
9.465999999999999970e-01 9.455000000000000071e-01
9.465999999999999970e-01 9.463000000000000300e-01
9.466999999999999860e-01 9.465999999999999970e-01
9.466999999999999860e-01 9.464000000000000190e-01
9.466999999999999860e-01 9.465000000000000080e-01
9.467999999999999750e-01 9.468999999999999639e-01
9.468999999999999639e-01 9.461000000000000520e-01
9.467999999999999750e-01 9.467999999999999750e-01
9.468999999999999639e-01 9.464000000000000190e-01
9.469999999999999529e-01 9.469999999999999529e-01
9.467999999999999750e-01 9.464000000000000190e-01
9.467999999999999750e-01 9.464000000000000190e-01
9.467999999999999750e-01 9.459999999999999520e-01
9.467999999999999750e-01 9.465000000000000080e-01
9.468999999999999639e-01 9.459999999999999520e-01
9.466999999999999860e-01 9.465000000000000080e-01
9.467999999999999750e-01 9.463000000000000300e-01
9.466999999999999860e-01 9.472000000000000419e-01
9.466999999999999860e-01 9.469999999999999529e-01
9.466999999999999860e-01 9.472000000000000419e-01
9.466999999999999860e-01 9.468999999999999639e-01
9.465000000000000080e-01 9.469999999999999529e-01
9.464000000000000190e-01 9.466999999999999860e-01
9.465000000000000080e-01 9.471000000000000529e-01
9.465000000000000080e-01 9.466999999999999860e-01
9.465000000000000080e-01 9.476999999999999869e-01
9.465000000000000080e-01 9.472000000000000419e-01
9.464000000000000190e-01 9.474000000000000199e-01
9.464000000000000190e-01 9.475000000000000089e-01
9.465000000000000080e-01 9.475000000000000089e-01
9.465000000000000080e-01 9.472000000000000419e-01
9.465999999999999970e-01 9.476999999999999869e-01
9.465999999999999970e-01 9.468999999999999639e-01
9.465999999999999970e-01 9.469999999999999529e-01
9.465999999999999970e-01 9.473000000000000309e-01
9.465999999999999970e-01 9.475999999999999979e-01
9.466999999999999860e-01 9.465999999999999970e-01
9.465999999999999970e-01 9.471000000000000529e-01
9.465999999999999970e-01 9.465999999999999970e-01
9.466999999999999860e-01 9.473000000000000309e-01
9.467999999999999750e-01 9.469999999999999529e-01
9.467999999999999750e-01 9.472000000000000419e-01
9.466999999999999860e-01 9.474000000000000199e-01
9.465999999999999970e-01 9.472000000000000419e-01
9.465999999999999970e-01 9.475000000000000089e-01
9.465999999999999970e-01 9.473000000000000309e-01
9.465999999999999970e-01 9.469999999999999529e-01
9.465000000000000080e-01 9.471000000000000529e-01
9.465000000000000080e-01 9.469999999999999529e-01
9.465000000000000080e-01 9.468999999999999639e-01
9.465000000000000080e-01 9.474000000000000199e-01
9.465000000000000080e-01 9.477999999999999758e-01
9.465000000000000080e-01 9.479999999999999538e-01
9.465999999999999970e-01 9.473000000000000309e-01
9.465999999999999970e-01 9.475999999999999979e-01
9.466999999999999860e-01 9.475000000000000089e-01
9.466999999999999860e-01 9.468999999999999639e-01
9.465000000000000080e-01 9.473000000000000309e-01
9.466999999999999860e-01 9.477999999999999758e-01
9.465999999999999970e-01 9.477999999999999758e-01
9.465000000000000080e-01 9.472000000000000419e-01
9.465000000000000080e-01 9.473000000000000309e-01
9.465000000000000080e-01 9.473000000000000309e-01
9.465000000000000080e-01 9.474000000000000199e-01
9.464000000000000190e-01 9.473000000000000309e-01
9.465000000000000080e-01 9.474000000000000199e-01
9.465000000000000080e-01 9.465999999999999970e-01
9.466999999999999860e-01 9.471000000000000529e-01
9.466999999999999860e-01 9.474000000000000199e-01
9.467999999999999750e-01 9.472000000000000419e-01
9.467999999999999750e-01 9.474000000000000199e-01
9.466999999999999860e-01 9.476999999999999869e-01
9.465999999999999970e-01 9.478999999999999648e-01
9.465999999999999970e-01 9.477999999999999758e-01
9.465999999999999970e-01 9.478999999999999648e-01
9.465000000000000080e-01 9.471000000000000529e-01
9.465000000000000080e-01 9.477999999999999758e-01
9.465000000000000080e-01 9.473000000000000309e-01
9.465000000000000080e-01 9.477999999999999758e-01
9.465000000000000080e-01 9.477999999999999758e-01
9.464000000000000190e-01 9.482000000000000428e-01
9.465000000000000080e-01 9.475999999999999979e-01
9.465000000000000080e-01 9.481000000000000538e-01
9.465000000000000080e-01 9.475000000000000089e-01
9.464000000000000190e-01 9.475000000000000089e-01
9.464000000000000190e-01 9.479999999999999538e-01
9.464000000000000190e-01 9.475000000000000089e-01
9.463000000000000300e-01 9.475000000000000089e-01
9.464000000000000190e-01 9.478999999999999648e-01
9.465000000000000080e-01 9.469999999999999529e-01
9.464000000000000190e-01 9.475000000000000089e-01
9.462000000000000410e-01 9.473000000000000309e-01
9.461000000000000520e-01 9.477999999999999758e-01
9.462000000000000410e-01 9.475999999999999979e-01
9.461000000000000520e-01 9.481000000000000538e-01
9.459999999999999520e-01 9.475000000000000089e-01
9.457999999999999741e-01 9.479999999999999538e-01
9.457999999999999741e-01 9.474000000000000199e-01
9.458999999999999631e-01 9.478999999999999648e-01
9.457999999999999741e-01 9.475000000000000089e-01
9.457999999999999741e-01 9.476999999999999869e-01
9.457999999999999741e-01 9.472000000000000419e-01
9.456999999999999851e-01 9.472000000000000419e-01
9.456999999999999851e-01 9.474000000000000199e-01
9.458999999999999631e-01 9.475000000000000089e-01
9.457999999999999741e-01 9.478999999999999648e-01
9.457999999999999741e-01 9.472000000000000419e-01
9.458999999999999631e-01 9.471000000000000529e-01
9.457999999999999741e-01 9.475999999999999979e-01
9.457999999999999741e-01 9.472000000000000419e-01
9.457999999999999741e-01 9.479999999999999538e-01
9.457999999999999741e-01 9.476999999999999869e-01
9.457999999999999741e-01 9.478999999999999648e-01
9.458999999999999631e-01 9.467999999999999750e-01
9.456999999999999851e-01 9.471000000000000529e-01
9.456999999999999851e-01 9.467999999999999750e-01
9.457999999999999741e-01 9.467999999999999750e-01
9.457999999999999741e-01 9.468999999999999639e-01
9.457999999999999741e-01 9.471000000000000529e-01
9.456999999999999851e-01 9.474000000000000199e-01
9.456999999999999851e-01 9.475999999999999979e-01
9.455999999999999961e-01 9.473000000000000309e-01
9.455000000000000071e-01 9.479999999999999538e-01
9.455000000000000071e-01 9.474000000000000199e-01
9.455000000000000071e-01 9.479999999999999538e-01
9.454000000000000181e-01 9.468999999999999639e-01
9.455000000000000071e-01 9.469999999999999529e-01
9.454000000000000181e-01 9.466999999999999860e-01
9.454000000000000181e-01 9.466999999999999860e-01
9.454000000000000181e-01 9.465999999999999970e-01
9.454000000000000181e-01 9.471000000000000529e-01
9.454000000000000181e-01 9.474000000000000199e-01
9.455000000000000071e-01 9.472000000000000419e-01
9.454000000000000181e-01 9.472000000000000419e-01
9.454000000000000181e-01 9.465999999999999970e-01
9.455999999999999961e-01 9.473000000000000309e-01
9.455000000000000071e-01 9.468999999999999639e-01
9.454000000000000181e-01 9.468999999999999639e-01
9.455000000000000071e-01 9.471000000000000529e-01
9.455000000000000071e-01 9.472000000000000419e-01
9.454000000000000181e-01 9.467999999999999750e-01
9.454000000000000181e-01 9.465000000000000080e-01
9.453000000000000291e-01 9.462000000000000410e-01
9.454000000000000181e-01 9.458999999999999631e-01
9.455000000000000071e-01 9.464000000000000190e-01
9.455000000000000071e-01 9.465000000000000080e-01
9.455000000000000071e-01 9.466999999999999860e-01
9.455000000000000071e-01 9.463000000000000300e-01
9.455000000000000071e-01 9.467999999999999750e-01
9.455000000000000071e-01 9.462000000000000410e-01
9.455000000000000071e-01 9.467999999999999750e-01
9.455999999999999961e-01 9.465999999999999970e-01
9.455000000000000071e-01 9.464000000000000190e-01
9.455999999999999961e-01 9.469999999999999529e-01
9.455000000000000071e-01 9.467999999999999750e-01
9.455000000000000071e-01 9.466999999999999860e-01
9.455000000000000071e-01 9.468999999999999639e-01
9.455000000000000071e-01 9.466999999999999860e-01
9.454000000000000181e-01 9.466999999999999860e-01
9.455000000000000071e-01 9.466999999999999860e-01
9.455000000000000071e-01 9.475000000000000089e-01
9.455000000000000071e-01 9.476999999999999869e-01
9.455000000000000071e-01 9.475999999999999979e-01
9.455999999999999961e-01 9.475000000000000089e-01
9.455000000000000071e-01 9.468999999999999639e-01
9.455000000000000071e-01 9.468999999999999639e-01
9.455000000000000071e-01 9.473000000000000309e-01
9.454000000000000181e-01 9.475999999999999979e-01
9.455000000000000071e-01 9.469999999999999529e-01
9.455000000000000071e-01 9.466999999999999860e-01
9.455000000000000071e-01 9.469999999999999529e-01
9.455000000000000071e-01 9.466999999999999860e-01
9.455000000000000071e-01 9.465999999999999970e-01
9.455000000000000071e-01 9.465000000000000080e-01
9.455000000000000071e-01 9.465999999999999970e-01
9.456999999999999851e-01 9.471000000000000529e-01
9.456999999999999851e-01 9.466999999999999860e-01
9.455999999999999961e-01 9.465000000000000080e-01
9.457999999999999741e-01 9.465000000000000080e-01
9.455999999999999961e-01 9.469999999999999529e-01
9.457999999999999741e-01 9.464000000000000190e-01
9.456999999999999851e-01 9.465000000000000080e-01
9.456999999999999851e-01 9.455999999999999961e-01
9.455999999999999961e-01 9.461000000000000520e-01
9.455999999999999961e-01 9.461000000000000520e-01
9.455999999999999961e-01 9.464000000000000190e-01
9.455999999999999961e-01 9.462000000000000410e-01
9.455999999999999961e-01 9.463000000000000300e-01
9.456999999999999851e-01 9.463000000000000300e-01
9.456999999999999851e-01 9.467999999999999750e-01
9.456999999999999851e-01 9.466999999999999860e-01
9.455999999999999961e-01 9.471000000000000529e-01
9.455999999999999961e-01 9.468999999999999639e-01
9.455999999999999961e-01 9.472000000000000419e-01
9.455000000000000071e-01 9.468999999999999639e-01
9.455000000000000071e-01 9.469999999999999529e-01
9.455000000000000071e-01 9.475999999999999979e-01
9.455000000000000071e-01 9.475999999999999979e-01
9.455000000000000071e-01 9.475000000000000089e-01
9.455000000000000071e-01 9.475000000000000089e-01
9.457999999999999741e-01 9.471000000000000529e-01
9.458999999999999631e-01 9.467999999999999750e-01
9.458999999999999631e-01 9.469999999999999529e-01
9.457999999999999741e-01 9.467999999999999750e-01
9.457999999999999741e-01 9.464000000000000190e-01
9.458999999999999631e-01 9.468999999999999639e-01
9.458999999999999631e-01 9.467999999999999750e-01
9.456999999999999851e-01 9.468999999999999639e-01
9.457999999999999741e-01 9.471000000000000529e-01
9.456999999999999851e-01 9.462000000000000410e-01
9.456999999999999851e-01 9.463000000000000300e-01
9.455999999999999961e-01 9.463000000000000300e-01
9.455999999999999961e-01 9.467999999999999750e-01
9.455999999999999961e-01 9.466999999999999860e-01
9.455000000000000071e-01 9.466999999999999860e-01
9.455999999999999961e-01 9.464000000000000190e-01
9.455999999999999961e-01 9.458999999999999631e-01
9.455999999999999961e-01 9.458999999999999631e-01
9.456999999999999851e-01 9.457999999999999741e-01
9.456999999999999851e-01 9.468999999999999639e-01
9.455999999999999961e-01 9.459999999999999520e-01
9.455999999999999961e-01 9.459999999999999520e-01
9.455999999999999961e-01 9.457999999999999741e-01
9.455999999999999961e-01 9.455999999999999961e-01
9.455999999999999961e-01 9.464000000000000190e-01
9.455999999999999961e-01 9.458999999999999631e-01
9.457999999999999741e-01 9.461000000000000520e-01
9.459999999999999520e-01 9.456999999999999851e-01
9.459999999999999520e-01 9.457999999999999741e-01
9.459999999999999520e-01 9.459999999999999520e-01
9.459999999999999520e-01 9.465999999999999970e-01
9.459999999999999520e-01 9.465999999999999970e-01
9.459999999999999520e-01 9.463000000000000300e-01
9.458999999999999631e-01 9.465999999999999970e-01
9.458999999999999631e-01 9.462000000000000410e-01
9.461000000000000520e-01 9.471000000000000529e-01
9.461000000000000520e-01 9.474000000000000199e-01
9.458999999999999631e-01 9.465999999999999970e-01
9.461000000000000520e-01 9.469999999999999529e-01
9.461000000000000520e-01 9.471000000000000529e-01
9.458999999999999631e-01 9.471000000000000529e-01
9.458999999999999631e-01 9.471000000000000529e-01
9.458999999999999631e-01 9.468999999999999639e-01
9.459999999999999520e-01 9.472000000000000419e-01
9.458999999999999631e-01 9.475000000000000089e-01
9.459999999999999520e-01 9.468999999999999639e-01
9.459999999999999520e-01 9.474000000000000199e-01
9.459999999999999520e-01 9.474000000000000199e-01
9.459999999999999520e-01 9.473000000000000309e-01
9.461000000000000520e-01 9.467999999999999750e-01
9.461000000000000520e-01 9.475000000000000089e-01
9.458999999999999631e-01 9.468999999999999639e-01
9.458999999999999631e-01 9.469999999999999529e-01
9.458999999999999631e-01 9.474000000000000199e-01
9.458999999999999631e-01 9.475999999999999979e-01
9.458999999999999631e-01 9.472000000000000419e-01
9.458999999999999631e-01 9.473000000000000309e-01
9.457999999999999741e-01 9.475999999999999979e-01
9.458999999999999631e-01 9.476999999999999869e-01
9.458999999999999631e-01 9.475000000000000089e-01
9.459999999999999520e-01 9.476999999999999869e-01
9.459999999999999520e-01 9.474000000000000199e-01
9.456999999999999851e-01 9.475999999999999979e-01
9.457999999999999741e-01 9.475000000000000089e-01
9.458999999999999631e-01 9.469999999999999529e-01
9.458999999999999631e-01 9.474000000000000199e-01
9.459999999999999520e-01 9.467999999999999750e-01
9.459999999999999520e-01 9.469999999999999529e-01
9.458999999999999631e-01 9.465999999999999970e-01
9.459999999999999520e-01 9.466999999999999860e-01
9.459999999999999520e-01 9.471000000000000529e-01
9.459999999999999520e-01 9.465999999999999970e-01
9.459999999999999520e-01 9.466999999999999860e-01
9.459999999999999520e-01 9.469999999999999529e-01
9.461000000000000520e-01 9.468999999999999639e-01
9.458999999999999631e-01 9.459999999999999520e-01
9.459999999999999520e-01 9.471000000000000529e-01
9.461000000000000520e-01 9.466999999999999860e-01
9.461000000000000520e-01 9.474000000000000199e-01
9.461000000000000520e-01 9.469999999999999529e-01
9.461000000000000520e-01 9.472000000000000419e-01
9.461000000000000520e-01 9.465999999999999970e-01
9.462000000000000410e-01 9.463000000000000300e-01
9.461000000000000520e-01 9.465000000000000080e-01
9.461000000000000520e-01 9.464000000000000190e-01
9.459999999999999520e-01 9.464000000000000190e-01
9.461000000000000520e-01 9.468999999999999639e-01
9.462000000000000410e-01 9.462000000000000410e-01
9.462000000000000410e-01 9.464000000000000190e-01
9.462000000000000410e-01 9.462000000000000410e-01
9.462000000000000410e-01 9.466999999999999860e-01
9.462000000000000410e-01 9.466999999999999860e-01
9.462000000000000410e-01 9.468999999999999639e-01
9.462000000000000410e-01 9.468999999999999639e-01
9.462000000000000410e-01 9.466999999999999860e-01
9.462000000000000410e-01 9.471000000000000529e-01
9.463000000000000300e-01 9.475000000000000089e-01
9.462000000000000410e-01 9.473000000000000309e-01
9.461000000000000520e-01 9.466999999999999860e-01
9.459999999999999520e-01 9.466999999999999860e-01
9.459999999999999520e-01 9.467999999999999750e-01
9.461000000000000520e-01 9.467999999999999750e-01
9.461000000000000520e-01 9.465000000000000080e-01
9.461000000000000520e-01 9.474000000000000199e-01
9.462000000000000410e-01 9.469999999999999529e-01
9.459999999999999520e-01 9.465999999999999970e-01
9.461000000000000520e-01 9.465000000000000080e-01
9.459999999999999520e-01 9.465000000000000080e-01
9.458999999999999631e-01 9.465999999999999970e-01
9.459999999999999520e-01 9.463000000000000300e-01
9.458999999999999631e-01 9.461000000000000520e-01
9.458999999999999631e-01 9.461000000000000520e-01
9.456999999999999851e-01 9.464000000000000190e-01
9.458999999999999631e-01 9.461000000000000520e-01
9.459999999999999520e-01 9.463000000000000300e-01
9.459999999999999520e-01 9.463000000000000300e-01
9.461000000000000520e-01 9.462000000000000410e-01
9.461000000000000520e-01 9.465000000000000080e-01
9.461000000000000520e-01 9.463000000000000300e-01
9.461000000000000520e-01 9.465000000000000080e-01
9.461000000000000520e-01 9.465000000000000080e-01
9.462000000000000410e-01 9.463000000000000300e-01
9.461000000000000520e-01 9.459999999999999520e-01
9.462000000000000410e-01 9.465999999999999970e-01
9.462000000000000410e-01 9.462000000000000410e-01
9.461000000000000520e-01 9.465999999999999970e-01
9.461000000000000520e-01 9.465999999999999970e-01
9.461000000000000520e-01 9.458999999999999631e-01
9.462000000000000410e-01 9.461000000000000520e-01
9.459999999999999520e-01 9.458999999999999631e-01
9.459999999999999520e-01 9.465000000000000080e-01
9.459999999999999520e-01 9.465999999999999970e-01
9.462000000000000410e-01 9.463000000000000300e-01
9.463000000000000300e-01 9.462000000000000410e-01
9.464000000000000190e-01 9.456999999999999851e-01
9.462000000000000410e-01 9.457999999999999741e-01
9.463000000000000300e-01 9.455999999999999961e-01
9.463000000000000300e-01 9.457999999999999741e-01
9.463000000000000300e-01 9.459999999999999520e-01
9.462000000000000410e-01 9.461000000000000520e-01
9.462000000000000410e-01 9.466999999999999860e-01
9.463000000000000300e-01 9.467999999999999750e-01
9.463000000000000300e-01 9.467999999999999750e-01
9.462000000000000410e-01 9.459999999999999520e-01
9.462000000000000410e-01 9.465999999999999970e-01
9.461000000000000520e-01 9.461000000000000520e-01
9.461000000000000520e-01 9.455999999999999961e-01
9.461000000000000520e-01 9.456999999999999851e-01
9.462000000000000410e-01 9.456999999999999851e-01
9.463000000000000300e-01 9.456999999999999851e-01
9.463000000000000300e-01 9.457999999999999741e-01
9.463000000000000300e-01 9.456999999999999851e-01
9.461000000000000520e-01 9.458999999999999631e-01
9.463000000000000300e-01 9.457999999999999741e-01
9.464000000000000190e-01 9.459999999999999520e-01
9.461000000000000520e-01 9.459999999999999520e-01
9.463000000000000300e-01 9.457999999999999741e-01
9.462000000000000410e-01 9.459999999999999520e-01
9.463000000000000300e-01 9.461000000000000520e-01
9.463000000000000300e-01 9.462000000000000410e-01
9.462000000000000410e-01 9.459999999999999520e-01
9.463000000000000300e-01 9.456999999999999851e-01
9.464000000000000190e-01 9.465000000000000080e-01
9.464000000000000190e-01 9.461000000000000520e-01
9.464000000000000190e-01 9.461000000000000520e-01
9.463000000000000300e-01 9.455999999999999961e-01
9.463000000000000300e-01 9.455000000000000071e-01
9.463000000000000300e-01 9.455000000000000071e-01
9.463000000000000300e-01 9.451000000000000512e-01
9.463000000000000300e-01 9.455000000000000071e-01
9.463000000000000300e-01 9.449999999999999512e-01
9.463000000000000300e-01 9.454000000000000181e-01
9.463000000000000300e-01 9.453000000000000291e-01
9.463000000000000300e-01 9.453000000000000291e-01
9.464000000000000190e-01 9.455000000000000071e-01
9.464000000000000190e-01 9.455000000000000071e-01
9.465000000000000080e-01 9.455999999999999961e-01
9.464000000000000190e-01 9.453000000000000291e-01
9.463000000000000300e-01 9.454000000000000181e-01
9.461000000000000520e-01 9.448999999999999622e-01
9.459999999999999520e-01 9.454000000000000181e-01
9.459999999999999520e-01 9.456999999999999851e-01
9.463000000000000300e-01 9.456999999999999851e-01
9.462000000000000410e-01 9.454000000000000181e-01
9.462000000000000410e-01 9.452000000000000401e-01
9.462000000000000410e-01 9.451000000000000512e-01
9.462000000000000410e-01 9.447999999999999732e-01
9.462000000000000410e-01 9.452000000000000401e-01
9.462000000000000410e-01 9.455000000000000071e-01
9.464000000000000190e-01 9.451000000000000512e-01
9.464000000000000190e-01 9.452000000000000401e-01
9.465000000000000080e-01 9.449999999999999512e-01
9.465000000000000080e-01 9.455000000000000071e-01
9.465000000000000080e-01 9.452000000000000401e-01
9.465000000000000080e-01 9.457999999999999741e-01
9.465000000000000080e-01 9.453000000000000291e-01
9.465000000000000080e-01 9.451000000000000512e-01
9.465000000000000080e-01 9.448999999999999622e-01
9.465000000000000080e-01 9.455000000000000071e-01
9.465000000000000080e-01 9.449999999999999512e-01
9.465000000000000080e-01 9.451000000000000512e-01
9.465000000000000080e-01 9.452000000000000401e-01
9.465000000000000080e-01 9.455999999999999961e-01
9.465000000000000080e-01 9.454000000000000181e-01
9.465000000000000080e-01 9.455000000000000071e-01
9.465000000000000080e-01 9.453000000000000291e-01
9.465000000000000080e-01 9.453000000000000291e-01
9.465000000000000080e-01 9.454000000000000181e-01
9.465000000000000080e-01 9.456999999999999851e-01
9.463000000000000300e-01 9.457999999999999741e-01
9.463000000000000300e-01 9.452000000000000401e-01
9.462000000000000410e-01 9.455000000000000071e-01
9.463000000000000300e-01 9.444000000000000172e-01
9.463000000000000300e-01 9.455999999999999961e-01
9.463000000000000300e-01 9.452000000000000401e-01
9.463000000000000300e-01 9.449999999999999512e-01
9.464000000000000190e-01 9.448999999999999622e-01
9.463000000000000300e-01 9.451000000000000512e-01
9.464000000000000190e-01 9.446999999999999842e-01
9.465000000000000080e-01 9.444000000000000172e-01
9.465000000000000080e-01 9.446999999999999842e-01
9.464000000000000190e-01 9.452000000000000401e-01
9.463000000000000300e-01 9.452000000000000401e-01
9.463000000000000300e-01 9.462000000000000410e-01
9.463000000000000300e-01 9.455000000000000071e-01
9.463000000000000300e-01 9.456999999999999851e-01
9.463000000000000300e-01 9.455000000000000071e-01
9.463000000000000300e-01 9.463000000000000300e-01
9.463000000000000300e-01 9.455999999999999961e-01
9.463000000000000300e-01 9.459999999999999520e-01
9.462000000000000410e-01 9.457999999999999741e-01
9.463000000000000300e-01 9.456999999999999851e-01
9.464000000000000190e-01 9.458999999999999631e-01
9.463000000000000300e-01 9.462000000000000410e-01
9.464000000000000190e-01 9.455999999999999961e-01
9.464000000000000190e-01 9.461000000000000520e-01
9.465000000000000080e-01 9.455999999999999961e-01
9.465000000000000080e-01 9.451000000000000512e-01
9.466999999999999860e-01 9.455999999999999961e-01
9.467999999999999750e-01 9.454000000000000181e-01
9.466999999999999860e-01 9.455999999999999961e-01
9.465000000000000080e-01 9.454000000000000181e-01
9.465000000000000080e-01 9.454000000000000181e-01
9.462000000000000410e-01 9.455999999999999961e-01
9.462000000000000410e-01 9.453000000000000291e-01
9.463000000000000300e-01 9.451000000000000512e-01
9.463000000000000300e-01 9.453000000000000291e-01
9.463000000000000300e-01 9.449999999999999512e-01
9.464000000000000190e-01 9.456999999999999851e-01
9.462000000000000410e-01 9.457999999999999741e-01
9.462000000000000410e-01 9.448999999999999622e-01
9.463000000000000300e-01 9.449999999999999512e-01
9.462000000000000410e-01 9.445999999999999952e-01
9.462000000000000410e-01 9.445999999999999952e-01
9.462000000000000410e-01 9.443000000000000282e-01
9.462000000000000410e-01 9.441000000000000503e-01
9.461000000000000520e-01 9.444000000000000172e-01
9.463000000000000300e-01 9.443000000000000282e-01
9.461000000000000520e-01 9.444000000000000172e-01
9.462000000000000410e-01 9.449999999999999512e-01
9.462000000000000410e-01 9.452000000000000401e-01
9.462000000000000410e-01 9.452000000000000401e-01
9.462000000000000410e-01 9.454000000000000181e-01
9.462000000000000410e-01 9.454000000000000181e-01
9.464000000000000190e-01 9.458999999999999631e-01
9.464000000000000190e-01 9.459999999999999520e-01
9.463000000000000300e-01 9.456999999999999851e-01
9.465000000000000080e-01 9.462000000000000410e-01
9.464000000000000190e-01 9.455999999999999961e-01
9.464000000000000190e-01 9.454000000000000181e-01
9.464000000000000190e-01 9.457999999999999741e-01
9.465999999999999970e-01 9.449999999999999512e-01
9.465999999999999970e-01 9.456999999999999851e-01
9.466999999999999860e-01 9.452000000000000401e-01
9.466999999999999860e-01 9.455999999999999961e-01
9.466999999999999860e-01 9.461000000000000520e-01
9.466999999999999860e-01 9.455999999999999961e-01
9.466999999999999860e-01 9.459999999999999520e-01
9.466999999999999860e-01 9.456999999999999851e-01
9.465999999999999970e-01 9.456999999999999851e-01
9.465999999999999970e-01 9.462000000000000410e-01
9.465000000000000080e-01 9.457999999999999741e-01
9.464000000000000190e-01 9.463000000000000300e-01
9.464000000000000190e-01 9.455999999999999961e-01
9.464000000000000190e-01 9.454000000000000181e-01
9.465000000000000080e-01 9.455000000000000071e-01
9.464000000000000190e-01 9.456999999999999851e-01
9.463000000000000300e-01 9.462000000000000410e-01
9.464000000000000190e-01 9.458999999999999631e-01
9.463000000000000300e-01 9.453000000000000291e-01
9.464000000000000190e-01 9.449999999999999512e-01
9.465000000000000080e-01 9.448999999999999622e-01
9.465000000000000080e-01 9.455000000000000071e-01
9.464000000000000190e-01 9.455999999999999961e-01
9.464000000000000190e-01 9.456999999999999851e-01
9.465000000000000080e-01 9.455999999999999961e-01
9.465999999999999970e-01 9.455999999999999961e-01
9.465999999999999970e-01 9.455000000000000071e-01
9.465999999999999970e-01 9.449999999999999512e-01
9.466999999999999860e-01 9.449999999999999512e-01
9.466999999999999860e-01 9.446999999999999842e-01
9.466999999999999860e-01 9.448999999999999622e-01
9.466999999999999860e-01 9.452000000000000401e-01
9.466999999999999860e-01 9.452000000000000401e-01
9.467999999999999750e-01 9.452000000000000401e-01
9.466999999999999860e-01 9.448999999999999622e-01
9.466999999999999860e-01 9.447999999999999732e-01
9.465999999999999970e-01 9.454000000000000181e-01
9.465999999999999970e-01 9.454000000000000181e-01
9.465000000000000080e-01 9.452000000000000401e-01
9.462000000000000410e-01 9.454000000000000181e-01
9.462000000000000410e-01 9.455999999999999961e-01
9.463000000000000300e-01 9.455000000000000071e-01
9.463000000000000300e-01 9.457999999999999741e-01
9.463000000000000300e-01 9.456999999999999851e-01
9.463000000000000300e-01 9.452000000000000401e-01
9.463000000000000300e-01 9.454000000000000181e-01
9.464000000000000190e-01 9.454000000000000181e-01
9.463000000000000300e-01 9.457999999999999741e-01
9.464000000000000190e-01 9.456999999999999851e-01
9.464000000000000190e-01 9.455999999999999961e-01
9.463000000000000300e-01 9.458999999999999631e-01
9.462000000000000410e-01 9.457999999999999741e-01
9.463000000000000300e-01 9.458999999999999631e-01
9.463000000000000300e-01 9.462000000000000410e-01
9.462000000000000410e-01 9.462000000000000410e-01
9.463000000000000300e-01 9.465000000000000080e-01
9.465000000000000080e-01 9.463000000000000300e-01
9.465999999999999970e-01 9.465999999999999970e-01
9.467999999999999750e-01 9.465999999999999970e-01
9.467999999999999750e-01 9.469999999999999529e-01
9.467999999999999750e-01 9.463000000000000300e-01
9.467999999999999750e-01 9.464000000000000190e-01
9.467999999999999750e-01 9.463000000000000300e-01
9.467999999999999750e-01 9.466999999999999860e-01
9.466999999999999860e-01 9.461000000000000520e-01
9.465000000000000080e-01 9.468999999999999639e-01
9.465999999999999970e-01 9.465999999999999970e-01
9.465000000000000080e-01 9.471000000000000529e-01
9.464000000000000190e-01 9.465999999999999970e-01
9.465000000000000080e-01 9.459999999999999520e-01
9.465000000000000080e-01 9.456999999999999851e-01
9.465000000000000080e-01 9.465000000000000080e-01
9.464000000000000190e-01 9.455000000000000071e-01
9.465000000000000080e-01 9.455999999999999961e-01
9.465000000000000080e-01 9.457999999999999741e-01
9.465000000000000080e-01 9.458999999999999631e-01
9.465999999999999970e-01 9.463000000000000300e-01
9.466999999999999860e-01 9.466999999999999860e-01
9.465999999999999970e-01 9.459999999999999520e-01
9.466999999999999860e-01 9.461000000000000520e-01
9.467999999999999750e-01 9.458999999999999631e-01
9.467999999999999750e-01 9.461000000000000520e-01
9.467999999999999750e-01 9.463000000000000300e-01
9.467999999999999750e-01 9.465999999999999970e-01
9.468999999999999639e-01 9.463000000000000300e-01
9.467999999999999750e-01 9.466999999999999860e-01
9.468999999999999639e-01 9.462000000000000410e-01
9.468999999999999639e-01 9.465000000000000080e-01
9.468999999999999639e-01 9.461000000000000520e-01
9.467999999999999750e-01 9.462000000000000410e-01
9.469999999999999529e-01 9.465000000000000080e-01
9.467999999999999750e-01 9.463000000000000300e-01
9.469999999999999529e-01 9.468999999999999639e-01
9.469999999999999529e-01 9.467999999999999750e-01
9.468999999999999639e-01 9.465000000000000080e-01
9.468999999999999639e-01 9.463000000000000300e-01
9.469999999999999529e-01 9.462000000000000410e-01
9.469999999999999529e-01 9.463000000000000300e-01
9.469999999999999529e-01 9.465999999999999970e-01
9.469999999999999529e-01 9.468999999999999639e-01
9.469999999999999529e-01 9.467999999999999750e-01
9.469999999999999529e-01 9.467999999999999750e-01
9.471000000000000529e-01 9.464000000000000190e-01
9.469999999999999529e-01 9.467999999999999750e-01
9.467999999999999750e-01 9.465999999999999970e-01
9.467999999999999750e-01 9.468999999999999639e-01
9.466999999999999860e-01 9.469999999999999529e-01
9.466999999999999860e-01 9.463000000000000300e-01
9.468999999999999639e-01 9.467999999999999750e-01
9.468999999999999639e-01 9.464000000000000190e-01
9.468999999999999639e-01 9.464000000000000190e-01
9.469999999999999529e-01 9.465000000000000080e-01
9.468999999999999639e-01 9.467999999999999750e-01
9.467999999999999750e-01 9.465000000000000080e-01
9.469999999999999529e-01 9.473000000000000309e-01
9.469999999999999529e-01 9.468999999999999639e-01
9.469999999999999529e-01 9.469999999999999529e-01
9.471000000000000529e-01 9.467999999999999750e-01
9.471000000000000529e-01 9.469999999999999529e-01
9.471000000000000529e-01 9.475000000000000089e-01
9.469999999999999529e-01 9.467999999999999750e-01
9.469999999999999529e-01 9.469999999999999529e-01
9.469999999999999529e-01 9.472000000000000419e-01
9.469999999999999529e-01 9.472000000000000419e-01
9.469999999999999529e-01 9.469999999999999529e-01
9.469999999999999529e-01 9.475000000000000089e-01
9.469999999999999529e-01 9.472000000000000419e-01
9.467999999999999750e-01 9.473000000000000309e-01
9.468999999999999639e-01 9.474000000000000199e-01
9.466999999999999860e-01 9.477999999999999758e-01
9.465000000000000080e-01 9.479999999999999538e-01
9.464000000000000190e-01 9.477999999999999758e-01
9.466999999999999860e-01 9.473000000000000309e-01
9.465999999999999970e-01 9.475000000000000089e-01
9.465999999999999970e-01 9.473000000000000309e-01
9.465999999999999970e-01 9.474000000000000199e-01
9.466999999999999860e-01 9.472000000000000419e-01
9.466999999999999860e-01 9.473000000000000309e-01
9.465999999999999970e-01 9.467999999999999750e-01
9.466999999999999860e-01 9.465999999999999970e-01
9.466999999999999860e-01 9.459999999999999520e-01
9.466999999999999860e-01 9.468999999999999639e-01
9.467999999999999750e-01 9.461000000000000520e-01
9.467999999999999750e-01 9.463000000000000300e-01
9.467999999999999750e-01 9.457999999999999741e-01
9.468999999999999639e-01 9.456999999999999851e-01
9.467999999999999750e-01 9.455999999999999961e-01
9.467999999999999750e-01 9.459999999999999520e-01
9.467999999999999750e-01 9.457999999999999741e-01
9.466999999999999860e-01 9.459999999999999520e-01
9.465999999999999970e-01 9.456999999999999851e-01
9.465999999999999970e-01 9.456999999999999851e-01
9.465999999999999970e-01 9.454000000000000181e-01
9.466999999999999860e-01 9.459999999999999520e-01
9.465999999999999970e-01 9.458999999999999631e-01
9.465000000000000080e-01 9.454000000000000181e-01
9.466999999999999860e-01 9.459999999999999520e-01
9.466999999999999860e-01 9.455000000000000071e-01
9.466999999999999860e-01 9.455999999999999961e-01
9.465999999999999970e-01 9.455000000000000071e-01
9.466999999999999860e-01 9.456999999999999851e-01
9.466999999999999860e-01 9.461000000000000520e-01
9.466999999999999860e-01 9.465999999999999970e-01
9.465999999999999970e-01 9.465999999999999970e-01
9.465999999999999970e-01 9.463000000000000300e-01
9.466999999999999860e-01 9.464000000000000190e-01
9.466999999999999860e-01 9.464000000000000190e-01
9.465999999999999970e-01 9.469999999999999529e-01
9.466999999999999860e-01 9.469999999999999529e-01
9.466999999999999860e-01 9.464000000000000190e-01
9.466999999999999860e-01 9.464000000000000190e-01
9.466999999999999860e-01 9.464000000000000190e-01
9.467999999999999750e-01 9.472000000000000419e-01
9.466999999999999860e-01 9.473000000000000309e-01
9.466999999999999860e-01 9.474000000000000199e-01
9.466999999999999860e-01 9.475000000000000089e-01
9.465999999999999970e-01 9.467999999999999750e-01
9.465999999999999970e-01 9.476999999999999869e-01
9.465999999999999970e-01 9.465999999999999970e-01
9.465999999999999970e-01 9.471000000000000529e-01
9.465999999999999970e-01 9.475000000000000089e-01
9.465000000000000080e-01 9.479999999999999538e-01
9.465999999999999970e-01 9.475999999999999979e-01
9.465999999999999970e-01 9.481000000000000538e-01
9.465999999999999970e-01 9.482000000000000428e-01
9.465999999999999970e-01 9.476999999999999869e-01
9.465999999999999970e-01 9.472000000000000419e-01
9.465999999999999970e-01 9.465999999999999970e-01
9.465999999999999970e-01 9.465999999999999970e-01
9.466999999999999860e-01 9.463000000000000300e-01
9.466999999999999860e-01 9.465000000000000080e-01
9.466999999999999860e-01 9.461000000000000520e-01
9.466999999999999860e-01 9.467999999999999750e-01
9.466999999999999860e-01 9.471000000000000529e-01
9.466999999999999860e-01 9.466999999999999860e-01
9.466999999999999860e-01 9.472000000000000419e-01
9.466999999999999860e-01 9.465999999999999970e-01
9.466999999999999860e-01 9.466999999999999860e-01
9.466999999999999860e-01 9.461000000000000520e-01
9.466999999999999860e-01 9.469999999999999529e-01
9.465999999999999970e-01 9.465999999999999970e-01
9.465000000000000080e-01 9.474000000000000199e-01
9.465000000000000080e-01 9.471000000000000529e-01
9.465000000000000080e-01 9.471000000000000529e-01
9.465000000000000080e-01 9.469999999999999529e-01
9.465999999999999970e-01 9.475000000000000089e-01
9.465999999999999970e-01 9.478999999999999648e-01
9.466999999999999860e-01 9.477999999999999758e-01
9.466999999999999860e-01 9.479999999999999538e-01
9.466999999999999860e-01 9.475000000000000089e-01
9.466999999999999860e-01 9.473000000000000309e-01
9.466999999999999860e-01 9.481000000000000538e-01
9.466999999999999860e-01 9.473000000000000309e-01
9.466999999999999860e-01 9.475999999999999979e-01
9.466999999999999860e-01 9.478999999999999648e-01
9.467999999999999750e-01 9.484000000000000208e-01
9.466999999999999860e-01 9.476999999999999869e-01
9.466999999999999860e-01 9.479999999999999538e-01
9.466999999999999860e-01 9.476999999999999869e-01
9.466999999999999860e-01 9.477999999999999758e-01
9.467999999999999750e-01 9.472000000000000419e-01
9.467999999999999750e-01 9.473000000000000309e-01
9.468999999999999639e-01 9.475000000000000089e-01
9.466999999999999860e-01 9.477999999999999758e-01
9.466999999999999860e-01 9.477999999999999758e-01
9.465999999999999970e-01 9.475999999999999979e-01
9.465999999999999970e-01 9.477999999999999758e-01
9.465999999999999970e-01 9.475000000000000089e-01
9.465999999999999970e-01 9.475000000000000089e-01
9.465000000000000080e-01 9.474000000000000199e-01
9.465000000000000080e-01 9.471000000000000529e-01
9.465000000000000080e-01 9.472000000000000419e-01
9.465000000000000080e-01 9.471000000000000529e-01
9.465000000000000080e-01 9.473000000000000309e-01
9.465999999999999970e-01 9.476999999999999869e-01
9.465999999999999970e-01 9.473000000000000309e-01
9.466999999999999860e-01 9.469999999999999529e-01
9.466999999999999860e-01 9.465000000000000080e-01
9.465999999999999970e-01 9.474000000000000199e-01
9.466999999999999860e-01 9.469999999999999529e-01
9.467999999999999750e-01 9.465000000000000080e-01
9.466999999999999860e-01 9.467999999999999750e-01
9.466999999999999860e-01 9.472000000000000419e-01
9.465999999999999970e-01 9.468999999999999639e-01
9.466999999999999860e-01 9.467999999999999750e-01
9.466999999999999860e-01 9.467999999999999750e-01
9.466999999999999860e-01 9.463000000000000300e-01
9.466999999999999860e-01 9.469999999999999529e-01
9.466999999999999860e-01 9.465000000000000080e-01
9.466999999999999860e-01 9.466999999999999860e-01
9.467999999999999750e-01 9.455999999999999961e-01
9.467999999999999750e-01 9.466999999999999860e-01
9.467999999999999750e-01 9.462000000000000410e-01
9.467999999999999750e-01 9.463000000000000300e-01
9.468999999999999639e-01 9.459999999999999520e-01
9.467999999999999750e-01 9.462000000000000410e-01
9.466999999999999860e-01 9.455999999999999961e-01
9.466999999999999860e-01 9.461000000000000520e-01
9.466999999999999860e-01 9.453000000000000291e-01
9.467999999999999750e-01 9.453000000000000291e-01
9.467999999999999750e-01 9.454000000000000181e-01
9.467999999999999750e-01 9.453000000000000291e-01
9.467999999999999750e-01 9.451000000000000512e-01
9.467999999999999750e-01 9.449999999999999512e-01
9.466999999999999860e-01 9.448999999999999622e-01
9.466999999999999860e-01 9.455999999999999961e-01
9.466999999999999860e-01 9.457999999999999741e-01
9.466999999999999860e-01 9.455000000000000071e-01
9.466999999999999860e-01 9.455000000000000071e-01
9.466999999999999860e-01 9.455999999999999961e-01
9.465999999999999970e-01 9.456999999999999851e-01
9.465000000000000080e-01 9.463000000000000300e-01
9.465999999999999970e-01 9.461000000000000520e-01
9.465999999999999970e-01 9.465000000000000080e-01
9.465000000000000080e-01 9.461000000000000520e-01
9.465000000000000080e-01 9.459999999999999520e-01
9.465000000000000080e-01 9.459999999999999520e-01
9.464000000000000190e-01 9.461000000000000520e-01
9.464000000000000190e-01 9.455999999999999961e-01
9.464000000000000190e-01 9.458999999999999631e-01
9.464000000000000190e-01 9.456999999999999851e-01
9.465000000000000080e-01 9.457999999999999741e-01
9.465000000000000080e-01 9.454000000000000181e-01
9.464000000000000190e-01 9.455000000000000071e-01
9.464000000000000190e-01 9.457999999999999741e-01
9.464000000000000190e-01 9.448999999999999622e-01
9.464000000000000190e-01 9.455000000000000071e-01
9.464000000000000190e-01 9.452000000000000401e-01
9.464000000000000190e-01 9.454000000000000181e-01
9.465000000000000080e-01 9.454000000000000181e-01
9.465000000000000080e-01 9.454000000000000181e-01
9.465000000000000080e-01 9.449999999999999512e-01
9.465000000000000080e-01 9.455999999999999961e-01
9.465000000000000080e-01 9.456999999999999851e-01
9.465999999999999970e-01 9.454000000000000181e-01
9.465000000000000080e-01 9.451000000000000512e-01
9.465000000000000080e-01 9.453000000000000291e-01
9.465000000000000080e-01 9.449999999999999512e-01
9.464000000000000190e-01 9.453000000000000291e-01
9.465000000000000080e-01 9.446999999999999842e-01
9.465000000000000080e-01 9.453000000000000291e-01
9.465000000000000080e-01 9.454000000000000181e-01
9.464000000000000190e-01 9.455999999999999961e-01
9.463000000000000300e-01 9.457999999999999741e-01
9.463000000000000300e-01 9.459999999999999520e-01
9.463000000000000300e-01 9.455000000000000071e-01
9.462000000000000410e-01 9.457999999999999741e-01
9.462000000000000410e-01 9.452000000000000401e-01
9.463000000000000300e-01 9.458999999999999631e-01
9.463000000000000300e-01 9.461000000000000520e-01
9.463000000000000300e-01 9.468999999999999639e-01
9.463000000000000300e-01 9.462000000000000410e-01
9.462000000000000410e-01 9.465000000000000080e-01
9.462000000000000410e-01 9.463000000000000300e-01
9.462000000000000410e-01 9.468999999999999639e-01
9.462000000000000410e-01 9.465999999999999970e-01
9.462000000000000410e-01 9.465000000000000080e-01
9.462000000000000410e-01 9.457999999999999741e-01
9.462000000000000410e-01 9.465000000000000080e-01
9.462000000000000410e-01 9.464000000000000190e-01
9.462000000000000410e-01 9.464000000000000190e-01
9.462000000000000410e-01 9.464000000000000190e-01
9.462000000000000410e-01 9.463000000000000300e-01
9.462000000000000410e-01 9.458999999999999631e-01
9.462000000000000410e-01 9.463000000000000300e-01
9.461000000000000520e-01 9.454000000000000181e-01
9.461000000000000520e-01 9.455999999999999961e-01
9.461000000000000520e-01 9.451000000000000512e-01
9.459999999999999520e-01 9.457999999999999741e-01
9.459999999999999520e-01 9.454000000000000181e-01
9.461000000000000520e-01 9.457999999999999741e-01
9.461000000000000520e-01 9.456999999999999851e-01
9.461000000000000520e-01 9.461000000000000520e-01
9.459999999999999520e-01 9.463000000000000300e-01
9.461000000000000520e-01 9.462000000000000410e-01
9.461000000000000520e-01 9.457999999999999741e-01
9.459999999999999520e-01 9.459999999999999520e-01
9.459999999999999520e-01 9.462000000000000410e-01
9.459999999999999520e-01 9.455999999999999961e-01
9.459999999999999520e-01 9.453000000000000291e-01
9.459999999999999520e-01 9.455999999999999961e-01
9.459999999999999520e-01 9.454000000000000181e-01
9.461000000000000520e-01 9.454000000000000181e-01
9.461000000000000520e-01 9.447999999999999732e-01
9.461000000000000520e-01 9.456999999999999851e-01
9.462000000000000410e-01 9.458999999999999631e-01
9.462000000000000410e-01 9.454000000000000181e-01
9.461000000000000520e-01 9.455000000000000071e-01
9.461000000000000520e-01 9.455000000000000071e-01
9.461000000000000520e-01 9.453000000000000291e-01
9.461000000000000520e-01 9.455000000000000071e-01
9.462000000000000410e-01 9.447999999999999732e-01
9.462000000000000410e-01 9.452000000000000401e-01
9.461000000000000520e-01 9.451000000000000512e-01
9.462000000000000410e-01 9.451000000000000512e-01
9.463000000000000300e-01 9.446999999999999842e-01
9.463000000000000300e-01 9.454000000000000181e-01
9.464000000000000190e-01 9.455999999999999961e-01
9.464000000000000190e-01 9.456999999999999851e-01
9.463000000000000300e-01 9.459999999999999520e-01
9.463000000000000300e-01 9.456999999999999851e-01
9.464000000000000190e-01 9.455999999999999961e-01
9.464000000000000190e-01 9.456999999999999851e-01
9.463000000000000300e-01 9.458999999999999631e-01
9.465000000000000080e-01 9.455999999999999961e-01
9.464000000000000190e-01 9.456999999999999851e-01
9.463000000000000300e-01 9.455000000000000071e-01
9.463000000000000300e-01 9.459999999999999520e-01
9.463000000000000300e-01 9.452000000000000401e-01
9.463000000000000300e-01 9.458999999999999631e-01
9.464000000000000190e-01 9.455000000000000071e-01
9.463000000000000300e-01 9.458999999999999631e-01
9.465000000000000080e-01 9.456999999999999851e-01
9.464000000000000190e-01 9.458999999999999631e-01
9.464000000000000190e-01 9.455000000000000071e-01
9.465000000000000080e-01 9.462000000000000410e-01
9.465000000000000080e-01 9.455999999999999961e-01
9.465000000000000080e-01 9.458999999999999631e-01
9.465999999999999970e-01 9.461000000000000520e-01
9.466999999999999860e-01 9.463000000000000300e-01
9.466999999999999860e-01 9.465000000000000080e-01
9.466999999999999860e-01 9.465000000000000080e-01
9.467999999999999750e-01 9.468999999999999639e-01
9.466999999999999860e-01 9.459999999999999520e-01
9.466999999999999860e-01 9.458999999999999631e-01
9.466999999999999860e-01 9.458999999999999631e-01
9.466999999999999860e-01 9.456999999999999851e-01
9.466999999999999860e-01 9.455999999999999961e-01
9.466999999999999860e-01 9.454000000000000181e-01
9.466999999999999860e-01 9.459999999999999520e-01
9.465999999999999970e-01 9.462000000000000410e-01
9.465999999999999970e-01 9.454000000000000181e-01
9.465000000000000080e-01 9.452000000000000401e-01
9.465999999999999970e-01 9.456999999999999851e-01
9.467999999999999750e-01 9.454000000000000181e-01
9.468999999999999639e-01 9.455000000000000071e-01
9.468999999999999639e-01 9.455000000000000071e-01
9.467999999999999750e-01 9.453000000000000291e-01
9.467999999999999750e-01 9.455999999999999961e-01
9.468999999999999639e-01 9.453000000000000291e-01
9.468999999999999639e-01 9.455000000000000071e-01
9.467999999999999750e-01 9.451000000000000512e-01
9.466999999999999860e-01 9.449999999999999512e-01
9.466999999999999860e-01 9.451000000000000512e-01
9.467999999999999750e-01 9.446999999999999842e-01
9.467999999999999750e-01 9.448999999999999622e-01
9.467999999999999750e-01 9.445999999999999952e-01
9.468999999999999639e-01 9.451000000000000512e-01
9.468999999999999639e-01 9.449999999999999512e-01
9.467999999999999750e-01 9.451000000000000512e-01
9.467999999999999750e-01 9.451000000000000512e-01
9.466999999999999860e-01 9.449999999999999512e-01
9.466999999999999860e-01 9.449999999999999512e-01
9.467999999999999750e-01 9.446999999999999842e-01
9.466999999999999860e-01 9.446999999999999842e-01
9.468999999999999639e-01 9.453000000000000291e-01
9.468999999999999639e-01 9.448999999999999622e-01
9.469999999999999529e-01 9.452000000000000401e-01
9.469999999999999529e-01 9.449999999999999512e-01
9.468999999999999639e-01 9.449999999999999512e-01
9.467999999999999750e-01 9.447999999999999732e-01
9.471000000000000529e-01 9.447999999999999732e-01
9.471000000000000529e-01 9.446999999999999842e-01
9.471000000000000529e-01 9.451000000000000512e-01
9.471000000000000529e-01 9.444000000000000172e-01
9.471000000000000529e-01 9.446999999999999842e-01
9.469999999999999529e-01 9.451000000000000512e-01
9.471000000000000529e-01 9.451000000000000512e-01
9.471000000000000529e-01 9.455999999999999961e-01
9.471000000000000529e-01 9.449999999999999512e-01
9.469999999999999529e-01 9.454000000000000181e-01
9.469999999999999529e-01 9.449999999999999512e-01
9.469999999999999529e-01 9.453000000000000291e-01
9.468999999999999639e-01 9.446999999999999842e-01
9.468999999999999639e-01 9.457999999999999741e-01
9.468999999999999639e-01 9.453000000000000291e-01
9.468999999999999639e-01 9.458999999999999631e-01
9.467999999999999750e-01 9.449999999999999512e-01
9.467999999999999750e-01 9.453000000000000291e-01
9.467999999999999750e-01 9.451000000000000512e-01
9.471000000000000529e-01 9.455000000000000071e-01
9.471000000000000529e-01 9.451000000000000512e-01
9.471000000000000529e-01 9.454000000000000181e-01
9.471000000000000529e-01 9.451000000000000512e-01
9.472000000000000419e-01 9.452000000000000401e-01
9.472000000000000419e-01 9.443000000000000282e-01
9.472000000000000419e-01 9.451000000000000512e-01
9.471000000000000529e-01 9.439999999999999503e-01
9.472000000000000419e-01 9.452000000000000401e-01
9.471000000000000529e-01 9.449999999999999512e-01
9.471000000000000529e-01 9.455999999999999961e-01
9.471000000000000529e-01 9.455999999999999961e-01
9.473000000000000309e-01 9.455999999999999961e-01
9.472000000000000419e-01 9.457999999999999741e-01
9.472000000000000419e-01 9.462000000000000410e-01
9.473000000000000309e-01 9.459999999999999520e-01
9.472000000000000419e-01 9.463000000000000300e-01
9.471000000000000529e-01 9.458999999999999631e-01
9.472000000000000419e-01 9.459999999999999520e-01
9.471000000000000529e-01 9.456999999999999851e-01
9.471000000000000529e-01 9.459999999999999520e-01
9.471000000000000529e-01 9.457999999999999741e-01
9.473000000000000309e-01 9.459999999999999520e-01
9.472000000000000419e-01 9.467999999999999750e-01
9.472000000000000419e-01 9.463000000000000300e-01
9.471000000000000529e-01 9.465999999999999970e-01
9.472000000000000419e-01 9.465999999999999970e-01
9.471000000000000529e-01 9.465999999999999970e-01
9.472000000000000419e-01 9.471000000000000529e-01
9.472000000000000419e-01 9.468999999999999639e-01
9.473000000000000309e-01 9.468999999999999639e-01
9.473000000000000309e-01 9.465000000000000080e-01
9.473000000000000309e-01 9.472000000000000419e-01
9.472000000000000419e-01 9.466999999999999860e-01
9.472000000000000419e-01 9.468999999999999639e-01
9.471000000000000529e-01 9.465999999999999970e-01
9.472000000000000419e-01 9.468999999999999639e-01
9.472000000000000419e-01 9.467999999999999750e-01
9.472000000000000419e-01 9.468999999999999639e-01
9.473000000000000309e-01 9.464000000000000190e-01
9.473000000000000309e-01 9.464000000000000190e-01
9.472000000000000419e-01 9.465999999999999970e-01
9.473000000000000309e-01 9.463000000000000300e-01
9.474000000000000199e-01 9.461000000000000520e-01
9.474000000000000199e-01 9.461000000000000520e-01
9.474000000000000199e-01 9.456999999999999851e-01
9.473000000000000309e-01 9.459999999999999520e-01
9.473000000000000309e-01 9.461000000000000520e-01
9.475000000000000089e-01 9.468999999999999639e-01
9.474000000000000199e-01 9.468999999999999639e-01
9.473000000000000309e-01 9.472000000000000419e-01
9.473000000000000309e-01 9.465999999999999970e-01
9.473000000000000309e-01 9.465000000000000080e-01
9.474000000000000199e-01 9.469999999999999529e-01
9.474000000000000199e-01 9.467999999999999750e-01
9.474000000000000199e-01 9.462000000000000410e-01
9.474000000000000199e-01 9.466999999999999860e-01
9.474000000000000199e-01 9.465999999999999970e-01
9.473000000000000309e-01 9.463000000000000300e-01
9.474000000000000199e-01 9.462000000000000410e-01
9.474000000000000199e-01 9.468999999999999639e-01
9.474000000000000199e-01 9.467999999999999750e-01
9.473000000000000309e-01 9.466999999999999860e-01
9.473000000000000309e-01 9.465999999999999970e-01
9.473000000000000309e-01 9.465000000000000080e-01
9.474000000000000199e-01 9.464000000000000190e-01
9.473000000000000309e-01 9.467999999999999750e-01
9.475999999999999979e-01 9.468999999999999639e-01
9.475000000000000089e-01 9.473000000000000309e-01
9.475000000000000089e-01 9.469999999999999529e-01
9.475000000000000089e-01 9.472000000000000419e-01
9.475999999999999979e-01 9.471000000000000529e-01
9.475000000000000089e-01 9.474000000000000199e-01
9.472000000000000419e-01 9.465000000000000080e-01
9.473000000000000309e-01 9.465999999999999970e-01
9.472000000000000419e-01 9.464000000000000190e-01
9.471000000000000529e-01 9.464000000000000190e-01
9.469999999999999529e-01 9.465000000000000080e-01
9.472000000000000419e-01 9.467999999999999750e-01
9.471000000000000529e-01 9.464000000000000190e-01
9.471000000000000529e-01 9.464000000000000190e-01
9.472000000000000419e-01 9.464000000000000190e-01
9.472000000000000419e-01 9.466999999999999860e-01
9.472000000000000419e-01 9.469999999999999529e-01
9.472000000000000419e-01 9.471000000000000529e-01
9.472000000000000419e-01 9.472000000000000419e-01
9.472000000000000419e-01 9.468999999999999639e-01
9.472000000000000419e-01 9.462000000000000410e-01
9.472000000000000419e-01 9.465999999999999970e-01
9.473000000000000309e-01 9.464000000000000190e-01
9.472000000000000419e-01 9.462000000000000410e-01
9.469999999999999529e-01 9.455999999999999961e-01
9.471000000000000529e-01 9.467999999999999750e-01
9.471000000000000529e-01 9.465999999999999970e-01
9.471000000000000529e-01 9.466999999999999860e-01
9.472000000000000419e-01 9.466999999999999860e-01
9.473000000000000309e-01 9.471000000000000529e-01
9.472000000000000419e-01 9.465000000000000080e-01
9.469999999999999529e-01 9.472000000000000419e-01
9.471000000000000529e-01 9.473000000000000309e-01
9.471000000000000529e-01 9.472000000000000419e-01
9.471000000000000529e-01 9.469999999999999529e-01
9.471000000000000529e-01 9.463000000000000300e-01
9.471000000000000529e-01 9.472000000000000419e-01
9.471000000000000529e-01 9.467999999999999750e-01
9.471000000000000529e-01 9.469999999999999529e-01
9.471000000000000529e-01 9.468999999999999639e-01
9.469999999999999529e-01 9.467999999999999750e-01
9.469999999999999529e-01 9.466999999999999860e-01
9.469999999999999529e-01 9.471000000000000529e-01
9.469999999999999529e-01 9.465000000000000080e-01
9.469999999999999529e-01 9.463000000000000300e-01
9.469999999999999529e-01 9.465000000000000080e-01
9.469999999999999529e-01 9.463000000000000300e-01
9.471000000000000529e-01 9.465999999999999970e-01
9.472000000000000419e-01 9.462000000000000410e-01
9.473000000000000309e-01 9.465000000000000080e-01
9.472000000000000419e-01 9.467999999999999750e-01
9.473000000000000309e-01 9.459999999999999520e-01
9.473000000000000309e-01 9.461000000000000520e-01
9.471000000000000529e-01 9.466999999999999860e-01
9.471000000000000529e-01 9.467999999999999750e-01
9.471000000000000529e-01 9.464000000000000190e-01
9.469999999999999529e-01 9.471000000000000529e-01
9.471000000000000529e-01 9.466999999999999860e-01
9.471000000000000529e-01 9.466999999999999860e-01
9.471000000000000529e-01 9.466999999999999860e-01
9.471000000000000529e-01 9.467999999999999750e-01
9.471000000000000529e-01 9.469999999999999529e-01
9.471000000000000529e-01 9.461000000000000520e-01
9.472000000000000419e-01 9.465999999999999970e-01
9.473000000000000309e-01 9.459999999999999520e-01
9.473000000000000309e-01 9.468999999999999639e-01
9.474000000000000199e-01 9.464000000000000190e-01
9.472000000000000419e-01 9.465000000000000080e-01
9.472000000000000419e-01 9.457999999999999741e-01
9.474000000000000199e-01 9.464000000000000190e-01
9.474000000000000199e-01 9.466999999999999860e-01
9.473000000000000309e-01 9.467999999999999750e-01
9.472000000000000419e-01 9.465999999999999970e-01
9.472000000000000419e-01 9.465000000000000080e-01
9.473000000000000309e-01 9.465999999999999970e-01
9.474000000000000199e-01 9.465000000000000080e-01
9.474000000000000199e-01 9.466999999999999860e-01
9.474000000000000199e-01 9.465999999999999970e-01
9.475000000000000089e-01 9.468999999999999639e-01
9.475000000000000089e-01 9.465999999999999970e-01
9.475000000000000089e-01 9.463000000000000300e-01
9.474000000000000199e-01 9.464000000000000190e-01
9.474000000000000199e-01 9.465000000000000080e-01
9.474000000000000199e-01 9.465000000000000080e-01
9.474000000000000199e-01 9.462000000000000410e-01
9.473000000000000309e-01 9.463000000000000300e-01
9.474000000000000199e-01 9.459999999999999520e-01
9.475000000000000089e-01 9.459999999999999520e-01
9.475999999999999979e-01 9.458999999999999631e-01
9.475999999999999979e-01 9.459999999999999520e-01
9.476999999999999869e-01 9.455000000000000071e-01
9.475999999999999979e-01 9.455999999999999961e-01
9.475000000000000089e-01 9.455000000000000071e-01
9.475999999999999979e-01 9.455000000000000071e-01
9.475999999999999979e-01 9.461000000000000520e-01
9.475000000000000089e-01 9.464000000000000190e-01
9.475000000000000089e-01 9.458999999999999631e-01
9.475000000000000089e-01 9.455000000000000071e-01
9.475999999999999979e-01 9.463000000000000300e-01
9.475999999999999979e-01 9.459999999999999520e-01
9.475999999999999979e-01 9.458999999999999631e-01
9.475000000000000089e-01 9.455999999999999961e-01
9.475999999999999979e-01 9.457999999999999741e-01
9.475999999999999979e-01 9.461000000000000520e-01
9.475999999999999979e-01 9.461000000000000520e-01
9.475999999999999979e-01 9.459999999999999520e-01
9.475999999999999979e-01 9.457999999999999741e-01
9.475000000000000089e-01 9.458999999999999631e-01
9.475000000000000089e-01 9.462000000000000410e-01
9.475000000000000089e-01 9.463000000000000300e-01
9.474000000000000199e-01 9.463000000000000300e-01
9.474000000000000199e-01 9.473000000000000309e-01
9.474000000000000199e-01 9.471000000000000529e-01
9.475000000000000089e-01 9.468999999999999639e-01
9.474000000000000199e-01 9.468999999999999639e-01
9.475000000000000089e-01 9.466999999999999860e-01
9.475000000000000089e-01 9.471000000000000529e-01
9.475000000000000089e-01 9.473000000000000309e-01
9.475000000000000089e-01 9.477999999999999758e-01
9.475000000000000089e-01 9.469999999999999529e-01
9.475000000000000089e-01 9.466999999999999860e-01
9.474000000000000199e-01 9.473000000000000309e-01
9.475000000000000089e-01 9.478999999999999648e-01
9.473000000000000309e-01 9.466999999999999860e-01
9.472000000000000419e-01 9.469999999999999529e-01
9.473000000000000309e-01 9.467999999999999750e-01
9.473000000000000309e-01 9.473000000000000309e-01
9.472000000000000419e-01 9.465000000000000080e-01
9.473000000000000309e-01 9.475000000000000089e-01
9.472000000000000419e-01 9.465000000000000080e-01
9.472000000000000419e-01 9.474000000000000199e-01
9.471000000000000529e-01 9.472000000000000419e-01
9.471000000000000529e-01 9.476999999999999869e-01
9.473000000000000309e-01 9.472000000000000419e-01
9.473000000000000309e-01 9.475000000000000089e-01
9.472000000000000419e-01 9.483000000000000318e-01
9.473000000000000309e-01 9.475000000000000089e-01
9.474000000000000199e-01 9.478999999999999648e-01
9.474000000000000199e-01 9.477999999999999758e-01
9.472000000000000419e-01 9.478999999999999648e-01
9.472000000000000419e-01 9.482000000000000428e-01
9.472000000000000419e-01 9.484000000000000208e-01
9.472000000000000419e-01 9.486999999999999877e-01
9.471000000000000529e-01 9.475999999999999979e-01
9.469999999999999529e-01 9.482000000000000428e-01
9.467999999999999750e-01 9.479999999999999538e-01
9.468999999999999639e-01 9.482000000000000428e-01
9.471000000000000529e-01 9.485000000000000098e-01
9.467999999999999750e-01 9.482000000000000428e-01
9.468999999999999639e-01 9.475000000000000089e-01
9.467999999999999750e-01 9.471000000000000529e-01
9.467999999999999750e-01 9.474000000000000199e-01
9.466999999999999860e-01 9.475999999999999979e-01
9.465000000000000080e-01 9.475999999999999979e-01
9.465999999999999970e-01 9.476999999999999869e-01
9.465999999999999970e-01 9.479999999999999538e-01
9.465999999999999970e-01 9.482000000000000428e-01
9.466999999999999860e-01 9.483000000000000318e-01
9.465999999999999970e-01 9.477999999999999758e-01
9.464000000000000190e-01 9.476999999999999869e-01
9.465000000000000080e-01 9.481000000000000538e-01
9.465999999999999970e-01 9.478999999999999648e-01
9.465999999999999970e-01 9.481000000000000538e-01
9.465999999999999970e-01 9.478999999999999648e-01
9.468999999999999639e-01 9.484000000000000208e-01
9.468999999999999639e-01 9.475999999999999979e-01
9.467999999999999750e-01 9.484000000000000208e-01
9.467999999999999750e-01 9.476999999999999869e-01
9.467999999999999750e-01 9.481000000000000538e-01
9.467999999999999750e-01 9.477999999999999758e-01
9.467999999999999750e-01 9.483000000000000318e-01
9.466999999999999860e-01 9.466999999999999860e-01
9.466999999999999860e-01 9.475000000000000089e-01
9.466999999999999860e-01 9.469999999999999529e-01
9.466999999999999860e-01 9.475999999999999979e-01
9.466999999999999860e-01 9.477999999999999758e-01
9.467999999999999750e-01 9.479999999999999538e-01
9.468999999999999639e-01 9.475000000000000089e-01
9.468999999999999639e-01 9.478999999999999648e-01
9.468999999999999639e-01 9.471000000000000529e-01
9.468999999999999639e-01 9.475999999999999979e-01
9.467999999999999750e-01 9.475999999999999979e-01
9.468999999999999639e-01 9.484000000000000208e-01
9.467999999999999750e-01 9.476999999999999869e-01
9.466999999999999860e-01 9.479999999999999538e-01
9.466999999999999860e-01 9.479999999999999538e-01
9.466999999999999860e-01 9.485000000000000098e-01
9.466999999999999860e-01 9.483000000000000318e-01
9.466999999999999860e-01 9.485999999999999988e-01
9.466999999999999860e-01 9.479999999999999538e-01
9.466999999999999860e-01 9.485999999999999988e-01
9.466999999999999860e-01 9.481000000000000538e-01
9.466999999999999860e-01 9.491000000000000547e-01
9.467999999999999750e-01 9.486999999999999877e-01
9.466999999999999860e-01 9.488999999999999657e-01
9.467999999999999750e-01 9.483000000000000318e-01
9.467999999999999750e-01 9.485999999999999988e-01
9.466999999999999860e-01 9.484000000000000208e-01
9.467999999999999750e-01 9.484000000000000208e-01
9.467999999999999750e-01 9.479999999999999538e-01
9.467999999999999750e-01 9.482000000000000428e-01
9.467999999999999750e-01 9.479999999999999538e-01
9.467999999999999750e-01 9.485000000000000098e-01
9.467999999999999750e-01 9.483000000000000318e-01
9.465999999999999970e-01 9.484000000000000208e-01
9.465000000000000080e-01 9.485999999999999988e-01
9.465999999999999970e-01 9.487999999999999767e-01
9.465999999999999970e-01 9.484000000000000208e-01
9.465000000000000080e-01 9.489999999999999547e-01
9.466999999999999860e-01 9.482000000000000428e-01
9.465999999999999970e-01 9.486999999999999877e-01
9.465999999999999970e-01 9.492000000000000437e-01
9.465999999999999970e-01 9.489999999999999547e-01
9.468999999999999639e-01 9.485999999999999988e-01
9.466999999999999860e-01 9.485999999999999988e-01
9.465999999999999970e-01 9.488999999999999657e-01
9.466999999999999860e-01 9.491000000000000547e-01
9.466999999999999860e-01 9.487999999999999767e-01
9.466999999999999860e-01 9.487999999999999767e-01
9.465000000000000080e-01 9.485999999999999988e-01
9.465999999999999970e-01 9.489999999999999547e-01
9.465000000000000080e-01 9.489999999999999547e-01
9.463000000000000300e-01 9.491000000000000547e-01
9.464000000000000190e-01 9.487999999999999767e-01
9.463000000000000300e-01 9.487999999999999767e-01
9.465000000000000080e-01 9.484000000000000208e-01
9.465999999999999970e-01 9.487999999999999767e-01
9.466999999999999860e-01 9.485999999999999988e-01
9.465999999999999970e-01 9.489999999999999547e-01
9.467999999999999750e-01 9.489999999999999547e-01
9.467999999999999750e-01 9.489999999999999547e-01
9.466999999999999860e-01 9.483000000000000318e-01
9.465999999999999970e-01 9.486999999999999877e-01
9.466999999999999860e-01 9.486999999999999877e-01
9.466999999999999860e-01 9.483000000000000318e-01
9.466999999999999860e-01 9.486999999999999877e-01
9.466999999999999860e-01 9.494000000000000217e-01
9.465999999999999970e-01 9.486999999999999877e-01
9.465999999999999970e-01 9.492000000000000437e-01
9.465999999999999970e-01 9.488999999999999657e-01
9.467999999999999750e-01 9.487999999999999767e-01
9.465999999999999970e-01 9.492000000000000437e-01
9.466999999999999860e-01 9.489999999999999547e-01
9.465999999999999970e-01 9.488999999999999657e-01
9.466999999999999860e-01 9.487999999999999767e-01
9.466999999999999860e-01 9.487999999999999767e-01
9.467999999999999750e-01 9.487999999999999767e-01
9.467999999999999750e-01 9.488999999999999657e-01
9.468999999999999639e-01 9.494000000000000217e-01
9.468999999999999639e-01 9.489999999999999547e-01
9.466999999999999860e-01 9.485999999999999988e-01
9.467999999999999750e-01 9.498999999999999666e-01
9.466999999999999860e-01 9.495000000000000107e-01
9.466999999999999860e-01 9.498999999999999666e-01
9.466999999999999860e-01 9.497999999999999776e-01
9.467999999999999750e-01 9.498999999999999666e-01
9.467999999999999750e-01 9.496999999999999886e-01
9.467999999999999750e-01 9.495000000000000107e-01
9.468999999999999639e-01 9.495999999999999996e-01
9.468999999999999639e-01 9.494000000000000217e-01
9.467999999999999750e-01 9.492000000000000437e-01
9.467999999999999750e-01 9.487999999999999767e-01
9.468999999999999639e-01 9.487999999999999767e-01
9.468999999999999639e-01 9.489999999999999547e-01
9.469999999999999529e-01 9.488999999999999657e-01
9.469999999999999529e-01 9.488999999999999657e-01
9.469999999999999529e-01 9.485999999999999988e-01
9.471000000000000529e-01 9.487999999999999767e-01
9.472000000000000419e-01 9.487999999999999767e-01
9.472000000000000419e-01 9.488999999999999657e-01
9.472000000000000419e-01 9.483000000000000318e-01
9.471000000000000529e-01 9.487999999999999767e-01
9.471000000000000529e-01 9.485000000000000098e-01
9.472000000000000419e-01 9.489999999999999547e-01
9.472000000000000419e-01 9.484000000000000208e-01
9.472000000000000419e-01 9.485000000000000098e-01
9.471000000000000529e-01 9.485999999999999988e-01
9.471000000000000529e-01 9.485000000000000098e-01
9.472000000000000419e-01 9.481000000000000538e-01
9.472000000000000419e-01 9.485000000000000098e-01
9.471000000000000529e-01 9.485000000000000098e-01
9.473000000000000309e-01 9.488999999999999657e-01
9.471000000000000529e-01 9.485999999999999988e-01
9.469999999999999529e-01 9.484000000000000208e-01
9.469999999999999529e-01 9.479999999999999538e-01
9.471000000000000529e-01 9.485000000000000098e-01
9.471000000000000529e-01 9.482000000000000428e-01
9.468999999999999639e-01 9.485999999999999988e-01
9.471000000000000529e-01 9.483000000000000318e-01
9.471000000000000529e-01 9.485999999999999988e-01
9.468999999999999639e-01 9.481000000000000538e-01
9.471000000000000529e-01 9.491000000000000547e-01
9.469999999999999529e-01 9.487999999999999767e-01
9.471000000000000529e-01 9.485999999999999988e-01
9.468999999999999639e-01 9.484000000000000208e-01
9.471000000000000529e-01 9.487999999999999767e-01
9.471000000000000529e-01 9.485000000000000098e-01
9.469999999999999529e-01 9.491000000000000547e-01
9.469999999999999529e-01 9.484000000000000208e-01
9.469999999999999529e-01 9.489999999999999547e-01
9.471000000000000529e-01 9.481000000000000538e-01
9.474000000000000199e-01 9.485999999999999988e-01
9.473000000000000309e-01 9.478999999999999648e-01
9.471000000000000529e-01 9.481000000000000538e-01
9.472000000000000419e-01 9.478999999999999648e-01
9.472000000000000419e-01 9.483000000000000318e-01
9.471000000000000529e-01 9.485000000000000098e-01
9.472000000000000419e-01 9.486999999999999877e-01
9.468999999999999639e-01 9.485999999999999988e-01
9.468999999999999639e-01 9.485999999999999988e-01
9.467999999999999750e-01 9.486999999999999877e-01
9.467999999999999750e-01 9.482000000000000428e-01
9.466999999999999860e-01 9.486999999999999877e-01
9.466999999999999860e-01 9.485000000000000098e-01
9.465999999999999970e-01 9.477999999999999758e-01
9.465999999999999970e-01 9.483000000000000318e-01
9.465999999999999970e-01 9.483000000000000318e-01
9.466999999999999860e-01 9.479999999999999538e-01
9.469999999999999529e-01 9.478999999999999648e-01
9.468999999999999639e-01 9.476999999999999869e-01
9.469999999999999529e-01 9.482000000000000428e-01
9.469999999999999529e-01 9.483000000000000318e-01
9.467999999999999750e-01 9.481000000000000538e-01
9.467999999999999750e-01 9.479999999999999538e-01
9.467999999999999750e-01 9.481000000000000538e-01
9.467999999999999750e-01 9.482000000000000428e-01
9.466999999999999860e-01 9.475999999999999979e-01
9.467999999999999750e-01 9.478999999999999648e-01
9.466999999999999860e-01 9.475999999999999979e-01
9.467999999999999750e-01 9.484000000000000208e-01
9.467999999999999750e-01 9.483000000000000318e-01
9.467999999999999750e-01 9.486999999999999877e-01
9.467999999999999750e-01 9.481000000000000538e-01
9.467999999999999750e-01 9.481000000000000538e-01
9.467999999999999750e-01 9.483000000000000318e-01
9.468999999999999639e-01 9.479999999999999538e-01
9.467999999999999750e-01 9.485000000000000098e-01
9.466999999999999860e-01 9.482000000000000428e-01
9.466999999999999860e-01 9.485999999999999988e-01
9.465999999999999970e-01 9.485999999999999988e-01
9.467999999999999750e-01 9.482000000000000428e-01
9.465999999999999970e-01 9.485000000000000098e-01
9.465000000000000080e-01 9.484000000000000208e-01
9.465999999999999970e-01 9.477999999999999758e-01
9.464000000000000190e-01 9.486999999999999877e-01
9.465000000000000080e-01 9.485000000000000098e-01
9.465999999999999970e-01 9.485999999999999988e-01
9.467999999999999750e-01 9.482000000000000428e-01
9.469999999999999529e-01 9.481000000000000538e-01
9.471000000000000529e-01 9.479999999999999538e-01
9.471000000000000529e-01 9.479999999999999538e-01
9.469999999999999529e-01 9.478999999999999648e-01
9.468999999999999639e-01 9.475000000000000089e-01
9.467999999999999750e-01 9.475000000000000089e-01
9.468999999999999639e-01 9.475999999999999979e-01
9.471000000000000529e-01 9.476999999999999869e-01
9.472000000000000419e-01 9.469999999999999529e-01
9.471000000000000529e-01 9.469999999999999529e-01
9.471000000000000529e-01 9.468999999999999639e-01
9.471000000000000529e-01 9.471000000000000529e-01
9.472000000000000419e-01 9.473000000000000309e-01
9.472000000000000419e-01 9.468999999999999639e-01
9.471000000000000529e-01 9.468999999999999639e-01
9.469999999999999529e-01 9.467999999999999750e-01
9.471000000000000529e-01 9.465999999999999970e-01
9.471000000000000529e-01 9.468999999999999639e-01
9.471000000000000529e-01 9.475000000000000089e-01
9.471000000000000529e-01 9.469999999999999529e-01
9.471000000000000529e-01 9.467999999999999750e-01
9.473000000000000309e-01 9.465000000000000080e-01
9.472000000000000419e-01 9.474000000000000199e-01
9.472000000000000419e-01 9.474000000000000199e-01
9.473000000000000309e-01 9.475000000000000089e-01
9.473000000000000309e-01 9.476999999999999869e-01
9.473000000000000309e-01 9.475000000000000089e-01
9.473000000000000309e-01 9.475999999999999979e-01
9.473000000000000309e-01 9.475000000000000089e-01
9.473000000000000309e-01 9.477999999999999758e-01
9.473000000000000309e-01 9.471000000000000529e-01
9.474000000000000199e-01 9.478999999999999648e-01
9.474000000000000199e-01 9.478999999999999648e-01
9.474000000000000199e-01 9.475000000000000089e-01
9.475000000000000089e-01 9.475999999999999979e-01
9.473000000000000309e-01 9.472000000000000419e-01
9.473000000000000309e-01 9.472000000000000419e-01
9.473000000000000309e-01 9.479999999999999538e-01
9.473000000000000309e-01 9.479999999999999538e-01
9.473000000000000309e-01 9.476999999999999869e-01
9.473000000000000309e-01 9.476999999999999869e-01
9.473000000000000309e-01 9.477999999999999758e-01
9.474000000000000199e-01 9.475999999999999979e-01
9.474000000000000199e-01 9.481000000000000538e-01
9.474000000000000199e-01 9.475999999999999979e-01
9.474000000000000199e-01 9.475000000000000089e-01
9.474000000000000199e-01 9.475000000000000089e-01
9.473000000000000309e-01 9.475999999999999979e-01
9.473000000000000309e-01 9.474000000000000199e-01
9.473000000000000309e-01 9.477999999999999758e-01
9.472000000000000419e-01 9.482000000000000428e-01
9.472000000000000419e-01 9.483000000000000318e-01
9.471000000000000529e-01 9.475000000000000089e-01
9.472000000000000419e-01 9.482000000000000428e-01
9.472000000000000419e-01 9.481000000000000538e-01
9.473000000000000309e-01 9.485000000000000098e-01
9.473000000000000309e-01 9.478999999999999648e-01
9.475000000000000089e-01 9.479999999999999538e-01
9.473000000000000309e-01 9.475000000000000089e-01
9.473000000000000309e-01 9.477999999999999758e-01
9.473000000000000309e-01 9.473000000000000309e-01
9.469999999999999529e-01 9.476999999999999869e-01
9.471000000000000529e-01 9.474000000000000199e-01
9.469999999999999529e-01 9.476999999999999869e-01
9.469999999999999529e-01 9.469999999999999529e-01
9.471000000000000529e-01 9.476999999999999869e-01
9.471000000000000529e-01 9.475999999999999979e-01
9.469999999999999529e-01 9.475000000000000089e-01
9.468999999999999639e-01 9.473000000000000309e-01
9.466999999999999860e-01 9.471000000000000529e-01
9.466999999999999860e-01 9.475000000000000089e-01
9.467999999999999750e-01 9.472000000000000419e-01
9.467999999999999750e-01 9.475999999999999979e-01
9.467999999999999750e-01 9.471000000000000529e-01
9.469999999999999529e-01 9.475999999999999979e-01
9.469999999999999529e-01 9.474000000000000199e-01
9.469999999999999529e-01 9.479999999999999538e-01
9.468999999999999639e-01 9.482000000000000428e-01
9.469999999999999529e-01 9.478999999999999648e-01
9.468999999999999639e-01 9.479999999999999538e-01
9.468999999999999639e-01 9.483000000000000318e-01
9.467999999999999750e-01 9.485999999999999988e-01
9.468999999999999639e-01 9.484000000000000208e-01
9.467999999999999750e-01 9.478999999999999648e-01
9.468999999999999639e-01 9.478999999999999648e-01
9.469999999999999529e-01 9.483000000000000318e-01
9.469999999999999529e-01 9.478999999999999648e-01
9.468999999999999639e-01 9.477999999999999758e-01
9.469999999999999529e-01 9.481000000000000538e-01
9.469999999999999529e-01 9.475999999999999979e-01
9.469999999999999529e-01 9.475999999999999979e-01
9.469999999999999529e-01 9.475000000000000089e-01
9.469999999999999529e-01 9.474000000000000199e-01
9.469999999999999529e-01 9.473000000000000309e-01
9.469999999999999529e-01 9.474000000000000199e-01
9.468999999999999639e-01 9.476999999999999869e-01
9.468999999999999639e-01 9.478999999999999648e-01
9.467999999999999750e-01 9.481000000000000538e-01
9.468999999999999639e-01 9.477999999999999758e-01
9.468999999999999639e-01 9.477999999999999758e-01
9.468999999999999639e-01 9.471000000000000529e-01
9.468999999999999639e-01 9.475000000000000089e-01
9.467999999999999750e-01 9.474000000000000199e-01
9.468999999999999639e-01 9.475999999999999979e-01
9.469999999999999529e-01 9.475000000000000089e-01
9.472000000000000419e-01 9.477999999999999758e-01
9.472000000000000419e-01 9.472000000000000419e-01
9.469999999999999529e-01 9.477999999999999758e-01
9.469999999999999529e-01 9.475999999999999979e-01
9.469999999999999529e-01 9.478999999999999648e-01
9.468999999999999639e-01 9.477999999999999758e-01
9.469999999999999529e-01 9.484000000000000208e-01
9.469999999999999529e-01 9.489999999999999547e-01
9.469999999999999529e-01 9.488999999999999657e-01
9.469999999999999529e-01 9.486999999999999877e-01
9.468999999999999639e-01 9.485000000000000098e-01
9.469999999999999529e-01 9.483000000000000318e-01
9.469999999999999529e-01 9.483000000000000318e-01
9.471000000000000529e-01 9.481000000000000538e-01
9.471000000000000529e-01 9.481000000000000538e-01
9.471000000000000529e-01 9.477999999999999758e-01
9.471000000000000529e-01 9.485000000000000098e-01
9.471000000000000529e-01 9.478999999999999648e-01
9.472000000000000419e-01 9.476999999999999869e-01
9.473000000000000309e-01 9.476999999999999869e-01
9.472000000000000419e-01 9.475999999999999979e-01
9.472000000000000419e-01 9.478999999999999648e-01
9.472000000000000419e-01 9.475000000000000089e-01
9.472000000000000419e-01 9.473000000000000309e-01
9.471000000000000529e-01 9.474000000000000199e-01
9.471000000000000529e-01 9.477999999999999758e-01
9.471000000000000529e-01 9.476999999999999869e-01
9.471000000000000529e-01 9.482000000000000428e-01
9.471000000000000529e-01 9.484000000000000208e-01
9.471000000000000529e-01 9.485000000000000098e-01
9.471000000000000529e-01 9.482000000000000428e-01
9.469999999999999529e-01 9.485000000000000098e-01
9.471000000000000529e-01 9.482000000000000428e-01
9.471000000000000529e-01 9.485000000000000098e-01
9.471000000000000529e-01 9.477999999999999758e-01
9.472000000000000419e-01 9.478999999999999648e-01
9.473000000000000309e-01 9.477999999999999758e-01
9.473000000000000309e-01 9.484000000000000208e-01
9.473000000000000309e-01 9.482000000000000428e-01
9.472000000000000419e-01 9.479999999999999538e-01
9.472000000000000419e-01 9.484000000000000208e-01
9.472000000000000419e-01 9.483000000000000318e-01
9.472000000000000419e-01 9.485999999999999988e-01
9.472000000000000419e-01 9.485000000000000098e-01
9.472000000000000419e-01 9.485000000000000098e-01
9.472000000000000419e-01 9.485000000000000098e-01
9.471000000000000529e-01 9.477999999999999758e-01
9.471000000000000529e-01 9.481000000000000538e-01
9.472000000000000419e-01 9.482000000000000428e-01
9.474000000000000199e-01 9.482000000000000428e-01
9.473000000000000309e-01 9.488999999999999657e-01
9.472000000000000419e-01 9.483000000000000318e-01
9.472000000000000419e-01 9.481000000000000538e-01
9.474000000000000199e-01 9.483000000000000318e-01
9.475000000000000089e-01 9.477999999999999758e-01
9.475000000000000089e-01 9.476999999999999869e-01
9.473000000000000309e-01 9.484000000000000208e-01
9.473000000000000309e-01 9.479999999999999538e-01
9.474000000000000199e-01 9.481000000000000538e-01
9.472000000000000419e-01 9.479999999999999538e-01
9.472000000000000419e-01 9.483000000000000318e-01
9.472000000000000419e-01 9.482000000000000428e-01
9.472000000000000419e-01 9.486999999999999877e-01
9.473000000000000309e-01 9.479999999999999538e-01
9.471000000000000529e-01 9.485000000000000098e-01
9.469999999999999529e-01 9.482000000000000428e-01
9.469999999999999529e-01 9.482000000000000428e-01
9.469999999999999529e-01 9.477999999999999758e-01
9.467999999999999750e-01 9.481000000000000538e-01
9.469999999999999529e-01 9.479999999999999538e-01
9.468999999999999639e-01 9.479999999999999538e-01
9.467999999999999750e-01 9.475999999999999979e-01
9.467999999999999750e-01 9.483000000000000318e-01
9.467999999999999750e-01 9.475000000000000089e-01
9.466999999999999860e-01 9.474000000000000199e-01
9.469999999999999529e-01 9.474000000000000199e-01
9.469999999999999529e-01 9.474000000000000199e-01
9.468999999999999639e-01 9.471000000000000529e-01
9.469999999999999529e-01 9.472000000000000419e-01
9.469999999999999529e-01 9.473000000000000309e-01
9.469999999999999529e-01 9.476999999999999869e-01
9.466999999999999860e-01 9.475999999999999979e-01
9.466999999999999860e-01 9.479999999999999538e-01
9.466999999999999860e-01 9.481000000000000538e-01
9.467999999999999750e-01 9.479999999999999538e-01
9.465999999999999970e-01 9.481000000000000538e-01
9.465999999999999970e-01 9.478999999999999648e-01
9.466999999999999860e-01 9.479999999999999538e-01
9.466999999999999860e-01 9.476999999999999869e-01
9.465000000000000080e-01 9.482000000000000428e-01
9.464000000000000190e-01 9.484000000000000208e-01
9.464000000000000190e-01 9.482000000000000428e-01
9.464000000000000190e-01 9.479999999999999538e-01
9.463000000000000300e-01 9.477999999999999758e-01
9.464000000000000190e-01 9.482000000000000428e-01
9.464000000000000190e-01 9.484000000000000208e-01
9.465000000000000080e-01 9.487999999999999767e-01
9.465000000000000080e-01 9.485000000000000098e-01
9.464000000000000190e-01 9.483000000000000318e-01
9.464000000000000190e-01 9.485000000000000098e-01
9.465000000000000080e-01 9.481000000000000538e-01
9.465000000000000080e-01 9.476999999999999869e-01
9.464000000000000190e-01 9.475000000000000089e-01
9.465000000000000080e-01 9.479999999999999538e-01
9.465000000000000080e-01 9.482000000000000428e-01
9.465000000000000080e-01 9.482000000000000428e-01
9.466999999999999860e-01 9.484000000000000208e-01
9.465999999999999970e-01 9.486999999999999877e-01
9.465000000000000080e-01 9.478999999999999648e-01
9.465000000000000080e-01 9.478999999999999648e-01
9.465999999999999970e-01 9.477999999999999758e-01
9.465999999999999970e-01 9.475000000000000089e-01
9.465000000000000080e-01 9.476999999999999869e-01
9.464000000000000190e-01 9.477999999999999758e-01
9.464000000000000190e-01 9.477999999999999758e-01
9.463000000000000300e-01 9.476999999999999869e-01
9.465000000000000080e-01 9.473000000000000309e-01
9.465000000000000080e-01 9.468999999999999639e-01
9.465999999999999970e-01 9.476999999999999869e-01
9.464000000000000190e-01 9.476999999999999869e-01
9.465999999999999970e-01 9.481000000000000538e-01
9.465999999999999970e-01 9.476999999999999869e-01
9.465999999999999970e-01 9.481000000000000538e-01
9.465999999999999970e-01 9.476999999999999869e-01
9.465999999999999970e-01 9.475000000000000089e-01
9.465000000000000080e-01 9.478999999999999648e-01
9.465999999999999970e-01 9.476999999999999869e-01
9.465000000000000080e-01 9.479999999999999538e-01
9.465999999999999970e-01 9.477999999999999758e-01
9.467999999999999750e-01 9.478999999999999648e-01
9.467999999999999750e-01 9.479999999999999538e-01
9.467999999999999750e-01 9.485000000000000098e-01
9.469999999999999529e-01 9.481000000000000538e-01
9.469999999999999529e-01 9.481000000000000538e-01
9.471000000000000529e-01 9.482000000000000428e-01
9.471000000000000529e-01 9.478999999999999648e-01
9.471000000000000529e-01 9.482000000000000428e-01
9.469999999999999529e-01 9.475999999999999979e-01
9.469999999999999529e-01 9.486999999999999877e-01
9.469999999999999529e-01 9.478999999999999648e-01
9.468999999999999639e-01 9.486999999999999877e-01
9.468999999999999639e-01 9.481000000000000538e-01
9.468999999999999639e-01 9.483000000000000318e-01
9.467999999999999750e-01 9.476999999999999869e-01
9.467999999999999750e-01 9.487999999999999767e-01
9.467999999999999750e-01 9.476999999999999869e-01
9.467999999999999750e-01 9.484000000000000208e-01
9.467999999999999750e-01 9.475999999999999979e-01
9.467999999999999750e-01 9.486999999999999877e-01
9.468999999999999639e-01 9.486999999999999877e-01
9.469999999999999529e-01 9.488999999999999657e-01
9.471000000000000529e-01 9.485000000000000098e-01
9.471000000000000529e-01 9.489999999999999547e-01
9.471000000000000529e-01 9.482000000000000428e-01
9.471000000000000529e-01 9.483000000000000318e-01
9.471000000000000529e-01 9.482000000000000428e-01
9.472000000000000419e-01 9.479999999999999538e-01
9.473000000000000309e-01 9.478999999999999648e-01
9.473000000000000309e-01 9.481000000000000538e-01
9.473000000000000309e-01 9.479999999999999538e-01
9.474000000000000199e-01 9.485000000000000098e-01
9.475000000000000089e-01 9.485999999999999988e-01
9.474000000000000199e-01 9.482000000000000428e-01
9.474000000000000199e-01 9.481000000000000538e-01
9.474000000000000199e-01 9.481000000000000538e-01
9.474000000000000199e-01 9.477999999999999758e-01
9.474000000000000199e-01 9.483000000000000318e-01
9.474000000000000199e-01 9.475999999999999979e-01
9.474000000000000199e-01 9.472000000000000419e-01
9.474000000000000199e-01 9.468999999999999639e-01
9.473000000000000309e-01 9.473000000000000309e-01
9.474000000000000199e-01 9.469999999999999529e-01
9.473000000000000309e-01 9.475999999999999979e-01
9.473000000000000309e-01 9.468999999999999639e-01
9.474000000000000199e-01 9.473000000000000309e-01
9.474000000000000199e-01 9.467999999999999750e-01
9.474000000000000199e-01 9.468999999999999639e-01
9.474000000000000199e-01 9.469999999999999529e-01
9.473000000000000309e-01 9.472000000000000419e-01
9.474000000000000199e-01 9.473000000000000309e-01
9.473000000000000309e-01 9.468999999999999639e-01
9.473000000000000309e-01 9.464000000000000190e-01
9.473000000000000309e-01 9.465999999999999970e-01
9.473000000000000309e-01 9.466999999999999860e-01
9.473000000000000309e-01 9.468999999999999639e-01
9.473000000000000309e-01 9.471000000000000529e-01
9.473000000000000309e-01 9.475000000000000089e-01
9.472000000000000419e-01 9.473000000000000309e-01
9.472000000000000419e-01 9.479999999999999538e-01
9.471000000000000529e-01 9.477999999999999758e-01
9.472000000000000419e-01 9.482000000000000428e-01
9.471000000000000529e-01 9.473000000000000309e-01
9.471000000000000529e-01 9.478999999999999648e-01
9.471000000000000529e-01 9.475000000000000089e-01
9.471000000000000529e-01 9.475999999999999979e-01
9.471000000000000529e-01 9.474000000000000199e-01
9.471000000000000529e-01 9.477999999999999758e-01
9.471000000000000529e-01 9.476999999999999869e-01
9.471000000000000529e-01 9.475999999999999979e-01
9.471000000000000529e-01 9.478999999999999648e-01
9.471000000000000529e-01 9.479999999999999538e-01
9.471000000000000529e-01 9.482000000000000428e-01
9.471000000000000529e-01 9.484000000000000208e-01
9.471000000000000529e-01 9.481000000000000538e-01
9.471000000000000529e-01 9.478999999999999648e-01
9.471000000000000529e-01 9.481000000000000538e-01
9.471000000000000529e-01 9.475999999999999979e-01
9.471000000000000529e-01 9.483000000000000318e-01
9.471000000000000529e-01 9.478999999999999648e-01
9.471000000000000529e-01 9.472000000000000419e-01
9.471000000000000529e-01 9.474000000000000199e-01
9.468999999999999639e-01 9.472000000000000419e-01
9.471000000000000529e-01 9.476999999999999869e-01
9.469999999999999529e-01 9.473000000000000309e-01
9.469999999999999529e-01 9.475999999999999979e-01
9.469999999999999529e-01 9.476999999999999869e-01
9.469999999999999529e-01 9.478999999999999648e-01
9.467999999999999750e-01 9.476999999999999869e-01
9.468999999999999639e-01 9.476999999999999869e-01
9.467999999999999750e-01 9.479999999999999538e-01
9.467999999999999750e-01 9.483000000000000318e-01
9.468999999999999639e-01 9.478999999999999648e-01
9.469999999999999529e-01 9.483000000000000318e-01
9.471000000000000529e-01 9.484000000000000208e-01
9.471000000000000529e-01 9.485000000000000098e-01
9.472000000000000419e-01 9.486999999999999877e-01
9.472000000000000419e-01 9.488999999999999657e-01
9.472000000000000419e-01 9.486999999999999877e-01
9.472000000000000419e-01 9.483000000000000318e-01
9.473000000000000309e-01 9.481000000000000538e-01
9.473000000000000309e-01 9.486999999999999877e-01
9.472000000000000419e-01 9.478999999999999648e-01
9.473000000000000309e-01 9.476999999999999869e-01
9.473000000000000309e-01 9.485000000000000098e-01
9.473000000000000309e-01 9.485000000000000098e-01
9.472000000000000419e-01 9.485000000000000098e-01
9.472000000000000419e-01 9.483000000000000318e-01
9.471000000000000529e-01 9.481000000000000538e-01
9.472000000000000419e-01 9.478999999999999648e-01
9.472000000000000419e-01 9.471000000000000529e-01
9.472000000000000419e-01 9.473000000000000309e-01
9.473000000000000309e-01 9.469999999999999529e-01
9.473000000000000309e-01 9.472000000000000419e-01
9.473000000000000309e-01 9.472000000000000419e-01
9.473000000000000309e-01 9.473000000000000309e-01
9.472000000000000419e-01 9.474000000000000199e-01
9.472000000000000419e-01 9.475999999999999979e-01
9.472000000000000419e-01 9.478999999999999648e-01
9.471000000000000529e-01 9.478999999999999648e-01
9.469999999999999529e-01 9.478999999999999648e-01
9.468999999999999639e-01 9.475000000000000089e-01
9.467999999999999750e-01 9.477999999999999758e-01
9.468999999999999639e-01 9.471000000000000529e-01
9.467999999999999750e-01 9.483000000000000318e-01
9.468999999999999639e-01 9.478999999999999648e-01
9.468999999999999639e-01 9.485999999999999988e-01
9.468999999999999639e-01 9.482000000000000428e-01
9.468999999999999639e-01 9.485000000000000098e-01
9.469999999999999529e-01 9.486999999999999877e-01
9.469999999999999529e-01 9.485999999999999988e-01
9.469999999999999529e-01 9.483000000000000318e-01
9.469999999999999529e-01 9.481000000000000538e-01
9.467999999999999750e-01 9.483000000000000318e-01
9.469999999999999529e-01 9.483000000000000318e-01
9.469999999999999529e-01 9.482000000000000428e-01
9.471000000000000529e-01 9.477999999999999758e-01
9.471000000000000529e-01 9.478999999999999648e-01
9.471000000000000529e-01 9.475999999999999979e-01
9.471000000000000529e-01 9.476999999999999869e-01
9.471000000000000529e-01 9.478999999999999648e-01
9.471000000000000529e-01 9.475000000000000089e-01
9.472000000000000419e-01 9.471000000000000529e-01
9.472000000000000419e-01 9.476999999999999869e-01
9.469999999999999529e-01 9.478999999999999648e-01
9.469999999999999529e-01 9.468999999999999639e-01
9.469999999999999529e-01 9.466999999999999860e-01
9.469999999999999529e-01 9.472000000000000419e-01
9.469999999999999529e-01 9.471000000000000529e-01
9.469999999999999529e-01 9.474000000000000199e-01
9.469999999999999529e-01 9.469999999999999529e-01
9.469999999999999529e-01 9.468999999999999639e-01
9.469999999999999529e-01 9.471000000000000529e-01
9.469999999999999529e-01 9.476999999999999869e-01
9.469999999999999529e-01 9.474000000000000199e-01
9.468999999999999639e-01 9.468999999999999639e-01
9.469999999999999529e-01 9.469999999999999529e-01
9.469999999999999529e-01 9.471000000000000529e-01
9.469999999999999529e-01 9.465999999999999970e-01
9.472000000000000419e-01 9.466999999999999860e-01
9.472000000000000419e-01 9.463000000000000300e-01
9.471000000000000529e-01 9.463000000000000300e-01
9.473000000000000309e-01 9.463000000000000300e-01
9.473000000000000309e-01 9.459999999999999520e-01
9.472000000000000419e-01 9.457999999999999741e-01
9.472000000000000419e-01 9.459999999999999520e-01
9.472000000000000419e-01 9.461000000000000520e-01
9.473000000000000309e-01 9.463000000000000300e-01
9.473000000000000309e-01 9.458999999999999631e-01
9.474000000000000199e-01 9.457999999999999741e-01
9.473000000000000309e-01 9.455000000000000071e-01
9.472000000000000419e-01 9.457999999999999741e-01
9.472000000000000419e-01 9.455999999999999961e-01
9.473000000000000309e-01 9.453000000000000291e-01
9.473000000000000309e-01 9.451000000000000512e-01
9.473000000000000309e-01 9.453000000000000291e-01
9.473000000000000309e-01 9.446999999999999842e-01
9.472000000000000419e-01 9.451000000000000512e-01
9.472000000000000419e-01 9.452000000000000401e-01
9.473000000000000309e-01 9.451000000000000512e-01
9.474000000000000199e-01 9.448999999999999622e-01
9.474000000000000199e-01 9.454000000000000181e-01
9.474000000000000199e-01 9.461000000000000520e-01
9.474000000000000199e-01 9.461000000000000520e-01
9.473000000000000309e-01 9.463000000000000300e-01
9.474000000000000199e-01 9.465999999999999970e-01
9.474000000000000199e-01 9.469999999999999529e-01
9.474000000000000199e-01 9.467999999999999750e-01
9.474000000000000199e-01 9.475000000000000089e-01
9.474000000000000199e-01 9.471000000000000529e-01
9.474000000000000199e-01 9.475999999999999979e-01
9.475000000000000089e-01 9.472000000000000419e-01
9.475000000000000089e-01 9.472000000000000419e-01
9.475000000000000089e-01 9.466999999999999860e-01
9.475000000000000089e-01 9.471000000000000529e-01
9.475000000000000089e-01 9.469999999999999529e-01
9.475999999999999979e-01 9.474000000000000199e-01
9.475999999999999979e-01 9.472000000000000419e-01
9.475999999999999979e-01 9.472000000000000419e-01
9.475000000000000089e-01 9.471000000000000529e-01
9.476999999999999869e-01 9.465999999999999970e-01
9.475999999999999979e-01 9.469999999999999529e-01
9.476999999999999869e-01 9.473000000000000309e-01
9.477999999999999758e-01 9.472000000000000419e-01
9.476999999999999869e-01 9.469999999999999529e-01
9.476999999999999869e-01 9.475000000000000089e-01
9.477999999999999758e-01 9.475000000000000089e-01
9.477999999999999758e-01 9.474000000000000199e-01
9.477999999999999758e-01 9.475999999999999979e-01
9.476999999999999869e-01 9.478999999999999648e-01
9.478999999999999648e-01 9.475999999999999979e-01
9.477999999999999758e-01 9.473000000000000309e-01
9.476999999999999869e-01 9.471000000000000529e-01
9.476999999999999869e-01 9.472000000000000419e-01
9.476999999999999869e-01 9.469999999999999529e-01
9.475999999999999979e-01 9.472000000000000419e-01
9.475999999999999979e-01 9.473000000000000309e-01
9.475999999999999979e-01 9.469999999999999529e-01
9.475999999999999979e-01 9.473000000000000309e-01
9.476999999999999869e-01 9.471000000000000529e-01
9.477999999999999758e-01 9.469999999999999529e-01
9.477999999999999758e-01 9.472000000000000419e-01
9.478999999999999648e-01 9.473000000000000309e-01
9.478999999999999648e-01 9.471000000000000529e-01
9.478999999999999648e-01 9.473000000000000309e-01
9.478999999999999648e-01 9.467999999999999750e-01
9.479999999999999538e-01 9.467999999999999750e-01
9.477999999999999758e-01 9.465999999999999970e-01
9.478999999999999648e-01 9.469999999999999529e-01
9.478999999999999648e-01 9.472000000000000419e-01
9.478999999999999648e-01 9.469999999999999529e-01
9.477999999999999758e-01 9.475000000000000089e-01
9.477999999999999758e-01 9.472000000000000419e-01
9.477999999999999758e-01 9.474000000000000199e-01
9.476999999999999869e-01 9.472000000000000419e-01
9.477999999999999758e-01 9.475000000000000089e-01
9.477999999999999758e-01 9.468999999999999639e-01
9.477999999999999758e-01 9.471000000000000529e-01
9.478999999999999648e-01 9.467999999999999750e-01
9.478999999999999648e-01 9.466999999999999860e-01
9.477999999999999758e-01 9.465999999999999970e-01
9.477999999999999758e-01 9.471000000000000529e-01
9.477999999999999758e-01 9.461000000000000520e-01
9.477999999999999758e-01 9.469999999999999529e-01
9.477999999999999758e-01 9.471000000000000529e-01
9.477999999999999758e-01 9.473000000000000309e-01
9.477999999999999758e-01 9.472000000000000419e-01
9.477999999999999758e-01 9.475999999999999979e-01
9.476999999999999869e-01 9.471000000000000529e-01
9.477999999999999758e-01 9.473000000000000309e-01
9.477999999999999758e-01 9.468999999999999639e-01
9.476999999999999869e-01 9.472000000000000419e-01
9.477999999999999758e-01 9.467999999999999750e-01
9.476999999999999869e-01 9.475999999999999979e-01
9.476999999999999869e-01 9.473000000000000309e-01
9.475999999999999979e-01 9.473000000000000309e-01
9.475999999999999979e-01 9.472000000000000419e-01
9.475999999999999979e-01 9.475000000000000089e-01
9.476999999999999869e-01 9.468999999999999639e-01
9.476999999999999869e-01 9.473000000000000309e-01
9.477999999999999758e-01 9.465000000000000080e-01
9.477999999999999758e-01 9.464000000000000190e-01
9.477999999999999758e-01 9.471000000000000529e-01
9.477999999999999758e-01 9.472000000000000419e-01
9.477999999999999758e-01 9.472000000000000419e-01
9.475999999999999979e-01 9.475999999999999979e-01
9.475999999999999979e-01 9.467999999999999750e-01
9.475999999999999979e-01 9.478999999999999648e-01
9.476999999999999869e-01 9.473000000000000309e-01
9.475999999999999979e-01 9.474000000000000199e-01
9.475999999999999979e-01 9.467999999999999750e-01
9.476999999999999869e-01 9.467999999999999750e-01
9.479999999999999538e-01 9.465000000000000080e-01
9.477999999999999758e-01 9.471000000000000529e-01
9.477999999999999758e-01 9.469999999999999529e-01
9.478999999999999648e-01 9.472000000000000419e-01
9.476999999999999869e-01 9.471000000000000529e-01
9.475999999999999979e-01 9.468999999999999639e-01
9.475000000000000089e-01 9.475000000000000089e-01
9.475999999999999979e-01 9.471000000000000529e-01
9.475999999999999979e-01 9.464000000000000190e-01
9.475000000000000089e-01 9.471000000000000529e-01
9.475999999999999979e-01 9.473000000000000309e-01
9.475000000000000089e-01 9.475000000000000089e-01
9.475000000000000089e-01 9.475999999999999979e-01
9.473000000000000309e-01 9.473000000000000309e-01
9.473000000000000309e-01 9.475999999999999979e-01
9.473000000000000309e-01 9.477999999999999758e-01
9.473000000000000309e-01 9.478999999999999648e-01
9.474000000000000199e-01 9.478999999999999648e-01
9.474000000000000199e-01 9.476999999999999869e-01
9.473000000000000309e-01 9.477999999999999758e-01
9.473000000000000309e-01 9.476999999999999869e-01
9.473000000000000309e-01 9.482000000000000428e-01
9.473000000000000309e-01 9.481000000000000538e-01
9.472000000000000419e-01 9.477999999999999758e-01
9.472000000000000419e-01 9.476999999999999869e-01
9.472000000000000419e-01 9.481000000000000538e-01
9.473000000000000309e-01 9.476999999999999869e-01
9.472000000000000419e-01 9.481000000000000538e-01
9.473000000000000309e-01 9.478999999999999648e-01
9.474000000000000199e-01 9.485000000000000098e-01
9.474000000000000199e-01 9.483000000000000318e-01
9.474000000000000199e-01 9.485000000000000098e-01
9.474000000000000199e-01 9.485000000000000098e-01
9.473000000000000309e-01 9.488999999999999657e-01
9.472000000000000419e-01 9.485999999999999988e-01
9.473000000000000309e-01 9.489999999999999547e-01
9.473000000000000309e-01 9.486999999999999877e-01
9.474000000000000199e-01 9.487999999999999767e-01
9.475000000000000089e-01 9.489999999999999547e-01
9.475000000000000089e-01 9.485000000000000098e-01
9.475000000000000089e-01 9.487999999999999767e-01
9.474000000000000199e-01 9.484000000000000208e-01
9.475000000000000089e-01 9.485999999999999988e-01
9.475000000000000089e-01 9.486999999999999877e-01
9.474000000000000199e-01 9.484000000000000208e-01
9.474000000000000199e-01 9.485000000000000098e-01
9.474000000000000199e-01 9.485000000000000098e-01
9.476999999999999869e-01 9.483000000000000318e-01
9.475999999999999979e-01 9.485000000000000098e-01
9.476999999999999869e-01 9.483000000000000318e-01
9.477999999999999758e-01 9.485000000000000098e-01
9.476999999999999869e-01 9.477999999999999758e-01
9.477999999999999758e-01 9.486999999999999877e-01
9.477999999999999758e-01 9.485000000000000098e-01
9.476999999999999869e-01 9.487999999999999767e-01
9.476999999999999869e-01 9.483000000000000318e-01
9.476999999999999869e-01 9.483000000000000318e-01
9.476999999999999869e-01 9.481000000000000538e-01
9.476999999999999869e-01 9.481000000000000538e-01
9.476999999999999869e-01 9.475000000000000089e-01
9.476999999999999869e-01 9.477999999999999758e-01
9.476999999999999869e-01 9.475000000000000089e-01
9.476999999999999869e-01 9.472000000000000419e-01
9.476999999999999869e-01 9.473000000000000309e-01
9.476999999999999869e-01 9.473000000000000309e-01
9.476999999999999869e-01 9.475000000000000089e-01
9.476999999999999869e-01 9.473000000000000309e-01
9.478999999999999648e-01 9.475000000000000089e-01
9.478999999999999648e-01 9.481000000000000538e-01
9.478999999999999648e-01 9.475999999999999979e-01
9.478999999999999648e-01 9.474000000000000199e-01
9.478999999999999648e-01 9.477999999999999758e-01
9.478999999999999648e-01 9.483000000000000318e-01
9.478999999999999648e-01 9.477999999999999758e-01
9.478999999999999648e-01 9.485999999999999988e-01
9.478999999999999648e-01 9.476999999999999869e-01
9.477999999999999758e-01 9.484000000000000208e-01
9.478999999999999648e-01 9.481000000000000538e-01
9.478999999999999648e-01 9.478999999999999648e-01
9.478999999999999648e-01 9.484000000000000208e-01
9.478999999999999648e-01 9.477999999999999758e-01
9.476999999999999869e-01 9.481000000000000538e-01
9.477999999999999758e-01 9.485999999999999988e-01
9.477999999999999758e-01 9.486999999999999877e-01
9.477999999999999758e-01 9.487999999999999767e-01
9.477999999999999758e-01 9.491000000000000547e-01
9.477999999999999758e-01 9.487999999999999767e-01
9.477999999999999758e-01 9.489999999999999547e-01
9.477999999999999758e-01 9.488999999999999657e-01
9.477999999999999758e-01 9.492000000000000437e-01
9.477999999999999758e-01 9.486999999999999877e-01
9.477999999999999758e-01 9.487999999999999767e-01
9.477999999999999758e-01 9.485999999999999988e-01
9.477999999999999758e-01 9.481000000000000538e-01
9.478999999999999648e-01 9.485999999999999988e-01
9.477999999999999758e-01 9.481000000000000538e-01
9.478999999999999648e-01 9.486999999999999877e-01
9.477999999999999758e-01 9.484000000000000208e-01
9.477999999999999758e-01 9.486999999999999877e-01
9.478999999999999648e-01 9.483000000000000318e-01
9.478999999999999648e-01 9.485999999999999988e-01
9.476999999999999869e-01 9.481000000000000538e-01
9.475999999999999979e-01 9.485000000000000098e-01
9.476999999999999869e-01 9.478999999999999648e-01
9.477999999999999758e-01 9.485000000000000098e-01
9.477999999999999758e-01 9.485000000000000098e-01
9.477999999999999758e-01 9.486999999999999877e-01
9.477999999999999758e-01 9.485999999999999988e-01
9.477999999999999758e-01 9.488999999999999657e-01
9.477999999999999758e-01 9.493000000000000327e-01
9.477999999999999758e-01 9.489999999999999547e-01
9.477999999999999758e-01 9.486999999999999877e-01
9.477999999999999758e-01 9.486999999999999877e-01
9.478999999999999648e-01 9.487999999999999767e-01
9.478999999999999648e-01 9.489999999999999547e-01
9.478999999999999648e-01 9.488999999999999657e-01
9.478999999999999648e-01 9.485999999999999988e-01
9.479999999999999538e-01 9.492000000000000437e-01
9.479999999999999538e-01 9.493000000000000327e-01
9.478999999999999648e-01 9.496999999999999886e-01
9.479999999999999538e-01 9.492000000000000437e-01
9.478999999999999648e-01 9.496999999999999886e-01
9.479999999999999538e-01 9.495000000000000107e-01
9.479999999999999538e-01 9.492000000000000437e-01
9.481000000000000538e-01 9.496999999999999886e-01
9.481000000000000538e-01 9.491000000000000547e-01
9.479999999999999538e-01 9.495000000000000107e-01
9.479999999999999538e-01 9.495999999999999996e-01
9.479999999999999538e-01 9.494000000000000217e-01
9.479999999999999538e-01 9.499999999999999556e-01
9.478999999999999648e-01 9.497999999999999776e-01
9.478999999999999648e-01 9.505000000000000115e-01
9.479999999999999538e-01 9.500999999999999446e-01
9.481000000000000538e-01 9.498999999999999666e-01
9.482000000000000428e-01 9.500999999999999446e-01
9.481000000000000538e-01 9.505000000000000115e-01
9.481000000000000538e-01 9.503000000000000336e-01
9.481000000000000538e-01 9.498999999999999666e-01
9.479999999999999538e-01 9.504000000000000226e-01
9.481000000000000538e-01 9.498999999999999666e-01
9.481000000000000538e-01 9.503000000000000336e-01
9.479999999999999538e-01 9.497999999999999776e-01
9.477999999999999758e-01 9.499999999999999556e-01
9.479999999999999538e-01 9.503000000000000336e-01
9.479999999999999538e-01 9.500999999999999446e-01
9.479999999999999538e-01 9.502000000000000446e-01
9.479999999999999538e-01 9.500999999999999446e-01
9.479999999999999538e-01 9.497999999999999776e-01
9.479999999999999538e-01 9.500999999999999446e-01
9.479999999999999538e-01 9.497999999999999776e-01
9.479999999999999538e-01 9.498999999999999666e-01
9.479999999999999538e-01 9.499999999999999556e-01
9.482000000000000428e-01 9.496999999999999886e-01
9.479999999999999538e-01 9.495999999999999996e-01
9.481000000000000538e-01 9.496999999999999886e-01
9.479999999999999538e-01 9.495000000000000107e-01
9.482000000000000428e-01 9.495999999999999996e-01
9.481000000000000538e-01 9.492000000000000437e-01
9.481000000000000538e-01 9.493000000000000327e-01
9.482000000000000428e-01 9.492000000000000437e-01
9.482000000000000428e-01 9.497999999999999776e-01
9.481000000000000538e-01 9.498999999999999666e-01
9.482000000000000428e-01 9.498999999999999666e-01
9.481000000000000538e-01 9.499999999999999556e-01
9.478999999999999648e-01 9.502000000000000446e-01
9.478999999999999648e-01 9.500999999999999446e-01
9.479999999999999538e-01 9.505000000000000115e-01
9.479999999999999538e-01 9.495999999999999996e-01
9.481000000000000538e-01 9.502000000000000446e-01
9.479999999999999538e-01 9.496999999999999886e-01
9.481000000000000538e-01 9.494000000000000217e-01
9.481000000000000538e-01 9.498999999999999666e-01
9.481000000000000538e-01 9.494000000000000217e-01
9.479999999999999538e-01 9.494000000000000217e-01
9.479999999999999538e-01 9.489999999999999547e-01
9.479999999999999538e-01 9.492000000000000437e-01
9.479999999999999538e-01 9.487999999999999767e-01
9.479999999999999538e-01 9.486999999999999877e-01
9.481000000000000538e-01 9.482000000000000428e-01
9.481000000000000538e-01 9.485000000000000098e-01
9.479999999999999538e-01 9.483000000000000318e-01
9.479999999999999538e-01 9.484000000000000208e-01
9.481000000000000538e-01 9.484000000000000208e-01
9.479999999999999538e-01 9.478999999999999648e-01
9.479999999999999538e-01 9.485000000000000098e-01
9.479999999999999538e-01 9.486999999999999877e-01
9.479999999999999538e-01 9.491000000000000547e-01
9.477999999999999758e-01 9.492000000000000437e-01
9.476999999999999869e-01 9.485000000000000098e-01
9.477999999999999758e-01 9.486999999999999877e-01
9.478999999999999648e-01 9.488999999999999657e-01
9.478999999999999648e-01 9.483000000000000318e-01
9.478999999999999648e-01 9.485000000000000098e-01
9.478999999999999648e-01 9.482000000000000428e-01
9.478999999999999648e-01 9.486999999999999877e-01
9.479999999999999538e-01 9.487999999999999767e-01
9.479999999999999538e-01 9.491000000000000547e-01
9.479999999999999538e-01 9.485000000000000098e-01
9.481000000000000538e-01 9.485999999999999988e-01
9.481000000000000538e-01 9.484000000000000208e-01
9.481000000000000538e-01 9.484000000000000208e-01
9.479999999999999538e-01 9.485999999999999988e-01
9.481000000000000538e-01 9.475999999999999979e-01
9.481000000000000538e-01 9.477999999999999758e-01
9.479999999999999538e-01 9.473000000000000309e-01
9.479999999999999538e-01 9.478999999999999648e-01
9.479999999999999538e-01 9.473000000000000309e-01
9.479999999999999538e-01 9.479999999999999538e-01
9.479999999999999538e-01 9.474000000000000199e-01
9.481000000000000538e-01 9.477999999999999758e-01
9.481000000000000538e-01 9.475000000000000089e-01
9.481000000000000538e-01 9.477999999999999758e-01
9.481000000000000538e-01 9.476999999999999869e-01
9.481000000000000538e-01 9.482000000000000428e-01
9.481000000000000538e-01 9.477999999999999758e-01
9.479999999999999538e-01 9.483000000000000318e-01
9.479999999999999538e-01 9.479999999999999538e-01
9.479999999999999538e-01 9.485000000000000098e-01
9.479999999999999538e-01 9.477999999999999758e-01
9.479999999999999538e-01 9.483000000000000318e-01
9.478999999999999648e-01 9.483000000000000318e-01
9.481000000000000538e-01 9.484000000000000208e-01
9.481000000000000538e-01 9.482000000000000428e-01
9.479999999999999538e-01 9.488999999999999657e-01
9.478999999999999648e-01 9.481000000000000538e-01
9.479999999999999538e-01 9.483000000000000318e-01
9.479999999999999538e-01 9.483000000000000318e-01
9.478999999999999648e-01 9.489999999999999547e-01
9.479999999999999538e-01 9.486999999999999877e-01
9.479999999999999538e-01 9.481000000000000538e-01
9.481000000000000538e-01 9.483000000000000318e-01
9.481000000000000538e-01 9.484000000000000208e-01
9.482000000000000428e-01 9.485000000000000098e-01
9.481000000000000538e-01 9.483000000000000318e-01
9.481000000000000538e-01 9.481000000000000538e-01
9.481000000000000538e-01 9.481000000000000538e-01
9.478999999999999648e-01 9.476999999999999869e-01
9.479999999999999538e-01 9.483000000000000318e-01
9.479999999999999538e-01 9.481000000000000538e-01
9.479999999999999538e-01 9.483000000000000318e-01
9.479999999999999538e-01 9.482000000000000428e-01
9.479999999999999538e-01 9.479999999999999538e-01
9.481000000000000538e-01 9.484000000000000208e-01
9.481000000000000538e-01 9.479999999999999538e-01
9.479999999999999538e-01 9.485999999999999988e-01
9.479999999999999538e-01 9.479999999999999538e-01
9.479999999999999538e-01 9.483000000000000318e-01
9.481000000000000538e-01 9.479999999999999538e-01
9.481000000000000538e-01 9.485000000000000098e-01
9.481000000000000538e-01 9.478999999999999648e-01
9.479999999999999538e-01 9.479999999999999538e-01
9.479999999999999538e-01 9.478999999999999648e-01
9.479999999999999538e-01 9.485999999999999988e-01
9.479999999999999538e-01 9.478999999999999648e-01
9.479999999999999538e-01 9.478999999999999648e-01
9.481000000000000538e-01 9.484000000000000208e-01
9.478999999999999648e-01 9.483000000000000318e-01
9.478999999999999648e-01 9.484000000000000208e-01
9.479999999999999538e-01 9.481000000000000538e-01
9.478999999999999648e-01 9.485999999999999988e-01
9.478999999999999648e-01 9.478999999999999648e-01
9.478999999999999648e-01 9.479999999999999538e-01
9.478999999999999648e-01 9.476999999999999869e-01
9.478999999999999648e-01 9.481000000000000538e-01
9.478999999999999648e-01 9.478999999999999648e-01
9.479999999999999538e-01 9.478999999999999648e-01
9.478999999999999648e-01 9.478999999999999648e-01
9.479999999999999538e-01 9.478999999999999648e-01
9.477999999999999758e-01 9.479999999999999538e-01
9.477999999999999758e-01 9.479999999999999538e-01
9.477999999999999758e-01 9.479999999999999538e-01
9.477999999999999758e-01 9.481000000000000538e-01
9.477999999999999758e-01 9.481000000000000538e-01
9.477999999999999758e-01 9.476999999999999869e-01
9.477999999999999758e-01 9.484000000000000208e-01
9.477999999999999758e-01 9.475999999999999979e-01
9.478999999999999648e-01 9.482000000000000428e-01
9.478999999999999648e-01 9.475999999999999979e-01
9.478999999999999648e-01 9.484000000000000208e-01
9.478999999999999648e-01 9.478999999999999648e-01
9.478999999999999648e-01 9.481000000000000538e-01
9.478999999999999648e-01 9.481000000000000538e-01
9.478999999999999648e-01 9.479999999999999538e-01
9.478999999999999648e-01 9.477999999999999758e-01
9.477999999999999758e-01 9.484000000000000208e-01
9.477999999999999758e-01 9.486999999999999877e-01
9.476999999999999869e-01 9.485000000000000098e-01
9.477999999999999758e-01 9.485000000000000098e-01
9.476999999999999869e-01 9.484000000000000208e-01
9.476999999999999869e-01 9.477999999999999758e-01
9.476999999999999869e-01 9.478999999999999648e-01
9.477999999999999758e-01 9.475999999999999979e-01
9.475000000000000089e-01 9.476999999999999869e-01
9.475999999999999979e-01 9.475999999999999979e-01
9.475000000000000089e-01 9.475999999999999979e-01
9.475000000000000089e-01 9.475999999999999979e-01
9.475000000000000089e-01 9.476999999999999869e-01
9.475000000000000089e-01 9.476999999999999869e-01
9.475000000000000089e-01 9.479999999999999538e-01
9.475999999999999979e-01 9.477999999999999758e-01
9.475000000000000089e-01 9.474000000000000199e-01
9.475000000000000089e-01 9.476999999999999869e-01
9.475999999999999979e-01 9.476999999999999869e-01
9.475999999999999979e-01 9.474000000000000199e-01
9.475999999999999979e-01 9.473000000000000309e-01
9.475999999999999979e-01 9.471000000000000529e-01
9.475000000000000089e-01 9.475000000000000089e-01
9.475999999999999979e-01 9.477999999999999758e-01
9.477999999999999758e-01 9.475000000000000089e-01
9.476999999999999869e-01 9.469999999999999529e-01
9.476999999999999869e-01 9.465999999999999970e-01
9.476999999999999869e-01 9.474000000000000199e-01
9.476999999999999869e-01 9.469999999999999529e-01
9.475999999999999979e-01 9.472000000000000419e-01
9.475999999999999979e-01 9.475000000000000089e-01
9.475999999999999979e-01 9.475000000000000089e-01
9.475999999999999979e-01 9.469999999999999529e-01
9.475999999999999979e-01 9.469999999999999529e-01
9.476999999999999869e-01 9.471000000000000529e-01
9.476999999999999869e-01 9.471000000000000529e-01
9.476999999999999869e-01 9.473000000000000309e-01
9.476999999999999869e-01 9.472000000000000419e-01
9.476999999999999869e-01 9.473000000000000309e-01
9.476999999999999869e-01 9.472000000000000419e-01
9.477999999999999758e-01 9.472000000000000419e-01
9.477999999999999758e-01 9.472000000000000419e-01
9.477999999999999758e-01 9.475000000000000089e-01
9.477999999999999758e-01 9.473000000000000309e-01
9.478999999999999648e-01 9.475000000000000089e-01
9.478999999999999648e-01 9.478999999999999648e-01
9.478999999999999648e-01 9.475999999999999979e-01
9.478999999999999648e-01 9.476999999999999869e-01
9.478999999999999648e-01 9.478999999999999648e-01
9.477999999999999758e-01 9.476999999999999869e-01
9.478999999999999648e-01 9.477999999999999758e-01
9.479999999999999538e-01 9.473000000000000309e-01
9.479999999999999538e-01 9.468999999999999639e-01
9.481000000000000538e-01 9.475000000000000089e-01
9.482000000000000428e-01 9.476999999999999869e-01
9.483000000000000318e-01 9.475999999999999979e-01
9.484000000000000208e-01 9.482000000000000428e-01
9.485000000000000098e-01 9.475000000000000089e-01
9.483000000000000318e-01 9.475000000000000089e-01
9.484000000000000208e-01 9.475999999999999979e-01
9.484000000000000208e-01 9.475000000000000089e-01
9.484000000000000208e-01 9.478999999999999648e-01
9.482000000000000428e-01 9.482000000000000428e-01
9.484000000000000208e-01 9.482000000000000428e-01
9.484000000000000208e-01 9.477999999999999758e-01
9.484000000000000208e-01 9.476999999999999869e-01
9.484000000000000208e-01 9.476999999999999869e-01
9.485000000000000098e-01 9.475999999999999979e-01
9.485000000000000098e-01 9.476999999999999869e-01
9.484000000000000208e-01 9.482000000000000428e-01
9.483000000000000318e-01 9.476999999999999869e-01
9.484000000000000208e-01 9.475000000000000089e-01
9.483000000000000318e-01 9.481000000000000538e-01
9.484000000000000208e-01 9.476999999999999869e-01
9.484000000000000208e-01 9.477999999999999758e-01
9.484000000000000208e-01 9.478999999999999648e-01
9.483000000000000318e-01 9.483000000000000318e-01
9.482000000000000428e-01 9.476999999999999869e-01
9.482000000000000428e-01 9.482000000000000428e-01
9.481000000000000538e-01 9.475999999999999979e-01
9.481000000000000538e-01 9.479999999999999538e-01
9.481000000000000538e-01 9.479999999999999538e-01
9.481000000000000538e-01 9.477999999999999758e-01
9.482000000000000428e-01 9.479999999999999538e-01
9.482000000000000428e-01 9.481000000000000538e-01
9.482000000000000428e-01 9.474000000000000199e-01
9.482000000000000428e-01 9.477999999999999758e-01
9.479999999999999538e-01 9.475000000000000089e-01
9.481000000000000538e-01 9.475000000000000089e-01
9.481000000000000538e-01 9.467999999999999750e-01
9.479999999999999538e-01 9.474000000000000199e-01
9.479999999999999538e-01 9.474000000000000199e-01
9.481000000000000538e-01 9.474000000000000199e-01
9.482000000000000428e-01 9.476999999999999869e-01
9.483000000000000318e-01 9.477999999999999758e-01
9.481000000000000538e-01 9.477999999999999758e-01
9.481000000000000538e-01 9.471000000000000529e-01
9.481000000000000538e-01 9.474000000000000199e-01
9.481000000000000538e-01 9.471000000000000529e-01
9.481000000000000538e-01 9.468999999999999639e-01
9.479999999999999538e-01 9.472000000000000419e-01
9.479999999999999538e-01 9.474000000000000199e-01
9.481000000000000538e-01 9.472000000000000419e-01
9.479999999999999538e-01 9.473000000000000309e-01
9.482000000000000428e-01 9.467999999999999750e-01
9.482000000000000428e-01 9.475999999999999979e-01
9.483000000000000318e-01 9.473000000000000309e-01
9.483000000000000318e-01 9.475999999999999979e-01
9.483000000000000318e-01 9.477999999999999758e-01
9.483000000000000318e-01 9.476999999999999869e-01
9.483000000000000318e-01 9.475999999999999979e-01
9.484000000000000208e-01 9.479999999999999538e-01
9.484000000000000208e-01 9.475999999999999979e-01
9.483000000000000318e-01 9.475999999999999979e-01
9.482000000000000428e-01 9.474000000000000199e-01
9.483000000000000318e-01 9.474000000000000199e-01
9.482000000000000428e-01 9.476999999999999869e-01
9.482000000000000428e-01 9.475000000000000089e-01
9.481000000000000538e-01 9.469999999999999529e-01
9.482000000000000428e-01 9.473000000000000309e-01
9.481000000000000538e-01 9.471000000000000529e-01
9.482000000000000428e-01 9.472000000000000419e-01
9.482000000000000428e-01 9.473000000000000309e-01
9.482000000000000428e-01 9.472000000000000419e-01
9.484000000000000208e-01 9.476999999999999869e-01
9.484000000000000208e-01 9.469999999999999529e-01
9.483000000000000318e-01 9.475000000000000089e-01
9.483000000000000318e-01 9.474000000000000199e-01
9.483000000000000318e-01 9.482000000000000428e-01
9.483000000000000318e-01 9.475000000000000089e-01
9.483000000000000318e-01 9.482000000000000428e-01
9.482000000000000428e-01 9.482000000000000428e-01
9.482000000000000428e-01 9.484000000000000208e-01
9.482000000000000428e-01 9.477999999999999758e-01
9.482000000000000428e-01 9.484000000000000208e-01
9.482000000000000428e-01 9.473000000000000309e-01
9.482000000000000428e-01 9.474000000000000199e-01
9.482000000000000428e-01 9.471000000000000529e-01
9.482000000000000428e-01 9.475999999999999979e-01
9.482000000000000428e-01 9.476999999999999869e-01
9.482000000000000428e-01 9.473000000000000309e-01
9.482000000000000428e-01 9.474000000000000199e-01
9.482000000000000428e-01 9.481000000000000538e-01
9.482000000000000428e-01 9.478999999999999648e-01
9.479999999999999538e-01 9.478999999999999648e-01
9.478999999999999648e-01 9.479999999999999538e-01
9.478999999999999648e-01 9.484000000000000208e-01
9.478999999999999648e-01 9.476999999999999869e-01
9.478999999999999648e-01 9.481000000000000538e-01
9.477999999999999758e-01 9.475999999999999979e-01
9.479999999999999538e-01 9.473000000000000309e-01
9.479999999999999538e-01 9.472000000000000419e-01
9.478999999999999648e-01 9.474000000000000199e-01
9.478999999999999648e-01 9.471000000000000529e-01
9.478999999999999648e-01 9.469999999999999529e-01
9.477999999999999758e-01 9.467999999999999750e-01
9.475999999999999979e-01 9.474000000000000199e-01
9.475999999999999979e-01 9.469999999999999529e-01
9.475999999999999979e-01 9.473000000000000309e-01
9.475999999999999979e-01 9.474000000000000199e-01
9.475999999999999979e-01 9.469999999999999529e-01
9.475999999999999979e-01 9.471000000000000529e-01
9.475999999999999979e-01 9.472000000000000419e-01
9.475999999999999979e-01 9.473000000000000309e-01
9.475000000000000089e-01 9.473000000000000309e-01
9.475999999999999979e-01 9.466999999999999860e-01
9.475999999999999979e-01 9.465999999999999970e-01
9.475999999999999979e-01 9.467999999999999750e-01
9.475999999999999979e-01 9.471000000000000529e-01
9.476999999999999869e-01 9.471000000000000529e-01
9.475000000000000089e-01 9.469999999999999529e-01
9.475999999999999979e-01 9.469999999999999529e-01
9.475999999999999979e-01 9.464000000000000190e-01
9.475999999999999979e-01 9.463000000000000300e-01
9.475000000000000089e-01 9.457999999999999741e-01
9.475999999999999979e-01 9.461000000000000520e-01
9.475000000000000089e-01 9.463000000000000300e-01
9.474000000000000199e-01 9.464000000000000190e-01
9.475000000000000089e-01 9.465999999999999970e-01
9.475000000000000089e-01 9.465999999999999970e-01
9.474000000000000199e-01 9.462000000000000410e-01
9.475000000000000089e-01 9.464000000000000190e-01
9.475999999999999979e-01 9.464000000000000190e-01
9.475000000000000089e-01 9.463000000000000300e-01
9.475000000000000089e-01 9.465000000000000080e-01
9.475999999999999979e-01 9.465999999999999970e-01
9.475999999999999979e-01 9.464000000000000190e-01
9.475000000000000089e-01 9.467999999999999750e-01
9.475999999999999979e-01 9.466999999999999860e-01
9.475999999999999979e-01 9.464000000000000190e-01
9.475999999999999979e-01 9.461000000000000520e-01
9.475999999999999979e-01 9.463000000000000300e-01
9.475999999999999979e-01 9.468999999999999639e-01
9.476999999999999869e-01 9.465999999999999970e-01
9.476999999999999869e-01 9.462000000000000410e-01
9.476999999999999869e-01 9.463000000000000300e-01
9.476999999999999869e-01 9.459999999999999520e-01
9.476999999999999869e-01 9.459999999999999520e-01
9.476999999999999869e-01 9.458999999999999631e-01
9.476999999999999869e-01 9.462000000000000410e-01
9.476999999999999869e-01 9.457999999999999741e-01
9.476999999999999869e-01 9.457999999999999741e-01
9.476999999999999869e-01 9.457999999999999741e-01
9.476999999999999869e-01 9.457999999999999741e-01
9.476999999999999869e-01 9.459999999999999520e-01
9.475999999999999979e-01 9.462000000000000410e-01
9.475999999999999979e-01 9.459999999999999520e-01
9.475999999999999979e-01 9.464000000000000190e-01
9.475999999999999979e-01 9.462000000000000410e-01
9.475999999999999979e-01 9.464000000000000190e-01
9.476999999999999869e-01 9.463000000000000300e-01
9.476999999999999869e-01 9.464000000000000190e-01
9.475999999999999979e-01 9.464000000000000190e-01
9.475999999999999979e-01 9.462000000000000410e-01
9.475999999999999979e-01 9.464000000000000190e-01
9.475999999999999979e-01 9.461000000000000520e-01
9.475999999999999979e-01 9.461000000000000520e-01
9.476999999999999869e-01 9.459999999999999520e-01
9.476999999999999869e-01 9.459999999999999520e-01
9.475999999999999979e-01 9.462000000000000410e-01
9.475999999999999979e-01 9.465000000000000080e-01
9.474000000000000199e-01 9.465999999999999970e-01
9.475000000000000089e-01 9.465999999999999970e-01
9.475000000000000089e-01 9.466999999999999860e-01
9.475000000000000089e-01 9.466999999999999860e-01
9.475000000000000089e-01 9.471000000000000529e-01
9.475000000000000089e-01 9.468999999999999639e-01
9.475000000000000089e-01 9.465999999999999970e-01
9.475000000000000089e-01 9.463000000000000300e-01
9.475000000000000089e-01 9.472000000000000419e-01
9.475000000000000089e-01 9.469999999999999529e-01
9.475000000000000089e-01 9.473000000000000309e-01
9.475000000000000089e-01 9.474000000000000199e-01
9.475000000000000089e-01 9.466999999999999860e-01
9.475000000000000089e-01 9.471000000000000529e-01
9.474000000000000199e-01 9.474000000000000199e-01
9.473000000000000309e-01 9.471000000000000529e-01
9.475000000000000089e-01 9.469999999999999529e-01
9.475000000000000089e-01 9.467999999999999750e-01
9.474000000000000199e-01 9.475000000000000089e-01
9.475000000000000089e-01 9.474000000000000199e-01
9.476999999999999869e-01 9.474000000000000199e-01
9.476999999999999869e-01 9.469999999999999529e-01
9.476999999999999869e-01 9.471000000000000529e-01
9.476999999999999869e-01 9.471000000000000529e-01
9.476999999999999869e-01 9.473000000000000309e-01
9.476999999999999869e-01 9.471000000000000529e-01
9.476999999999999869e-01 9.468999999999999639e-01
9.476999999999999869e-01 9.469999999999999529e-01
9.477999999999999758e-01 9.468999999999999639e-01
9.477999999999999758e-01 9.465999999999999970e-01
9.477999999999999758e-01 9.466999999999999860e-01
9.478999999999999648e-01 9.465000000000000080e-01
9.477999999999999758e-01 9.467999999999999750e-01
9.477999999999999758e-01 9.464000000000000190e-01
9.478999999999999648e-01 9.466999999999999860e-01
9.478999999999999648e-01 9.464000000000000190e-01
9.478999999999999648e-01 9.465999999999999970e-01
9.479999999999999538e-01 9.466999999999999860e-01
9.479999999999999538e-01 9.469999999999999529e-01
9.481000000000000538e-01 9.467999999999999750e-01
9.482000000000000428e-01 9.467999999999999750e-01
9.482000000000000428e-01 9.469999999999999529e-01
9.482000000000000428e-01 9.468999999999999639e-01
9.481000000000000538e-01 9.467999999999999750e-01
9.481000000000000538e-01 9.469999999999999529e-01
9.481000000000000538e-01 9.469999999999999529e-01
9.481000000000000538e-01 9.474000000000000199e-01
9.479999999999999538e-01 9.475000000000000089e-01
9.479999999999999538e-01 9.474000000000000199e-01
9.478999999999999648e-01 9.474000000000000199e-01
9.478999999999999648e-01 9.473000000000000309e-01
9.478999999999999648e-01 9.471000000000000529e-01
9.479999999999999538e-01 9.472000000000000419e-01
9.476999999999999869e-01 9.475999999999999979e-01
9.477999999999999758e-01 9.474000000000000199e-01
9.477999999999999758e-01 9.475999999999999979e-01
9.477999999999999758e-01 9.474000000000000199e-01
9.477999999999999758e-01 9.474000000000000199e-01
9.478999999999999648e-01 9.471000000000000529e-01
9.478999999999999648e-01 9.473000000000000309e-01
9.477999999999999758e-01 9.474000000000000199e-01
9.477999999999999758e-01 9.469999999999999529e-01
9.476999999999999869e-01 9.468999999999999639e-01
9.478999999999999648e-01 9.466999999999999860e-01
9.478999999999999648e-01 9.469999999999999529e-01
9.478999999999999648e-01 9.467999999999999750e-01
9.477999999999999758e-01 9.475999999999999979e-01
9.478999999999999648e-01 9.467999999999999750e-01
9.477999999999999758e-01 9.476999999999999869e-01
9.478999999999999648e-01 9.469999999999999529e-01
9.479999999999999538e-01 9.475999999999999979e-01
9.479999999999999538e-01 9.469999999999999529e-01
9.479999999999999538e-01 9.473000000000000309e-01
9.479999999999999538e-01 9.468999999999999639e-01
9.479999999999999538e-01 9.465000000000000080e-01
9.478999999999999648e-01 9.463000000000000300e-01
9.479999999999999538e-01 9.467999999999999750e-01
9.478999999999999648e-01 9.472000000000000419e-01
9.478999999999999648e-01 9.469999999999999529e-01
9.478999999999999648e-01 9.466999999999999860e-01
9.478999999999999648e-01 9.467999999999999750e-01
9.478999999999999648e-01 9.463000000000000300e-01
9.478999999999999648e-01 9.464000000000000190e-01
9.479999999999999538e-01 9.463000000000000300e-01
9.481000000000000538e-01 9.456999999999999851e-01
9.482000000000000428e-01 9.457999999999999741e-01
9.482000000000000428e-01 9.457999999999999741e-01
9.482000000000000428e-01 9.455999999999999961e-01
9.483000000000000318e-01 9.458999999999999631e-01
9.483000000000000318e-01 9.465000000000000080e-01
9.483000000000000318e-01 9.465999999999999970e-01
9.483000000000000318e-01 9.463000000000000300e-01
9.482000000000000428e-01 9.463000000000000300e-01
9.481000000000000538e-01 9.465000000000000080e-01
9.479999999999999538e-01 9.461000000000000520e-01
9.481000000000000538e-01 9.465000000000000080e-01
9.481000000000000538e-01 9.461000000000000520e-01
9.481000000000000538e-01 9.465000000000000080e-01
9.481000000000000538e-01 9.464000000000000190e-01
9.481000000000000538e-01 9.465000000000000080e-01
9.478999999999999648e-01 9.457999999999999741e-01
9.478999999999999648e-01 9.462000000000000410e-01
9.479999999999999538e-01 9.456999999999999851e-01
9.477999999999999758e-01 9.465000000000000080e-01
9.477999999999999758e-01 9.459999999999999520e-01
9.478999999999999648e-01 9.457999999999999741e-01
9.478999999999999648e-01 9.461000000000000520e-01
9.481000000000000538e-01 9.467999999999999750e-01
9.479999999999999538e-01 9.463000000000000300e-01
9.481000000000000538e-01 9.461000000000000520e-01
9.479999999999999538e-01 9.463000000000000300e-01
9.478999999999999648e-01 9.465999999999999970e-01
9.478999999999999648e-01 9.465999999999999970e-01
9.481000000000000538e-01 9.464000000000000190e-01
9.482000000000000428e-01 9.465000000000000080e-01
9.483000000000000318e-01 9.469999999999999529e-01
9.483000000000000318e-01 9.471000000000000529e-01
9.483000000000000318e-01 9.473000000000000309e-01
9.483000000000000318e-01 9.468999999999999639e-01
9.483000000000000318e-01 9.467999999999999750e-01
9.484000000000000208e-01 9.469999999999999529e-01
9.483000000000000318e-01 9.468999999999999639e-01
9.483000000000000318e-01 9.471000000000000529e-01
9.484000000000000208e-01 9.471000000000000529e-01
9.484000000000000208e-01 9.469999999999999529e-01
9.482000000000000428e-01 9.468999999999999639e-01
9.483000000000000318e-01 9.469999999999999529e-01
9.484000000000000208e-01 9.471000000000000529e-01
9.484000000000000208e-01 9.474000000000000199e-01
9.483000000000000318e-01 9.472000000000000419e-01
9.484000000000000208e-01 9.466999999999999860e-01
9.484000000000000208e-01 9.468999999999999639e-01
9.483000000000000318e-01 9.462000000000000410e-01
9.483000000000000318e-01 9.465000000000000080e-01
9.483000000000000318e-01 9.465000000000000080e-01
9.483000000000000318e-01 9.465999999999999970e-01
9.484000000000000208e-01 9.459999999999999520e-01
9.484000000000000208e-01 9.462000000000000410e-01
9.485000000000000098e-01 9.463000000000000300e-01
9.485000000000000098e-01 9.463000000000000300e-01
9.484000000000000208e-01 9.459999999999999520e-01
9.485000000000000098e-01 9.462000000000000410e-01
9.484000000000000208e-01 9.463000000000000300e-01
9.484000000000000208e-01 9.461000000000000520e-01
9.484000000000000208e-01 9.465000000000000080e-01
9.485000000000000098e-01 9.463000000000000300e-01
9.485000000000000098e-01 9.473000000000000309e-01
9.485000000000000098e-01 9.469999999999999529e-01
9.485000000000000098e-01 9.475999999999999979e-01
9.485000000000000098e-01 9.473000000000000309e-01
9.485000000000000098e-01 9.475999999999999979e-01
9.485000000000000098e-01 9.473000000000000309e-01
9.484000000000000208e-01 9.471000000000000529e-01
9.485000000000000098e-01 9.471000000000000529e-01
9.485000000000000098e-01 9.475999999999999979e-01
9.485000000000000098e-01 9.474000000000000199e-01
9.485999999999999988e-01 9.475000000000000089e-01
9.485999999999999988e-01 9.473000000000000309e-01
9.485000000000000098e-01 9.476999999999999869e-01
9.484000000000000208e-01 9.476999999999999869e-01
9.485000000000000098e-01 9.475999999999999979e-01
9.485000000000000098e-01 9.476999999999999869e-01
9.485000000000000098e-01 9.475999999999999979e-01
9.484000000000000208e-01 9.475000000000000089e-01
9.484000000000000208e-01 9.471000000000000529e-01
9.484000000000000208e-01 9.467999999999999750e-01
9.484000000000000208e-01 9.471000000000000529e-01
9.484000000000000208e-01 9.468999999999999639e-01
9.484000000000000208e-01 9.469999999999999529e-01
9.484000000000000208e-01 9.475000000000000089e-01
9.485000000000000098e-01 9.467999999999999750e-01
9.484000000000000208e-01 9.475999999999999979e-01
9.483000000000000318e-01 9.475000000000000089e-01
9.483000000000000318e-01 9.474000000000000199e-01
9.483000000000000318e-01 9.471000000000000529e-01
9.483000000000000318e-01 9.469999999999999529e-01
9.483000000000000318e-01 9.463000000000000300e-01
9.483000000000000318e-01 9.474000000000000199e-01
9.483000000000000318e-01 9.466999999999999860e-01
9.483000000000000318e-01 9.471000000000000529e-01
9.483000000000000318e-01 9.465999999999999970e-01
9.482000000000000428e-01 9.473000000000000309e-01
9.482000000000000428e-01 9.473000000000000309e-01
9.483000000000000318e-01 9.475999999999999979e-01
9.484000000000000208e-01 9.472000000000000419e-01
9.482000000000000428e-01 9.473000000000000309e-01
9.483000000000000318e-01 9.471000000000000529e-01
9.483000000000000318e-01 9.472000000000000419e-01
9.483000000000000318e-01 9.468999999999999639e-01
9.483000000000000318e-01 9.472000000000000419e-01
9.484000000000000208e-01 9.466999999999999860e-01
9.484000000000000208e-01 9.472000000000000419e-01
9.485000000000000098e-01 9.467999999999999750e-01
9.484000000000000208e-01 9.468999999999999639e-01
9.485999999999999988e-01 9.466999999999999860e-01
9.485999999999999988e-01 9.469999999999999529e-01
9.485999999999999988e-01 9.465000000000000080e-01
9.485999999999999988e-01 9.466999999999999860e-01
9.485999999999999988e-01 9.456999999999999851e-01
9.485999999999999988e-01 9.464000000000000190e-01
9.485999999999999988e-01 9.463000000000000300e-01
9.485999999999999988e-01 9.463000000000000300e-01
9.485999999999999988e-01 9.464000000000000190e-01
9.485999999999999988e-01 9.466999999999999860e-01
9.485999999999999988e-01 9.463000000000000300e-01
9.485999999999999988e-01 9.465000000000000080e-01
9.485999999999999988e-01 9.464000000000000190e-01
9.485999999999999988e-01 9.462000000000000410e-01
9.485000000000000098e-01 9.462000000000000410e-01
9.484000000000000208e-01 9.459999999999999520e-01
9.484000000000000208e-01 9.455999999999999961e-01
9.485000000000000098e-01 9.455999999999999961e-01
9.485000000000000098e-01 9.455000000000000071e-01
9.485000000000000098e-01 9.453000000000000291e-01
9.484000000000000208e-01 9.461000000000000520e-01
9.483000000000000318e-01 9.462000000000000410e-01
9.484000000000000208e-01 9.461000000000000520e-01
9.483000000000000318e-01 9.465999999999999970e-01
9.483000000000000318e-01 9.465999999999999970e-01
9.484000000000000208e-01 9.468999999999999639e-01
9.484000000000000208e-01 9.465999999999999970e-01
9.484000000000000208e-01 9.465000000000000080e-01
9.484000000000000208e-01 9.466999999999999860e-01
9.484000000000000208e-01 9.465000000000000080e-01
9.484000000000000208e-01 9.462000000000000410e-01
9.483000000000000318e-01 9.462000000000000410e-01
9.483000000000000318e-01 9.468999999999999639e-01
9.483000000000000318e-01 9.466999999999999860e-01
9.483000000000000318e-01 9.463000000000000300e-01
9.481000000000000538e-01 9.465999999999999970e-01
9.481000000000000538e-01 9.464000000000000190e-01
9.481000000000000538e-01 9.465999999999999970e-01
9.481000000000000538e-01 9.462000000000000410e-01
9.481000000000000538e-01 9.465999999999999970e-01
9.481000000000000538e-01 9.465999999999999970e-01
9.481000000000000538e-01 9.465999999999999970e-01
9.479999999999999538e-01 9.465000000000000080e-01
9.479999999999999538e-01 9.466999999999999860e-01
9.479999999999999538e-01 9.461000000000000520e-01
9.479999999999999538e-01 9.464000000000000190e-01
9.481000000000000538e-01 9.458999999999999631e-01
9.482000000000000428e-01 9.465000000000000080e-01
9.479999999999999538e-01 9.456999999999999851e-01
9.479999999999999538e-01 9.458999999999999631e-01
9.479999999999999538e-01 9.463000000000000300e-01
9.479999999999999538e-01 9.465999999999999970e-01
9.479999999999999538e-01 9.465999999999999970e-01
9.479999999999999538e-01 9.464000000000000190e-01
9.481000000000000538e-01 9.467999999999999750e-01
9.479999999999999538e-01 9.464000000000000190e-01
9.481000000000000538e-01 9.464000000000000190e-01
9.481000000000000538e-01 9.462000000000000410e-01
9.481000000000000538e-01 9.467999999999999750e-01
9.481000000000000538e-01 9.468999999999999639e-01
9.481000000000000538e-01 9.472000000000000419e-01
9.481000000000000538e-01 9.472000000000000419e-01
9.481000000000000538e-01 9.467999999999999750e-01
9.479999999999999538e-01 9.464000000000000190e-01
9.479999999999999538e-01 9.468999999999999639e-01
9.481000000000000538e-01 9.459999999999999520e-01
9.482000000000000428e-01 9.468999999999999639e-01
9.482000000000000428e-01 9.464000000000000190e-01
9.482000000000000428e-01 9.468999999999999639e-01
9.482000000000000428e-01 9.471000000000000529e-01
9.482000000000000428e-01 9.469999999999999529e-01
9.482000000000000428e-01 9.472000000000000419e-01
9.482000000000000428e-01 9.472000000000000419e-01
9.483000000000000318e-01 9.474000000000000199e-01
9.483000000000000318e-01 9.475999999999999979e-01
9.483000000000000318e-01 9.477999999999999758e-01
9.483000000000000318e-01 9.475999999999999979e-01
9.482000000000000428e-01 9.478999999999999648e-01
9.482000000000000428e-01 9.481000000000000538e-01
9.481000000000000538e-01 9.475999999999999979e-01
9.481000000000000538e-01 9.475999999999999979e-01
9.481000000000000538e-01 9.476999999999999869e-01
9.481000000000000538e-01 9.475999999999999979e-01
9.481000000000000538e-01 9.475000000000000089e-01
9.481000000000000538e-01 9.476999999999999869e-01
9.481000000000000538e-01 9.473000000000000309e-01
9.481000000000000538e-01 9.473000000000000309e-01
9.481000000000000538e-01 9.474000000000000199e-01
9.482000000000000428e-01 9.468999999999999639e-01
9.481000000000000538e-01 9.475000000000000089e-01
9.482000000000000428e-01 9.474000000000000199e-01
9.481000000000000538e-01 9.473000000000000309e-01
9.479999999999999538e-01 9.468999999999999639e-01
9.479999999999999538e-01 9.465000000000000080e-01
9.481000000000000538e-01 9.463000000000000300e-01
9.481000000000000538e-01 9.466999999999999860e-01
9.481000000000000538e-01 9.463000000000000300e-01
9.483000000000000318e-01 9.465000000000000080e-01
9.484000000000000208e-01 9.461000000000000520e-01
9.481000000000000538e-01 9.461000000000000520e-01
9.482000000000000428e-01 9.463000000000000300e-01
9.481000000000000538e-01 9.464000000000000190e-01
9.481000000000000538e-01 9.463000000000000300e-01
9.482000000000000428e-01 9.459999999999999520e-01
9.482000000000000428e-01 9.462000000000000410e-01
9.482000000000000428e-01 9.461000000000000520e-01
9.482000000000000428e-01 9.458999999999999631e-01
9.483000000000000318e-01 9.459999999999999520e-01
9.483000000000000318e-01 9.462000000000000410e-01
9.483000000000000318e-01 9.464000000000000190e-01
9.483000000000000318e-01 9.465999999999999970e-01
9.483000000000000318e-01 9.457999999999999741e-01
9.483000000000000318e-01 9.461000000000000520e-01
9.483000000000000318e-01 9.462000000000000410e-01
9.483000000000000318e-01 9.467999999999999750e-01
9.483000000000000318e-01 9.463000000000000300e-01
9.483000000000000318e-01 9.464000000000000190e-01
9.483000000000000318e-01 9.461000000000000520e-01
9.483000000000000318e-01 9.461000000000000520e-01
9.483000000000000318e-01 9.465999999999999970e-01
9.484000000000000208e-01 9.465000000000000080e-01
9.484000000000000208e-01 9.463000000000000300e-01
9.484000000000000208e-01 9.465999999999999970e-01
9.485000000000000098e-01 9.465000000000000080e-01
9.485000000000000098e-01 9.467999999999999750e-01
9.485999999999999988e-01 9.466999999999999860e-01
9.485999999999999988e-01 9.465000000000000080e-01
9.485999999999999988e-01 9.464000000000000190e-01
9.485000000000000098e-01 9.468999999999999639e-01
9.484000000000000208e-01 9.465000000000000080e-01
9.485999999999999988e-01 9.468999999999999639e-01
9.485000000000000098e-01 9.462000000000000410e-01
9.485999999999999988e-01 9.465999999999999970e-01
9.485999999999999988e-01 9.464000000000000190e-01
9.485999999999999988e-01 9.473000000000000309e-01
9.485000000000000098e-01 9.475000000000000089e-01
9.484000000000000208e-01 9.478999999999999648e-01
9.484000000000000208e-01 9.478999999999999648e-01
9.484000000000000208e-01 9.479999999999999538e-01
9.485999999999999988e-01 9.475000000000000089e-01
9.485000000000000098e-01 9.476999999999999869e-01
9.485000000000000098e-01 9.476999999999999869e-01
9.485000000000000098e-01 9.483000000000000318e-01
9.485000000000000098e-01 9.477999999999999758e-01
9.485000000000000098e-01 9.475999999999999979e-01
9.485000000000000098e-01 9.477999999999999758e-01
9.485000000000000098e-01 9.478999999999999648e-01
9.485999999999999988e-01 9.481000000000000538e-01
9.486999999999999877e-01 9.476999999999999869e-01
9.486999999999999877e-01 9.484000000000000208e-01
9.485999999999999988e-01 9.479999999999999538e-01
9.486999999999999877e-01 9.481000000000000538e-01
9.485999999999999988e-01 9.481000000000000538e-01
9.485999999999999988e-01 9.476999999999999869e-01
9.486999999999999877e-01 9.485000000000000098e-01
9.485999999999999988e-01 9.469999999999999529e-01
9.485999999999999988e-01 9.478999999999999648e-01
9.485999999999999988e-01 9.474000000000000199e-01
9.485999999999999988e-01 9.474000000000000199e-01
9.485999999999999988e-01 9.475000000000000089e-01
9.486999999999999877e-01 9.473000000000000309e-01
9.485999999999999988e-01 9.473000000000000309e-01
9.485000000000000098e-01 9.475000000000000089e-01
9.485000000000000098e-01 9.475000000000000089e-01
9.485999999999999988e-01 9.473000000000000309e-01
9.485999999999999988e-01 9.473000000000000309e-01
9.485999999999999988e-01 9.475999999999999979e-01
9.485999999999999988e-01 9.474000000000000199e-01
9.485999999999999988e-01 9.477999999999999758e-01
9.485999999999999988e-01 9.478999999999999648e-01
9.485000000000000098e-01 9.479999999999999538e-01
9.485000000000000098e-01 9.478999999999999648e-01
9.485000000000000098e-01 9.477999999999999758e-01
9.485000000000000098e-01 9.475999999999999979e-01
9.485000000000000098e-01 9.475000000000000089e-01
9.485000000000000098e-01 9.473000000000000309e-01
9.485000000000000098e-01 9.476999999999999869e-01
9.485000000000000098e-01 9.474000000000000199e-01
9.485999999999999988e-01 9.474000000000000199e-01
9.485999999999999988e-01 9.473000000000000309e-01
9.485999999999999988e-01 9.476999999999999869e-01
9.485000000000000098e-01 9.476999999999999869e-01
9.485999999999999988e-01 9.474000000000000199e-01
9.485999999999999988e-01 9.473000000000000309e-01
9.485999999999999988e-01 9.476999999999999869e-01
9.485999999999999988e-01 9.467999999999999750e-01
9.485999999999999988e-01 9.472000000000000419e-01
9.486999999999999877e-01 9.468999999999999639e-01
9.485000000000000098e-01 9.469999999999999529e-01
9.485999999999999988e-01 9.467999999999999750e-01
9.485000000000000098e-01 9.469999999999999529e-01
9.485999999999999988e-01 9.469999999999999529e-01
9.486999999999999877e-01 9.468999999999999639e-01
9.485999999999999988e-01 9.465999999999999970e-01
9.485999999999999988e-01 9.466999999999999860e-01
9.486999999999999877e-01 9.465999999999999970e-01
9.486999999999999877e-01 9.465000000000000080e-01
9.486999999999999877e-01 9.473000000000000309e-01
9.486999999999999877e-01 9.474000000000000199e-01
9.486999999999999877e-01 9.473000000000000309e-01
9.485999999999999988e-01 9.474000000000000199e-01
9.487999999999999767e-01 9.475000000000000089e-01
9.487999999999999767e-01 9.473000000000000309e-01
9.487999999999999767e-01 9.477999999999999758e-01
9.487999999999999767e-01 9.477999999999999758e-01
9.487999999999999767e-01 9.478999999999999648e-01
9.486999999999999877e-01 9.483000000000000318e-01
9.486999999999999877e-01 9.474000000000000199e-01
9.486999999999999877e-01 9.472000000000000419e-01
9.486999999999999877e-01 9.469999999999999529e-01
9.487999999999999767e-01 9.467999999999999750e-01
9.487999999999999767e-01 9.471000000000000529e-01
9.485999999999999988e-01 9.469999999999999529e-01
9.486999999999999877e-01 9.476999999999999869e-01
9.486999999999999877e-01 9.478999999999999648e-01
9.486999999999999877e-01 9.478999999999999648e-01
9.486999999999999877e-01 9.475000000000000089e-01
9.485999999999999988e-01 9.475999999999999979e-01
9.486999999999999877e-01 9.475000000000000089e-01
9.486999999999999877e-01 9.469999999999999529e-01
9.486999999999999877e-01 9.471000000000000529e-01
9.487999999999999767e-01 9.472000000000000419e-01
9.486999999999999877e-01 9.473000000000000309e-01
9.486999999999999877e-01 9.472000000000000419e-01
9.487999999999999767e-01 9.474000000000000199e-01
9.487999999999999767e-01 9.474000000000000199e-01
9.488999999999999657e-01 9.473000000000000309e-01
9.487999999999999767e-01 9.472000000000000419e-01
9.485999999999999988e-01 9.476999999999999869e-01
9.485999999999999988e-01 9.474000000000000199e-01
9.485999999999999988e-01 9.478999999999999648e-01
9.485999999999999988e-01 9.475999999999999979e-01
9.485999999999999988e-01 9.469999999999999529e-01
9.485999999999999988e-01 9.466999999999999860e-01
9.485999999999999988e-01 9.469999999999999529e-01
9.485000000000000098e-01 9.465999999999999970e-01
9.485999999999999988e-01 9.468999999999999639e-01
9.485999999999999988e-01 9.472000000000000419e-01
9.485000000000000098e-01 9.472000000000000419e-01
9.487999999999999767e-01 9.468999999999999639e-01
9.487999999999999767e-01 9.474000000000000199e-01
9.487999999999999767e-01 9.467999999999999750e-01
9.488999999999999657e-01 9.468999999999999639e-01
9.488999999999999657e-01 9.469999999999999529e-01
9.485999999999999988e-01 9.469999999999999529e-01
9.486999999999999877e-01 9.471000000000000529e-01
9.486999999999999877e-01 9.471000000000000529e-01
9.486999999999999877e-01 9.466999999999999860e-01
9.486999999999999877e-01 9.467999999999999750e-01
9.486999999999999877e-01 9.468999999999999639e-01
9.485999999999999988e-01 9.469999999999999529e-01
9.485999999999999988e-01 9.467999999999999750e-01
9.485999999999999988e-01 9.476999999999999869e-01
9.485999999999999988e-01 9.473000000000000309e-01
9.485999999999999988e-01 9.474000000000000199e-01
9.486999999999999877e-01 9.473000000000000309e-01
9.486999999999999877e-01 9.477999999999999758e-01
9.486999999999999877e-01 9.476999999999999869e-01
9.486999999999999877e-01 9.475999999999999979e-01
9.486999999999999877e-01 9.475999999999999979e-01
9.486999999999999877e-01 9.472000000000000419e-01
9.486999999999999877e-01 9.475000000000000089e-01
9.485999999999999988e-01 9.472000000000000419e-01
9.485999999999999988e-01 9.477999999999999758e-01
9.485999999999999988e-01 9.475999999999999979e-01
9.485999999999999988e-01 9.475000000000000089e-01
9.486999999999999877e-01 9.474000000000000199e-01
9.485999999999999988e-01 9.473000000000000309e-01
9.486999999999999877e-01 9.475999999999999979e-01
9.487999999999999767e-01 9.469999999999999529e-01
9.485999999999999988e-01 9.474000000000000199e-01
9.486999999999999877e-01 9.475000000000000089e-01
9.486999999999999877e-01 9.469999999999999529e-01
9.486999999999999877e-01 9.469999999999999529e-01
9.487999999999999767e-01 9.466999999999999860e-01
9.487999999999999767e-01 9.468999999999999639e-01
9.487999999999999767e-01 9.475999999999999979e-01
9.486999999999999877e-01 9.472000000000000419e-01
9.486999999999999877e-01 9.472000000000000419e-01
9.486999999999999877e-01 9.469999999999999529e-01
9.486999999999999877e-01 9.471000000000000529e-01
9.486999999999999877e-01 9.469999999999999529e-01
9.486999999999999877e-01 9.461000000000000520e-01
9.486999999999999877e-01 9.465999999999999970e-01
9.486999999999999877e-01 9.465000000000000080e-01
9.486999999999999877e-01 9.472000000000000419e-01
9.486999999999999877e-01 9.468999999999999639e-01
9.487999999999999767e-01 9.473000000000000309e-01
9.487999999999999767e-01 9.457999999999999741e-01
9.488999999999999657e-01 9.458999999999999631e-01
9.487999999999999767e-01 9.458999999999999631e-01
9.486999999999999877e-01 9.463000000000000300e-01
9.486999999999999877e-01 9.461000000000000520e-01
9.486999999999999877e-01 9.465000000000000080e-01
9.485999999999999988e-01 9.462000000000000410e-01
9.485000000000000098e-01 9.457999999999999741e-01
9.484000000000000208e-01 9.456999999999999851e-01
9.484000000000000208e-01 9.456999999999999851e-01
9.484000000000000208e-01 9.455000000000000071e-01
9.484000000000000208e-01 9.454000000000000181e-01
9.484000000000000208e-01 9.455000000000000071e-01
9.484000000000000208e-01 9.461000000000000520e-01
9.483000000000000318e-01 9.463000000000000300e-01
9.483000000000000318e-01 9.456999999999999851e-01
9.483000000000000318e-01 9.459999999999999520e-01
9.483000000000000318e-01 9.458999999999999631e-01
9.483000000000000318e-01 9.456999999999999851e-01
9.483000000000000318e-01 9.456999999999999851e-01
9.483000000000000318e-01 9.457999999999999741e-01
9.484000000000000208e-01 9.462000000000000410e-01
9.484000000000000208e-01 9.465000000000000080e-01
9.484000000000000208e-01 9.458999999999999631e-01
9.484000000000000208e-01 9.461000000000000520e-01
9.484000000000000208e-01 9.464000000000000190e-01
9.484000000000000208e-01 9.465000000000000080e-01
9.484000000000000208e-01 9.462000000000000410e-01
9.485000000000000098e-01 9.462000000000000410e-01
9.485000000000000098e-01 9.466999999999999860e-01
9.485000000000000098e-01 9.465000000000000080e-01
9.485000000000000098e-01 9.465000000000000080e-01
9.485000000000000098e-01 9.462000000000000410e-01
9.484000000000000208e-01 9.459999999999999520e-01
9.483000000000000318e-01 9.465999999999999970e-01
9.484000000000000208e-01 9.464000000000000190e-01
9.485000000000000098e-01 9.465000000000000080e-01
9.484000000000000208e-01 9.461000000000000520e-01
9.485000000000000098e-01 9.462000000000000410e-01
9.484000000000000208e-01 9.464000000000000190e-01
9.483000000000000318e-01 9.461000000000000520e-01
9.483000000000000318e-01 9.456999999999999851e-01
9.483000000000000318e-01 9.458999999999999631e-01
9.484000000000000208e-01 9.457999999999999741e-01
9.484000000000000208e-01 9.461000000000000520e-01
9.484000000000000208e-01 9.456999999999999851e-01
9.484000000000000208e-01 9.458999999999999631e-01
9.484000000000000208e-01 9.455000000000000071e-01
9.484000000000000208e-01 9.455000000000000071e-01
9.483000000000000318e-01 9.464000000000000190e-01
9.484000000000000208e-01 9.459999999999999520e-01
9.484000000000000208e-01 9.457999999999999741e-01
9.484000000000000208e-01 9.466999999999999860e-01
9.484000000000000208e-01 9.462000000000000410e-01
9.484000000000000208e-01 9.465999999999999970e-01
9.483000000000000318e-01 9.465999999999999970e-01
9.483000000000000318e-01 9.466999999999999860e-01
9.483000000000000318e-01 9.467999999999999750e-01
9.483000000000000318e-01 9.463000000000000300e-01
9.483000000000000318e-01 9.457999999999999741e-01
9.483000000000000318e-01 9.467999999999999750e-01
9.483000000000000318e-01 9.462000000000000410e-01
9.482000000000000428e-01 9.462000000000000410e-01
9.483000000000000318e-01 9.462000000000000410e-01
9.483000000000000318e-01 9.465999999999999970e-01
9.482000000000000428e-01 9.458999999999999631e-01
9.483000000000000318e-01 9.464000000000000190e-01
9.483000000000000318e-01 9.461000000000000520e-01
9.482000000000000428e-01 9.465999999999999970e-01
9.483000000000000318e-01 9.466999999999999860e-01
9.483000000000000318e-01 9.471000000000000529e-01
9.483000000000000318e-01 9.468999999999999639e-01
9.483000000000000318e-01 9.473000000000000309e-01
9.483000000000000318e-01 9.469999999999999529e-01
9.483000000000000318e-01 9.472000000000000419e-01
9.483000000000000318e-01 9.472000000000000419e-01
9.483000000000000318e-01 9.474000000000000199e-01
9.483000000000000318e-01 9.475000000000000089e-01
9.483000000000000318e-01 9.474000000000000199e-01
9.483000000000000318e-01 9.473000000000000309e-01
9.483000000000000318e-01 9.464000000000000190e-01
9.483000000000000318e-01 9.467999999999999750e-01
9.483000000000000318e-01 9.468999999999999639e-01
9.483000000000000318e-01 9.466999999999999860e-01
9.482000000000000428e-01 9.465999999999999970e-01
9.482000000000000428e-01 9.458999999999999631e-01
9.481000000000000538e-01 9.462000000000000410e-01
9.482000000000000428e-01 9.459999999999999520e-01
9.482000000000000428e-01 9.464000000000000190e-01
9.482000000000000428e-01 9.458999999999999631e-01
9.481000000000000538e-01 9.464000000000000190e-01
9.481000000000000538e-01 9.459999999999999520e-01
9.481000000000000538e-01 9.462000000000000410e-01
9.481000000000000538e-01 9.459999999999999520e-01
9.481000000000000538e-01 9.464000000000000190e-01
9.481000000000000538e-01 9.463000000000000300e-01
9.481000000000000538e-01 9.461000000000000520e-01
9.481000000000000538e-01 9.458999999999999631e-01
9.482000000000000428e-01 9.461000000000000520e-01
9.482000000000000428e-01 9.459999999999999520e-01
9.483000000000000318e-01 9.458999999999999631e-01
9.483000000000000318e-01 9.461000000000000520e-01
9.482000000000000428e-01 9.455999999999999961e-01
9.482000000000000428e-01 9.459999999999999520e-01
9.482000000000000428e-01 9.457999999999999741e-01
9.482000000000000428e-01 9.458999999999999631e-01
9.482000000000000428e-01 9.456999999999999851e-01
9.482000000000000428e-01 9.461000000000000520e-01
9.482000000000000428e-01 9.454000000000000181e-01
9.484000000000000208e-01 9.459999999999999520e-01
9.483000000000000318e-01 9.461000000000000520e-01
9.483000000000000318e-01 9.462000000000000410e-01
9.482000000000000428e-01 9.455000000000000071e-01
9.482000000000000428e-01 9.455000000000000071e-01
9.482000000000000428e-01 9.453000000000000291e-01
9.482000000000000428e-01 9.455999999999999961e-01
9.482000000000000428e-01 9.454000000000000181e-01
9.481000000000000538e-01 9.456999999999999851e-01
9.481000000000000538e-01 9.454000000000000181e-01
9.481000000000000538e-01 9.458999999999999631e-01
9.479999999999999538e-01 9.456999999999999851e-01
9.479999999999999538e-01 9.465000000000000080e-01
9.477999999999999758e-01 9.457999999999999741e-01
9.478999999999999648e-01 9.462000000000000410e-01
9.479999999999999538e-01 9.461000000000000520e-01
9.479999999999999538e-01 9.461000000000000520e-01
9.479999999999999538e-01 9.457999999999999741e-01
9.479999999999999538e-01 9.459999999999999520e-01
9.479999999999999538e-01 9.463000000000000300e-01
9.479999999999999538e-01 9.461000000000000520e-01
9.479999999999999538e-01 9.458999999999999631e-01
9.478999999999999648e-01 9.463000000000000300e-01
9.479999999999999538e-01 9.459999999999999520e-01
9.478999999999999648e-01 9.459999999999999520e-01
9.478999999999999648e-01 9.461000000000000520e-01
9.478999999999999648e-01 9.461000000000000520e-01
9.479999999999999538e-01 9.457999999999999741e-01
9.479999999999999538e-01 9.461000000000000520e-01
9.478999999999999648e-01 9.462000000000000410e-01
9.478999999999999648e-01 9.459999999999999520e-01
9.478999999999999648e-01 9.455999999999999961e-01
9.477999999999999758e-01 9.461000000000000520e-01
9.478999999999999648e-01 9.459999999999999520e-01
9.479999999999999538e-01 9.458999999999999631e-01
9.479999999999999538e-01 9.456999999999999851e-01
9.477999999999999758e-01 9.464000000000000190e-01
9.479999999999999538e-01 9.461000000000000520e-01
9.478999999999999648e-01 9.462000000000000410e-01
9.478999999999999648e-01 9.466999999999999860e-01
9.478999999999999648e-01 9.465000000000000080e-01
9.478999999999999648e-01 9.466999999999999860e-01
9.478999999999999648e-01 9.462000000000000410e-01
9.478999999999999648e-01 9.462000000000000410e-01
9.478999999999999648e-01 9.465000000000000080e-01
9.478999999999999648e-01 9.465999999999999970e-01
9.478999999999999648e-01 9.466999999999999860e-01
9.478999999999999648e-01 9.473000000000000309e-01
9.477999999999999758e-01 9.469999999999999529e-01
9.477999999999999758e-01 9.474000000000000199e-01
9.478999999999999648e-01 9.474000000000000199e-01
9.477999999999999758e-01 9.472000000000000419e-01
9.477999999999999758e-01 9.465999999999999970e-01
9.477999999999999758e-01 9.466999999999999860e-01
9.478999999999999648e-01 9.468999999999999639e-01
9.478999999999999648e-01 9.468999999999999639e-01
9.478999999999999648e-01 9.469999999999999529e-01
9.478999999999999648e-01 9.468999999999999639e-01
9.478999999999999648e-01 9.467999999999999750e-01
9.478999999999999648e-01 9.464000000000000190e-01
9.477999999999999758e-01 9.462000000000000410e-01
9.477999999999999758e-01 9.467999999999999750e-01
9.476999999999999869e-01 9.469999999999999529e-01
9.476999999999999869e-01 9.465999999999999970e-01
9.475999999999999979e-01 9.465999999999999970e-01
9.475999999999999979e-01 9.462000000000000410e-01
9.475999999999999979e-01 9.465999999999999970e-01
9.475999999999999979e-01 9.466999999999999860e-01
9.475999999999999979e-01 9.469999999999999529e-01
9.475999999999999979e-01 9.465000000000000080e-01
9.475999999999999979e-01 9.465000000000000080e-01
9.475999999999999979e-01 9.465999999999999970e-01
9.476999999999999869e-01 9.467999999999999750e-01
9.475999999999999979e-01 9.462000000000000410e-01
9.475999999999999979e-01 9.463000000000000300e-01
9.475999999999999979e-01 9.463000000000000300e-01
9.475000000000000089e-01 9.465999999999999970e-01
9.475999999999999979e-01 9.464000000000000190e-01
9.475000000000000089e-01 9.464000000000000190e-01
9.474000000000000199e-01 9.468999999999999639e-01
9.475000000000000089e-01 9.472000000000000419e-01
9.474000000000000199e-01 9.464000000000000190e-01
9.475999999999999979e-01 9.466999999999999860e-01
9.475999999999999979e-01 9.466999999999999860e-01
9.475999999999999979e-01 9.467999999999999750e-01
9.475999999999999979e-01 9.467999999999999750e-01
9.475999999999999979e-01 9.467999999999999750e-01
9.475999999999999979e-01 9.468999999999999639e-01
9.475000000000000089e-01 9.465999999999999970e-01
9.476999999999999869e-01 9.469999999999999529e-01
9.476999999999999869e-01 9.456999999999999851e-01
9.476999999999999869e-01 9.465000000000000080e-01
9.476999999999999869e-01 9.459999999999999520e-01
9.477999999999999758e-01 9.462000000000000410e-01
9.476999999999999869e-01 9.459999999999999520e-01
9.477999999999999758e-01 9.468999999999999639e-01
9.477999999999999758e-01 9.469999999999999529e-01
9.477999999999999758e-01 9.465999999999999970e-01
9.477999999999999758e-01 9.465000000000000080e-01
9.477999999999999758e-01 9.463000000000000300e-01
9.476999999999999869e-01 9.459999999999999520e-01
9.476999999999999869e-01 9.464000000000000190e-01
9.477999999999999758e-01 9.458999999999999631e-01
9.477999999999999758e-01 9.464000000000000190e-01
9.476999999999999869e-01 9.459999999999999520e-01
9.477999999999999758e-01 9.463000000000000300e-01
9.476999999999999869e-01 9.457999999999999741e-01
9.476999999999999869e-01 9.464000000000000190e-01
9.478999999999999648e-01 9.463000000000000300e-01
9.478999999999999648e-01 9.466999999999999860e-01
9.478999999999999648e-01 9.465000000000000080e-01
9.477999999999999758e-01 9.468999999999999639e-01
9.477999999999999758e-01 9.467999999999999750e-01
9.477999999999999758e-01 9.471000000000000529e-01
9.477999999999999758e-01 9.465999999999999970e-01
9.477999999999999758e-01 9.469999999999999529e-01
9.477999999999999758e-01 9.467999999999999750e-01
9.477999999999999758e-01 9.468999999999999639e-01
9.477999999999999758e-01 9.463000000000000300e-01
9.475999999999999979e-01 9.462000000000000410e-01
9.476999999999999869e-01 9.458999999999999631e-01
9.476999999999999869e-01 9.467999999999999750e-01
9.476999999999999869e-01 9.463000000000000300e-01
9.477999999999999758e-01 9.464000000000000190e-01
9.476999999999999869e-01 9.462000000000000410e-01
9.476999999999999869e-01 9.459999999999999520e-01
9.476999999999999869e-01 9.465000000000000080e-01
9.475999999999999979e-01 9.462000000000000410e-01
9.476999999999999869e-01 9.456999999999999851e-01
9.476999999999999869e-01 9.466999999999999860e-01
9.476999999999999869e-01 9.459999999999999520e-01
9.476999999999999869e-01 9.457999999999999741e-01
9.476999999999999869e-01 9.463000000000000300e-01
9.476999999999999869e-01 9.463000000000000300e-01
9.475999999999999979e-01 9.462000000000000410e-01
9.475000000000000089e-01 9.462000000000000410e-01
9.475000000000000089e-01 9.464000000000000190e-01
9.475000000000000089e-01 9.463000000000000300e-01
9.475999999999999979e-01 9.465000000000000080e-01
9.475999999999999979e-01 9.462000000000000410e-01
9.475999999999999979e-01 9.465999999999999970e-01
9.475999999999999979e-01 9.454000000000000181e-01
9.475999999999999979e-01 9.461000000000000520e-01
9.475999999999999979e-01 9.461000000000000520e-01
9.475999999999999979e-01 9.467999999999999750e-01
9.475999999999999979e-01 9.466999999999999860e-01
9.475999999999999979e-01 9.469999999999999529e-01
9.475999999999999979e-01 9.467999999999999750e-01
9.476999999999999869e-01 9.465000000000000080e-01
9.476999999999999869e-01 9.465999999999999970e-01
9.476999999999999869e-01 9.469999999999999529e-01
9.476999999999999869e-01 9.466999999999999860e-01
9.477999999999999758e-01 9.471000000000000529e-01
9.477999999999999758e-01 9.463000000000000300e-01
9.476999999999999869e-01 9.467999999999999750e-01
9.477999999999999758e-01 9.471000000000000529e-01
9.475999999999999979e-01 9.471000000000000529e-01
9.476999999999999869e-01 9.468999999999999639e-01
9.477999999999999758e-01 9.465999999999999970e-01
9.476999999999999869e-01 9.466999999999999860e-01
9.477999999999999758e-01 9.468999999999999639e-01
9.476999999999999869e-01 9.468999999999999639e-01
9.475999999999999979e-01 9.468999999999999639e-01
9.475999999999999979e-01 9.467999999999999750e-01
9.475999999999999979e-01 9.466999999999999860e-01
9.475999999999999979e-01 9.466999999999999860e-01
9.475999999999999979e-01 9.465999999999999970e-01
9.475999999999999979e-01 9.465000000000000080e-01
9.475000000000000089e-01 9.472000000000000419e-01
9.475000000000000089e-01 9.471000000000000529e-01
9.475999999999999979e-01 9.474000000000000199e-01
9.475999999999999979e-01 9.476999999999999869e-01
9.475999999999999979e-01 9.467999999999999750e-01
9.475999999999999979e-01 9.478999999999999648e-01
9.476999999999999869e-01 9.474000000000000199e-01
9.476999999999999869e-01 9.476999999999999869e-01
9.476999999999999869e-01 9.475000000000000089e-01
9.477999999999999758e-01 9.477999999999999758e-01
9.478999999999999648e-01 9.476999999999999869e-01
9.478999999999999648e-01 9.475999999999999979e-01
9.478999999999999648e-01 9.476999999999999869e-01
9.478999999999999648e-01 9.471000000000000529e-01
9.478999999999999648e-01 9.467999999999999750e-01
9.479999999999999538e-01 9.456999999999999851e-01
9.479999999999999538e-01 9.462000000000000410e-01
9.479999999999999538e-01 9.458999999999999631e-01
9.479999999999999538e-01 9.459999999999999520e-01
9.481000000000000538e-01 9.463000000000000300e-01
9.481000000000000538e-01 9.465000000000000080e-01
9.482000000000000428e-01 9.462000000000000410e-01
9.481000000000000538e-01 9.464000000000000190e-01
9.482000000000000428e-01 9.463000000000000300e-01
9.481000000000000538e-01 9.462000000000000410e-01
9.482000000000000428e-01 9.461000000000000520e-01
9.483000000000000318e-01 9.463000000000000300e-01
9.482000000000000428e-01 9.464000000000000190e-01
9.482000000000000428e-01 9.459999999999999520e-01
9.482000000000000428e-01 9.458999999999999631e-01
9.482000000000000428e-01 9.459999999999999520e-01
9.483000000000000318e-01 9.464000000000000190e-01
9.481000000000000538e-01 9.458999999999999631e-01
9.482000000000000428e-01 9.455999999999999961e-01
9.482000000000000428e-01 9.459999999999999520e-01
9.482000000000000428e-01 9.461000000000000520e-01
9.482000000000000428e-01 9.465999999999999970e-01
9.481000000000000538e-01 9.463000000000000300e-01
9.481000000000000538e-01 9.466999999999999860e-01
9.479999999999999538e-01 9.463000000000000300e-01
9.479999999999999538e-01 9.463000000000000300e-01
9.478999999999999648e-01 9.466999999999999860e-01
9.478999999999999648e-01 9.468999999999999639e-01
9.479999999999999538e-01 9.473000000000000309e-01
9.479999999999999538e-01 9.469999999999999529e-01
9.479999999999999538e-01 9.472000000000000419e-01
9.479999999999999538e-01 9.475000000000000089e-01
9.479999999999999538e-01 9.471000000000000529e-01
9.479999999999999538e-01 9.471000000000000529e-01
9.478999999999999648e-01 9.468999999999999639e-01
9.478999999999999648e-01 9.474000000000000199e-01
9.478999999999999648e-01 9.474000000000000199e-01
9.478999999999999648e-01 9.474000000000000199e-01
9.481000000000000538e-01 9.469999999999999529e-01
9.481000000000000538e-01 9.471000000000000529e-01
9.479999999999999538e-01 9.469999999999999529e-01
9.479999999999999538e-01 9.465999999999999970e-01
9.479999999999999538e-01 9.467999999999999750e-01
9.481000000000000538e-01 9.469999999999999529e-01
9.481000000000000538e-01 9.472000000000000419e-01
9.481000000000000538e-01 9.467999999999999750e-01
9.481000000000000538e-01 9.465999999999999970e-01
9.481000000000000538e-01 9.467999999999999750e-01
9.481000000000000538e-01 9.467999999999999750e-01
9.481000000000000538e-01 9.467999999999999750e-01
9.481000000000000538e-01 9.466999999999999860e-01
9.481000000000000538e-01 9.469999999999999529e-01
9.479999999999999538e-01 9.466999999999999860e-01
9.479999999999999538e-01 9.468999999999999639e-01
9.479999999999999538e-01 9.465000000000000080e-01
9.479999999999999538e-01 9.464000000000000190e-01
9.482000000000000428e-01 9.465999999999999970e-01
9.482000000000000428e-01 9.465999999999999970e-01
9.482000000000000428e-01 9.467999999999999750e-01
9.482000000000000428e-01 9.465999999999999970e-01
9.482000000000000428e-01 9.468999999999999639e-01
9.482000000000000428e-01 9.472000000000000419e-01
9.482000000000000428e-01 9.471000000000000529e-01
9.482000000000000428e-01 9.473000000000000309e-01
9.482000000000000428e-01 9.468999999999999639e-01
9.483000000000000318e-01 9.469999999999999529e-01
9.483000000000000318e-01 9.462000000000000410e-01
9.483000000000000318e-01 9.465999999999999970e-01
9.483000000000000318e-01 9.467999999999999750e-01
9.483000000000000318e-01 9.464000000000000190e-01
9.483000000000000318e-01 9.465000000000000080e-01
9.483000000000000318e-01 9.465000000000000080e-01
9.483000000000000318e-01 9.467999999999999750e-01
9.482000000000000428e-01 9.465999999999999970e-01
9.482000000000000428e-01 9.466999999999999860e-01
9.482000000000000428e-01 9.469999999999999529e-01
9.482000000000000428e-01 9.472000000000000419e-01
9.482000000000000428e-01 9.472000000000000419e-01
9.481000000000000538e-01 9.473000000000000309e-01
9.481000000000000538e-01 9.472000000000000419e-01
9.479999999999999538e-01 9.468999999999999639e-01
9.479999999999999538e-01 9.472000000000000419e-01
9.479999999999999538e-01 9.469999999999999529e-01
9.479999999999999538e-01 9.475000000000000089e-01
9.481000000000000538e-01 9.475000000000000089e-01
9.481000000000000538e-01 9.478999999999999648e-01
9.481000000000000538e-01 9.477999999999999758e-01
9.479999999999999538e-01 9.477999999999999758e-01
9.479999999999999538e-01 9.475000000000000089e-01
9.479999999999999538e-01 9.475000000000000089e-01
9.481000000000000538e-01 9.475000000000000089e-01
9.479999999999999538e-01 9.478999999999999648e-01
9.479999999999999538e-01 9.472000000000000419e-01
9.481000000000000538e-01 9.474000000000000199e-01
9.481000000000000538e-01 9.475999999999999979e-01
9.481000000000000538e-01 9.477999999999999758e-01
9.482000000000000428e-01 9.478999999999999648e-01
9.481000000000000538e-01 9.478999999999999648e-01
9.481000000000000538e-01 9.474000000000000199e-01
9.481000000000000538e-01 9.483000000000000318e-01
9.481000000000000538e-01 9.488999999999999657e-01
9.481000000000000538e-01 9.483000000000000318e-01
9.481000000000000538e-01 9.483000000000000318e-01
9.481000000000000538e-01 9.484000000000000208e-01
9.481000000000000538e-01 9.487999999999999767e-01
9.482000000000000428e-01 9.484000000000000208e-01
9.482000000000000428e-01 9.485000000000000098e-01
9.483000000000000318e-01 9.484000000000000208e-01
9.483000000000000318e-01 9.485000000000000098e-01
9.484000000000000208e-01 9.484000000000000208e-01
9.484000000000000208e-01 9.482000000000000428e-01
9.484000000000000208e-01 9.482000000000000428e-01
9.484000000000000208e-01 9.485999999999999988e-01
9.484000000000000208e-01 9.484000000000000208e-01
9.484000000000000208e-01 9.487999999999999767e-01
9.483000000000000318e-01 9.484000000000000208e-01
9.485000000000000098e-01 9.486999999999999877e-01
9.485000000000000098e-01 9.482000000000000428e-01
9.485000000000000098e-01 9.485000000000000098e-01
9.485000000000000098e-01 9.475000000000000089e-01
9.485000000000000098e-01 9.479999999999999538e-01
9.485000000000000098e-01 9.475999999999999979e-01
9.484000000000000208e-01 9.478999999999999648e-01
9.484000000000000208e-01 9.477999999999999758e-01
9.484000000000000208e-01 9.474000000000000199e-01
9.485000000000000098e-01 9.475999999999999979e-01
9.485000000000000098e-01 9.476999999999999869e-01
9.485999999999999988e-01 9.475000000000000089e-01
9.485000000000000098e-01 9.478999999999999648e-01
9.485999999999999988e-01 9.471000000000000529e-01
9.485999999999999988e-01 9.478999999999999648e-01
9.485999999999999988e-01 9.478999999999999648e-01
9.485999999999999988e-01 9.482000000000000428e-01
9.485999999999999988e-01 9.478999999999999648e-01
9.485999999999999988e-01 9.475000000000000089e-01
9.485999999999999988e-01 9.478999999999999648e-01
9.485999999999999988e-01 9.473000000000000309e-01
9.485999999999999988e-01 9.475999999999999979e-01
9.486999999999999877e-01 9.475000000000000089e-01
9.486999999999999877e-01 9.476999999999999869e-01
9.485999999999999988e-01 9.474000000000000199e-01
9.485999999999999988e-01 9.475999999999999979e-01
9.485999999999999988e-01 9.476999999999999869e-01
9.486999999999999877e-01 9.472000000000000419e-01
9.486999999999999877e-01 9.477999999999999758e-01
9.486999999999999877e-01 9.477999999999999758e-01
9.486999999999999877e-01 9.478999999999999648e-01
9.486999999999999877e-01 9.479999999999999538e-01
9.486999999999999877e-01 9.479999999999999538e-01
9.486999999999999877e-01 9.476999999999999869e-01
9.486999999999999877e-01 9.475000000000000089e-01
9.486999999999999877e-01 9.477999999999999758e-01
9.487999999999999767e-01 9.475000000000000089e-01
9.487999999999999767e-01 9.476999999999999869e-01
9.487999999999999767e-01 9.473000000000000309e-01
9.487999999999999767e-01 9.474000000000000199e-01
9.488999999999999657e-01 9.474000000000000199e-01
9.488999999999999657e-01 9.469999999999999529e-01
9.488999999999999657e-01 9.472000000000000419e-01
9.488999999999999657e-01 9.477999999999999758e-01
9.489999999999999547e-01 9.481000000000000538e-01
9.488999999999999657e-01 9.481000000000000538e-01
9.488999999999999657e-01 9.477999999999999758e-01
9.488999999999999657e-01 9.477999999999999758e-01
9.489999999999999547e-01 9.474000000000000199e-01
9.489999999999999547e-01 9.475000000000000089e-01
9.489999999999999547e-01 9.479999999999999538e-01
9.489999999999999547e-01 9.476999999999999869e-01
9.489999999999999547e-01 9.478999999999999648e-01
9.491000000000000547e-01 9.477999999999999758e-01
9.491000000000000547e-01 9.478999999999999648e-01
9.491000000000000547e-01 9.475000000000000089e-01
9.491000000000000547e-01 9.478999999999999648e-01
9.491000000000000547e-01 9.481000000000000538e-01
9.489999999999999547e-01 9.477999999999999758e-01
9.491000000000000547e-01 9.476999999999999869e-01
9.488999999999999657e-01 9.477999999999999758e-01
9.487999999999999767e-01 9.478999999999999648e-01
9.487999999999999767e-01 9.479999999999999538e-01
9.488999999999999657e-01 9.482000000000000428e-01
9.489999999999999547e-01 9.476999999999999869e-01
9.489999999999999547e-01 9.477999999999999758e-01
9.489999999999999547e-01 9.477999999999999758e-01
9.489999999999999547e-01 9.477999999999999758e-01
9.489999999999999547e-01 9.477999999999999758e-01
9.489999999999999547e-01 9.477999999999999758e-01
9.489999999999999547e-01 9.474000000000000199e-01
9.489999999999999547e-01 9.474000000000000199e-01
9.491000000000000547e-01 9.474000000000000199e-01
9.491000000000000547e-01 9.469999999999999529e-01
9.491000000000000547e-01 9.474000000000000199e-01
9.491000000000000547e-01 9.472000000000000419e-01
9.491000000000000547e-01 9.475999999999999979e-01
9.491000000000000547e-01 9.473000000000000309e-01
9.492000000000000437e-01 9.475999999999999979e-01
9.492000000000000437e-01 9.471000000000000529e-01
9.492000000000000437e-01 9.468999999999999639e-01
9.492000000000000437e-01 9.471000000000000529e-01
9.492000000000000437e-01 9.467999999999999750e-01
9.493000000000000327e-01 9.467999999999999750e-01
9.492000000000000437e-01 9.468999999999999639e-01
9.492000000000000437e-01 9.468999999999999639e-01
9.492000000000000437e-01 9.471000000000000529e-01
9.493000000000000327e-01 9.473000000000000309e-01
9.492000000000000437e-01 9.475000000000000089e-01
9.492000000000000437e-01 9.479999999999999538e-01
9.492000000000000437e-01 9.479999999999999538e-01
9.493000000000000327e-01 9.483000000000000318e-01
9.492000000000000437e-01 9.477999999999999758e-01
9.491000000000000547e-01 9.482000000000000428e-01
9.492000000000000437e-01 9.476999999999999869e-01
9.491000000000000547e-01 9.475000000000000089e-01
9.491000000000000547e-01 9.468999999999999639e-01
9.492000000000000437e-01 9.472000000000000419e-01
9.492000000000000437e-01 9.468999999999999639e-01
9.491000000000000547e-01 9.475000000000000089e-01
9.492000000000000437e-01 9.471000000000000529e-01
9.492000000000000437e-01 9.466999999999999860e-01
9.492000000000000437e-01 9.466999999999999860e-01
9.492000000000000437e-01 9.473000000000000309e-01
9.492000000000000437e-01 9.468999999999999639e-01
9.492000000000000437e-01 9.475000000000000089e-01
9.492000000000000437e-01 9.469999999999999529e-01
9.492000000000000437e-01 9.471000000000000529e-01
9.492000000000000437e-01 9.474000000000000199e-01
9.489999999999999547e-01 9.468999999999999639e-01
9.491000000000000547e-01 9.472000000000000419e-01
9.489999999999999547e-01 9.478999999999999648e-01
9.489999999999999547e-01 9.475999999999999979e-01
9.488999999999999657e-01 9.474000000000000199e-01
9.488999999999999657e-01 9.476999999999999869e-01
9.488999999999999657e-01 9.471000000000000529e-01
9.488999999999999657e-01 9.465999999999999970e-01
9.489999999999999547e-01 9.468999999999999639e-01
9.489999999999999547e-01 9.467999999999999750e-01
9.489999999999999547e-01 9.473000000000000309e-01
9.491000000000000547e-01 9.476999999999999869e-01
9.491000000000000547e-01 9.475999999999999979e-01
9.491000000000000547e-01 9.471000000000000529e-01
9.491000000000000547e-01 9.473000000000000309e-01
9.489999999999999547e-01 9.474000000000000199e-01
9.489999999999999547e-01 9.478999999999999648e-01
9.489999999999999547e-01 9.478999999999999648e-01
9.491000000000000547e-01 9.476999999999999869e-01
9.489999999999999547e-01 9.475999999999999979e-01
9.489999999999999547e-01 9.475000000000000089e-01
9.489999999999999547e-01 9.472000000000000419e-01
9.489999999999999547e-01 9.474000000000000199e-01
9.489999999999999547e-01 9.474000000000000199e-01
9.489999999999999547e-01 9.476999999999999869e-01
9.489999999999999547e-01 9.475000000000000089e-01
9.489999999999999547e-01 9.477999999999999758e-01
9.491000000000000547e-01 9.483000000000000318e-01
9.489999999999999547e-01 9.478999999999999648e-01
9.489999999999999547e-01 9.477999999999999758e-01
9.491000000000000547e-01 9.479999999999999538e-01
9.488999999999999657e-01 9.475999999999999979e-01
9.489999999999999547e-01 9.474000000000000199e-01
9.492000000000000437e-01 9.475000000000000089e-01
9.491000000000000547e-01 9.475000000000000089e-01
9.492000000000000437e-01 9.474000000000000199e-01
9.492000000000000437e-01 9.473000000000000309e-01
9.491000000000000547e-01 9.475000000000000089e-01
9.489999999999999547e-01 9.474000000000000199e-01
9.489999999999999547e-01 9.471000000000000529e-01
9.489999999999999547e-01 9.468999999999999639e-01
9.491000000000000547e-01 9.466999999999999860e-01
9.491000000000000547e-01 9.471000000000000529e-01
9.489999999999999547e-01 9.471000000000000529e-01
9.489999999999999547e-01 9.475000000000000089e-01
9.489999999999999547e-01 9.468999999999999639e-01
9.489999999999999547e-01 9.475000000000000089e-01
9.488999999999999657e-01 9.465999999999999970e-01
9.488999999999999657e-01 9.469999999999999529e-01
9.488999999999999657e-01 9.469999999999999529e-01
9.488999999999999657e-01 9.474000000000000199e-01
9.488999999999999657e-01 9.473000000000000309e-01
9.488999999999999657e-01 9.465999999999999970e-01
9.488999999999999657e-01 9.466999999999999860e-01
9.488999999999999657e-01 9.465000000000000080e-01
9.489999999999999547e-01 9.461000000000000520e-01
9.489999999999999547e-01 9.463000000000000300e-01
9.488999999999999657e-01 9.457999999999999741e-01
9.488999999999999657e-01 9.457999999999999741e-01
9.488999999999999657e-01 9.457999999999999741e-01
9.487999999999999767e-01 9.457999999999999741e-01
9.488999999999999657e-01 9.452000000000000401e-01
9.488999999999999657e-01 9.455999999999999961e-01
9.489999999999999547e-01 9.458999999999999631e-01
9.487999999999999767e-01 9.465000000000000080e-01
9.488999999999999657e-01 9.462000000000000410e-01
9.488999999999999657e-01 9.462000000000000410e-01
9.488999999999999657e-01 9.455999999999999961e-01
9.488999999999999657e-01 9.458999999999999631e-01
9.487999999999999767e-01 9.461000000000000520e-01
9.488999999999999657e-01 9.466999999999999860e-01
9.489999999999999547e-01 9.459999999999999520e-01
9.488999999999999657e-01 9.472000000000000419e-01
9.491000000000000547e-01 9.466999999999999860e-01
9.489999999999999547e-01 9.471000000000000529e-01
9.487999999999999767e-01 9.466999999999999860e-01
9.488999999999999657e-01 9.472000000000000419e-01
9.488999999999999657e-01 9.471000000000000529e-01
9.489999999999999547e-01 9.473000000000000309e-01
9.491000000000000547e-01 9.468999999999999639e-01
9.491000000000000547e-01 9.468999999999999639e-01
9.489999999999999547e-01 9.465999999999999970e-01
9.491000000000000547e-01 9.469999999999999529e-01
9.489999999999999547e-01 9.467999999999999750e-01
9.489999999999999547e-01 9.473000000000000309e-01
9.489999999999999547e-01 9.468999999999999639e-01
9.491000000000000547e-01 9.473000000000000309e-01
9.491000000000000547e-01 9.465999999999999970e-01
9.491000000000000547e-01 9.469999999999999529e-01
9.491000000000000547e-01 9.469999999999999529e-01
9.491000000000000547e-01 9.469999999999999529e-01
9.491000000000000547e-01 9.466999999999999860e-01
9.491000000000000547e-01 9.472000000000000419e-01
9.491000000000000547e-01 9.467999999999999750e-01
9.491000000000000547e-01 9.475999999999999979e-01
9.491000000000000547e-01 9.475000000000000089e-01
9.491000000000000547e-01 9.481000000000000538e-01
9.488999999999999657e-01 9.477999999999999758e-01
9.489999999999999547e-01 9.476999999999999869e-01
9.489999999999999547e-01 9.474000000000000199e-01
9.488999999999999657e-01 9.475999999999999979e-01
9.489999999999999547e-01 9.475999999999999979e-01
9.491000000000000547e-01 9.475999999999999979e-01
9.487999999999999767e-01 9.472000000000000419e-01
9.489999999999999547e-01 9.475999999999999979e-01
9.489999999999999547e-01 9.475000000000000089e-01
9.488999999999999657e-01 9.473000000000000309e-01
9.487999999999999767e-01 9.471000000000000529e-01
9.487999999999999767e-01 9.474000000000000199e-01
9.487999999999999767e-01 9.468999999999999639e-01
9.486999999999999877e-01 9.472000000000000419e-01
9.486999999999999877e-01 9.472000000000000419e-01
9.487999999999999767e-01 9.469999999999999529e-01
9.487999999999999767e-01 9.472000000000000419e-01
9.487999999999999767e-01 9.476999999999999869e-01
9.487999999999999767e-01 9.472000000000000419e-01
9.487999999999999767e-01 9.473000000000000309e-01
9.487999999999999767e-01 9.465999999999999970e-01
9.487999999999999767e-01 9.468999999999999639e-01
9.487999999999999767e-01 9.465000000000000080e-01
9.487999999999999767e-01 9.469999999999999529e-01
9.487999999999999767e-01 9.465000000000000080e-01
9.487999999999999767e-01 9.464000000000000190e-01
9.487999999999999767e-01 9.467999999999999750e-01
9.487999999999999767e-01 9.467999999999999750e-01
9.487999999999999767e-01 9.469999999999999529e-01
9.487999999999999767e-01 9.469999999999999529e-01
9.486999999999999877e-01 9.469999999999999529e-01
9.489999999999999547e-01 9.458999999999999631e-01
9.487999999999999767e-01 9.461000000000000520e-01
9.486999999999999877e-01 9.463000000000000300e-01
9.485999999999999988e-01 9.463000000000000300e-01
9.485999999999999988e-01 9.468999999999999639e-01
9.486999999999999877e-01 9.467999999999999750e-01
9.486999999999999877e-01 9.468999999999999639e-01
9.486999999999999877e-01 9.465000000000000080e-01
9.485999999999999988e-01 9.467999999999999750e-01
9.485999999999999988e-01 9.471000000000000529e-01
9.485999999999999988e-01 9.474000000000000199e-01
9.485999999999999988e-01 9.472000000000000419e-01
9.485999999999999988e-01 9.475000000000000089e-01
9.486999999999999877e-01 9.472000000000000419e-01
9.485999999999999988e-01 9.476999999999999869e-01
9.485000000000000098e-01 9.469999999999999529e-01
9.485000000000000098e-01 9.469999999999999529e-01
9.485000000000000098e-01 9.473000000000000309e-01
9.485000000000000098e-01 9.469999999999999529e-01
9.485000000000000098e-01 9.474000000000000199e-01
9.485000000000000098e-01 9.472000000000000419e-01
9.485000000000000098e-01 9.474000000000000199e-01
9.484000000000000208e-01 9.473000000000000309e-01
9.485000000000000098e-01 9.473000000000000309e-01
9.484000000000000208e-01 9.475000000000000089e-01
9.484000000000000208e-01 9.469999999999999529e-01
9.484000000000000208e-01 9.473000000000000309e-01
9.482000000000000428e-01 9.469999999999999529e-01
9.483000000000000318e-01 9.468999999999999639e-01
9.483000000000000318e-01 9.469999999999999529e-01
9.482000000000000428e-01 9.475999999999999979e-01
9.481000000000000538e-01 9.467999999999999750e-01
9.481000000000000538e-01 9.466999999999999860e-01
9.483000000000000318e-01 9.464000000000000190e-01
9.482000000000000428e-01 9.467999999999999750e-01
9.483000000000000318e-01 9.467999999999999750e-01
9.483000000000000318e-01 9.465999999999999970e-01
9.483000000000000318e-01 9.465999999999999970e-01
9.483000000000000318e-01 9.466999999999999860e-01
9.483000000000000318e-01 9.467999999999999750e-01
9.483000000000000318e-01 9.467999999999999750e-01
9.482000000000000428e-01 9.467999999999999750e-01
9.482000000000000428e-01 9.461000000000000520e-01
9.482000000000000428e-01 9.461000000000000520e-01
9.483000000000000318e-01 9.461000000000000520e-01
9.483000000000000318e-01 9.466999999999999860e-01
9.483000000000000318e-01 9.467999999999999750e-01
9.483000000000000318e-01 9.466999999999999860e-01
9.484000000000000208e-01 9.462000000000000410e-01
9.484000000000000208e-01 9.464000000000000190e-01
9.484000000000000208e-01 9.462000000000000410e-01
9.484000000000000208e-01 9.465999999999999970e-01
9.484000000000000208e-01 9.461000000000000520e-01
9.484000000000000208e-01 9.465999999999999970e-01
9.483000000000000318e-01 9.464000000000000190e-01
9.483000000000000318e-01 9.465999999999999970e-01
9.484000000000000208e-01 9.468999999999999639e-01
9.484000000000000208e-01 9.467999999999999750e-01
9.485000000000000098e-01 9.468999999999999639e-01
9.485000000000000098e-01 9.471000000000000529e-01
9.484000000000000208e-01 9.475999999999999979e-01
9.485000000000000098e-01 9.475999999999999979e-01
9.485000000000000098e-01 9.475000000000000089e-01
9.485000000000000098e-01 9.477999999999999758e-01
9.483000000000000318e-01 9.475000000000000089e-01
9.484000000000000208e-01 9.475000000000000089e-01
9.484000000000000208e-01 9.477999999999999758e-01
9.483000000000000318e-01 9.475000000000000089e-01
9.485000000000000098e-01 9.479999999999999538e-01
9.485000000000000098e-01 9.478999999999999648e-01
9.485000000000000098e-01 9.476999999999999869e-01
9.484000000000000208e-01 9.475000000000000089e-01
9.483000000000000318e-01 9.473000000000000309e-01
9.484000000000000208e-01 9.475000000000000089e-01
9.483000000000000318e-01 9.479999999999999538e-01
9.483000000000000318e-01 9.475000000000000089e-01
9.485000000000000098e-01 9.475999999999999979e-01
9.485000000000000098e-01 9.476999999999999869e-01
9.485000000000000098e-01 9.475999999999999979e-01
9.485999999999999988e-01 9.469999999999999529e-01
9.485999999999999988e-01 9.472000000000000419e-01
9.485999999999999988e-01 9.467999999999999750e-01
9.485999999999999988e-01 9.465999999999999970e-01
9.486999999999999877e-01 9.472000000000000419e-01
9.485999999999999988e-01 9.469999999999999529e-01
9.485999999999999988e-01 9.478999999999999648e-01
9.485999999999999988e-01 9.475000000000000089e-01
9.485999999999999988e-01 9.476999999999999869e-01
9.485999999999999988e-01 9.482000000000000428e-01
9.485999999999999988e-01 9.481000000000000538e-01
9.485000000000000098e-01 9.482000000000000428e-01
9.485999999999999988e-01 9.477999999999999758e-01
9.485000000000000098e-01 9.479999999999999538e-01
9.485000000000000098e-01 9.477999999999999758e-01
9.485000000000000098e-01 9.478999999999999648e-01
9.485999999999999988e-01 9.475999999999999979e-01
9.485000000000000098e-01 9.477999999999999758e-01
9.485000000000000098e-01 9.474000000000000199e-01
9.485000000000000098e-01 9.475999999999999979e-01
9.485000000000000098e-01 9.476999999999999869e-01
9.485000000000000098e-01 9.475000000000000089e-01
9.485999999999999988e-01 9.477999999999999758e-01
9.486999999999999877e-01 9.478999999999999648e-01
9.486999999999999877e-01 9.477999999999999758e-01
9.486999999999999877e-01 9.481000000000000538e-01
9.486999999999999877e-01 9.475999999999999979e-01
9.486999999999999877e-01 9.476999999999999869e-01
9.485999999999999988e-01 9.476999999999999869e-01
9.486999999999999877e-01 9.476999999999999869e-01
9.486999999999999877e-01 9.474000000000000199e-01
9.485999999999999988e-01 9.474000000000000199e-01
9.485999999999999988e-01 9.482000000000000428e-01
9.486999999999999877e-01 9.475000000000000089e-01
9.486999999999999877e-01 9.468999999999999639e-01
9.485999999999999988e-01 9.465000000000000080e-01
9.485999999999999988e-01 9.465000000000000080e-01
9.486999999999999877e-01 9.467999999999999750e-01
9.486999999999999877e-01 9.466999999999999860e-01
9.486999999999999877e-01 9.466999999999999860e-01
9.486999999999999877e-01 9.474000000000000199e-01
9.487999999999999767e-01 9.471000000000000529e-01
9.487999999999999767e-01 9.471000000000000529e-01
9.487999999999999767e-01 9.468999999999999639e-01
9.487999999999999767e-01 9.469999999999999529e-01
9.486999999999999877e-01 9.467999999999999750e-01
9.486999999999999877e-01 9.464000000000000190e-01
9.487999999999999767e-01 9.469999999999999529e-01
9.487999999999999767e-01 9.462000000000000410e-01
9.487999999999999767e-01 9.467999999999999750e-01
9.487999999999999767e-01 9.468999999999999639e-01
9.487999999999999767e-01 9.467999999999999750e-01
9.487999999999999767e-01 9.467999999999999750e-01
9.487999999999999767e-01 9.469999999999999529e-01
9.488999999999999657e-01 9.466999999999999860e-01
9.488999999999999657e-01 9.468999999999999639e-01
9.492000000000000437e-01 9.468999999999999639e-01
9.491000000000000547e-01 9.471000000000000529e-01
9.493000000000000327e-01 9.467999999999999750e-01
9.493000000000000327e-01 9.475000000000000089e-01
9.493000000000000327e-01 9.475999999999999979e-01
9.492000000000000437e-01 9.475000000000000089e-01
9.492000000000000437e-01 9.479999999999999538e-01
9.492000000000000437e-01 9.474000000000000199e-01
9.492000000000000437e-01 9.471000000000000529e-01
9.491000000000000547e-01 9.475000000000000089e-01
9.492000000000000437e-01 9.478999999999999648e-01
9.492000000000000437e-01 9.477999999999999758e-01
9.492000000000000437e-01 9.478999999999999648e-01
9.492000000000000437e-01 9.479999999999999538e-01
9.492000000000000437e-01 9.477999999999999758e-01
9.492000000000000437e-01 9.475000000000000089e-01
9.492000000000000437e-01 9.472000000000000419e-01
9.492000000000000437e-01 9.473000000000000309e-01
9.492000000000000437e-01 9.469999999999999529e-01
9.491000000000000547e-01 9.475000000000000089e-01
9.489999999999999547e-01 9.472000000000000419e-01
9.489999999999999547e-01 9.473000000000000309e-01
9.491000000000000547e-01 9.468999999999999639e-01
9.491000000000000547e-01 9.469999999999999529e-01
9.491000000000000547e-01 9.471000000000000529e-01
9.491000000000000547e-01 9.465999999999999970e-01
9.491000000000000547e-01 9.466999999999999860e-01
9.491000000000000547e-01 9.467999999999999750e-01
9.492000000000000437e-01 9.465000000000000080e-01
9.493000000000000327e-01 9.462000000000000410e-01
9.493000000000000327e-01 9.465999999999999970e-01
9.493000000000000327e-01 9.464000000000000190e-01
9.491000000000000547e-01 9.466999999999999860e-01
9.492000000000000437e-01 9.459999999999999520e-01
9.492000000000000437e-01 9.465000000000000080e-01
9.493000000000000327e-01 9.462000000000000410e-01
9.489999999999999547e-01 9.463000000000000300e-01
9.492000000000000437e-01 9.461000000000000520e-01
9.491000000000000547e-01 9.463000000000000300e-01
9.492000000000000437e-01 9.458999999999999631e-01
9.491000000000000547e-01 9.462000000000000410e-01
9.491000000000000547e-01 9.459999999999999520e-01
9.491000000000000547e-01 9.462000000000000410e-01
9.491000000000000547e-01 9.464000000000000190e-01
9.492000000000000437e-01 9.464000000000000190e-01
9.492000000000000437e-01 9.467999999999999750e-01
9.491000000000000547e-01 9.471000000000000529e-01
9.494000000000000217e-01 9.471000000000000529e-01
9.489999999999999547e-01 9.465000000000000080e-01
9.489999999999999547e-01 9.464000000000000190e-01
9.492000000000000437e-01 9.466999999999999860e-01
9.492000000000000437e-01 9.465999999999999970e-01
9.489999999999999547e-01 9.467999999999999750e-01
9.488999999999999657e-01 9.463000000000000300e-01
9.492000000000000437e-01 9.462000000000000410e-01
9.492000000000000437e-01 9.462000000000000410e-01
9.492000000000000437e-01 9.462000000000000410e-01
9.491000000000000547e-01 9.466999999999999860e-01
9.491000000000000547e-01 9.466999999999999860e-01
9.492000000000000437e-01 9.464000000000000190e-01
9.492000000000000437e-01 9.471000000000000529e-01
9.491000000000000547e-01 9.468999999999999639e-01
9.491000000000000547e-01 9.468999999999999639e-01
9.491000000000000547e-01 9.468999999999999639e-01
9.491000000000000547e-01 9.469999999999999529e-01
9.491000000000000547e-01 9.472000000000000419e-01
9.489999999999999547e-01 9.471000000000000529e-01
9.489999999999999547e-01 9.476999999999999869e-01
9.489999999999999547e-01 9.474000000000000199e-01
9.488999999999999657e-01 9.476999999999999869e-01
9.488999999999999657e-01 9.472000000000000419e-01
9.487999999999999767e-01 9.475000000000000089e-01
9.488999999999999657e-01 9.468999999999999639e-01
9.488999999999999657e-01 9.472000000000000419e-01
9.489999999999999547e-01 9.471000000000000529e-01
9.488999999999999657e-01 9.471000000000000529e-01
9.488999999999999657e-01 9.466999999999999860e-01
9.489999999999999547e-01 9.466999999999999860e-01
9.489999999999999547e-01 9.467999999999999750e-01
9.489999999999999547e-01 9.465000000000000080e-01
9.489999999999999547e-01 9.467999999999999750e-01
9.489999999999999547e-01 9.471000000000000529e-01
9.488999999999999657e-01 9.473000000000000309e-01
9.488999999999999657e-01 9.473000000000000309e-01
9.489999999999999547e-01 9.471000000000000529e-01
9.489999999999999547e-01 9.472000000000000419e-01
9.489999999999999547e-01 9.474000000000000199e-01
9.489999999999999547e-01 9.473000000000000309e-01
9.489999999999999547e-01 9.471000000000000529e-01
9.489999999999999547e-01 9.472000000000000419e-01
9.488999999999999657e-01 9.468999999999999639e-01
9.488999999999999657e-01 9.467999999999999750e-01
9.488999999999999657e-01 9.469999999999999529e-01
9.488999999999999657e-01 9.466999999999999860e-01
9.488999999999999657e-01 9.466999999999999860e-01
9.488999999999999657e-01 9.465000000000000080e-01
9.487999999999999767e-01 9.468999999999999639e-01
9.488999999999999657e-01 9.472000000000000419e-01
9.488999999999999657e-01 9.474000000000000199e-01
9.488999999999999657e-01 9.469999999999999529e-01
9.488999999999999657e-01 9.475999999999999979e-01
9.488999999999999657e-01 9.471000000000000529e-01
9.487999999999999767e-01 9.465999999999999970e-01
9.487999999999999767e-01 9.466999999999999860e-01
9.487999999999999767e-01 9.469999999999999529e-01
9.488999999999999657e-01 9.474000000000000199e-01
9.488999999999999657e-01 9.475000000000000089e-01
9.488999999999999657e-01 9.476999999999999869e-01
9.488999999999999657e-01 9.475000000000000089e-01
9.488999999999999657e-01 9.475000000000000089e-01
9.489999999999999547e-01 9.481000000000000538e-01
9.488999999999999657e-01 9.469999999999999529e-01
9.488999999999999657e-01 9.475999999999999979e-01
9.489999999999999547e-01 9.471000000000000529e-01
9.491000000000000547e-01 9.471000000000000529e-01
9.488999999999999657e-01 9.469999999999999529e-01
9.489999999999999547e-01 9.473000000000000309e-01
9.491000000000000547e-01 9.475000000000000089e-01
9.489999999999999547e-01 9.474000000000000199e-01
9.489999999999999547e-01 9.476999999999999869e-01
9.489999999999999547e-01 9.467999999999999750e-01
9.489999999999999547e-01 9.476999999999999869e-01
9.489999999999999547e-01 9.471000000000000529e-01
9.489999999999999547e-01 9.466999999999999860e-01
9.489999999999999547e-01 9.466999999999999860e-01
9.489999999999999547e-01 9.467999999999999750e-01
9.489999999999999547e-01 9.468999999999999639e-01
9.489999999999999547e-01 9.465000000000000080e-01
9.491000000000000547e-01 9.468999999999999639e-01
9.491000000000000547e-01 9.465999999999999970e-01
9.492000000000000437e-01 9.467999999999999750e-01
9.489999999999999547e-01 9.468999999999999639e-01
9.489999999999999547e-01 9.473000000000000309e-01
9.491000000000000547e-01 9.473000000000000309e-01
9.492000000000000437e-01 9.477999999999999758e-01
9.492000000000000437e-01 9.476999999999999869e-01
9.492000000000000437e-01 9.472000000000000419e-01
9.492000000000000437e-01 9.475000000000000089e-01
9.492000000000000437e-01 9.469999999999999529e-01
9.492000000000000437e-01 9.471000000000000529e-01
9.492000000000000437e-01 9.468999999999999639e-01
9.492000000000000437e-01 9.465000000000000080e-01
9.492000000000000437e-01 9.465999999999999970e-01
9.492000000000000437e-01 9.466999999999999860e-01
9.492000000000000437e-01 9.466999999999999860e-01
9.492000000000000437e-01 9.468999999999999639e-01
9.492000000000000437e-01 9.464000000000000190e-01
9.492000000000000437e-01 9.466999999999999860e-01
9.493000000000000327e-01 9.465999999999999970e-01
9.491000000000000547e-01 9.465999999999999970e-01
9.491000000000000547e-01 9.471000000000000529e-01
9.491000000000000547e-01 9.471000000000000529e-01
9.491000000000000547e-01 9.466999999999999860e-01
9.491000000000000547e-01 9.468999999999999639e-01
9.489999999999999547e-01 9.465000000000000080e-01
9.488999999999999657e-01 9.461000000000000520e-01
9.489999999999999547e-01 9.467999999999999750e-01
9.489999999999999547e-01 9.462000000000000410e-01
9.489999999999999547e-01 9.458999999999999631e-01
9.489999999999999547e-01 9.465000000000000080e-01
9.488999999999999657e-01 9.463000000000000300e-01
9.488999999999999657e-01 9.466999999999999860e-01
9.488999999999999657e-01 9.474000000000000199e-01
9.489999999999999547e-01 9.471000000000000529e-01
9.488999999999999657e-01 9.469999999999999529e-01
9.488999999999999657e-01 9.471000000000000529e-01
9.488999999999999657e-01 9.467999999999999750e-01
9.487999999999999767e-01 9.465999999999999970e-01
9.489999999999999547e-01 9.465000000000000080e-01
9.489999999999999547e-01 9.464000000000000190e-01
9.489999999999999547e-01 9.467999999999999750e-01
9.488999999999999657e-01 9.467999999999999750e-01
9.487999999999999767e-01 9.469999999999999529e-01
9.486999999999999877e-01 9.472000000000000419e-01
9.486999999999999877e-01 9.472000000000000419e-01
9.486999999999999877e-01 9.471000000000000529e-01
9.485999999999999988e-01 9.471000000000000529e-01
9.484000000000000208e-01 9.467999999999999750e-01
9.484000000000000208e-01 9.473000000000000309e-01
9.484000000000000208e-01 9.473000000000000309e-01
9.484000000000000208e-01 9.474000000000000199e-01
9.484000000000000208e-01 9.474000000000000199e-01
9.484000000000000208e-01 9.477999999999999758e-01
9.484000000000000208e-01 9.474000000000000199e-01
9.484000000000000208e-01 9.475000000000000089e-01
9.484000000000000208e-01 9.471000000000000529e-01
9.483000000000000318e-01 9.474000000000000199e-01
9.482000000000000428e-01 9.466999999999999860e-01
9.482000000000000428e-01 9.468999999999999639e-01
9.482000000000000428e-01 9.466999999999999860e-01
9.482000000000000428e-01 9.473000000000000309e-01
9.482000000000000428e-01 9.471000000000000529e-01
9.482000000000000428e-01 9.469999999999999529e-01
9.482000000000000428e-01 9.466999999999999860e-01
9.481000000000000538e-01 9.473000000000000309e-01
9.482000000000000428e-01 9.467999999999999750e-01
9.481000000000000538e-01 9.467999999999999750e-01
9.482000000000000428e-01 9.469999999999999529e-01
9.484000000000000208e-01 9.465999999999999970e-01
9.484000000000000208e-01 9.465999999999999970e-01
9.483000000000000318e-01 9.465999999999999970e-01
9.485000000000000098e-01 9.472000000000000419e-01
9.483000000000000318e-01 9.472000000000000419e-01
9.484000000000000208e-01 9.474000000000000199e-01
9.483000000000000318e-01 9.473000000000000309e-01
9.483000000000000318e-01 9.474000000000000199e-01
9.484000000000000208e-01 9.468999999999999639e-01
9.485000000000000098e-01 9.467999999999999750e-01
9.485000000000000098e-01 9.467999999999999750e-01
9.485000000000000098e-01 9.473000000000000309e-01
9.485000000000000098e-01 9.473000000000000309e-01
9.485000000000000098e-01 9.474000000000000199e-01
9.485000000000000098e-01 9.475000000000000089e-01
9.485999999999999988e-01 9.472000000000000419e-01
9.485999999999999988e-01 9.476999999999999869e-01
9.485999999999999988e-01 9.476999999999999869e-01
9.486999999999999877e-01 9.477999999999999758e-01
9.487999999999999767e-01 9.474000000000000199e-01
9.487999999999999767e-01 9.475999999999999979e-01
9.488999999999999657e-01 9.469999999999999529e-01
9.488999999999999657e-01 9.475000000000000089e-01
9.488999999999999657e-01 9.474000000000000199e-01
9.487999999999999767e-01 9.475999999999999979e-01
9.487999999999999767e-01 9.471000000000000529e-01
9.486999999999999877e-01 9.474000000000000199e-01
9.486999999999999877e-01 9.471000000000000529e-01
9.485999999999999988e-01 9.475999999999999979e-01
9.485000000000000098e-01 9.474000000000000199e-01
9.485999999999999988e-01 9.473000000000000309e-01
9.485000000000000098e-01 9.466999999999999860e-01
9.484000000000000208e-01 9.465000000000000080e-01
9.485000000000000098e-01 9.463000000000000300e-01
9.485000000000000098e-01 9.462000000000000410e-01
9.485000000000000098e-01 9.464000000000000190e-01
9.485000000000000098e-01 9.465000000000000080e-01
9.485000000000000098e-01 9.465000000000000080e-01
9.485000000000000098e-01 9.468999999999999639e-01
9.485999999999999988e-01 9.465999999999999970e-01
9.485999999999999988e-01 9.472000000000000419e-01
9.485999999999999988e-01 9.471000000000000529e-01
9.485999999999999988e-01 9.475999999999999979e-01
9.485999999999999988e-01 9.475999999999999979e-01
9.485999999999999988e-01 9.469999999999999529e-01
9.485999999999999988e-01 9.473000000000000309e-01
9.485999999999999988e-01 9.475999999999999979e-01
9.485999999999999988e-01 9.483000000000000318e-01
9.485999999999999988e-01 9.481000000000000538e-01
9.486999999999999877e-01 9.475999999999999979e-01
9.486999999999999877e-01 9.474000000000000199e-01
9.486999999999999877e-01 9.473000000000000309e-01
9.486999999999999877e-01 9.473000000000000309e-01
9.486999999999999877e-01 9.469999999999999529e-01
9.487999999999999767e-01 9.473000000000000309e-01
9.487999999999999767e-01 9.475999999999999979e-01
9.487999999999999767e-01 9.477999999999999758e-01
9.487999999999999767e-01 9.473000000000000309e-01
9.487999999999999767e-01 9.481000000000000538e-01
9.487999999999999767e-01 9.475999999999999979e-01
9.486999999999999877e-01 9.475999999999999979e-01
9.487999999999999767e-01 9.475999999999999979e-01
9.487999999999999767e-01 9.478999999999999648e-01
9.487999999999999767e-01 9.477999999999999758e-01
9.487999999999999767e-01 9.477999999999999758e-01
9.487999999999999767e-01 9.476999999999999869e-01
9.488999999999999657e-01 9.476999999999999869e-01
9.488999999999999657e-01 9.475999999999999979e-01
9.487999999999999767e-01 9.475999999999999979e-01
9.485999999999999988e-01 9.475999999999999979e-01
9.486999999999999877e-01 9.476999999999999869e-01
9.485000000000000098e-01 9.473000000000000309e-01
9.485999999999999988e-01 9.476999999999999869e-01
9.485999999999999988e-01 9.476999999999999869e-01
9.486999999999999877e-01 9.478999999999999648e-01
9.485999999999999988e-01 9.476999999999999869e-01
9.486999999999999877e-01 9.479999999999999538e-01
9.486999999999999877e-01 9.478999999999999648e-01
9.486999999999999877e-01 9.475999999999999979e-01
9.485000000000000098e-01 9.472000000000000419e-01
9.485999999999999988e-01 9.478999999999999648e-01
9.486999999999999877e-01 9.475999999999999979e-01
9.485999999999999988e-01 9.483000000000000318e-01
9.486999999999999877e-01 9.474000000000000199e-01
9.487999999999999767e-01 9.477999999999999758e-01
9.487999999999999767e-01 9.475999999999999979e-01
9.486999999999999877e-01 9.476999999999999869e-01
9.487999999999999767e-01 9.476999999999999869e-01
9.487999999999999767e-01 9.475000000000000089e-01
9.486999999999999877e-01 9.476999999999999869e-01
9.487999999999999767e-01 9.475000000000000089e-01
9.486999999999999877e-01 9.476999999999999869e-01
9.486999999999999877e-01 9.477999999999999758e-01
9.485999999999999988e-01 9.477999999999999758e-01
9.485999999999999988e-01 9.475999999999999979e-01
9.485999999999999988e-01 9.476999999999999869e-01
9.485999999999999988e-01 9.475999999999999979e-01
9.486999999999999877e-01 9.475999999999999979e-01
9.486999999999999877e-01 9.476999999999999869e-01
9.486999999999999877e-01 9.473000000000000309e-01
9.486999999999999877e-01 9.476999999999999869e-01
9.486999999999999877e-01 9.475999999999999979e-01
9.485000000000000098e-01 9.476999999999999869e-01
9.485999999999999988e-01 9.477999999999999758e-01
9.485999999999999988e-01 9.476999999999999869e-01
9.485999999999999988e-01 9.476999999999999869e-01
9.484000000000000208e-01 9.473000000000000309e-01
9.485000000000000098e-01 9.474000000000000199e-01
9.485000000000000098e-01 9.465999999999999970e-01
9.485000000000000098e-01 9.474000000000000199e-01
9.485000000000000098e-01 9.468999999999999639e-01
9.485000000000000098e-01 9.473000000000000309e-01
9.485000000000000098e-01 9.474000000000000199e-01
9.485000000000000098e-01 9.475999999999999979e-01
9.485000000000000098e-01 9.468999999999999639e-01
9.484000000000000208e-01 9.471000000000000529e-01
9.485000000000000098e-01 9.472000000000000419e-01
9.484000000000000208e-01 9.471000000000000529e-01
9.485999999999999988e-01 9.468999999999999639e-01
9.485000000000000098e-01 9.474000000000000199e-01
9.485000000000000098e-01 9.475999999999999979e-01
9.485000000000000098e-01 9.468999999999999639e-01
9.485000000000000098e-01 9.471000000000000529e-01
9.485000000000000098e-01 9.472000000000000419e-01
9.485000000000000098e-01 9.472000000000000419e-01
9.484000000000000208e-01 9.467999999999999750e-01
9.483000000000000318e-01 9.466999999999999860e-01
9.483000000000000318e-01 9.468999999999999639e-01
9.482000000000000428e-01 9.471000000000000529e-01
9.482000000000000428e-01 9.475999999999999979e-01
9.482000000000000428e-01 9.473000000000000309e-01
9.482000000000000428e-01 9.475999999999999979e-01
9.481000000000000538e-01 9.475000000000000089e-01
9.482000000000000428e-01 9.476999999999999869e-01
9.482000000000000428e-01 9.475999999999999979e-01
9.482000000000000428e-01 9.479999999999999538e-01
9.482000000000000428e-01 9.477999999999999758e-01
9.483000000000000318e-01 9.478999999999999648e-01
9.483000000000000318e-01 9.478999999999999648e-01
9.482000000000000428e-01 9.477999999999999758e-01
9.482000000000000428e-01 9.482000000000000428e-01
9.482000000000000428e-01 9.478999999999999648e-01
9.482000000000000428e-01 9.481000000000000538e-01
9.483000000000000318e-01 9.478999999999999648e-01
9.483000000000000318e-01 9.484000000000000208e-01
9.483000000000000318e-01 9.479999999999999538e-01
9.483000000000000318e-01 9.483000000000000318e-01
9.483000000000000318e-01 9.484000000000000208e-01
9.484000000000000208e-01 9.484000000000000208e-01
9.484000000000000208e-01 9.484000000000000208e-01
9.483000000000000318e-01 9.481000000000000538e-01
9.484000000000000208e-01 9.485000000000000098e-01
9.483000000000000318e-01 9.481000000000000538e-01
9.483000000000000318e-01 9.481000000000000538e-01
9.484000000000000208e-01 9.476999999999999869e-01
9.483000000000000318e-01 9.479999999999999538e-01
9.482000000000000428e-01 9.479999999999999538e-01
9.483000000000000318e-01 9.479999999999999538e-01
9.483000000000000318e-01 9.478999999999999648e-01
9.484000000000000208e-01 9.479999999999999538e-01
9.484000000000000208e-01 9.478999999999999648e-01
9.484000000000000208e-01 9.477999999999999758e-01
9.485000000000000098e-01 9.479999999999999538e-01
9.485000000000000098e-01 9.482000000000000428e-01
9.485000000000000098e-01 9.482000000000000428e-01
9.485000000000000098e-01 9.481000000000000538e-01
9.485000000000000098e-01 9.477999999999999758e-01
9.485999999999999988e-01 9.479999999999999538e-01
9.485999999999999988e-01 9.477999999999999758e-01
9.485999999999999988e-01 9.481000000000000538e-01
9.485999999999999988e-01 9.481000000000000538e-01
9.485000000000000098e-01 9.479999999999999538e-01
9.485000000000000098e-01 9.477999999999999758e-01
9.483000000000000318e-01 9.473000000000000309e-01
9.485000000000000098e-01 9.471000000000000529e-01
9.484000000000000208e-01 9.475999999999999979e-01
9.484000000000000208e-01 9.475999999999999979e-01
9.485000000000000098e-01 9.476999999999999869e-01
9.484000000000000208e-01 9.475000000000000089e-01
9.484000000000000208e-01 9.478999999999999648e-01
9.484000000000000208e-01 9.478999999999999648e-01
9.484000000000000208e-01 9.478999999999999648e-01
9.483000000000000318e-01 9.473000000000000309e-01
9.482000000000000428e-01 9.476999999999999869e-01
9.482000000000000428e-01 9.475999999999999979e-01
9.482000000000000428e-01 9.479999999999999538e-01
9.481000000000000538e-01 9.475000000000000089e-01
9.482000000000000428e-01 9.476999999999999869e-01
9.483000000000000318e-01 9.475999999999999979e-01
9.483000000000000318e-01 9.471000000000000529e-01
9.482000000000000428e-01 9.469999999999999529e-01
9.481000000000000538e-01 9.468999999999999639e-01
9.481000000000000538e-01 9.466999999999999860e-01
9.481000000000000538e-01 9.471000000000000529e-01
9.481000000000000538e-01 9.472000000000000419e-01
9.481000000000000538e-01 9.471000000000000529e-01
9.482000000000000428e-01 9.475000000000000089e-01
9.482000000000000428e-01 9.468999999999999639e-01
9.481000000000000538e-01 9.472000000000000419e-01
9.482000000000000428e-01 9.469999999999999529e-01
9.482000000000000428e-01 9.473000000000000309e-01
9.483000000000000318e-01 9.475000000000000089e-01
9.482000000000000428e-01 9.471000000000000529e-01
9.483000000000000318e-01 9.472000000000000419e-01
9.483000000000000318e-01 9.472000000000000419e-01
9.484000000000000208e-01 9.467999999999999750e-01
9.483000000000000318e-01 9.472000000000000419e-01
9.484000000000000208e-01 9.471000000000000529e-01
9.484000000000000208e-01 9.473000000000000309e-01
9.483000000000000318e-01 9.472000000000000419e-01
9.484000000000000208e-01 9.473000000000000309e-01
9.483000000000000318e-01 9.471000000000000529e-01
9.483000000000000318e-01 9.466999999999999860e-01
9.485000000000000098e-01 9.465999999999999970e-01
9.485000000000000098e-01 9.469999999999999529e-01
9.485000000000000098e-01 9.465999999999999970e-01
9.485000000000000098e-01 9.474000000000000199e-01
9.485000000000000098e-01 9.467999999999999750e-01
9.483000000000000318e-01 9.473000000000000309e-01
9.483000000000000318e-01 9.469999999999999529e-01
9.484000000000000208e-01 9.475000000000000089e-01
9.483000000000000318e-01 9.472000000000000419e-01
9.483000000000000318e-01 9.477999999999999758e-01
9.483000000000000318e-01 9.473000000000000309e-01
9.483000000000000318e-01 9.475000000000000089e-01
9.483000000000000318e-01 9.472000000000000419e-01
9.483000000000000318e-01 9.472000000000000419e-01
9.483000000000000318e-01 9.465999999999999970e-01
9.483000000000000318e-01 9.474000000000000199e-01
9.483000000000000318e-01 9.469999999999999529e-01
9.483000000000000318e-01 9.472000000000000419e-01
9.482000000000000428e-01 9.468999999999999639e-01
9.483000000000000318e-01 9.472000000000000419e-01
9.483000000000000318e-01 9.464000000000000190e-01
9.483000000000000318e-01 9.468999999999999639e-01
9.483000000000000318e-01 9.467999999999999750e-01
9.483000000000000318e-01 9.469999999999999529e-01
9.483000000000000318e-01 9.469999999999999529e-01
9.483000000000000318e-01 9.474000000000000199e-01
9.483000000000000318e-01 9.475000000000000089e-01
9.483000000000000318e-01 9.474000000000000199e-01
9.484000000000000208e-01 9.473000000000000309e-01
9.484000000000000208e-01 9.472000000000000419e-01
9.484000000000000208e-01 9.471000000000000529e-01
9.484000000000000208e-01 9.472000000000000419e-01
9.483000000000000318e-01 9.472000000000000419e-01
9.485999999999999988e-01 9.469999999999999529e-01
9.485000000000000098e-01 9.475999999999999979e-01
9.485000000000000098e-01 9.472000000000000419e-01
9.485000000000000098e-01 9.474000000000000199e-01
9.485000000000000098e-01 9.473000000000000309e-01
9.485000000000000098e-01 9.475999999999999979e-01
9.485000000000000098e-01 9.472000000000000419e-01
9.485000000000000098e-01 9.476999999999999869e-01
9.485999999999999988e-01 9.475000000000000089e-01
9.485999999999999988e-01 9.472000000000000419e-01
9.485999999999999988e-01 9.468999999999999639e-01
9.485999999999999988e-01 9.473000000000000309e-01
9.485999999999999988e-01 9.469999999999999529e-01
9.485999999999999988e-01 9.473000000000000309e-01
9.486999999999999877e-01 9.472000000000000419e-01
9.486999999999999877e-01 9.472000000000000419e-01
9.485000000000000098e-01 9.473000000000000309e-01
9.485000000000000098e-01 9.467999999999999750e-01
9.485000000000000098e-01 9.475999999999999979e-01
9.485000000000000098e-01 9.477999999999999758e-01
9.485000000000000098e-01 9.475000000000000089e-01
9.485000000000000098e-01 9.474000000000000199e-01
9.485000000000000098e-01 9.476999999999999869e-01
9.485000000000000098e-01 9.476999999999999869e-01
9.485000000000000098e-01 9.477999999999999758e-01
9.485000000000000098e-01 9.473000000000000309e-01
9.484000000000000208e-01 9.473000000000000309e-01
9.484000000000000208e-01 9.475000000000000089e-01
9.484000000000000208e-01 9.473000000000000309e-01
9.484000000000000208e-01 9.474000000000000199e-01
9.484000000000000208e-01 9.472000000000000419e-01
9.484000000000000208e-01 9.473000000000000309e-01
9.484000000000000208e-01 9.476999999999999869e-01
9.484000000000000208e-01 9.475000000000000089e-01
9.484000000000000208e-01 9.477999999999999758e-01
9.483000000000000318e-01 9.476999999999999869e-01
9.484000000000000208e-01 9.476999999999999869e-01
9.483000000000000318e-01 9.481000000000000538e-01
9.483000000000000318e-01 9.482000000000000428e-01
9.483000000000000318e-01 9.483000000000000318e-01
9.483000000000000318e-01 9.485999999999999988e-01
9.483000000000000318e-01 9.481000000000000538e-01
9.483000000000000318e-01 9.476999999999999869e-01
9.483000000000000318e-01 9.475000000000000089e-01
9.483000000000000318e-01 9.476999999999999869e-01
9.482000000000000428e-01 9.475000000000000089e-01
9.482000000000000428e-01 9.473000000000000309e-01
9.484000000000000208e-01 9.469999999999999529e-01
9.484000000000000208e-01 9.472000000000000419e-01
9.484000000000000208e-01 9.475000000000000089e-01
9.484000000000000208e-01 9.476999999999999869e-01
9.484000000000000208e-01 9.481000000000000538e-01
9.485000000000000098e-01 9.477999999999999758e-01
9.485000000000000098e-01 9.484000000000000208e-01
9.484000000000000208e-01 9.481000000000000538e-01
9.484000000000000208e-01 9.484000000000000208e-01
9.484000000000000208e-01 9.479999999999999538e-01
9.485000000000000098e-01 9.484000000000000208e-01
9.485000000000000098e-01 9.483000000000000318e-01
9.485000000000000098e-01 9.484000000000000208e-01
9.485000000000000098e-01 9.477999999999999758e-01
9.485999999999999988e-01 9.481000000000000538e-01
9.485000000000000098e-01 9.475999999999999979e-01
9.485999999999999988e-01 9.478999999999999648e-01
9.485999999999999988e-01 9.479999999999999538e-01
9.485999999999999988e-01 9.478999999999999648e-01
9.484000000000000208e-01 9.475999999999999979e-01
9.484000000000000208e-01 9.482000000000000428e-01
9.485000000000000098e-01 9.474000000000000199e-01
9.485000000000000098e-01 9.475999999999999979e-01
9.484000000000000208e-01 9.479999999999999538e-01
9.485999999999999988e-01 9.483000000000000318e-01
9.484000000000000208e-01 9.481000000000000538e-01
9.484000000000000208e-01 9.481000000000000538e-01
9.485000000000000098e-01 9.479999999999999538e-01
9.485000000000000098e-01 9.481000000000000538e-01
9.484000000000000208e-01 9.478999999999999648e-01
9.484000000000000208e-01 9.484000000000000208e-01
9.484000000000000208e-01 9.479999999999999538e-01
9.484000000000000208e-01 9.481000000000000538e-01
9.484000000000000208e-01 9.478999999999999648e-01
9.484000000000000208e-01 9.478999999999999648e-01
9.484000000000000208e-01 9.476999999999999869e-01
9.485000000000000098e-01 9.475000000000000089e-01
9.485000000000000098e-01 9.476999999999999869e-01
9.484000000000000208e-01 9.479999999999999538e-01
9.484000000000000208e-01 9.477999999999999758e-01
9.485000000000000098e-01 9.481000000000000538e-01
9.485000000000000098e-01 9.481000000000000538e-01
9.485000000000000098e-01 9.476999999999999869e-01
9.485000000000000098e-01 9.475999999999999979e-01
9.483000000000000318e-01 9.481000000000000538e-01
9.484000000000000208e-01 9.477999999999999758e-01
9.484000000000000208e-01 9.478999999999999648e-01
9.484000000000000208e-01 9.471000000000000529e-01
9.484000000000000208e-01 9.475999999999999979e-01
9.484000000000000208e-01 9.477999999999999758e-01
9.484000000000000208e-01 9.476999999999999869e-01
9.484000000000000208e-01 9.482000000000000428e-01
9.484000000000000208e-01 9.477999999999999758e-01
9.485000000000000098e-01 9.478999999999999648e-01
9.485000000000000098e-01 9.479999999999999538e-01
9.485000000000000098e-01 9.474000000000000199e-01
9.484000000000000208e-01 9.476999999999999869e-01
9.484000000000000208e-01 9.473000000000000309e-01
9.484000000000000208e-01 9.475999999999999979e-01
9.484000000000000208e-01 9.477999999999999758e-01
9.485000000000000098e-01 9.479999999999999538e-01
9.485999999999999988e-01 9.482000000000000428e-01
9.485999999999999988e-01 9.478999999999999648e-01
9.485999999999999988e-01 9.475999999999999979e-01
9.485999999999999988e-01 9.476999999999999869e-01
9.485999999999999988e-01 9.482000000000000428e-01
9.486999999999999877e-01 9.483000000000000318e-01
9.485999999999999988e-01 9.481000000000000538e-01
9.485999999999999988e-01 9.483000000000000318e-01
9.486999999999999877e-01 9.475999999999999979e-01
9.486999999999999877e-01 9.475999999999999979e-01
9.487999999999999767e-01 9.475999999999999979e-01
9.486999999999999877e-01 9.479999999999999538e-01
9.486999999999999877e-01 9.475000000000000089e-01
9.486999999999999877e-01 9.478999999999999648e-01
9.486999999999999877e-01 9.476999999999999869e-01
9.486999999999999877e-01 9.478999999999999648e-01
9.486999999999999877e-01 9.473000000000000309e-01
9.486999999999999877e-01 9.475000000000000089e-01
9.486999999999999877e-01 9.466999999999999860e-01
9.486999999999999877e-01 9.471000000000000529e-01
9.486999999999999877e-01 9.469999999999999529e-01
9.486999999999999877e-01 9.474000000000000199e-01
9.486999999999999877e-01 9.468999999999999639e-01
9.486999999999999877e-01 9.469999999999999529e-01
9.487999999999999767e-01 9.472000000000000419e-01
9.486999999999999877e-01 9.474000000000000199e-01
9.485999999999999988e-01 9.468999999999999639e-01
9.485999999999999988e-01 9.474000000000000199e-01
9.485999999999999988e-01 9.468999999999999639e-01
9.485999999999999988e-01 9.468999999999999639e-01
9.485999999999999988e-01 9.468999999999999639e-01
9.487999999999999767e-01 9.472000000000000419e-01
9.488999999999999657e-01 9.473000000000000309e-01
9.487999999999999767e-01 9.471000000000000529e-01
9.487999999999999767e-01 9.472000000000000419e-01
9.487999999999999767e-01 9.472000000000000419e-01
9.485999999999999988e-01 9.466999999999999860e-01
9.485999999999999988e-01 9.467999999999999750e-01
9.486999999999999877e-01 9.467999999999999750e-01
9.485999999999999988e-01 9.465999999999999970e-01
9.486999999999999877e-01 9.468999999999999639e-01
9.485999999999999988e-01 9.465999999999999970e-01
9.485999999999999988e-01 9.465999999999999970e-01
9.485999999999999988e-01 9.462000000000000410e-01
9.485999999999999988e-01 9.468999999999999639e-01
9.485999999999999988e-01 9.463000000000000300e-01
9.485999999999999988e-01 9.467999999999999750e-01
9.485999999999999988e-01 9.463000000000000300e-01
9.485999999999999988e-01 9.466999999999999860e-01
9.485999999999999988e-01 9.465999999999999970e-01
9.486999999999999877e-01 9.469999999999999529e-01
9.486999999999999877e-01 9.467999999999999750e-01
9.486999999999999877e-01 9.472000000000000419e-01
9.487999999999999767e-01 9.469999999999999529e-01
9.487999999999999767e-01 9.468999999999999639e-01
9.487999999999999767e-01 9.474000000000000199e-01
9.487999999999999767e-01 9.468999999999999639e-01
9.487999999999999767e-01 9.467999999999999750e-01
9.487999999999999767e-01 9.472000000000000419e-01
9.487999999999999767e-01 9.465000000000000080e-01
9.487999999999999767e-01 9.466999999999999860e-01
9.487999999999999767e-01 9.464000000000000190e-01
9.487999999999999767e-01 9.461000000000000520e-01
9.487999999999999767e-01 9.464000000000000190e-01
9.488999999999999657e-01 9.463000000000000300e-01
9.487999999999999767e-01 9.459999999999999520e-01
9.489999999999999547e-01 9.467999999999999750e-01
9.489999999999999547e-01 9.464000000000000190e-01
9.489999999999999547e-01 9.465999999999999970e-01
9.489999999999999547e-01 9.461000000000000520e-01
9.489999999999999547e-01 9.461000000000000520e-01
9.489999999999999547e-01 9.463000000000000300e-01
9.491000000000000547e-01 9.465999999999999970e-01
9.491000000000000547e-01 9.466999999999999860e-01
9.492000000000000437e-01 9.467999999999999750e-01
9.491000000000000547e-01 9.468999999999999639e-01
9.491000000000000547e-01 9.465999999999999970e-01
9.488999999999999657e-01 9.462000000000000410e-01
9.488999999999999657e-01 9.465000000000000080e-01
9.487999999999999767e-01 9.461000000000000520e-01
9.487999999999999767e-01 9.461000000000000520e-01
9.487999999999999767e-01 9.461000000000000520e-01
9.487999999999999767e-01 9.465999999999999970e-01
9.487999999999999767e-01 9.462000000000000410e-01
9.487999999999999767e-01 9.462000000000000410e-01
9.487999999999999767e-01 9.461000000000000520e-01
9.487999999999999767e-01 9.463000000000000300e-01
9.487999999999999767e-01 9.461000000000000520e-01
9.487999999999999767e-01 9.465000000000000080e-01
9.487999999999999767e-01 9.463000000000000300e-01
9.487999999999999767e-01 9.467999999999999750e-01
9.487999999999999767e-01 9.466999999999999860e-01
9.487999999999999767e-01 9.466999999999999860e-01
9.487999999999999767e-01 9.473000000000000309e-01
9.488999999999999657e-01 9.469999999999999529e-01
9.489999999999999547e-01 9.466999999999999860e-01
9.489999999999999547e-01 9.468999999999999639e-01
9.489999999999999547e-01 9.465000000000000080e-01
9.489999999999999547e-01 9.469999999999999529e-01
9.489999999999999547e-01 9.471000000000000529e-01
9.489999999999999547e-01 9.474000000000000199e-01
9.489999999999999547e-01 9.473000000000000309e-01
9.489999999999999547e-01 9.471000000000000529e-01
9.491000000000000547e-01 9.473000000000000309e-01
9.491000000000000547e-01 9.472000000000000419e-01
9.489999999999999547e-01 9.469999999999999529e-01
9.489999999999999547e-01 9.471000000000000529e-01
9.489999999999999547e-01 9.472000000000000419e-01
9.489999999999999547e-01 9.469999999999999529e-01
9.489999999999999547e-01 9.466999999999999860e-01
9.491000000000000547e-01 9.471000000000000529e-01
9.491000000000000547e-01 9.465000000000000080e-01
9.491000000000000547e-01 9.468999999999999639e-01
9.491000000000000547e-01 9.462000000000000410e-01
9.491000000000000547e-01 9.465000000000000080e-01
9.491000000000000547e-01 9.461000000000000520e-01
9.491000000000000547e-01 9.465999999999999970e-01
9.492000000000000437e-01 9.467999999999999750e-01
9.492000000000000437e-01 9.465999999999999970e-01
9.493000000000000327e-01 9.467999999999999750e-01
9.492000000000000437e-01 9.471000000000000529e-01
9.492000000000000437e-01 9.467999999999999750e-01
9.492000000000000437e-01 9.465999999999999970e-01
9.492000000000000437e-01 9.464000000000000190e-01
9.491000000000000547e-01 9.464000000000000190e-01
9.491000000000000547e-01 9.465999999999999970e-01
9.489999999999999547e-01 9.466999999999999860e-01
9.489999999999999547e-01 9.464000000000000190e-01
9.489999999999999547e-01 9.466999999999999860e-01
9.489999999999999547e-01 9.465999999999999970e-01
9.488999999999999657e-01 9.465999999999999970e-01
9.489999999999999547e-01 9.462000000000000410e-01
9.489999999999999547e-01 9.461000000000000520e-01
9.491000000000000547e-01 9.462000000000000410e-01
9.491000000000000547e-01 9.465000000000000080e-01
9.492000000000000437e-01 9.459999999999999520e-01
9.492000000000000437e-01 9.465999999999999970e-01
9.489999999999999547e-01 9.467999999999999750e-01
9.489999999999999547e-01 9.463000000000000300e-01
9.489999999999999547e-01 9.472000000000000419e-01
9.489999999999999547e-01 9.473000000000000309e-01
9.489999999999999547e-01 9.473000000000000309e-01
9.489999999999999547e-01 9.471000000000000529e-01
9.489999999999999547e-01 9.474000000000000199e-01
9.489999999999999547e-01 9.472000000000000419e-01
9.488999999999999657e-01 9.467999999999999750e-01
9.488999999999999657e-01 9.465000000000000080e-01
9.489999999999999547e-01 9.468999999999999639e-01
9.488999999999999657e-01 9.468999999999999639e-01
9.488999999999999657e-01 9.471000000000000529e-01
9.488999999999999657e-01 9.467999999999999750e-01
9.488999999999999657e-01 9.465999999999999970e-01
9.488999999999999657e-01 9.463000000000000300e-01
9.488999999999999657e-01 9.467999999999999750e-01
9.488999999999999657e-01 9.469999999999999529e-01
9.487999999999999767e-01 9.474000000000000199e-01
9.487999999999999767e-01 9.472000000000000419e-01
9.488999999999999657e-01 9.473000000000000309e-01
9.488999999999999657e-01 9.466999999999999860e-01
9.489999999999999547e-01 9.467999999999999750e-01
9.489999999999999547e-01 9.465000000000000080e-01
9.489999999999999547e-01 9.466999999999999860e-01
9.488999999999999657e-01 9.463000000000000300e-01
9.488999999999999657e-01 9.467999999999999750e-01
9.488999999999999657e-01 9.466999999999999860e-01
9.488999999999999657e-01 9.474000000000000199e-01
9.489999999999999547e-01 9.472000000000000419e-01
9.489999999999999547e-01 9.471000000000000529e-01
9.489999999999999547e-01 9.471000000000000529e-01
9.489999999999999547e-01 9.473000000000000309e-01
9.489999999999999547e-01 9.467999999999999750e-01
9.489999999999999547e-01 9.473000000000000309e-01
9.489999999999999547e-01 9.473000000000000309e-01
9.489999999999999547e-01 9.476999999999999869e-01
9.488999999999999657e-01 9.478999999999999648e-01
9.488999999999999657e-01 9.475000000000000089e-01
9.486999999999999877e-01 9.469999999999999529e-01
9.486999999999999877e-01 9.475000000000000089e-01
9.485000000000000098e-01 9.473000000000000309e-01
9.486999999999999877e-01 9.473000000000000309e-01
9.485000000000000098e-01 9.469999999999999529e-01
9.485999999999999988e-01 9.469999999999999529e-01
9.486999999999999877e-01 9.465999999999999970e-01
9.485000000000000098e-01 9.472000000000000419e-01
9.484000000000000208e-01 9.465999999999999970e-01
9.484000000000000208e-01 9.468999999999999639e-01
9.484000000000000208e-01 9.466999999999999860e-01
9.484000000000000208e-01 9.472000000000000419e-01
9.483000000000000318e-01 9.472000000000000419e-01
9.483000000000000318e-01 9.468999999999999639e-01
9.481000000000000538e-01 9.469999999999999529e-01
9.483000000000000318e-01 9.474000000000000199e-01
9.482000000000000428e-01 9.474000000000000199e-01
9.482000000000000428e-01 9.465999999999999970e-01
9.481000000000000538e-01 9.474000000000000199e-01
9.482000000000000428e-01 9.472000000000000419e-01
9.481000000000000538e-01 9.475000000000000089e-01
9.479999999999999538e-01 9.472000000000000419e-01
9.481000000000000538e-01 9.473000000000000309e-01
9.481000000000000538e-01 9.474000000000000199e-01
9.479999999999999538e-01 9.474000000000000199e-01
9.479999999999999538e-01 9.474000000000000199e-01
9.481000000000000538e-01 9.472000000000000419e-01
9.481000000000000538e-01 9.467999999999999750e-01
9.482000000000000428e-01 9.465999999999999970e-01
9.481000000000000538e-01 9.465999999999999970e-01
9.482000000000000428e-01 9.466999999999999860e-01
9.482000000000000428e-01 9.464000000000000190e-01
9.482000000000000428e-01 9.468999999999999639e-01
9.482000000000000428e-01 9.469999999999999529e-01
9.482000000000000428e-01 9.465000000000000080e-01
9.482000000000000428e-01 9.465000000000000080e-01
9.479999999999999538e-01 9.464000000000000190e-01
9.482000000000000428e-01 9.454000000000000181e-01
9.482000000000000428e-01 9.462000000000000410e-01
9.483000000000000318e-01 9.464000000000000190e-01
9.483000000000000318e-01 9.464000000000000190e-01
9.483000000000000318e-01 9.461000000000000520e-01
9.483000000000000318e-01 9.465999999999999970e-01
9.482000000000000428e-01 9.465999999999999970e-01
9.484000000000000208e-01 9.464000000000000190e-01
9.485000000000000098e-01 9.464000000000000190e-01
9.483000000000000318e-01 9.463000000000000300e-01
9.484000000000000208e-01 9.468999999999999639e-01
9.485000000000000098e-01 9.466999999999999860e-01
9.484000000000000208e-01 9.471000000000000529e-01
9.484000000000000208e-01 9.468999999999999639e-01
9.484000000000000208e-01 9.469999999999999529e-01
9.484000000000000208e-01 9.465999999999999970e-01
9.484000000000000208e-01 9.466999999999999860e-01
9.483000000000000318e-01 9.471000000000000529e-01
9.484000000000000208e-01 9.468999999999999639e-01
9.484000000000000208e-01 9.469999999999999529e-01
9.484000000000000208e-01 9.469999999999999529e-01
9.483000000000000318e-01 9.469999999999999529e-01
9.484000000000000208e-01 9.469999999999999529e-01
9.484000000000000208e-01 9.475000000000000089e-01
9.484000000000000208e-01 9.473000000000000309e-01
9.485000000000000098e-01 9.479999999999999538e-01
9.485000000000000098e-01 9.476999999999999869e-01
9.485999999999999988e-01 9.477999999999999758e-01
9.484000000000000208e-01 9.475000000000000089e-01
9.484000000000000208e-01 9.474000000000000199e-01
9.484000000000000208e-01 9.472000000000000419e-01
9.485000000000000098e-01 9.475999999999999979e-01
9.485000000000000098e-01 9.474000000000000199e-01
9.485000000000000098e-01 9.475999999999999979e-01
9.485000000000000098e-01 9.478999999999999648e-01
9.485999999999999988e-01 9.476999999999999869e-01
9.485000000000000098e-01 9.475000000000000089e-01
9.485000000000000098e-01 9.473000000000000309e-01
9.485000000000000098e-01 9.476999999999999869e-01
9.485000000000000098e-01 9.475999999999999979e-01
9.484000000000000208e-01 9.478999999999999648e-01
9.484000000000000208e-01 9.474000000000000199e-01
9.485000000000000098e-01 9.477999999999999758e-01
9.485000000000000098e-01 9.475999999999999979e-01
9.485000000000000098e-01 9.475999999999999979e-01
9.485000000000000098e-01 9.475999999999999979e-01
9.485000000000000098e-01 9.474000000000000199e-01
9.485000000000000098e-01 9.475999999999999979e-01
9.485000000000000098e-01 9.475999999999999979e-01
9.484000000000000208e-01 9.473000000000000309e-01
9.484000000000000208e-01 9.476999999999999869e-01
9.484000000000000208e-01 9.473000000000000309e-01
9.484000000000000208e-01 9.478999999999999648e-01
9.484000000000000208e-01 9.472000000000000419e-01
9.484000000000000208e-01 9.468999999999999639e-01
9.483000000000000318e-01 9.473000000000000309e-01
9.483000000000000318e-01 9.471000000000000529e-01
9.483000000000000318e-01 9.477999999999999758e-01
9.483000000000000318e-01 9.475000000000000089e-01
9.483000000000000318e-01 9.475000000000000089e-01
9.483000000000000318e-01 9.475999999999999979e-01
9.483000000000000318e-01 9.468999999999999639e-01
9.483000000000000318e-01 9.471000000000000529e-01
9.483000000000000318e-01 9.475000000000000089e-01
9.483000000000000318e-01 9.471000000000000529e-01
9.484000000000000208e-01 9.474000000000000199e-01
9.484000000000000208e-01 9.469999999999999529e-01
9.485000000000000098e-01 9.475000000000000089e-01
9.485000000000000098e-01 9.469999999999999529e-01
9.485000000000000098e-01 9.468999999999999639e-01
9.484000000000000208e-01 9.471000000000000529e-01
9.485000000000000098e-01 9.472000000000000419e-01
9.485999999999999988e-01 9.469999999999999529e-01
9.485999999999999988e-01 9.472000000000000419e-01
9.485999999999999988e-01 9.469999999999999529e-01
9.485999999999999988e-01 9.466999999999999860e-01
9.485999999999999988e-01 9.469999999999999529e-01
9.485999999999999988e-01 9.469999999999999529e-01
9.485999999999999988e-01 9.465999999999999970e-01
9.485999999999999988e-01 9.467999999999999750e-01
9.485999999999999988e-01 9.468999999999999639e-01
9.485999999999999988e-01 9.471000000000000529e-01
9.485999999999999988e-01 9.469999999999999529e-01
9.485000000000000098e-01 9.467999999999999750e-01
9.485999999999999988e-01 9.462000000000000410e-01
9.486999999999999877e-01 9.466999999999999860e-01
9.485999999999999988e-01 9.466999999999999860e-01
9.485999999999999988e-01 9.465999999999999970e-01
9.486999999999999877e-01 9.464000000000000190e-01
9.487999999999999767e-01 9.465999999999999970e-01
9.486999999999999877e-01 9.467999999999999750e-01
