3.061645138356099416e-01
3.141076067982719322e-01
2.959652026219888321e-01
2.933996242518613351e-01
2.727481452113410532e-01
2.691124237734359714e-01
2.541906624438257656e-01
2.383774357834444468e-01
2.212224095195003404e-01
2.224755870323718576e-01
2.072004002870476980e-01
2.044858675180826479e-01
1.942994464170539892e-01
1.848232953793741140e-01
1.732697486003712539e-01
1.699355228692113196e-01
1.653289138515143253e-01
1.602664358106750953e-01
1.605447049118542413e-01
1.514034287802198953e-01
1.474490882474078224e-01
1.439294806386066938e-01
1.428599079828442309e-01
1.368717954407487059e-01
1.315924432757298312e-01
1.301947595149627601e-01
1.251993586713962270e-01
1.245694163976364677e-01
1.220316461076439568e-01
1.130686498974009108e-01
1.161667096007116678e-01
1.104980513975335338e-01
1.057065014998650049e-01
1.096199836466190125e-01
1.081529527836481569e-01
1.040398976768222572e-01
1.040186053016897427e-01
9.993643078135200364e-02
1.003396342437585104e-01
9.881377084427836466e-02
1.010964437077596784e-01
9.489637133040003392e-02
9.423210665739320535e-02
9.116334724096823716e-02
8.689487510132842818e-02
8.711676701685182322e-02
8.530426780270153331e-02
8.154353409273272513e-02
8.675445377650951861e-02
8.788418626929178634e-02
8.534333870673721512e-02
8.124461680562049259e-02
8.240963072266660472e-02
8.017266759959808253e-02
7.777545121249129778e-02
7.761856084598893479e-02
7.618208870922578424e-02
7.330899162710911854e-02
7.766391616655707320e-02
7.211850475750068712e-02
7.224562362536814109e-02
6.960958268602455978e-02
7.284744330191238182e-02
6.843546634864924871e-02
6.832680551892804377e-02
6.760069449583935852e-02
6.806260395092053606e-02
6.938641879981402583e-02
6.696932289497964375e-02
6.969272358489975172e-02
6.669001508772745557e-02
6.332950282152276233e-02
6.323196672291582499e-02
6.586815177101468244e-02
6.275077091746150693e-02
6.080945103543921454e-02
6.284052326706586478e-02
6.157003156896941054e-02
6.068985016960139200e-02
5.689533232741432467e-02
6.059122006648833686e-02
6.027808888156344080e-02
5.777216336933890112e-02
5.472171550293365716e-02
5.603907426398559155e-02
5.482893550537872029e-02
5.751212081977648966e-02
5.819665765776139976e-02
5.541847965083936817e-02
5.631598918489182787e-02
5.292627354752901109e-02
5.461532839573714909e-02
5.330520264720441798e-02
5.550001661778457968e-02
5.285113438344878067e-02
5.153013642419079776e-02
5.124054677030549093e-02
5.220251525299424850e-02
5.207525989637593056e-02
5.220078570538339707e-02
5.455581495993695740e-02
4.893998339576383083e-02
5.098760287951868003e-02
5.318226731381789363e-02
4.947207881133697943e-02
4.866089351367623717e-02
5.098718163386062319e-02
4.786878257425537103e-02
4.843032769043072866e-02
4.739111243590019701e-02
4.806557851755841049e-02
4.906879465374257288e-02
4.694982174304748734e-02
4.643680912346027229e-02
4.824437077713412958e-02
4.581092902436294245e-02
4.722442694233130317e-02
4.714919144621818048e-02
4.532746947150633615e-02
4.496392410557233793e-02
4.695968167702469637e-02
4.355399457700618454e-02
4.582212361703683762e-02
4.290026932913838797e-02
4.293790132497082856e-02
4.475652866486118375e-02
4.429087882689669575e-02
4.422604321082398288e-02
4.477736440968285020e-02
4.321402448636785937e-02
4.342765162968255377e-02
4.082692362089768157e-02
4.233916070347979593e-02
4.378897013882711992e-02
4.312728591390629224e-02
4.434524733500649213e-02
4.181573944328261655e-02
4.090813256903733791e-02
4.079070933190707959e-02
4.015244607171183228e-02
4.033748550516091935e-02
4.146352872492371083e-02
4.078886980763836434e-02
3.746940481239445508e-02
4.136819849119485748e-02
4.060379578115764360e-02
4.052642938809293549e-02
4.106988075022457302e-02
3.935994371544323384e-02
3.767000342257696005e-02
3.945435093650276337e-02
3.969132873844731513e-02
3.848477458242544752e-02
3.701836609834606440e-02
3.689689988478206395e-02
3.933014613156631673e-02
3.822127504888730293e-02
3.753822749166341871e-02
3.802153402250156577e-02
3.717086824768169734e-02
3.737036624258081169e-02
3.496727365452462905e-02
3.706523218577466999e-02
3.545778028940983068e-02
3.757117889434559432e-02
3.708028731856418542e-02
3.623553960293839082e-02
3.681415463779818403e-02
3.756609903407560208e-02
3.504465306475656322e-02
3.530196146225305504e-02
3.558311540371671827e-02
3.592489764787937939e-02
3.646658137756271512e-02
3.435393966968865176e-02
3.536722213025539352e-02
3.576648687401878801e-02
3.409993757483117949e-02
3.456353473947092192e-02
3.291559669805581984e-02
3.508006440562592976e-02
3.332640018973568458e-02
3.389185195687380303e-02
3.299961516423543378e-02
3.518118274881670837e-02
3.403174172922987517e-02
3.255760772038922973e-02
3.245124891647577919e-02
3.290386563635299549e-02
3.298455381340566206e-02
3.534755690511979381e-02
3.323317368946349798e-02
3.221686287848850305e-02
3.351354976249640988e-02
3.178205227183587139e-02
3.266459318872853151e-02
3.347139137535586062e-02
3.147987395620815976e-02
3.248080656759947532e-02
3.522506731153680209e-02
3.134465389538185209e-02
3.258531943984788876e-02
3.244051986549178340e-02
3.245022883431068067e-02
3.058485078706897967e-02
3.096612534544462836e-02
3.237021689233521987e-02
3.092191812694598113e-02
3.245139982407788809e-02
3.007928766543891547e-02
3.157553273644255615e-02
3.256512166227182314e-02
3.060270841891675822e-02
3.159537029080325410e-02
3.002471086880927412e-02
2.944299147859687910e-02
3.083028372192055805e-02
3.153503107897930036e-02
3.214354430602064938e-02
3.096077470796452027e-02
3.118160803641127285e-02
2.972300911691096517e-02
3.041461360120953361e-02
2.917691148627238676e-02
2.965595137659066127e-02
3.037872834285077969e-02
2.993658632936633743e-02
3.041296545368327858e-02
3.061306418884947311e-02
2.963553884011439418e-02
3.055311117706522792e-02
2.960139895139897795e-02
2.917800343611798297e-02
2.976143036268728836e-02
2.909645228615056686e-02
2.874717877265216964e-02
2.745120963357533181e-02
2.933717838048112425e-02
2.944618705598351163e-02
2.911290957914561620e-02
2.975403551393400112e-02
2.866394298725939357e-02
2.921720147126508071e-02
2.916402552915753690e-02
2.983830653097306954e-02
2.727961258242408635e-02
2.802344169588725023e-02
2.834704705630618216e-02
2.803580720186012523e-02
2.921970784158491041e-02
2.867855569721022499e-02
2.723795377991267488e-02
2.789929587241223724e-02
2.836349313183129245e-02
2.862252216283468417e-02
2.757105898972355210e-02
2.754809531554890459e-02
2.804905055358637364e-02
2.728136823688249654e-02
2.788622785355367867e-02
2.798411254478930937e-02
2.815639578523351783e-02
2.766157036370477107e-02
2.745505311959897665e-02
2.624065677679411623e-02
2.698199600188629435e-02
2.610661666472982936e-02
2.632856037754934334e-02
2.693838252251759546e-02
2.714246647323866404e-02
2.684053424315155367e-02
2.695853363328000810e-02
2.721478277792903702e-02
2.836186497031588372e-02
2.737550538197170910e-02
2.742833839770622562e-02
2.442362314873099821e-02
2.761281395268082306e-02
2.620900840108809568e-02
2.602212471829764770e-02
2.717793004240909999e-02
2.590403189952212443e-02
2.738450293916138908e-02
2.641920359822745937e-02
2.582323836072188822e-02
2.690023314828930701e-02
2.556693315848114489e-02
2.566647044648504017e-02
2.725087874907915209e-02
2.605270321956521667e-02
2.443917555521537416e-02
2.584494056522897154e-02
2.518727288357190675e-02
2.686041768773820768e-02
2.561869413601413140e-02
2.577306324915205546e-02
2.574209622740549971e-02
2.508870243381538384e-02
2.526792813321212736e-02
2.479701114746134596e-02
2.634409360163177810e-02
2.466425178754202974e-02
2.482299453006311593e-02
2.429470917446647713e-02
2.583171414210256797e-02
2.500916628683156825e-02
2.470583328645765270e-02
2.502564109057931266e-02
2.559898572204056047e-02
2.492509678938004125e-02
2.480029785898580155e-02
2.445202827405087639e-02
2.481402725365274009e-02
2.365883409189729544e-02
2.541881314260866290e-02
2.495071592174160843e-02
2.517167436294031821e-02
2.485181497857145289e-02
2.435879515629816097e-02
2.518978556358053567e-02
2.321039176834009676e-02
2.471439160197152346e-02
2.333188823257046490e-02
2.369017780252757888e-02
2.341521288790184702e-02
2.394509990224300000e-02
2.441724416690687141e-02
2.470298080334110830e-02
2.459235609034904346e-02
2.400720859488320730e-02
2.389357508335966315e-02
2.491194800079621699e-02
2.279466238333992603e-02
2.346128156699773051e-02
2.360401082305018175e-02
2.457349824118322187e-02
2.355106520488688474e-02
2.360042925583623677e-02
2.217083205641458971e-02
2.387269813845627892e-02
2.386678304589720523e-02
2.362647089186163674e-02
2.458549938736065421e-02
2.365058286537269003e-02
2.242284734560165069e-02
2.239413129377804818e-02
2.280138983511051376e-02
2.296452442988858658e-02
2.303260279002122823e-02
2.242814550462104983e-02
2.427207940972098826e-02
2.327016918508427804e-02
2.218981863362462503e-02
2.279610271542399993e-02
2.352771511839514898e-02
2.148802035969017699e-02
2.173928810289740485e-02
2.307598046092508917e-02
2.336691748034172220e-02
2.315657355900069617e-02
2.325878558953565350e-02
2.284639060687366011e-02
2.348140829608808683e-02
2.194001604126960547e-02
2.298549359463067029e-02
2.257465966141280686e-02
2.269509770673447391e-02
2.299285561041148479e-02
2.262778826448494027e-02
2.186920523689682774e-02
2.312828793843700603e-02
2.285411540926503976e-02
2.255510456308995604e-02
2.191390742678094722e-02
2.304479417075684308e-02
2.204489430881119427e-02
2.058573834393076160e-02
2.118109048508977701e-02
2.207601279589900198e-02
2.217306966005750529e-02
2.233206572231797096e-02
2.215181007163092783e-02
2.289316453187894423e-02
2.062345546776104058e-02
2.265479240855933912e-02
2.086905964450326556e-02
2.136541123717027729e-02
2.181822083108540811e-02
2.251545097317472419e-02
2.140206248359284580e-02
2.129576111315364256e-02
2.257439264935531473e-02
2.163414275520259000e-02
2.139287160523947393e-02
2.052732140564860266e-02
2.063140422229019916e-02
2.150598689954911005e-02
2.238743143621682238e-02
2.085724458178905838e-02
2.119404695162962690e-02
2.121738054006169077e-02
2.024140282750942071e-02
2.116674897499715852e-02
2.067208254660132111e-02
2.011349258379558497e-02
2.093735614966317493e-02
1.996425961016857001e-02
2.149682955485368585e-02
1.993262863493933459e-02
2.141702659682007126e-02
2.062181181580816092e-02
2.062093756906886732e-02
1.973460253516626239e-02
2.124963053307406605e-02
2.056818061330590447e-02
2.090495544551270596e-02
2.074936049060591495e-02
2.159985435021393244e-02
2.034714467160295484e-02
2.122966391495274482e-02
1.980422540129571016e-02
2.054826561454177469e-02
2.032361749133667142e-02
1.958593807801088313e-02
2.078010734060080703e-02
1.950379836221783139e-02
2.046392656112094519e-02
1.970440675757158949e-02
2.057457637698216144e-02
1.966415301448643654e-02
2.051090323409522284e-02
1.946226710876246269e-02
2.036148695974424050e-02
1.984921147710801484e-02
2.029344603031557615e-02
1.952763924518011521e-02
2.020417488529849259e-02
1.929779107514835446e-02
2.022637227768502716e-02
2.042908691856793954e-02
1.946771412064214266e-02
1.890502057154721041e-02
2.020641067236295454e-02
1.993023244673504737e-02
2.003528733820716598e-02
1.979954242805844963e-02
1.984074068910803013e-02
1.954296196188589838e-02
1.937892041931839338e-02
1.966103327679746132e-02
1.874247426761389487e-02
1.878086278084268798e-02
2.000970864052464479e-02
2.105298469969482666e-02
1.852872354111469166e-02
1.936737982723849005e-02
1.992274346509536123e-02
1.886948031422280847e-02
2.056180636992487043e-02
1.945032560723394810e-02
1.900856946497274727e-02
1.927184694413387397e-02
1.988749367811887617e-02
1.890472881301628882e-02
1.871695954159060746e-02
1.920029650386124997e-02
1.980703094787104532e-02
1.898496140615301905e-02
1.859648260877121845e-02
1.965750534188641721e-02
1.943432627966186488e-02
1.919815347957091328e-02
1.909917017660156535e-02
1.879275143042657623e-02
2.026049595629982741e-02
1.950108400342513704e-02
1.892038550676311895e-02
1.865350965694100721e-02
1.840964175586415341e-02
1.900410302857791917e-02
1.931668967758275179e-02
1.878579298488767049e-02
1.889823861879946082e-02
1.857109970272975003e-02
1.805411877674618568e-02
1.846124863429763133e-02
1.809649007602950888e-02
1.882603507967001502e-02
1.878139883813345276e-02
1.908630310467440694e-02
1.901426920828692968e-02
1.987998570599954634e-02
1.873104596172553774e-02
1.721957492621203900e-02
1.864090246837609571e-02
1.775757752035121012e-02
1.838610504864016462e-02
1.847858786008167026e-02
1.855305787748961349e-02
1.901848051155512198e-02
1.698691332342318339e-02
1.832459322003692284e-02
1.841035368255064530e-02
1.963770735278340396e-02
1.945545445258224648e-02
1.810243968355226829e-02
1.902602699105708853e-02
1.813546738119818993e-02
1.714024245551209330e-02
1.871837267558036644e-02
1.813770572518548160e-02
1.801707577350220024e-02
1.779591565461808092e-02
1.834068959921322101e-02
1.849186071758050776e-02
1.814579753563756379e-02
1.799323839017204218e-02
1.844144000102733438e-02
1.714006071058278222e-02
1.791866342112087562e-02
1.829090428730081180e-02
1.871873066853778009e-02
1.802811567628775924e-02
1.772086770567369782e-02
1.796332655456341076e-02
1.852019447523467130e-02
1.852625261385037331e-02
1.745955564232786264e-02
1.872514995091567255e-02
1.759711084484028021e-02
1.761823274371528136e-02
1.717113312976368406e-02
1.849502526625117910e-02
1.780645461251493047e-02
1.801987463974211168e-02
1.807942700355783319e-02
1.711134663756846627e-02
1.754545366929554165e-02
1.769188038100364888e-02
1.717275655931071662e-02
1.826727680502959750e-02
1.883254551206309940e-02
1.755244024385781490e-02
1.674533681467185384e-02
1.732137505752984891e-02
1.631800165686551896e-02
1.732628964526527690e-02
1.785263136251838412e-02
1.837265626360395573e-02
1.736944063894252377e-02
1.683265757011392916e-02
1.775353242791027561e-02
1.767492976739258245e-02
1.762219716942100417e-02
1.780262304656883912e-02
1.756749015551671567e-02
1.759070405406574361e-02
1.656142388940397975e-02
1.716842853169368507e-02
1.683529988561106167e-02
1.765491169130143853e-02
1.796273326685829397e-02
1.756326820052610607e-02
1.739158857640185976e-02
1.799479130843044394e-02
1.665285339590552235e-02
1.689800739875762722e-02
1.639920561856105657e-02
1.758551819306454836e-02
1.743911839973650776e-02
1.663298083258119009e-02
1.792927432932237344e-02
1.729983377851137746e-02
1.771619884263534589e-02
1.745871225849325928e-02
1.718211825085953423e-02
1.615586907081990181e-02
1.711484120469713988e-02
1.691114280639681097e-02
1.681058473669094777e-02
1.685354193897467198e-02
1.680983296213469161e-02
1.726564251735388661e-02
1.655905360341047156e-02
1.677713557159141861e-02
1.714105683466999805e-02
1.689634490000162942e-02
1.613535473500177925e-02
1.710211145915579295e-02
1.692443397159588622e-02
1.725568690866245009e-02
1.655733294159398433e-02
1.690029124663039797e-02
1.604830012331169217e-02
1.696272773034272763e-02
1.617885417868906647e-02
1.641917310681002828e-02
1.656815922884341194e-02
1.543166783556022825e-02
1.645186359450001579e-02
1.673427003518078784e-02
1.658970269280286847e-02
1.750342546930414717e-02
1.575364231730171094e-02
1.685645628859656908e-02
1.599544633047139675e-02
1.657582198044512539e-02
1.668607267902656732e-02
1.628139187461844287e-02
1.582855652140976316e-02
1.603346797196406395e-02
1.519388770410542121e-02
1.595319759506060378e-02
1.657628138150638031e-02
1.573843001254581625e-02
1.677237795954156577e-02
1.604899084163081274e-02
1.628116673274730003e-02
1.658271137690192978e-02
1.632373487239507925e-02
1.574124923313867733e-02
1.660683220037610652e-02
1.654406529559772007e-02
1.573274115738247658e-02
1.612424351099953773e-02
1.565150897554380000e-02
1.559495730121899376e-02
1.632239748322827921e-02
1.640592632825036909e-02
1.572468655776037075e-02
1.737088633102625360e-02
1.639605635831567140e-02
1.552622839616752543e-02
1.664044544055251831e-02
1.590774029599692149e-02
1.585884139704306015e-02
1.580238618718144902e-02
1.592869481461184344e-02
1.597813692241915537e-02
1.550481020936806016e-02
1.579636906279314676e-02
1.588545124002696540e-02
1.545239525252439967e-02
1.626434893312762864e-02
1.592066691504477258e-02
1.610010197008821323e-02
1.593658494089611813e-02
1.546683169438273567e-02
1.629952171137939027e-02
1.613785062375291263e-02
1.564862924322568682e-02
1.667185723616246631e-02
1.654263271299015459e-02
1.521202838973399578e-02
1.614479862606531951e-02
1.611612245966311321e-02
1.620959111884270193e-02
1.557558853857896053e-02
1.567007921552597202e-02
1.575524295011915266e-02
1.565962722798397086e-02
1.584476773413922082e-02
1.614550530843369969e-02
1.602748724554240237e-02
1.595913992891810976e-02
1.520754610663710427e-02
1.619199175880661062e-02
1.471347586320554193e-02
1.541102273935013312e-02
1.584828810697640200e-02
1.525083187434326734e-02
1.521075904518424948e-02
1.625620848087163187e-02
1.511901277587329208e-02
1.509320690529200419e-02
1.529159905633162286e-02
1.598278127509762669e-02
1.622683389347549798e-02
1.578628976905837797e-02
1.615974702577708741e-02
1.596876353565271356e-02
1.514507794542938046e-02
1.556529979468969545e-02
1.531368775642114044e-02
1.479340267363104394e-02
1.510480643703733701e-02
1.492496238857671589e-02
1.557289169888028887e-02
1.511489412210000917e-02
1.561820990825102048e-02
1.488355028998243970e-02
1.625652676719330572e-02
1.518695221209083804e-02
1.518118204273764295e-02
1.597600957718606912e-02
1.486768581131111579e-02
1.485257997093740109e-02
1.473393549382175267e-02
1.501133753520984999e-02
1.501565611257134683e-02
1.564937362648820968e-02
1.528736820853348992e-02
1.538835684260349626e-02
1.475309142919469657e-02
1.516164456374433436e-02
1.427275474558176681e-02
1.546052936436051288e-02
1.588481616567341201e-02
1.559520085436159886e-02
1.564710802137014856e-02
1.393176775135583460e-02
1.532459817946302955e-02
1.528077805847147426e-02
1.541432619440261630e-02
1.394977185841070159e-02
1.489027757317681368e-02
1.423404589136158596e-02
1.575602989743245599e-02
1.466834654428350593e-02
1.567451848341012977e-02
1.579963453420705696e-02
1.493662466070928840e-02
1.492896608584250683e-02
1.512763020233786823e-02
1.458063107715727898e-02
1.465744815829107817e-02
1.548401550399324325e-02
1.484838950686106704e-02
1.447376181048387091e-02
1.506378634855838096e-02
1.454731525852851967e-02
1.487498310772053522e-02
1.467964579418927842e-02
1.523933353307780660e-02
1.399841182984959236e-02
1.414057560084933975e-02
1.459049677893557370e-02
1.432017487240060463e-02
1.468104630197714783e-02
1.384062934378471610e-02
1.550816028399824853e-02
1.435280969268393041e-02
1.449863273021981952e-02
1.444557988614864064e-02
1.522526460978014355e-02
1.475832437648131462e-02
1.441814708459380687e-02
1.471258815239815700e-02
1.411585211247998184e-02
1.393138969367898813e-02
1.438529568465622167e-02
1.396958685584300495e-02
1.532902888880474310e-02
1.440556610701008815e-02
1.504529202452812957e-02
1.432961354463377530e-02
1.485999922159206461e-02
1.396362287950614692e-02
1.522466411665233769e-02
1.479193959500203423e-02
1.440597518853509000e-02
1.458281517489792498e-02
1.385282445592669366e-02
1.537979615144948950e-02
1.429375596018171019e-02
1.496884392822993293e-02
1.410765716830754239e-02
1.478257462781911932e-02
1.373967816264858206e-02
1.525670610080164490e-02
1.446610209330001506e-02
1.386230772618935077e-02
1.421089746467713369e-02
1.402270353860164687e-02
1.361204839488258309e-02
1.394298863043441118e-02
1.444209252113812757e-02
1.473942686705539615e-02
1.465920747333487699e-02
1.363367845223941756e-02
1.422126414830218039e-02
1.403426179130113326e-02
1.435915946616787495e-02
1.438975519848149226e-02
1.463219082674957656e-02
1.436437197284563816e-02
1.454839149316455339e-02
1.465316852448473456e-02
1.485000728294933771e-02
1.413481552494269024e-02
1.441461992043389234e-02
1.443557982490848747e-02
1.344263891929591871e-02
1.450634569251900256e-02
1.417277435764168793e-02
1.445113895039368442e-02
1.422207037509808786e-02
1.340539303185256555e-02
1.491335154494067075e-02
1.385469872244460103e-02
1.439382933528435098e-02
1.418228348462638455e-02
1.303976562613683859e-02
1.363982369564212781e-02
1.426291528452757092e-02
1.325068537462988777e-02
1.375743995643678025e-02
1.426038039325872898e-02
1.409775057607250311e-02
1.396391972346192403e-02
1.320198557576588924e-02
1.355344828179157191e-02
1.409252021560592448e-02
1.450782920794830254e-02
1.406064476958790443e-02
1.333477131421937495e-02
1.307465321790622290e-02
1.461237536006921439e-02
1.413309242482159271e-02
1.407323789514073470e-02
1.372306014749525779e-02
1.455515418645027780e-02
1.403436358311078123e-02
1.434174599187695680e-02
1.369709242380496260e-02
1.373495926787264218e-02
1.313251755715729406e-02
1.395884927847892282e-02
1.376023479340171551e-02
1.316277770538118279e-02
1.388877463757584758e-02
1.373411492972212260e-02
1.454353749314855372e-02
1.288873975965781557e-02
1.409349553298562020e-02
1.340124580681575223e-02
1.383623288914783908e-02
1.378747978145733639e-02
1.479332036432704119e-02
1.351000596517878613e-02
1.426504106075893868e-02
1.380908519847048356e-02
1.376944909146484049e-02
1.360783262523622243e-02
1.394956627310857053e-02
1.464739530842444973e-02
1.334842108761321450e-02
1.353680904789942262e-02
1.395354513578676500e-02
1.376762100289105270e-02
1.302855873460686924e-02
1.300377447128475174e-02
1.353440745339391273e-02
1.357354078785048650e-02
1.391404797242290665e-02
1.331533675409841272e-02
1.434476112533361082e-02
1.243695283270407521e-02
1.355395055622709254e-02
1.370858934318636667e-02
1.268120191884194482e-02
1.328247898818294380e-02
1.346354037966413821e-02
1.341203514720478232e-02
1.414896257944338320e-02
1.341721624793696006e-02
1.306454405563735842e-02
1.394732828564201541e-02
1.372751037405340983e-02
1.358657176931448579e-02
1.371488086311300168e-02
1.324669078017263329e-02
1.385563692491351660e-02
1.299198230263560322e-02
1.353308658459703717e-02
1.362021482788439326e-02
1.355208157753214591e-02
1.308917257261185164e-02
1.304613993431712540e-02
1.352275999158833800e-02
1.298178808660927289e-02
1.331265989165801231e-02
1.368571635595371323e-02
1.363302522201088537e-02
1.379293999409129598e-02
1.375857323958109071e-02
1.291194207331812158e-02
1.341343551174895184e-02
1.330835273910783469e-02
1.409868224889395706e-02
1.370850434821934728e-02
1.350298435181708848e-02
1.227886385574505045e-02
1.262109861377999458e-02
1.298132125555056041e-02
1.255666857083509620e-02
1.264173962901451835e-02
1.289652234992098509e-02
1.333727092356377930e-02
1.319087667517777028e-02
1.368749406472063654e-02
1.287827799236501876e-02
1.349498248901019430e-02
1.308464101800158215e-02
1.318582639993701872e-02
1.334755042433046629e-02
1.356893136827667067e-02
1.278402063723211267e-02
1.235177430826719935e-02
1.331133692419450391e-02
1.337732235184148528e-02
1.292438131169416568e-02
1.357664917443865936e-02
1.268488907511067590e-02
1.332850774162109772e-02
1.362310819770173181e-02
1.293490495765266604e-02
1.256556136107358189e-02
1.319117549754593097e-02
1.283239383259860908e-02
1.351711621456366808e-02
1.255140014099424134e-02
1.314251667748440010e-02
1.250899018180260183e-02
1.323013665338795830e-02
1.290944738562471543e-02
1.290003446049033109e-02
1.300475036709418560e-02
1.319357899528819829e-02
1.308416833989560664e-02
1.355670679141966761e-02
1.320022925969885526e-02
1.178651318623915971e-02
1.373040714788612525e-02
1.357340346143525063e-02
1.286758485345455318e-02
1.353989675742553293e-02
1.243464030250654613e-02
1.321322605369847948e-02
1.303691248001563781e-02
1.297253240610099848e-02
1.306110348465265407e-02
1.310635372725192822e-02
1.259499565063337302e-02
1.311821173797962474e-02
1.305650261127879082e-02
1.287112979877621209e-02
1.253359933074274339e-02
1.274547022844839395e-02
1.278865716449219779e-02
1.215230161794354433e-02
1.336031589203406575e-02
1.340174531733350979e-02
1.265606102457363102e-02
1.268694251218127796e-02
1.328250580978840995e-02
1.270146847809755508e-02
1.313145444681887083e-02
1.357403621086418835e-02
1.235559558812437779e-02
1.317179846204770757e-02
1.281462793214519641e-02
1.277361804564725555e-02
1.297539045877451822e-02
1.331081599837228777e-02
1.270589464331454282e-02
1.335562764382193859e-02
1.323500915604986471e-02
1.254839128987589661e-02
1.264081355356410502e-02
1.256407487517053820e-02
1.236530328361097088e-02
1.317429372101082581e-02
1.239269238978672229e-02
1.293278693198193080e-02
1.246416898916021671e-02
1.227024927149226140e-02
1.227215299049308483e-02
1.251687226789116071e-02
1.252038823106441275e-02
1.240351844101521619e-02
1.229920003306371641e-02
1.286079535753623798e-02
1.261547892002668099e-02
1.281833114206749023e-02
1.204614290248581278e-02
1.283048811433279771e-02
1.336254229019688718e-02
1.264561196432098349e-02
1.252883651538317690e-02
1.170291706239253576e-02
1.251913712372969972e-02
1.251107998475587020e-02
1.215190430609294422e-02
1.209925869878597689e-02
1.231584984355908394e-02
1.259449878042333618e-02
1.219667715546484538e-02
1.203299814996667931e-02
1.233358247323136821e-02
1.254235779684097739e-02
1.341692848821414777e-02
1.261979268139875286e-02
1.264998182458670906e-02
1.335236784962058089e-02
1.245600759529663995e-02
1.253317397449688758e-02
1.263156276018947456e-02
1.230544285667354611e-02
1.199302761422981790e-02
1.210797114670443542e-02
1.240992608055496542e-02
1.208973690007541721e-02
1.208297296824864010e-02
1.214261967046522013e-02
1.249751912171970236e-02
1.304066231391558424e-02
1.281354527468175214e-02
1.193620247443887526e-02
1.256737986816313171e-02
1.188275888972377056e-02
1.314869535660752493e-02
1.239471261670268762e-02
1.285143056691593656e-02
1.205227634944014241e-02
1.205653477447276439e-02
1.167426384398700945e-02
1.258737138098882380e-02
1.184295806511016617e-02
1.165362331066542405e-02
1.202155365314998281e-02
1.199375222897925558e-02
1.255053074298849089e-02
1.183722155809245613e-02
1.240854014777354603e-02
1.289399062663268945e-02
1.194249098830935628e-02
1.198635954143578014e-02
1.250435998341768024e-02
1.255421647195307730e-02
1.205089284826181377e-02
1.218292327774891416e-02
1.231707961593384200e-02
1.216761102108422990e-02
1.270958360006732221e-02
1.232313595143041431e-02
1.153807060546850269e-02
1.263384910059642090e-02
1.195165883619579011e-02
1.231205262190535749e-02
1.276453190416699558e-02
1.214237770137649094e-02
1.188423011238388775e-02
1.224898712247973753e-02
1.259729420134016523e-02
1.157469149373930271e-02
1.223547218421376995e-02
1.213084754004752769e-02
1.188282711685557935e-02
1.180233601994035326e-02
1.187743987682188251e-02
1.238257580179155659e-02
1.176721049883870836e-02
1.212906615593677649e-02
1.186258731773456518e-02
1.257971819393630640e-02
1.225957211435068847e-02
1.176565849554300595e-02
1.208908361300793828e-02
1.191203103130696744e-02
1.202790581735812582e-02
1.265301981397243952e-02
1.207524225611201173e-02
1.181445468521279650e-02
1.219604045877109924e-02
1.228587378737336019e-02
1.150562904554306050e-02
1.145630997714674158e-02
1.183005706067650521e-02
1.208468672250867341e-02
1.202120069202595315e-02
1.172690735330800954e-02
1.237848110833263300e-02
1.254772271484373182e-02
1.252845606007388368e-02
1.159790916024038519e-02
1.213536482659312472e-02
1.278092776932190228e-02
1.165690317719205414e-02
1.161175072263553355e-02
1.222714709575489778e-02
1.209525045643043001e-02
1.256362297189811059e-02
1.222093690741287396e-02
1.188344598619810351e-02
1.210656689976172262e-02
1.248690308772306377e-02
1.263825884313474202e-02
1.210869490807447990e-02
1.202838524261986425e-02
1.152060886495953791e-02
1.160403389149778676e-02
1.167502277457736770e-02
1.264399026034774935e-02
1.200936427813979399e-02
1.199050808645376297e-02
1.165076644668231950e-02
1.107718210545391088e-02
1.162101469109313653e-02
1.230452214849946102e-02
1.147876269018890082e-02
1.182197748068324755e-02
1.230160420245456424e-02
1.180686520965852290e-02
1.217517890867783094e-02
1.224479438757688533e-02
1.215940747912523309e-02
1.158920548103702097e-02
1.220827124125714244e-02
1.205299516271006455e-02
1.156560320236010332e-02
1.201600481296173986e-02
1.182818084740480669e-02
1.223878098918857599e-02
1.250212725963954948e-02
1.159318739917411870e-02
1.225391536541241277e-02
1.159598953394398377e-02
1.186687423729364081e-02
1.181922532393462830e-02
1.117524041486478437e-02
1.167703992419015686e-02
1.191657552025338247e-02
1.148675080972357855e-02
1.144369723346926916e-02
1.075481765692972401e-02
1.143129753935285056e-02
1.164121602120189551e-02
1.249035071915701768e-02
1.180652165011780719e-02
1.148516308270957666e-02
1.112466431404689378e-02
1.215264680556777180e-02
1.182655009663403055e-02
1.152565588019192899e-02
1.139643020552624612e-02
1.149205237397864579e-02
1.166320830613608826e-02
1.143037237522131176e-02
1.193863957177936433e-02
1.177922744166144155e-02
1.216663875700980425e-02
1.085387663942156272e-02
1.115946575356485324e-02
1.159341598852665738e-02
1.187049813192482019e-02
1.137930140798189271e-02
1.146278893982533888e-02
1.149714598015455849e-02
1.122549574823684428e-02
1.179134811764489393e-02
1.173398272088879007e-02
1.148827655903910012e-02
1.116606286657913921e-02
1.129761239541129426e-02
1.139499224717524170e-02
1.168562630399247633e-02
1.151495677499156031e-02
1.185702994073695865e-02
1.144031728548614013e-02
1.129378615196241151e-02
1.163343230229607964e-02
1.106600955472564207e-02
1.079756258368201778e-02
1.065201752589071613e-02
1.132337934058667145e-02
1.190468598572812751e-02
1.170509469318536076e-02
1.172173298171393097e-02
1.083936273237877043e-02
1.124788517536399329e-02
1.102662956412486621e-02
1.173325817211604699e-02
1.165776835702714807e-02
1.114997987532283762e-02
1.122945297858610192e-02
1.177304825417821443e-02
1.116281377920610822e-02
1.150655194784608142e-02
1.137822725990129784e-02
1.168746266264561462e-02
1.104202121140963368e-02
1.123192826391779947e-02
1.139107048175640700e-02
1.110578350283252316e-02
1.095160131030015194e-02
1.109440805063378194e-02
1.119526415711878838e-02
1.141238576385343595e-02
1.174432651723332673e-02
1.136496794906377387e-02
1.106102034442331232e-02
1.101843649187247282e-02
1.164886925883995734e-02
1.109952748146291260e-02
1.047387951028506958e-02
1.107582531653104711e-02
1.177047521909426082e-02
1.175616694539336100e-02
1.092772218769956678e-02
1.129577213636775990e-02
1.102255451330652614e-02
1.100812212615460972e-02
1.120218131376751053e-02
1.113114381245024730e-02
1.071808860796082292e-02
1.178820568114091749e-02
1.063486779587310624e-02
1.087449377630061303e-02
1.091242514106875554e-02
1.158241455098912506e-02
1.103153881745324964e-02
1.081017588304074122e-02
1.102990422910894025e-02
1.136060114723318713e-02
1.178778555451714082e-02
1.129208862518307939e-02
1.108408810463590473e-02
1.167614949441379661e-02
1.061841388393940100e-02
1.111991522143620549e-02
1.170779338053774474e-02
1.144913311180593800e-02
1.095024225632358281e-02
1.085377438576117654e-02
1.138151973341199226e-02
1.115804131144964607e-02
1.123747479508969971e-02
1.089451030385485235e-02
1.133077514265062868e-02
1.105865840424520748e-02
1.083913896958181924e-02
1.103751835447508434e-02
1.110660808539263959e-02
1.152017944215210504e-02
1.119700833200594145e-02
1.151568879781203307e-02
1.160495392112182757e-02
1.066234966193215991e-02
1.045606065414109685e-02
1.084333021896879967e-02
1.094753605835069483e-02
1.132869797738012864e-02
1.101741315363459657e-02
1.110415156190548529e-02
1.078819047291834816e-02
1.142815705412697502e-02
1.111286403140423172e-02
1.063472295811713000e-02
1.119066948146484747e-02
1.197532614850194306e-02
1.086592953658714611e-02
1.046378246561355425e-02
1.100653693708204296e-02
1.143870598774520374e-02
1.086169240823601709e-02
1.108333071726619844e-02
1.114259080361982256e-02
1.134037944255851527e-02
1.106631203597780409e-02
1.157624524296764490e-02
1.094914514386311627e-02
1.121888504454253248e-02
1.119794012814682126e-02
1.106855294462093069e-02
1.040455076159027721e-02
1.053152773163116077e-02
1.079322815137062110e-02
1.129250604954236750e-02
1.066240324820393048e-02
1.082346316234464485e-02
1.139327436611009374e-02
1.091398136404450429e-02
1.110112876242561053e-02
1.138889063139984954e-02
1.039681014451169193e-02
1.093155786319309833e-02
1.121875602520576096e-02
1.161202015180872425e-02
1.132762070515175822e-02
1.094789179953750344e-02
1.102053592189124881e-02
1.115479509475790672e-02
1.088081973992853675e-02
1.117847544810907437e-02
1.042976189035766006e-02
1.072730491729953148e-02
1.016358197829515288e-02
1.070234319558411792e-02
1.141026403660835679e-02
1.076920578892127424e-02
1.066574584604751928e-02
1.074366450052080188e-02
1.063026259149401666e-02
1.102695074188419708e-02
1.147150396751388940e-02
1.079291707930375016e-02
1.020947389931150910e-02
1.095321940866497180e-02
1.076404328761569260e-02
9.873559532446993248e-03
1.071053779533340244e-02
1.067890685581304212e-02
1.076897263635999760e-02
1.090546669235628249e-02
1.094289309846919155e-02
1.086308628792759245e-02
1.074249064578979701e-02
1.092442756692714456e-02
1.073265755571605785e-02
1.057936827184771146e-02
1.058272325368963922e-02
1.123952005122958418e-02
1.150122963746931688e-02
1.059627417437499462e-02
1.042131702706040192e-02
1.076605614618281366e-02
1.041757935060421379e-02
1.047562219671199779e-02
1.101013753501986492e-02
1.099946541185754453e-02
1.133012421369536567e-02
1.038861358396617023e-02
1.032587971817492019e-02
1.064252646080435585e-02
1.094886662954330792e-02
1.059879635426968017e-02
1.082161681067601508e-02
1.094841945078840577e-02
1.025290075408911983e-02
1.062550169340912079e-02
1.045907121763366317e-02
1.050872861990119304e-02
1.048311139293445562e-02
1.092169317243876954e-02
1.095252935730454437e-02
1.018488986291584894e-02
1.095911968187862802e-02
1.076748233345249488e-02
1.095223471321011416e-02
1.108419846679667767e-02
1.045317799554484027e-02
1.051964848851250252e-02
1.063057825332847268e-02
1.016834299215022344e-02
1.119520363667052612e-02
1.064380646486093838e-02
1.000367408421025742e-02
1.009661107832508960e-02
1.078960463226759370e-02
1.064200045737372091e-02
1.059498201583388907e-02
1.049810597340500827e-02
1.068730326420779496e-02
1.013235000518881296e-02
1.100605615314239304e-02
1.086631669987778159e-02
1.057613706547565029e-02
1.015314962005442467e-02
1.049442002771495443e-02
1.109455333179289183e-02
1.061516734043476198e-02
1.117631687581124508e-02
1.080936445040645011e-02
1.039103354118083543e-02
1.069204343440809980e-02
1.030290016635204871e-02
1.051016944151617234e-02
1.064920241945715301e-02
1.025277250170988225e-02
1.013008253953329510e-02
1.052899693242921424e-02
1.026960226779775887e-02
1.013947892704050203e-02
1.019997509900018133e-02
1.073883969001592290e-02
1.026021186832207915e-02
1.074154743359273696e-02
1.059972988228360079e-02
1.022471147728274202e-02
1.092068247115281741e-02
1.086814452695263403e-02
1.062146179200340948e-02
1.009518893024871633e-02
1.011590753717327151e-02
1.043267051314396461e-02
1.046036996430886601e-02
1.055245681475038000e-02
1.033341096446495355e-02
1.029169806240789152e-02
1.106318906328699475e-02
1.040610430077983095e-02
1.062569769465334345e-02
1.091270198076688645e-02
1.044389142975154713e-02
1.054528384480071454e-02
1.064244657141086986e-02
1.052758633841386661e-02
1.037466018859312632e-02
1.012145669474217094e-02
1.064830371130599980e-02
9.888076927979707817e-03
9.652093591719411794e-03
1.029476367965656211e-02
1.071497543438399216e-02
1.037509623534973481e-02
9.826235429600174015e-03
1.022793518869701164e-02
9.941387634323593098e-03
9.963651713617030503e-03
9.929278732062821536e-03
9.982230071097874038e-03
1.053137240481322352e-02
1.037201654787578767e-02
1.027394317402922572e-02
1.000487296277179257e-02
1.049143842314569607e-02
1.073875584597853115e-02
1.001814156292194467e-02
1.005419136607820299e-02
1.074443886095522403e-02
1.005995367959267549e-02
1.075330635995272281e-02
1.020164312075755829e-02
1.076594208190181576e-02
1.027767817555260733e-02
1.041050916318101219e-02
1.017454244293902570e-02
1.017102349880260985e-02
9.701958839786119226e-03
9.647517691454004715e-03
1.046408567152641751e-02
1.042444051342788711e-02
1.041342735833397821e-02
9.991378709857383356e-03
1.079601395965852639e-02
1.066962298411882996e-02
1.022323415426712630e-02
1.032803497805898259e-02
1.011883962110590382e-02
9.990615513613156778e-03
1.103673070847226330e-02
1.062315163990103575e-02
1.017823303973566795e-02
1.011263960876027622e-02
1.017182812412218557e-02
1.021479062873910729e-02
1.055802386915330807e-02
9.821223768613321012e-03
1.100700579308220434e-02
1.034979418617292327e-02
1.023734794583764166e-02
9.850897331834636977e-03
1.028113253826023685e-02
1.076884363342537482e-02
1.022866527123112226e-02
9.996635191669704656e-03
1.075297028270716555e-02
1.045540336002416526e-02
1.010027037447150736e-02
1.043337668281718936e-02
1.040323234128527272e-02
1.015325641855108728e-02
9.930622161308653995e-03
1.045678831694762077e-02
1.022102912460607152e-02
1.025058506855343679e-02
1.018881552472487330e-02
9.989330847946717440e-03
1.027022463986655004e-02
1.073260776595869048e-02
9.804855358267699703e-03
1.015746159481136814e-02
1.026525437177038848e-02
1.061546064510857784e-02
9.721954874647990852e-03
1.021715678935751145e-02
1.036287948486747622e-02
1.017612694023590017e-02
1.051414384722266712e-02
1.026311308906379359e-02
1.046242809742795390e-02
9.053903270484517027e-03
1.029306544318923586e-02
1.010903395069510241e-02
1.014975162998226627e-02
9.956862698188042454e-03
9.549085424192600008e-03
9.716397398407254984e-03
9.160828238731074172e-03
9.491562733485198189e-03
9.923784213998809722e-03
9.866218098097014402e-03
9.968716409744069265e-03
1.052470589168783867e-02
9.891033434832385840e-03
1.043868420217914164e-02
1.043854888227179270e-02
1.007606625562274330e-02
9.883720879372250717e-03
1.006767358757871926e-02
1.002255778422565108e-02
9.830087308607286800e-03
9.431271384525366161e-03
1.040513434020500123e-02
9.959947423968119537e-03
9.952604697349355656e-03
1.043484082570768356e-02
1.032218270910153536e-02
9.605299176548579010e-03
1.030292314866841467e-02
9.878279658763571697e-03
1.001203934589949343e-02
9.889090980687435459e-03
9.645029623388425358e-03
1.026105748469296509e-02
9.486689807164060823e-03
9.509928131075642485e-03
9.204629925813260019e-03
9.704121886046695664e-03
1.043025161020649447e-02
9.587448033185487495e-03
9.986918778055341520e-03
9.961420563295650052e-03
1.042988871318879449e-02
1.014645055634210216e-02
9.221349464372426141e-03
1.057266959059545777e-02
9.968670823553450050e-03
9.720697959881919106e-03
1.007764975866127892e-02
1.004810001267482378e-02
9.955521467323653895e-03
1.001240024701938701e-02
9.890946687105314772e-03
9.777052654311224611e-03
9.423582171298369378e-03
1.012164226646243038e-02
9.902823743824101105e-03
9.771958955555652693e-03
9.933201007610352462e-03
1.034511193181636944e-02
9.818242463367123779e-03
1.030765883735656856e-02
9.785102648740096748e-03
1.001351294806240855e-02
9.637436352389564670e-03
9.660313021364006283e-03
1.005371673735605716e-02
9.845077809327303781e-03
1.011265995949713753e-02
9.292985030038428476e-03
9.967924337287053724e-03
9.700473767609726905e-03
1.005633461176236657e-02
1.001523391579904262e-02
9.506720738991654082e-03
1.004499538861497628e-02
9.396021993713568957e-03
9.877256973063984480e-03
9.778439380771148867e-03
1.016747992468955593e-02
9.877983592741853766e-03
9.720023399337583345e-03
9.778226577449339318e-03
9.681429299470981076e-03
9.890146770048065944e-03
9.976601276903815721e-03
9.676552195003381221e-03
9.779374507232100472e-03
9.644765388585267718e-03
9.964265204233936982e-03
1.003477704491052142e-02
9.560340956556910574e-03
9.789788779706298447e-03
1.000413979687736141e-02
9.901022369381666521e-03
1.036916179050068575e-02
9.729632734920824061e-03
1.010378643589550547e-02
9.762674310711875331e-03
1.019425490582524449e-02
9.656651652815673517e-03
9.630972673878378243e-03
9.851566050937655972e-03
9.992571869307197846e-03
9.496901180659352362e-03
9.228875027137416545e-03
9.510390485206528244e-03
1.000004385560452659e-02
9.940272936709657753e-03
9.049510882917031346e-03
1.040973541354517362e-02
9.522874428219750206e-03
9.469514934998420758e-03
9.333054131682760532e-03
9.338279896397950336e-03
9.427205035454721757e-03
9.656970125726738879e-03
9.694172603742685218e-03
9.198446433078977941e-03
9.997504949811643338e-03
9.246527864173152353e-03
9.567033967945483275e-03
9.691240900762509991e-03
9.655900146369999701e-03
9.359124555347020022e-03
9.201948074197149885e-03
9.610228443987043484e-03
9.221093392910406986e-03
9.253100454196170471e-03
9.702837244237658490e-03
9.485120436572768918e-03
1.006533624424031659e-02
9.748042599639905603e-03
1.007092896558577089e-02
9.656457995777703585e-03
9.614839983449615171e-03
9.428370502429181746e-03
9.005996492393492786e-03
9.640383851221758643e-03
9.655021662948085059e-03
1.014576464636904318e-02
9.748626865005865366e-03
9.826440954201853470e-03
9.238791379508932630e-03
9.459401036606947602e-03
9.662647239445107741e-03
9.908345261325021344e-03
9.806972093683884173e-03
9.369716098977741089e-03
9.167059179304654429e-03
9.224279897030000785e-03
9.922582233659209272e-03
9.740578905983593438e-03
9.430625990086807450e-03
9.678076362697808285e-03
9.645682395378373311e-03
1.027208056002463198e-02
9.561132070152512236e-03
9.572285068440829214e-03
9.307931880798958266e-03
9.655904805704008595e-03
9.827821972746215648e-03
1.005233658221030106e-02
1.011109552732151508e-02
9.745758009358973864e-03
9.592118318167921001e-03
9.621827700557765775e-03
9.526815107246320441e-03
9.657436611501896140e-03
9.724372572139016943e-03
9.275700733685906738e-03
9.474733160214727709e-03
9.454054412671249533e-03
1.023157855463011079e-02
8.726137000728112145e-03
9.830780393426458846e-03
9.022896778258369943e-03
9.938655370819693760e-03
9.866979846043601177e-03
9.470279781422157733e-03
9.556158563551690049e-03
9.529260067477795387e-03
9.736053411188534332e-03
9.511859321468469144e-03
9.625888221535965766e-03
9.220514930008964771e-03
9.853359142812717283e-03
9.248418986428972796e-03
9.789324786228410791e-03
9.500519859003329209e-03
9.451354929782364300e-03
9.629013041822030716e-03
9.175308110635962272e-03
9.400141226638739772e-03
9.748303819323851649e-03
9.039762966966151045e-03
9.582412309409244974e-03
9.459542865299465364e-03
9.623266251348941772e-03
9.518758575578507158e-03
9.243597955791566650e-03
9.527581950335563959e-03
9.241458238074304332e-03
1.006139565915802406e-02
9.520768647804021129e-03
9.354894643788145073e-03
9.681092814620331777e-03
9.996931763288540579e-03
9.282058193992985887e-03
9.541649261220863654e-03
9.225650770566929879e-03
9.190864741147920791e-03
9.413442205164166202e-03
9.366861985616104988e-03
9.651017015998922255e-03
9.515457781304192952e-03
9.307146440516351343e-03
9.863190013057795275e-03
9.360119330992131351e-03
9.876938000150081373e-03
9.585648207195139950e-03
9.238900183462782703e-03
9.524675764747575837e-03
9.468333765205810826e-03
9.649870840801289332e-03
9.298389875493300039e-03
9.480755473924211071e-03
9.432355021414691107e-03
9.501754449101717029e-03
9.127533566840687410e-03
9.193230972416328167e-03
8.993621469179218300e-03
9.462711070519347692e-03
9.233568546323749418e-03
9.802832108145085807e-03
9.406245611162782419e-03
9.597811411601224821e-03
8.931131839221246455e-03
9.688297174060729600e-03
9.238870207231311693e-03
1.002990336775862884e-02
8.803922395478036220e-03
9.508308638109348385e-03
8.964748749952969331e-03
9.149360907564928203e-03
9.477921306119968178e-03
9.685752767515848349e-03
9.179895262264028619e-03
9.514204583834083573e-03
9.414410364824569652e-03
9.301387078962298008e-03
9.118135118185245747e-03
9.383120931148902777e-03
9.622170093234419519e-03
9.281343663422996285e-03
8.850560180502708638e-03
8.866097531056405315e-03
9.237701581079022645e-03
9.497877587264461074e-03
9.348423924567798859e-03
9.258528784061406322e-03
8.830674386450616462e-03
9.369692502501770007e-03
9.137991094552816787e-03
9.241865680227787441e-03
9.435214467964544646e-03
9.828929313335191265e-03
9.285243799660091932e-03
9.429968659207759937e-03
9.183145890003970024e-03
9.400849506069118219e-03
8.987092767835516000e-03
8.731759920889630572e-03
9.465296619887124049e-03
9.353185860791651471e-03
9.693640625065712627e-03
9.214418253293828881e-03
9.786243230263070789e-03
9.219011020243106716e-03
8.863755467911337352e-03
9.570440070172275479e-03
9.609987409363978869e-03
9.142216944324686040e-03
9.379805780177309649e-03
8.959853926640795607e-03
9.314741936733421379e-03
9.034224915676909717e-03
8.961725477656987127e-03
9.624574127269910212e-03
8.871086995245084511e-03
9.247847881692037100e-03
9.078007775473061550e-03
9.212720132232267434e-03
9.046402932430828991e-03
8.920689076669558598e-03
9.175350792865390182e-03
9.112811760647387266e-03
9.358886766054943726e-03
9.073710300544877635e-03
9.320560267966680398e-03
9.393174117769438961e-03
9.367371580068367676e-03
9.291868319467527088e-03
9.531745827241573307e-03
9.640003700913663334e-03
9.558110543658161762e-03
9.118154055778166650e-03
9.224216169576431382e-03
9.177375073155941143e-03
9.335222113043453729e-03
9.098180288968193974e-03
9.158175332596734178e-03
9.164218651534616206e-03
8.918459818440927986e-03
9.393946473325703525e-03
9.207938711359423337e-03
9.575606913532798414e-03
9.192649494294029971e-03
9.260274714556201298e-03
9.612960979037415629e-03
9.093669914144982339e-03
9.091437738104661548e-03
9.380765981857107014e-03
9.659306187565422711e-03
9.389138559913001378e-03
9.083528289225494684e-03
9.402085965211783025e-03
9.273335630870287172e-03
9.049348369633754621e-03
9.402180924489963315e-03
9.282243994576652724e-03
9.303743126538911029e-03
9.110791453319548594e-03
8.939717403834228013e-03
9.679463531455491723e-03
9.603309462684657058e-03
8.883212946376459543e-03
9.686691305226350149e-03
9.665532415413615949e-03
9.299726511620635960e-03
9.095570204199815781e-03
9.068270101511163861e-03
9.649513474461628160e-03
9.383290780350935639e-03
9.271985738188862416e-03
9.071047782979511573e-03
9.174348974217306357e-03
9.264414175646716251e-03
8.654134333381670319e-03
9.146329171515494433e-03
9.074746893138333978e-03
9.169747625831696156e-03
9.160436371288400298e-03
8.465523426069472210e-03
9.335170051740959013e-03
8.591558912125856623e-03
9.083249506894090775e-03
8.805633383003075645e-03
9.184476214100577990e-03
8.782973116637077943e-03
8.812966772783963759e-03
9.070021125033677148e-03
9.091324041937359421e-03
8.783219449022139011e-03
9.158543373886324571e-03
9.016980796469738213e-03
8.983626845526830607e-03
8.512836836591153311e-03
9.496403808992148060e-03
8.813711533619707564e-03
8.574095812795992297e-03
8.865340671346961729e-03
9.003104739833329637e-03
9.133561587738552381e-03
8.689683596540103902e-03
9.066134775256329617e-03
9.457879622058946653e-03
8.944779269078332457e-03
8.810284484961433682e-03
9.065656119619267678e-03
9.383810618575265036e-03
8.322886284458845194e-03
9.091880050521592219e-03
8.948736903779536123e-03
8.982104536039186432e-03
8.913661036074898084e-03
9.057326544759465928e-03
9.457303682936532216e-03
9.364366421147851671e-03
8.932594548675188914e-03
8.926971040402836149e-03
9.185359928488364897e-03
8.786932202892542079e-03
8.846665074435291348e-03
9.193375154454497961e-03
8.669494603674301331e-03
8.442203955511227986e-03
9.113793297954276076e-03
8.964695831208870785e-03
9.430535219896231738e-03
8.844121550288651379e-03
9.232827676052096991e-03
9.415969058062441735e-03
8.805526723023515343e-03
8.963536739634962031e-03
8.634705122864618984e-03
9.346276667183441023e-03
9.149049942257292400e-03
9.301019766524873736e-03
8.917483055650706619e-03
8.657723242941698857e-03
8.698318689033365109e-03
8.803404589551954915e-03
8.663498056387929427e-03
9.028779609289695751e-03
8.592031486171162330e-03
9.237443370899841785e-03
8.628192261414468003e-03
8.888194582169862967e-03
8.543576020304043811e-03
8.656542540569328592e-03
8.638489011179920768e-03
9.270818853071420909e-03
8.866690536696732183e-03
8.490659783011745079e-03
9.211943039201968275e-03
9.090882172341599107e-03
8.496067772999067041e-03
8.842959400726419991e-03
8.808437617428759719e-03
9.200992732954193717e-03
8.648086292366827937e-03
8.601271218763133219e-03
9.228561047073141968e-03
9.012073905709542740e-03
8.951013016841515013e-03
8.320321039587023210e-03
8.504464992253284519e-03
8.864310811011284416e-03
9.304653042748682601e-03
8.925692775420211375e-03
8.652224679496866785e-03
9.179108510934142276e-03
9.100468272438388267e-03
9.025232198221721375e-03
9.367368890173042098e-03
8.459564229310084088e-03
8.654703999888558805e-03
8.907797848258649370e-03
9.254133597050314894e-03
8.699024535763301424e-03
8.603279735300672915e-03
8.667381339029205795e-03
9.338610683335807003e-03
9.150747107698612923e-03
8.599623907242764237e-03
8.596485575360541392e-03
8.408475842744256648e-03
8.783081562299201867e-03
8.602720371545609715e-03
9.304273783238208723e-03
8.733512587858866319e-03
9.028466256500475989e-03
8.514655570274675886e-03
9.252110305181089622e-03
8.710658675870749587e-03
8.839793826522021267e-03
9.056633730738491983e-03
8.899493928174712076e-03
8.803408851176383262e-03
8.821399120587254325e-03
9.201208662436479585e-03
9.064657242359379363e-03
8.887543649036598256e-03
8.469850011709334145e-03
9.443448853269890628e-03
8.816418903873924837e-03
9.040563453980356504e-03
9.128090876357597763e-03
8.684872427520733823e-03
9.183703112091637713e-03
8.946787741483627418e-03
9.343381621991976582e-03
8.670274648291108679e-03
9.079317167990111348e-03
8.628044384782896162e-03
8.833574957180446302e-03
8.699934721992626588e-03
8.723501215600865111e-03
8.976639946502258313e-03
8.469964568347698730e-03
9.231651449425759201e-03
8.199283749395925441e-03
9.216753030742699457e-03
8.772265564588599407e-03
8.939551487748945841e-03
9.497872577856529205e-03
8.875638599361582864e-03
8.769867299339272754e-03
8.816005650051198655e-03
8.560857406081695889e-03
8.538157944526676701e-03
8.629688011955230151e-03
8.784493906514720049e-03
8.802196148313054525e-03
8.814189879281007431e-03
8.804516159235406189e-03
8.718543780315987646e-03
8.884914460698448840e-03
8.648763078922446987e-03
8.819866836582481232e-03
8.821871384357036008e-03
8.937913340868882187e-03
8.805411964698896254e-03
8.443610309331016361e-03
8.510766496683945179e-03
8.442365729335328528e-03
8.724620772510183198e-03
8.102645547615593830e-03
8.774923126612082375e-03
9.101714865487978492e-03
8.842810207450094856e-03
8.845249761508119923e-03
8.476235121976176054e-03
8.604788185771067299e-03
8.615509166956284229e-03
8.522735601259569943e-03
9.259455711870716657e-03
8.891127177812473484e-03
8.860981404872214293e-03
8.470072201449142454e-03
8.993154723179051097e-03
8.659914236831685666e-03
8.886685717049192662e-03
8.826982010244106489e-03
8.803246114144808870e-03
8.845960597717753698e-03
8.405780784698222916e-03
8.504085894441838073e-03
8.184010067028410843e-03
8.792504397815483277e-03
8.762608992983056747e-03
8.319792498549255164e-03
8.472362452014738782e-03
8.839529910250363415e-03
8.878503432773141371e-03
8.929921946474508529e-03
8.496785345615093590e-03
8.792793723200771974e-03
8.335530909518161155e-03
8.475596615335636783e-03
8.736666545234911610e-03
8.511740513430923055e-03
8.722064865069869763e-03
8.761663684473692398e-03
8.554558277193044860e-03
8.568705087893391595e-03
8.207467967478994028e-03
8.889825747561339725e-03
8.619189696901242634e-03
8.820772586233992935e-03
8.233041045004061212e-03
8.656825205664960693e-03
8.500505183269448442e-03
8.772409326505114721e-03
8.797322848668263917e-03
8.246704985680730279e-03
8.609864417558520805e-03
8.532107125027410879e-03
8.161158918625049247e-03
8.216772568518835099e-03
8.617953600853876447e-03
8.560867632336802494e-03
8.350432803716443739e-03
8.479033453663350345e-03
8.236375593421241606e-03
8.551598709782790367e-03
8.394786093663749935e-03
8.848608505819777550e-03
8.330595745316381195e-03
9.109130338319218131e-03
8.380462582262748414e-03
8.556629713224309097e-03
8.454229888773151166e-03
8.909302922367275460e-03
8.552355347108783756e-03
8.297796186140453389e-03
8.482876366563307791e-03
8.730940258661536169e-03
8.497127899391811179e-03
8.935292867404326378e-03
8.443353335228939022e-03
8.728191740521565670e-03
8.353447872500483276e-03
8.754277729856837706e-03
8.250199297924303010e-03
8.680973238396644254e-03
8.186307383335401922e-03
8.418572356320385558e-03
8.377011740050219202e-03
8.352542614225190801e-03
8.702307671920716386e-03
8.618349401054865508e-03
8.605460414382405665e-03
8.446765190921402128e-03
8.193457466045689364e-03
8.858428466761566686e-03
8.241385577674238683e-03
7.972334955085477043e-03
8.524071438440217544e-03
9.018488216431691865e-03
8.243931616160023526e-03
9.188034103919761122e-03
8.211613882780582560e-03
8.564787987865920063e-03
8.875437589063017024e-03
8.740701573387311615e-03
8.843653824178489276e-03
8.387894141154018934e-03
8.156480375254449716e-03
8.821908277481345026e-03
8.906852283121460129e-03
8.175510911343013623e-03
8.783624223110814838e-03
8.380686981802739841e-03
8.606411174664662517e-03
8.453018882332200001e-03
8.581996824828106579e-03
8.304422045746114034e-03
7.936304075069598035e-03
8.903043041014684078e-03
8.595440664460763519e-03
8.693160158000850374e-03
8.671634515320219769e-03
8.387754541452858981e-03
8.752802080028822609e-03
8.519965483400428197e-03
8.567565075854323767e-03
8.630882550396439673e-03
8.223509185128938595e-03
8.407686688708176578e-03
8.413521364995903487e-03
8.029699656687832102e-03
8.220091966975952985e-03
7.991997272501277436e-03
8.596023574637833356e-03
8.163269986406556170e-03
8.637642260898088786e-03
8.351650016385263331e-03
8.672756163771656174e-03
8.488078709486118756e-03
8.380261563710456746e-03
8.050156587916686840e-03
8.711404331301034198e-03
8.512955188916149218e-03
8.089483644841830717e-03
7.884440935058271635e-03
8.976865860428407881e-03
8.339545842533544959e-03
8.423704730612713298e-03
8.556799488410173765e-03
8.556604472941570227e-03
8.499579869890519154e-03
8.582888371919245724e-03
8.172296177025011737e-03
8.752656870297090622e-03
8.547980112777912171e-03
8.317027050120440190e-03
8.535191933706101283e-03
8.413839454583568050e-03
8.336227506515313940e-03
8.202286247231013044e-03
8.961680278773727706e-03
8.275956891607002749e-03
9.089695422149648638e-03
8.462305234328641387e-03
8.759330909660672376e-03
8.389270903417204647e-03
8.061839083619855295e-03
7.927726032347990129e-03
8.159885066939556730e-03
8.667821989488906642e-03
8.034195428458150087e-03
8.353757927664165819e-03
8.270319170250306842e-03
8.276311639976195039e-03
8.583851215013064626e-03
8.171329523614441481e-03
8.474228023026768308e-03
8.315222161305809573e-03
8.667380261557786417e-03
7.891801542963603269e-03
8.950401660261852327e-03
8.026229975977239306e-03
8.615041957681422377e-03
8.447119475976941350e-03
8.113279178797122224e-03
8.345014167223930440e-03
8.163523288733350383e-03
8.047275339467325345e-03
8.664538482293319271e-03
8.641580928217703489e-03
8.509149161734123196e-03
8.117766299817780196e-03
8.251769981014549921e-03
8.166759215991454754e-03
8.657792560815938052e-03
8.408092637263721650e-03
8.208908298982775173e-03
8.081320192753696161e-03
7.773024359802279890e-03
8.492711779955277457e-03
8.058036760973236873e-03
8.065550359789810247e-03
8.055560314525244195e-03
8.765419616042637030e-03
8.258274791642223472e-03
8.811128159780768146e-03
8.572984376906296611e-03
7.888278725002667580e-03
8.522233240144647809e-03
8.193703413007090430e-03
8.178181595532957662e-03
8.185742968219141338e-03
8.090379754331758488e-03
8.338097168599652512e-03
8.311091199140611605e-03
8.542102714330994731e-03
8.240872811666763095e-03
8.104350475088071062e-03
8.393175258005557138e-03
8.061901949378988408e-03
8.062683442105757561e-03
8.077807218527778554e-03
8.336613784541551178e-03
7.904769551393247759e-03
7.793358365143770485e-03
8.309606855206061113e-03
7.932416565447819937e-03
8.890886234292840959e-03
8.750675196379171031e-03
8.394635164279389689e-03
8.312552912880513331e-03
8.310966650821949644e-03
8.194458136594482203e-03
8.614490421372283241e-03
8.123153796623837353e-03
8.285673290426336102e-03
8.452126970123419875e-03
7.816796909699011420e-03
7.988037885211868999e-03
8.044371234855051886e-03
8.337971711016552503e-03
7.940055702921744799e-03
8.252194950791033601e-03
8.202654899325680093e-03
8.392711765322469208e-03
8.150842779105880662e-03
8.608379531646080662e-03
8.196145262039796278e-03
7.925776789824152957e-03
7.701651644168734309e-03
8.442460629875962741e-03
8.186375901636256183e-03
8.680862163394146430e-03
8.534174402830510542e-03
8.386977250006415197e-03
7.809743610243063613e-03
8.458942438655154411e-03
8.048204061076999136e-03
8.884079277547694484e-03
8.252279740335719330e-03
8.321202000102693661e-03
8.129082005776857439e-03
7.912862739006805077e-03
8.473763127529791023e-03
7.837133522687668788e-03
7.931497776539248729e-03
8.155544537359556839e-03
8.421366805693964244e-03
8.268811093528944181e-03
7.889869800701937788e-03
8.017496467444627101e-03
8.547450981646944126e-03
8.186055409494980700e-03
7.801629090649079418e-03
8.063313578517687652e-03
8.090607742300788205e-03
8.207904096280962611e-03
8.657258470388382032e-03
8.336372453116094872e-03
8.026321555657913234e-03
8.231276144387376231e-03
8.452469492919455901e-03
7.983109823778453823e-03
7.683587422464969660e-03
8.564799572708897343e-03
8.447784687942458057e-03
8.597456281757702087e-03
8.216966569364828749e-03
7.924370281540775093e-03
8.141735974767767142e-03
8.125502087379384702e-03
8.443561675496473462e-03
8.313223784429932262e-03
8.015032343026794528e-03
7.849415126758867503e-03
8.254586583186550655e-03
8.177141154490669139e-03
7.755908854692961964e-03
8.520322487986448437e-03
8.294699619094745083e-03
8.216179970089370482e-03
8.318588455656103151e-03
8.142570925713183208e-03
7.828584242518660946e-03
8.112486793083859352e-03
8.376023456820454530e-03
7.854632210315440691e-03
7.890831274403941470e-03
7.935951724075445551e-03
7.986318167732516307e-03
8.054099550912735897e-03
8.106984420836649621e-03
8.223128429837259223e-03
7.869729045326654543e-03
8.465416471573183194e-03
8.426116711503625969e-03
8.110807235796334974e-03
8.257744289197765583e-03
8.513501401849043332e-03
7.911708403274939419e-03
8.119729513500380247e-03
8.271430518296487081e-03
8.137338952741247911e-03
8.333228477088165664e-03
8.369374111386974902e-03
8.263034728116545186e-03
8.029041695429749159e-03
7.678793560962427281e-03
8.055932643374532492e-03
7.754710958924762240e-03
8.222341514446375454e-03
8.044047913467480826e-03
8.241448576067662499e-03
8.273372765373314397e-03
7.356975439970798482e-03
8.245795877728012008e-03
8.137781230450405467e-03
8.374513845899175454e-03
7.865925386833852451e-03
8.059737833940268381e-03
7.992883546177262377e-03
8.330880212069818880e-03
7.756354852748274797e-03
8.031006518516053266e-03
7.520491400805701804e-03
7.741883715886001271e-03
7.732185990189037461e-03
7.706018719371955476e-03
8.381866036511986112e-03
8.229778309899996383e-03
8.420317538507986546e-03
8.100920860336403850e-03
7.715634499934734096e-03
8.314331178204532186e-03
7.877498291181249390e-03
7.890916335877642962e-03
8.211428684477736425e-03
8.020500628981174288e-03
7.710482100064922767e-03
8.293819531563731418e-03
7.487524645098460503e-03
7.992932912769451503e-03
7.975027255926235917e-03
7.844038262262920808e-03
8.348958179276172106e-03
7.845265936823074548e-03
8.314941974902149632e-03
7.968189257225567756e-03
8.409489554742702322e-03
8.011524803508951117e-03
8.348947934829953690e-03
7.961647811536571098e-03
7.750973782493644944e-03
7.587066842674111862e-03
8.065154480150363639e-03
8.026076493895221639e-03
7.766591654275884979e-03
8.051729113468568400e-03
7.757909349139870993e-03
8.192032246118885822e-03
7.930746704020628923e-03
7.362136008082967482e-03
8.285488326748679036e-03
8.025235254290472714e-03
8.039519903408190449e-03
7.966799991954520363e-03
8.300154352734949448e-03
7.745585892323874656e-03
7.964242281481809932e-03
8.104150152154730724e-03
8.085250819507078940e-03
7.728583128542052677e-03
8.317520029971194051e-03
7.963005650265971708e-03
8.387887655887547519e-03
8.145658631969124666e-03
7.707986274217509814e-03
7.625131728431711053e-03
8.298872135160166585e-03
8.390071475299304068e-03
7.572863192454640756e-03
8.178410679572062358e-03
7.454015031676017311e-03
7.555728552309477937e-03
8.088813212125530935e-03
8.049492774421181801e-03
7.735183142322847594e-03
8.185594279318244779e-03
7.828420459397026493e-03
7.909210858389980475e-03
7.818143995911401578e-03
7.447312090500153581e-03
7.884528716367604148e-03
7.995284614305687987e-03
8.721864186731976415e-03
7.819811298236046399e-03
8.229122849031713163e-03
7.795775500298215629e-03
8.097548873316214035e-03
7.678327233635934800e-03
7.667184953427553552e-03
7.807857925111926813e-03
7.597097672708031345e-03
8.034074647811145428e-03
7.581893864138248944e-03
8.067356264272341343e-03
8.595332453863034627e-03
7.842989242914714249e-03
7.607418960803471845e-03
7.573440100435392501e-03
8.139256284830949720e-03
8.158149024657125256e-03
8.063791978777578792e-03
7.907513838467911116e-03
7.603652481916908963e-03
7.903906401325334549e-03
7.501108355339451694e-03
8.251499562633574092e-03
8.031703107419154580e-03
8.232073704004199896e-03
8.097703882502018877e-03
7.633955806950197195e-03
7.888347817458226524e-03
8.083542118874104121e-03
7.956950834544652962e-03
8.033900091373360336e-03
8.417092794356352548e-03
7.572942267165919637e-03
7.583139775356623549e-03
7.914469848401804036e-03
7.754613614454221489e-03
8.116321659729043222e-03
8.117833583203431375e-03
7.820197156877727040e-03
7.915692476831714952e-03
7.954408252689136594e-03
7.940157976160580958e-03
7.357857952849772808e-03
7.949937433089341102e-03
7.936129921143297156e-03
7.883997863608032536e-03
7.778660329049191281e-03
7.636246306519549505e-03
8.092274108543186587e-03
8.217757319258509399e-03
8.145349870365414802e-03
7.939454583784151531e-03
7.974959450558871676e-03
7.850372213258335896e-03
7.902152317214630392e-03
7.913353923621496699e-03
7.845578662714668486e-03
7.819653116382064770e-03
7.785135934909984817e-03
8.106174686674580757e-03
7.699520808508029251e-03
7.941626705873252451e-03
8.043515612452596664e-03
7.720758566692931604e-03
7.923154427912091138e-03
7.819368955772839497e-03
7.723272654341956263e-03
7.870648369723133239e-03
7.922473718430101189e-03
8.109164647990248567e-03
8.328638743965994032e-03
7.745924469056301130e-03
7.691134082032124661e-03
7.581297088302072114e-03
7.902722603346469185e-03
7.482895095851368333e-03
8.253386316994544905e-03
7.888255619030042770e-03
8.160008245414410860e-03
7.930339155979843416e-03
7.738055847826527493e-03
7.697842181576041408e-03
7.645822938383791713e-03
7.589824394947344149e-03
8.339684842006213003e-03
7.745547208933369933e-03
8.314888379366657326e-03
7.888153476483764082e-03
7.821769399829528110e-03
7.829822425910697506e-03
7.799904123533612024e-03
7.811953388271574567e-03
7.812308209493382290e-03
7.847808398245096143e-03
7.892320827925906196e-03
7.653548874138226682e-03
7.857482009047903754e-03
8.140171026066735441e-03
8.351606720951334356e-03
7.884527405871647604e-03
7.571941335385389167e-03
8.086783486754931666e-03
7.453441708217893071e-03
7.848736813656493130e-03
8.167100352159731985e-03
7.610612019716344982e-03
8.006982616341600315e-03
7.886601665305102704e-03
8.279774171723998030e-03
7.722306250858169269e-03
7.594258945874159811e-03
7.832070197157739791e-03
8.180347015031872587e-03
7.606548869537414596e-03
7.365040348568737891e-03
7.681556200861325810e-03
7.264161112768828879e-03
7.413092595134978223e-03
7.449371039666652546e-03
7.654471198378173628e-03
7.519080299873505402e-03
7.648663991702307936e-03
7.861887551311681765e-03
7.849391307264476716e-03
7.324932272474481490e-03
7.262272283776688951e-03
7.689312481672709761e-03
7.781129318684196564e-03
7.693108654738741239e-03
7.519812783118902909e-03
8.110646149657693357e-03
7.752517583653960667e-03
7.852598303749975389e-03
8.154995004275595455e-03
7.523617382019205137e-03
7.867559957497983342e-03
8.093370582538873814e-03
7.896308797288606116e-03
7.758905418716558790e-03
7.185434576878395839e-03
8.040568629003251935e-03
7.469867490743541984e-03
7.783309313993699505e-03
7.734639708400311252e-03
8.238513494962684813e-03
7.882060602512112879e-03
7.347187516711136367e-03
7.821440249614904083e-03
7.983476342697876788e-03
8.342557237047992791e-03
7.237470486367308595e-03
7.713156758426747278e-03
7.596306025342378955e-03
7.395168697413801763e-03
7.452958343496744915e-03
8.004253379104061747e-03
7.186060794643906423e-03
8.065489862679233943e-03
7.456055428743026819e-03
8.111321596360023325e-03
7.542630710089003043e-03
7.462363417152903002e-03
7.926402193878719429e-03
7.857551371488292330e-03
7.819129041885863884e-03
7.494091249293579303e-03
8.274573037356097727e-03
7.689311841119095270e-03
7.450091749982668682e-03
7.566252267686980962e-03
7.955479312427593888e-03
7.903482853073200490e-03
7.350719481472313757e-03
7.791097824627862822e-03
8.048597437861688964e-03
8.105496991242133742e-03
7.800655179857580307e-03
7.724798155726151326e-03
7.568234979847386461e-03
7.774237179110113707e-03
7.570778337397107878e-03
7.830817860099916969e-03
7.399607189150630808e-03
7.807959951547216622e-03
7.974180204367010277e-03
7.555350687766997607e-03
7.855802065976396492e-03
7.908060973303356056e-03
7.959175676580680994e-03
7.617275872862649087e-03
7.289177094093756207e-03
7.868316733058459619e-03
7.416281332161571947e-03
7.911834166224211012e-03
7.788227835453383555e-03
7.396291216040924883e-03
7.613372659775023872e-03
7.496317520249769217e-03
7.570453826989509416e-03
7.198581754561194680e-03
7.547042437962133907e-03
7.388948968104283588e-03
7.725225493985883075e-03
7.744233392520179227e-03
7.666876822015460460e-03
7.553768738811444949e-03
7.844099327575387165e-03
7.872954234408535701e-03
7.555271867490352677e-03
7.332095302118398286e-03
6.956002135742748831e-03
7.782267307789168982e-03
7.541070732557227096e-03
7.805942843564682258e-03
7.563703407400534061e-03
7.346403465899281442e-03
7.760904671209220909e-03
7.839065499292675876e-03
7.549731817978412932e-03
7.855920981180554083e-03
7.736288500507902503e-03
7.705900828419817022e-03
8.091806204908319478e-03
7.959911311152773755e-03
7.638528326600555959e-03
7.484196049400929779e-03
7.532361017677567314e-03
7.368039491004776606e-03
7.892908087063792502e-03
7.858663683109197787e-03
7.617192228407374671e-03
7.607609450557653238e-03
7.655383330915600457e-03
8.265398673228752449e-03
7.717987383736652635e-03
7.597621715325329067e-03
7.820675040356963453e-03
7.745239331651034009e-03
7.531140535520811259e-03
7.513641924681843838e-03
7.642503648356662772e-03
7.637865378698661598e-03
7.777402764145856066e-03
7.678143097078840747e-03
7.693544135714232464e-03
7.563558725732234464e-03
7.388629302911399813e-03
7.129710217928426214e-03
7.707995016573368149e-03
7.998169946302905245e-03
7.535266701400607399e-03
7.431139368566062019e-03
7.578108785203836913e-03
7.587994470349634923e-03
7.929494362312557165e-03
7.341170298749363950e-03
7.426758399555368276e-03
7.294192181577368282e-03
7.513505906122520950e-03
7.776134638579284587e-03
7.171679563009593188e-03
7.703258510765094436e-03
7.928906950824978969e-03
7.785043497756870615e-03
7.695548738356576372e-03
7.487969476081913177e-03
7.545412666864465163e-03
7.473624312891309109e-03
7.511796995482499656e-03
7.892800879739647613e-03
7.723487687797152799e-03
7.523287644744715112e-03
7.670336908532231907e-03
7.202463498683140015e-03
7.743680894975085542e-03
7.581428368684426169e-03
7.785896334824465512e-03
7.676635371865842168e-03
7.243250806508613922e-03
7.594381855418032290e-03
7.610710027187861902e-03
7.982158476416322673e-03
7.828825688256872695e-03
7.262954936307027855e-03
7.313760438435536020e-03
7.303727665126805504e-03
7.819561036453964026e-03
7.518040081954078212e-03
7.732332628622627657e-03
7.374875390770889091e-03
7.139299124116683937e-03
7.088450728015670797e-03
7.426247910973137606e-03
7.326748731388789924e-03
7.731663723177321576e-03
7.571771371277499774e-03
7.271752942569298904e-03
7.229601601767697734e-03
7.488644658687627909e-03
7.446832106474335009e-03
7.591354506867844382e-03
7.884590532021146236e-03
7.429859931669694981e-03
7.567315845679601673e-03
7.758210894360544584e-03
7.112709674967433553e-03
7.748217494638322440e-03
7.990011911222533181e-03
7.729030893075194975e-03
7.467777343640341105e-03
7.753950463020542819e-03
7.847450623478325130e-03
7.185893321693821376e-03
7.406896446459867826e-03
7.353234875235685301e-03
7.573112921600637718e-03
7.297305802583270266e-03
7.614055021688229119e-03
7.496215663071638044e-03
7.724179635366663216e-03
7.696452215002765052e-03
7.378028398919744477e-03
7.405403122927361505e-03
7.053307307418770107e-03
7.326578151768637845e-03
7.506847188426360104e-03
7.549316376808016572e-03
7.447165464170089032e-03
7.797919551977321000e-03
7.902278992088191539e-03
7.387481009474153662e-03
7.588843464989320116e-03
7.014983644983845655e-03
7.572016599502229967e-03
7.641608168946711910e-03
7.481542887052337713e-03
7.357918595887732137e-03
7.466208869912358513e-03
7.614481015338931714e-03
7.324919231171954023e-03
7.301163117620358169e-03
7.336212768188694888e-03
7.390400008702061735e-03
7.390617498777340977e-03
7.493210703336834234e-03
7.856061457309469059e-03
7.237933640494934213e-03
7.707049717220138853e-03
7.343991641359984453e-03
7.498055413106959229e-03
7.161592661962951946e-03
7.627808862856024288e-03
7.215344088059384708e-03
7.329227832310803402e-03
7.670895801490870691e-03
7.439997583925372741e-03
7.497608738378535621e-03
7.459571573864866127e-03
7.360381223517314074e-03
7.460086908796209615e-03
7.319487184192457682e-03
7.461168049207617808e-03
7.613452317658601400e-03
7.334493254348927425e-03
7.502373673564967371e-03
7.470403117651003115e-03
7.097400762991957178e-03
7.477949886011516986e-03
7.313324322856132841e-03
7.347498499568838604e-03
7.202205076969741930e-03
7.945154681008204101e-03
7.592941654114075158e-03
7.164671832040459161e-03
7.637600822315052454e-03
7.454717592278805455e-03
7.517214460047039019e-03
7.374117418747121525e-03
7.362610714245784380e-03
7.624857431410235302e-03
7.368068417944655633e-03
7.064410951224189827e-03
7.593733450528663068e-03
7.496793032088624152e-03
7.621226583978860103e-03
7.169308094837636113e-03
7.354517010316939662e-03
7.227508539739985888e-03
6.925207263987995590e-03
7.655751479144636863e-03
6.824289663521178849e-03
7.248473327981099813e-03
7.584985407068024071e-03
7.332460211142663963e-03
7.366273542747393474e-03
7.174598675295953618e-03
7.020282377220226494e-03
7.088736622776443258e-03
7.415416481177830414e-03
7.608886214626683214e-03
7.704277010232274923e-03
7.200201685231425244e-03
6.909410802997345211e-03
6.519914641882757801e-03
7.832801606173861453e-03
7.268994732598597214e-03
7.050774948037013580e-03
7.104100931829472436e-03
7.068148234433196606e-03
7.218948991597869992e-03
7.389925105860157759e-03
7.340667954057251109e-03
7.383698559993955024e-03
7.250404922403086427e-03
7.258424583418910704e-03
7.376015277406877506e-03
7.549286964046226199e-03
7.787522557076527983e-03
7.288634174688360563e-03
7.778527699766815164e-03
6.901528005584158659e-03
7.164122352521236359e-03
6.991738663401200239e-03
7.350652734450167404e-03
7.519535236493114956e-03
7.474085286590793735e-03
7.193003726563372731e-03
7.341965118234764637e-03
7.334612888887946658e-03
7.333253613341307077e-03
7.337636185291945660e-03
7.277057792778858156e-03
7.477748048753049548e-03
7.460614774520496310e-03
7.400161917426669074e-03
7.475139786970598499e-03
7.478517940112117124e-03
7.677302614702986860e-03
7.274899206870742360e-03
7.537770172401212290e-03
7.264900205105620339e-03
7.595364334379655323e-03
7.178111135386467702e-03
7.049523978882358231e-03
7.313131444856763898e-03
7.140038369292295989e-03
7.312673076601976067e-03
7.634013582345916538e-03
7.325199119693667424e-03
7.017321004818243002e-03
7.242685158970695557e-03
7.279015576907773080e-03
7.294329197672987791e-03
6.997284739717538407e-03
7.318078974266502973e-03
7.364472905727427465e-03
7.478482944431598736e-03
7.175071197192971900e-03
7.832452122519234505e-03
7.391657231060770605e-03
7.517681091864941885e-03
7.348807247414144463e-03
7.317090280969441342e-03
7.097528681947002857e-03
7.141433673806788993e-03
7.506682935575242910e-03
7.368924928083842203e-03
7.559433718306632875e-03
7.764894436241970982e-03
7.274163144958788185e-03
7.276932052011646571e-03
7.542120834369771439e-03
7.282827899130223798e-03
7.330118718578434653e-03
7.196151892245658890e-03
7.386357722774404208e-03
7.535785857261424747e-03
7.651969597528139599e-03
7.469493367267861748e-03
7.394400822332690415e-03
6.917845583338772843e-03
7.173742510791667956e-03
7.565853538274719924e-03
7.382524597555232410e-03
6.939793609744716180e-03
7.385993683572161100e-03
6.873263623091941006e-03
7.246449047836629048e-03
7.089385124638748238e-03
6.937769714832737154e-03
6.960180157258112621e-03
7.835866534779419024e-03
6.995703174111243469e-03
7.450718462669559186e-03
7.101350284431736173e-03
7.286915479451485170e-03
7.382064927596848104e-03
7.485923602347608653e-03
7.774610297586933769e-03
7.379377151036573337e-03
7.416689620525193476e-03
7.033772462592575991e-03
7.297505653576840355e-03
7.332719608174899026e-03
6.958866739356018433e-03
7.353894498701604027e-03
7.095421079084686042e-03
7.120758692885567967e-03
6.852195044864416162e-03
7.489827387372153568e-03
7.113453146828244492e-03
6.951546086317143824e-03
7.674414565765143130e-03
6.945538893624842759e-03
7.111749231223337027e-03
7.972815734866132639e-03
7.362620175770233713e-03
7.355764732200671500e-03
7.035633744690210009e-03
7.198817301962858947e-03
7.410741683705583671e-03
7.361935297290139561e-03
7.603670101696073311e-03
7.079503695857707404e-03
6.667316054543405771e-03
7.252030591490266076e-03
6.968639980232695791e-03
7.123593440876553259e-03
7.078863612843328511e-03
7.357232938177283264e-03
6.970901954891583173e-03
6.985390303845687501e-03
7.603457865063022181e-03
7.671387261874307827e-03
7.244723881425121914e-03
7.100692094994281132e-03
6.926699738511041086e-03
6.939554141999042421e-03
6.933623905414887899e-03
6.987462066630503038e-03
7.291431800359718732e-03
7.221983782205774506e-03
7.153343355284262454e-03
7.232626849478841248e-03
7.092238585241025621e-03
7.267637988437725301e-03
7.534933595736241323e-03
7.488028187141823611e-03
7.001202307286672442e-03
7.429156055168699598e-03
7.214625439266269744e-03
6.854787705246056205e-03
7.160995036650585205e-03
7.270771912409959743e-03
7.158404931880146121e-03
7.203095075839500983e-03
7.219501456260000831e-03
7.379709233421145181e-03
7.569625524036316909e-03
6.906094077895349667e-03
6.838460961189966360e-03
7.169289528553707443e-03
6.915820799513905208e-03
7.311800045477303590e-03
7.078087683575717132e-03
6.909789383973631918e-03
7.209790836592912776e-03
7.034285321434905099e-03
7.054538536846017248e-03
6.788886137547596629e-03
7.114553420309086169e-03
7.322177863323424060e-03
7.195715912610194109e-03
6.633349406812297580e-03
7.569599417371340386e-03
6.639372575676963720e-03
7.498103269980535210e-03
7.099351739269400309e-03
7.180360802288416472e-03
7.045493626220134670e-03
7.088065747553628539e-03
7.285645274000960257e-03
7.141066032958004982e-03
7.360965275174203432e-03
7.474271875344429099e-03
7.156174415739928983e-03
7.107367067148703983e-03
7.280348699404052756e-03
6.752105747823851888e-03
7.013794516171512061e-03
7.308661631420976419e-03
7.511578015791096387e-03
7.726465111794921480e-03
7.038969548068375361e-03
7.633042121709453752e-03
7.007541292702186217e-03
7.072313645231967892e-03
7.150606636426528988e-03
7.279029404340033906e-03
7.255582994821625255e-03
7.036696288889793434e-03
7.251734395454068928e-03
7.198359273595339620e-03
7.302986129223395899e-03
7.029614633938877089e-03
6.810609251421177734e-03
7.191110082066388964e-03
6.999923456666263741e-03
7.280654706508164591e-03
6.958085187990425448e-03
6.923564511732307677e-03
6.627923294533931940e-03
7.183758317514095035e-03
6.858369327843152376e-03
6.936224355032346786e-03
6.972031501019742249e-03
7.062781475893818890e-03
7.146232950456072978e-03
7.224738055270390341e-03
6.885751919799862862e-03
6.984191370734959062e-03
6.916610148993506020e-03
7.033994665590953023e-03
6.829083773573228593e-03
6.893292266999340688e-03
6.959312273010966748e-03
7.625428340756762284e-03
6.853580758463225127e-03
7.253922578816036221e-03
7.356888592882081766e-03
7.438861752537135642e-03
7.083765581371507039e-03
6.847024919704631195e-03
7.075406043175411393e-03
6.829260638000560560e-03
7.402410413292153865e-03
7.207295601925153665e-03
6.995273667792635194e-03
6.934712835231959978e-03
7.181022054119372625e-03
7.307907213668874032e-03
6.916818640581843571e-03
6.839452222436440999e-03
6.965740727317168944e-03
7.504347389992142500e-03
6.980665615998280643e-03
7.194954426376289243e-03
7.208488290971207940e-03
7.434733718224451927e-03
7.061501985462560055e-03
7.039960945906058830e-03
7.147803529075739265e-03
6.535379346180144461e-03
6.980985032184423844e-03
7.151950705613717429e-03
7.233283217819448316e-03
6.938563507504763063e-03
7.112725330914350039e-03
6.974913435606935191e-03
6.834218466302813613e-03
7.301799717854153167e-03
7.130523498489610423e-03
7.227687748655677383e-03
7.112843638336223927e-03
7.258458692665809009e-03
7.220754812900536182e-03
7.148323253180505904e-03
7.056945449898390475e-03
7.094883240635729837e-03
7.312903394208740242e-03
7.393164847284700546e-03
7.270528325937560855e-03
7.119182064329982254e-03
7.007401186400488702e-03
7.101464345196643879e-03
7.071170539788403098e-03
6.937885537523604158e-03
7.141299863638138692e-03
7.011264320892365322e-03
7.116218601401935739e-03
7.148743250741586286e-03
6.901797281893311958e-03
7.186974960190120609e-03
7.065103935053380739e-03
7.150645770259066343e-03
6.962525814401474868e-03
7.077378260555039838e-03
7.101560559361295814e-03
7.248666254804836916e-03
7.343358834726322268e-03
7.079838813329348939e-03
7.466371548901352614e-03
7.243667024334508008e-03
6.965825595406585288e-03
6.754579892924721281e-03
7.143937757774322835e-03
7.660307247782863552e-03
7.020420128982087470e-03
6.885992292089924798e-03
7.153722923874355002e-03
7.051591795073359863e-03
6.977957466861293458e-03
7.040515258182509020e-03
7.141614150353517085e-03
7.047965720308387375e-03
6.790154619926385901e-03
6.545191977785407011e-03
6.883383855031169861e-03
6.982183095234697177e-03
7.194264485792237727e-03
6.633222587753148485e-03
7.215376466746675939e-03
6.892590180177311093e-03
6.361144378695446529e-03
6.848128856069955576e-03
6.978956495842483093e-03
7.150645096825548191e-03
6.675516170252191947e-03
6.977703936149073222e-03
7.123434193822802962e-03
7.577537871945988143e-03
7.312848482876961771e-03
6.274570267963174366e-03
7.056178127222915118e-03
6.805101500111814840e-03
7.136997865759839646e-03
6.620255360521791477e-03
7.228658619017653761e-03
6.831739515915252227e-03
7.389469999822423710e-03
6.961609630168598406e-03
6.675088267797879386e-03
7.365272569834297768e-03
7.284582936803721785e-03
7.087641441028032230e-03
7.101065787841157918e-03
7.190265802895977505e-03
7.276306477202007690e-03
7.186711542702959102e-03
6.952485859684108191e-03
7.050214100986790071e-03
6.568075071717481388e-03
6.787322823415293561e-03
7.369177655938879794e-03
7.590009487940556875e-03
7.063772068509429312e-03
6.852665718032155406e-03
6.729160527845080668e-03
6.900556877529389829e-03
7.058295948706631504e-03
6.760934004468363741e-03
7.193613092054948477e-03
7.150538830971392076e-03
7.265853187346684242e-03
6.716223446546601243e-03
6.887843689243259085e-03
6.898213377802242877e-03
6.946769810987278408e-03
7.077696151340953298e-03
6.696159109417254909e-03
6.940798453546540361e-03
6.926156932837401227e-03
7.332829751171808692e-03
7.074146471749379918e-03
6.773751308467311320e-03
7.007141111742153441e-03
6.990840690158584697e-03
7.056283159581604875e-03
6.889212756092662031e-03
7.305321489515091693e-03
6.920213624316636294e-03
6.966120590563173141e-03
6.899872501269983457e-03
6.752629053364237084e-03
6.754038451706031489e-03
6.869687012615793148e-03
7.265687714640452557e-03
6.816233065233637603e-03
7.154051692907455184e-03
6.948247509201086955e-03
6.803678658764674390e-03
6.418844846091001019e-03
6.933927652187063355e-03
6.970142250882888600e-03
7.345888764465962825e-03
6.832619194019544200e-03
7.199231404707019145e-03
6.526781951480598032e-03
6.742758060883516716e-03
6.843687473380769687e-03
6.836677406101479039e-03
6.857061739000401904e-03
6.879206781891019501e-03
6.635699851152847099e-03
6.998483118875018123e-03
6.579800146580532666e-03
6.895366482208779846e-03
6.842660567780579906e-03
6.799390061291606113e-03
6.840787731907295270e-03
6.876706813122963717e-03
6.868085137816584002e-03
6.974521652178782352e-03
6.839492171121024436e-03
6.798144384654628350e-03
6.524012159880101386e-03
6.695180152151219803e-03
6.891820431647164083e-03
7.125007835202367378e-03
6.699566997817197472e-03
7.070830289351125696e-03
6.867589578461118748e-03
7.024883163221721724e-03
6.875850049053656293e-03
6.710932846809961744e-03
6.943970313033029015e-03
7.343212152719434324e-03
6.818561245745297268e-03
7.260104775537825662e-03
7.117379749273042983e-03
7.209135478664637636e-03
6.693408066835240984e-03
6.758317224516308119e-03
6.700613639338507711e-03
6.695077900458089835e-03
6.659373227914898441e-03
6.965162856925511022e-03
6.867714165003997034e-03
6.923624989575103035e-03
6.727719803853017197e-03
6.969409554176168690e-03
6.914569714381381925e-03
7.191319976838003551e-03
6.545670745907824183e-03
6.671087429796739021e-03
6.703382531133266625e-03
6.855812141042201546e-03
6.801524769840706572e-03
7.005661915108134935e-03
7.054243293674721665e-03
7.197878925100751647e-03
6.629745149879121523e-03
7.107148963217721493e-03
6.992925619510826848e-03
6.773785174379177813e-03
6.865883205092290949e-03
6.920007421201077209e-03
6.705340143226084376e-03
7.043651692333673629e-03
7.087793757957355084e-03
7.112483105929456352e-03
7.211208293507135464e-03
6.639983209318606194e-03
6.971198242174020052e-03
6.702884864941158725e-03
6.807576851901005546e-03
6.645193097944726741e-03
6.794949811234077958e-03
7.028364617598657597e-03
6.801583908988463427e-03
6.903716404478845228e-03
6.648616662753304048e-03
6.699479762184669049e-03
7.021433861257316000e-03
6.848758470449391178e-03
6.894584560328628590e-03
6.803906173990634590e-03
6.507739142084341052e-03
6.742193442275456333e-03
6.711044894220111363e-03
6.636362320428696414e-03
6.779284899602147987e-03
6.801961016145433546e-03
7.072656543787900207e-03
7.036511082293515386e-03
6.602990985413169887e-03
6.740766748022002444e-03
6.904967234358544426e-03
6.966273944626665340e-03
6.939989842308634006e-03
6.938555624896430504e-03
6.729538263328119045e-03
6.890630525495490023e-03
6.714712859908484113e-03
6.816024704010683472e-03
6.646574368246516325e-03
7.058825501095935921e-03
6.538816808176383701e-03
6.912281608676295284e-03
7.469817891961204673e-03
7.052823574548211689e-03
6.758422325240463074e-03
7.074743369032751063e-03
6.609590103255837297e-03
6.797815128941973872e-03
6.781956339873859534e-03
6.786461052086572611e-03
6.578760249494561632e-03
6.962421326779066368e-03
6.711471965809322378e-03
6.628595007834968932e-03
6.950899535685408324e-03
6.971017160970547147e-03
6.866550364674969820e-03
6.987353163599294668e-03
6.624869278928905390e-03
6.931561121789132744e-03
7.305063687949639624e-03
6.759242048362779434e-03
6.354786315533482444e-03
7.278210657066169938e-03
7.084958194863088046e-03
6.808947398663773957e-03
6.868755212566208385e-03
6.980908450503644017e-03
6.981889801835859666e-03
6.643167499605145618e-03
7.145234599385946565e-03
6.687800444358515083e-03
7.335263157721251710e-03
7.024905713186893781e-03
6.948537395444915818e-03
6.809168179902505211e-03
6.760893625570548945e-03
7.012771472068747916e-03
7.242584617962400696e-03
6.682606761939650052e-03
7.298472257200791340e-03
7.054412205386347175e-03
7.060757515664608207e-03
7.039077421051711213e-03
6.839194462610706515e-03
6.801006192989435262e-03
6.810932171562328157e-03
6.678567792584092812e-03
7.273646220066666210e-03
6.893930236276095413e-03
6.963338590258829133e-03
7.141909052558406516e-03
6.818565190665950432e-03
6.837802688882873084e-03
6.818712207734723731e-03
6.694762122036249097e-03
6.759396708774419345e-03
6.871975630150077737e-03
7.191472573589282810e-03
6.634116183770682497e-03
7.147591305965180289e-03
6.904430300538082731e-03
6.842080157598435554e-03
6.804008895434643378e-03
6.894983411827664346e-03
6.566650354089383079e-03
6.984571867360012121e-03
6.845945204620473325e-03
6.685406523270563672e-03
6.456605519240740491e-03
6.797207612637889626e-03
7.034426577503637666e-03
6.623185449023026410e-03
6.737923194120347230e-03
7.004910698521456432e-03
6.584866499162447470e-03
6.712252391871347153e-03
6.780488367835846297e-03
6.641578987157992914e-03
6.572915824999353042e-03
7.125968667392159651e-03
6.514497769599910011e-03
7.017479067764148537e-03
6.818747436905134469e-03
6.547896900114224573e-03
6.897072275996557825e-03
6.978360257665198498e-03
7.070176630252445783e-03
6.878518942150091582e-03
6.996639992214470118e-03
6.782709076849755339e-03
6.616391070001172506e-03
7.128475873756659476e-03
6.863079716578815610e-03
6.673977926307573388e-03
7.108059249658563693e-03
6.922471011854228022e-03
6.511300735600984886e-03
6.795008131318809076e-03
6.670435881761068407e-03
6.638647258587036457e-03
6.481924201851313461e-03
6.687985973266978752e-03
6.953987976170958318e-03
6.574701825208627629e-03
6.837872072546313622e-03
6.637337119481032804e-03
6.728094859742546688e-03
7.164790584496228201e-03
6.487432890886492623e-03
6.487624112439740673e-03
6.423873583157563988e-03
7.188254495351205191e-03
6.562134726332575531e-03
6.729905025102877678e-03
6.359020704527971503e-03
6.633085008950693855e-03
6.756054320083988880e-03
6.637421417031475444e-03
6.637920534761037814e-03
6.595463153354964338e-03
6.720130426181843662e-03
6.766853019933872886e-03
7.045759677511064141e-03
6.295995025032459155e-03
7.008107459965829712e-03
6.611117500775037445e-03
6.271614558567020770e-03
6.766686157776521937e-03
6.873814137725997933e-03
6.552428958891493883e-03
6.679790764135458588e-03
6.726627549001050130e-03
6.620475688971916642e-03
6.691118914619197458e-03
6.601457655378038976e-03
6.705887444920392848e-03
6.847011040419628651e-03
6.634569031461010763e-03
6.889012119446341620e-03
6.713013688475419349e-03
6.585844264131120174e-03
6.650646264704587751e-03
6.488028296590880178e-03
6.584362134141577040e-03
6.604180451522138548e-03
6.645585814732291041e-03
6.626844314793466258e-03
6.680627057661965226e-03
6.315185057442884720e-03
6.929931514924898145e-03
6.764928451243022896e-03
6.774021742784417169e-03
6.543173076320116244e-03
6.799222476884699863e-03
6.634978532102555303e-03
6.988208481496727131e-03
6.569018986288053218e-03
6.861432584450795694e-03
6.504983977741010323e-03
6.264796497396874116e-03
6.470746115865242190e-03
6.653787095581515341e-03
6.416128584435189589e-03
6.682671417647701416e-03
6.619138623366872115e-03
6.609219986592661245e-03
6.542959080737517467e-03
6.613293357558351973e-03
6.598247209018309398e-03
6.668230204402974398e-03
6.749730990394188328e-03
7.038257095546416285e-03
6.608611509451257568e-03
6.356314898383819655e-03
6.639046517055797493e-03
6.501872136160126263e-03
6.429256696097345944e-03
6.513818193081346263e-03
6.550317013623234430e-03
6.845656805610870858e-03
6.641093634122688209e-03
6.508206879766977905e-03
6.917403914037867883e-03
6.865112587345578027e-03
6.677624670112698030e-03
6.876390640191739484e-03
6.787850978061482285e-03
6.842687823644981286e-03
6.951521361292540592e-03
6.459865892347397762e-03
6.283054970184413432e-03
6.361211967078320498e-03
6.840042239574712669e-03
6.586201568067977935e-03
6.631224935070969238e-03
6.247997957671147171e-03
6.681089958390593747e-03
6.711708762317185328e-03
6.534552013336037031e-03
6.701476619547015734e-03
6.566462370139970230e-03
7.112790095551481569e-03
6.523102379704725368e-03
6.614811443317357605e-03
7.158874241649253525e-03
6.912095263392751231e-03
6.574421227063592318e-03
6.658865259525578034e-03
6.894087309874592263e-03
6.808387998255830374e-03
6.524142113952153404e-03
6.700951856979805825e-03
6.918086233493471460e-03
6.585670409350797248e-03
6.736118578701520004e-03
6.336970105812090789e-03
6.646611404435861722e-03
6.863706521003756431e-03
6.921663654981543602e-03
6.688026508674459886e-03
6.751968562843275144e-03
6.702819694534610864e-03
6.453932538596777319e-03
6.727733883934166811e-03
6.440114613230463192e-03
6.790126494564225137e-03
6.736931012075942499e-03
6.500587415487241345e-03
6.478698295456708327e-03
6.694783430959284909e-03
6.499311210593831240e-03
6.441118362250409374e-03
6.926502357100345134e-03
6.564975090816748890e-03
6.667166853458945421e-03
6.616402846241473124e-03
6.520208532948620558e-03
6.802444800061380366e-03
6.724839243705019523e-03
6.363359203507299409e-03
6.265106173624238571e-03
6.921077922396093839e-03
6.508891808116055999e-03
6.589643327021801195e-03
6.609454226956870682e-03
6.270749725799411832e-03
6.276726917965331186e-03
6.401929215909003129e-03
6.369643990109885925e-03
6.693709144859090812e-03
6.532429999649990576e-03
6.637008176430576542e-03
6.646787421160478375e-03
6.713149002620900745e-03
6.746090381733745034e-03
6.747434429927183334e-03
7.015396988205911330e-03
6.407091769085886297e-03
6.864443940034508154e-03
6.348045257605705073e-03
6.999404201917729801e-03
6.459593882231261588e-03
6.289016675181370586e-03
6.638357564048413990e-03
6.890092290358922240e-03
6.782390801154790198e-03
6.903860613784084700e-03
6.426818995829940151e-03
6.401509629737706965e-03
6.531289413478275074e-03
6.539155662450698951e-03
6.756235642746972157e-03
6.772630376030168778e-03
6.633688764931919453e-03
6.548309883144922197e-03
6.825518807312537170e-03
6.707104141668861728e-03
6.407799228029662474e-03
6.427729709011154556e-03
6.894868613467930278e-03
6.255909725905937392e-03
6.675115432888382820e-03
6.650947316598454853e-03
6.611164185564946325e-03
6.605582296699297543e-03
6.541784035180950307e-03
7.144365769129613908e-03
6.596911523647717643e-03
6.529255138253479279e-03
6.629839802907480303e-03
6.957297733714285816e-03
6.366743983249534972e-03
6.578644069168318453e-03
6.678746056761022259e-03
6.307233052974332149e-03
6.445917497867853507e-03
6.780109423534412712e-03
6.685514984713253686e-03
6.307131756270258766e-03
6.503913517158121937e-03
6.592768512145698832e-03
6.213170665750031990e-03
6.743617458894689970e-03
6.469358166162379568e-03
6.462965234642763755e-03
6.597668197481630116e-03
6.321070944410954635e-03
6.219908532846599863e-03
6.607709311077971347e-03
6.442644933008103911e-03
6.566893267820344757e-03
6.463343733515856428e-03
6.624270356607969527e-03
6.705617442206573964e-03
6.826091391896703733e-03
6.759246190294312430e-03
6.827438779358675595e-03
6.437338458337718387e-03
6.394476275472274832e-03
6.758528802811869692e-03
6.481761144817460053e-03
6.466191794803180341e-03
6.421324872893377327e-03
6.599930909877919048e-03
6.723989379260822928e-03
6.764479146985938503e-03
6.179452780794969687e-03
6.725243591105030047e-03
6.849836795403071305e-03
6.600926461225027804e-03
6.396934906050969448e-03
6.399092489892331016e-03
6.414182565688091031e-03
6.580811545101200068e-03
7.033017683677030701e-03
6.543970371863690530e-03
6.421885374586078742e-03
6.742194134563732517e-03
6.473116229304692534e-03
6.689519453856308980e-03
6.494098927489071020e-03
6.930171883903433680e-03
7.024511752595353001e-03
6.759887165247198751e-03
6.343552564660643461e-03
6.403036204846337780e-03
6.573895426528710527e-03
6.726832779769604219e-03
6.509387825284770369e-03
6.717398049452216920e-03
6.896852183869431156e-03
6.550112780863011699e-03
6.583303412309388439e-03
6.397360666591805564e-03
6.208813581519040045e-03
6.142296334082986316e-03
6.418477257078338341e-03
6.882155355938266751e-03
6.775953399122178374e-03
6.371407540290660240e-03
6.474566878857784466e-03
6.481529545026947815e-03
6.881494477542600234e-03
6.917339374306429381e-03
6.741408722113800128e-03
6.442642189026431820e-03
6.296418485734667572e-03
7.064606823333531745e-03
6.468335927573534011e-03
6.795943073101991944e-03
6.108626842203705894e-03
6.240982075696485491e-03
6.619526027048508107e-03
6.387910497318188482e-03
6.733462001320111509e-03
6.720592198312027449e-03
6.215980250540982348e-03
6.219424427950450557e-03
6.417570547298785330e-03
6.791275990342527866e-03
6.230187688888891122e-03
6.499317517134477716e-03
7.083764171348232684e-03
6.583491283741927866e-03
6.508779526005271585e-03
6.682836089583981884e-03
6.720421986919675184e-03
6.537481663681119978e-03
6.548580147895628929e-03
6.260027371268970034e-03
6.391379275677039340e-03
6.730514666155354778e-03
6.792353446450539838e-03
6.849955204595176324e-03
6.523959537684945360e-03
6.451685790123113176e-03
6.546595610783945661e-03
6.349064061567064564e-03
6.507951140217370367e-03
6.447808100211839012e-03
6.942304531966650254e-03
6.558521868673815487e-03
6.519459067655808057e-03
6.543422393553844155e-03
6.899502802687850281e-03
6.706815920127845096e-03
6.448616464053323442e-03
6.430896263136618579e-03
6.347971329386819031e-03
6.491592009359161905e-03
6.600305100657497849e-03
6.573385057530063344e-03
6.441896642484309585e-03
6.654337129386321721e-03
6.111065673302750953e-03
6.412591072274684972e-03
6.213716297921789873e-03
6.887221238455381971e-03
6.233249674210890844e-03
6.479356875672971118e-03
6.554362079674897097e-03
6.861116846195306970e-03
6.481409742796038695e-03
6.798709886111208717e-03
6.590627629419894620e-03
6.419873492769213007e-03
6.263685867939038955e-03
6.371576696713139761e-03
6.312211336682693741e-03
6.493173597552791623e-03
6.224048181298852053e-03
6.356170144772656065e-03
6.684409635919044516e-03
6.422994575929503319e-03
6.255825732848066534e-03
6.566788463072836639e-03
6.043769729531725879e-03
6.423352127088378244e-03
6.231775734419526223e-03
6.388390345164034374e-03
6.488022415778567364e-03
6.559449362161703587e-03
6.836286627435333302e-03
6.596047949436681032e-03
6.290218293043535816e-03
6.393018930805078291e-03
6.144373571844492614e-03
6.359407493637669016e-03
6.548358831300657434e-03
6.333542104762071578e-03
6.479156120458727866e-03
6.170104149529636976e-03
6.520390137220047864e-03
6.679770608928119538e-03
6.285419546463353289e-03
6.496755937971608261e-03
6.165074602026410049e-03
6.618225971575985613e-03
6.409812663893312695e-03
6.746393443820119379e-03
6.618395297422969940e-03
6.373220460348040690e-03
6.341588255234546605e-03
6.217695969794450120e-03
6.616234091495735818e-03
6.407214292838346939e-03
6.809156518073895652e-03
6.275787695240857625e-03
6.567870721249559167e-03
6.096976184620855541e-03
6.636829791790799932e-03
6.542018126334022375e-03
6.644513360345339834e-03
6.302888131864700129e-03
6.543398553519316069e-03
6.396880355154982434e-03
6.249324747245234984e-03
6.490107551000568256e-03
6.589249426058748325e-03
6.741423115380127187e-03
6.497503625386895007e-03
6.374696857016901898e-03
6.523195143118797924e-03
6.484723102971750447e-03
6.268619907020828684e-03
6.009226567665063717e-03
6.647660047657636198e-03
6.286336596243609180e-03
6.258088708085501883e-03
6.602416072415597664e-03
6.629243709574893575e-03
6.686965080873620744e-03
6.210310400792535580e-03
6.376347757126632314e-03
6.588219752966561690e-03
6.223782887722607848e-03
6.175727318398140098e-03
6.473485731673295912e-03
6.431040613823739947e-03
6.265308858441868620e-03
6.577672132959741860e-03
6.360322561326758363e-03
6.439280967853094027e-03
6.838599442317312010e-03
6.255450009162306403e-03
5.727488077926731237e-03
6.440428789085399230e-03
5.878107394596838314e-03
6.575985081551880169e-03
6.238017524701855096e-03
6.646210512384414029e-03
6.760121879504173495e-03
6.626694799805170691e-03
6.320601252898119457e-03
6.150488834277589682e-03
6.434307991848965159e-03
6.337709075347831671e-03
6.706277591432005872e-03
6.177767421330281235e-03
7.029804006310683487e-03
6.112702229160302952e-03
6.358431702774231496e-03
6.421600542474487604e-03
6.471543042181173225e-03
6.620139855700267299e-03
6.302826288310390407e-03
6.641657188092725018e-03
6.459419702402948403e-03
6.351273784535160088e-03
6.446583643438300558e-03
6.379599605870396942e-03
6.263949238293696833e-03
6.500635869771272633e-03
6.118271737048961573e-03
6.205465019659439294e-03
6.602744271902223627e-03
6.228840970630596975e-03
6.370013519145280474e-03
5.951982643186635655e-03
6.587871400711963962e-03
6.226683374911249833e-03
6.206196289574019039e-03
6.304283468544519091e-03
6.138734784712866592e-03
6.260290787401677666e-03
6.723525029123155437e-03
6.363089153987497824e-03
6.348707504928309542e-03
6.189498259335389843e-03
6.223185292663322397e-03
6.641550781529534202e-03
6.755643784797311750e-03
6.691184245191583377e-03
6.219730376059395133e-03
6.116823820465559607e-03
6.681925039694024994e-03
6.451280459517993310e-03
6.235874189481111982e-03
6.015995579355356768e-03
6.281714036084165044e-03
6.140299618368001006e-03
6.515839344707500223e-03
6.555100345327821362e-03
6.375686156176962188e-03
6.104804754747084408e-03
6.225610712009417048e-03
6.305738399946511641e-03
6.278630991945957987e-03
6.588924948288928628e-03
6.439072525744646280e-03
6.320760239565403893e-03
6.333688778109791521e-03
6.112585392769474303e-03
6.439086406921515696e-03
6.206810787329412708e-03
6.778230279023477606e-03
6.254097991326619879e-03
5.892619370786505648e-03
6.572500250004432304e-03
6.254847619310794499e-03
6.212813085875042510e-03
6.187573089980127547e-03
6.444165654183971713e-03
6.458558689440329140e-03
6.500187067025426160e-03
6.383371120291110069e-03
6.303723415570421616e-03
6.051564046757978294e-03
6.627923587274605656e-03
6.600128672544652159e-03
6.310130589132012004e-03
6.147629869796954021e-03
6.363143829889743655e-03
6.652577115304718694e-03
6.647126985748453079e-03
6.591725475154144864e-03
6.266934752746094670e-03
6.209889356223873003e-03
6.286874615769206913e-03
6.027812269942369253e-03
6.246447084718566821e-03
6.219199523604453106e-03
6.194388608383843628e-03
6.563020630723215981e-03
6.283821402294676936e-03
6.060493009920263525e-03
6.419037423582073763e-03
6.493247428891409101e-03
6.218541380995813196e-03
6.306652182550137598e-03
6.506212452896849296e-03
6.373860120327906782e-03
6.322605234587756577e-03
6.282870406802674307e-03
6.734113539109543370e-03
6.179223604417584739e-03
6.499130193614529455e-03
6.672539656161729019e-03
6.569835060126186579e-03
6.134310099873130188e-03
6.159793745129931927e-03
6.251737981471387068e-03
6.302530755235666304e-03
6.303815930569701964e-03
6.215863751251568189e-03
6.363759359577157194e-03
6.260630886268226877e-03
6.397757425400800099e-03
6.565501769854605041e-03
6.116042514309964762e-03
6.360565616525977288e-03
6.569792176088060445e-03
6.053135974002096277e-03
6.459756004964589161e-03
6.323003452007040955e-03
6.316252335857693717e-03
6.197202394896654185e-03
6.262096427321089086e-03
6.196241679691979684e-03
6.287454686492601960e-03
6.269943326583582270e-03
6.351243097016137651e-03
6.325403097391052096e-03
6.694559785215380664e-03
6.530910676538641962e-03
6.751979435454844025e-03
6.197425095838667193e-03
6.236726681918001829e-03
6.226499845196137826e-03
5.901734731681535298e-03
6.198243005696774631e-03
6.194593335347903067e-03
6.105048182126233437e-03
6.225262233789464854e-03
6.479054301236371501e-03
6.112872813792956730e-03
6.378707803856917616e-03
6.026792125969938040e-03
6.206712455728256861e-03
6.364085207766421483e-03
6.469364539675398137e-03
6.291555517822060295e-03
6.360544417906682443e-03
5.925964325845079796e-03
6.262263550584530776e-03
5.948433795742415903e-03
6.549902147922097122e-03
6.195425309016241479e-03
6.054742747393418965e-03
6.362310949467581307e-03
6.161394203290565530e-03
6.079461074952771833e-03
6.108447705211988987e-03
6.117561660250694922e-03
6.032767078332426126e-03
6.391505004450043215e-03
6.765413578687725846e-03
6.434338337609790334e-03
6.124020298010839081e-03
6.254786438801614862e-03
6.524409426418504784e-03
6.223882617174000299e-03
6.186395733207103453e-03
6.169141388241199120e-03
6.488743653449922585e-03
6.277448224370341459e-03
6.148860203750869391e-03
6.339604455652764203e-03
6.503489591265723332e-03
6.501455720702969260e-03
6.150078998885043918e-03
6.450376077910371583e-03
6.073789203956761647e-03
6.337132735619248336e-03
6.546032834378128461e-03
6.524455823556363047e-03
6.021766338697135020e-03
6.386342856094139736e-03
6.649928467713739529e-03
6.354529617102852579e-03
6.537879068855017954e-03
6.100007675137966538e-03
6.332925734099109291e-03
5.842861679366801071e-03
6.127471217212869872e-03
6.225514576060141129e-03
6.486994292569540042e-03
6.424939376215338567e-03
6.490270488860382103e-03
6.318885461273191298e-03
6.217483553653776682e-03
6.197470040174745537e-03
6.203394767869021935e-03
6.204460750402155528e-03
6.490725959207925902e-03
6.218707162550701599e-03
6.543427934332986078e-03
6.590253295184840023e-03
6.091529255635946480e-03
6.150654428769851412e-03
6.398036722363140832e-03
6.311047040916731125e-03
6.150689661645234244e-03
6.098064289133422328e-03
6.623552491724616319e-03
6.238983779388283107e-03
6.193251180072375725e-03
6.853807130785415438e-03
6.149917414205420367e-03
6.182085323073381773e-03
5.837524561840051231e-03
6.295936862318603916e-03
6.226560397353719280e-03
6.016222325951487045e-03
6.403065640138240477e-03
6.386971971653989007e-03
5.841187984538754631e-03
6.401251974504976010e-03
6.603100925820303002e-03
6.288176188031303557e-03
6.461828841652667021e-03
6.142072641015738910e-03
6.438684697005428274e-03
6.351327905831346925e-03
6.366878164592032138e-03
6.435558140261249740e-03
6.219306235700330747e-03
6.326853092180003552e-03
6.015071048109958164e-03
6.002044474099521576e-03
6.372618915731857563e-03
6.028532085675380493e-03
6.309425844389600357e-03
6.648479809009666223e-03
6.051261353403605478e-03
6.396760498676492927e-03
6.091611233726572198e-03
6.231770374958239996e-03
6.243610277143694411e-03
6.303807603904997003e-03
6.156684385072515482e-03
6.331379124354759823e-03
6.173083058010830730e-03
5.907718799716661986e-03
5.831079736500087776e-03
6.454780499284737925e-03
6.605774504518840788e-03
5.991792519014290004e-03
6.452723534721354487e-03
6.158127753357262209e-03
6.166066650348153363e-03
6.189140599846371452e-03
6.448827210639154414e-03
6.278297600718586377e-03
6.154278606523000232e-03
6.206761988207451508e-03
5.837199523732063307e-03
6.181862648075201784e-03
6.298782479836886536e-03
6.232362437613344838e-03
6.092226483165545832e-03
6.500795051328597807e-03
6.024175193736175209e-03
6.361300302938771578e-03
6.102399053032872035e-03
5.948075650377344578e-03
6.394020646673857083e-03
6.192628816093182116e-03
6.254090362503955149e-03
6.225080492650100425e-03
6.039927620655360062e-03
6.315243196846326464e-03
6.007535689283783308e-03
6.404187459194784181e-03
6.242296887300460145e-03
6.089478169496031525e-03
6.253860238045964859e-03
6.315464626671622381e-03
5.905545030563631378e-03
6.167497353215940087e-03
6.078047091922980129e-03
6.299080174921850746e-03
6.489884666713427973e-03
6.078302038275053970e-03
6.271080414646492546e-03
6.047001022647613584e-03
6.543229153619972878e-03
6.373293893717119768e-03
6.232223711305986610e-03
5.957098778184023377e-03
6.031265776638605053e-03
5.930742632005145398e-03
6.014062150244781600e-03
6.545447198290632422e-03
6.070176339877266999e-03
6.226231049445418719e-03
6.519993516767521972e-03
5.961923379417971049e-03
6.451858161313814288e-03
6.151643369647207850e-03
6.081108459538841875e-03
6.187257678108942088e-03
6.390210727648783576e-03
6.030501541037597280e-03
6.092636323085307004e-03
5.990653362584232033e-03
6.039188647135544825e-03
6.136233443207733153e-03
6.195506082375990507e-03
5.915563739492317626e-03
6.460749401999044302e-03
5.943183562909154505e-03
6.055805737009161208e-03
6.380003477309843102e-03
6.256616103375278390e-03
6.011885366437318655e-03
6.070908330415032868e-03
6.383090451215933658e-03
6.371225574853131568e-03
6.169802126974558744e-03
6.256153076235164423e-03
6.355559322079893346e-03
6.358406707766300903e-03
6.243235689470383321e-03
5.874352867389844197e-03
6.265804068135741658e-03
6.151203726335504815e-03
6.167174042068858039e-03
5.850021410432254543e-03
6.188593240022855803e-03
6.279332765176833669e-03
6.002283139681991418e-03
6.557308486884201766e-03
6.326188773080915206e-03
6.246374065968021694e-03
5.942167559023834103e-03
6.257183671108957831e-03
6.018118694189015551e-03
5.997547605778642300e-03
6.226868099166134492e-03
5.733446972400138390e-03
6.143306672327400637e-03
6.475219953110050025e-03
6.063507220757296222e-03
5.976161373644245552e-03
6.043683169820899745e-03
6.215786142863984585e-03
5.717559306146945998e-03
5.616514760550491911e-03
6.135475019534649549e-03
6.393700958587180544e-03
5.988392377471476319e-03
5.759006360658047372e-03
6.175364440619128883e-03
6.221056491552977123e-03
5.961625316943750669e-03
5.952060833472717395e-03
6.247457119009206666e-03
6.231933565223076073e-03
5.910520584032950310e-03
6.297346959798322957e-03
6.255815790597744896e-03
6.336400346485083525e-03
6.065252384280944015e-03
6.208378368037561004e-03
6.464600372775717446e-03
6.010278101633340607e-03
5.926729128044420924e-03
6.011312630986438872e-03
6.151737727720852332e-03
6.057868960091067519e-03
6.037145858920251601e-03
5.907297393627263318e-03
5.919314823356333806e-03
5.924847774964492331e-03
6.470317784005605831e-03
5.899024528168236685e-03
6.316856548299523005e-03
5.938899888756959608e-03
6.102080836806765551e-03
6.121503921007817248e-03
6.112989152354804216e-03
6.054353668361179934e-03
6.001374757732869797e-03
6.135907859971364425e-03
6.305360691971479553e-03
6.110941755625372979e-03
6.125955324943203190e-03
6.529682656166661998e-03
6.031416533070326109e-03
6.529068344605394418e-03
6.406287413089429943e-03
5.912133331035115090e-03
6.372564082211458827e-03
5.965252088519120734e-03
5.932268549552208517e-03
6.175144482412464608e-03
6.077962088973467604e-03
6.121055220668663276e-03
6.216897898319821182e-03
6.119368086086479121e-03
6.260773385687481811e-03
6.186836550093265455e-03
6.052255080747552182e-03
6.153520799409819587e-03
6.292053298373812345e-03
6.188135188171234660e-03
6.308204109055118650e-03
6.206847418177470661e-03
6.109566626661363728e-03
5.940612731489634118e-03
6.225944817211610631e-03
5.949596870646120875e-03
6.360646480506968597e-03
6.120738488885594034e-03
5.924194972783416134e-03
6.267750587152413379e-03
6.037692142144755920e-03
5.908446232537494826e-03
6.008075925849960808e-03
5.759895140579896801e-03
6.331330612833998422e-03
6.251354614189257378e-03
6.042887846570829322e-03
5.958808989493654014e-03
6.146404106184867600e-03
6.138380339392482572e-03
6.294129679059503810e-03
5.688031521437448418e-03
5.954895658401161695e-03
6.013249330960607902e-03
6.202166248177939413e-03
6.049654215704235519e-03
6.491533842837895682e-03
5.993795118665199741e-03
5.899028629667584303e-03
6.037780757724314253e-03
5.912073954816494427e-03
5.945386107406976962e-03
6.033734324753950960e-03
5.956443332382450190e-03
6.318274410780507291e-03
6.243089636868444543e-03
6.363325245813668436e-03
6.353348369855243635e-03
6.057807610705507988e-03
6.272986208788295173e-03
5.853495345170381219e-03
5.905048008093765656e-03
6.154689380979566984e-03
5.961099482210829512e-03
6.259889895449680802e-03
6.420913484180382734e-03
5.992022684234816002e-03
6.072853686540876685e-03
5.968953214660203607e-03
5.703390696505204228e-03
6.235198984829307470e-03
6.485398470682410439e-03
5.572515806290631590e-03
6.104485192363344644e-03
6.078255836087427880e-03
6.145257774568754945e-03
6.436295897904385256e-03
6.096567515632362981e-03
6.084022222765699678e-03
6.141520531121811600e-03
6.015661282323055831e-03
6.102732278719381377e-03
5.975125045528639420e-03
5.864615416729990899e-03
6.022384386559729956e-03
5.980486439622768879e-03
6.138548135903225920e-03
5.835342412336467360e-03
6.144319822883379141e-03
6.164497594379854048e-03
5.637020856382982288e-03
6.156513112482653143e-03
6.073216378114107937e-03
5.665475148259747039e-03
6.034883656318857335e-03
5.752826367364844221e-03
6.291178712390304434e-03
5.861415476621340513e-03
5.482342617822836585e-03
6.696131858914725066e-03
5.876744202887840794e-03
6.114780725169148903e-03
6.181259282299578391e-03
5.956321726495854459e-03
6.149006097603415197e-03
6.082290011596986137e-03
6.111049114471424869e-03
6.270385242899809489e-03
6.265181402504532183e-03
6.269429811642784206e-03
5.977834031231438888e-03
6.081849705310574117e-03
6.026349199364336960e-03
5.859043741121201278e-03
6.003008480591710307e-03
5.770966422380210438e-03
6.318784404576908466e-03
6.123020124479569733e-03
6.244565540686325238e-03
6.162962944936108654e-03
6.056212254219359159e-03
5.929593912475867798e-03
5.939512082529578747e-03
6.024501024542919594e-03
5.962810919761255685e-03
5.995343565151184731e-03
6.350566112663598266e-03
5.875742965776283369e-03
6.269678501859766301e-03
5.847205392906618115e-03
5.938856008104320336e-03
6.007515206787440200e-03
5.751799834110367729e-03
6.162884131135424118e-03
6.208384504793980872e-03
5.897760542153127235e-03
6.143056727597502251e-03
6.337559688263124866e-03
6.108168066607826650e-03
6.123935260743442952e-03
6.023573103246565759e-03
6.247092535600878849e-03
5.764791640222108847e-03
5.786938221562286030e-03
5.920512916540929260e-03
5.995059258455083355e-03
6.143804371413983008e-03
6.068401493958803725e-03
6.018638666411713772e-03
6.259568920859038405e-03
6.044531249240016335e-03
6.205932303956036497e-03
5.754720037410069461e-03
5.907843441282905478e-03
5.696577857318659184e-03
6.077316501561085341e-03
5.993110962019800037e-03
5.938725528953121488e-03
6.258174420545953125e-03
5.940196475417144906e-03
6.333877056331432484e-03
5.760756376041817166e-03
5.873440267730993362e-03
5.939678446386425538e-03
6.210415628920819449e-03
5.984458948855694328e-03
6.095267235980991391e-03
6.120799696387288664e-03
5.865141829935362552e-03
6.090379598117855522e-03
6.450588922242637448e-03
6.543323233342941518e-03
5.971732383118734215e-03
5.588432326074280372e-03
6.049149486243790216e-03
6.063195935893506312e-03
5.861302610496566153e-03
6.061016287446335631e-03
6.213435802030529455e-03
6.126501818813542485e-03
5.962301891934377630e-03
5.915806426326275513e-03
6.563854809172838152e-03
5.943936205143812886e-03
5.798090676827671701e-03
5.982683894012142019e-03
6.083806462946163805e-03
5.899023121987722641e-03
6.096547230164608630e-03
5.508051403420604133e-03
6.222813080406143331e-03
6.308078459455980155e-03
6.262269899040534722e-03
6.215555626048508385e-03
5.919014123356052155e-03
6.134764726465328881e-03
5.836103501423272298e-03
6.371866545756236545e-03
5.942896634966662178e-03
6.044547557605321232e-03
6.140299757153092064e-03
5.923094467200385425e-03
6.072259757239389238e-03
5.859339584427476766e-03
6.322139224056890286e-03
5.913950970891484679e-03
5.879211902040014370e-03
6.136599179318963718e-03
5.822805681974997649e-03
6.076967571291112466e-03
5.745515128460105918e-03
6.159626080705533045e-03
6.057278873069017397e-03
6.039888788959044130e-03
6.130767251580180807e-03
5.988404842566229583e-03
5.885179701556453487e-03
6.080950882568843426e-03
5.944267942427001496e-03
6.284054851341009697e-03
5.953234744270519303e-03
6.113042551010095145e-03
6.096215507762501630e-03
5.896009465429520244e-03
5.995463251677090114e-03
6.006563747437242660e-03
6.055072164165696547e-03
6.001777396927008429e-03
5.997226210064808029e-03
5.719914974292906323e-03
6.008571394041932641e-03
5.874744149951947880e-03
5.976487568703769786e-03
5.963404092397853531e-03
5.834907130565669675e-03
6.094852202679118709e-03
6.230024630438435636e-03
6.015474366486910085e-03
5.976807956274139515e-03
5.761421991391487210e-03
5.968740641500115338e-03
5.868019226367568279e-03
5.803391753561488141e-03
5.757425040050681564e-03
6.133731914595909329e-03
5.814951591943271804e-03
6.032082349957400107e-03
5.932225975364327671e-03
6.058885544970984104e-03
5.946366799622057608e-03
6.094691969252895997e-03
5.839861640296489451e-03
6.016683166686121603e-03
5.859693013658755570e-03
6.174581982175579749e-03
5.943249854316215268e-03
6.010730092017500976e-03
5.765100126730073049e-03
5.880883841626247804e-03
5.935293324877977290e-03
5.811500848714734602e-03
5.667223176301926929e-03
5.875698576101261693e-03
5.757092428651028847e-03
5.952546285311748585e-03
5.962356612300939371e-03
5.945271527909339743e-03
5.996220180890201278e-03
5.817666565156374807e-03
5.995189850376995110e-03
6.116615230808035604e-03
6.006501275224200229e-03
6.235990897342175675e-03
5.776424414590017320e-03
5.918622690554349065e-03
6.195167337955762021e-03
6.114424029429466056e-03
6.001309358116397458e-03
5.998940743504640148e-03
6.000692795268574263e-03
6.166805164109634765e-03
5.778868053989564928e-03
6.177244835333650479e-03
5.739922241761718016e-03
6.069017252854307272e-03
5.946222649477324491e-03
5.889876710905798257e-03
5.885479353150274533e-03
5.776215887505983977e-03
5.980986215247221724e-03
5.854566272120257167e-03
5.889784586729304369e-03
5.713348616720516707e-03
6.177652651990576602e-03
5.753321660798573454e-03
6.002767690408532426e-03
5.778245805197339789e-03
5.981541872044390633e-03
5.933674719407103226e-03
6.252163136168519854e-03
6.103096245609266994e-03
6.132278449373286533e-03
5.743099402368723183e-03
5.802850926620962274e-03
5.899077823530889282e-03
5.879286983374208513e-03
6.036894142347034448e-03
5.616320796437084852e-03
5.902167030110725375e-03
6.089400478731466816e-03
5.761386475471279821e-03
6.084584110491904341e-03
6.013438525965790309e-03
5.805984806345657057e-03
5.780509958748450937e-03
6.072861525059689881e-03
5.621535600566982850e-03
6.034938750763678764e-03
5.975548395203577126e-03
6.041036014868593831e-03
5.987738574140639806e-03
5.888173349807719267e-03
5.917517989024640573e-03
5.982112205707412408e-03
5.910053626954528405e-03
6.015065457746037250e-03
5.787011706749244089e-03
6.012915312807350955e-03
5.704697515582720507e-03
5.525564179424919536e-03
5.522857449777428783e-03
5.930031882490078947e-03
5.891750391687353844e-03
6.048087542827726079e-03
5.734519799038771334e-03
5.771110980106939486e-03
6.046816074379100965e-03
5.767785021985476906e-03
5.819352647102669050e-03
5.795979319647318745e-03
6.063368526979614863e-03
5.767882063889902267e-03
5.899876891370506998e-03
5.962800271778233470e-03
5.736718998609583939e-03
5.975421497630946724e-03
5.927016801954533391e-03
5.945648065430297023e-03
5.526178924692699661e-03
5.966076613872997418e-03
5.880964511103158737e-03
6.396476701654094099e-03
5.575854112355962088e-03
5.919466770834461329e-03
5.856708028505976625e-03
5.807098671410569624e-03
5.649701049430458887e-03
5.851206047815641492e-03
6.035568931869817258e-03
5.889835719274337522e-03
5.872346414576855994e-03
5.887518884691903508e-03
5.599377774748339268e-03
5.965423924151061312e-03
5.778159959975512870e-03
5.622449132100073785e-03
5.908490302853527595e-03
6.049021909407914337e-03
5.859382657424945864e-03
6.221173018348939536e-03
6.134617540722679500e-03
5.905897263300969799e-03
5.485968038088049128e-03
6.089593499061337310e-03
5.559657868194217006e-03
5.819481965615514243e-03
5.726923849218236613e-03
5.910229187398083513e-03
5.728962313670067988e-03
6.018478331197512840e-03
5.893109458321011025e-03
6.028976330400828351e-03
5.617183362923509372e-03
5.993708868779988423e-03
5.724287815282795046e-03
5.879713464989435798e-03
5.961954579878922869e-03
5.929668982851888336e-03
5.879674604257201231e-03
5.674689360307365663e-03
5.632522736183699121e-03
5.863584236345015417e-03
6.096693333507213416e-03
6.049606375081417221e-03
5.928801503870657907e-03
6.034586577209402440e-03
5.760676248013497924e-03
5.984922206938379785e-03
5.584070727696156811e-03
5.701732233846091083e-03
6.012209584466073758e-03
5.694722596582648885e-03
5.985521115810652458e-03
5.822880568598398296e-03
6.261506757153212539e-03
5.533604801937794075e-03
6.005498855260665847e-03
5.691163220145878908e-03
5.971852958088915211e-03
5.937901601428040819e-03
5.723964297885746240e-03
5.975222778917841336e-03
5.907339308549547190e-03
5.972342530079412931e-03
6.012678970776555096e-03
5.971952886088547144e-03
6.042701465038204274e-03
5.824349145805791418e-03
6.152696881377889976e-03
5.893784851175571868e-03
5.831488424349513117e-03
5.578132138303703962e-03
6.090101998390124588e-03
6.161889256129947368e-03
5.466303419132405479e-03
5.842702180630753375e-03
5.895061234499155388e-03
5.980515962231625592e-03
5.828636156841719186e-03
5.847366551260728580e-03
5.722769883484407974e-03
6.093226290434728548e-03
5.508228786253102117e-03
6.135388305328261238e-03
5.779229792461293945e-03
5.755316402203583710e-03
5.860227025616737001e-03
5.955949652574437508e-03
6.366168285412100378e-03
5.797261199101172782e-03
5.702586442213652788e-03
5.982688726753646741e-03
5.601193221620543068e-03
6.361936638079048259e-03
6.089403236301533205e-03
6.141062819756634185e-03
5.578807329529199797e-03
5.885413042762687418e-03
5.928495822693991696e-03
5.678320312774987055e-03
5.804608700326172217e-03
6.026208656309902170e-03
5.698188937505084713e-03
5.790349634325097847e-03
5.946026260250558172e-03
5.846916811686892791e-03
6.240718982684714117e-03
5.612924672667223176e-03
6.076548538350753925e-03
5.593451031060331542e-03
5.817842206234604199e-03
5.847768553143643452e-03
6.095155865231259573e-03
5.698473459683234092e-03
5.728159641239516375e-03
5.825253300390417256e-03
5.553491803221258412e-03
6.133200093394632416e-03
5.841247234927219104e-03
5.672369892841887251e-03
6.012773364336026528e-03
5.549940871747678986e-03
6.037894671084279540e-03
6.035579255434132297e-03
6.416363008757253183e-03
5.665666705663594156e-03
5.969790716422489901e-03
5.764832933094774306e-03
5.904638807013349623e-03
5.731190495240135949e-03
5.513348699122892771e-03
6.060026039207190053e-03
5.660979972311903745e-03
5.580182764546839404e-03
5.909751734283759210e-03
5.608528090446146010e-03
6.160141460388323872e-03
5.712391124152397387e-03
5.843296662594464098e-03
5.968232765764043719e-03
5.975561536183071794e-03
6.021696396682056120e-03
6.026512510656488811e-03
6.033210003552454993e-03
5.876912366686385877e-03
5.743747894521623876e-03
6.131962621124974720e-03
5.693763863762963187e-03
6.038862548993137284e-03
6.042199345982540194e-03
5.754164821878398652e-03
5.898153324379641800e-03
5.850536893008812661e-03
5.520375811539878809e-03
6.127517098379167519e-03
6.122681649868863193e-03
5.482177416292936291e-03
5.830342012461846302e-03
5.733420755701486120e-03
6.154670529795360466e-03
5.776380459126341342e-03
5.939042591929075479e-03
5.773734765077242863e-03
5.565431531558003367e-03
5.509059504727836960e-03
5.819752405402718425e-03
5.579968273297267016e-03
5.784306561782038766e-03
5.784768852814562053e-03
5.884174194854618380e-03
5.947963053417326673e-03
6.020316359716376860e-03
5.561643059263134126e-03
5.855547367993089135e-03
5.959355782876729103e-03
6.187889618722406011e-03
5.773618795508602027e-03
5.663989120548230602e-03
5.575101902466187559e-03
5.715891072936025996e-03
5.911624651297817633e-03
5.738257359291220987e-03
5.751135050932090244e-03
6.405949679368990075e-03
5.780763591271945862e-03
5.544229775670941017e-03
5.639311143731557188e-03
5.567834676544668182e-03
5.878279392936721498e-03
5.771694355137739485e-03
5.656890360595645713e-03
5.985476475974714494e-03
5.655392793759916707e-03
5.713828724828613585e-03
5.576028358812821703e-03
5.773613876015100226e-03
5.535488781604498004e-03
5.895177577118279957e-03
6.048489284953566594e-03
5.735773294683103006e-03
5.949407955856692715e-03
6.040149957778589811e-03
5.688292090870471912e-03
6.198022783724342448e-03
5.643796348240514085e-03
5.822178115442571203e-03
5.783290946083079025e-03
5.550922564691447049e-03
5.702042374414827315e-03
5.778488616578994486e-03
5.619994795347247815e-03
5.798470674248175534e-03
5.938926426237544146e-03
5.475478078224755435e-03
5.655969008105606738e-03
5.647847636907300448e-03
5.614455173852119299e-03
6.090878280170566525e-03
5.776573979312172279e-03
5.994721514616838456e-03
5.454538411965246733e-03
6.120688958543738303e-03
5.849704356068504384e-03
5.971071720731269475e-03
5.875139691097531341e-03
5.542320786254873594e-03
5.802668904671900302e-03
5.649650041726884953e-03
5.970326749322581172e-03
5.794941903392880102e-03
5.837271659078481674e-03
5.965200435990804587e-03
5.693986638331561927e-03
6.188562583283978291e-03
6.057596595844147620e-03
5.679684766928422626e-03
6.123315021570457060e-03
6.084740590125777178e-03
5.753803118156002386e-03
5.583678032536172446e-03
5.787524802015256778e-03
5.488535988928316955e-03
5.974087102009259867e-03
5.902583990334127513e-03
5.764403801391829174e-03
5.834011788876148491e-03
5.826626429568213146e-03
5.726410665977412461e-03
5.757145308239661197e-03
5.418478080475243666e-03
5.636148521102514984e-03
5.822633346506113534e-03
5.756086065318855895e-03
5.908947629832898840e-03
5.691326369209212706e-03
5.826466348163404120e-03
5.736068615437414989e-03
5.718520329107950467e-03
6.010701356384446498e-03
5.888647130966958090e-03
6.004557574026422526e-03
5.732412896103449354e-03
5.921858045214872107e-03
5.712715185952500947e-03
6.018602728508955918e-03
5.788187576299130138e-03
5.674882321103527465e-03
5.927108157627133944e-03
5.766948562187112007e-03
5.816903949106133967e-03
5.858934910463756141e-03
5.843707964868414401e-03
5.742735498804789687e-03
5.806756474721818870e-03
5.479069971507877224e-03
5.712552588093874895e-03
5.983601797617585545e-03
5.823525465186349045e-03
5.785784197178557749e-03
6.022896978310023942e-03
5.794344731097261607e-03
6.313925841067305825e-03
5.993548118575489289e-03
5.479391890495086646e-03
5.831202431048103201e-03
5.891063017188013368e-03
5.857278456327687927e-03
5.898793393858808680e-03
5.854873993582449844e-03
5.861700751480400547e-03
5.869606835475815569e-03
5.862580883593884740e-03
5.877722211163117529e-03
5.435793641511814552e-03
5.649052272915759329e-03
5.496157499970408603e-03
6.314614803732699830e-03
5.801626646600000804e-03
5.526481002484141987e-03
5.763101929366294500e-03
6.066468893186831128e-03
5.598455860869509804e-03
5.829895686238310837e-03
5.878584754988153659e-03
5.349593733853812497e-03
6.009914021083168079e-03
5.972970968152226980e-03
5.824574386859885169e-03
6.113379666707039785e-03
5.697273620927679159e-03
6.071772222360954756e-03
5.910433812989050739e-03
5.882708889119810276e-03
5.868222647863710791e-03
5.735945432504194891e-03
5.785637453440821941e-03
5.967927801491052821e-03
5.687998980400458399e-03
5.602012252107036600e-03
6.099375193962748402e-03
5.943171628405123641e-03
5.595668291149231283e-03
5.809802224127713112e-03
5.633016282722594706e-03
5.747604748206441155e-03
5.895004358752516972e-03
5.765184836446558304e-03
5.834484363057630858e-03
5.828202069448015256e-03
5.720417612672452912e-03
5.442176927455430989e-03
5.656359623228435565e-03
5.737468819565665241e-03
6.000706174955657349e-03
5.555805089989110379e-03
5.696410615276270746e-03
5.274384643133042498e-03
5.860822436200324032e-03
5.645035857030428032e-03
5.868539454243963498e-03
6.096476750505071263e-03
5.500812936565030280e-03
5.779171851769069820e-03
5.982099486371605587e-03
5.623496785791658702e-03
6.008860193863291288e-03
5.658310838423347838e-03
5.509802486984732330e-03
6.050984706367348864e-03
5.696587414942133956e-03
6.055422705806512602e-03
5.573536359668952202e-03
5.706802056208370826e-03
5.700810205025594324e-03
5.933383835502753327e-03
5.739060883188572444e-03
5.510142104619953317e-03
5.820985143800995291e-03
5.728217640782895352e-03
5.576471155381013990e-03
5.671727497346996591e-03
5.583779793410959848e-03
5.992037388495095873e-03
5.455171690779234139e-03
5.566473596706343792e-03
5.521391346659854094e-03
5.796704916400146484e-03
6.049044197304321267e-03
5.846685857048312430e-03
6.245162215504317799e-03
5.742293984961791692e-03
5.436762012073265496e-03
5.635779420572026473e-03
5.972684744497516393e-03
5.869551074533719236e-03
5.555105005135519032e-03
5.623802859321374269e-03
5.539320867349330733e-03
5.502519186147056957e-03
5.602686304549154943e-03
6.056875928956539056e-03
5.738156776116799633e-03
5.337185637279673843e-03
5.986766389586582748e-03
5.767819232578070936e-03
5.781652579747446202e-03
5.447003102903837102e-03
5.908383543647843447e-03
5.730112733824906102e-03
5.796140967135829727e-03
5.703957490194899380e-03
5.508803531337945480e-03
5.561962302812331789e-03
5.799941733848278450e-03
5.725641245482898829e-03
5.697056379762603130e-03
5.840239379049391374e-03
5.374715184591605417e-03
5.516822082301439320e-03
5.540195333864420847e-03
5.869219059712835543e-03
5.626931465903432100e-03
5.961975883713770998e-03
5.548901105363848903e-03
5.550725555897581716e-03
5.336639271753248169e-03
5.761860478665958157e-03
5.643315019958750241e-03
5.627642209837384855e-03
5.747757271990311390e-03
5.870841571581512930e-03
5.614848783716088962e-03
5.589330082992801860e-03
5.756350158953341296e-03
5.514996905715422240e-03
5.814309846630155015e-03
5.861831817734674752e-03
5.612210803126130125e-03
5.667039947023003871e-03
5.867341861034255923e-03
5.783733132431728013e-03
5.921451223301408065e-03
5.941215864739420385e-03
5.576236605550272292e-03
5.723023730588442867e-03
5.563994333103864862e-03
5.664891672814578380e-03
5.807696994318699638e-03
5.402086738498425127e-03
5.573888643099880573e-03
5.652758088471036835e-03
5.849007535763861045e-03
5.774700954575975355e-03
5.580732054335662412e-03
5.861848738102844701e-03
5.377534472495811360e-03
5.726642254138705410e-03
5.589584586257786113e-03
5.657458130629205995e-03
5.833300578747885150e-03
5.885654212774992650e-03
5.564221796350498836e-03
5.484844064712177461e-03
5.707544330210845805e-03
5.702302991079924097e-03
6.037069603130467386e-03
5.441320455764787380e-03
5.862014833097783928e-03
5.942651906905156191e-03
5.864203030101380713e-03
5.689658292922864131e-03
5.868466603385123249e-03
5.899650585612415538e-03
5.797020158701720119e-03
5.885019976228313479e-03
5.744027657869753105e-03
5.444385513470993525e-03
5.648798970281927734e-03
5.518191508031981482e-03
5.437680930072751745e-03
5.481590184037896628e-03
5.883201926863389220e-03
6.184889621284432593e-03
5.887175318447490299e-03
5.645257991029274149e-03
5.351786978131779435e-03
5.638283669071511746e-03
5.655028647294797067e-03
5.961073685536839861e-03
5.320287139307462200e-03
5.744016611262134017e-03
5.466192767423773760e-03
5.474922081686498833e-03
5.458725126185729609e-03
5.150058210390590259e-03
5.806940722670649903e-03
5.989159310124178917e-03
5.700118123018228095e-03
5.829425194768139175e-03
5.521605021551819099e-03
5.635303513808751115e-03
5.660963707532744825e-03
6.008783387296171008e-03
5.788831927976316807e-03
5.931759815938159909e-03
5.711025355121634138e-03
5.595670964302760543e-03
6.024420937367680820e-03
5.749380385973274291e-03
5.773069987661749725e-03
5.269482503037393670e-03
5.659359841715937492e-03
5.535879631510536199e-03
5.518840448298881207e-03
5.536814922726607940e-03
5.531471646239658618e-03
5.850172848529264918e-03
5.580313208776552410e-03
5.793514721065763998e-03
5.556780533980321644e-03
5.476535868250381571e-03
5.534565191450401510e-03
5.431472132906925605e-03
5.509996424797019253e-03
5.443196428686357217e-03
5.556342208019036596e-03
5.753768467505223153e-03
5.491476649128511703e-03
5.474935233415417421e-03
5.618823381819002850e-03
5.627370308985028130e-03
5.933691376729328774e-03
5.600442862866162816e-03
5.655573168900899020e-03
5.648848121238072249e-03
5.521622439886148676e-03
5.669356986881098071e-03
5.937289842777295108e-03
5.564166789909377221e-03
5.734254747684412908e-03
5.781429028756642288e-03
6.230854705336848036e-03
5.742619019658058190e-03
5.616336787468201308e-03
5.498615199130704213e-03
5.529820108581839228e-03
5.500494903682593036e-03
5.684649329156838890e-03
5.625731997257783432e-03
5.864178112117380756e-03
5.728966491371987636e-03
5.897680285347747797e-03
5.626349291123139591e-03
5.655419041824560379e-03
5.283890867170778181e-03
5.911370462694950055e-03
5.921400096045126120e-03
5.066998825839432938e-03
5.478454377422333627e-03
5.474893800159307510e-03
5.744663862815866176e-03
5.646706321146566405e-03
5.812251621041594069e-03
5.305305898245240952e-03
5.836148806812562276e-03
5.535803634730752931e-03
5.223802241364777603e-03
5.749780277371319831e-03
5.862249721934735883e-03
5.690195519199504025e-03
5.693152389606910904e-03
5.478876193082263431e-03
6.106148104325178315e-03
5.740396533682569531e-03
5.778162965740966245e-03
5.633887338900121257e-03
5.771910239862781435e-03
5.516028749633413580e-03
5.607318465988751950e-03
5.528266835550194568e-03
5.535330242942934631e-03
5.697196115214579921e-03
5.708527653783387369e-03
5.458610203219953043e-03
5.942585064482588768e-03
5.336142796712863533e-03
5.698100715187362671e-03
5.664921107723362194e-03
5.549228881954733003e-03
5.537710433339225122e-03
5.863910323563467641e-03
5.717538533633906468e-03
5.536940110814639326e-03
5.645368268373944162e-03
5.864688566388128084e-03
5.835414635639476523e-03
5.312837073992269718e-03
5.944471938606343472e-03
6.032460771515994226e-03
5.741398008313760258e-03
5.612299548425280296e-03
5.490714561099263244e-03
5.412151552459457116e-03
5.604802463701186697e-03
5.224043571347342096e-03
5.461321082493174502e-03
5.476279312546745992e-03
5.579401861677462347e-03
5.763042494755431407e-03
5.524834059844368345e-03
5.449844526095324986e-03
5.741414729772630586e-03
5.591688788339313140e-03
5.634062913516743598e-03
5.641591045864730036e-03
5.471236415867773359e-03
5.634267626863300946e-03
5.370585698736093927e-03
5.700809592018735508e-03
5.412966947394700842e-03
5.674760531880656753e-03
5.576600066714927119e-03
5.615759934933101973e-03
5.660966857188715756e-03
5.875520072084819412e-03
5.519219251807085287e-03
5.593032073366130397e-03
5.769440428806970646e-03
5.397120586212146576e-03
5.494484916395340687e-03
5.588991050191946704e-03
5.588449074314161269e-03
5.537847777303256738e-03
5.830587378823345879e-03
5.226101954443850700e-03
5.442783597132453376e-03
5.561806933972901490e-03
5.580310690241048997e-03
5.567626088198994114e-03
5.558052543556490574e-03
5.891508403651627909e-03
5.383068604034251838e-03
5.909231133821316907e-03
5.974816465740183380e-03
5.629518604067297073e-03
5.396874158283371942e-03
5.631205333162631402e-03
5.759743272651991590e-03
5.704574966883111352e-03
5.567168588971939738e-03
5.504310373750101286e-03
6.089869978171852036e-03
5.856497740606340582e-03
5.669242881810864464e-03
5.548752228857852485e-03
5.663663460247352587e-03
5.690774602475318772e-03
5.724602851731899061e-03
5.686083307618473859e-03
5.502937652845599041e-03
5.771500802555356961e-03
5.379363097773612844e-03
5.601062449753779759e-03
5.721043455954330156e-03
5.479203787007844509e-03
5.336378447781716348e-03
5.684126423251864395e-03
5.669959214748281247e-03
5.562323950744608135e-03
5.662705541704574942e-03
5.555241004925100951e-03
5.386203922577150090e-03
4.922480027965676561e-03
5.695733801583195352e-03
5.816571355210227098e-03
5.794234704062426952e-03
5.858027098868309399e-03
5.901393159725144139e-03
5.406891944028754081e-03
5.551349293579633387e-03
5.625665812479012200e-03
5.893444979544606305e-03
5.700242422796262740e-03
5.253385457081443180e-03
6.065944862091604030e-03
5.515631521327081337e-03
5.565777200189601925e-03
5.577381246794144327e-03
5.695973074264216313e-03
5.800319195841291062e-03
5.563476838566046821e-03
5.605441414346339427e-03
5.667461724616982242e-03
5.371514369692804124e-03
5.813737122604258588e-03
5.911608609434860703e-03
5.466175690972479087e-03
5.769588194685416199e-03
5.651255046301774908e-03
5.608758689379101693e-03
5.717318848789045872e-03
5.631765551879300453e-03
5.557017610106219918e-03
5.890459832415824437e-03
5.562261917780167604e-03
5.762859662633664469e-03
5.667633432309439161e-03
5.523228384989845377e-03
5.434504451287337085e-03
5.639734068683548845e-03
5.327902677544926226e-03
5.655775702050640751e-03
5.512280933315366442e-03
5.453947118238195932e-03
5.729416071938568146e-03
5.374733940190194389e-03
5.471289006544130529e-03
5.457670069841151494e-03
5.621588039189696039e-03
5.265764471900233334e-03
5.860924449954446093e-03
5.731554169496904175e-03
5.323261304349452896e-03
5.284245128018025782e-03
5.336755029235135464e-03
5.590356648399728325e-03
5.413440691338632441e-03
5.523234460051176971e-03
5.501481566417961919e-03
5.469051476666670492e-03
5.909294996424349113e-03
5.565564021225162528e-03
5.408263128344369813e-03
5.704142651027761801e-03
5.803299294870147007e-03
5.705959354730637256e-03
5.448778805139047055e-03
5.651816612120973311e-03
6.086069588761539029e-03
5.524995858580246388e-03
5.526634618938102914e-03
5.574758967486213510e-03
5.288390635687665285e-03
5.567108933109710459e-03
5.361738511911597754e-03
5.820139461710892824e-03
5.589054965432619683e-03
5.400914643044104659e-03
5.412355551422818635e-03
5.534818957791761210e-03
5.662724953329026020e-03
5.535514014067740955e-03
5.547654556550646668e-03
5.403956897633397857e-03
5.322266926873430413e-03
5.648493891865794848e-03
5.546586764351564731e-03
5.783058411019977377e-03
5.705314552611202850e-03
5.355910776440962057e-03
5.555150099418083159e-03
5.890397670205716786e-03
5.467485621634254715e-03
5.712489522468189654e-03
5.509674594420308977e-03
5.402607688505633825e-03
5.848192691465716603e-03
5.475294405559378956e-03
5.734694188301413774e-03
5.702951164836872824e-03
5.523765637050388928e-03
5.679157051893651484e-03
5.485224361010863046e-03
5.680553837853407825e-03
5.361490350141179945e-03
5.856295685565887123e-03
5.581725920194758987e-03
5.671025317034819949e-03
5.470777871296287308e-03
5.425075212478207461e-03
5.794769070775346483e-03
5.302599437422840858e-03
5.463577772414153315e-03
5.436369784469640212e-03
5.246348087829711022e-03
5.708786637654301305e-03
5.848762627040333256e-03
5.699524729237407522e-03
5.587402399661258942e-03
5.540853940743605509e-03
5.901918444011035325e-03
5.208168268430959751e-03
5.837640921440847078e-03
5.531374404806038876e-03
5.561496839613311143e-03
5.540254677654528510e-03
5.619553176620007903e-03
5.354368683316358332e-03
5.361737922652919444e-03
6.131259542883146438e-03
5.411891541148102294e-03
5.235943860550385139e-03
5.400829457831116120e-03
5.495099243921859090e-03
5.499112558914337999e-03
5.489613786190990739e-03
5.359790490268967478e-03
5.920946624195160685e-03
5.198281227237475273e-03
5.663808957725680222e-03
5.532082125461042395e-03
5.599099339035146922e-03
5.880513444900524814e-03
5.202460699396874513e-03
5.684838119550049765e-03
5.368486806927462787e-03
5.693826227449432474e-03
5.508860589143115341e-03
5.304447248161828221e-03
5.568156165591378604e-03
5.216724888202762048e-03
5.625924416877120526e-03
5.291892533811094583e-03
5.327288111791666537e-03
5.432725623272244807e-03
5.397134320272892020e-03
5.763762434088139965e-03
5.451698460982861739e-03
5.613148257527945245e-03
5.724747500992462441e-03
5.387066966814090842e-03
5.138326104084695208e-03
5.467068770794504019e-03
5.705858109668235714e-03
5.474060849918943594e-03
5.684675701464068399e-03
5.751070303669867517e-03
5.645963261176812319e-03
5.373300802040471488e-03
5.526983822307287436e-03
5.485534592225994183e-03
5.224367983270735392e-03
5.420934448526589650e-03
5.601091086788383654e-03
5.568279450661267616e-03
5.478371899176760068e-03
5.698494453813658656e-03
5.456652996394482751e-03
5.655858052969998766e-03
5.151711008600365869e-03
5.357731759510448583e-03
5.226624655646143307e-03
5.904981075463538315e-03
5.602676441750234493e-03
5.408330633916411806e-03
5.550683521585780475e-03
5.353036907266382066e-03
5.403549524103444350e-03
5.507328022659126882e-03
5.262890738622401192e-03
5.549610776960235692e-03
5.395149003057440711e-03
5.404996676512703081e-03
5.519189524143913901e-03
5.509169467441282254e-03
5.518176384714666011e-03
5.739933054790673748e-03
5.333678642260492736e-03
5.585293296474015332e-03
5.326280039732646070e-03
5.568799250603290868e-03
5.611691507341793825e-03
5.477824550194601745e-03
5.533293573981865401e-03
5.170365406434040620e-03
5.953064951346699434e-03
5.527980343148910375e-03
5.551367632855678212e-03
5.484892116139795590e-03
5.220980822585014926e-03
5.343011230523182081e-03
5.700224516496281771e-03
5.640308195771232685e-03
5.615725120634213786e-03
5.413554087318538793e-03
5.615548968572755574e-03
5.345569394736247697e-03
5.104852716455437513e-03
5.462707419191282186e-03
5.553459589121631859e-03
5.249850975931644875e-03
5.316319093910932755e-03
5.589662335665433399e-03
5.595015895883952151e-03
5.166186809439909759e-03
5.499709192766872971e-03
5.576936170141381238e-03
5.504786191454467091e-03
5.369326905097397858e-03
5.583313492627138205e-03
5.569768680342245329e-03
5.749483155334544383e-03
5.560754395084320512e-03
5.288260711503792871e-03
5.357568715591410832e-03
5.852977094909851338e-03
5.933517686035138551e-03
5.624526809180036696e-03
5.670822790334338614e-03
5.568970095792408204e-03
5.685968138889252975e-03
5.123235870237009479e-03
5.564363258622995537e-03
5.561319461819080705e-03
5.725937184706069404e-03
5.376299206275172472e-03
5.665707986911439585e-03
5.212338429138382336e-03
5.376707382016478014e-03
5.483917970589479059e-03
5.952952669289729611e-03
5.587448699123407671e-03
5.544206072500004572e-03
5.656730038323266006e-03
5.380440995896066357e-03
5.637877908821480218e-03
5.569591990540362879e-03
5.233030377517339064e-03
5.490200017709613925e-03
5.514697676284380755e-03
5.384275244089038910e-03
5.071615770874892369e-03
5.367135538651598460e-03
5.812177833838277907e-03
6.023094508694018870e-03
5.479126016541506841e-03
5.365746725222628709e-03
5.592671654944853139e-03
5.350224460345031838e-03
5.320703023109980487e-03
5.340310288276015060e-03
5.730498717073724720e-03
5.207647970917278143e-03
5.331952339090800623e-03
5.749635932268177922e-03
5.502748225415234236e-03
5.267059453149293413e-03
5.478294415444580519e-03
5.640891599480040569e-03
5.731391943747233750e-03
5.575540151745464641e-03
5.257125815947884424e-03
5.676415717923805233e-03
5.813928801591847911e-03
5.252877168475488315e-03
5.867220899201301340e-03
5.446463974568465337e-03
5.520074913889216721e-03
5.586373503699602373e-03
5.213584618012933637e-03
5.374075257253033838e-03
5.362396586717814266e-03
5.522113679261002848e-03
5.460903432074673373e-03
5.666791261130583318e-03
5.511349543271380595e-03
5.115847360369038185e-03
5.170768995698090016e-03
5.616512791006866498e-03
5.520778963665546289e-03
5.704510336316478449e-03
5.276178468797964281e-03
5.655835147524775064e-03
5.413055251261066590e-03
5.790209650914427547e-03
5.826431721923708285e-03
5.245873281669539978e-03
5.471697965576133131e-03
5.454548190992312279e-03
5.335514687518395915e-03
5.371630563894815025e-03
5.424614775451632072e-03
5.286087746098119995e-03
5.384391237943651418e-03
5.554257748490426701e-03
5.470160262898537094e-03
5.120988376824570608e-03
5.290748588292936566e-03
5.628816758234212424e-03
5.412982888123916633e-03
5.202239653607802425e-03
5.529617606818453684e-03
5.625548814684552638e-03
5.417335593674562320e-03
5.691709867718328271e-03
5.467197247112498895e-03
5.282317017690004758e-03
5.566079405288471005e-03
5.358885095624063219e-03
5.503183894143733913e-03
5.322180258671407350e-03
5.327983848365607476e-03
5.479174946276393031e-03
4.989655799158288114e-03
5.495882449837099538e-03
5.332595012788553072e-03
5.630136149705924735e-03
5.497585978049162637e-03
5.296381272501047947e-03
5.279164627141605393e-03
5.631054030701207989e-03
5.626237929866558830e-03
5.300923243295243246e-03
5.526743979842113456e-03
5.714398718384612087e-03
5.641540932036392952e-03
5.472282919335074401e-03
5.482370213632226791e-03
5.414920271340637609e-03
5.542383553875397488e-03
5.511915349047304125e-03
5.384151012817206712e-03
5.289463789628908591e-03
5.608271120768552019e-03
5.298026317361398396e-03
4.950142102929091723e-03
5.750539189194148887e-03
5.576599975404906810e-03
5.346459993279843378e-03
5.435061682254485257e-03
5.410541963867551360e-03
5.525667982516565234e-03
5.488384687154705330e-03
5.166078572314386150e-03
5.529558263002451804e-03
5.206890564595638080e-03
5.153759288724536411e-03
5.622596104689566582e-03
5.488246592461346052e-03
5.562273522335440916e-03
5.166722337709209883e-03
5.515695297158175817e-03
5.555809899653436044e-03
5.511674104626784927e-03
5.212956616377929960e-03
5.396332238089699210e-03
5.172389932190194287e-03
5.453215116256098470e-03
5.400406325598413639e-03
5.566491350070204396e-03
5.271445274036785922e-03
5.675151809257416094e-03
5.398537019330362091e-03
5.500388727109826494e-03
5.671901387961046127e-03
5.338201266794908098e-03
5.405576116805685394e-03
5.464791775582138536e-03
5.397871570625333709e-03
5.475485616389826754e-03
5.323689621967267124e-03
5.458403600732744491e-03
5.451165273279900449e-03
5.202442231016577226e-03
5.541387679114178136e-03
5.443213753780161250e-03
5.178740395110677068e-03
5.433647318571198717e-03
5.218911157178891987e-03
5.441484220953156717e-03
5.455708055387713598e-03
5.147451222673847179e-03
5.571149186769336174e-03
5.295436334634012927e-03
5.311073604587462915e-03
5.063362050734950166e-03
5.328590127441384938e-03
5.085506977664896143e-03
4.962496152827744651e-03
5.376024163788694493e-03
5.433758957264145893e-03
5.291373287454238621e-03
5.643786246461340514e-03
5.118106307487360965e-03
5.455258676568193119e-03
5.246855918947758088e-03
5.190051881600143795e-03
5.636628199680818185e-03
5.228121642480901450e-03
5.407790249842299619e-03
5.429079359467534581e-03
5.168514362274429126e-03
5.112339948519821313e-03
5.428209749566683708e-03
5.240306479338857799e-03
5.631063188254716891e-03
5.217341582819907259e-03
5.545842612880868064e-03
5.493817963104814447e-03
5.145508476694416605e-03
5.275126081248848568e-03
5.371196269991338271e-03
5.173723252151402920e-03
5.184421335797209304e-03
5.424610329965979735e-03
5.879191878172563938e-03
5.682297936330926204e-03
5.406647976730077562e-03
5.626710909081763905e-03
5.334946703795606995e-03
5.466513749453519311e-03
5.350708367523755379e-03
5.400021614602707777e-03
5.350423663277942103e-03
5.048965491250558338e-03
5.311536016686716627e-03
5.459607535757131369e-03
5.408949018761956967e-03
5.568025449773553355e-03
5.218851674683325746e-03
5.039218531304279908e-03
5.644523761180448782e-03
5.385272461192721141e-03
5.302047041390636414e-03
5.425003534682054998e-03
5.418068423725171112e-03
5.344491778715319483e-03
5.585505786978835555e-03
5.609909860933841308e-03
5.418880782435401243e-03
5.267636954006720863e-03
5.511008534053687957e-03
5.242334645115772837e-03
5.384643130468305151e-03
5.191898047102619027e-03
5.254540083914623766e-03
5.289351690410775721e-03
5.432796974631050498e-03
5.261187972095121047e-03
5.429605968790648073e-03
5.471599819460563376e-03
5.253266450835314752e-03
5.366003051873849232e-03
5.376425274809348669e-03
5.564327864928170740e-03
5.595548377041079449e-03
5.640801907773382480e-03
5.355459883744436052e-03
5.562986810243060812e-03
5.146528166375107308e-03
5.352376228643411331e-03
5.620621144886056401e-03
5.257372753047539864e-03
5.476309993068404804e-03
5.247887090703652613e-03
5.177975314638478925e-03
5.549083029950437757e-03
5.413046171015799095e-03
4.929183067608274189e-03
5.348215652402947551e-03
5.341573617847207057e-03
5.279768051989145415e-03
5.497253592721479225e-03
5.979903170147069999e-03
5.417814478596315320e-03
5.483822799860285820e-03
5.479324830845592673e-03
5.214080468641573742e-03
5.123004102945499794e-03
5.195935363158449977e-03
5.242181629952893940e-03
5.511282089165969039e-03
5.133590479777641602e-03
5.503693156271059067e-03
5.394878285823391517e-03
5.446609796381676576e-03
5.357191963422675701e-03
5.399922880751483606e-03
5.141514583838559770e-03
4.969230778358008083e-03
5.173712184356534828e-03
5.507810790068633049e-03
5.902075224358192297e-03
5.484236176983675951e-03
5.393567682629746285e-03
5.235162226924953456e-03
5.403715430266663351e-03
5.685322282638337679e-03
5.558733388174492279e-03
5.012019187794075799e-03
5.214863928358624487e-03
5.118983156465992633e-03
5.457273316889637259e-03
5.393662516510594300e-03
5.071027609029637138e-03
5.303312409806509170e-03
5.069532992779757566e-03
5.107040587479411663e-03
5.224709354477316547e-03
5.352931106762787855e-03
5.216388128734857597e-03
5.213435177961685089e-03
4.998245795237174841e-03
5.736583416939481164e-03
5.128868539075096163e-03
5.362518665389620284e-03
5.334663244435391104e-03
5.120038162364267363e-03
4.945772500249593674e-03
5.296658071351358077e-03
5.162485025247408842e-03
5.309529312368162918e-03
5.617134388489272191e-03
5.571820642004326335e-03
5.140895953390215226e-03
5.699527532956203714e-03
5.413025813603281229e-03
5.454926016804493259e-03
5.092115973996130633e-03
5.316551128063884239e-03
5.140187152539445539e-03
5.230282354221557628e-03
5.270145161343603793e-03
5.258608982284874653e-03
5.035121541406076262e-03
5.066235184000932208e-03
5.389520341010576622e-03
5.333162793258365911e-03
5.509603044007185119e-03
5.370940777172864521e-03
5.598597756892007699e-03
5.184674317437113281e-03
5.571697908403514324e-03
5.431780113789518374e-03
5.436364396161117753e-03
5.377877927969385019e-03
5.186630514472767572e-03
5.272505887200156470e-03
5.364688277362793592e-03
5.520029982534163486e-03
5.226649848512522276e-03
5.419973671604536546e-03
5.329048042497186617e-03
5.284688185438583818e-03
5.370327791764341850e-03
5.255343284943979863e-03
5.300246322060356459e-03
5.733538301041351398e-03
5.228551284151793793e-03
5.471954729482938692e-03
5.369306475786576709e-03
5.622930915639105277e-03
5.354521233612480162e-03
5.159598029304541048e-03
5.412942881540360254e-03
5.197794405408245541e-03
5.467545869173983525e-03
5.431050210163612842e-03
5.318980721650371467e-03
5.452696140952538635e-03
5.211083155636790816e-03
5.126987552291006715e-03
5.310633867377371684e-03
5.383137685523553366e-03
5.682761914293932813e-03
5.258699483929149716e-03
5.523518778084986897e-03
5.257509478308064650e-03
5.285874009544867802e-03
5.212950692698656296e-03
5.182916843655798952e-03
5.263479071118553482e-03
5.134438245999582533e-03
5.278110949180299383e-03
5.374179262569288122e-03
5.376253153246757406e-03
4.843776938132419996e-03
5.505187931146892158e-03
5.359237597739150913e-03
5.372590848442900142e-03
5.296428802237207814e-03
5.208131591619936593e-03
5.553763370913217430e-03
5.020469608648194838e-03
5.107260386714298356e-03
5.371530862372514772e-03
5.422886847152529576e-03
5.333236258263217115e-03
5.516255923993776747e-03
5.292183825974487374e-03
5.321839557977552267e-03
5.608946365971904761e-03
5.428474943065005401e-03
5.542708419842277620e-03
5.405570121797645920e-03
5.447838706985006114e-03
5.256574568382808670e-03
5.658807630474270954e-03
5.228575454786923461e-03
5.726220228795024340e-03
5.220538065804765544e-03
5.385399352536371538e-03
5.100924192644680326e-03
5.498524665941671892e-03
5.051581688573277690e-03
5.460610683845590688e-03
5.594196984208870717e-03
5.521267470129897527e-03
4.947322006342113124e-03
5.245476527152318977e-03
5.379732381169277482e-03
5.457390296931662749e-03
5.535322289672012577e-03
5.111702612126581280e-03
5.496535394676607678e-03
5.331528093253656841e-03
5.554993077682413710e-03
5.211580990556985774e-03
5.524589997863668320e-03
5.386008334657067971e-03
5.556064143098026799e-03
5.346591532578035856e-03
5.309766271361300236e-03
5.361781482599875352e-03
5.258559529663924155e-03
4.885136945739275947e-03
5.376682076477927105e-03
5.373727444094969150e-03
5.250825121425608047e-03
5.271133198393391020e-03
5.235932893742517927e-03
5.388079372995187299e-03
5.286612520273565978e-03
5.147922591300858192e-03
5.436343673194229259e-03
5.318514311287913729e-03
5.298035966817684489e-03
5.098956181853781140e-03
5.248847012598835231e-03
5.091591407495757102e-03
5.294352033410772845e-03
5.303534191149781273e-03
5.076027117050600432e-03
5.425426164282648803e-03
5.156400798825025444e-03
5.192387536754420989e-03
5.205967654980607658e-03
5.124838127456998564e-03
5.334569496120011335e-03
5.629744181979438357e-03
5.177850213937204224e-03
5.189479388568328001e-03
5.121086024203126003e-03
5.016891340658854309e-03
5.296389119608893407e-03
4.966516279058590284e-03
5.227013224610449135e-03
5.358038362132399451e-03
5.040658168627425335e-03
5.497740835583923326e-03
5.510670756790908217e-03
5.166599292733170187e-03
5.020706429716492204e-03
5.157437523629331694e-03
5.625350986679401692e-03
5.423302028003304173e-03
5.239283579083969973e-03
5.193907337556875024e-03
4.976374235442394302e-03
5.289127641669545861e-03
5.122574149022985322e-03
5.156113157199234895e-03
4.935816659147980109e-03
4.882961556197736204e-03
5.409994683015419831e-03
5.196556766270434870e-03
5.310080790589013534e-03
5.383947780288672255e-03
5.426355380236856651e-03
5.186253254595345717e-03
5.582044428359115955e-03
5.449803124400915376e-03
5.397062991512663853e-03
5.560341326552952108e-03
5.186404832228984872e-03
5.248751893226839133e-03
5.200277826743157986e-03
5.196569293075192428e-03
4.962831671393195393e-03
5.240414763286922913e-03
5.899525521035214187e-03
5.175728868923409887e-03
4.966696636877209435e-03
5.143112601262216262e-03
5.473640809903779561e-03
5.292557185723247362e-03
5.512699255030209002e-03
5.545407994546608724e-03
5.521269201644845442e-03
5.295368930056414646e-03
5.302312986133928853e-03
5.099845187311634505e-03
5.507385691127247504e-03
5.137974208922218081e-03
5.330033172915703971e-03
5.479018477510907113e-03
5.383453985567466897e-03
5.127479101965397822e-03
5.283222034013468002e-03
5.141327696853051181e-03
5.505703869437718681e-03
5.165828266643724374e-03
5.276391602405383456e-03
5.597207725045282370e-03
5.158149193275759006e-03
5.294323210369890863e-03
5.496700088667052196e-03
5.044186013550532206e-03
5.480060993964097800e-03
5.117105269498598182e-03
5.233254976584555962e-03
5.148007233246726204e-03
5.420772400385527601e-03
5.155673063763300569e-03
5.357074015224699837e-03
5.056649161724057623e-03
5.306480356223153977e-03
5.409676947758164031e-03
5.397345207469828217e-03
5.369117541337585509e-03
5.353830897790188073e-03
5.340051023736151238e-03
5.466964441822581497e-03
5.141879803378175857e-03
5.261504594723334129e-03
5.376241199475900560e-03
5.249897750896323316e-03
5.158638351421640164e-03
5.326443622310757763e-03
5.309217716854460964e-03
5.140934453959057626e-03
5.397399709635422246e-03
5.294395057606352331e-03
5.217878469126045748e-03
4.889942880745125689e-03
5.272797803174024758e-03
5.063566899706439806e-03
5.512648697751372506e-03
5.275665183773326980e-03
5.318027918652126068e-03
5.171583910909387412e-03
5.143946417285621790e-03
5.227618949890520256e-03
5.121821266076347079e-03
5.245371110387402752e-03
5.184893319587147859e-03
5.217050517609649572e-03
5.355978437329615184e-03
5.366672020296383780e-03
5.353845154614597472e-03
5.085212820215537395e-03
5.162434318749742346e-03
5.073483792286444076e-03
5.136373363612637029e-03
5.404683295611607645e-03
5.001790427029370947e-03
5.174818174079259120e-03
5.683811954856119938e-03
5.498858829847932256e-03
5.175664119928598261e-03
5.230942003573922118e-03
5.396406846055444746e-03
5.534009094416870479e-03
4.955428884317529363e-03
5.022628390896147384e-03
5.305558292086631073e-03
5.519582091450204488e-03
5.105245437342080528e-03
5.347413326378753530e-03
5.204051654491807441e-03
5.006184301485582487e-03
4.966895447395601286e-03
5.159334170316234869e-03
5.304971374936254258e-03
5.151883226778581487e-03
5.230841355137249432e-03
5.342987727723262290e-03
5.036679797323436077e-03
5.298529059848205124e-03
5.253490387376058730e-03
5.235741886393458985e-03
5.008613128652845622e-03
5.394076251810713159e-03
5.002760542672357764e-03
5.109019483808848253e-03
5.624758593170599980e-03
4.888190263255832654e-03
5.254747072033028564e-03
5.235862640147261569e-03
5.324114143359252871e-03
5.158002162906918063e-03
5.202155327851577457e-03
4.947235317817866122e-03
4.993021237007884937e-03
5.037014703915733242e-03
5.216446881739919376e-03
5.332801734306414146e-03
5.344423109629925853e-03
5.448926812936440156e-03
5.114011939918368735e-03
5.012482287100543388e-03
5.156179501905857471e-03
5.517739196787776849e-03
5.237878976125773592e-03
5.017950276423831929e-03
5.368767854908770495e-03
5.277627748183956642e-03
5.239363305710321994e-03
5.185207912582023675e-03
5.321634044341507462e-03
5.075422748372002829e-03
5.355362387814546765e-03
5.096276939962273225e-03
5.113478689840934670e-03
5.182164272883146156e-03
5.157720774189950182e-03
5.541608428808969186e-03
5.337011980821146535e-03
5.001601508420570885e-03
5.169784716910868529e-03
5.483779853277120225e-03
5.654244911505802371e-03
5.463348393048127714e-03
5.053964537846765588e-03
5.441979220135697431e-03
5.487262704021656640e-03
5.156026014071512370e-03
5.410909708003801624e-03
5.666530364543322963e-03
5.095970765312003020e-03
5.364373531604788373e-03
5.184293941073099196e-03
5.359732146432955036e-03
5.151994681623838987e-03
4.988612653268532059e-03
5.161031199683072113e-03
5.135911236687714515e-03
5.176520545429876170e-03
5.253479984921139573e-03
5.139086613959500602e-03
5.198085553656001112e-03
5.095566057955085333e-03
5.054193234573460709e-03
5.365220184675642372e-03
4.971207830633367700e-03
5.244660563725157647e-03
5.449016715408333371e-03
5.266344816244403725e-03
5.319327546122402071e-03
4.945112916877968286e-03
5.204550641722629524e-03
5.299509383314033283e-03
5.184346553522522355e-03
5.137878862685893444e-03
4.951876637218839347e-03
5.192037672122323984e-03
4.856339377941437142e-03
5.388489155696927352e-03
5.465766837840934159e-03
5.062014405059053236e-03
5.152901734317164029e-03
5.187094975823950023e-03
5.305027667566564881e-03
5.357455783566997427e-03
5.226681351774760745e-03
5.129065587587681128e-03
5.024432512691679592e-03
5.604844833495842109e-03
5.251723348692816616e-03
5.163288958259285542e-03
5.256108096952667036e-03
4.880214498368021236e-03
5.033274140303366923e-03
5.113332523286244144e-03
5.167820509425003969e-03
4.988338425677713711e-03
5.249747022339809610e-03
5.212965902638866389e-03
5.143250394548766306e-03
5.311498977472134050e-03
4.991174018127297538e-03
4.849435328662525177e-03
5.555062021661978135e-03
5.099891240826148579e-03
5.524279066430094927e-03
5.117947017017695707e-03
4.896617679663479820e-03
5.233348251688201176e-03
5.358256128650880357e-03
4.849889901139225329e-03
5.266352974931689385e-03
5.230539468785942551e-03
5.052700042673921067e-03
5.417413124706368759e-03
4.951451192771575555e-03
5.584888443442742254e-03
5.334943245119574788e-03
5.096269303578122335e-03
5.444883823764306088e-03
5.428409054385251002e-03
5.325982470992541781e-03
5.257992216275068562e-03
5.356514622136349102e-03
5.572859399390193980e-03
5.148641883714066142e-03
5.291811403605338818e-03
5.244342278433366568e-03
5.346690366448602662e-03
5.298378015663611322e-03
5.102707961713318953e-03
5.420202094482830246e-03
5.027106468028386815e-03
5.254804455733215127e-03
4.986276717383297287e-03
5.449063326903917648e-03
5.349190431858353960e-03
5.492647141695719201e-03
5.356726337493514928e-03
5.014012115877415285e-03
5.146782884761638005e-03
5.183420597572945335e-03
5.342330317875151717e-03
5.372858534356754479e-03
5.424443894741674994e-03
5.602944964825284230e-03
5.117167761977943138e-03
5.375457687331693449e-03
5.135805617909888418e-03
5.483960922927500446e-03
5.175910496259353635e-03
5.124848581694823810e-03
4.878713442255567037e-03
5.262326509922195077e-03
5.324913635809659825e-03
5.071301326414956977e-03
5.475443031292588289e-03
4.970598230688422041e-03
5.337388583039332293e-03
4.828106399476414165e-03
5.333214792439546457e-03
5.090239259656682315e-03
5.143234697362243472e-03
5.333749642450881165e-03
5.378643621736912614e-03
5.240910134761170638e-03
5.100977220722805079e-03
5.064093246756411724e-03
5.304084114878513528e-03
5.318618590676509224e-03
5.051524667563005687e-03
5.455252861833155900e-03
4.636073861464062515e-03
5.075918829467773556e-03
5.480620679758651560e-03
5.544504915283860434e-03
5.431037230529560389e-03
4.971470847369859579e-03
5.245688640324458474e-03
5.076655148582969075e-03
5.243019040862990747e-03
4.817692474056819996e-03
5.490025505872356965e-03
5.240568324440099054e-03
4.804522725707650530e-03
4.975265065371646880e-03
4.976731685644395289e-03
5.223445284959815464e-03
5.357856861496066575e-03
5.089029515363220103e-03
4.969273554998277984e-03
5.232403496998124133e-03
5.394056142085705552e-03
4.917945846657557386e-03
5.279661834033701207e-03
5.524250654549825446e-03
5.032788909874629478e-03
5.315604709464311767e-03
5.067543240030231676e-03
4.878592643985899500e-03
5.368889261701003703e-03
5.004239969266928607e-03
5.007461377579965067e-03
5.422421294602667100e-03
5.001052339030375576e-03
5.110981449588046163e-03
5.341538974161157832e-03
4.628602347245575933e-03
4.953470442646599678e-03
5.115442021246372276e-03
5.591821169193368808e-03
5.151915301072849777e-03
4.929541553034800204e-03
4.922999813681703564e-03
5.175146721269240774e-03
5.241432125380010923e-03
5.101515613744649763e-03
5.386715514829754602e-03
5.073995638651917356e-03
5.254826890159608119e-03
5.342464463755082840e-03
5.142714338444512485e-03
5.172281098935638255e-03
5.238070223627964289e-03
5.122231616260559603e-03
5.264125355708068610e-03
5.227909788895666009e-03
5.275622124347565008e-03
5.179796525137630829e-03
5.140232527339858200e-03
4.894543954777875149e-03
5.021807262247644267e-03
5.195300320234367587e-03
5.107485194087317548e-03
5.199682243537057449e-03
5.318356198316018767e-03
5.193522041531545459e-03
5.339988415907960355e-03
5.129886899999560289e-03
5.171853677979507298e-03
5.114046645560656711e-03
5.110460321289057688e-03
5.180453889914077119e-03
5.315887811555022012e-03
5.160391200272901845e-03
5.099348339831471198e-03
5.277967816121839975e-03
5.091825843760449874e-03
5.183217031022742914e-03
4.936731274902200588e-03
5.297723118535224880e-03
5.342884877989090286e-03
4.678083714733964268e-03
5.256263944111184798e-03
5.233281907586554739e-03
4.717369567164804607e-03
5.177221516303363857e-03
5.344585947069523287e-03
5.131493784093580854e-03
5.360618739151125876e-03
4.836793669307212773e-03
5.136462447137490721e-03
5.333510278140261331e-03
5.071331172007977409e-03
4.855928996229596888e-03
5.046772868133582099e-03
5.120845057407061481e-03
4.963790193468657803e-03
5.124846772251284363e-03
5.093599193697334084e-03
5.244599165818583653e-03
5.039584242874643738e-03
5.228371928897071128e-03
5.310418529275575533e-03
5.172701809900777555e-03
5.295977969872904534e-03
5.214121914591295440e-03
5.107155319513810750e-03
4.890165267441189123e-03
4.927026578675298800e-03
5.107457800650423707e-03
5.300035201458456503e-03
5.377108457416381049e-03
5.001843139563130758e-03
5.022431420737508145e-03
5.181190801625390648e-03
4.784735963190472723e-03
5.090882935957760647e-03
5.024024695594788564e-03
5.152353116640554995e-03
5.230862360918247730e-03
5.030360025647797467e-03
5.331367461620352237e-03
5.260333000659002216e-03
5.195435110210858652e-03
4.863902807525649456e-03
5.036816955117469005e-03
5.168476277290490022e-03
5.445232847107182514e-03
5.309914755284634962e-03
5.087487819307036190e-03
5.344933101251153791e-03
5.115066520988118676e-03
5.534359627610160003e-03
5.421867046227189964e-03
5.042953690356593265e-03
5.060094294481365731e-03
5.228922681208895279e-03
5.187924337243470137e-03
4.954690451392764622e-03
5.238357400336677780e-03
5.203365654003222832e-03
4.943918329860992958e-03
5.293861535581359176e-03
5.257370833840730763e-03
5.052376910584367373e-03
5.296591144078975112e-03
5.222892786599176232e-03
5.331075596881791612e-03
5.160712928402664233e-03
5.327016105761183187e-03
4.987227628544031385e-03
5.164561083674931372e-03
5.556326141587745321e-03
4.917850953609309225e-03
5.380027309381599232e-03
5.277212727835727327e-03
5.005669080248372101e-03
5.285100057865314144e-03
5.381277198113800821e-03
5.035363452786907959e-03
5.321065227722046771e-03
4.865081139696968669e-03
5.136068345310613147e-03
5.111479212783045893e-03
4.952148081595458655e-03
4.949994439717566273e-03
5.334411352595458747e-03
5.087057177898666148e-03
4.797963606048442041e-03
5.165782137267036986e-03
5.267991892932931235e-03
5.064237344697399175e-03
4.962441419991460607e-03
5.008118423552119364e-03
4.683283466039426558e-03
5.230920466252233017e-03
4.847459542741023274e-03
5.032411548899571284e-03
5.173550648265523577e-03
5.325905227779450385e-03
5.088228223054870776e-03
5.375362476432133177e-03
4.866947449276314008e-03
5.268417564442591690e-03
5.125607017367006177e-03
5.114820596176460586e-03
5.012295059518338119e-03
5.022780853412320973e-03
4.855304120534401427e-03
5.081585373653310991e-03
5.144121841626165224e-03
5.231703130057486356e-03
5.126495750366990775e-03
5.280479565113556893e-03
5.284727789514783759e-03
5.170745748186879667e-03
5.159884387331565257e-03
5.051980626150517038e-03
5.151367367940165760e-03
5.253658405365636483e-03
5.188679993376085244e-03
4.843254634290656419e-03
5.137273756096855624e-03
4.945330746909589251e-03
5.069169022578888517e-03
5.092948642102211598e-03
4.922367525938147609e-03
5.090510813499512892e-03
5.372922637785218329e-03
5.326821447238336456e-03
5.111959436387774995e-03
5.016861011220791720e-03
5.284700155354658639e-03
4.848674751434036388e-03
5.012974051528940739e-03
5.166432247515035693e-03
5.010448205671612365e-03
4.898811226840630792e-03
4.928747466790651954e-03
5.236284835935555056e-03
5.112768759719501024e-03
5.188386939142628808e-03
5.210612314007902028e-03
4.980448591630179909e-03
5.209392578322065773e-03
5.182901411478166818e-03
5.173215479379609898e-03
4.695140151687479842e-03
5.177443955246487269e-03
5.249855592044569072e-03
5.317311388806620492e-03
5.232806094654338623e-03
5.232021180998299575e-03
5.271492775808767940e-03
5.093460705890322932e-03
5.198541521891537898e-03
4.812100225761902807e-03
5.283422035485366673e-03
5.247948918885751018e-03
5.040126581895860297e-03
4.928711701018581408e-03
4.952140065704041007e-03
5.055116499591894019e-03
5.204683954469814695e-03
5.357871204695277383e-03
5.092352124492501020e-03
5.233718451733462319e-03
4.971855635694835164e-03
5.176522883452416499e-03
5.090114438139353541e-03
5.201706443412335880e-03
5.376786913121229389e-03
5.080454822344137103e-03
5.147911171610803499e-03
5.527828692777861375e-03
4.999976952743668407e-03
5.103389796237837658e-03
4.901806626305369417e-03
4.947689341627300140e-03
5.260304927534489687e-03
5.093592918203148148e-03
5.140747009227013449e-03
5.159535366906665456e-03
5.097469327711908263e-03
4.993504749670878498e-03
5.439404850655952910e-03
5.164293275265457485e-03
4.980401377250759896e-03
4.932016110629272240e-03
5.273931373832107562e-03
4.897801195696244170e-03
4.920127027962375305e-03
5.504154423299877606e-03
4.967296113222265282e-03
5.124346529112894233e-03
4.879275993908198557e-03
5.178079401998732408e-03
5.103770030262372130e-03
4.979578348114262372e-03
4.917025317821597380e-03
4.941400677437508306e-03
5.098407146782970439e-03
4.840356115405028067e-03
5.242656463156941671e-03
4.972866212244538182e-03
4.965667455216243170e-03
4.827578990813183139e-03
5.272599566107843971e-03
5.349212991498724160e-03
4.918870729382996375e-03
5.068449286278135790e-03
5.185320369143673301e-03
5.242092179620222621e-03
5.118873247960086838e-03
5.075998848409528363e-03
5.079133827751247318e-03
4.644365480403092432e-03
5.253185087559173079e-03
5.031794896495432601e-03
5.282266138089711412e-03
5.288000793578805266e-03
4.990063507061917938e-03
5.184527616282539296e-03
4.990065050761653687e-03
5.106512157974596629e-03
5.205610048259311749e-03
5.279951210020137307e-03
4.935658867994207645e-03
4.903205485563513766e-03
5.084673221545574044e-03
5.208621544899785967e-03
5.238261172023870975e-03
5.089721783447530117e-03
5.132975803019948838e-03
5.247587588092917851e-03
5.048011180732755836e-03
5.221312431596667782e-03
5.140691436117683817e-03
5.156555763470804105e-03
5.201826530674397327e-03
4.904806613770294407e-03
5.339274899013487542e-03
5.373902358873044842e-03
5.126419506166932268e-03
5.336458767681152675e-03
4.966548749403471887e-03
5.120422187275191356e-03
5.125209831559686055e-03
5.106370778845722123e-03
5.088349478939797367e-03
5.105153360713765576e-03
5.294683480133586216e-03
4.832740960237131428e-03
5.246385402322297983e-03
5.196423953342512933e-03
5.103204500478879767e-03
5.195035687291229762e-03
5.348544260749111753e-03
4.959629282508861911e-03
4.841040797004264248e-03
4.839672553166456809e-03
4.890338198464371823e-03
4.902410487357268531e-03
5.123225431606782780e-03
5.285384513980760472e-03
5.251721741922371622e-03
5.231773865124336211e-03
5.173066363950334749e-03
4.993005829644322005e-03
5.285546198376656589e-03
4.878789051070975269e-03
5.115857271012824725e-03
4.763721700268284606e-03
4.904893666620573425e-03
5.025457854243229640e-03
5.226966314676954189e-03
5.010365194748133549e-03
5.281570117674913405e-03
5.009351362188843582e-03
4.957836724038540248e-03
5.251238687263196092e-03
4.978816965656980217e-03
5.160120007509609932e-03
4.971775479668218665e-03
5.244102014926385266e-03
5.172553846749268665e-03
4.917342829765725641e-03
5.208069622366807462e-03
5.089595270960832474e-03
4.941601762733758424e-03
4.971867558984280344e-03
4.939087885188445104e-03
4.928433205679444255e-03
4.898165924631951197e-03
4.574100957312845529e-03
4.915089335430188056e-03
5.221570098931011851e-03
5.134149971006812460e-03
5.117304127559907552e-03
4.950513586420748902e-03
5.316145886793143677e-03
4.582365670811917001e-03
5.154288006851310243e-03
5.157935702918529583e-03
5.210413445036649570e-03
5.229780016399003528e-03
5.088537514409656980e-03
4.939759908330779679e-03
4.987857360746412831e-03
5.434049764506542965e-03
4.860888445462280619e-03
5.199793250096671100e-03
4.972013884781920426e-03
4.939640864023606484e-03
5.221700832732276490e-03
5.129410511339591375e-03
4.899940719388455254e-03
4.904027412398882443e-03
5.196128613221087135e-03
5.180440475249328304e-03
5.218161030109938654e-03
4.978043375361735322e-03
5.051405232551747088e-03
5.110810545672436409e-03
4.976921698802642957e-03
5.179577889952274514e-03
5.045591146828476772e-03
5.259788925210689796e-03
4.802750888685636960e-03
4.931080510171152731e-03
4.698132310910875867e-03
5.037278501484730546e-03
5.029900335621647137e-03
4.997072116322425622e-03
5.062065263523243298e-03
4.847410933594049204e-03
5.127108818280844138e-03
5.016257892881601649e-03
4.898556230292668706e-03
4.909621027734028045e-03
4.777801586224997288e-03
5.142268647596210350e-03
5.035651005622967732e-03
5.047864675228049686e-03
5.026302992884078627e-03
4.867122242703491621e-03
5.035856695878006273e-03
5.385061548551300752e-03
5.099577926782565725e-03
5.146359921408021586e-03
4.633465995265727277e-03
5.073584738087401000e-03
4.975617113647832351e-03
5.158245115102402974e-03
4.871773036119630973e-03
5.114961371530227056e-03
5.149087008998656095e-03
5.379215399441639178e-03
5.142651114510121690e-03
5.007423931096484197e-03
4.955171336964119336e-03
5.437949057696577632e-03
4.734056940442672029e-03
5.171813457022061619e-03
5.166633444524820068e-03
5.258107007161203633e-03
5.005960860493604593e-03
5.045943617543803203e-03
4.846139606244998822e-03
5.093752719186011961e-03
4.659705888586017364e-03
5.086319872364559666e-03
5.145932503139541946e-03
4.826371421605258824e-03
4.916461263582395935e-03
5.180544635204809359e-03
5.172360274966578998e-03
5.198352284358901711e-03
5.005669831529601169e-03
4.921867959161004002e-03
4.839552282018191355e-03
5.299011331816511072e-03
5.070992519686500291e-03
5.115872287759633437e-03
4.783276767652893009e-03
4.925161375502149289e-03
4.974541338925673843e-03
5.020468609425616895e-03
4.944373726451189305e-03
5.096444375718100182e-03
5.199905999228718323e-03
4.946391266488899159e-03
4.934176633751900104e-03
4.867296047981475686e-03
4.906813723730823855e-03
5.040939357884104653e-03
5.082032636826755607e-03
4.997387275312808845e-03
5.069404361343642085e-03
5.186394473086717791e-03
4.900158521729027113e-03
5.081109662231053301e-03
5.286413852545967205e-03
5.080057381673376733e-03
4.720953037543238438e-03
5.002479962134934871e-03
4.830271482736670646e-03
5.053710271969178401e-03
5.072626720695224203e-03
5.020376221315411315e-03
4.829745959989906016e-03
4.866186452028489068e-03
5.291136155121503419e-03
5.306174726482218440e-03
4.843735527318607237e-03
5.020140808702506195e-03
4.872142110247647262e-03
4.777879898637376818e-03
5.011102578674178805e-03
4.780395485436050515e-03
5.270193625472418056e-03
4.831992886164610673e-03
4.929762217784388473e-03
5.018158967392718009e-03
5.015705662513107385e-03
5.159961292507898346e-03
4.961585699689172180e-03
5.125637526009094516e-03
5.013596967802442725e-03
5.120447076559377954e-03
4.910945992181304023e-03
4.990386793282330750e-03
5.054903202366193594e-03
4.759522497426465874e-03
5.127551583081759248e-03
5.037504468757552679e-03
5.106312121819605622e-03
5.093946495819840284e-03
4.955253891669178339e-03
5.104252724003683489e-03
4.525143042757658225e-03
5.196916630476318931e-03
5.068602327298271128e-03
5.038088661421420700e-03
5.215218264432578896e-03
4.994347971247927245e-03
5.045473902497018930e-03
5.096097100667828193e-03
5.235449126224383035e-03
4.852275303878758606e-03
5.150321879449803152e-03
4.887834640047929342e-03
5.112845265613136930e-03
4.664044652142329724e-03
4.837773884450878061e-03
4.921465770057415270e-03
4.857782115231200175e-03
5.128716593296776469e-03
5.021215879198958308e-03
5.353966991468253785e-03
4.931374144546883664e-03
4.927396463852247097e-03
5.157455067199142110e-03
4.966798609801128563e-03
4.818707358911447636e-03
5.471547691835575156e-03
5.229838437481009426e-03
4.771839774392864011e-03
4.837898565398983039e-03
5.185848339937641251e-03
4.888691975305629357e-03
5.176464502767143434e-03
4.822999990036046757e-03
5.066728612716620873e-03
4.742926613221711864e-03
5.048575371643531512e-03
4.871484972829247424e-03
5.124608117118665575e-03
5.061079360088317249e-03
5.014147834871982359e-03
5.296101331374277951e-03
4.874541585043810736e-03
5.042732414510636176e-03
5.016355309620321688e-03
4.979857919133962377e-03
4.784840254814425042e-03
5.190917496742203548e-03
5.059060383913487578e-03
5.140008959860397492e-03
5.015193991698235938e-03
5.061076652920109761e-03
5.293617940477560006e-03
4.897785220380384934e-03
4.944257964884600683e-03
4.983464777246230000e-03
4.773977432737347253e-03
4.906790942382202939e-03
4.942631683035309149e-03
4.941785732762299377e-03
5.352328347161043783e-03
5.103555769952521082e-03
5.058772810236313380e-03
4.959892320407431957e-03
4.737544377149740041e-03
4.639419030071590712e-03
5.227329137478688333e-03
5.113215517954029440e-03
5.272981903333518600e-03
4.697741991058736015e-03
4.922956069807005695e-03
4.846680031423286628e-03
4.863781013750812302e-03
4.880311571386347982e-03
5.029773839780866777e-03
4.988254902227855052e-03
4.972948048556785801e-03
4.847648608138398554e-03
5.013292652081273448e-03
4.929642147017770058e-03
4.928235338284291632e-03
4.990488601197462862e-03
4.981758841626206420e-03
5.101737807142184104e-03
5.161320118786946048e-03
4.940271512153667118e-03
5.039646045513579073e-03
5.212333613492968649e-03
4.875067780422772702e-03
4.861146835427514711e-03
5.269656349490251142e-03
4.883458786632609988e-03
4.921178877637679555e-03
4.996529616888791339e-03
5.092094371600427646e-03
4.774570948113909981e-03
4.622847729502447406e-03
4.872630589158835623e-03
5.107709912783103649e-03
4.839445128163274643e-03
4.991851988460778780e-03
5.284910687058676747e-03
5.166007572354778393e-03
5.063943331177963962e-03
5.214415755698733647e-03
4.993464147221288521e-03
5.473707058289551536e-03
4.998547092504824867e-03
4.947784743902451134e-03
4.916234844284534874e-03
4.753979553070503648e-03
4.830105098767908250e-03
4.775725491585042400e-03
4.917993890872107698e-03
4.846974826918130745e-03
4.742664938694046706e-03
4.978864705616002639e-03
4.921442785537803906e-03
5.142974582533388524e-03
5.294942255539186564e-03
4.851953019707594059e-03
4.960182382572575661e-03
5.082871679918557310e-03
4.875625527906051089e-03
4.802427144978135137e-03
4.867793281019539703e-03
4.863565023479247441e-03
4.706300132444087014e-03
4.886040062120599811e-03
4.842554774681579952e-03
5.048922989582513982e-03
5.011894868443128419e-03
5.246088483404398421e-03
4.779761075544253571e-03
5.178312697356799062e-03
4.740297096390641216e-03
4.873240010547344285e-03
4.939576639729773705e-03
4.940100596290657696e-03
5.178571917215316588e-03
5.170494203755046127e-03
4.968664842411448998e-03
4.702302870512279666e-03
4.844250384188243316e-03
5.189763429249205640e-03
5.075806505761984791e-03
4.914244152175171673e-03
5.034747465316320204e-03
4.846707297359145565e-03
4.870462775313101796e-03
5.000533742829260490e-03
5.199723614580757658e-03
5.021242200062555477e-03
5.228417179719991453e-03
5.332030056290440814e-03
5.119679660836395398e-03
5.214303390632642546e-03
4.894110598584315054e-03
5.016870892751446216e-03
5.129419882038059424e-03
4.811941544753842864e-03
4.800179193790064629e-03
4.869565455046841532e-03
5.147459083912898394e-03
5.044289717182570687e-03
4.563471308046461103e-03
5.074853116232698642e-03
5.058086716956564262e-03
4.876649652200679141e-03
5.088033964266224646e-03
4.788946975904583361e-03
4.973553217802012018e-03
5.067011677068146078e-03
4.590896562311569395e-03
5.099726134446248144e-03
5.207391049992260781e-03
4.771126047910081817e-03
4.993759418406679487e-03
4.968141583537775963e-03
5.039411678018953199e-03
5.299445796442516822e-03
4.864481909300330705e-03
5.424341550950073816e-03
5.185655357682486880e-03
4.839560324930419072e-03
4.867490642876895306e-03
5.273212513718269524e-03
4.997613809415961915e-03
4.868685629357544578e-03
4.840264030527239962e-03
4.872628882689957093e-03
5.109368730887207943e-03
4.964186109461558513e-03
4.748954190364021097e-03
5.086781954020076768e-03
5.311231154280462996e-03
5.024453495143100037e-03
4.710644251142546805e-03
5.319855575441367369e-03
5.262988345328777420e-03
5.062843221874835375e-03
5.047131058199824140e-03
5.076370733229654264e-03
5.196530792975597064e-03
4.750871636081690184e-03
4.909032639130890378e-03
4.918697663461487658e-03
5.224623193166415443e-03
5.019046135590763541e-03
5.044367337673818716e-03
5.160618894657103238e-03
5.127413905233007413e-03
5.222192912949077080e-03
5.233269536551770490e-03
4.965014847191901066e-03
4.923772012450170973e-03
5.067208801199500970e-03
5.055514169851282880e-03
5.057820709781452560e-03
4.785720331173341606e-03
4.936630766783556799e-03
4.908080038590874848e-03
4.993079951318925638e-03
4.845432405872406208e-03
4.864067147683334875e-03
5.047877009337574210e-03
4.935522057776152265e-03
4.901809478600810920e-03
5.024279124081306412e-03
4.614538201945225793e-03
4.824109604442333027e-03
5.284405740896064817e-03
4.805077576275099301e-03
5.077753249861517715e-03
4.959580251682208819e-03
5.063664103931434478e-03
5.086718876895246141e-03
5.077007489063901056e-03
4.859097549862207571e-03
5.029726679667747419e-03
4.970388170644671200e-03
4.629111944848618605e-03
5.129993034180649857e-03
4.923779894450843776e-03
4.943000711088382099e-03
4.866309630506089265e-03
4.740089469125190365e-03
4.808704859492750859e-03
4.925134667336110265e-03
4.972853030861367450e-03
4.862537114106480450e-03
5.087943353437395823e-03
4.906636911594619045e-03
4.679193231796374523e-03
5.129044030591638735e-03
4.911770089731716180e-03
4.922393289585139456e-03
4.657014019311836103e-03
4.672692136429727749e-03
4.739337786885442806e-03
5.016102417649789466e-03
4.727373177163858228e-03
5.104935779026527863e-03
5.034783884505207065e-03
5.059424318262928898e-03
5.094401281614474933e-03
4.988121447885954761e-03
4.812707473875364565e-03
5.040578125178804374e-03
4.838023816151778428e-03
5.136758122217014236e-03
4.663886774014146946e-03
4.832537809622869211e-03
4.632123549349258934e-03
4.872735059280168882e-03
4.841731517557773708e-03
4.743440684377115552e-03
5.170430409382168954e-03
4.728781854787151261e-03
5.010941676165461822e-03
4.760817933284030440e-03
4.691216361221836953e-03
5.070976542096366536e-03
4.787618979234297377e-03
4.746446038783946192e-03
4.801614641539817853e-03
4.507015941108188407e-03
4.735729321637580438e-03
4.817466344202190470e-03
4.945217994528535929e-03
4.943745859263598032e-03
4.919200822442439114e-03
5.067145754310693230e-03
5.055048175230125902e-03
5.065289586815630539e-03
5.012174736938468898e-03
4.745065756864644442e-03
4.741609581429607513e-03
4.553344159393155760e-03
4.737385532967128103e-03
5.120623440075368869e-03
5.067302951848361506e-03
4.614510078342497039e-03
5.014680962102829355e-03
4.830221714951990833e-03
5.024017338055249138e-03
5.098046734464690630e-03
4.979652315227945519e-03
5.148946406347470160e-03
4.780163646541141405e-03
5.027022332026032450e-03
4.811313490483429267e-03
4.734047578758869730e-03
4.672600720775316012e-03
4.693224196024029654e-03
4.879841553953623637e-03
4.947631494203206214e-03
5.402042044780022700e-03
4.679747710660988984e-03
4.931576996242558082e-03
5.137082056836782089e-03
5.007971648820546719e-03
4.986644464675963652e-03
5.078583619529865138e-03
5.003407295780920236e-03
4.844584786216025313e-03
4.981086312613998944e-03
4.942220466608552784e-03
5.027114807529258801e-03
4.888741972035584235e-03
4.604019350786348747e-03
4.805067978205739172e-03
4.748625561496640224e-03
4.849414051851192418e-03
4.888090828747181441e-03
5.134726686677338302e-03
4.764480560706997950e-03
4.755983121360155517e-03
5.060572685619942924e-03
4.849308031303982934e-03
4.847402845575061146e-03
4.616289445638548615e-03
5.001068007840074083e-03
4.882960335389342592e-03
5.028821064337408824e-03
4.903563119023251864e-03
4.753958199984142929e-03
4.895279035708077764e-03
5.061947614134830464e-03
4.840608117554299344e-03
4.975974200245671802e-03
4.875929450353052794e-03
5.064049182457036613e-03
4.751841126708710068e-03
4.847795729982867785e-03
4.803665205382677376e-03
5.050930667959082493e-03
4.926079087694291807e-03
4.736031059544695485e-03
4.966950088968078054e-03
5.041648156461282435e-03
4.907692329211850446e-03
4.939129643506732711e-03
4.951248417656010578e-03
4.738662137992255899e-03
4.895787404141163646e-03
5.043460775400792663e-03
5.029064854885880592e-03
4.907085765641356137e-03
5.112953777760182589e-03
4.781075710947950766e-03
5.161264855307747847e-03
5.087544137892649823e-03
5.339201194996249199e-03
5.056954714363664366e-03
5.204292957598325407e-03
4.787103169998066857e-03
4.844435230993021820e-03
4.796680351023313062e-03
5.011866308040989655e-03
4.980741126093174431e-03
4.867941263911556432e-03
4.645266476830516370e-03
4.673048471084673833e-03
5.238174678537457080e-03
4.966781527177410206e-03
4.749327552592842380e-03
4.665202876011929033e-03
4.642354731872392996e-03
4.772741049220691374e-03
4.746692458743034283e-03
4.998071585313309736e-03
4.776096053778879427e-03
4.863146479605667295e-03
4.893596387150730802e-03
4.897069224762606518e-03
4.988045919027165979e-03
4.925703784526260821e-03
4.813234793493360864e-03
4.919497832202769476e-03
4.563174773678691128e-03
4.995942435081673558e-03
4.923653624173969512e-03
4.635200787330509727e-03
4.754933090272980313e-03
4.911104673491247484e-03
5.061672520664283956e-03
4.527782165674327716e-03
4.950443086136738918e-03
5.064299961361587096e-03
4.712702688358999178e-03
4.826617449998057106e-03
4.684412161914463385e-03
4.783546455660942637e-03
5.081209878736848637e-03
4.849513088756543522e-03
4.774496163013106087e-03
5.076062570802172998e-03
4.700370290944315237e-03
4.812525145730163836e-03
4.980558454114573583e-03
4.965803401977592242e-03
4.983796279305334476e-03
5.101115395956399429e-03
4.738265753388269490e-03
4.834726217905606013e-03
4.901273771905723629e-03
4.723336778923165405e-03
5.078016969070878531e-03
4.771470801853876578e-03
5.046431283868836951e-03
4.724821689156204901e-03
5.011182197166037279e-03
4.744653632125773318e-03
4.831811853635745516e-03
4.712032005849412647e-03
5.178118483801185529e-03
5.033251787194135268e-03
4.789494877380904951e-03
4.845908164226779211e-03
4.988305204570411995e-03
4.856154083954872247e-03
4.745541140424901563e-03
4.994498725077315890e-03
4.737419567452483098e-03
4.636303261661620795e-03
4.908710294036093373e-03
4.951257893034601704e-03
4.938517855131418707e-03
4.659406296760546309e-03
4.904033286951323296e-03
4.817395122551733876e-03
4.799408908287060814e-03
4.816994807284607875e-03
4.696135838126000613e-03
4.689358801148621643e-03
4.846932887028926849e-03
4.740070198082376764e-03
4.758056544494880698e-03
4.833040568284131810e-03
4.929966362350558448e-03
4.853574709683399109e-03
4.980850193305986877e-03
4.883319497692251675e-03
5.029343946907374914e-03
5.044024255866499246e-03
4.757754641168896077e-03
4.941308454075256720e-03
4.673412819282616627e-03
5.237519908137024290e-03
4.832060108697071310e-03
4.504058625938118197e-03
5.050475322074856818e-03
4.773319733401960516e-03
4.942015525707862782e-03
4.694378149461541153e-03
4.665372086511249648e-03
4.901643655073600198e-03
4.586848600042706635e-03
4.926598527265758747e-03
5.086835514066078388e-03
4.990708906731177071e-03
4.615984364326070240e-03
4.722668817409912505e-03
4.713613469778523551e-03
4.693489743447121047e-03
4.765068321593990928e-03
5.073875071986031111e-03
4.597890498450399321e-03
4.720178342860734816e-03
4.906717018523319707e-03
4.748933377705972722e-03
4.882082809394699963e-03
4.829826510258642368e-03
4.672935538043944056e-03
5.041296151274005273e-03
4.659633816426854772e-03
4.706410937298168180e-03
4.867489714089063939e-03
4.748378440604966721e-03
5.028648417151684868e-03
4.717998985852996617e-03
4.732821412430653768e-03
4.822958842085262217e-03
4.924934525767849999e-03
4.961671166922133197e-03
4.799271416315360576e-03
4.671428056252584227e-03
4.765245781585975178e-03
4.834232808387819297e-03
4.478262466055830428e-03
5.032002360782069847e-03
4.554171145648739684e-03
4.931653231084412274e-03
4.772823340442943624e-03
4.803457078970197261e-03
4.810649234090108584e-03
4.644738851368636866e-03
4.781508385485530067e-03
4.844651003018491005e-03
4.711440331634601623e-03
5.142066350994367943e-03
4.796051737508208977e-03
4.627052354669235375e-03
4.971555813278598877e-03
4.992747944769196540e-03
5.009727962980525459e-03
4.920132213589938075e-03
5.046294999705778009e-03
5.139875819544516798e-03
5.064368432195717230e-03
4.860056366157475619e-03
4.780150950868112050e-03
4.978526358417981537e-03
4.955558171915378299e-03
5.268740807638447494e-03
4.989751973952576310e-03
4.888853700810656330e-03
4.941422034362458193e-03
4.707549791663557734e-03
4.950951822201815622e-03
4.851314044830030980e-03
4.970790098060749729e-03
5.015297216756260668e-03
4.669921245410575163e-03
4.740902465801247363e-03
4.779132249250982005e-03
4.545011560871204358e-03
4.583064978373790378e-03
4.809040480957187808e-03
4.705904280123370149e-03
4.998731767612076514e-03
4.955542008249780479e-03
5.025255541567789919e-03
4.741735981806238266e-03
4.740807693090867345e-03
4.794958689005885538e-03
5.075215109484968075e-03
4.718776534394628422e-03
4.675411270784276922e-03
4.694840857997286537e-03
5.060568606893084062e-03
5.096220767955604754e-03
4.771654293822534185e-03
4.874858244219412197e-03
5.086947747723019435e-03
5.074119288287351655e-03
4.669781455443476788e-03
4.858794801224390267e-03
4.721940001946115135e-03
4.857165328473477678e-03
4.645318962404190906e-03
4.827192831575923687e-03
4.948703870425136958e-03
4.929010596443234374e-03
4.939745129337074631e-03
4.588023628716105320e-03
4.596944513000515709e-03
4.640437218655413081e-03
5.168067237351924720e-03
4.848586405117785020e-03
4.979408498230202158e-03
5.030462745906322253e-03
4.892215141171010750e-03
4.627513504421780152e-03
4.476193570499521594e-03
4.835603128090545932e-03
4.954011752833278708e-03
5.049101760064563654e-03
5.024623521301836530e-03
4.639625442165421984e-03
4.913767805190398172e-03
5.043005606130720846e-03
4.661655783000185314e-03
4.765304534996630051e-03
4.971905395492430893e-03
5.074847585681993740e-03
4.749446796687139052e-03
5.041506141227056377e-03
4.612889784998531681e-03
4.818137064918829107e-03
4.692523301609746386e-03
4.712901055568969808e-03
4.876576227318783242e-03
4.771110499122275042e-03
5.057020699173081155e-03
4.626183018209670608e-03
4.915753983810146333e-03
4.649186424062839128e-03
4.777495505635187892e-03
4.605466616637660104e-03
4.784337960504542707e-03
4.959430789649401337e-03
4.762480089008872680e-03
4.723035979602508046e-03
4.703396897071619558e-03
4.758949117556819479e-03
5.131683697802130913e-03
4.753032366511414017e-03
4.669987153995787919e-03
4.741495767117851097e-03
4.851185020078903863e-03
4.636977344904349464e-03
4.575410940663509132e-03
5.059216142342658554e-03
4.666933186174753410e-03
4.756471459667303316e-03
4.749276705720003461e-03
4.684473962814973344e-03
4.993958339917852277e-03
5.002525853981239744e-03
4.639383084483130956e-03
4.785394623728358998e-03
5.388105845216374992e-03
4.625996242529952993e-03
4.829470473666742751e-03
4.771044058301489831e-03
4.602685930412475819e-03
4.638039029311489050e-03
4.706638233928278625e-03
4.825782540393908256e-03
4.769875819720846566e-03
4.908560754215232115e-03
4.781850266839769714e-03
4.461121026532939224e-03
4.601498921127286298e-03
4.864328924561010445e-03
4.884576398697828073e-03
4.604394950998507742e-03
4.778082568280731836e-03
5.152044335401613322e-03
4.780201852403902218e-03
4.964562452382511280e-03
4.597391287716621512e-03
4.788239130270661136e-03
4.751413810222785902e-03
4.613145955756267451e-03
4.997870885500778348e-03
4.762196189839616907e-03
4.856218809534853034e-03
4.751213128799565422e-03
4.857300053530012179e-03
4.842406720040683815e-03
4.791949640944323865e-03
4.900928940899188999e-03
4.974075523004492690e-03
4.816267745441359625e-03
4.686189635138358900e-03
4.907566171058808970e-03
4.851425914553996258e-03
5.092812801722581932e-03
4.753770631526249742e-03
4.850675584260099107e-03
4.680804701034899616e-03
4.666808320971431445e-03
4.979194779318630616e-03
4.722966837530617225e-03
4.810298771510529252e-03
4.662646573784776094e-03
4.832223084804421372e-03
4.729884217179502852e-03
5.054297900379558367e-03
4.593568724331025845e-03
4.897205039212332127e-03
4.743055518607510596e-03
5.074539341797692886e-03
4.606362902663023451e-03
4.642518303402498429e-03
4.579425326008205489e-03
4.863198376919307397e-03
4.893823751242365461e-03
5.144818326323164458e-03
4.943632053196644026e-03
4.737126144598205295e-03
4.680086101157364571e-03
4.868305745256700824e-03
5.047407105378913343e-03
4.751360374122087955e-03
5.217273561946458686e-03
4.887978712181966466e-03
4.788711825548166469e-03
4.767299827350706190e-03
5.246080886664044457e-03
4.820729457586827964e-03
5.077431489867298073e-03
5.059790580941227189e-03
4.912749546693962778e-03
4.896258877099685970e-03
4.940926212899144493e-03
4.696665118357834859e-03
4.784432140804862482e-03
5.177022587446338843e-03
5.051456314643887509e-03
4.623282655116150823e-03
4.616699616928368784e-03
4.860146997837956444e-03
4.722123814187385860e-03
4.883182857418150169e-03
4.585313750699828404e-03
4.751967125007731767e-03
4.650004592937178639e-03
4.649711181077357050e-03
4.482315851911920952e-03
4.711272363038198317e-03
4.846102691490552020e-03
4.859452555968521437e-03
4.949999741312288530e-03
4.602385394739305115e-03
4.605626096769606902e-03
4.685369072794846532e-03
4.831809814864447897e-03
4.675330135087221034e-03
4.698106509748679535e-03
4.814813180170462135e-03
4.844065557787487035e-03
4.538628417921752173e-03
4.637192918314245876e-03
4.721080109779432835e-03
4.803193230832966329e-03
4.718309036947612896e-03
4.721434856254461479e-03
4.888073840914703046e-03
5.211435867279723237e-03
4.663981655546324025e-03
4.852431315892151778e-03
4.812263446024424643e-03
5.064580540860931512e-03
4.792101249307004728e-03
4.684942569909144282e-03
4.744071450562411911e-03
4.736015083946362551e-03
4.573068940316734644e-03
4.548087941963601007e-03
4.922908663591706903e-03
4.760110380453083656e-03
4.826379867922369823e-03
4.915623140681834279e-03
4.751495617249471698e-03
4.843812592124214535e-03
4.950922380062397314e-03
4.762024745319794715e-03
4.544777345829577493e-03
4.746038903048929204e-03
4.858567828625329210e-03
4.773176236636032452e-03
4.808243863405472357e-03
4.706373866103569746e-03
4.489701343961836032e-03
5.131480480891235582e-03
4.917683834446238619e-03
4.778216164234674532e-03
4.894538617748434364e-03
4.876379193062089015e-03
4.950497477243557057e-03
4.757672326188035899e-03
4.637019642099378912e-03
4.650645890391890552e-03
4.605523381844595261e-03
4.779891250399035361e-03
4.943344112289735359e-03
4.771743744404891192e-03
4.870062575358449775e-03
4.945318604790522980e-03
4.902762321655643706e-03
4.893517193207398870e-03
4.645013704122242203e-03
5.196175964509738496e-03
4.735173650464977527e-03
4.772494791699138060e-03
4.719016248417729452e-03
4.762250515717409739e-03
4.921306703482984830e-03
4.593551657650207266e-03
5.014732714968212282e-03
4.796591500665783360e-03
4.963058874317379139e-03
4.927370520967549843e-03
4.716620833058555659e-03
4.705734291496209594e-03
4.935578987760459724e-03
4.787348521262837012e-03
4.753874600846888683e-03
4.454115251038124126e-03
4.787539397497661900e-03
4.654579530270830552e-03
4.829283610008682642e-03
4.473903490092173002e-03
4.680162133818913280e-03
4.762367691539444621e-03
4.683105665180847810e-03
4.775793577396239727e-03
4.681847052520043267e-03
4.793915698994250657e-03
4.694309406579369806e-03
4.505151704221097876e-03
4.908868117350794272e-03
4.698005991229735334e-03
4.630790636326393567e-03
4.945687464336049471e-03
4.584437558208511766e-03
4.701875882060966259e-03
4.804046115805073180e-03
4.610200877572052415e-03
4.821023497523299270e-03
4.791862243282069868e-03
4.730280861648917048e-03
4.919084447285886064e-03
4.868043721485080730e-03
4.669228261120273935e-03
4.800721174463229435e-03
4.722006171020633365e-03
4.608389019089238064e-03
5.052960727946411920e-03
4.782204068735705464e-03
4.764591650272557467e-03
4.991539557708635916e-03
4.766809481152101992e-03
4.613055328347087820e-03
4.664447907304980663e-03
4.948998194640725004e-03
4.891927382152543892e-03
4.911550453665933583e-03
4.800422194680739781e-03
4.854864649520455183e-03
4.693317995101824527e-03
4.697432177962429165e-03
4.860527075853202962e-03
4.867989833075497125e-03
4.912348258212803111e-03
4.719693865897975349e-03
4.771574000811903277e-03
4.519514601650447862e-03
4.718589602287947410e-03
4.583777947128004314e-03
4.616590144646645633e-03
4.599417634600623528e-03
4.616991592917314181e-03
4.741215059782428153e-03
4.866577448206143609e-03
4.640670605673178663e-03
4.977900773136873479e-03
4.736543287723373949e-03
4.804349861913205164e-03
4.551502303380394396e-03
4.860527813285300987e-03
4.651759124800767912e-03
4.884954719104286913e-03
5.053117193426288206e-03
4.820227264194186338e-03
4.614397124247919361e-03
4.265097580528133189e-03
4.825973493318090266e-03
4.778982240217326261e-03
4.604391717038137412e-03
4.403883954587723901e-03
4.616117502730313418e-03
4.931855369666847226e-03
4.805853954908949344e-03
4.824918469965440784e-03
4.648982409132776557e-03
5.015528387236539709e-03
4.629338720765814423e-03
4.813186804353364844e-03
4.597697883367459458e-03
4.624620923731409365e-03
4.726858375915795468e-03
4.783424895574978422e-03
4.641916913664688449e-03
4.728527624563925481e-03
5.198522843041434964e-03
4.652822057034261029e-03
4.775992565422687575e-03
4.888132064159883029e-03
4.950188829541939811e-03
4.686897563582771362e-03
5.231796150629059935e-03
4.889952086294630657e-03
4.783733820677145247e-03
4.906247619121581992e-03
4.954391576698025969e-03
4.598240817588221049e-03
4.792375262622596173e-03
4.952597200791221746e-03
4.635544482826273009e-03
4.954838620215978005e-03
4.937443441589131274e-03
4.572638674655081330e-03
4.706753362260917596e-03
4.736820996777117536e-03
4.557588429824594757e-03
4.551525133478604747e-03
4.804590255004790797e-03
4.814566848198020659e-03
4.625863804968276087e-03
4.461320037501353974e-03
4.846774790919888484e-03
5.061676130250033177e-03
4.822364870745671737e-03
4.807492814897786418e-03
4.518024231684346012e-03
4.723750449686959195e-03
4.667674855171836251e-03
4.596045563822808745e-03
4.476424261947316817e-03
4.707463596419624897e-03
4.589772956651974427e-03
4.916327581449673849e-03
4.727208241197012988e-03
5.011724305779276419e-03
4.836330307169347913e-03
4.774430369155288449e-03
4.730657595398529182e-03
4.325689465805131195e-03
4.875678289498190654e-03
4.638250880891327775e-03
4.953275978446341349e-03
4.747653358006998295e-03
4.870457426958798956e-03
4.679705441482059393e-03
4.646899339875295784e-03
4.659485434792619112e-03
4.903667939937773890e-03
4.601274756148205497e-03
4.780542537720275896e-03
4.578932668701943612e-03
4.566469904753925509e-03
4.983000505673523470e-03
4.971845868928350190e-03
4.998408751468398116e-03
4.918929970004732623e-03
4.660991909913926069e-03
4.468028458238265666e-03
4.696608493955249652e-03
4.613490509159085158e-03
4.382797402437542400e-03
4.763817418555044841e-03
4.693820038312794367e-03
4.644325440826653321e-03
4.826341317327733152e-03
4.648134836165769383e-03
4.738573078987813950e-03
4.735876241217650863e-03
4.557230235374826188e-03
4.868130618776307129e-03
4.955905121464585818e-03
4.971648959448422139e-03
4.684157234056061415e-03
4.852761682618455391e-03
4.899732531101499977e-03
4.555267955265590585e-03
4.934103626383570460e-03
4.598169016968150016e-03
4.716207726648564275e-03
4.749213854509612767e-03
4.589437964441265595e-03
4.475935577195122757e-03
4.877661881981469778e-03
4.470429094106024778e-03
4.779524333035718199e-03
4.833778852091920840e-03
4.948723880810160410e-03
4.848139957907109110e-03
4.727330331732255454e-03
4.823405794821945466e-03
4.578708162629646639e-03
4.879877242551568586e-03
4.942101427392449516e-03
4.766163625227087461e-03
4.724750831667857628e-03
4.814412763467684590e-03
4.745631267243794089e-03
4.874996544150306775e-03
4.697757048708423901e-03
4.800491152350973463e-03
4.842475579224504029e-03
4.531676155924758455e-03
4.456237678927980721e-03
4.854493635757716093e-03
4.733062055296573430e-03
4.390281560360625307e-03
4.953037932336385590e-03
4.788915548606159991e-03
4.879377083760723030e-03
4.628858424770213378e-03
4.747220840252792604e-03
4.674612637178531156e-03
4.583344679981071063e-03
4.569405049849742731e-03
4.893841720312314472e-03
4.623597810467939412e-03
4.703143802181243213e-03
4.692775887644528784e-03
4.961308116218775266e-03
4.688423805238042634e-03
4.724881889461619161e-03
4.820529502765470362e-03
4.814406909759707913e-03
4.695521659046118269e-03
4.805128826706870152e-03
4.691332166680317432e-03
4.531888311348400596e-03
4.778548527697830395e-03
4.682364556301937299e-03
4.832288216613065714e-03
4.535656231233912983e-03
4.477698860990576152e-03
4.624784903850156018e-03
4.604400681795351759e-03
4.544695712138060832e-03
4.641769222513522815e-03
4.688851153411503075e-03
4.663828241549500958e-03
4.477726469298032308e-03
4.579107238521099368e-03
4.657129307877848519e-03
4.745759553733302702e-03
4.718687448994447579e-03
4.855512667217673668e-03
4.894947936996189158e-03
4.930464703740400877e-03
4.549569376449761823e-03
4.508820719323162855e-03
4.732690801439976350e-03
4.871949272907452264e-03
4.640066289454240940e-03
4.456325911017870213e-03
4.547593139116104868e-03
4.663613756779242184e-03
4.898737695516715632e-03
4.602206483472696952e-03
4.968268271750542718e-03
4.682582316683326501e-03
4.819828765088693748e-03
4.599961381499704724e-03
4.624639372914025014e-03
4.746808618102036498e-03
4.616270853566385550e-03
4.438144534026551916e-03
4.568857472083407041e-03
4.880014740706285596e-03
4.634589520370741011e-03
4.676669240573691662e-03
4.377682846274934605e-03
4.487732558280413571e-03
4.853413474000115198e-03
4.736300938754575522e-03
4.981537660313005086e-03
5.017216599439650385e-03
4.575474407988352685e-03
4.751933504292426245e-03
4.797608713341361755e-03
4.799762766204172110e-03
4.543226494396234057e-03
4.768426337092020184e-03
4.807028704418766889e-03
4.718624469584979664e-03
4.443948314845348226e-03
4.575074601293482174e-03
4.679894873948354204e-03
4.437971871201738978e-03
4.615952249595076801e-03
4.652088751379347166e-03
4.516236364599818948e-03
4.706306832658606505e-03
4.566535624583680820e-03
4.627931983684279924e-03
4.704197738765536832e-03
4.481818969253365328e-03
4.561358005615583251e-03
4.624985973751753569e-03
4.569561716802896315e-03
4.565503054984355880e-03
4.757959265662775605e-03
4.675331564583946019e-03
4.533208231452291737e-03
4.762328721686516671e-03
4.646189630045884610e-03
4.693798251860658959e-03
4.717001812998038862e-03
4.776095402337242682e-03
4.837687760489102484e-03
4.590004779483604358e-03
4.741031035507044938e-03
4.693852556529620225e-03
4.708823986241162524e-03
4.568963360311742786e-03
4.561812767161599162e-03
4.736544928971945893e-03
4.715986750099929355e-03
4.740648814015969298e-03
4.550644473787214712e-03
4.568188293194927474e-03
4.749382993586057956e-03
4.635534517613231972e-03
4.772284389647749731e-03
4.877324296850673972e-03
4.851938147765905499e-03
4.742501553091815931e-03
4.480058932600770351e-03
4.680209400924073733e-03
4.513835536047494483e-03
4.644416294288152176e-03
5.030854691415148627e-03
4.652423406110154334e-03
4.448839938822503684e-03
4.779382217565967400e-03
4.603375667881074926e-03
4.657699864036655979e-03
4.920365091232373547e-03
4.537574983901246882e-03
4.541444898081259049e-03
4.619577180859187580e-03
4.748404949292601464e-03
4.492270023975359489e-03
4.842988600686997866e-03
4.992155615533850309e-03
4.813143967600489945e-03
4.531809211904602730e-03
4.806274747151470170e-03
4.851903026735932337e-03
4.841674693337337000e-03
4.675192092035383544e-03
4.293155680595473964e-03
4.896310426750843069e-03
4.883995663644727196e-03
4.544911056228998457e-03
4.577471093534670084e-03
4.741632949889377190e-03
4.749782354745986195e-03
4.633645751339983757e-03
4.628143720553228556e-03
4.778328603309918605e-03
4.813958945750854493e-03
4.528925675418306838e-03
4.744672040237490548e-03
4.614452180776873295e-03
4.512158632985635749e-03
4.631299083412265122e-03
4.752096773688866370e-03
4.643766384977047329e-03
4.620740798938378045e-03
4.376605538364253777e-03
4.744991639905510143e-03
4.632353229572479594e-03
4.395587056436498982e-03
4.568166332774692591e-03
4.840762639453646474e-03
5.042060517223780416e-03
4.695804241043630839e-03
4.780308979791356161e-03
4.769356107937381892e-03
4.653693590673422913e-03
4.431663541950699343e-03
4.689738015378692830e-03
4.811785914287916924e-03
4.768710904553525622e-03
4.563884008332432657e-03
4.583948930232444041e-03
4.557870376638805537e-03
4.728394582011874805e-03
4.770180029662528243e-03
5.071725210124790849e-03
4.654885675346600790e-03
4.789052209162214697e-03
4.579940335319848503e-03
4.652525713462096063e-03
4.652950205406043184e-03
4.492096420037147535e-03
4.354845496014515469e-03
4.547727566903068432e-03
4.846333432411944336e-03
4.764046844192338509e-03
4.447109813410729702e-03
4.757068979668839688e-03
4.599337710244950743e-03
4.560216776691813911e-03
4.414900281590338968e-03
4.716638233135213819e-03
4.360153931314098182e-03
4.796664822125533412e-03
4.842668661548928978e-03
4.783626709873426558e-03
4.740974816789898100e-03
4.548393685652057233e-03
4.653729119657556111e-03
4.758868362625682386e-03
4.802352462524697545e-03
4.493348154459997183e-03
4.615272433089021367e-03
4.736184510150079352e-03
4.389218725050771444e-03
4.698866872530686051e-03
4.701261899911570591e-03
4.551092135919884360e-03
4.591140723941037824e-03
4.618949512737759167e-03
4.619191031017619818e-03
4.960144022361444825e-03
4.744296562943719694e-03
4.507456895180194691e-03
4.652426471381445466e-03
4.574726787260861849e-03
4.822520730027348747e-03
4.530513418186747285e-03
4.568344001899578809e-03
4.746195334546947364e-03
4.722314903776524998e-03
4.405702059336968554e-03
4.839608488735956671e-03
4.757174292594089880e-03
4.662189028545248373e-03
4.595396284229353451e-03
4.669401158930780969e-03
4.903517461014294046e-03
4.377847105855314780e-03
4.847249172743961151e-03
4.557660528922108205e-03
4.648570616938762536e-03
4.719534674551880554e-03
4.407356953647219647e-03
4.487939655588106189e-03
4.676719182688694222e-03
4.661512553544137211e-03
4.444557998029024896e-03
4.559136400666955434e-03
4.964709312782964769e-03
4.839696338337660941e-03
4.862199787407628891e-03
4.400650583855905337e-03
4.469393275915632679e-03
4.924543766165438360e-03
4.736995361266493204e-03
4.828277166246956915e-03
4.633178216131171936e-03
4.723458266899127622e-03
4.826491857042222375e-03
4.419273171268879759e-03
4.696379163259415193e-03
4.809148460582281584e-03
4.665227933810448327e-03
4.673571097616658308e-03
4.852973697959481886e-03
4.873121291697540478e-03
4.641908096616532628e-03
4.710782277629011090e-03
4.448245242530806179e-03
4.710035993459272749e-03
4.675722628140833829e-03
4.628670297817901944e-03
4.661726732924018068e-03
4.637745367787199542e-03
4.703661432693611449e-03
4.677799531771583211e-03
4.959032373182077624e-03
4.732454520354962765e-03
4.649604658730632431e-03
4.655571158722849809e-03
4.646785986378205308e-03
4.584110250011971810e-03
4.505545244316675954e-03
4.557426835602252160e-03
4.633320970822744043e-03
4.697915879968278356e-03
4.792562139286860902e-03
4.723450500239374794e-03
4.485710510611385163e-03
4.795007819584915128e-03
4.639821514219764562e-03
4.948091054521228625e-03
4.835541997103223397e-03
4.573152210259078844e-03
4.842963083273780708e-03
4.524391558818620721e-03
4.790935410140371824e-03
4.187736720332243569e-03
4.695978937746787298e-03
4.725918922793070215e-03
4.522278319059823935e-03
4.459649340566375873e-03
4.414095206583745594e-03
4.616093069551665574e-03
4.559373927862621183e-03
4.658430671545025180e-03
4.562530044885268650e-03
4.667031505604032036e-03
4.730552567607230162e-03
4.417757933756993188e-03
4.434366591162318232e-03
4.675388014301330893e-03
4.523973253508452655e-03
4.812171449088648717e-03
4.499870827970684634e-03
4.736871391241978188e-03
4.684258470896157309e-03
4.724731007843918466e-03
4.613631810454734555e-03
4.523970504088207362e-03
4.719029680243606688e-03
4.536593020163347777e-03
4.476567688624165375e-03
4.456606968109736583e-03
4.644100549310162425e-03
4.634467653822384008e-03
4.429739233875758415e-03
4.571663184823514248e-03
4.609706000954423913e-03
4.637933761756161087e-03
4.625986512687178635e-03
4.720014472589404916e-03
4.645507175065726781e-03
4.594940721500882959e-03
4.727262475594524137e-03
4.529980728090793676e-03
4.726926022757825356e-03
4.724114428142894145e-03
4.590905968819378180e-03
4.701943413795896948e-03
4.375019030493126210e-03
4.551567062047129006e-03
4.399829152435287549e-03
4.588525780821584021e-03
4.534220262842103381e-03
4.630244311720425887e-03
4.867037703217236451e-03
4.727323701182376339e-03
4.386985657240874935e-03
4.765663526196963450e-03
4.609970335815667501e-03
4.631818514581114918e-03
4.593170076487664878e-03
4.571784733603456372e-03
4.881945992322628963e-03
4.624609020198322193e-03
4.647167201899232367e-03
4.747473355683429208e-03
4.462807676311590990e-03
4.347031428832522776e-03
4.661232217013424987e-03
4.495112731675041627e-03
4.701752679137681003e-03
4.602187270193036119e-03
4.421311797006674885e-03
4.767630262480422078e-03
4.755245728056700823e-03
4.782123305894003806e-03
4.524895442420076401e-03
4.745428233034983991e-03
4.608011129035360053e-03
4.569304440756758075e-03
4.806328891851243366e-03
4.548272598043840050e-03
4.885002663371678169e-03
4.597100673114650621e-03
4.653726099363312239e-03
4.548479521053500063e-03
4.740279635101966697e-03
4.557907157446070001e-03
4.472738776325759294e-03
4.590405483058793146e-03
4.542674716888416703e-03
4.744602426293708340e-03
4.695395201182860079e-03
4.467934792235014364e-03
4.654514743365326980e-03
4.507196572623114496e-03
5.047652602445148150e-03
4.734940848561346172e-03
4.808732714906929252e-03
4.434914506936483980e-03
4.735078312539949853e-03
4.431165059750491811e-03
4.764726068195232825e-03
4.747162778458860824e-03
4.830995503645247290e-03
4.244674265629218637e-03
4.580591861259212562e-03
4.541160920086471237e-03
4.362830352860536630e-03
4.538706061541357070e-03
4.579155397017903480e-03
4.688822581935998997e-03
4.804055009973938993e-03
4.729688523246523488e-03
4.391808289421947863e-03
4.657120340646954057e-03
4.774986794902751422e-03
4.408272243418429048e-03
4.912624344390746807e-03
4.809488628561942730e-03
4.442803809205182405e-03
4.788035715433220860e-03
4.826803190911439605e-03
4.506583703334191005e-03
4.726032785892506256e-03
4.431027051527451285e-03
4.634713337969295285e-03
4.582126029709200979e-03
5.065667805261248567e-03
4.602329570978052654e-03
4.822922855632241594e-03
4.258265522670551598e-03
4.782980068247680988e-03
4.524735301749622032e-03
4.719691902078824650e-03
4.589998727966643211e-03
4.540243046357561249e-03
4.724774750449776267e-03
4.416509920482016884e-03
4.538906440214818261e-03
4.720184266966235241e-03
4.838887153820604740e-03
4.696092513374836366e-03
4.757497994692514408e-03
4.939511956755002209e-03
4.790876196975529105e-03
4.630707539150293386e-03
4.686337641511572651e-03
4.757690848530345129e-03
4.518582794381604921e-03
4.381238722928709056e-03
4.789630989147023420e-03
4.471455852860749952e-03
4.943567359761816965e-03
4.674949210983581592e-03
4.608111939574316591e-03
4.519559172626735205e-03
4.572263384634397271e-03
4.769136055639983281e-03
4.623401764191990143e-03
4.692508201894869495e-03
4.708481654422272920e-03
4.698043779186668149e-03
4.397723718756673186e-03
4.568280572614584305e-03
4.717084269762029415e-03
4.711628977389002021e-03
4.566710983460183816e-03
4.463935804276487895e-03
4.645258228025814576e-03
4.630689164669798963e-03
4.420674163593557408e-03
4.389088441135060963e-03
4.556218381062850445e-03
4.527591236699930570e-03
4.695965797994417802e-03
4.569507032740152165e-03
4.671786382968123180e-03
4.489469346972666149e-03
4.502457223364174019e-03
4.505113545964091470e-03
4.676937891282585864e-03
4.810016015144924668e-03
4.595580500365153108e-03
4.701690541945053627e-03
4.738741535883370971e-03
4.750412876116233245e-03
4.727446918465186450e-03
4.636570894186881238e-03
4.408371202232745645e-03
4.580065129725916125e-03
4.469755700454992355e-03
4.635701069038244623e-03
4.566694848496071629e-03
4.611348417516212932e-03
4.757909608874111990e-03
4.371048749626018151e-03
4.364541116497948868e-03
4.739854919228619380e-03
4.570563080238009522e-03
4.441966330442964107e-03
4.407688974974464761e-03
4.668675464683998480e-03
4.635049508878530920e-03
4.546844629091419988e-03
4.440927236082267346e-03
4.570869365162158297e-03
4.532087371269329264e-03
4.706083896806491709e-03
4.586190389143683828e-03
4.665903799936030501e-03
4.399184090020456794e-03
4.716094809914273336e-03
4.251447002819992715e-03
4.927672798980466985e-03
4.507278341495896644e-03
4.776424896135480526e-03
4.563734017874765750e-03
4.541232214854106809e-03
4.519020237609431591e-03
4.357675106149501605e-03
4.581241660438004418e-03
4.601442492797321038e-03
4.715909937641670803e-03
4.568449466125124210e-03
4.445801610159826403e-03
4.743417417559560485e-03
4.426019382947679430e-03
4.441413563320152635e-03
4.793007200711334008e-03
4.499374712335049882e-03
4.852031343558653453e-03
4.698472147570062485e-03
4.263998587013263265e-03
4.536783443758816113e-03
4.575532660418509152e-03
4.590226708540290877e-03
4.734806835643663031e-03
4.428843878898733322e-03
4.471300872976548789e-03
4.560022847780787793e-03
4.759104581091422488e-03
4.404102316555736502e-03
4.620416870269208713e-03
4.484110131250462240e-03
4.691177066851239322e-03
4.606364481898704046e-03
4.638657135109639645e-03
4.841439237587222798e-03
4.532889615527993174e-03
4.846742194265239549e-03
4.578948575817948230e-03
4.558511779309614570e-03
4.587544645846444724e-03
4.402417730564171273e-03
4.562572790789423509e-03
4.634138108242525506e-03
4.471151586563102374e-03
4.597914071747641503e-03
4.602823972217876328e-03
4.810497261869732880e-03
4.717616567981097915e-03
4.723416544397049388e-03
4.545881574705902539e-03
4.585637138582020038e-03
4.810194799564466127e-03
4.581547809741796234e-03
4.729376975769166401e-03
4.562366958348006846e-03
4.482232491881467037e-03
4.669871974739629207e-03
4.296038523274123104e-03
5.215351611361907294e-03
4.555244878498778890e-03
4.444670408450482162e-03
4.651683136628045022e-03
4.688420819654473201e-03
4.746901987152658646e-03
4.394736586188939184e-03
4.320129793185285491e-03
4.555093923334600260e-03
4.571180908754884920e-03
4.639827368889997555e-03
4.586338672016235761e-03
4.473385123800463666e-03
4.664302361317668871e-03
4.624850936528134351e-03
4.687082110034050848e-03
4.533158705737947922e-03
4.725256315573019700e-03
4.851170994159980168e-03
4.408567920955424289e-03
4.641942100911830571e-03
4.564143535426298456e-03
4.538687615927469200e-03
4.709844110129064211e-03
4.470370091797710478e-03
4.592842452701658904e-03
4.497498295285511268e-03
4.378422580894566693e-03
4.434479578311939854e-03
4.922981791422016348e-03
4.811789710589630016e-03
4.378615916014167928e-03
4.312374485387553830e-03
4.578624451652097554e-03
4.516270183622840204e-03
4.551014203022854532e-03
4.482675866277921126e-03
4.791685464624610875e-03
4.443834250626222705e-03
4.434806536925618020e-03
4.591533990313222124e-03
4.448999885062811591e-03
4.639073891063282690e-03
4.568285988098903967e-03
4.538850951064887090e-03
4.731258706954330484e-03
4.643539920820271942e-03
4.441202071524690681e-03
4.557836634366305151e-03
4.504283652589952114e-03
4.488816328306875249e-03
4.436414736004919840e-03
4.385413508051496170e-03
4.459470809016592534e-03
4.706158969800996669e-03
4.432787333936902101e-03
4.653798830263038665e-03
4.644224477336910198e-03
4.311097250619304669e-03
4.641834384858116794e-03
5.026425298727771850e-03
4.807999978568379407e-03
4.316198874051766117e-03
4.706592372469084982e-03
4.455653811486196339e-03
4.758446650102790554e-03
4.701263047397688001e-03
4.585847501171181478e-03
4.431332701804830895e-03
4.586245890469156823e-03
4.503922834524902788e-03
4.566645702264347621e-03
4.541258614598513849e-03
4.293441471092852499e-03
4.720123943880144730e-03
4.513286327297584902e-03
4.699511920644811221e-03
4.397389379266890275e-03
4.359866600421361503e-03
4.736347137075080579e-03
4.520549462868889493e-03
4.274721813875280094e-03
4.507293212899306581e-03
4.429651477226748298e-03
4.451081704521116754e-03
4.663659130781822558e-03
4.444592046203636217e-03
4.414403170017025535e-03
4.696203597182110542e-03
4.534398919804808956e-03
4.470042257784296973e-03
4.879658173815477028e-03
4.543177769542658569e-03
4.461377148188738935e-03
4.511150197904628678e-03
4.498116683604623349e-03
4.776376182340762860e-03
4.671233473399161347e-03
4.501553260522671296e-03
4.389329953872315310e-03
4.497958043517588655e-03
4.620131110948706363e-03
4.719600197761279585e-03
4.660738528832843175e-03
4.312243050223623329e-03
4.591150351323232230e-03
4.692371351116114350e-03
4.397645029184692363e-03
4.747144702010210396e-03
4.867757711710312546e-03
4.538757207769538587e-03
4.387220485631743855e-03
4.453924376377913809e-03
4.461232529143513599e-03
4.716851777754539794e-03
4.317246420077861663e-03
4.552645976480236209e-03
4.581189217747255391e-03
4.696177354002903544e-03
4.614210632703660830e-03
4.398357602329561536e-03
4.486774298387134242e-03
4.312398159451619715e-03
4.894535159141805841e-03
4.467393922005872750e-03
4.681867042562299318e-03
4.515467466181513970e-03
4.213587364577099821e-03
4.495966870075180852e-03
4.483813355677633734e-03
4.465735826239335821e-03
4.511498622323273713e-03
4.401025942630281372e-03
4.572509214657035845e-03
4.469763967766634920e-03
4.396894105414375295e-03
4.737785716938034547e-03
4.558934796811082990e-03
4.563027048208101455e-03
4.471790013069981522e-03
4.299918060305860795e-03
4.736346994837546329e-03
5.073870199844923018e-03
4.535248041563568963e-03
4.337637130196090110e-03
4.498801166141815772e-03
4.276414343973382846e-03
4.462080701488246176e-03
4.807742484642700369e-03
4.359224567286846923e-03
4.466384931321672885e-03
4.677475850213680224e-03
4.618196257682369125e-03
4.541005214544685704e-03
4.749083702332014024e-03
4.227847331630227475e-03
4.202073623176883974e-03
4.474186517440721135e-03
4.558689083831359706e-03
4.252504660560664160e-03
4.719873431041310581e-03
4.707734648769767820e-03
4.414058946756232657e-03
4.671855162270187670e-03
4.367413739247512708e-03
4.501227005570552706e-03
4.646882676905086419e-03
4.656465120545327449e-03
4.472384346657696727e-03
4.782798055131108443e-03
4.489831213374993572e-03
4.655657400214937257e-03
4.416840082389579536e-03
4.685116185217276866e-03
4.959647708751404975e-03
4.695865659702187431e-03
4.322320883516085101e-03
4.715712062568568758e-03
4.467167042371572583e-03
4.202841329067738899e-03
4.505618897405544269e-03
4.452853748462365542e-03
4.480314348138909192e-03
4.739560991931924920e-03
4.659666660007278673e-03
4.467181511611162045e-03
4.582535185993763353e-03
4.845283844125927719e-03
4.435485347733680687e-03
4.387519090369292225e-03
4.566781134414540921e-03
4.439826552749448658e-03
4.536526450157382651e-03
4.343722667376386307e-03
4.743534612988349955e-03
4.618597653623694559e-03
4.380431646240509624e-03
4.435866769960172123e-03
4.576003288322771402e-03
4.613603621392114822e-03
4.865992459067190919e-03
4.523508895480269666e-03
4.389803449849054989e-03
4.800394848108239382e-03
4.547205350525921133e-03
4.427978685193600591e-03
4.607571393857040273e-03
4.473433545033500720e-03
4.580717857537416719e-03
4.572806303533284017e-03
4.476439237715626289e-03
4.535736597051337471e-03
4.607151136754467427e-03
4.270026979275515396e-03
4.553895231243397339e-03
4.335308928061032928e-03
4.522940075427302024e-03
4.497906252191022705e-03
4.407056068635268817e-03
4.403796540944042784e-03
4.537162000012822174e-03
4.835964558696333876e-03
4.622286554702077430e-03
4.645476392186250435e-03
4.763969908782732070e-03
4.428625726387049738e-03
4.499095259048071019e-03
4.762634580180517309e-03
4.437391851403571508e-03
4.354983538887152554e-03
4.703068080445139618e-03
4.619212407586670288e-03
4.426842304274629207e-03
4.716115476862634340e-03
4.716159855336692248e-03
4.646075904491629542e-03
4.503776945524576303e-03
4.693973555708574365e-03
4.488380254162944311e-03
4.514788566159175578e-03
4.501330906858475901e-03
4.653913000197228492e-03
4.159602618307343784e-03
4.443702845677710914e-03
4.660067888721600160e-03
4.506331000667691301e-03
4.661097817125660868e-03
4.612929800094874022e-03
4.723724451944352060e-03
4.568928587798727105e-03
4.546891720834138860e-03
4.389797353950136531e-03
4.498384167336530286e-03
4.662620296992778593e-03
4.692849430564751192e-03
4.342819588858314907e-03
4.770147808876524544e-03
4.689759816456187322e-03
4.530581762407633224e-03
4.784836077980104789e-03
4.660203094301682697e-03
4.498970448679745840e-03
4.388500958862354140e-03
4.650082214181984475e-03
4.510053135815254854e-03
4.586705937543344991e-03
4.560355446645339948e-03
4.660236957539479023e-03
4.562832745068125424e-03
4.514943959009325505e-03
4.543106349391170390e-03
4.521695441186216087e-03
4.603781868726109644e-03
4.794878468937668892e-03
4.745382233849622204e-03
4.549006877254703311e-03
4.770826035910279671e-03
4.590224271447453444e-03
4.562486972478518865e-03
4.587698168878145272e-03
4.233175926581759715e-03
4.437403984037987734e-03
4.486779712542476178e-03
4.567948540946515507e-03
4.567513155134691159e-03
4.228418081735939478e-03
4.577382327805855876e-03
4.196338572083554985e-03
4.527248804620635086e-03
4.587218487888230362e-03
4.598679182525874237e-03
4.616405684915468599e-03
4.605000464722560499e-03
4.238728911381344291e-03
4.522353798882491199e-03
4.744952025505421757e-03
4.606819896864950206e-03
4.647102885287847547e-03
4.417017448825548420e-03
4.518102516681300578e-03
4.356862087035258749e-03
4.637809919352095002e-03
4.582937456966001098e-03
4.276865593689465998e-03
4.566386569515525420e-03
4.616086314559402978e-03
4.433141430901356948e-03
4.325778743963885030e-03
4.224508108064095081e-03
4.240762515150484253e-03
4.367124614657771735e-03
4.380159628783530240e-03
4.635767947399502438e-03
4.310906909387651753e-03
4.292162944716737538e-03
4.549908814473162602e-03
4.557747544061598738e-03
4.457126481320863864e-03
4.832235225096824689e-03
4.686680196573984013e-03
4.610788759032720570e-03
4.521825944764801264e-03
4.364266730254366851e-03
4.387620691772911585e-03
4.466242674325940180e-03
4.392995365086444816e-03
4.328213795729092886e-03
4.639958867556248645e-03
4.693570326830518585e-03
4.547978079818200924e-03
4.370562020932121199e-03
4.460442438085256665e-03
4.727072759826190379e-03
4.342981361348701060e-03
4.576217386225030735e-03
4.436426377082123597e-03
4.307791719043650193e-03
4.534850979949029033e-03
4.266243315983075067e-03
4.445222255511196811e-03
4.455096101523612837e-03
4.534843102902364788e-03
4.289751625933024663e-03
4.738618301833049870e-03
4.297266212234879951e-03
4.540216667552440105e-03
4.842928470273516993e-03
4.579507835690819519e-03
4.547073409226485598e-03
4.260329315052865939e-03
4.421815690930620824e-03
4.606347002209487153e-03
4.471772615505595870e-03
4.562652419763256646e-03
4.512278187119747423e-03
4.472252086143309845e-03
4.550734427390078045e-03
4.538105534059502962e-03
4.152447083881401907e-03
4.514203628621646543e-03
4.580962896810223360e-03
4.555450600941684386e-03
4.451408560785378651e-03
4.433126268064345801e-03
4.616854414373906812e-03
4.585121591458330391e-03
4.190322573222384286e-03
4.567495763767084709e-03
4.551683095956095444e-03
4.511780595409255711e-03
4.445566904031689540e-03
4.328642712283057789e-03
4.496348193690117602e-03
4.510332400005208353e-03
4.569201823514353229e-03
4.177778359411499741e-03
4.395251016932500733e-03
4.421467907909465596e-03
4.481670164007779678e-03
4.608537430867295191e-03
4.526576545926659818e-03
4.555461110101652854e-03
4.421154691456805064e-03
4.606502846478536736e-03
4.575860411392507036e-03
4.408577566835344616e-03
4.608778657946534067e-03
4.355458048041657877e-03
4.602441589326725958e-03
4.189616932065726856e-03
4.277585478182593763e-03
4.170522348726213996e-03
4.555120418655266012e-03
4.693168188467051159e-03
4.345521223004725556e-03
4.817923571908951617e-03
4.461435176983113635e-03
4.560827276052011915e-03
4.217689313247138458e-03
4.238889815470632885e-03
4.386898760411455343e-03
4.514778628337308940e-03
4.689779675680418557e-03
4.486955219720624444e-03
4.422108594252318475e-03
4.363431755624294986e-03
4.475136122149185082e-03
4.476976358214090033e-03
4.276316506217689786e-03
4.322878959163226759e-03
4.495707670894839511e-03
4.517011288486028932e-03
4.620704400434457078e-03
4.454676548190797739e-03
4.558022223162480797e-03
4.418297983546797675e-03
4.493797896153910523e-03
4.435821860272580984e-03
4.418207678509150291e-03
4.686272985175132452e-03
4.482499691195851454e-03
4.471142642736343313e-03
4.251690899097698012e-03
4.247913746565620818e-03
4.547954243378936681e-03
4.377941060305105304e-03
4.449162329324770140e-03
4.594387399407488110e-03
4.434231701155498528e-03
4.427536661564022459e-03
4.311724639048003169e-03
4.401953215815972847e-03
4.384966721980877551e-03
4.732508036725559079e-03
4.409349947555645834e-03
4.280761492017808555e-03
4.545415727721574539e-03
4.476964025586937027e-03
4.406129436712249645e-03
4.357609987361512997e-03
4.370620400006602034e-03
4.543889389576244268e-03
4.511050670050861106e-03
4.361814662276531675e-03
4.426546809878380458e-03
4.559803402586727269e-03
4.356372090119325913e-03
4.505136704789193015e-03
4.262328938297754721e-03
4.346549211329309853e-03
4.624695098804565072e-03
4.652246105677463814e-03
4.503607215245073250e-03
4.443286452869354280e-03
4.614476136073609146e-03
4.776192205479701247e-03
4.431262780865601394e-03
4.429376182012996314e-03
4.595995654477946085e-03
4.560843515382647338e-03
4.714128015698388491e-03
4.546104315676211330e-03
4.334752033953455375e-03
4.547259510195105457e-03
4.546719984700050080e-03
4.392475041912573090e-03
4.302820103653689533e-03
4.440839853744584821e-03
4.613849330227852603e-03
4.434028360428831327e-03
4.320077865381056169e-03
4.240088610090382223e-03
4.332426559256936233e-03
4.681492048353359282e-03
4.490853820787471355e-03
4.431675964223642274e-03
4.472191869687405785e-03
4.606258983188980978e-03
4.541992891830558959e-03
4.807398628323872151e-03
4.252793436750433066e-03
4.374766499289838191e-03
4.477430765786384950e-03
4.567766499261579141e-03
4.297578224517404483e-03
4.247299368822083504e-03
4.384365688001359319e-03
4.618821541334383954e-03
4.165045065899492492e-03
4.653187400753965204e-03
4.799688638163011022e-03
4.588114681730651005e-03
4.330838050458757880e-03
4.452162616030168676e-03
4.382370968908022406e-03
4.350876304165614619e-03
4.315398429989588877e-03
4.578262792138183650e-03
4.150888089292027912e-03
4.557997643765843848e-03
4.530288483921078926e-03
4.397895426971876881e-03
4.583324206936474632e-03
4.150727439264577726e-03
4.652376242459485382e-03
4.541132782578382980e-03
4.378123149735554942e-03
4.532863681901082298e-03
4.332037434780919988e-03
4.477589248746432875e-03
4.663759737848331872e-03
4.601754164536989503e-03
4.609656996843843751e-03
4.397249849340183030e-03
4.594113572144719986e-03
4.467158648625360606e-03
4.430462526459015733e-03
4.583542493653046737e-03
4.628910552297463808e-03
4.295637464725332588e-03
4.584725933042968840e-03
4.430551327045776332e-03
4.608705327264236810e-03
4.498419573817965395e-03
4.239878454929900918e-03
4.312132328062549119e-03
4.539840428335576925e-03
4.774910120679252447e-03
4.576909129756459582e-03
4.279111488098299998e-03
4.360040956272821268e-03
4.670349942292365518e-03
4.424382166221097791e-03
4.719764106638413802e-03
4.464769149411645759e-03
4.414516923293973667e-03
4.442451942385766683e-03
4.615803435626540836e-03
4.623174557179324240e-03
4.388417244450157524e-03
4.510508025047940163e-03
4.478986089360947366e-03
4.539490552605929957e-03
4.216873953030470835e-03
4.485264736516584791e-03
4.590731303395528123e-03
4.444364894359164112e-03
4.404009937210595985e-03
4.492161843256334275e-03
4.591641153644760581e-03
4.514534566136802103e-03
4.467963581687483914e-03
4.381348973346350754e-03
4.351036242795668953e-03
4.637022190062809433e-03
4.457059476649687796e-03
4.305891895838634235e-03
4.661470299722267861e-03
4.499922742526719747e-03
4.219133218675680773e-03
4.374503782130436877e-03
4.504694452109539969e-03
4.341428200996604383e-03
4.372690258639929176e-03
4.515331281479935746e-03
4.464546840678765977e-03
4.695123375145683446e-03
4.625763308301916732e-03
4.605819497056295141e-03
4.435515980053626912e-03
4.246665363672820319e-03
4.293245122073060215e-03
4.582729549377451313e-03
4.677891469375256538e-03
4.290004395383204515e-03
4.371486272472519322e-03
4.362168977041675465e-03
4.307223330284045554e-03
4.428251370044817073e-03
4.601084880386290855e-03
4.580313737591015094e-03
4.375555617043479402e-03
4.520415354248565228e-03
4.479918013123449644e-03
4.349739342959290343e-03
4.203411538066383762e-03
4.478470753120808792e-03
4.569701351306109001e-03
4.651464674522955839e-03
4.620260175491868598e-03
4.630806900115665495e-03
4.299881031764816661e-03
4.400112669584197410e-03
4.384314131222465452e-03
4.256399011950334071e-03
4.344691667632605801e-03
4.478633141667743602e-03
4.449294287551138621e-03
4.392540632775115625e-03
4.365691748249207055e-03
4.373384468526762651e-03
4.620931693944271834e-03
4.387587428339631210e-03
4.370670315886000627e-03
4.427103421888573496e-03
4.452947357079668420e-03
4.619435312736993281e-03
4.543041735314513538e-03
4.720568918096712009e-03
4.257057887715977838e-03
4.458929395028722771e-03
4.411205138565265672e-03
4.253045293411439678e-03
4.636273571353544988e-03
4.523321356237489446e-03
4.590489804446037242e-03
4.507468570328487280e-03
4.387770873534206813e-03
4.402344728672504155e-03
4.433018868520196241e-03
4.474278295718389815e-03
4.535377217814980620e-03
4.507346232497556546e-03
4.511134783950944069e-03
4.528095577660132612e-03
4.622972864845238325e-03
4.376244017086945194e-03
4.389594617291043069e-03
4.323835716544696672e-03
4.479446175948751871e-03
4.413091821133242193e-03
4.251473701417788839e-03
4.167106462700099004e-03
4.475710831875056618e-03
4.559250180252319082e-03
4.461604620299609511e-03
4.565829639289220067e-03
4.455749028471406824e-03
4.770394448311138930e-03
4.489366142856776598e-03
4.670007468979098068e-03
4.631971917150042896e-03
4.480036942036309811e-03
4.417530815688319214e-03
4.468920904454560215e-03
4.685900863501849672e-03
4.571289220990966060e-03
4.634858076523594266e-03
4.512094861122790609e-03
4.382624426171630866e-03
4.526646700493917701e-03
4.269249915469800795e-03
4.296320908380509875e-03
4.542745881950214192e-03
4.308130797287931281e-03
4.268350226703065790e-03
4.403233927366011560e-03
4.414406691258136728e-03
4.428495269823206487e-03
4.239192738586998119e-03
4.549541384630562471e-03
4.453526434378973949e-03
4.522140591420391841e-03
4.302939338853743224e-03
4.657467801788562831e-03
4.464583326592322897e-03
4.447836787403894841e-03
4.399350521626406788e-03
4.427688795491025418e-03
4.387266541660629453e-03
4.417390314488198709e-03
4.426766769335962505e-03
4.256257034918434733e-03
4.524569728610963217e-03
4.404650890492947148e-03
4.614586280147027486e-03
4.720087541731615710e-03
4.339966085509371942e-03
4.227753422611528131e-03
4.741402776702634096e-03
4.435909810672269797e-03
4.503358789790301575e-03
4.333027769129923525e-03
4.319638025635738968e-03
4.476925777550560051e-03
4.270271305717485144e-03
4.641474413728532804e-03
4.723787044798849651e-03
4.565816331561439213e-03
4.627863490481279145e-03
4.506330085056665935e-03
4.347033407019445204e-03
4.460762070096932659e-03
4.757117950412821303e-03
4.475014461370456845e-03
4.539554046104525911e-03
4.406326421393854179e-03
4.309170492001992286e-03
4.583656537213803145e-03
4.539700317885755725e-03
4.684723747048103078e-03
4.352609192036976070e-03
4.261939220695298153e-03
4.387671272189901800e-03
4.355186688462996288e-03
4.406563856588567064e-03
4.615401155059766988e-03
4.515118792897441537e-03
4.309407604358552260e-03
4.624720919789637383e-03
4.465811542541716500e-03
4.415140079089746594e-03
4.496551872037645760e-03
4.126501681152100302e-03
4.349605723242380359e-03
4.483641582439423963e-03
4.303333034805898079e-03
4.233604550523929581e-03
4.271085689303783309e-03
4.161533202394565763e-03
4.573982262854421263e-03
4.293399563845076358e-03
4.496329322723716972e-03
4.475078559423276321e-03
4.504497950461159965e-03
4.346140215561287642e-03
4.323537121867213930e-03
4.329644715887191221e-03
4.592437299721748717e-03
4.236211542958761428e-03
4.350936643037575137e-03
4.591740732748674642e-03
4.365959352211794438e-03
4.552761684053508937e-03
4.832256007189242308e-03
4.305561788879774289e-03
4.385308598401313832e-03
4.510299968098627037e-03
4.206515901774733092e-03
4.677407828469695369e-03
4.347284113262725458e-03
4.214257587431778466e-03
4.149197599984773971e-03
4.442043750790152824e-03
4.327434655680441160e-03
4.626016116403606528e-03
4.066175256593473897e-03
4.345366314660492786e-03
4.476488155648290085e-03
4.303813663924869158e-03
4.227019199640609862e-03
4.401119138606002755e-03
4.163778865106012791e-03
4.499417655985503244e-03
4.596454392976671854e-03
4.278399448188874472e-03
4.541114719154137891e-03
4.205405508311740523e-03
4.400903972147067120e-03
4.407853827088252692e-03
4.303614900580839814e-03
4.377620103871757151e-03
4.372056936822174555e-03
4.402852711308750250e-03
4.219512273162539379e-03
4.609022530724669886e-03
4.542294026555587262e-03
4.547801080620725994e-03
4.496427798394452870e-03
4.414055777875636362e-03
4.607094929692578944e-03
4.589440156401660038e-03
4.552922438871476532e-03
4.255584484613761202e-03
4.286162874978474702e-03
4.582424076288869191e-03
4.346756418664451428e-03
4.277722131727835532e-03
4.317674847944662046e-03
4.424805992941927002e-03
4.445900734912134646e-03
4.169160102888097227e-03
4.420347806684112556e-03
4.319470077299033227e-03
4.440535693897895535e-03
4.441010597203267317e-03
4.423647352098911828e-03
4.316573821973491640e-03
4.477580341883189395e-03
4.108999676826849239e-03
4.314109024730333232e-03
4.401712275216690916e-03
4.293795442198587199e-03
4.423677002773209604e-03
4.621363571925988199e-03
4.409946741431988379e-03
4.566195673231115276e-03
4.344080677317836529e-03
4.021763853347878719e-03
4.343300301560745584e-03
4.376672200227729216e-03
4.405257257039360379e-03
4.367933576216555432e-03
4.492583590694740163e-03
4.515318458300859872e-03
4.340638132568854293e-03
4.336992933209544814e-03
4.533971052666377691e-03
4.325550629972418903e-03
4.330994963166503488e-03
4.459404340084517984e-03
4.327903169637087495e-03
4.457030962005417880e-03
4.341816058391697805e-03
4.204421979617034913e-03
4.165617905668323254e-03
4.566380121414558187e-03
4.275453434689252714e-03
4.284507207908111633e-03
4.376166783007081826e-03
4.522848342424074658e-03
4.243810990338347557e-03
4.392573491755640859e-03
4.275456914417143095e-03
4.273623387140076772e-03
4.425386184487315952e-03
4.345377484334905609e-03
4.527953492664361923e-03
4.309488246879542191e-03
4.586399034742679771e-03
4.450938252880492357e-03
4.559310760106617851e-03
4.275977813704389709e-03
4.357388334984350388e-03
4.156876701244905346e-03
4.324005280460028154e-03
4.394761765231392642e-03
4.313492435344642648e-03
4.113250337505705394e-03
4.736962568490698904e-03
4.215486879149286416e-03
4.441394749329023728e-03
4.087303775746863911e-03
4.443663890652265955e-03
4.700567804035803328e-03
4.313153562621793898e-03
4.412515418971005993e-03
4.274751750314281437e-03
4.365838924397137319e-03
4.379655697507555713e-03
4.483692924542854660e-03
4.122942363803209880e-03
4.685394777905495939e-03
4.358053730395082710e-03
4.254972517473617870e-03
4.372029590582300444e-03
4.277502519539345439e-03
4.194340142389681170e-03
4.431743918780558719e-03
4.297919188511455449e-03
4.402983690895288967e-03
4.482716274944755636e-03
4.315742271766802654e-03
4.332807585736537549e-03
4.609391383969260909e-03
4.435307880677461824e-03
4.439170716607870361e-03
4.554120694552885734e-03
4.358397336084520422e-03
4.402813206882781952e-03
4.585870021295109476e-03
4.589168343303778874e-03
4.097962091607571487e-03
4.120523247735452879e-03
4.879437196835597658e-03
4.393523844084811468e-03
4.592878778574161630e-03
4.348217136765140586e-03
4.440843686053209775e-03
4.416862027438294390e-03
4.511121601403928275e-03
4.394749774146474233e-03
4.564027516728552322e-03
4.267096031401338731e-03
4.281155730335850854e-03
4.161719867815034599e-03
4.266436532938343816e-03
4.225980579538803072e-03
4.560419685485663475e-03
4.509090820097852795e-03
4.481168133159060818e-03
4.469343020130755323e-03
4.403147194094677447e-03
4.314567666322728819e-03
4.461321924608764415e-03
4.224040012675930704e-03
4.598055879638329388e-03
4.426325043573893676e-03
4.379412766830808983e-03
4.463916123438743666e-03
4.379029188800722013e-03
4.338997619157794298e-03
4.549804423906367648e-03
4.274362354895861263e-03
4.706867207002299845e-03
4.780481592521599113e-03
4.189279920546594427e-03
4.290081018885838482e-03
4.419103958914696526e-03
4.296757161358512496e-03
4.469656540809593091e-03
4.515993623153044187e-03
4.365039410394474725e-03
4.219439413301554614e-03
4.535355373176651501e-03
4.311486586580258115e-03
4.236544485270570329e-03
4.265705101877002338e-03
4.619658799356608260e-03
4.395164216724510749e-03
4.371618587022537208e-03
4.448862130528432289e-03
4.249554797167000818e-03
4.404606632355168375e-03
4.190409306648781862e-03
4.674534387873736756e-03
4.353442410592124438e-03
4.260652714325281407e-03
4.403215622592633952e-03
4.019677692579951001e-03
4.448086512588648143e-03
4.123022977773151999e-03
4.469003187065585282e-03
4.286190469848614494e-03
4.359949646633463037e-03
4.265639342085526461e-03
4.556355766472776521e-03
4.290384501768175138e-03
4.526935145351344836e-03
4.330779037762031228e-03
4.384925528536779034e-03
4.245956366849095755e-03
4.441265376774492478e-03
4.153809857358021010e-03
4.133530843378392140e-03
4.246841656262516883e-03
4.258110328756221745e-03
4.353539650702380887e-03
4.503605173442644730e-03
4.318665234805033233e-03
4.366909818834962057e-03
4.678014643743668051e-03
4.093252401424563210e-03
4.287193577765593087e-03
4.309083136016771641e-03
4.252165281018866622e-03
4.271146631463106601e-03
4.388213814456167622e-03
4.431951571731993292e-03
4.353631952925675168e-03
4.238393492251384641e-03
4.405265694978482971e-03
4.573593263295642163e-03
4.453617320456511146e-03
4.368885313149722602e-03
4.484646171308851771e-03
4.383009579686351215e-03
4.633081475160994583e-03
4.205612512771055717e-03
4.430793353808947128e-03
4.397146032176523812e-03
4.437329412758692949e-03
4.505652287540672443e-03
4.556398883904925513e-03
4.264977649745029138e-03
4.649178812851186872e-03
4.329190351819787834e-03
4.493485732728008664e-03
4.432140365739892576e-03
4.409581130034890932e-03
4.293823122440109698e-03
4.832596451524528471e-03
4.213050317313654820e-03
4.173205171756871890e-03
4.455133350877379245e-03
4.519912575200273758e-03
4.260664760231886068e-03
4.649212914690835016e-03
4.004910020857349248e-03
4.399168927402165655e-03
4.448983798006652182e-03
4.281219593920206588e-03
4.463284629855981261e-03
4.400309250400110186e-03
4.664895395159048344e-03
4.281569222026711079e-03
4.494303274854728227e-03
4.281964989894101667e-03
4.073779954938403121e-03
4.190244324526363334e-03
4.447476888466909972e-03
4.447946019566106912e-03
4.271687656623525224e-03
4.472762204311240587e-03
4.458474292099974014e-03
4.549686067012386793e-03
4.283269944048039533e-03
4.455059177510835820e-03
4.192166691091745237e-03
4.539842936916425181e-03
4.258644425674514532e-03
4.248177003378647738e-03
4.259043363408348236e-03
4.479639782775403194e-03
4.498835282923888818e-03
4.462963264177248132e-03
4.390053616519290144e-03
4.520883251563579709e-03
4.482176576821558442e-03
4.571030575098561019e-03
4.581913115005888451e-03
3.881797442337804171e-03
4.242943832782985689e-03
4.365747659571161260e-03
4.372933273542582537e-03
4.496987761655615347e-03
4.571444709219027284e-03
4.306791454150304087e-03
4.345089003671243760e-03
4.490330048786993385e-03
4.354308065506202335e-03
4.169463694698940723e-03
4.285101498770333556e-03
4.462062041166448868e-03
4.330676407486037417e-03
4.361700155552682319e-03
4.093274001333708362e-03
4.232665265521165857e-03
4.638891324232348456e-03
4.227374632401411508e-03
4.204384336496082113e-03
4.328139044655537893e-03
4.564249885810661191e-03
4.603783335997923241e-03
4.539539000282712643e-03
4.320466795147929508e-03
4.484418242088253521e-03
4.278315451799241664e-03
4.465510714005713720e-03
4.533732840300336644e-03
4.372420861974018330e-03
4.346175580162238428e-03
4.263518635324759810e-03
4.378324610108423262e-03
4.300684114617920988e-03
4.408455418781277377e-03
4.302486784010007420e-03
4.499808733908896435e-03
4.240359178787162127e-03
4.296744296231237367e-03
4.460527133570702830e-03
4.244804887887626728e-03
4.430010414568920710e-03
4.720889099280503771e-03
4.543282652464194701e-03
4.446259089616455031e-03
4.374571673569201992e-03
4.411722208610668536e-03
4.266403687932981623e-03
4.391659868640132060e-03
4.348557546605531093e-03
4.089000630089365852e-03
4.373894552694542609e-03
4.204081243917638828e-03
4.622188494619985759e-03
4.433468195675448371e-03
4.544600046983657618e-03
4.006838753149277732e-03
4.419471554820976825e-03
4.292309332509442084e-03
4.125375383511020386e-03
4.306168185978970914e-03
4.048434067004882606e-03
4.404879214529774586e-03
4.267441551907199052e-03
4.136449587929487588e-03
4.405086538034000930e-03
4.493348334855692960e-03
4.192892083623544867e-03
4.295097936620072623e-03
4.386078446481123626e-03
4.353412014022521939e-03
4.479194915108096649e-03
4.501705509148949506e-03
4.514160241960445304e-03
4.445642961483317092e-03
4.381136481245607485e-03
4.426173059687885970e-03
4.367159383883440459e-03
4.407941006876046897e-03
4.565465057363402544e-03
4.470218718581828350e-03
4.303479941567012537e-03
4.485336232393919570e-03
4.209448448518085702e-03
4.214712543738259078e-03
4.181518157015787045e-03
4.480735169251242808e-03
4.176443223959202047e-03
4.504349222253738357e-03
4.215235435969070209e-03
4.489420111749213224e-03
4.303019553383209857e-03
4.487037565888745728e-03
4.259784714259802312e-03
4.335810065252042322e-03
4.362708431967365387e-03
4.583990370289026464e-03
4.214043157408059459e-03
4.476885784787000902e-03
4.338940060891516987e-03
4.147128881284598174e-03
4.296382521125233743e-03
4.167553415246527324e-03
4.467745073497930361e-03
4.271980610300576443e-03
4.338439049534154913e-03
4.452417968787744651e-03
4.378553114067810191e-03
4.394937669843272665e-03
4.248539897557949800e-03
4.257303849325449856e-03
4.220808164252592802e-03
4.378008615174607508e-03
4.438362414619523126e-03
4.202334645249600556e-03
4.454855587876309884e-03
4.433514518164297438e-03
4.234785372659463643e-03
4.444956888794688796e-03
4.460691692330489080e-03
4.403186175343053350e-03
4.261313562966693308e-03
4.169527110691210667e-03
4.518886143132844722e-03
4.325036414713076365e-03
4.416518130535090902e-03
4.541958785229779222e-03
4.186120568699480508e-03
4.086102834527569755e-03
4.077864694390120545e-03
4.224114908032346530e-03
4.296287871615271474e-03
4.356929693108457617e-03
4.574065506240231581e-03
4.154293950610297818e-03
4.083583359897173699e-03
4.313217083806973780e-03
4.263929548596453491e-03
4.344913903017646496e-03
4.200145925340318873e-03
4.178768023941624964e-03
4.460265364012973126e-03
4.330751091935977799e-03
4.229398855964678142e-03
4.472370286569490178e-03
4.194725013608867348e-03
4.325588023724306376e-03
4.304857072385227627e-03
4.256875602457264006e-03
4.265724327028071541e-03
4.223278782915729224e-03
4.462641482192429912e-03
4.405011120799963258e-03
4.451664289186254946e-03
4.314125648766063692e-03
4.638617846830256353e-03
4.499775796168005784e-03
4.213158805606619442e-03
4.133452610658793630e-03
4.340663685795128832e-03
4.479281438223900631e-03
4.332941066195146462e-03
4.583864634808461867e-03
4.269754035366934812e-03
4.409963970611956510e-03
4.403494579025401395e-03
4.138263861503534841e-03
4.373636709162608167e-03
4.115440766011517829e-03
4.379621497483091389e-03
4.337752147904126721e-03
4.501172942771387332e-03
4.719444114966306163e-03
4.362982544396295029e-03
4.401018002464381594e-03
4.274719981000449885e-03
4.344460907821841647e-03
4.204931216781076890e-03
4.365130051356294269e-03
4.173185685667386846e-03
4.284305987807742258e-03
4.562470860146690746e-03
4.246699688700087023e-03
4.421120414593026314e-03
4.495122086396229413e-03
4.479511059384364870e-03
4.283392422448225288e-03
4.249554573958809305e-03
4.542414768238407612e-03
4.269924891779175273e-03
4.229758275074988957e-03
4.238049140106654386e-03
4.312430377747553632e-03
4.112581246315260425e-03
4.452574667046104925e-03
4.161053059669010679e-03
4.264289975587176248e-03
4.330698069375459383e-03
4.487478743180965159e-03
4.472219902107740439e-03
4.272362763778369578e-03
4.277208332078538504e-03
4.169954720542543188e-03
4.070827058660728137e-03
4.464589634609394259e-03
4.266001182942525012e-03
4.436362221385796965e-03
4.560032071714597256e-03
4.120204713488620323e-03
4.444003930997902224e-03
4.248994873862139629e-03
4.378561933631590006e-03
4.584434910523857779e-03
4.296876855641864473e-03
4.345437184863159240e-03
4.440217793198283740e-03
4.246665085514650211e-03
4.565791868067216666e-03
4.290942306107821229e-03
4.069322620605938384e-03
4.331837390919200496e-03
4.544900100881860312e-03
4.583935413806636446e-03
4.460268205199022576e-03
4.458897309117153610e-03
4.054143928558179635e-03
4.416524562333005478e-03
4.036999272381922889e-03
4.235308812591223604e-03
4.457598773212540985e-03
4.326766476177678136e-03
4.462334308598945101e-03
4.385819413846780632e-03
4.322037516158514295e-03
4.261928925500859874e-03
4.292220938560300028e-03
4.327855781742782730e-03
4.348460667743916756e-03
4.252541836699887633e-03
4.403629302232695518e-03
4.266793927162250248e-03
4.038329955164862359e-03
4.081046449019349980e-03
4.330165157309160025e-03
4.536698641449453048e-03
4.249756143919173820e-03
4.488777897537840275e-03
4.238437322970575911e-03
4.325326224328795120e-03
4.091945748325301509e-03
4.454435709259255138e-03
4.640011571956682845e-03
4.290453273030871845e-03
4.321542025592163203e-03
4.447573468972293963e-03
4.539633472645501246e-03
4.494630066757004765e-03
4.575955381469214329e-03
4.320695188148663581e-03
4.300749426036364585e-03
4.389378971486238012e-03
4.363952532185451025e-03
4.464329405619037010e-03
4.519787480531388922e-03
4.218831474316979933e-03
4.075363747724839759e-03
4.285287599935336256e-03
4.184065580684291283e-03
4.333536151238338505e-03
4.434798055034475453e-03
4.290267402491737374e-03
4.543340423957571185e-03
4.232749358095341634e-03
4.435021782799181307e-03
4.379310635208898475e-03
4.284663029411254001e-03
4.058080564048667516e-03
4.172789891934687231e-03
4.239208315647319432e-03
4.601377044970773877e-03
4.512273899382099850e-03
4.227214480377369799e-03
4.318429065899907424e-03
4.368938632653136638e-03
4.280674151546848792e-03
4.263263848165795185e-03
4.372126051859155475e-03
4.284743016841289359e-03
4.056225890856364480e-03
4.347492959839085493e-03
4.159190553662813622e-03
4.262190321946131115e-03
4.426564219193777731e-03
4.449176861650876516e-03
4.133812967823746222e-03
4.248266166551079026e-03
4.143335714291891854e-03
4.350058366623075178e-03
4.364733252071200699e-03
4.031645382564320867e-03
4.275075920103059424e-03
4.319236068184219290e-03
4.438336071039371625e-03
4.222526807083228258e-03
4.426015896771918166e-03
4.160080603416606640e-03
4.550819460229695718e-03
4.430579818229909636e-03
4.228178918884097255e-03
4.379150900230137020e-03
4.314813014019510187e-03
4.351991553708194245e-03
4.247626993542245009e-03
4.304076612598097679e-03
4.254284308707407397e-03
4.207692760391284516e-03
4.416857976835462940e-03
4.366953353787390683e-03
4.001987618271043122e-03
4.275955407274149855e-03
4.049683196265994878e-03
4.336917539562668011e-03
4.540118111882359385e-03
4.174680778371791558e-03
4.320978105397588719e-03
4.273554241461945645e-03
4.368723754364743118e-03
4.011663001331126563e-03
4.164132433995890517e-03
4.550387026609778104e-03
4.298830341169792083e-03
4.389617160782378902e-03
4.064875708055705993e-03
4.225657166783893838e-03
4.267748950425570738e-03
4.575829427925985453e-03
4.363132917271412073e-03
4.087405612094915236e-03
4.380456974696534007e-03
4.120017385717563048e-03
4.346286037041523914e-03
4.449658501257040648e-03
4.319970703174823290e-03
4.276644156767540374e-03
4.557452450419646056e-03
4.402853790644499499e-03
4.298744365997791278e-03
4.087440892396769672e-03
4.273459363263244423e-03
4.569282249499960653e-03
4.169473489265424979e-03
4.282004535397380789e-03
4.490716290348252017e-03
4.365201657179310947e-03
4.442689453852391099e-03
4.225925291762979395e-03
4.074144464699946955e-03
4.110964432965566982e-03
4.144416407844607637e-03
4.113088135859045355e-03
4.398604377061840487e-03
4.323855266039282330e-03
4.238958719067712627e-03
4.066679282587988727e-03
4.364456107881187555e-03
4.251535045176139602e-03
4.262143452958710825e-03
4.150979872294398992e-03
4.403984302861376279e-03
4.099842787147686685e-03
4.200722573071957559e-03
4.481441227570337645e-03
4.058565016926599968e-03
4.475928957879064807e-03
4.024389578351299755e-03
4.319020345248553508e-03
4.195642403862130665e-03
4.358725983806193555e-03
4.325957758257154180e-03
4.572266794799631669e-03
4.239582544634319834e-03
4.377573794213465881e-03
4.122708902428593759e-03
4.428648399546318212e-03
3.938093064598684190e-03
4.200809047040678437e-03
4.100375133542094770e-03
4.365644802613732542e-03
4.155832908098868600e-03
4.290561359707981311e-03
4.260137760495761629e-03
4.127833644566305735e-03
4.291626821262497019e-03
3.973277854866123088e-03
3.976432206363965209e-03
4.117705647847714860e-03
4.152853427581754478e-03
4.123170835562461889e-03
4.119221216314587937e-03
3.983893036448424643e-03
4.187208709996104866e-03
4.379720302963916248e-03
4.632492048628469514e-03
4.326038475478568776e-03
4.492672947137411540e-03
4.262186506243245514e-03
4.335273753330569531e-03
4.312196200767244754e-03
4.206517821061813919e-03
4.549298338160209267e-03
4.155065431593776663e-03
4.265401402969844387e-03
4.250568301453845101e-03
4.454334983132134627e-03
4.617811902072240134e-03
4.354622082817605037e-03
4.067290774171985514e-03
4.214885917023396267e-03
4.172377820228194943e-03
4.226695854272228409e-03
4.174824905779507545e-03
4.164625424028659331e-03
4.242418365990662660e-03
4.288994197941100976e-03
4.536495425264163057e-03
4.239123977590978677e-03
4.236444755488299324e-03
4.278055540491519822e-03
4.284945764022437403e-03
4.478600594325686003e-03
4.273764437586097774e-03
4.405645558939041452e-03
4.275059784949665487e-03
4.205704961171945200e-03
4.142903302958670167e-03
4.205346406839114912e-03
4.260579876384579072e-03
4.054683680555932687e-03
4.328233242487945429e-03
4.498591396850298851e-03
4.192143067114122157e-03
4.422962463612359341e-03
4.269659601850056205e-03
4.204149919676253462e-03
4.324546362042586307e-03
4.036278876982180366e-03
4.368626377697678274e-03
4.335781782223431351e-03
4.387614594950318796e-03
3.983991917848310471e-03
4.331879008008444019e-03
4.385707191374835223e-03
4.278832202811698633e-03
4.233233076078000978e-03
4.214507090291572111e-03
4.174376817144317964e-03
4.460525409988205618e-03
4.287139873308059256e-03
4.190988742947435002e-03
4.121548648520923647e-03
4.265118356193805388e-03
4.242961838194022825e-03
4.398982173784252679e-03
4.257995180807071234e-03
4.197197182063278249e-03
4.219091368187350734e-03
4.488305104321016828e-03
4.175025788701068608e-03
4.528670467885178783e-03
4.068150988126498571e-03
4.204234830970712648e-03
4.137725771273620574e-03
4.094728700714588519e-03
4.545573460018706088e-03
4.295889573894359770e-03
4.314493729138538583e-03
4.124145708801625967e-03
4.234816976684651312e-03
4.212319626422978552e-03
4.180283541705110371e-03
4.400219876108465641e-03
4.294647167613216236e-03
4.238523393805856097e-03
4.093587285159665939e-03
4.268304880122303704e-03
4.257089563168915507e-03
4.088344590494346828e-03
4.358542099543004020e-03
4.151500513172401950e-03
4.624488274099368586e-03
4.355414206406012234e-03
4.349193970617677707e-03
4.313378856755895920e-03
4.326112753967830890e-03
4.344231579868345662e-03
4.428967739341422086e-03
4.249574221196390951e-03
4.417343131379663015e-03
4.386575698381081460e-03
4.291633423875644213e-03
4.339603756601610393e-03
4.315457975683896497e-03
4.320870810898217590e-03
4.062118889697801521e-03
4.025640589841325556e-03
4.430155755305207124e-03
4.128853711590253772e-03
3.938039878404551303e-03
4.219778035373782446e-03
4.308007683570665332e-03
3.973459072857164244e-03
4.198596639581443982e-03
4.197284449358988298e-03
4.378970739433735854e-03
4.332179008635067725e-03
4.183000591523887250e-03
4.232067202389376906e-03
4.208865297344343594e-03
4.166704892592018768e-03
4.355465357660786609e-03
4.413510304576617228e-03
4.167038640576910605e-03
4.468010762796945957e-03
4.283891090925738034e-03
3.882451782222098163e-03
4.332711727170100550e-03
4.220953160684715044e-03
4.196991923219275077e-03
4.075382915891505656e-03
4.176199348522363110e-03
4.339628816583926234e-03
4.217811186243064503e-03
4.178309843966762638e-03
4.123963442751847792e-03
4.240429016204508642e-03
4.193890206917929436e-03
4.215374527189066738e-03
4.055773859558776083e-03
4.331550452080011430e-03
4.199238192215982816e-03
4.406286393048374807e-03
4.077128058305643475e-03
4.319103899847143331e-03
4.441148424837887757e-03
4.385641225879422823e-03
4.503151269333439607e-03
4.194225783844892849e-03
4.393685103454962951e-03
4.327629066322328209e-03
4.188564006670765158e-03
4.179041572535180382e-03
4.318339500093661826e-03
4.153773549179106198e-03
4.329084263202935545e-03
4.310872774104678243e-03
4.248647299781233184e-03
4.299885837986347666e-03
4.290184557418494013e-03
4.315054222686181586e-03
4.305313443843415862e-03
4.270787818567298860e-03
4.329975018771160637e-03
4.092272898474094700e-03
4.509847315348012448e-03
4.385655091492300303e-03
4.003186533991234634e-03
4.174100452957353082e-03
4.340103661535937678e-03
4.278854708279805803e-03
4.154748402685978954e-03
4.054428302721978239e-03
4.052650134308725255e-03
4.190789396749047130e-03
4.197263027902621742e-03
4.207739714753202208e-03
4.181435758977910741e-03
4.465738822237253457e-03
4.014221145968938434e-03
4.284741129042746871e-03
4.302202085339550293e-03
4.049852630899145912e-03
4.172441038835572602e-03
4.148032748563737319e-03
4.433564948783866658e-03
4.212663178920125415e-03
4.016781068070190627e-03
4.152008553253511147e-03
4.007656010541592838e-03
4.103651850789568831e-03
4.395099335958905194e-03
4.129867061131461611e-03
4.089005091137863472e-03
4.329026118433534388e-03
4.032546742147449098e-03
4.222561508562721125e-03
4.394860478840695826e-03
4.462119789462491541e-03
4.295705069295296420e-03
4.203549023030575711e-03
4.409497954244380631e-03
4.439406320177982992e-03
4.209937259380781144e-03
4.046105833111165485e-03
4.425536886822852012e-03
4.435244099374790160e-03
4.235126111894106475e-03
4.219338293230829803e-03
4.303147514594240705e-03
4.489796488087837399e-03
4.190839821302066309e-03
4.294056762500558441e-03
4.394889770684061621e-03
4.107731783953090694e-03
4.558641833707005771e-03
4.277991554618567303e-03
3.897222698139472547e-03
4.478149236305237375e-03
3.953067880799077116e-03
4.499792661137418104e-03
4.302804297394859090e-03
4.393763889676952084e-03
4.465740540499819541e-03
4.266591458232022772e-03
4.401712260053705465e-03
4.337463921355320766e-03
4.179947375808389445e-03
4.331261146288609143e-03
4.169332614087230271e-03
4.290938007018703544e-03
4.134886665764912761e-03
4.096268529828534476e-03
4.424960879752876802e-03
4.138069728746102821e-03
4.134082074988910775e-03
4.153313447249699572e-03
4.205901701191511709e-03
4.114745420148710475e-03
4.155966261187209534e-03
4.430569913304534084e-03
4.173832989269013645e-03
4.455250124920242562e-03
4.243752772521380140e-03
4.185484544022127426e-03
4.150046210383069589e-03
4.269745755062155299e-03
4.281299340663968084e-03
4.128688849845557791e-03
4.453128809894358817e-03
4.582881218223139666e-03
4.213676923104332089e-03
4.316445631318308745e-03
4.337803253499032848e-03
4.225839643321638479e-03
4.225202609597791467e-03
4.186179024642031413e-03
4.188280813970758805e-03
4.421421130405083465e-03
4.236045863081337216e-03
4.436503843496341845e-03
4.203867056349604690e-03
4.390404410059936188e-03
3.970873233472646362e-03
4.068092225724029461e-03
4.102827447295269263e-03
4.091004490196292059e-03
4.424917715846790264e-03
4.279337672968759089e-03
4.420622786152583923e-03
4.242716571293650082e-03
4.615979144858181095e-03
4.168286743810844727e-03
4.205163229831396579e-03
4.110159511592331380e-03
3.991915619943629812e-03
3.993499364077370863e-03
4.227864341376833500e-03
4.685031290998199587e-03
4.063761154227693920e-03
4.149500882263725161e-03
4.277458110334459059e-03
3.990481783553825705e-03
4.117683932957052345e-03
4.084129589451768357e-03
4.318820546189466175e-03
4.569601977332836580e-03
4.330083741752001163e-03
4.360380335267313549e-03
4.331042555667002220e-03
3.997955395954933856e-03
4.270587431147573540e-03
3.946266516412533752e-03
4.157325549085779358e-03
4.216482042381835584e-03
4.274352092146662188e-03
4.289356818826250972e-03
