2.269079547460192414e-01
1.971964364441751993e-01
1.784611878612539781e-01
1.569367271069802561e-01
1.460066244954380255e-01
1.404396496579383424e-01
1.332435747471663601e-01
1.256794264972907471e-01
1.201251825235994664e-01
1.133137972362128904e-01
1.064272480563423634e-01
1.036568693144551134e-01
9.893646176160611483e-02
9.546012093042706426e-02
9.174861664060719735e-02
8.861307721853153851e-02
8.535267932727190476e-02
8.294771589113450472e-02
8.130663896766880672e-02
7.951880645557928007e-02
7.722241946862901107e-02
7.596691241028895314e-02
7.290446402374557711e-02
7.070693166516962835e-02
7.138157108464231182e-02
6.633192017870719048e-02
6.729926847908930532e-02
6.691323603976948031e-02
6.322878036121815093e-02
6.493901609475316583e-02
6.024197649615344735e-02
6.274448777529248455e-02
5.890794603467158774e-02
5.811144822379068348e-02
5.694063366176218416e-02
5.755760085483127564e-02
5.750845744131417858e-02
5.426276005769656297e-02
5.155303436330994915e-02
5.419991525125852916e-02
5.065411882473083022e-02
5.210742337151514497e-02
4.963181454210221361e-02
4.868148432721407931e-02
4.926557575685929641e-02
4.967981249823781587e-02
4.811795424473992028e-02
4.682134841647497131e-02
4.788443837267583603e-02
4.566928451636098618e-02
4.371353828231600014e-02
4.430019114717786283e-02
4.508454598685815440e-02
4.432263802171425293e-02
4.351037316877755246e-02
4.282210009534226369e-02
4.289234276861066814e-02
3.984714734141610315e-02
4.211932489476225699e-02
4.091404187694506339e-02
3.989660932001548588e-02
4.057605331270907473e-02
3.944636258255618949e-02
3.802680675464190779e-02
3.819664781181036223e-02
3.955138203576284706e-02
3.786701119214376521e-02
3.793774247634164321e-02
3.728173492706821773e-02
3.770443904122883910e-02
3.587961798501689004e-02
3.734912636598466257e-02
3.700130297461386164e-02
3.550807696781867195e-02
3.491449641279626565e-02
3.415912346076101919e-02
3.483021709236434199e-02
3.452252779397082388e-02
3.415269550111856012e-02
3.425921635484840272e-02
3.452738716603954289e-02
3.352994697226747978e-02
3.280836905550064270e-02
3.292341560306548398e-02
3.182917830158204370e-02
3.223033762633240734e-02
3.172186968251362871e-02
3.221404801787236538e-02
3.139624217074861445e-02
3.088007644746178226e-02
3.176533710455219095e-02
3.095405837201392271e-02
3.194050012032860486e-02
3.035111871654744276e-02
3.089203608635590279e-02
3.097418242033125879e-02
3.091681479357803394e-02
2.907148311743592423e-02
2.944034619017762283e-02
2.817744683952520118e-02
2.934109051617721231e-02
2.795608113708214146e-02
2.869883944279363192e-02
2.958292505945306697e-02
2.770959831788743361e-02
2.980157954888457486e-02
2.848444050387570481e-02
2.745380968592801146e-02
2.803976634607142915e-02
2.778893216607209934e-02
2.772534857715477224e-02
2.635965152795686703e-02
2.786721919929337904e-02
2.682996852879510757e-02
2.616091815752910610e-02
2.660586920589215823e-02
2.671356644861609675e-02
2.642297297865466021e-02
2.699242471649721323e-02
2.589709903901629695e-02
2.692109937153035204e-02
2.538268048873178889e-02
2.653955665074030773e-02
2.582052240287963096e-02
2.607074009149711047e-02
2.602299060480733547e-02
2.492346222799236150e-02
2.515020996586393026e-02
2.515018963628456658e-02
2.429082276021277825e-02
2.420813712414443888e-02
2.484464725008427716e-02
2.564770145448079519e-02
2.493205837279218254e-02
2.529843503019645404e-02
2.433655311143624600e-02
2.398414939119122846e-02
2.445944025729966317e-02
2.410563685799622935e-02
2.433767717747900919e-02
2.356431594335924376e-02
2.466439730373884420e-02
2.305333407855967090e-02
2.243152645731446432e-02
2.444812295332724275e-02
2.381090346604600519e-02
2.417402373631048415e-02
2.335757083928701253e-02
2.348095567433906850e-02
2.232024806737837805e-02
2.285265188788686286e-02
2.288577014939793472e-02
2.260138889675527077e-02
2.239673405156187777e-02
2.182284172694197791e-02
2.276211863042372149e-02
2.199839786355680185e-02
2.170401209771461587e-02
2.225694162021359807e-02
2.146097044660044348e-02
2.162773872435533318e-02
2.116559999352664312e-02
2.175379715481639761e-02
2.134059024262496829e-02
2.128236621460270761e-02
2.226533172394843871e-02
2.031841318263490764e-02
2.142779313268516547e-02
2.113704239310996297e-02
2.169809648829575111e-02
2.135268995148389276e-02
2.032454734731377333e-02
2.087540138197173725e-02
2.104671091282560649e-02
2.127185678051987314e-02
2.020011607407426468e-02
2.102759529236485764e-02
2.033058514077351261e-02
2.049317057808114698e-02
1.966509166681311080e-02
2.014719441779741840e-02
1.960356339575584569e-02
1.971696561486897467e-02
1.997956976658104081e-02
2.075767790163227100e-02
2.043626848575455165e-02
1.990386005984591533e-02
1.962956736201356203e-02
1.908165981024259258e-02
1.908472435655791596e-02
1.999275225862092581e-02
1.811821872550298251e-02
1.958958977242637040e-02
1.854007004115839838e-02
2.008267856239856139e-02
1.945510440358541246e-02
1.902119751754734536e-02
1.847343233519354103e-02
1.871339628199836236e-02
1.913699167086337777e-02
1.882119647572744886e-02
1.895901734197130359e-02
1.858415219800289148e-02
1.871925821054546205e-02
1.842096199243606347e-02
1.813366745746509620e-02
1.891080821015368035e-02
1.822606181800199426e-02
1.819161041836840284e-02
1.852687332410498169e-02
1.750555372093126269e-02
1.866009516537653345e-02
1.785743539609048469e-02
1.813974609745871644e-02
1.746684608259175750e-02
1.790309375885391907e-02
1.748587610636866130e-02
1.879709970771833299e-02
1.745540246116518077e-02
1.844907224375378837e-02
1.811214630105091941e-02
1.847467619936990837e-02
1.837190383090452767e-02
1.810144335181103348e-02
1.757000836029955215e-02
1.768735407884400659e-02
1.725208636887032299e-02
1.687948575435895340e-02
1.751234981742854149e-02
1.728035545148112404e-02
1.771390129805337776e-02
1.746749836838753372e-02
1.771791920489355562e-02
1.690944653094494585e-02
1.825959144908840051e-02
1.721402678672563288e-02
1.730128563712469980e-02
1.677651394618075859e-02
1.733725006556342818e-02
1.686724642914703629e-02
1.611898174844850207e-02
1.636183040482886222e-02
1.682997994060886349e-02
1.694297031664186021e-02
1.665804662961620566e-02
1.574980147758598889e-02
1.804606254228194664e-02
1.665707308478511783e-02
1.685628980098849081e-02
1.662230507334949356e-02
1.655748056562257250e-02
1.641251877388515135e-02
1.645882634000287240e-02
1.688171084144752393e-02
1.545622317068597561e-02
1.641228496100151368e-02
1.632096802403913693e-02
1.577317347121011404e-02
1.667780162927521084e-02
1.553410777131219826e-02
1.501911839744742537e-02
1.653859623674662493e-02
1.594663750005579153e-02
1.599432136621915107e-02
1.577589399869424799e-02
1.652957234429744057e-02
1.522652575589575862e-02
1.551449795675037026e-02
1.549655329893664599e-02
1.538925584719344833e-02
1.576749430356115533e-02
1.471057780624347201e-02
1.580015225472863882e-02
1.570690317594141197e-02
1.486486216041411727e-02
1.632443491637757677e-02
1.563872781705123033e-02
1.519735178380477933e-02
1.484753632435812515e-02
1.504020393881513352e-02
1.502585024941699259e-02
1.600585098156195873e-02
1.526190265902684431e-02
1.482936625741267285e-02
1.581022137407473577e-02
1.529340807310630018e-02
1.561334216366059256e-02
1.435771901684171868e-02
1.557117245864232322e-02
1.522589367368266770e-02
1.502812266150521311e-02
1.557110072695173583e-02
1.532178248010445179e-02
1.465663455711644497e-02
1.447847685518123366e-02
1.586373307218346893e-02
1.448440898246323300e-02
1.423873327469257245e-02
1.519193716936634124e-02
1.496322049421316448e-02
1.491742734513740003e-02
1.444936150626020821e-02
1.426631519092180431e-02
1.468054391146183385e-02
1.464510872914306060e-02
1.458354955798385477e-02
1.544889275771619414e-02
1.453379056080494891e-02
1.433207429663538660e-02
1.492543153625387059e-02
1.519623489582035136e-02
1.422981225651604072e-02
1.486159075118523819e-02
1.474685880164583983e-02
1.459882205580776728e-02
1.403428526662926779e-02
1.409635838809658766e-02
1.477469348488452509e-02
1.434897866826898363e-02
1.437766366159198145e-02
1.516254327783141467e-02
1.453710177499850133e-02
1.388762107442966312e-02
1.385982778414621315e-02
1.395943013623688125e-02
1.395134015770714553e-02
1.358734571833147484e-02
1.355322693884631301e-02
1.387046798412279458e-02
1.424256350182453133e-02
1.332626550915773887e-02
1.442930320852838649e-02
1.408939223750228092e-02
1.416874468622181076e-02
1.294074121837503200e-02
1.365518202672336666e-02
1.347841153973454095e-02
1.418864564960515585e-02
1.388741084565922081e-02
1.376134790901539610e-02
1.374801257142116775e-02
1.398238294412680605e-02
1.364109427142805656e-02
1.405833642265156419e-02
1.360232604298950397e-02
1.344475977681543026e-02
1.451290689784179647e-02
1.337952269398924761e-02
1.405383292764371406e-02
1.397902508558755696e-02
1.293437155970317796e-02
1.363295820684266163e-02
1.323463514720869295e-02
1.298458574794044210e-02
1.384646788625894416e-02
1.335252479373815436e-02
1.353891914384505041e-02
1.289716893130810234e-02
1.365945953226978433e-02
1.284926556687619216e-02
1.414940310181956457e-02
1.313615635683409479e-02
1.337424723211588264e-02
1.345425331394234023e-02
1.404272674551153635e-02
1.277329422059016173e-02
1.276156952806716677e-02
1.368614711641458898e-02
1.383516511700815139e-02
1.321126655567261138e-02
1.290583874496248340e-02
1.332391658178061142e-02
1.327735278967244643e-02
1.332807843328081415e-02
1.350642708810540805e-02
1.264249419826338379e-02
1.261319424425360637e-02
1.347931905674251175e-02
1.227026941234306973e-02
1.273946514425426842e-02
1.285662446952350740e-02
1.336248913079762964e-02
1.264734960371521541e-02
1.286821617923117680e-02
1.345724929294146374e-02
1.312433489494376805e-02
1.278465192331361411e-02
1.310694622956842109e-02
1.179915762095000778e-02
1.220383349607269928e-02
1.283876013732262837e-02
1.237731840777684528e-02
1.299063497766481112e-02
1.315509401342082434e-02
1.279074597299516801e-02
1.247796303233018010e-02
1.247691605278877097e-02
1.213988060273769529e-02
1.306857020689590997e-02
1.224348394191016563e-02
1.222467366906426246e-02
1.253843696361986101e-02
1.195755024798631980e-02
1.227258715780414448e-02
1.285085112735868083e-02
1.222945520510976096e-02
1.188358695350965125e-02
1.223090791193865053e-02
1.202643507661014383e-02
1.214414759416682955e-02
1.302225953895959180e-02
1.263139661460133817e-02
1.262196987165572527e-02
1.247874582883104835e-02
1.223393472932095272e-02
1.202780432545217000e-02
1.191048075601134314e-02
1.227702776562442609e-02
1.185771044395310392e-02
1.224563624948196705e-02
1.223462708422792464e-02
1.212019104038062831e-02
1.197314492348536610e-02
1.178358919730982703e-02
1.212849695440593005e-02
1.184480373218453099e-02
1.224945581403841417e-02
1.101357134700169452e-02
1.229809552044299967e-02
1.224167320961701624e-02
1.263109168021522843e-02
1.218973174523922849e-02
1.175139894793124362e-02
1.157233409243858986e-02
1.172529917289885475e-02
1.192102087641615064e-02
1.222270319691776130e-02
1.148074194705143991e-02
1.213074837567206139e-02
1.208873753387198699e-02
1.167454871234509077e-02
1.220845893787321501e-02
1.201127196992710436e-02
1.209231349657287347e-02
1.178124618013540008e-02
1.199663891571944169e-02
1.194024638113347705e-02
1.162158675832938512e-02
1.118024288064402121e-02
1.178154303607222529e-02
1.159818874395734771e-02
1.233163972362328817e-02
1.176922804695162278e-02
1.192851732097241838e-02
1.117296621675679599e-02
1.126247331309944595e-02
1.097536215416978177e-02
1.193258778873620973e-02
1.169751418425329405e-02
1.136243727600583404e-02
1.114603051572911514e-02
1.146899835359429035e-02
1.128362875175574313e-02
1.116748269138576923e-02
1.154539049782109771e-02
1.096084508721496820e-02
1.146393614454650073e-02
1.159683335176911120e-02
1.151894291367452396e-02
1.146240339872843343e-02
1.141772040138948341e-02
1.094525280999991863e-02
1.106059690511027906e-02
1.096042784853078385e-02
1.092670044324646830e-02
1.119662323521256400e-02
1.116944202002319655e-02
1.111383275227187557e-02
1.202313931781141473e-02
1.131140005408317988e-02
1.147965652066399757e-02
1.138661206071432154e-02
1.109038376962536397e-02
1.095562411938090334e-02
1.130487247287464796e-02
1.108557798693682664e-02
1.122859484546714741e-02
1.152507462680279343e-02
1.100230701219318159e-02
1.114201005068505938e-02
1.119109514945243813e-02
1.059410260168579254e-02
1.059027072207276501e-02
1.086332211666708042e-02
1.043739851828189014e-02
1.126277407657299418e-02
1.050229597496607666e-02
1.058666612756004564e-02
1.073532441942229299e-02
1.086663907626451119e-02
1.058387361374673284e-02
1.095787478008493701e-02
1.163015261305116836e-02
1.078314921292502192e-02
1.063683449461935715e-02
1.054563254689984582e-02
1.087732938161860285e-02
1.128505337085026344e-02
1.035457679208876339e-02
1.076465831628604930e-02
1.049734578667942814e-02
1.091388964781320713e-02
1.062531129238376837e-02
1.037702962557466094e-02
1.089616733761490305e-02
1.020331380252095105e-02
1.089977641451841256e-02
1.050330336356055695e-02
1.023142804261413866e-02
1.060235845990241399e-02
1.063668641700685549e-02
1.049825147516872045e-02
9.868395195272643833e-03
1.041478221048099118e-02
1.055839905382033317e-02
1.074606534477083424e-02
1.041106405778903163e-02
1.060174321528568019e-02
1.051955675253477690e-02
1.098368438917857182e-02
1.032864923939670609e-02
1.039156689496867694e-02
1.101385093380563042e-02
1.008363929684317171e-02
1.034420940410159945e-02
1.035154682162551035e-02
1.071923192691576210e-02
1.026640574821019274e-02
1.042740930295400770e-02
1.060279137533119698e-02
1.053638284305031397e-02
1.048048379960102652e-02
9.694718295880233247e-03
1.024626904418429393e-02
1.050336884170750655e-02
1.091304994452234854e-02
1.045683070258376750e-02
1.051628404573284013e-02
1.015017098194194965e-02
1.058164636798297753e-02
1.040033662413348582e-02
1.032742208525152562e-02
1.004432242849575239e-02
1.049706498110888377e-02
9.770289062344164263e-03
1.015373334344642914e-02
1.023482598739187434e-02
1.051373924514090695e-02
9.914069305036748644e-03
1.007613826791534453e-02
1.013120120988932928e-02
9.961948158693931243e-03
9.799110537073125321e-03
1.034822787679201030e-02
1.032524958392327941e-02
1.055520284166836485e-02
1.009081044688061105e-02
1.024284409165845434e-02
1.047768364620465555e-02
1.043526619259994674e-02
9.993635524228111286e-03
9.706732438126549831e-03
1.061076111497604932e-02
1.004908662308058760e-02
9.839471171930883400e-03
9.948753076492105468e-03
1.001101322380548893e-02
1.017657447888892751e-02
1.007894503842803567e-02
1.016256507177698207e-02
9.622302978124702005e-03
9.610185533461452351e-03
9.771228640582970207e-03
9.945092245056302502e-03
1.033143960676954735e-02
1.045826547996044249e-02
9.986055301894947167e-03
1.004024846813913151e-02
9.544162815012855947e-03
9.439511293932173128e-03
9.491364312839990422e-03
9.687157076865788100e-03
9.566131288204451910e-03
9.937181532999236552e-03
9.599893315589224860e-03
9.526248725893990063e-03
9.791010400609066050e-03
1.017539421988824383e-02
1.007617423249779036e-02
9.914561056039236306e-03
1.040906521383709073e-02
1.026090095252767988e-02
9.446045155224704754e-03
9.309825678431797591e-03
9.968432173930568893e-03
9.548862055023303597e-03
9.201556028935227102e-03
9.719690607470563015e-03
9.827657157606450519e-03
9.981011354826530707e-03
1.025561981409641409e-02
1.002632221716940816e-02
1.010500743207757603e-02
9.657089842268146498e-03
9.921193643110512786e-03
9.539743740362182853e-03
9.636509706898931452e-03
9.883767410071811477e-03
9.441816703513869133e-03
9.545429606234006811e-03
9.596770019964470308e-03
9.617405951007048162e-03
9.272576159102667928e-03
1.006722358646887708e-02
9.814969375006669591e-03
9.738931197347967111e-03
9.970639175587953790e-03
9.530430206062086990e-03
9.787430081579392288e-03
9.576456895544163683e-03
9.732339235971622024e-03
1.000656065550224044e-02
9.258443365711303136e-03
9.318342041081359092e-03
9.036309630841643861e-03
9.670124134753984441e-03
9.531291268944164577e-03
9.469670788195659258e-03
9.231030156051169694e-03
9.496056108638571344e-03
9.367416853021240386e-03
9.537963258790102192e-03
8.997530402626819149e-03
9.359498185564365039e-03
9.846641469119760126e-03
9.575512884010565703e-03
9.318247165398516052e-03
8.982967417299954696e-03
9.689139395146699474e-03
9.351949672417177520e-03
9.119628637198440996e-03
8.845089271391690794e-03
8.957723884065203757e-03
9.410759942606518325e-03
9.584314557182850233e-03
9.138270178665541116e-03
9.891138501775829928e-03
9.241883678987070777e-03
9.837295915829550458e-03
9.554177070852140630e-03
9.012730517229618557e-03
9.487979218206526316e-03
8.956871265251627884e-03
9.311359369814737816e-03
9.333846930061661176e-03
8.983305270424632796e-03
9.688576163557704665e-03
8.915961771489464352e-03
9.433450612051696993e-03
9.419085157078439449e-03
9.486796633466210507e-03
1.003025269617763456e-02
9.229152656580242448e-03
9.413215129668632553e-03
9.135878335319411181e-03
9.350418591134432300e-03
9.513571605115522106e-03
9.207022837724343489e-03
9.009986856944731531e-03
9.272388080168407834e-03
8.762628048046507481e-03
9.491082565821141320e-03
9.276155286468358921e-03
8.920708287949351278e-03
8.849379997115599389e-03
8.898833047077329972e-03
8.986694504763005631e-03
9.402809353441477294e-03
9.127305006644695698e-03
9.413390252900298572e-03
8.759697889178581776e-03
9.199808782489111991e-03
9.303999355995575329e-03
9.179301575034064589e-03
9.081258954027209701e-03
8.858304061778305566e-03
9.236098558575241493e-03
9.034250826900128845e-03
9.017239065711489879e-03
8.681338523386422992e-03
9.031836340629741111e-03
8.838036385879991658e-03
9.178309135814572209e-03
9.239645423764096185e-03
8.874423890072502888e-03
8.979308759937056073e-03
8.983442206212041703e-03
8.612599405557525359e-03
9.011663245062584426e-03
8.457020478605602187e-03
9.236923601117837113e-03
9.012925613108938375e-03
8.912191311295811907e-03
9.178894180177076326e-03
8.839204796342588905e-03
8.864220729700909851e-03
8.833841024477403006e-03
8.377915529754356369e-03
9.222109273593476902e-03
8.787284222704281472e-03
9.292048212552703537e-03
8.499935176131416872e-03
8.609241743746717107e-03
9.106833069524346291e-03
8.626878992263753085e-03
8.837881302062150154e-03
9.597238504169415541e-03
9.023307909830262721e-03
8.683947465333812302e-03
8.652105658321267503e-03
9.281225361457987391e-03
9.030902093702360481e-03
8.913463169377739206e-03
8.763457643141618625e-03
9.019930988625654220e-03
8.767987846555925710e-03
9.011857652671652688e-03
8.621241047979641067e-03
8.995009559344209829e-03
8.990425355913810382e-03
9.094184602491861905e-03
9.109044665019610729e-03
8.667760642034736188e-03
8.619959548340602046e-03
9.042546958564857962e-03
7.962204181473746256e-03
9.187556965652123736e-03
8.830925770381598677e-03
8.628655009206381149e-03
8.691075640963883894e-03
9.191512468889684664e-03
9.077798530798415408e-03
8.726054215990418708e-03
8.903382621784363196e-03
8.840211958863938499e-03
8.820160888717709299e-03
9.148542893141516433e-03
8.326017775095664528e-03
8.703198266871950417e-03
9.181078627433662820e-03
8.980617234979006505e-03
8.694397387245525119e-03
8.691832806081576518e-03
8.670274367701315960e-03
9.479167487128160874e-03
8.877362760986958964e-03
8.924713571873032353e-03
8.345041461365932528e-03
8.454237586819948400e-03
8.466137536664457980e-03
8.467027048212073456e-03
8.240966791763110547e-03
7.837686483676766999e-03
8.437383743599816827e-03
8.539973921846209792e-03
8.518904322883977254e-03
8.831877329472470270e-03
8.380900174386383961e-03
9.101521287407305857e-03
8.002628680098450992e-03
8.476473992473946770e-03
8.966276087890558133e-03
8.157818704996051828e-03
8.538924150327999868e-03
8.550743009941092626e-03
8.817129515979122215e-03
8.779713850282148263e-03
8.767017850255902356e-03
8.739328753262876753e-03
8.127937752197883850e-03
8.536192670529973298e-03
8.543039813777842523e-03
8.236146670949332296e-03
8.326339875288489567e-03
9.010726280317567921e-03
7.736805919382109750e-03
8.656334310448614636e-03
8.215589295092170022e-03
8.745250643265351995e-03
8.427119705841971953e-03
8.718203434729900406e-03
8.258687703150630402e-03
8.437621500509487338e-03
8.416396756684329378e-03
8.379485340273551408e-03
8.854996732684011079e-03
8.414893015681467955e-03
8.414415815721351319e-03
8.155772597445425098e-03
8.693751985569436389e-03
8.258298642789652089e-03
8.215454130945692296e-03
8.160866048881863094e-03
8.489510774026307049e-03
8.151587495543776221e-03
8.323523178532956854e-03
8.129647811929489182e-03
8.344467115492734677e-03
8.315565465245689653e-03
7.968980580039863870e-03
8.229755497020093541e-03
8.176508556891934343e-03
8.260369798405655870e-03
8.811387956244332367e-03
8.570910585430689330e-03
8.585146039592697273e-03
8.699350093319194177e-03
8.202763337723162004e-03
8.385534490686652812e-03
8.116216638301133185e-03
8.247374093401853984e-03
7.996123115379900892e-03
8.219560978900287973e-03
8.362111346529879641e-03
8.250874022436495425e-03
8.450430718429834814e-03
8.116027800893529931e-03
8.126383652005924121e-03
8.106861621208404090e-03
8.033814909256305897e-03
8.337525726153642569e-03
8.657059606312425548e-03
8.371517318072015101e-03
8.214495577512349184e-03
7.998094705681125377e-03
8.406092099637704762e-03
8.379426157265126851e-03
8.290149002953038984e-03
8.896103137280900880e-03
8.418416034026782874e-03
8.463130014553500030e-03
8.035224310569676412e-03
7.963496256066203427e-03
8.104620606762973078e-03
8.275447738545601423e-03
7.866574508468593060e-03
8.600689126171403090e-03
8.119988432178400564e-03
8.039734608396039914e-03
7.916152018629680348e-03
7.796142060638769009e-03
8.180485059569640380e-03
8.520628713903435208e-03
8.015750375991783153e-03
7.908253933174673456e-03
8.495256274581655664e-03
7.866629284762172158e-03
8.102219343838654511e-03
7.972786709466748306e-03
8.265638847406440656e-03
7.996729091562123498e-03
8.442828987492219384e-03
8.478835476499600732e-03
8.240535278960983007e-03
7.885725457239967789e-03
7.925846320745714990e-03
7.634434930805079553e-03
8.420815174170368997e-03
8.093639146819514574e-03
7.853132180405635390e-03
8.169803318014477386e-03
8.374869130816869553e-03
8.143818422922404279e-03
8.136968371376505568e-03
7.521454299812721858e-03
7.639956213756967686e-03
8.198460503611998754e-03
8.389244831811470959e-03
7.721016982938410170e-03
8.205763465375076615e-03
7.913768085610220146e-03
8.078883791083688384e-03
7.993329935225151200e-03
8.233761313930122380e-03
7.998340800114070101e-03
7.973589660234847373e-03
7.936771921127730098e-03
7.833893861449007373e-03
7.986991905574390357e-03
7.842072705262069510e-03
8.376810930458526358e-03
7.680971494630440752e-03
8.028045761571627956e-03
7.714261330320734342e-03
7.904829671237314365e-03
7.954096045246456664e-03
7.655403823523932935e-03
8.162193288789733325e-03
8.308273573054076114e-03
7.563516185826415182e-03
7.800788278226835140e-03
7.984597306174092551e-03
7.818884057345489372e-03
8.002573468817735305e-03
8.242657068826320099e-03
7.700045802509294240e-03
7.810204073246758763e-03
7.668055123012324295e-03
7.767299324614302530e-03
7.428058482106913822e-03
7.695942332507347064e-03
7.887667586334225212e-03
7.391969066748824320e-03
7.894480450566777191e-03
7.675840442651870633e-03
7.610385345004321879e-03
8.090654048554121736e-03
8.235366248387001112e-03
8.000865298199707348e-03
7.496127415834364337e-03
8.045208477955530929e-03
8.143980268668891270e-03
8.043470650954589324e-03
8.209372367194630107e-03
7.363908427020082227e-03
8.290148399741735161e-03
8.221587986003368181e-03
7.955612589761879017e-03
7.856684663494969967e-03
7.636384507508699529e-03
7.456430949193416577e-03
7.958295175667510699e-03
7.807347650015205795e-03
7.790051474827215834e-03
7.686782031920209174e-03
7.586009850890626516e-03
7.846891974651975382e-03
7.704613801723761077e-03
7.647244990703039660e-03
7.691481162014336855e-03
7.710426294374833796e-03
7.335093119710720498e-03
7.996108000018806172e-03
7.846090905521846751e-03
7.306087218341340839e-03
7.763546922100559612e-03
7.875536629674525016e-03
7.523198765538441704e-03
7.490175064823563142e-03
7.457675569050983833e-03
7.806494862584307561e-03
7.585779034374412998e-03
7.649065423338802412e-03
7.796705668942426753e-03
7.631393851390451399e-03
7.514322568236708917e-03
7.530444322309212159e-03
7.204221778768963615e-03
7.614630316123772828e-03
8.021382016635115672e-03
7.283167648322611855e-03
7.897769483713693028e-03
7.117115618405304642e-03
7.645474921464935798e-03
7.700518419195314691e-03
7.779500947970531023e-03
7.948051477631617664e-03
7.541966270768945234e-03
7.273273994068358249e-03
7.770347706477039561e-03
7.524145788599122080e-03
7.757874334751146614e-03
7.683641110690269185e-03
7.694991323644292773e-03
7.991832827076135806e-03
7.730351351202449824e-03
7.996463231172234662e-03
7.268699912530519024e-03
7.758457984861849913e-03
7.241576352816326938e-03
7.037620366744289091e-03
7.646731998644547626e-03
7.506296785589210846e-03
7.480138160683878421e-03
7.720401796402093578e-03
7.359501805641062606e-03
7.870605093058561860e-03
7.943667363553324340e-03
7.491306256516878578e-03
7.430961992243625622e-03
7.550924578009346640e-03
7.802272621031420587e-03
7.669477825112355242e-03
7.557645059780875550e-03
7.854585125604700985e-03
7.757695394523316142e-03
7.314419428312893788e-03
7.873043936605025883e-03
7.629946798771679306e-03
7.605643724864699987e-03
7.434302733093965145e-03
7.631430104432321976e-03
7.160702058658321816e-03
7.712426140966982535e-03
7.366540807841069627e-03
7.302960562517924435e-03
6.837706004997116255e-03
7.685878281350133449e-03
7.398585801526968118e-03
7.611891139148778407e-03
7.568891193478398567e-03
7.324765208055991281e-03
7.405533070655263492e-03
7.428821329918659615e-03
7.492553614657249464e-03
7.831471085027541870e-03
7.304837024248770315e-03
7.380520517700991240e-03
7.670659466040458639e-03
7.596548949459008652e-03
7.567616068635514906e-03
7.199887796585018734e-03
7.538834392185933368e-03
7.594351912427793963e-03
7.687224733361960882e-03
7.503929197986328181e-03
7.089061099998774686e-03
7.119159435488019681e-03
7.445880712505078582e-03
7.009249376474136102e-03
7.267451779850483962e-03
7.545287456110150864e-03
7.315834801212922622e-03
7.346290136392303813e-03
7.414603007339211349e-03
7.439781144578412955e-03
7.103813678669568948e-03
7.815249013177498830e-03
7.512426362194514831e-03
7.504459001523193680e-03
7.587595879979136364e-03
7.731448977534131906e-03
7.373689971404027640e-03
7.534167883593434999e-03
7.108835703358171165e-03
7.503670518288379707e-03
7.464387971190290794e-03
7.441631203729206015e-03
7.338704915393445653e-03
7.685375853980434477e-03
7.429130861209539381e-03
7.256720684310144498e-03
7.800493068085884510e-03
6.797533613812632367e-03
7.314274046888799216e-03
7.758992901477076293e-03
7.761305718612654218e-03
7.422691434660346269e-03
7.495079230131879676e-03
7.254700105517724977e-03
7.451158568221528250e-03
7.325359200920106111e-03
7.089253817505383921e-03
7.542465989535155138e-03
7.576667367722665289e-03
7.062445288187248899e-03
7.305813372542290830e-03
7.342932728677506286e-03
6.896427776707719087e-03
6.549869801775292689e-03
7.691423882111628717e-03
7.335230263594815989e-03
7.398305927214122307e-03
7.296935775655419287e-03
7.077540523615316256e-03
7.298170725603393000e-03
6.868472173920612753e-03
7.438515722917168546e-03
7.185147058999722010e-03
6.993061230139174279e-03
7.034833045783613764e-03
6.810793155584420229e-03
7.177525724717601606e-03
7.152134022455860184e-03
7.185707078423080041e-03
6.997372124715667448e-03
7.388732078125096088e-03
7.245830809655066929e-03
7.042295641814660945e-03
7.278758114012552627e-03
6.940843216534307338e-03
7.282785242178561880e-03
7.567367690593110666e-03
7.266384163765389134e-03
7.114599778995423819e-03
6.919582415135966912e-03
7.257638825522019083e-03
7.577964630225071316e-03
7.285014745486404625e-03
7.638571021981964242e-03
7.416332836388349510e-03
7.113786425554783667e-03
7.123331280493786291e-03
7.222449031942737227e-03
7.497266353368343093e-03
7.167167611737855146e-03
7.517453512628904065e-03
7.393658602558828355e-03
7.014991592165940350e-03
7.418157893937674628e-03
7.185468266212218479e-03
7.561113025457589544e-03
7.078635367552806555e-03
7.009088134669619330e-03
7.199272818321587192e-03
7.369883832457107403e-03
7.474187741477371014e-03
7.140107692759492704e-03
7.235872535940056187e-03
7.444157755209391408e-03
7.279532537811701440e-03
7.046436436151071528e-03
7.060404009493949189e-03
7.182617142791209060e-03
7.030030824433639025e-03
6.973731176933742337e-03
6.963832020746198691e-03
7.420442264391238253e-03
7.272125181424871597e-03
7.394271429882044895e-03
7.290284837470957340e-03
7.273049254499301154e-03
7.128056061361366311e-03
7.125366866473432231e-03
7.163230024154327441e-03
7.289204758744578967e-03
7.167899375353340569e-03
7.262090532422512019e-03
7.135403717753984083e-03
7.101526663074711823e-03
7.204796898797011066e-03
7.148591217713383059e-03
7.054279537707853175e-03
6.765405665904538485e-03
7.186471424043365357e-03
7.090044925792154083e-03
6.763436843048872306e-03
6.922705330343873267e-03
7.440534800809005429e-03
6.896172835113832146e-03
7.231241675943628558e-03
7.069690271910431673e-03
6.985926641518941209e-03
7.069882536685994680e-03
7.386622815555091148e-03
7.198288721488400009e-03
6.851898757719195043e-03
6.759590888338165397e-03
7.135468300318140861e-03
6.966044801768521595e-03
7.184769210862179852e-03
7.254390606161999384e-03
6.796884564633607663e-03
6.945009826642478679e-03
6.944079540375535688e-03
6.577696477594796240e-03
6.586368880239949070e-03
6.713412178302408627e-03
7.170173872924010157e-03
6.765639205554670015e-03
7.116915261688445786e-03
6.704615820287372456e-03
7.034991735400203394e-03
6.616851153975270017e-03
7.405976881148690349e-03
7.036266200992801617e-03
6.973835744762054388e-03
7.059624328099971258e-03
7.530164133897544743e-03
7.077929697806679792e-03
6.950171188350135615e-03
6.447510816014505146e-03
7.159605628166591101e-03
6.942010686242087655e-03
7.001383855611203327e-03
7.309461681994741666e-03
7.205747770155832531e-03
6.889678062061786040e-03
6.868236003077942201e-03
6.880482576356689202e-03
6.910555801503264449e-03
7.162017935729058163e-03
6.413363541228331299e-03
6.852312302935563079e-03
7.064712599118339910e-03
6.655888198357047363e-03
6.882343431072302821e-03
6.963903152187600649e-03
6.756506864766716365e-03
6.949725046966765026e-03
6.880465453823999752e-03
6.910068972126474050e-03
7.308486308008269386e-03
6.467292014517249735e-03
6.691177473442342163e-03
6.803731950046106383e-03
6.614948182747430738e-03
7.089891356593486585e-03
6.707695738208764580e-03
6.844519992293753539e-03
6.940298185053376395e-03
6.875106213315367726e-03
6.664637870622594149e-03
6.881196107455883615e-03
6.680064098519858384e-03
6.805916609341366823e-03
6.841241460545721860e-03
6.888418299103028254e-03
7.001588324112174161e-03
7.018522952664348578e-03
6.981188390379885686e-03
7.087509782515547668e-03
6.749876736571547818e-03
6.562729511889463761e-03
7.170569230974511987e-03
7.197933640885770777e-03
7.007611836899611639e-03
7.001112839747499275e-03
6.628493237456350648e-03
6.798841175975117203e-03
6.730716274680472247e-03
6.887739944607089958e-03
6.450950055343861005e-03
6.665398192004247033e-03
6.824864068106458771e-03
6.515808843409271779e-03
6.783344163989464548e-03
6.726291473131609973e-03
6.694940459804536378e-03
6.897051489531356820e-03
7.221417374785174190e-03
6.629439827805842095e-03
6.615787580713748499e-03
6.960540617181588258e-03
6.793937170441921754e-03
6.890537903233573402e-03
6.688890250130538097e-03
6.995979499656633169e-03
6.786865765239766084e-03
6.597072077845240502e-03
6.595937949498414422e-03
6.845394424671664459e-03
7.034456186371484780e-03
6.754880866813551057e-03
6.676673905969242491e-03
7.086911877330639986e-03
6.312316480504907672e-03
6.506194236260862303e-03
6.716425111616280280e-03
6.694135570278056911e-03
6.887558233627151701e-03
6.834656979041871597e-03
6.617120762949179301e-03
6.520774976769680778e-03
6.431937446104319701e-03
6.510903448680842656e-03
6.844712515167825258e-03
6.739448222172002463e-03
6.652848648788160617e-03
6.752185123073498399e-03
6.741086365008224467e-03
6.619357360489633996e-03
6.312531547316659573e-03
6.925373780972907296e-03
6.769586355304888121e-03
6.612735210388799058e-03
6.990371083946509030e-03
6.676527675905566568e-03
6.781519011119387270e-03
6.674868506100620213e-03
6.485386977807482654e-03
6.575112735058563640e-03
6.731046512996241050e-03
6.688145116138508907e-03
6.845167469841318721e-03
6.491564169254038751e-03
6.452635880598826465e-03
6.646180799145169106e-03
6.458098090316452891e-03
6.888212933853425472e-03
6.739721971624475921e-03
6.608668253350447226e-03
6.653068859084875115e-03
6.733992590225220537e-03
6.484432797489947387e-03
6.635297685576037850e-03
6.710738851714409883e-03
6.866758118798951295e-03
6.371748046885877988e-03
6.586469318613754481e-03
6.739183787996936952e-03
6.762036730837112965e-03
6.719241898596902546e-03
6.305377047563866071e-03
6.475818779970214656e-03
6.414011540356628210e-03
6.390816822523699876e-03
6.598601609018061621e-03
6.674413423433961205e-03
6.427237825939581192e-03
6.622335033964283670e-03
6.497865740069640357e-03
6.606029285931461041e-03
6.411159048509211013e-03
6.533800849739040614e-03
6.623174880585685001e-03
6.695725159390961828e-03
6.914002834511404245e-03
6.432809868803339437e-03
6.443367067649765322e-03
6.287152094210850771e-03
7.066599745272185776e-03
6.361757085736928843e-03
6.071335355827165228e-03
6.613817432087306172e-03
6.175141260499895403e-03
6.216784101640701436e-03
6.587662548279648450e-03
6.640334067417104358e-03
6.461640222705071664e-03
6.740930405816031833e-03
6.495607586807848437e-03
6.565765553728349080e-03
6.621168808548577242e-03
6.542701386135487893e-03
6.838004026191009388e-03
6.483377076239338864e-03
6.624819232098588286e-03
6.556557855351117375e-03
6.421455476591344906e-03
6.554282299279101318e-03
6.425788842795563359e-03
6.342143609852254373e-03
6.416730807834249845e-03
6.763783140879582080e-03
6.352665548396946305e-03
6.601198465421297817e-03
6.360476219049868846e-03
6.369308624904652071e-03
6.673144448803262560e-03
6.316112765328456453e-03
6.447799539809409564e-03
6.201899095140649999e-03
6.493899893158352858e-03
6.547356465078767868e-03
6.928575618614171358e-03
6.761101819735292930e-03
6.650457231557120943e-03
6.557078852789581178e-03
5.984981184760410425e-03
6.168974520807467277e-03
6.192789229039855417e-03
6.493166925726245528e-03
6.715455072940051083e-03
6.416673470853507567e-03
6.202516048300529307e-03
6.429523483266315342e-03
6.405045204777247078e-03
6.392049554796744477e-03
6.291668525507449448e-03
6.094255957266016266e-03
6.264271774333953803e-03
6.463019305220997317e-03
6.404652081031881120e-03
6.314127535980027829e-03
6.758657809296933668e-03
6.272906726582767011e-03
6.292177220637956182e-03
6.449845803820917871e-03
6.413546190770124528e-03
6.704668002271365820e-03
6.724110282920674024e-03
6.773017598047150097e-03
6.637458628254302474e-03
6.344946972274528862e-03
6.362844100109872961e-03
6.215833148204370252e-03
6.492817390839755211e-03
6.253434581650440909e-03
6.413443460213412092e-03
6.264320954186530441e-03
6.472641846756913182e-03
6.369956676463525355e-03
6.012395229547753440e-03
6.272327713991682901e-03
6.230659516434772921e-03
6.492810990641403879e-03
5.894124768427828898e-03
6.667601728050039089e-03
6.271249523192691001e-03
6.319684505396344458e-03
6.593604087390191743e-03
6.211299461030262564e-03
6.248387773773267026e-03
6.385450367433780430e-03
6.435527857065396866e-03
6.071906181693832900e-03
5.896222251877972914e-03
6.659247671417415672e-03
6.622768132091200188e-03
6.922383655360219920e-03
6.289485774679181955e-03
6.476952627160251913e-03
6.114014098153015310e-03
6.365881082214795185e-03
6.204408608610741463e-03
6.478396026124139291e-03
6.297977237151993965e-03
6.286480207464084646e-03
6.354476187553805347e-03
6.403910252730952123e-03
6.174024774113827038e-03
6.323102490148098907e-03
6.133341812438821566e-03
6.438039122665175328e-03
6.123542314963354057e-03
6.602460474772382966e-03
6.226212001581465927e-03
6.127071428022835484e-03
6.433971485023210965e-03
6.286928126261632881e-03
6.209379558153365654e-03
6.223912734370027310e-03
6.476190490323088279e-03
6.315379272246904145e-03
6.589420193360739225e-03
6.545724169471131733e-03
6.112665498788041017e-03
6.358273902065387020e-03
6.393495859931361269e-03
6.191470610059880350e-03
5.995183575761901980e-03
6.019802834094679055e-03
6.358763111366606824e-03
6.088611829468650732e-03
6.164236277993600382e-03
5.718932762535659971e-03
6.187692598155291636e-03
6.281666229661289971e-03
6.400979612549048160e-03
6.219472843461618453e-03
6.070991964030256205e-03
6.044600597059787694e-03
6.109111462206652694e-03
6.485907928858281914e-03
6.188148601770690656e-03
6.093523453606987036e-03
5.981132316134195326e-03
6.215400789322323045e-03
6.332649929491356369e-03
6.424455464097721114e-03
6.139367958499156522e-03
5.974178116951471204e-03
6.549685017864381384e-03
5.935885217023428861e-03
6.139724271122600982e-03
6.256382865782489540e-03
6.076917591787277424e-03
6.087048869785613610e-03
5.985864287228005731e-03
5.891485776761394046e-03
6.218919770525362968e-03
6.227330056923099585e-03
5.919142399739709716e-03
6.350079475374379410e-03
5.925878527584240059e-03
5.950542730467940980e-03
6.076586618755282394e-03
6.167132619278068578e-03
6.206874956916793445e-03
5.962733327885322634e-03
6.115984859296682077e-03
6.676513084979558352e-03
6.396391951660314323e-03
5.961018142896982661e-03
6.368289043755137602e-03
6.118978473677444234e-03
5.702795192266421620e-03
6.222341769574014914e-03
6.060437728808198803e-03
5.978891441048878909e-03
6.002558952786114614e-03
5.840961658728652771e-03
5.965378116771152990e-03
6.361178447470907001e-03
6.447225051691637954e-03
6.334960419261633814e-03
6.032605226741797992e-03
6.179500880710242679e-03
6.048585845964953890e-03
6.115322827542049068e-03
6.483037241930698219e-03
6.089168915936674434e-03
5.749573981307896063e-03
6.299886497091706540e-03
6.273089221723867487e-03
5.888759347357149475e-03
6.208276494873126404e-03
6.129902136320457100e-03
6.013265893127206149e-03
6.176364035641505532e-03
6.091455606896705594e-03
6.048808342551251389e-03
6.000338830197548753e-03
5.996477559440333525e-03
6.180247314387058745e-03
5.930222971922296735e-03
5.832875383346551937e-03
5.802714401744246860e-03
6.042815680138466372e-03
6.004331886043519709e-03
5.841710523494339849e-03
5.926085019631980276e-03
6.055074047437269957e-03
6.091681988383379313e-03
6.120047414458354776e-03
6.182913794670999094e-03
5.981546540065619741e-03
6.130010832933757529e-03
6.441655891772423391e-03
6.354231466152150849e-03
6.452418636729470060e-03
5.951827702521383760e-03
6.071797899260080768e-03
6.261474332900467121e-03
6.149155270026214828e-03
6.189946543562278511e-03
6.150357653438240542e-03
6.048985639945026437e-03
6.198325571157406282e-03
6.315654277058498946e-03
6.122833763986521884e-03
6.328715367937221871e-03
6.025807946105929923e-03
5.956634984969798145e-03
5.788901986405293326e-03
6.237600867386091166e-03
5.992805966699421387e-03
5.739387741067561791e-03
5.895452893975783835e-03
6.340117106094195210e-03
6.451320395392419298e-03
6.138027064640454340e-03
5.927616237274616756e-03
5.795203674399882800e-03
5.952105484752663427e-03
5.993982062411652365e-03
6.163279003707990318e-03
5.978921831494708045e-03
6.107369982690320255e-03
5.532088515484394863e-03
6.127870550426833991e-03
5.859324930285714737e-03
6.264884197582924925e-03
5.765131118563653415e-03
6.003519597541494279e-03
5.642927739879870751e-03
6.020482326042437583e-03
6.437304950117339435e-03
6.165549211822587451e-03
6.198717876700313330e-03
5.823840728448506643e-03
5.863958927808159138e-03
5.992262664736390868e-03
6.408533683709637628e-03
6.133413690374562958e-03
6.137997195696292575e-03
6.472561736538230519e-03
6.191554070144112895e-03
6.202305366906862502e-03
5.833833286768580310e-03
5.954210856454243174e-03
6.031788924062276951e-03
6.250531121119406314e-03
6.167149941764617053e-03
5.921422630864352048e-03
5.776859517021762716e-03
6.073949018607082383e-03
6.239334728492583124e-03
6.150865217357798578e-03
5.821737734638184926e-03
5.550454660395406567e-03
5.693825031580786178e-03
5.623549275299865625e-03
6.025725239382214576e-03
6.190018259791080397e-03
6.306978917015116162e-03
5.841991165454188915e-03
5.945066115902443611e-03
5.928114528207771745e-03
6.185969376956867993e-03
5.796725912783212697e-03
5.786010751382662104e-03
6.159384764348243071e-03
5.996954148949103572e-03
5.866175283474044967e-03
5.948165735055440176e-03
5.919428668700535065e-03
5.943163258206424562e-03
6.053358716641378187e-03
6.109193029384752185e-03
5.466001485137109150e-03
6.059040302589999843e-03
5.844961670089252395e-03
5.769686161204476416e-03
6.011665248163720714e-03
6.103936045429223661e-03
5.955132876422338482e-03
6.036212379869487429e-03
5.988329055153254928e-03
5.894696959190484468e-03
6.013778304310032040e-03
5.899053786767489288e-03
6.006835212318146870e-03
6.036244594728179536e-03
5.722425438935328790e-03
5.537756508428717112e-03
5.858551629353024592e-03
5.621492179392954119e-03
5.689600533051231146e-03
5.599417033393392848e-03
5.897583433158880804e-03
5.688355822580532309e-03
5.906668794465807712e-03
5.489320240088393400e-03
5.685827892618608437e-03
5.782092742244446422e-03
5.767834044425990993e-03
5.446310309444257758e-03
5.895100261986000942e-03
6.121582972909883277e-03
5.532117779103527810e-03
5.672330865998564259e-03
5.731027261177845493e-03
6.044822070710498263e-03
5.743829253929941953e-03
5.780333960224119313e-03
5.814120878930629545e-03
5.726735117680552961e-03
5.432228665019503758e-03
5.718703707130874149e-03
5.854592107660319504e-03
5.907084465402256609e-03
5.861272638130752069e-03
5.762677694961772061e-03
5.912382741615068715e-03
5.649634923279783089e-03
5.688344368144924827e-03
5.904447821168111107e-03
5.666421282650550145e-03
5.573059778602419516e-03
5.679182952335969266e-03
5.771043028418948624e-03
5.701168024641749960e-03
5.819881460316866061e-03
5.972098658112589935e-03
5.721617527453346647e-03
5.958958852506858819e-03
6.253988088317483790e-03
5.818121675432392191e-03
5.753323698788315697e-03
5.848189537757121984e-03
5.666900291422147587e-03
5.697911074167991141e-03
5.618943403649470994e-03
5.968050313671173154e-03
5.978724027599251374e-03
6.051581391945079144e-03
5.696009256516664822e-03
5.941091410980000806e-03
5.891320231081284553e-03
5.622773316119810197e-03
5.749098881618715760e-03
5.684338469619498388e-03
5.514706959125995067e-03
5.653929808857513332e-03
5.592406182422873101e-03
6.115961656817589520e-03
6.082125779879939999e-03
5.827088946575902963e-03
5.816223693962325678e-03
5.803034173429605196e-03
5.921419120262542794e-03
5.778576258288241167e-03
5.611621771815532289e-03
5.731603965334141661e-03
5.744618948238703650e-03
5.664335324108260572e-03
5.762619167040499563e-03
5.517840538916293086e-03
5.890380654810333308e-03
5.280547561204507363e-03
5.821317216456615984e-03
6.101949146165426725e-03
5.551020449736415036e-03
5.682113555501690574e-03
5.458998159887219412e-03
5.594806968124281174e-03
5.704422548210885333e-03
5.702474020572420414e-03
5.608802999048657575e-03
5.489400896984045382e-03
5.888925273922433930e-03
5.829761632161018989e-03
5.728019717894782675e-03
5.461779625928316062e-03
5.366185641602919110e-03
5.441887683887470378e-03
5.237100600081793893e-03
5.505499358118197926e-03
5.771402478223146976e-03
5.694038060669402018e-03
5.782239972366021684e-03
5.563489177383665503e-03
5.609846409114984875e-03
5.422476941448822405e-03
5.884662346972823442e-03
5.643458466925552544e-03
5.597323564628512750e-03
5.244768595971561510e-03
5.892368335477917406e-03
5.511209083965693326e-03
5.620904020125053017e-03
5.828332359668905206e-03
5.926014841715793700e-03
5.847368398177153932e-03
5.637573820644615520e-03
5.523107296456418631e-03
5.753101738116997259e-03
5.655270827834514048e-03
5.863495997931150727e-03
5.358780569883912250e-03
5.366151184947789282e-03
5.641977641431181016e-03
5.588555354755820465e-03
5.512125488121428357e-03
5.614208539510114407e-03
5.900774407764386616e-03
5.391140132210613112e-03
5.703711614914810241e-03
5.540996399894877918e-03
5.574918570069023124e-03
5.538497120598644650e-03
5.624976952253687643e-03
5.768835852020768110e-03
5.641997718867856892e-03
5.510980271475351272e-03
5.957016390744319587e-03
5.731263393133230293e-03
5.656093518323387741e-03
5.531564992105211451e-03
5.827826610004210699e-03
5.535656168341051078e-03
5.575838031091454559e-03
5.303658313926890716e-03
5.365630903392082200e-03
5.738340243289067472e-03
5.425308719119081337e-03
5.630538452326699569e-03
5.558021589607168439e-03
5.720337428151576510e-03
5.752839581619034227e-03
5.401788091201880498e-03
5.578083065223152573e-03
5.673471156919638117e-03
5.692178548941467797e-03
5.727152941923449939e-03
5.843432142930432213e-03
5.690151382569204677e-03
5.270171553078868872e-03
5.345635803354110288e-03
5.545879686761928662e-03
5.545101174428891666e-03
5.731718130774959667e-03
5.567922523525238240e-03
5.635528684827556534e-03
5.500649891858847874e-03
5.737876038653107018e-03
5.696483856820774502e-03
5.513180074756009012e-03
5.318973233498079656e-03
5.475477091558301167e-03
5.702001479239634033e-03
5.620611734244809234e-03
5.680848242284693671e-03
5.604540478981075158e-03
5.532270393527403095e-03
5.227519328112704457e-03
6.097488586796923418e-03
5.463851190255729177e-03
5.708107780545506292e-03
5.941098159551175782e-03
5.288661607564404225e-03
5.803482384044003628e-03
5.435249348274086290e-03
5.659793503202189754e-03
5.383230984060892801e-03
5.716776866272303692e-03
5.738909928168657755e-03
5.517318048729626459e-03
5.378175467050996632e-03
5.634511963600028796e-03
5.800021378540583250e-03
5.529341992935423236e-03
5.632123262809065473e-03
5.631987918007731221e-03
5.430123227047239758e-03
5.407074163318243906e-03
5.553400148663490375e-03
5.389661067761435803e-03
5.431538562300039508e-03
5.448102934205391670e-03
5.493661994461277592e-03
5.569170372505735482e-03
5.472402055883851708e-03
5.112399864772174986e-03
5.652016805594383027e-03
5.201458602142490333e-03
5.298849192872111084e-03
5.290611137793407512e-03
5.239187621473570707e-03
5.735432060792571875e-03
5.575233506857764712e-03
6.002932801469940648e-03
5.632171758124064447e-03
5.318600038743064896e-03
5.592824398399866628e-03
5.656909628270485879e-03
5.725897835578558359e-03
5.535789934588716474e-03
5.539241451834753943e-03
5.758320083140563810e-03
5.546606662861165195e-03
5.333319024285943476e-03
5.540783674210009516e-03
5.448522937141799839e-03
5.669276868109986676e-03
5.510406133101899105e-03
5.727599310755470720e-03
5.235438070281635790e-03
5.306089809940859117e-03
5.412894905813983408e-03
5.447151268756698222e-03
5.491436492702459274e-03
5.625846347347027328e-03
5.476842454111162731e-03
5.436757194760585658e-03
5.615135695614195850e-03
5.769475197163444896e-03
5.843662666256554603e-03
5.374020725228834637e-03
5.449892088772904410e-03
5.536352697681244835e-03
5.282581956309851355e-03
5.252399436643048584e-03
5.256825376031820825e-03
5.228632737703269549e-03
5.658181657300600208e-03
5.355138154919274196e-03
5.246372638385714965e-03
5.532086389435130272e-03
5.600158807149872159e-03
5.804554200285441841e-03
5.634217060000980271e-03
5.671389228572624140e-03
5.503510106091007159e-03
5.577698852883932606e-03
5.523673927999731524e-03
5.641344232712561420e-03
5.787696758783041767e-03
5.412848747375181326e-03
5.261754801062017498e-03
5.332794222956373925e-03
5.126225139748755849e-03
5.418762744266727820e-03
5.397934777360246551e-03
5.171453670658807469e-03
5.307089249428674840e-03
5.374178879067301878e-03
5.671848518981146420e-03
5.631057521023109282e-03
5.194511701301831458e-03
5.669745883531392486e-03
5.222868223784157306e-03
5.512548126804597999e-03
5.055992312142444309e-03
5.419425651470210527e-03
5.569093590650242911e-03
5.480276656808956252e-03
5.688008066428942681e-03
5.014507505361071212e-03
5.460931735326394858e-03
5.432087482261857558e-03
5.324352303507434540e-03
5.454610903880770939e-03
5.366249275848308624e-03
5.476968022140500832e-03
5.591738882927190304e-03
5.307303229491826778e-03
5.524491474083965091e-03
5.178014821969134131e-03
5.110167004639275604e-03
5.285642979959557196e-03
5.400774001553263273e-03
5.702135155343155543e-03
5.708149421425658294e-03
5.509345234146727742e-03
5.386867065373926802e-03
5.337927496558221747e-03
5.515509235642359828e-03
4.979515580316204275e-03
5.524707197546641600e-03
5.509436715110838101e-03
5.169110622347310169e-03
5.335722450500638737e-03
5.726328278525850100e-03
5.192314601823289077e-03
5.097375202158901941e-03
5.454814883279222003e-03
5.710651207548470346e-03
5.190227766687815179e-03
5.327304293280876735e-03
5.447486253671429864e-03
5.629860639354463889e-03
5.611525557810960636e-03
5.464381954358930350e-03
5.431207477264147002e-03
5.633121273869895126e-03
5.611405195989103284e-03
5.297467009567400839e-03
5.533092058502403314e-03
5.054125343505259417e-03
5.609602570480581168e-03
5.653978847122068281e-03
5.262521024057156480e-03
5.263791770902439410e-03
5.451213924424731967e-03
5.496123043972174320e-03
5.096201840515427947e-03
5.537352921721834867e-03
5.511329469867667918e-03
5.314438417422462368e-03
5.654151432007495370e-03
5.559353665062569637e-03
5.536311996309974982e-03
5.195752606002486569e-03
5.508365797855297764e-03
5.857878424175291636e-03
5.471521081963511522e-03
5.256594512912121479e-03
5.735677391206250343e-03
5.376418182288583529e-03
5.397649438447111973e-03
5.319141091122509164e-03
5.453440578497375374e-03
5.567074757187124613e-03
5.128895811404532608e-03
5.178032034057807736e-03
5.419316779058402402e-03
5.299165459644450751e-03
5.097132992389122146e-03
5.308131205319957871e-03
5.403583719074523881e-03
5.313688750437504243e-03
5.304770537392021826e-03
5.616069394731065118e-03
5.056869057436475141e-03
5.529395334823301346e-03
5.377162088594172364e-03
5.675456900339598612e-03
5.501878950398203690e-03
5.331857747550668679e-03
5.194629435844654725e-03
5.356125386611588872e-03
5.547631404875143744e-03
5.188538981777672532e-03
5.515588874650404275e-03
5.353396771776671066e-03
5.467838409702744859e-03
5.221024308344110118e-03
5.559587994992218341e-03
5.396725577058192683e-03
5.883396449732013721e-03
5.206234619990929811e-03
5.496697746632375758e-03
5.164214024782708308e-03
5.383756474979190486e-03
5.348276750399533208e-03
5.367545856848309795e-03
5.531371900859261524e-03
5.172561356107752660e-03
5.174131453325655876e-03
5.321432534820574184e-03
5.138106935944544013e-03
5.166139438686770217e-03
5.549337253916541979e-03
5.289335351342643390e-03
5.399407436748746708e-03
5.090016142811379200e-03
5.286141338348687886e-03
5.222911377846692522e-03
5.601619989695278377e-03
5.644590287483783851e-03
5.134437285057802391e-03
5.554217419227907779e-03
5.368327449899841335e-03
5.394012609315518292e-03
5.560414343200943861e-03
5.186763234084556043e-03
5.149706885251328393e-03
5.637078689703868897e-03
5.209825773876452029e-03
5.361948965612988068e-03
5.044485704704546047e-03
5.210079252942476265e-03
5.235400394136149362e-03
5.048676830686276915e-03
5.265500810845315585e-03
4.923763732185517349e-03
5.207749978801687503e-03
5.189445469540710995e-03
5.540495507799389659e-03
5.198772941914859419e-03
5.524020088948952516e-03
5.303092069358785778e-03
5.399000654375880892e-03
5.286777419700473477e-03
5.417762379766999543e-03
5.043148476890305792e-03
5.128463634544676124e-03
5.275001670055446540e-03
5.354651988609814006e-03
5.040631485943285021e-03
5.174144699715623429e-03
5.347281965503597814e-03
5.215488221004928662e-03
5.054237364566688956e-03
5.640535456778675988e-03
5.136835851128646914e-03
5.215437242639179433e-03
5.547990808519318376e-03
5.499274995852441485e-03
5.557970878750359556e-03
5.158616949647387186e-03
5.374815582421134559e-03
5.380103705317444002e-03
5.269464339704327781e-03
5.310270889298454068e-03
5.109065066925632011e-03
5.296659209626004491e-03
5.189705603888769905e-03
5.556211680817192688e-03
5.345248157132329210e-03
5.210577382669692899e-03
4.990150572048845413e-03
5.259947685414849070e-03
5.282549417848004560e-03
5.122095832478018064e-03
5.346611930607101174e-03
5.321271482979481743e-03
5.231650724632625621e-03
5.413759258014278104e-03
4.999972503773538607e-03
5.282238466963337653e-03
5.103803765180025750e-03
5.154787150791047268e-03
5.484279986964358221e-03
5.357221228459979785e-03
5.335023081599239020e-03
5.615010261853396745e-03
5.460070228651289770e-03
5.416685881989918676e-03
5.120427716969698333e-03
5.190833437853903040e-03
4.862775459361238020e-03
5.114305434428477980e-03
5.050844087602053729e-03
5.393771709656404283e-03
5.200556742672217403e-03
5.246896680028511825e-03
5.291175011587314833e-03
5.056259286420484132e-03
5.128300275126434354e-03
5.140316226204558366e-03
5.106988435630765641e-03
5.590879502198129423e-03
5.381984070850226974e-03
5.217945796600060096e-03
5.232341157337848207e-03
5.324899597679161496e-03
5.235179204099318570e-03
5.195053458934553378e-03
5.265170304291531649e-03
5.391631009334337150e-03
5.226035828840352657e-03
5.218282782901498273e-03
5.176091376368568975e-03
5.011632914892007878e-03
4.886159531231774877e-03
5.161691807383802545e-03
5.265122886506065289e-03
5.352933565136872886e-03
5.101128583011240759e-03
5.018470607185692919e-03
5.521715405472490609e-03
4.778992014437209376e-03
5.289095279861598040e-03
5.468172642830374311e-03
5.023259831423021980e-03
5.434037445238845861e-03
5.085135320519017753e-03
5.095306182328254892e-03
5.196041826182972063e-03
5.189000418671566202e-03
4.974904213056997870e-03
5.113289331009284247e-03
5.151456793099637617e-03
5.404643695401185194e-03
5.223093268724488675e-03
5.072554606251448300e-03
5.369191420003593257e-03
5.409198258916354113e-03
5.001711776609181308e-03
5.337629213327446838e-03
5.193058313877629145e-03
5.526963121498651606e-03
5.076571148333712709e-03
5.187622536836791406e-03
5.020571111216386509e-03
5.522252313201017268e-03
5.229445633281847201e-03
5.253716636621988921e-03
5.159718674201662150e-03
5.070296291300829122e-03
4.773949089336226338e-03
5.342817246583474698e-03
5.022923309319222464e-03
5.454140401954246480e-03
5.029661404692736294e-03
5.379285201422797855e-03
5.320047845536894464e-03
5.086192276710230047e-03
4.998993705707314820e-03
5.262357454411045743e-03
5.177715883705464109e-03
5.098395949107781440e-03
5.098192622084146003e-03
5.366729626632077595e-03
5.125249119012682646e-03
5.186823107606030984e-03
5.040785825174426936e-03
5.274407037462284197e-03
4.993092287638029037e-03
5.127961088722460259e-03
5.321255004291481662e-03
5.237011573513195885e-03
4.995132174190473895e-03
5.073636055388684382e-03
5.201205642798531828e-03
4.891594977066930812e-03
4.956554333057790716e-03
5.154729195296352262e-03
5.093483681660742821e-03
5.228773174997847738e-03
5.170393949993861045e-03
5.419051847367625102e-03
5.258760611002368836e-03
4.856016745819687584e-03
5.238057799399149263e-03
5.455360936982745976e-03
5.236138848713958911e-03
4.789394922667552373e-03
5.059572513834157542e-03
5.051838741742168890e-03
5.279193548362654496e-03
4.873919554524758571e-03
5.237386664883990871e-03
5.146852035251944964e-03
5.205266472154067639e-03
5.006321995714106861e-03
5.269434401610534682e-03
5.144813012706555243e-03
5.259876145563499757e-03
5.111581258102596177e-03
5.011626484781444950e-03
5.076845887637693351e-03
5.294838486898641693e-03
5.413482354573180555e-03
5.226619515169009071e-03
4.817052610668605579e-03
5.278398495496918787e-03
4.841030984947320391e-03
5.168060910700813734e-03
5.128146473109728570e-03
5.112403050776882438e-03
5.278458165676265003e-03
5.357058592493371685e-03
4.977149447136930069e-03
5.133424381701495211e-03
5.266186141744941263e-03
4.862451418291048773e-03
5.099973701982317593e-03
5.272486993883526533e-03
4.924645267913997475e-03
5.497581273310832815e-03
4.884107012366526585e-03
5.088159203744268937e-03
4.716763649274516648e-03
5.212372628447694764e-03
5.000631989304824866e-03
5.298905333907239987e-03
4.972416962612015608e-03
4.802855314829258988e-03
5.017201140945740101e-03
4.970311085699510682e-03
4.795977865566057943e-03
5.069076238831860155e-03
5.249802724587464275e-03
5.112286912280478331e-03
5.141671279411171719e-03
4.985780834290078414e-03
5.025587086721283563e-03
5.077864841238296546e-03
4.787521735374591393e-03
5.029796149630648590e-03
4.985366312384739360e-03
5.193899622941066004e-03
4.643965725012292288e-03
5.179435324840372078e-03
5.171201775369569167e-03
5.157979746767452599e-03
5.293526628027144833e-03
5.271176564417977446e-03
5.053096225686224026e-03
5.002528590341337456e-03
5.038907226654197602e-03
5.101845949509131728e-03
4.789552029252566387e-03
5.266491452753281795e-03
5.147635158912615069e-03
5.331610545527372923e-03
4.659007779177356916e-03
5.129041585367459348e-03
4.847155327909195149e-03
4.867275898367568604e-03
4.831710495959101390e-03
5.027037660972277604e-03
4.860484124444524982e-03
4.802457937752647663e-03
5.147023867723878564e-03
5.109096554475323765e-03
5.012151344722153880e-03
4.881401816997216030e-03
5.120137572966369961e-03
5.281268891810319589e-03
4.803981497638516902e-03
5.170911137336615428e-03
5.578181261401957136e-03
5.178243058330279751e-03
5.079457780545338329e-03
5.195686231241915080e-03
4.981774560578980382e-03
4.853565942994887694e-03
4.893398275307788911e-03
4.994698269551100731e-03
4.746391832532182928e-03
4.959802560866938097e-03
4.911298036176311652e-03
4.963661355847174064e-03
4.817008137934439271e-03
4.980791600987579185e-03
4.960517242130780928e-03
5.274542579827143016e-03
5.043179814626578931e-03
5.514505046056799274e-03
4.831623536952585861e-03
5.021107918187276559e-03
5.005063546532097923e-03
4.770781898348670606e-03
5.022825056201339448e-03
4.969237250134216771e-03
4.959911062395084766e-03
5.139479406575745042e-03
4.904182759889247865e-03
5.088254315663396851e-03
4.841591067297388272e-03
5.080733303044456320e-03
4.995636057355572895e-03
5.075370947571148338e-03
4.966342454497225771e-03
5.365336793057640455e-03
5.037411354756261145e-03
4.853100585408742264e-03
5.097536225531165525e-03
5.154614927139491119e-03
5.087520905802762547e-03
5.008830165725836406e-03
4.793247882318084525e-03
4.879846012778876231e-03
5.043572783520106073e-03
5.070157145197230590e-03
4.824217327891154768e-03
4.958367345296098121e-03
5.107926901816070217e-03
5.171428983838339405e-03
4.631185169301918307e-03
5.241914374815164444e-03
5.173102288382531999e-03
5.050697454728852488e-03
4.785219349988501999e-03
4.826948126271195932e-03
4.767771204141553996e-03
4.787511310361078354e-03
4.621379581343879397e-03
4.806191059537437936e-03
5.447528796551854083e-03
5.259878966885408492e-03
5.151634859067610005e-03
4.908701319856715456e-03
5.084968526006644965e-03
5.023899711732751801e-03
4.909825938587865021e-03
4.913104954019668555e-03
5.099332925729128593e-03
4.981980586017174459e-03
5.132434265445746935e-03
4.952115561053780680e-03
4.947191840164794595e-03
4.563113620642366211e-03
4.861583980266899821e-03
5.102921503953409231e-03
5.214189376771830031e-03
5.082530231291969118e-03
4.808182896409800809e-03
4.859880943118817000e-03
4.993590547903885464e-03
5.206124390627325099e-03
4.554853190890202283e-03
4.893378468922283259e-03
5.245419508973053237e-03
5.011788596786705650e-03
4.653624061192234741e-03
4.809910808260127804e-03
5.012333685763363522e-03
4.887136620142965883e-03
4.810797504018649202e-03
4.999177276136955797e-03
5.089308173361548060e-03
4.938622045176178921e-03
4.976043894985410741e-03
4.890056571241024365e-03
4.904596981122139043e-03
4.978685986570492890e-03
4.705606726125220046e-03
4.895839855817463691e-03
5.007061321293741762e-03
5.031068328645083021e-03
5.241509783285791362e-03
4.998567064210673004e-03
4.729242763730749470e-03
4.850202054937893283e-03
4.738396372034271199e-03
4.957670653446254530e-03
4.765425699497718645e-03
4.711566714097340652e-03
5.095396313669886372e-03
4.704131930177782306e-03
4.780391011681169207e-03
4.736460799227297687e-03
4.812295718245426963e-03
4.964442923970220113e-03
4.863695893522542758e-03
4.634476311941421699e-03
4.844254127244804198e-03
4.765750927357389685e-03
4.984990789346442283e-03
5.254245065462579203e-03
4.884769408556569395e-03
5.087013643389580800e-03
4.781850906783976715e-03
4.951864448093611960e-03
5.047443947259509095e-03
4.923100138303077022e-03
4.932125163705215927e-03
5.002994734420232285e-03
4.712918359080136253e-03
4.545519606207542966e-03
4.947888720475686168e-03
5.182423811557840265e-03
4.993553332444524567e-03
5.117551492035640227e-03
4.649324160004613543e-03
4.805686991922911849e-03
4.789481721252566299e-03
5.088167170503757157e-03
5.198277049005053767e-03
5.047153968633377036e-03
5.022815450039197667e-03
4.490265817383954153e-03
5.150776510198817361e-03
4.579995442235197146e-03
4.805337418122631807e-03
4.970749910051574030e-03
4.780284600289332227e-03
4.811923686538355747e-03
4.636086028206868465e-03
5.110770003234541697e-03
5.126735886972239031e-03
4.907871447446386648e-03
4.856668613751930104e-03
4.790243463541095717e-03
4.749622643840361452e-03
4.908138999403851600e-03
4.940445979400838981e-03
4.835005444876474059e-03
4.806164939687039041e-03
4.640959385498344240e-03
4.598241153738490128e-03
4.796226236555042703e-03
4.836165351853841110e-03
5.128790822876786067e-03
4.933958528751376457e-03
5.315053581183785264e-03
4.670958453213032435e-03
4.626424764264502019e-03
4.907785726523556172e-03
4.917605652523965656e-03
5.451094652980112767e-03
4.723378034009668644e-03
4.750882203706181806e-03
5.043683201562943613e-03
4.855980412199103168e-03
4.772411250616758957e-03
4.954991529723393358e-03
4.893261507017494273e-03
4.790963115962814517e-03
5.219683763516329289e-03
4.807393286050917411e-03
4.934587126076491956e-03
4.689134324502935124e-03
4.791895918976009881e-03
4.873784536916575365e-03
4.697926960500226068e-03
4.923240147581081638e-03
5.034766133633454543e-03
4.721528925882932833e-03
4.686008184801018425e-03
4.725091814430239234e-03
4.783039257634310801e-03
4.956895875277833943e-03
5.146750990294176806e-03
5.041151142940650427e-03
4.694188966376033195e-03
4.796545354679509002e-03
5.127214893017621386e-03
4.821498132043893631e-03
4.747299582680527055e-03
4.747812981464197800e-03
4.689912841825939760e-03
5.073501920435707913e-03
4.879229305747215424e-03
4.725860963370997689e-03
4.872731395558250155e-03
4.886380750830423073e-03
4.778339201115133598e-03
4.762406217428985684e-03
4.852062337689792663e-03
4.846286968020356578e-03
4.720443188632135467e-03
4.845629085253423847e-03
4.674945723002936829e-03
4.828917517416138859e-03
4.771549900176827973e-03
4.613075745081047542e-03
4.674734113853810762e-03
4.575800800405951246e-03
4.697702900131812617e-03
4.715356071914814790e-03
5.104716177860835896e-03
4.952063567697190076e-03
4.641669641903893931e-03
4.797565978705896871e-03
4.637514438020548350e-03
4.960165286545085289e-03
4.939041188090908217e-03
4.985710511452373477e-03
4.759144018021534660e-03
4.877735924915027610e-03
4.752822977277798913e-03
4.743110433072315890e-03
4.974318956973437268e-03
4.603238490957532389e-03
4.815651297208882291e-03
4.991797806463310269e-03
4.600473910799519027e-03
4.815682113504472263e-03
4.547045020815317778e-03
4.893108089895798450e-03
4.756840274958891619e-03
4.876049809212122145e-03
4.979917259422732799e-03
4.653820841112705012e-03
4.603761494410467045e-03
4.871655984594782350e-03
5.050539681361155588e-03
4.819226580261833613e-03
4.839424769407667942e-03
4.704044360934142056e-03
5.078732472124706382e-03
4.642530781453174486e-03
4.957348788820651470e-03
4.569009978269379310e-03
4.616641084691592602e-03
4.685598828285013513e-03
4.738193665853279550e-03
4.731298714927729097e-03
4.614412763046253814e-03
4.639129956719571270e-03
4.602121576393516066e-03
4.930927346089386196e-03
4.592180847856953442e-03
4.899729681938502432e-03
5.075322885220639145e-03
4.805799061136834666e-03
4.968997866925255712e-03
4.859299050716453690e-03
4.785866170272765237e-03
4.673359546808282007e-03
4.891051103407710772e-03
4.869614379516822890e-03
4.523137784243128762e-03
4.575976051687175201e-03
4.537214821275131586e-03
4.605223565857025601e-03
4.523909109972299933e-03
4.734326110623149168e-03
4.698317838360352959e-03
4.692316733747621017e-03
4.949873390642040884e-03
4.657252986778514549e-03
4.933842679773419761e-03
4.701732662409091254e-03
4.908379775470077949e-03
4.622678728552679847e-03
4.565195672801113623e-03
4.571889846500317746e-03
4.692981475309099954e-03
4.569953966156421223e-03
4.984914170415745763e-03
4.598135372078157070e-03
4.755768830767975741e-03
4.609519598786522392e-03
4.605287078137439670e-03
4.842687687658335689e-03
4.785685556258515404e-03
4.660243980789462344e-03
4.713240465043625621e-03
4.761709897683197995e-03
4.319555734148778324e-03
4.886629521361112241e-03
4.714536655185329675e-03
4.984825362408750599e-03
4.992707809807345187e-03
4.884820334003155649e-03
4.717815707011521580e-03
4.567995875386639086e-03
4.612016007950579463e-03
4.540406342267041401e-03
4.508515624595463289e-03
4.766802208777513178e-03
4.377810166881240805e-03
4.963456137278453133e-03
4.904654479817467487e-03
4.881104386513158110e-03
4.672579972467653768e-03
4.513522463981965542e-03
4.740617755779891716e-03
4.877660397553227993e-03
4.897867378959123823e-03
4.688944510194014217e-03
4.637417069371625213e-03
4.364811281751467334e-03
4.753839180338169899e-03
4.691312930121697110e-03
4.678952652030502618e-03
4.654629568348755617e-03
4.688574891816962333e-03
4.587862024891050869e-03
4.786958103179131049e-03
5.044530722642388831e-03
4.754876424043958695e-03
4.726175253956793956e-03
4.609236221373968698e-03
4.681750903593271534e-03
4.738446923036573714e-03
4.812126713011694729e-03
4.518360356556036343e-03
4.792358414057322318e-03
4.925481016718156156e-03
4.851313955304904953e-03
4.606316290758945622e-03
4.693269220200910370e-03
4.541098978427687317e-03
4.643400121193046702e-03
4.764901622707683367e-03
4.872195890822291972e-03
4.844398651704733341e-03
4.694080039909539863e-03
4.398930377512698733e-03
4.586417881008567066e-03
4.897143147613860874e-03
4.937904018509220103e-03
4.369639686292660537e-03
5.016700451855330735e-03
4.775312913989689795e-03
4.470900256516198781e-03
4.529329225643994282e-03
4.735040606827434044e-03
4.676857602035833922e-03
4.672939166013472152e-03
4.415267011627505879e-03
4.823498047981782458e-03
4.660595503805343813e-03
4.916768127149308623e-03
4.716207333207839830e-03
4.701787964693492430e-03
4.731680770183301077e-03
4.765329463404753378e-03
4.850735265666534894e-03
4.609519345269455677e-03
4.842570714338188462e-03
4.681846129506290165e-03
4.539382014508936379e-03
4.839148857131637081e-03
4.549368281749173286e-03
4.784192363104840945e-03
4.693787314090990676e-03
4.593223061779022447e-03
4.734925872055584933e-03
4.557611197264686831e-03
4.936068738340101784e-03
4.873118694240337161e-03
4.982940771794691463e-03
4.758253244928969082e-03
4.663616369249901257e-03
4.545331707950794019e-03
4.657757052034561772e-03
4.625083367613063573e-03
4.748412009526462550e-03
4.620149009101660875e-03
4.761436933754904094e-03
4.822707662051701517e-03
4.683223002877628070e-03
4.478019210009377693e-03
4.610834317167600629e-03
4.993617303590863928e-03
4.730982821517311539e-03
4.726553369161874338e-03
4.659199816808518545e-03
4.473554640910598276e-03
4.638155149834916752e-03
5.169699837044927117e-03
4.628566198530606642e-03
4.675685144743106127e-03
4.809213879194803448e-03
4.605799684225267421e-03
4.410201741978583487e-03
4.621241060100646572e-03
4.630335341406201233e-03
4.750170797358185294e-03
4.264979607249722200e-03
4.414781863401868664e-03
4.668673844254786660e-03
4.687536688865419528e-03
4.351310891507914093e-03
4.725967969205256171e-03
4.768465751454344440e-03
4.554640846020807654e-03
4.535942137172203556e-03
4.621903361930058095e-03
4.858314619960225379e-03
4.782974264635058391e-03
4.954518152716435621e-03
4.645125923524456510e-03
4.700885622231958799e-03
4.865291864822530316e-03
4.889698880606969771e-03
4.370888131675442108e-03
4.797511237584797285e-03
4.477657505845254911e-03
4.575726758008828027e-03
4.795639224459014721e-03
4.592678926115156129e-03
4.612197222166328041e-03
4.615306492292426885e-03
4.799209260602173982e-03
4.535256236925475429e-03
4.741843605756204671e-03
4.420015506094714976e-03
4.853916487672678935e-03
4.528513574384387778e-03
4.734337456186012497e-03
4.873042560661631009e-03
4.474249011398609074e-03
4.640605974601800209e-03
4.414082141649729001e-03
4.627242605133227542e-03
4.534273717944169516e-03
4.855042380049892116e-03
4.682220363595429764e-03
4.593959431317229218e-03
4.521721325074052125e-03
4.562361790277535273e-03
4.539687835089258744e-03
4.612117367828366503e-03
4.709035135444705235e-03
4.340198824382218712e-03
4.472057360556717931e-03
4.607585829524979068e-03
4.497816876619957147e-03
4.658265314420983148e-03
4.581913994457848492e-03
4.670498281442032364e-03
4.808546284370127620e-03
4.439013114438192763e-03
4.757124163427763237e-03
4.509316951827863247e-03
4.590017422625171893e-03
4.839277123269393292e-03
4.519026258508917170e-03
4.897095929389596279e-03
4.638522491088785914e-03
4.606901252680377541e-03
4.574854750074748566e-03
4.720804203813904441e-03
4.584743020270974634e-03
4.572595859806352463e-03
4.694241962652292120e-03
4.630842965277868518e-03
4.590534386490727724e-03
4.672486903174193421e-03
4.809037835680288371e-03
4.548082743276833477e-03
4.446367163985236529e-03
4.480666998773505209e-03
4.398356130768833229e-03
4.793889768604238377e-03
4.348233035532094587e-03
4.843836616062177636e-03
4.882343070289022792e-03
4.602223425201309830e-03
4.686901302589083392e-03
5.094494992560806741e-03
4.802562878072312580e-03
4.441981767767975292e-03
4.821453619125828580e-03
4.734544172701530412e-03
4.777879032510922407e-03
4.725002861785134421e-03
4.809673488445655003e-03
4.551957491614046052e-03
4.729585323241860921e-03
4.509953105699535635e-03
4.530145621389220639e-03
4.404144003143198836e-03
4.471912990981520564e-03
4.511736797542099768e-03
4.434428029215110173e-03
4.440602445364723490e-03
4.631301667241480811e-03
4.994908485960611322e-03
4.502036939683833408e-03
4.760796220347108046e-03
4.358395289502740508e-03
4.599595039274043812e-03
4.666851781072021803e-03
4.602635263209518303e-03
4.680211520452586503e-03
4.435996564546284930e-03
4.495243489814611942e-03
4.652583403658700281e-03
4.596882095128493675e-03
4.716568571469847114e-03
4.642563093739370157e-03
4.629933166808591384e-03
4.564222047092626397e-03
4.880568180926081467e-03
4.396564764592956163e-03
4.337584463943322359e-03
4.617540532901693966e-03
4.478365512485429738e-03
4.635834225735307318e-03
4.495090905047315934e-03
4.564193731751880687e-03
4.604542764566016064e-03
4.550623122233359887e-03
4.534576525960754348e-03
4.984970295528507941e-03
4.701750737365203818e-03
4.457168816050568333e-03
4.807256263831126419e-03
4.677932368540547135e-03
4.726303676220770626e-03
4.724377248864168079e-03
4.647366210746535671e-03
4.595693338919338428e-03
4.282321240604692811e-03
4.601283450840246494e-03
4.283093368674279443e-03
4.508123777736008572e-03
4.512073595981174259e-03
4.572813724743656806e-03
4.259501847662719269e-03
4.893929041765771384e-03
4.556535221605633595e-03
4.396509403910208065e-03
4.526678022358620289e-03
4.492578129096001793e-03
4.484701829867043799e-03
4.617370377640334783e-03
4.357569391220259686e-03
4.728788502919315830e-03
4.471814577683160159e-03
4.455578762366183172e-03
4.783394542561075768e-03
4.429429253150305758e-03
4.656831160984605152e-03
4.783107153184826786e-03
4.373064811434063462e-03
4.772129348478337287e-03
4.585399349727362940e-03
4.400468671143772763e-03
4.176811849073729620e-03
4.653303701503701609e-03
4.502623466234854412e-03
4.642090364101555088e-03
4.288226937851667003e-03
4.637791440420347376e-03
4.619764317126597714e-03
4.760557733494740103e-03
4.470419506638881671e-03
4.502863663050665766e-03
4.456997354908320483e-03
4.533320744917022568e-03
4.444302052134399897e-03
4.542005142294474815e-03
4.327080928514606857e-03
4.713179610091034616e-03
4.386179323007719129e-03
4.775316962007621069e-03
4.568260982057406952e-03
4.574786499004303113e-03
4.871626459152190655e-03
4.469182575751860613e-03
4.542820158187113946e-03
4.643195060692951667e-03
4.560494036489620359e-03
4.562165840187633846e-03
4.493140951904826298e-03
4.500064541442848690e-03
4.783246912497253651e-03
4.524127219884152735e-03
4.334387551021781464e-03
4.850124898937769637e-03
4.530310959386274483e-03
4.673487283740502055e-03
4.584927277019552189e-03
4.858123093796436545e-03
4.868977201430937929e-03
4.313703314300135726e-03
4.615410078374777500e-03
4.535249322881703890e-03
4.397401644018132660e-03
4.452375486703435969e-03
4.815939401947825702e-03
4.770001016493666084e-03
4.367932068961303399e-03
4.500286479011826775e-03
4.477160935352815160e-03
4.555046061162287135e-03
4.540735420833350543e-03
4.502907224784582878e-03
4.389429041537438667e-03
4.459798374463818521e-03
4.244731367659842526e-03
4.787725523649878287e-03
4.461503295318631004e-03
4.399687448803110343e-03
4.709770889122148578e-03
4.858205919980649809e-03
4.349575426214183360e-03
4.508765018805236530e-03
4.674058342139446147e-03
4.776734113814746184e-03
4.323335900531451691e-03
4.718457822776913994e-03
4.590055426706834800e-03
4.274983668912888182e-03
4.475560694180483017e-03
4.196946045120361450e-03
4.489719142210605793e-03
4.471427422619409127e-03
4.245524018328144210e-03
4.694338249690813321e-03
4.269266582336414192e-03
4.308769677316011057e-03
4.332212957826909148e-03
4.523352376288136516e-03
4.657960584912251498e-03
4.395969178603593291e-03
4.983487416633652044e-03
4.386499004266535343e-03
4.662188072045029934e-03
4.540927040663888213e-03
4.444293452885560852e-03
4.527990842045626768e-03
4.634509552934856953e-03
4.466292672982025320e-03
4.480083247756568021e-03
4.343860956252847474e-03
4.429167483212789573e-03
4.774539658068731839e-03
4.684065654632537691e-03
4.384393317754128883e-03
4.521033804087738923e-03
4.242174743067247955e-03
4.495573039654446497e-03
4.642083597082982856e-03
4.506522026039795105e-03
4.324095898470132517e-03
4.464998374045524125e-03
4.456368551125630857e-03
4.420099189951074217e-03
4.280201101302488938e-03
4.412170898209813799e-03
4.315204653239950415e-03
4.313325613395083656e-03
4.663478886953474623e-03
4.465602828166727843e-03
4.716146855062571148e-03
4.403323469254035588e-03
4.451155753390259942e-03
4.409575300554919274e-03
4.298569521952687149e-03
4.233411665254695373e-03
4.309068672920050511e-03
4.580149092875520148e-03
4.495212643582758433e-03
4.440228558108784071e-03
4.476934777184861727e-03
4.797609199427003979e-03
4.328533467748597527e-03
4.501119192822708795e-03
4.331988209440699317e-03
4.529915127586308515e-03
4.483823603945930221e-03
4.587988221079825762e-03
4.369495418349756029e-03
4.523723808436934911e-03
4.312163823538290447e-03
4.500758364835944977e-03
4.378290679074775538e-03
4.269328188002107990e-03
4.416247131571977153e-03
4.564828131584360536e-03
4.653783634139371100e-03
4.592472263126371607e-03
4.422297777868481813e-03
4.463766739731446324e-03
4.604809808470194075e-03
4.437589441751150013e-03
4.056151403659735873e-03
4.427449576442778027e-03
4.379329489140114211e-03
4.412178490225894707e-03
4.405202466923062270e-03
4.703916027809463760e-03
4.602556028939531162e-03
4.470463492699838434e-03
4.087344388683593691e-03
4.423110846655237301e-03
4.272622184141978800e-03
4.505976816249160355e-03
4.530688780464223360e-03
4.447475711726632704e-03
4.588597284150645536e-03
4.445359265285814439e-03
4.246479592729792384e-03
4.155823608222649658e-03
4.552612025920127307e-03
4.282921074406018103e-03
4.428980647872154258e-03
4.152631701889973603e-03
4.522278422458022792e-03
4.490442902457642341e-03
4.277345691294246778e-03
4.388242023486382641e-03
4.430014061065274712e-03
4.323551511878005391e-03
4.283879451853032407e-03
4.395235953950845341e-03
4.594676806723521113e-03
4.690304443062342198e-03
4.412329876858815149e-03
4.490927597225241943e-03
4.701999570394550278e-03
4.232870644704740670e-03
4.297745419432908928e-03
4.392112405706377447e-03
4.445861384546861972e-03
4.435971039801978912e-03
4.599515475356892938e-03
4.361629731007737529e-03
4.258814290541189720e-03
4.361396925555004189e-03
4.617608691740073684e-03
4.417799531621272209e-03
4.447905804246242781e-03
4.333360368963121850e-03
4.567050409693709963e-03
4.326755402168432074e-03
4.539695385779941687e-03
4.324729039048775744e-03
4.291190733310639924e-03
4.553164343386947518e-03
4.527414398999023495e-03
4.613511556316798011e-03
4.422177138381489653e-03
4.364955859207994039e-03
4.403846672433654220e-03
4.635517532590180748e-03
4.589307137381295511e-03
4.519595925879745651e-03
4.312437033477257119e-03
4.219662623540284402e-03
4.245135538671540240e-03
4.337669336024477934e-03
4.285011812152694083e-03
4.639274560208876338e-03
4.350655956787879107e-03
4.444395103289231624e-03
4.179687042018750097e-03
4.492925872382687834e-03
4.255741356887127874e-03
4.535682639253540809e-03
4.225639338803978580e-03
4.517998977004777927e-03
4.202080524007962420e-03
4.170767006650398685e-03
4.411643205867745408e-03
4.426157170849415352e-03
4.441088668434413009e-03
4.534571139232230173e-03
4.454392793809702593e-03
4.652055617792551050e-03
4.466333125740682038e-03
4.370687649619777078e-03
4.405267700485794406e-03
4.517950804936032502e-03
4.693215527470496681e-03
4.520440349051103694e-03
4.282944384583251864e-03
4.381158865602732301e-03
4.480544702557341663e-03
4.482354208824259993e-03
4.228017265521180276e-03
4.299237504594715861e-03
4.287439708563369964e-03
4.573014961744055300e-03
4.176004803850494503e-03
4.199927884677029551e-03
4.295209282328851623e-03
4.134066289771518021e-03
4.589939063311490944e-03
4.354555931301485987e-03
4.345121768617145157e-03
4.462758105935393967e-03
4.223726303066616637e-03
4.255967422738087848e-03
4.433455695311254961e-03
4.190656551223661402e-03
4.107802624629938726e-03
4.417403346943482058e-03
4.547431713674735844e-03
4.517708762640457350e-03
4.349431101394110079e-03
4.176643153820608009e-03
4.469735301087805583e-03
4.255059622349857684e-03
4.326831419909633707e-03
4.477131667348006362e-03
4.404749236203888384e-03
4.547850182886524484e-03
4.697246697664352912e-03
4.457827070526886558e-03
4.406296041299213699e-03
4.346725473307230282e-03
4.562482056484227534e-03
4.535884767356571957e-03
4.202432809779270417e-03
4.279404977468983899e-03
4.259479856895437462e-03
3.912715038807542019e-03
4.170358735249071573e-03
4.217080406543093248e-03
4.666184278988188758e-03
4.470854748045247073e-03
4.161003585919627844e-03
4.365189048969482337e-03
4.264351414301562233e-03
4.193235031217387200e-03
4.168480546782039366e-03
4.523558651586411135e-03
4.254414832854543776e-03
4.032505261237582378e-03
4.331190431651078983e-03
4.297025190324875107e-03
4.442000810800190644e-03
4.166257094306009649e-03
4.294759249047614552e-03
4.282597122641665886e-03
4.085550302105330628e-03
4.216741085692799623e-03
4.364509629735732234e-03
4.487402501929193231e-03
4.405505956952673018e-03
4.276353731916927338e-03
4.415903818143870896e-03
4.666726818813694312e-03
4.019101768063941191e-03
4.480042008081637842e-03
4.495807540392235402e-03
4.290976149596830748e-03
4.245053795248626867e-03
4.387153632561421185e-03
4.437484130882303479e-03
4.249206255172164812e-03
4.055074508178359294e-03
4.167673793684323336e-03
4.076537930731699913e-03
4.148490744242185578e-03
4.395534089716136850e-03
4.482087740272789299e-03
4.337765707674282392e-03
4.166145814218490812e-03
4.048774242986264565e-03
4.135650501061394028e-03
4.405563200400705939e-03
4.223714230262957947e-03
4.301395826881107380e-03
4.440122837518283364e-03
4.203654441253098541e-03
4.470803045440932891e-03
4.460760565797711012e-03
4.205242596207768579e-03
4.257449538152303925e-03
4.450013032529509527e-03
4.197985714603170472e-03
4.118296261002800558e-03
4.087489049780999341e-03
4.457720978775368131e-03
4.314873442589165289e-03
4.457875064808034839e-03
4.156669986481257781e-03
4.426066578270176737e-03
4.284513417905300853e-03
4.320631342127805377e-03
4.212722738482345929e-03
3.941854817951508452e-03
4.505801075247100468e-03
4.190888504245616000e-03
4.329542583462274614e-03
4.399672129785618321e-03
4.150954277309705683e-03
4.545058299627689237e-03
4.494183199654863507e-03
4.428446436853608788e-03
4.203582156268506793e-03
4.210984128928054078e-03
4.257083754332402145e-03
4.420425398596278775e-03
3.914806939673293011e-03
4.310056485023689224e-03
3.935144718797447573e-03
4.342999162566432703e-03
4.209396831884936602e-03
4.301848126144359324e-03
4.353752875309027312e-03
4.498716589332748227e-03
4.411573622786677494e-03
4.465134900583376046e-03
4.566951753040871496e-03
4.311708061217478169e-03
4.414656565729427155e-03
4.541118322711040420e-03
4.359567016799513126e-03
4.188842565694999437e-03
4.394997680490382239e-03
4.346351364155298831e-03
4.103615404112640613e-03
4.177686443529672090e-03
4.344859096070131411e-03
4.222016016586557091e-03
4.231355104957535730e-03
4.202854896513736303e-03
4.393881974927931443e-03
4.425983317277685548e-03
4.483415615628164042e-03
4.539258320082694732e-03
4.132510202657793154e-03
4.464389687106710969e-03
4.398849164933130336e-03
4.292581020121857480e-03
4.109792104961144076e-03
4.348940573000714509e-03
4.121503678952197734e-03
4.541964751150025757e-03
4.513296313741514514e-03
4.249871280384792324e-03
4.409276425655196154e-03
4.364763721125555773e-03
3.900756285088202626e-03
4.127825220169583850e-03
4.563538135702537545e-03
4.227446234979566342e-03
4.376031715131322060e-03
4.241616508551990586e-03
4.289807756846434998e-03
4.108970383250670766e-03
4.546863632425920607e-03
4.356565765903680498e-03
4.380872081393178720e-03
4.173725260113321164e-03
4.036585050910824687e-03
4.411050042530914247e-03
4.502794391578640240e-03
4.239310987315977712e-03
3.935279693250616495e-03
4.755552513404786262e-03
4.349355463740808836e-03
4.553965171201713492e-03
4.298931856201480134e-03
3.821423852920676802e-03
4.263018986656078382e-03
4.405266342111048387e-03
4.198047213224824839e-03
4.403014700524977669e-03
4.267316664472038321e-03
4.259578093592469687e-03
4.269745917138534526e-03
4.302865319698803356e-03
4.399239869400418945e-03
4.346095347698098951e-03
4.414506645552532769e-03
4.258932151020607473e-03
4.319054222690504180e-03
4.354934740334185858e-03
4.286504611612198395e-03
4.195394978586446978e-03
4.175863665284920180e-03
4.366329604477595105e-03
3.912534865504779455e-03
4.445716192812134045e-03
4.391475556314269543e-03
4.359132928689134212e-03
4.372361810107146252e-03
4.042994201105480634e-03
4.038523283585803737e-03
4.374200517262044792e-03
4.093664762987831232e-03
4.502768597572268452e-03
4.162003424953239321e-03
4.130708974768708755e-03
4.356162169544654586e-03
4.304769312939268205e-03
4.187062275903803352e-03
4.276111599324200485e-03
4.326578338961380860e-03
4.170055386801434401e-03
4.323353185385184032e-03
4.243503974591751084e-03
4.069775566560197497e-03
4.497067230293365532e-03
4.324873355275933584e-03
4.103370734907142367e-03
4.425408409030513919e-03
4.197145936332025151e-03
4.028864513508059048e-03
4.095222931507777088e-03
4.276839270865256601e-03
4.572247895208387224e-03
4.279069563622338833e-03
3.965436372573200724e-03
4.301088466436658181e-03
4.108564779793513928e-03
4.105172338986300649e-03
4.293091859288705042e-03
4.084666110559668009e-03
4.328856106253395689e-03
4.238888103195334774e-03
4.173247013839798819e-03
4.558933952269184769e-03
4.183737234692877852e-03
4.316272965150242183e-03
4.202391054871177679e-03
4.249869893058894066e-03
4.446524111134451777e-03
4.290584122830749976e-03
4.361191332442075110e-03
4.124372478344986298e-03
4.370497380048941199e-03
4.322200085480109970e-03
4.379193200310973512e-03
4.631216356909238774e-03
4.097752462025762779e-03
4.140865842158035666e-03
4.122590276583694945e-03
4.352831836698563446e-03
3.928029074169968327e-03
3.929091244058920650e-03
4.307829505337450703e-03
4.272424972372319309e-03
4.084701662985116069e-03
4.011285973575414582e-03
4.246484229141696091e-03
4.000946058850990937e-03
4.076363414519144218e-03
4.250790555361518876e-03
4.087151810468082208e-03
4.190992684442593035e-03
4.025619380913364465e-03
4.147927136748566501e-03
4.123923337096243973e-03
4.298820543480931337e-03
4.170445969794985691e-03
4.288604549747311590e-03
4.193428451840932637e-03
4.376496878102170522e-03
4.043236108638666171e-03
4.196355148658930355e-03
4.507552210752324186e-03
4.245787676733247563e-03
4.013661434962049850e-03
3.926139361902674860e-03
4.263647054727268473e-03
3.990713996456300185e-03
4.317343662275542095e-03
4.153625549145234692e-03
4.342443304390082234e-03
4.058400276330375450e-03
4.340746427403794142e-03
4.120690248978235368e-03
4.176981257462577049e-03
4.246439018013432182e-03
4.108069028008943906e-03
4.149579135488996352e-03
4.080165953133611280e-03
4.493241114311226532e-03
4.262169050854243239e-03
4.171316035768326234e-03
4.346848367587187630e-03
4.238575327341561477e-03
4.200088467493526788e-03
3.961941587316584329e-03
4.249182608827189837e-03
4.087499283057257835e-03
4.299207477050225913e-03
3.974565601025718993e-03
4.216011786550583756e-03
4.102327687762781852e-03
4.224933618992410440e-03
4.510062823700019229e-03
4.007494220401623501e-03
4.318295562635750262e-03
4.166479238313607406e-03
4.417790298398093993e-03
4.273655157951525459e-03
4.358493742452821187e-03
4.229773830036694798e-03
4.308538737532631967e-03
4.267368522373442795e-03
4.213425187593087574e-03
4.191960758188491808e-03
4.109990230002698308e-03
4.453954301725642287e-03
4.372868444944863313e-03
4.035816376396167068e-03
4.132807320439574675e-03
4.014725218589115796e-03
4.219126964629620231e-03
4.519508720159906741e-03
4.238885903757575249e-03
4.156410332195693835e-03
3.995571979972058207e-03
4.328617205175020952e-03
4.111531623569084255e-03
4.189612517421124720e-03
4.133780932985503184e-03
4.197205147380947583e-03
4.239059434895533530e-03
4.416097898574994698e-03
4.308983805428405131e-03
4.250093171402029649e-03
4.226734011538470920e-03
4.243672149946919013e-03
4.187742058966146576e-03
4.050559510461688995e-03
4.258392910443282997e-03
3.908798001565598132e-03
4.338831145786845728e-03
4.191841452296909964e-03
4.092167014941282439e-03
4.232905701045705342e-03
4.280302165240177162e-03
4.014696269196656175e-03
4.052985561288867215e-03
4.018436245850191130e-03
4.054119374547537208e-03
4.160910578924141567e-03
4.029433010228647589e-03
3.974285579723935667e-03
4.166511098184079269e-03
4.167000524227785878e-03
4.185759451691643124e-03
4.083633751327237979e-03
4.157544062164396023e-03
4.229439072826596084e-03
4.024754631029065118e-03
4.229393978544150785e-03
4.321038376959526230e-03
3.945454496079379980e-03
4.157411323016014723e-03
4.168307866399173327e-03
4.330290626472762215e-03
4.072001646075977879e-03
4.127807356120339645e-03
4.256401016253121179e-03
4.032569072080257298e-03
4.353293121153731411e-03
4.050635023473320856e-03
4.096689568119967449e-03
4.285871118786498991e-03
4.117263964071566848e-03
4.047747607370794261e-03
4.399259455120415295e-03
4.361569689762923030e-03
3.999273391696585127e-03
4.075793246674537865e-03
4.001410074057038663e-03
4.473274145448877942e-03
4.025108662608500518e-03
4.024279686305322866e-03
4.282189825700296812e-03
4.177867697996055091e-03
3.999712598321013279e-03
4.174461420567719509e-03
3.887199071962089535e-03
4.145370050539923593e-03
4.293513824404595475e-03
4.071967861629931587e-03
4.256742228312107926e-03
4.155139236337529809e-03
4.104942200871250502e-03
4.188385508296465012e-03
4.212011926694092002e-03
4.072513771823583172e-03
4.187061964584233402e-03
4.391723667754873252e-03
4.099726064442567319e-03
3.960466297224557626e-03
4.170272886451253588e-03
4.111229200653617084e-03
4.296170985347055014e-03
4.274107892966516782e-03
4.090263608397643261e-03
4.102731461942918031e-03
4.458529157728092877e-03
4.152260271320038984e-03
4.108322519680673683e-03
4.008684874593186273e-03
4.350344709219981267e-03
3.982373933085704178e-03
4.002266347072614555e-03
3.894828739031193365e-03
4.283596089427087888e-03
3.993234281502706581e-03
3.935761786829833353e-03
4.143253989484568453e-03
4.122974236462532450e-03
4.368772769020186006e-03
4.086624240368539815e-03
4.245047585177754400e-03
4.373758638857610202e-03
4.217434610259061106e-03
4.149839884894481259e-03
4.061758140896983699e-03
4.401395058475893185e-03
4.104620491203194235e-03
4.017878702893991176e-03
4.363528281702294502e-03
4.229435083822072686e-03
3.975849943438392563e-03
4.051887703618731532e-03
4.338466871520756628e-03
4.184754174361410457e-03
4.392824089546091063e-03
4.003894846001961223e-03
4.073621321607848351e-03
4.156270564244549624e-03
4.153737153448681073e-03
4.299811888346114289e-03
4.178008714280999347e-03
4.060108006517694143e-03
4.171460849076586049e-03
3.621182992276490709e-03
4.235753032227109090e-03
4.021650341740173364e-03
4.553323209377709360e-03
4.209831903066735791e-03
4.320018083403616600e-03
4.291890862085541436e-03
3.910189455762631307e-03
4.292197269946972094e-03
4.001051260677601293e-03
4.244079615593880986e-03
3.947438031539902796e-03
4.118157428288598924e-03
3.938502365416645702e-03
4.346539052371929668e-03
4.017153561560843703e-03
3.721558474024379889e-03
4.382948966715973123e-03
4.134291563106240464e-03
4.042696863875456549e-03
3.884582641227690009e-03
4.223487977285470159e-03
4.261048586345725364e-03
4.095336981783803329e-03
4.271573278367415787e-03
4.172744629034715741e-03
4.220955819511047757e-03
3.893125399925605103e-03
4.113801905878201708e-03
4.372743739935539171e-03
4.115804186806831973e-03
3.898041158235808663e-03
3.908689331420200225e-03
4.162268380569711379e-03
4.033142150039348978e-03
3.904868985513535937e-03
4.181919978958245285e-03
4.080395689705543227e-03
4.059016187796597210e-03
4.077148432456776175e-03
3.977335611267443158e-03
4.086089317348890436e-03
4.096049138280558055e-03
4.132580940092374887e-03
4.274569797667466566e-03
4.403692448303813192e-03
3.956705294695930450e-03
4.207292534208481767e-03
4.190364321774825776e-03
3.967568099809793553e-03
4.047113675550093916e-03
3.990553761657909468e-03
4.023049211340811934e-03
4.113472091883090508e-03
4.039619309034807662e-03
3.941109745756880660e-03
4.202652856038303041e-03
4.202494310584716126e-03
4.235007633160134399e-03
3.828476834520545477e-03
3.970619911276901046e-03
4.062941928657155984e-03
3.998260075508444124e-03
3.937108944105062285e-03
4.197070685188300856e-03
3.913280840546912338e-03
3.863281450086814266e-03
3.904367725711916943e-03
4.001965754588657741e-03
4.139253497717273501e-03
4.252767531251967943e-03
4.191916993871046618e-03
4.406091749759821069e-03
4.123344441185196156e-03
4.220254363163542313e-03
3.765470122184219701e-03
3.965660153680325602e-03
3.972114992663395606e-03
4.185934133398613866e-03
4.110585327002891712e-03
4.141340112481578170e-03
4.211999283031947830e-03
4.263478203749313661e-03
4.037794584355343559e-03
3.845565546291912756e-03
4.068179247244162536e-03
4.036369391341857946e-03
4.022250599394388074e-03
3.956934247932154466e-03
3.819487376212642084e-03
4.029931010854745539e-03
4.274078733311079993e-03
4.225597279186986237e-03
4.213386629521299193e-03
4.021528594466819428e-03
3.934129585743800436e-03
3.903333134040425176e-03
4.161810142349156930e-03
4.183619261154209769e-03
4.076567428222785915e-03
3.909938011515319903e-03
4.073904718428353854e-03
3.960026018038330549e-03
3.942996561219063237e-03
4.168615882424337241e-03
4.362564038492591258e-03
4.042958484715830983e-03
4.371088799268564931e-03
4.057584886865301180e-03
4.193731226194720094e-03
3.980260175781018435e-03
4.062524974414551300e-03
3.934173090284432718e-03
3.995269363157845019e-03
4.396492932769738293e-03
4.140213082954633840e-03
4.018976964038935978e-03
3.999891763336023941e-03
3.866908925626069780e-03
3.907152690535670853e-03
4.041584395052645953e-03
3.971146602802581339e-03
4.159017200246353449e-03
3.808526697508144571e-03
3.912134519245027454e-03
4.025427157253151297e-03
4.175254018031386918e-03
3.963426574955276026e-03
4.057490161948492345e-03
4.141511979742720610e-03
3.898970028067578510e-03
3.919747608862380987e-03
4.099186438979610797e-03
4.043680129211903347e-03
4.062428842136106381e-03
4.135123452265524607e-03
3.802971251896869291e-03
4.161945309248101313e-03
4.261855335281232622e-03
4.147332852524764427e-03
4.035744959099370199e-03
3.963039908410306844e-03
3.923184923263278029e-03
4.116465282585196270e-03
3.992726014143981386e-03
4.282058224079704489e-03
3.853713259480033310e-03
4.078389029655371881e-03
4.337432430661623990e-03
4.256011841612347170e-03
4.005945687028960971e-03
3.990289850312410055e-03
4.023947795406714392e-03
4.324411810002828926e-03
3.905803330447483838e-03
4.044347415546513218e-03
4.010766275909463489e-03
4.061939339194028421e-03
4.082231369663374965e-03
3.895041833316534394e-03
3.971445006941598868e-03
4.018834340667480111e-03
3.950488651715781431e-03
4.143196960504636796e-03
4.048240211018047478e-03
3.914821749346522953e-03
4.017377141849272706e-03
3.882395160430313422e-03
3.985625411880658504e-03
3.965712476110966334e-03
4.062182144990498893e-03
3.822947182139201875e-03
3.937134922938952813e-03
4.004279639887674443e-03
3.863137490701449087e-03
4.114161982181169588e-03
4.165008516656984114e-03
4.282529840316884849e-03
3.951732818716639090e-03
4.180281245473700495e-03
4.017075121677636008e-03
4.162885307070529443e-03
4.079526270979605060e-03
4.026350973712072498e-03
3.833853056163257986e-03
3.927872565356950278e-03
3.816621921181617173e-03
4.116745400120475594e-03
4.034470149170810323e-03
4.260466489136409407e-03
4.093140277721295066e-03
4.021407069744839524e-03
4.170791430063098930e-03
4.061650338890155504e-03
4.140978421335191582e-03
3.966195979639661542e-03
3.941545617113104832e-03
4.074068987971258757e-03
4.226524879296104410e-03
4.073248850981538507e-03
4.099654072413231980e-03
4.068053596121268961e-03
3.883630152159746069e-03
3.954758248404601634e-03
4.245152911346824695e-03
3.803751782254519587e-03
3.815249842311251288e-03
4.019238973892865288e-03
3.853879218705317470e-03
3.871821949445826763e-03
4.132945106106866197e-03
3.961483462695559836e-03
3.865401822653121919e-03
4.061867330767027738e-03
4.059491884252280046e-03
3.933619697536549532e-03
3.938959510808560938e-03
4.136655108970247255e-03
3.933130002119020197e-03
3.822377073215734757e-03
3.837962875650696801e-03
3.923999094268913919e-03
3.805529690016339842e-03
3.879965817211141615e-03
3.842210557498364730e-03
4.021995415116600379e-03
3.996205550240735857e-03
3.964712203475091387e-03
3.929778325014152834e-03
3.955815402402609177e-03
3.848936253373155640e-03
3.883746966156680688e-03
4.354129686487298416e-03
4.217363237410382167e-03
4.019805529520576251e-03
3.966255569155275988e-03
4.051122893424523481e-03
3.845875220585761364e-03
4.063751044701744038e-03
4.054188137617843572e-03
3.874220293029642919e-03
3.713842679190174339e-03
4.086156396320130002e-03
3.960785714712536203e-03
3.853309697740115759e-03
4.049318684005740604e-03
3.943354216555787668e-03
3.950144460583275563e-03
4.054080013919663002e-03
4.021904040032247239e-03
4.084444757362430158e-03
4.042181129479672369e-03
3.762711813805299805e-03
3.841159719542045544e-03
4.040116846190163792e-03
3.975787962531914140e-03
3.993974326949856039e-03
4.055021242391163364e-03
4.220442849905973320e-03
3.847468422044006669e-03
4.065147002093256849e-03
3.827693959098049745e-03
4.105321941565646948e-03
3.714180427776098484e-03
4.022766709163149747e-03
3.801765222622293348e-03
4.301524308188711676e-03
3.936001141404848504e-03
4.066343213281707440e-03
3.922491409555835598e-03
4.068504735445141116e-03
3.983579581657943278e-03
4.018074943241930694e-03
3.865709485622975585e-03
3.764553760848917633e-03
4.092290677373147320e-03
3.748742505599810069e-03
3.793027971143436098e-03
3.823985920863691521e-03
3.985653360740888142e-03
3.804343478696517716e-03
4.021020944553064386e-03
3.856504253152585448e-03
3.557690364396446248e-03
4.046004811856215681e-03
3.779933398496844107e-03
3.976840775473861923e-03
3.973621716045261376e-03
3.884302102283111735e-03
3.816765316950414006e-03
3.887737849344468938e-03
4.007908698443913946e-03
4.104596979927279364e-03
3.953955049798489434e-03
3.911959012767795077e-03
3.946023961251448990e-03
4.109280824993265420e-03
4.055926168312761794e-03
3.792448700611076445e-03
3.860829925141611406e-03
4.007416159013852189e-03
3.976343728698704047e-03
3.704863125910389399e-03
4.023521954158676937e-03
3.781583290528666916e-03
4.021978739796418408e-03
3.916886842287750463e-03
4.034536444753001813e-03
3.995256932875200680e-03
4.111145154624732366e-03
3.690886260244199447e-03
3.799962655946900573e-03
4.068751480743951383e-03
4.072698325246544571e-03
4.207862155835819656e-03
4.170913849214973566e-03
4.066932662616009470e-03
3.918250701294145877e-03
3.862161726651656621e-03
4.314779965023773922e-03
4.094692367132252153e-03
3.861692769246617696e-03
3.715097552111262628e-03
4.002019023994369748e-03
3.912464198282090445e-03
4.126673686997287156e-03
3.872136675157217007e-03
4.088556232822079459e-03
4.056210506730217880e-03
4.155807479739427948e-03
3.937371451357934808e-03
3.944593741581708078e-03
3.990155275389371467e-03
3.939164361120564214e-03
3.835279499077297750e-03
3.951619373009720299e-03
3.817881475112777211e-03
3.863847908769806050e-03
3.966800466864979328e-03
4.160035447758385352e-03
3.753315309257712444e-03
3.805399385379846632e-03
3.656046178858580326e-03
3.723632488046086340e-03
4.019252521493509901e-03
3.974643452960875331e-03
4.063251676133743107e-03
4.008326360793756406e-03
3.851938919451227024e-03
3.923032933429488993e-03
3.980142879995486084e-03
3.891743700706366653e-03
4.043746235346160067e-03
3.620443287119631554e-03
3.957235306372196629e-03
3.996745213019120037e-03
4.002483781669066536e-03
3.799608356417640085e-03
4.152554915696184817e-03
3.598155202674375129e-03
3.982973175607311574e-03
3.955320318649899886e-03
4.057071306496802532e-03
3.939158983160303933e-03
4.060653899813531850e-03
4.160045821267736345e-03
3.929717161481637196e-03
4.130707675247707530e-03
3.936818606253440593e-03
3.896123085381533908e-03
3.990049619738767969e-03
4.154592621770240683e-03
3.665744784074473610e-03
3.755804770371524558e-03
3.772707497878860245e-03
3.689825056563596131e-03
4.014258127769139602e-03
3.864708337789412879e-03
3.879383293501230401e-03
3.977015721236652410e-03
3.899896230380540084e-03
4.014005451761563231e-03
3.681589402477042881e-03
3.770529873366018723e-03
4.050159882352065768e-03
3.949143004111201408e-03
3.817055912611263657e-03
4.094196154551645386e-03
3.887375557360177748e-03
3.866292176398319035e-03
4.067940467537995222e-03
4.000670279017393832e-03
3.893678527378480539e-03
3.708032712370585692e-03
3.913055333927406912e-03
3.780934190444260306e-03
3.953934203256841140e-03
3.914419358019249374e-03
3.810187588180617962e-03
3.794660503668900904e-03
4.014729439705937326e-03
4.073737631017503025e-03
4.070726504130209138e-03
3.708778678482679576e-03
4.130236256228001293e-03
4.247427402301754210e-03
3.933176101557707589e-03
3.805058788274605797e-03
3.840147197024004668e-03
3.746185638934629563e-03
4.224232941658306525e-03
3.811061568899536123e-03
4.014491681512103068e-03
3.916173756507404687e-03
3.676811515858430073e-03
3.750771844177642686e-03
3.899173340216272824e-03
3.901201740464820510e-03
3.843067609852562905e-03
4.123958222011734134e-03
3.924864100595702038e-03
3.905736228526396087e-03
4.283077122830642076e-03
4.009766549865913764e-03
4.052164937732765163e-03
3.892369549316552439e-03
3.908163945933763699e-03
4.032695227283797021e-03
3.953943599332196412e-03
4.004483179583109322e-03
3.761048642358248099e-03
3.850018543176104112e-03
3.809655670265797624e-03
3.948486366207402259e-03
3.947809800530048541e-03
3.700655519894738114e-03
3.986633242767602739e-03
4.174769794787131991e-03
4.011189800009738217e-03
3.880031531994284494e-03
3.737404761739057842e-03
4.046109917236651206e-03
3.942672605762982674e-03
3.888970393051565094e-03
3.946030849976674658e-03
3.791462514174202131e-03
3.936211975210812501e-03
3.928889174112720414e-03
3.940790220480319336e-03
3.903549093899739194e-03
3.809766170335594608e-03
3.925652376712458064e-03
3.797091159490095444e-03
4.045036699210574106e-03
3.827890221913521872e-03
3.943239181224560824e-03
4.007252584796195186e-03
3.980960944537264776e-03
3.944918232328627206e-03
3.784724046592713789e-03
3.787937304047330617e-03
3.929639477200925872e-03
4.042380466241948626e-03
4.043363009091906386e-03
4.057467181785660675e-03
3.737412597193524953e-03
3.810048932173141535e-03
3.822629715305856778e-03
4.224903103545642885e-03
3.976088231310856771e-03
3.772332888795350021e-03
3.969708593865453952e-03
3.982911558218659234e-03
3.789050233411349246e-03
4.108094726672765866e-03
3.858962602605511567e-03
4.013977564717675570e-03
3.743352301172050978e-03
4.036140639617608571e-03
3.605007479116145545e-03
4.035312313572895181e-03
4.042433030704875932e-03
3.756646045497385143e-03
3.919999318167693980e-03
3.768872054768248030e-03
3.858216641527143723e-03
3.794195617226478034e-03
3.867210872173259227e-03
3.641997086743918154e-03
3.932877703628796275e-03
3.940928824405068309e-03
3.988979355566659585e-03
3.757927121598091721e-03
3.731215646070330013e-03
4.051018470438316754e-03
4.005914874437039447e-03
3.750511751460865097e-03
3.833069998651946440e-03
3.766836959857132981e-03
3.929963738535184256e-03
3.824253744628333066e-03
3.867417666519602695e-03
3.639276453379069846e-03
4.210370971209556092e-03
3.967124624412003697e-03
3.901635053733351621e-03
3.906196057056301758e-03
3.698530234401807212e-03
3.976954159974756958e-03
3.791718682525460540e-03
3.693627043922403149e-03
3.826519332227024985e-03
3.660126610059138280e-03
3.834155751573849278e-03
3.803731203044373715e-03
3.984179988732125706e-03
4.115767134816998053e-03
3.711269605940179656e-03
4.123598797085572913e-03
4.036962335961313299e-03
3.806203778553356957e-03
3.659671238232075317e-03
4.088580012238156314e-03
3.781511706936005815e-03
3.807026520437729183e-03
3.969361282065827536e-03
3.868717060193609461e-03
3.876031761123283591e-03
3.977981728941262611e-03
3.672484102176848311e-03
4.217383424883808588e-03
3.837344934751682653e-03
3.923670725635424773e-03
3.904044605491768013e-03
3.745294088106871332e-03
3.810944473509624009e-03
3.933222046470463869e-03
3.781443968419235212e-03
3.887335842311310120e-03
3.654662898841319011e-03
3.754166371852073626e-03
4.187571461986292279e-03
3.771900022781047353e-03
3.981917245035333786e-03
3.650948214330937761e-03
3.757267541293710274e-03
3.788812521034780768e-03
3.661616412638203904e-03
3.924905134401227361e-03
3.960942172236546488e-03
3.739156059807281513e-03
3.953210290405835201e-03
3.577694818283328002e-03
3.929184512739033151e-03
3.621412317072445625e-03
3.777854956477812512e-03
3.963252578667736566e-03
3.895339043633007630e-03
4.049042752638138537e-03
3.878983753610074862e-03
4.003164361473278421e-03
3.843943944530463664e-03
4.059421191773431026e-03
3.793499443993587211e-03
3.749369003307063616e-03
3.969473062916631378e-03
4.320484846609011498e-03
4.133968464414266610e-03
3.896773738038307195e-03
3.820971738734586787e-03
3.706116438553255094e-03
3.792961945746428296e-03
3.738120830031421357e-03
3.679759302042994243e-03
3.623790230120359831e-03
3.955070280110156190e-03
3.904397403432801478e-03
3.546114580116483447e-03
3.992876201098776758e-03
4.009355144911266183e-03
3.854282023359758679e-03
3.892992641422805562e-03
4.204865467184615117e-03
3.793834267605071617e-03
3.902240674311492023e-03
3.851824043691521541e-03
3.989061709888155546e-03
3.577013823987307620e-03
3.994778415216291081e-03
4.078766197385843076e-03
4.078397210860949459e-03
3.830983100494516833e-03
4.012182111786284644e-03
4.076932291482738245e-03
4.007748876878510121e-03
4.080416794318896152e-03
3.886734648684229358e-03
4.209081546129964969e-03
3.889381972391807180e-03
3.784087922517687021e-03
3.789150744678939850e-03
3.861766483569530756e-03
3.933844600303008400e-03
3.754934636810782628e-03
4.068031181621764233e-03
3.653114331184351485e-03
3.722425026600346618e-03
3.929608661194582825e-03
3.803531659578008282e-03
3.770996287130696373e-03
3.877474906057935388e-03
3.672027819570305735e-03
3.847759198075689172e-03
3.758377582546668701e-03
3.866159710679018761e-03
3.928507966183733199e-03
4.040638969874824592e-03
3.898897339813281373e-03
3.820710047779063423e-03
3.838747947680212075e-03
4.011563113222507866e-03
3.774345615021989196e-03
3.909952468265107638e-03
3.775744940001020747e-03
3.753687992529194158e-03
3.834769457430263831e-03
3.791315757847464434e-03
3.854549741820470585e-03
3.881947821278207509e-03
3.983065005921468220e-03
3.898155195544084767e-03
3.820565245155542293e-03
3.855438736336193935e-03
3.845009676942945202e-03
4.010613406182955004e-03
3.815551098821659982e-03
3.748017386989169197e-03
3.676564194921894384e-03
3.690840630327791617e-03
3.843867357485353329e-03
3.817644598960880271e-03
3.908774474882248384e-03
3.749839771191112309e-03
3.937791730890052855e-03
4.058649346374767521e-03
3.723286365486641949e-03
3.747475061906509978e-03
3.753632149688198704e-03
3.731837265697542094e-03
3.798314687508241860e-03
3.894910630276253189e-03
4.101880122380278243e-03
3.995018455493376010e-03
3.865675510765294049e-03
3.759731033575062099e-03
3.983726357493656139e-03
3.876351198810533676e-03
4.053834547662167435e-03
3.865798558167598230e-03
3.816647146375326191e-03
3.728325079843096326e-03
3.758081443950970959e-03
3.917885323166123493e-03
3.507216930528593048e-03
3.658245655263835452e-03
3.802274318970197062e-03
3.766058249967647355e-03
3.873389519649133271e-03
3.700060054556092957e-03
3.978020811561807854e-03
3.871690485257098507e-03
3.882444043127669924e-03
3.840718904300783471e-03
3.928822783381751178e-03
3.971722710658221085e-03
3.671980073753029327e-03
3.712540475875467788e-03
3.732885800997090726e-03
3.888372295062200983e-03
4.004733883935638131e-03
3.656848405630203341e-03
3.682672339756592767e-03
4.000536249578830542e-03
3.860243286519420784e-03
4.023119496252959212e-03
3.948720021174189319e-03
3.771216130777765765e-03
3.713021363155808319e-03
3.961966511417445644e-03
3.953219991729929085e-03
3.626503132397895270e-03
3.967634793645121241e-03
3.859532320325060901e-03
3.950753361298012765e-03
3.762951189702149445e-03
3.852923594260498300e-03
3.795923108787996932e-03
3.874615322791481568e-03
3.606974928595030935e-03
3.976528272075082956e-03
3.557740275481676741e-03
4.028988383446781979e-03
3.597759777409954406e-03
4.030356807731773523e-03
3.886748050207557929e-03
4.003910308082984752e-03
3.801853232508512013e-03
4.015760900541413304e-03
3.939981151553091643e-03
3.602002048901759793e-03
4.052655041394902756e-03
3.790419301228138086e-03
3.769474939068741259e-03
3.518560209318806649e-03
3.873071370804899004e-03
3.805541137317666744e-03
3.664086065509589065e-03
3.865494324868835527e-03
3.616802017661775379e-03
3.622307924136512064e-03
3.599790706116428197e-03
3.966360601421266459e-03
3.856165036306495510e-03
3.628421804671012278e-03
3.819092193386506087e-03
3.662552958963086365e-03
3.640780409011490620e-03
3.730193867943314145e-03
3.712716852792099544e-03
3.942249844060418881e-03
3.841340290864725046e-03
3.845856906788866578e-03
3.849497445287062766e-03
3.657944396565442589e-03
3.538624498007057230e-03
3.815610531255406949e-03
3.604750119971413327e-03
3.806675606533576652e-03
3.750209123950436728e-03
3.873466145230726639e-03
3.785525345581044337e-03
3.751052441549065052e-03
3.953684763673436832e-03
3.867877308785034468e-03
3.597563485461479412e-03
3.840615321498630583e-03
4.082588381549613794e-03
3.886072550391397786e-03
3.909230237155793784e-03
3.732849199935149055e-03
3.656382872874975546e-03
3.783081809853990930e-03
3.793196213925816278e-03
3.713486523248566654e-03
3.767062436215791628e-03
3.808844204948331341e-03
3.664463868556744938e-03
3.772486349701332370e-03
3.777902395082598230e-03
3.994163620096372914e-03
3.630049144795716425e-03
3.956884321387418336e-03
3.941169824776384785e-03
3.830544726649283242e-03
3.812333730807964706e-03
3.892535241410735938e-03
3.736415677528128962e-03
3.666257355690303189e-03
3.849456381772744726e-03
4.018364556939066010e-03
3.793006467150986973e-03
3.932266046324515638e-03
3.719936336270683250e-03
3.964774067301340618e-03
3.595825885751227548e-03
3.725724482585192864e-03
3.819586604359859715e-03
3.699376642058883370e-03
3.752428268605851897e-03
3.506734134258187533e-03
3.815681172561637743e-03
3.546362574551558625e-03
3.810770788134654110e-03
3.884780290417206346e-03
3.838561597430336422e-03
3.652040154099753418e-03
3.701478058302749580e-03
3.822742644889179017e-03
3.845195639330700830e-03
3.751193739478811840e-03
3.727578424913373639e-03
4.028106737556933978e-03
3.775176262272568559e-03
3.766009214844517460e-03
3.708893392754300435e-03
4.045623011348514070e-03
3.830452466085299077e-03
3.862461639778600516e-03
3.531019973102223191e-03
3.785175302199192317e-03
3.747771218157326840e-03
3.665404997646271729e-03
3.842711377702512886e-03
3.598942331658356968e-03
3.940526780700218633e-03
3.586610796576472811e-03
3.945883438881975756e-03
3.630525424862474961e-03
3.995311944774703437e-03
3.631166444988559797e-03
3.704244072682123540e-03
3.558273225398208596e-03
3.748312923178049368e-03
3.854043181483239600e-03
3.809257290885351317e-03
4.109005786827701727e-03
3.730339293194710314e-03
3.659921836062739881e-03
3.886379587253157696e-03
4.009077413850954154e-03
3.792327688167528021e-03
3.594450119094634664e-03
3.822260071989963103e-03
3.799765661385481625e-03
3.541532167645313877e-03
3.803275983691712346e-03
3.805846765226334437e-03
3.839994898696443004e-03
3.582238973808397810e-03
3.705415211514706889e-03
3.719977090470227843e-03
3.851263502571129847e-03
3.770898476415843800e-03
3.785312980096801339e-03
3.636206732537148462e-03
3.647323534811167198e-03
3.726494892155463555e-03
3.692036966449799631e-03
3.533040001868496989e-03
3.797221231538881747e-03
3.909249171844719067e-03
3.572715147889978654e-03
3.713692375985208887e-03
3.725150792373484090e-03
3.797138407561732442e-03
3.638034922980704512e-03
3.816235778251358610e-03
3.671044482401654256e-03
3.901061589767752368e-03
3.852500273078008578e-03
3.732860434837485201e-03
3.866182765918197914e-03
3.832586677159736943e-03
3.669575093698821712e-03
3.713419400397033592e-03
3.876205487379145043e-03
3.901603109091883112e-03
3.825711936324012116e-03
3.797850251593811940e-03
4.027995989706417874e-03
3.567052976897969879e-03
3.874331069437256247e-03
3.563385574411891826e-03
3.834748809286215535e-03
3.708362597779673621e-03
4.065475692796115433e-03
3.695155967592506866e-03
3.702616186721022044e-03
3.750184019174538849e-03
3.714710657650786667e-03
3.744554983365612228e-03
3.725112721332838987e-03
3.807622880462980825e-03
3.751159716094342247e-03
3.621405329937859002e-03
3.463218959292626783e-03
3.773651019656548353e-03
3.901149456288926804e-03
3.728525877785466604e-03
3.820935289420273901e-03
3.664458078509643876e-03
3.706022382593167006e-03
3.500156057045579559e-03
3.652995763660541080e-03
3.621684112524403004e-03
3.634153707870346750e-03
3.777530396807304760e-03
3.925602107889113700e-03
3.649288832918947453e-03
3.643587332598480655e-03
3.902637042542892853e-03
3.862347221472805289e-03
3.744533109299489140e-03
3.986399957610011098e-03
3.867522223046024766e-03
3.608768593623652449e-03
3.611967580740566962e-03
3.804828301003198177e-03
3.904202324499522151e-03
3.507048891240465566e-03
3.480302702365371814e-03
3.905805718979012651e-03
3.720225308388856299e-03
3.669676445610430254e-03
3.713017356766615696e-03
3.707934669974946584e-03
4.038928020284978347e-03
4.033613858705790631e-03
3.683366347488926506e-03
3.609249931973268228e-03
3.758668250136890533e-03
3.595191201697423272e-03
3.866210770114982768e-03
3.860051925046833598e-03
3.586108646414961666e-03
3.750530819226564373e-03
3.887330427811845884e-03
3.667339954005836931e-03
3.886831480910443292e-03
3.521892325801957019e-03
3.643637188238588263e-03
3.924323412178042092e-03
3.661330598557384613e-03
3.514621581730234621e-03
3.670352452784633561e-03
3.483191630859780279e-03
3.890988066256252827e-03
3.676175266955012625e-03
3.550849395234108915e-03
3.603620605105493143e-03
3.835113180206706565e-03
3.398427946142858376e-03
3.660324890232475800e-03
3.564388708938770467e-03
3.677210494271330662e-03
3.491193974929736842e-03
3.679414334703922339e-03
3.814404050727095239e-03
3.635289809931931300e-03
3.766099359016692426e-03
3.532099378403920961e-03
3.789041882682749312e-03
3.767088534948426735e-03
3.723517112444973444e-03
3.612844810148874240e-03
3.437359235590867201e-03
3.743261120545490588e-03
3.638740978795433276e-03
3.426138681313494784e-03
3.768554050900179819e-03
3.685479375514003758e-03
3.669628944436316778e-03
3.681644862268308380e-03
3.844980409536302886e-03
3.630792379349266283e-03
3.836341664348213217e-03
3.794361518667754580e-03
3.685902639559537723e-03
3.786195600559355296e-03
3.569152372510289023e-03
3.683640783925550086e-03
3.676578372354987346e-03
3.902269391752979325e-03
3.770336814157190884e-03
3.738839806306462014e-03
3.615820883062293052e-03
3.933475829908646658e-03
3.956268678981900849e-03
3.597819752789483457e-03
3.857556086127224542e-03
3.694838292071522552e-03
3.620668245167809728e-03
3.754180477746429413e-03
3.791543569490777969e-03
3.928652878289189999e-03
3.763120876931765058e-03
3.818339185891314082e-03
3.536888922401773636e-03
3.793555137675028166e-03
3.782810273154922458e-03
3.924957951533921720e-03
3.727583305471426391e-03
3.636409792501044125e-03
3.813464653786645831e-03
3.651537283399657746e-03
3.889409168355130973e-03
3.489456707632162223e-03
3.790727701233185913e-03
3.592137861390931261e-03
3.693619257454152163e-03
3.573118742721906240e-03
3.708087538905097298e-03
3.668165200519111005e-03
3.751278331800440239e-03
3.643477587941057385e-03
3.799736383463197566e-03
3.684111089122362164e-03
3.813837278133314600e-03
3.854010855405439785e-03
3.655902478105943661e-03
3.931340436537985629e-03
3.520025025548957891e-03
3.699978187718945457e-03
3.474755051926431415e-03
3.680652393700378690e-03
3.779168830754844974e-03
3.685279255349597875e-03
3.703705720460229080e-03
3.371055358520637629e-03
3.609603197202326374e-03
3.547646035400988784e-03
3.419604610882624567e-03
3.527349776900953662e-03
3.596097787908108471e-03
3.870348938289559781e-03
3.836752564837254791e-03
3.602746581702250157e-03
3.456794844790004890e-03
3.488128401291957191e-03
3.472604852963911536e-03
3.618270240235683163e-03
3.797775367739337441e-03
3.662547637821955346e-03
3.897264254915533237e-03
3.653113052638617790e-03
3.621403743936451106e-03
3.385580008652390015e-03
3.663863139654792780e-03
3.710391477323271136e-03
3.702906584545264789e-03
3.544456219733250341e-03
3.860958893989352003e-03
3.687932144146437510e-03
3.689643542883615061e-03
3.579655119250707996e-03
3.605577764301109815e-03
3.842114271341845466e-03
3.745297065852195521e-03
3.654861398693690609e-03
3.519464091950704355e-03
3.714593286242056508e-03
3.817727417256496208e-03
3.559307725559266149e-03
3.731790984225161461e-03
3.443747400077235270e-03
3.770808377886699855e-03
3.644691910812346801e-03
3.541901354560985683e-03
3.410427258655551134e-03
3.777747953495991066e-03
3.943899549122368946e-03
3.795743524550684866e-03
3.637829935357834131e-03
3.730170284572898332e-03
3.694691852639515797e-03
3.655078097693342538e-03
3.630818788183618265e-03
3.877919820894948875e-03
3.474517929664354063e-03
3.666576442556076804e-03
3.654748531645585392e-03
3.785934085074241836e-03
3.775779541782479497e-03
3.548383430075325185e-03
3.811721676884265338e-03
3.571589091020872277e-03
3.819722154059081685e-03
3.804700790674246397e-03
3.518579035589977123e-03
3.663609328751699871e-03
3.822875743196310367e-03
3.589569373021487316e-03
3.963758917426323664e-03
3.720161299213499070e-03
3.738246606187666226e-03
3.527858453843772061e-03
3.661004722966990348e-03
3.822948973784439427e-03
3.614460864681162504e-03
3.711466161926945447e-03
3.746102867046987445e-03
3.626188493733204302e-03
3.862973250172461754e-03
3.545431568397928914e-03
3.524976668928126410e-03
3.730617396919390458e-03
3.545697946413924658e-03
3.747269962720061777e-03
3.803710782757312170e-03
3.779951461294588609e-03
3.568800250848554612e-03
3.783402057366407143e-03
3.562036169402048140e-03
3.616167517091076981e-03
3.713117719778189461e-03
3.728051710997761555e-03
3.759077703454094879e-03
3.712157153662166541e-03
3.563044420434709203e-03
3.737473142988557030e-03
3.682874039825681425e-03
3.720722847291377776e-03
3.584107917113521415e-03
3.554597068540713521e-03
3.797521132355535702e-03
3.852826142567381245e-03
3.680724964821406164e-03
3.712097469942146101e-03
3.513087833149001853e-03
3.422846775289233642e-03
3.521325320556819433e-03
3.882968628234703505e-03
3.582288466604766856e-03
3.652473726004392719e-03
3.806822293988868476e-03
3.582641170037012372e-03
3.597676954605301229e-03
3.352872489283210099e-03
3.451564009560490268e-03
3.798344370067298359e-03
3.816546285964550738e-03
3.627723932650459698e-03
3.588665217491399020e-03
3.849051484463012710e-03
3.669450114853745320e-03
3.744014305772091610e-03
3.746588663592380179e-03
3.625148003934305051e-03
3.454616841124034336e-03
3.594774788255684049e-03
3.560093002082148107e-03
3.706751649639632336e-03
3.624367411098366153e-03
3.713513074656572908e-03
3.698516898603128322e-03
4.002932796980394718e-03
3.786263561742777076e-03
3.624172388831004878e-03
3.746396317562338332e-03
3.848684823026081100e-03
3.679950976478877332e-03
3.667220831253892224e-03
3.525283711568160880e-03
3.688079554684723857e-03
3.512645087988689688e-03
3.422221191745457216e-03
3.587154065345181473e-03
3.524028570229402989e-03
3.833924327945942376e-03
3.882807933386295176e-03
3.649406829977924500e-03
3.633173214730888410e-03
3.644754252782464281e-03
3.628093130187700233e-03
3.496504075541710579e-03
3.818657913276973619e-03
3.707627942850268577e-03
3.418486366596209646e-03
3.569828269223857767e-03
3.637269017035310928e-03
3.785768247432585391e-03
3.643454351145040092e-03
3.697189164354256798e-03
3.564532243764902825e-03
3.485644778445006788e-03
3.659095309610270810e-03
3.640563294272035431e-03
3.796111930765381018e-03
3.502325577347920483e-03
3.440673652093455617e-03
3.675023593079160353e-03
3.575829172490924742e-03
3.756923140849362242e-03
3.719390434918274507e-03
3.595765686987524926e-03
3.729896288027759969e-03
3.670967832592452688e-03
3.502995300404273139e-03
3.636807813114800465e-03
3.776455876371812969e-03
3.508598434493102013e-03
3.556833109699633188e-03
3.675315732989805750e-03
3.788566845506282765e-03
3.602216974942629765e-03
3.793588336037688642e-03
3.657617599774839329e-03
3.569642120365000559e-03
3.607004511180336801e-03
3.469121025061661871e-03
3.621579024743117915e-03
3.826066172216904728e-03
3.702361990655237464e-03
3.895618602636402149e-03
3.607370407876344179e-03
3.539628940474170288e-03
3.614253685458175026e-03
3.743931144955804126e-03
3.644488591049183969e-03
3.477232424275295258e-03
3.597384939530965525e-03
3.671563099731950212e-03
3.575020094874687901e-03
3.638331874760552045e-03
3.335931103038162083e-03
3.713630315517759371e-03
3.543699718389841952e-03
3.688379319001261914e-03
3.626040673568820590e-03
3.593627423365762866e-03
3.601301108204765355e-03
3.841185886293467001e-03
3.695872236432389078e-03
3.334517961615667252e-03
3.384360455748219431e-03
3.517227367026457344e-03
3.718279101840809772e-03
3.625773423258829131e-03
3.889124454780728147e-03
3.660622476188195307e-03
3.521718136222391077e-03
3.693729134530134624e-03
3.504174220390190997e-03
3.705961493512545304e-03
3.558661492712761071e-03
3.743023596964086073e-03
3.514657526527912440e-03
3.463865089515944570e-03
3.504139503059700966e-03
3.534636560651824733e-03
3.548002573935377709e-03
3.588217384784573444e-03
3.547327947050354230e-03
3.759711125163136148e-03
3.561153512322336092e-03
3.793216405518566505e-03
3.699346199973413754e-03
3.658700071719192624e-03
3.643402496733564450e-03
3.573859118765483969e-03
3.704691579967703610e-03
3.458061135533406234e-03
3.505156803788261801e-03
3.623014872449630257e-03
3.521085467026275478e-03
3.845932088672747353e-03
3.577356667774989670e-03
3.558287911817321555e-03
3.695429160310648511e-03
3.568379660580676092e-03
3.801956443478314400e-03
3.644468701608160124e-03
3.518391523928790596e-03
3.688365686730715135e-03
3.678996555518594582e-03
3.350650956183819345e-03
3.667502156624680675e-03
3.671253126471096806e-03
3.388946409089990067e-03
3.535815573235730463e-03
3.493308236661826511e-03
3.682789739378391960e-03
3.652809077439811425e-03
3.385717662835654312e-03
3.646825955369998630e-03
3.492762211968974441e-03
3.539073238224475521e-03
3.736245899316242153e-03
3.591482306338215219e-03
3.604016255764233827e-03
3.625379613484227583e-03
3.687217118061062674e-03
3.483067434764191509e-03
3.726880129076336548e-03
3.753850447399565294e-03
3.598458771772676708e-03
3.587550949662050934e-03
3.637772716746780904e-03
3.802976497895444504e-03
3.750812788260076205e-03
3.555695929686038433e-03
3.538833848046493182e-03
3.565221276952789189e-03
3.643593667743159903e-03
3.665569881143145026e-03
3.516685363301719734e-03
3.440461192250065820e-03
3.621027006363819814e-03
3.539999683165525289e-03
3.508932776088182198e-03
3.788575399065328281e-03
3.504759942624475957e-03
3.493016330454956631e-03
3.674621037159251681e-03
3.763218708900639177e-03
3.733744175066749504e-03
3.593706306163413529e-03
3.616264251646847134e-03
3.614110070436457687e-03
3.535353796989892244e-03
3.642413869274952094e-03
3.584397724051142844e-03
3.394284715470474549e-03
3.489231034115877414e-03
3.730999449246967786e-03
3.785678034933204119e-03
3.611819263814786910e-03
3.638369442822786924e-03
3.690139909213221471e-03
3.710969757350709216e-03
3.434728659026455976e-03
3.743990165241940782e-03
3.637964602063463795e-03
3.725820790962746602e-03
3.489906675285220621e-03
3.590701793289674797e-03
3.627428627264417740e-03
3.629528841746750348e-03
3.556265361098465225e-03
3.616612071780350279e-03
3.738128144016521215e-03
3.425935305134494673e-03
3.693209326669360647e-03
3.590925322679170296e-03
3.607824586967468914e-03
3.616129864778034383e-03
3.513406370713143944e-03
3.631496631893437431e-03
3.641717852038073820e-03
3.617116866004312179e-03
3.566031735951418185e-03
3.542838079629168253e-03
3.675196513668307473e-03
3.398978764512606415e-03
3.801987812662754526e-03
3.603164651225984009e-03
3.719953565046962580e-03
3.435483638621048431e-03
3.412762774732202176e-03
3.798262341760967348e-03
3.514829000844005551e-03
3.360031169502028167e-03
3.417524467378872492e-03
3.428625089169872690e-03
3.501118524111811355e-03
3.711204859974652319e-03
3.605423986826763495e-03
3.510188577358061123e-03
3.378760584922869872e-03
3.541970913392619540e-03
3.589282732699706959e-03
3.552595477837027730e-03
3.627167719133816883e-03
3.752334103578045411e-03
3.681161831687985043e-03
3.501730091533082102e-03
3.601158460978102615e-03
4.003402289073263245e-03
3.587776399439419461e-03
3.655980814684550370e-03
3.605818271571692435e-03
3.463701087494192900e-03
3.407104018933238433e-03
3.725893470834395864e-03
3.643765957858535309e-03
3.708644893376274090e-03
3.732571781918449759e-03
3.674766138242939115e-03
3.541333488972880656e-03
3.594649708479519951e-03
3.825704034519303298e-03
3.599857544969485481e-03
3.706305272768244639e-03
3.462082537399027195e-03
3.665359418567772001e-03
3.606489341953834221e-03
3.478858628197672737e-03
3.710650645760231979e-03
3.635177759569440618e-03
3.538028644233106885e-03
3.467565472918798450e-03
3.672746772100191678e-03
3.423054227126865520e-03
3.814673902244173666e-03
3.591500882285170344e-03
3.409707865131519910e-03
3.552623805515655458e-03
3.691872544038304980e-03
3.549716035354380517e-03
3.645940271672495122e-03
3.683247860485010239e-03
3.734473581606319835e-03
3.546588140563443955e-03
3.346003055241633488e-03
3.423539319018995431e-03
3.668932343839921995e-03
3.516318440534206384e-03
3.428794015763618041e-03
3.678239015361569469e-03
3.526858362709390203e-03
3.713447475198561418e-03
3.564684494866097574e-03
3.571919865768931161e-03
3.537512216916005158e-03
3.418384229750597025e-03
3.354338828369711045e-03
3.356939815252778236e-03
3.430896814136059469e-03
3.675354344266359811e-03
3.465654556768541297e-03
3.655579519034549228e-03
3.431567254500071575e-03
3.638789539733201621e-03
3.761942587691328218e-03
3.565755305151420071e-03
3.396475610375659232e-03
3.579332759448583621e-03
3.551521070721652684e-03
3.590045588397759811e-03
3.497273575238853908e-03
3.709235108591560186e-03
3.362949970016630014e-03
3.686270644863385085e-03
3.624701366298020699e-03
3.672880068274465403e-03
3.634308881511410030e-03
3.659276961517837073e-03
3.608689766080776500e-03
3.508392262313910111e-03
3.642926121080043451e-03
3.650147866918934496e-03
3.457563790470616783e-03
3.626831251983241196e-03
3.493320115104290961e-03
3.438344174243661462e-03
3.451962881143025991e-03
3.717172590964138660e-03
3.563825493443487525e-03
3.769303708056830939e-03
3.250850197917286299e-03
3.488280041800836517e-03
3.411501156963829030e-03
3.593412902896577638e-03
3.303997117282653131e-03
3.640748863562236551e-03
3.789882986377667105e-03
3.584265895943620182e-03
3.840484419618244577e-03
3.414309248919445740e-03
3.758866522240215079e-03
3.579386710582566251e-03
3.526435647095696978e-03
3.605701902901661642e-03
3.610329959425614271e-03
3.775867772216860794e-03
3.598890131429254621e-03
3.675797681651265993e-03
3.447990015649127563e-03
3.849999996376014463e-03
3.352242546467625126e-03
3.483187790496253960e-03
3.401598670955459629e-03
3.647065700469419129e-03
3.473393750882931320e-03
3.626715003041779042e-03
3.335171832115575285e-03
3.522809307714296328e-03
3.372306251917749076e-03
3.548310627577185798e-03
3.519092982624682283e-03
3.481878507147629764e-03
3.620159572535781335e-03
3.523156589308172083e-03
3.539063615240266997e-03
3.460509045813677138e-03
3.503623247363025009e-03
3.549489784747687695e-03
3.305654528631199462e-03
3.514462920027259553e-03
3.629016917290172738e-03
3.421253285280557825e-03
3.637614978651743797e-03
3.495289553705353651e-03
3.474444038705221463e-03
3.540481002668275159e-03
3.637062447997186591e-03
3.514496538086561185e-03
3.387729309631798413e-03
3.618631339649814108e-03
3.558285760609737093e-03
3.345826946351895381e-03
3.555435731024978417e-03
3.646102055232677396e-03
3.440031773694673077e-03
3.383541655138051774e-03
3.510783674188399945e-03
3.436652072350308579e-03
3.681317475843525096e-03
3.410046768204275276e-03
3.821017321270863982e-03
3.532920623553878394e-03
3.855054088224604825e-03
3.726333228277975158e-03
3.358906371776949114e-03
3.289313665026728870e-03
3.368794885820087029e-03
3.644506127383317483e-03
3.658559833929849250e-03
3.497432569884888817e-03
3.525956510801292118e-03
3.258765496134359563e-03
3.515735602315691981e-03
3.603867356097684507e-03
3.520124407501940954e-03
3.477462541093037738e-03
3.395287423208059614e-03
3.549154831477276464e-03
3.633045089236980330e-03
3.360149021736950122e-03
3.689491174343285506e-03
3.587179564955015297e-03
3.336719984108604646e-03
3.438322217412873895e-03
3.465758240742749727e-03
3.531562069987816566e-03
3.408346323667652174e-03
3.690766105247507596e-03
3.327738597484368194e-03
3.369207944379525900e-03
3.483812108739127271e-03
3.483322772787734480e-03
3.510194620989301548e-03
3.825086577387215841e-03
3.505274916402511664e-03
3.645127666517474635e-03
3.579078214620518700e-03
3.394864952530559244e-03
3.493083534777203982e-03
3.640448865844089690e-03
3.702131260231097086e-03
3.336552341087152453e-03
3.529267624871020807e-03
3.538565681100902700e-03
3.760565595242713628e-03
3.357674686922800487e-03
3.540721137685019781e-03
3.552380854578308239e-03
3.519611467515951914e-03
3.634929075625584205e-03
3.780704632108502442e-03
3.592686689046995993e-03
3.782303704783756410e-03
3.463797284130573900e-03
3.641258918715747223e-03
3.608484191201563173e-03
3.761843098603193710e-03
3.492922788202119325e-03
3.420320068882719538e-03
3.850363079580733372e-03
3.464289859150478362e-03
3.548183061213911870e-03
3.468536605906376215e-03
3.557095258806448630e-03
3.700981696536801216e-03
3.518276463639963964e-03
3.402886960690658900e-03
3.474912517156202984e-03
3.701466258624107417e-03
3.499564844822840737e-03
3.476519839599480181e-03
3.533485354097876292e-03
3.496639334052151129e-03
3.356753354305456582e-03
3.427024279620307246e-03
3.778065658151322660e-03
3.449359378395249094e-03
3.699439146922102635e-03
3.362147114836766190e-03
3.506760366067551531e-03
3.332221108341427204e-03
3.391820347432788953e-03
3.633708922811914807e-03
3.524744850735081134e-03
3.375059279722628872e-03
3.610094384244760465e-03
3.528914125728290808e-03
3.413944416302899191e-03
3.684024245392379313e-03
3.673700764776371801e-03
3.419379473162008007e-03
3.433189171928846279e-03
3.724608391435985100e-03
3.610655125791320443e-03
3.535977360443392625e-03
3.473245580123876259e-03
3.438030415299527746e-03
3.481265197040343123e-03
3.427291523916186321e-03
3.607707988403348245e-03
3.527951460399249631e-03
3.597456950881967094e-03
3.595197730474660423e-03
3.457650611152973761e-03
3.342750572792978214e-03
3.335411521274894275e-03
3.563345680551562901e-03
3.523877826502746363e-03
3.400772308593255373e-03
3.624648569474316941e-03
3.667114192043990917e-03
3.436823506170645637e-03
3.495759421269315197e-03
3.480800003189241012e-03
3.397920785420937076e-03
3.436675811169279462e-03
3.642218253389381110e-03
3.683554600555226117e-03
3.640517575266928076e-03
3.475877132187335343e-03
3.322321857748813858e-03
3.476446796761537613e-03
3.337603837409701228e-03
3.716670555337453583e-03
3.614819991352433756e-03
3.498103684121444193e-03
3.439735995563074876e-03
3.572723626521484303e-03
3.570728611447581378e-03
3.532398058996449181e-03
3.528548261070909523e-03
3.524857926631176468e-03
3.495606722639261858e-03
3.449546620471097193e-03
3.477489716222737642e-03
3.455948093371430298e-03
3.430320858947641903e-03
3.669964225759600202e-03
3.486886648835699817e-03
3.405988411784822804e-03
3.338278103447570033e-03
3.299546469813672764e-03
3.474692489516392844e-03
3.445577486516211447e-03
3.560806457039103739e-03
3.540662924314267462e-03
3.313511027133070417e-03
3.477556180225062007e-03
3.330652446705173204e-03
3.429051456192627311e-03
3.562119690023084987e-03
3.778996426561526730e-03
3.576171747754203559e-03
3.290351268959989216e-03
3.561834029028596200e-03
3.488723984700882897e-03
3.373409808563461367e-03
3.319750389802970936e-03
3.444879098815710038e-03
3.387161133563840621e-03
3.557311172417490942e-03
3.395759119589696583e-03
3.457112067150333503e-03
3.476799536939371472e-03
3.488900154576093319e-03
3.500208435017191418e-03
3.538521325827414729e-03
3.610543654185194209e-03
3.541718398544037305e-03
3.463747825697995313e-03
3.367433969801555873e-03
3.437402306046030091e-03
3.307511342115528139e-03
3.632443433541494762e-03
3.399198599692677004e-03
3.381429026884960869e-03
3.652477222782415673e-03
3.754149546286008211e-03
3.539670382636734332e-03
3.463897134481141570e-03
3.493744415441594336e-03
3.407743572927291516e-03
3.585114674912257514e-03
3.616129690367980275e-03
3.491529657633135175e-03
3.613366616565124711e-03
3.595277844135412633e-03
3.387166866449536733e-03
3.456675876693373912e-03
3.439790759575130519e-03
3.338541302999103663e-03
3.479240827871670719e-03
3.336980157364454608e-03
3.666855731145690980e-03
3.601540998462924182e-03
3.490667301999233162e-03
3.653031521153069644e-03
3.665422778811123442e-03
3.450115342033644155e-03
3.581379890728281484e-03
3.342200545887458098e-03
3.719910127916082124e-03
3.503270948870002705e-03
3.464138021396782202e-03
3.470732481560266734e-03
3.606861742042471574e-03
3.579002779179097076e-03
3.497656248861281871e-03
3.437941501118729759e-03
3.564010619004649022e-03
3.513615980485803106e-03
3.549784817736737971e-03
3.492133969090077412e-03
3.535216378884913774e-03
3.504107823063388073e-03
3.611643314815090981e-03
3.402994694096938243e-03
3.506282787914703856e-03
3.567614816911987043e-03
3.499807876790671929e-03
3.463033231823516023e-03
3.647004740352126524e-03
3.486258929883977870e-03
3.148895527827098514e-03
3.301278703300249574e-03
3.440477812647842627e-03
3.275066238401407211e-03
3.712417834618366146e-03
3.439365468403296835e-03
3.490647816114786795e-03
3.603767346619491697e-03
3.412190689027217068e-03
3.496024121756491528e-03
3.555497605233434028e-03
3.396155310022492581e-03
3.601445652123028748e-03
3.412530197134754691e-03
3.361288554134752877e-03
3.538620412898165445e-03
3.631848479749528753e-03
3.510688645025125416e-03
3.729995428658324386e-03
3.457516585680608066e-03
3.500926172928384410e-03
3.494896525897255805e-03
3.264888784049109136e-03
3.526214651642401235e-03
3.301097537838622829e-03
3.369517095656387150e-03
3.547189303955884405e-03
3.661267987199058778e-03
3.372143713322174087e-03
3.517459689390064689e-03
3.433481966173321416e-03
3.463657263694936740e-03
3.607658310994192336e-03
3.528004390610260665e-03
3.464370238690150147e-03
3.255589969492054050e-03
3.626183045140723461e-03
3.481525527155287809e-03
3.454701078944462638e-03
3.488306089542471140e-03
3.371871063062062759e-03
3.442839617750194370e-03
3.679497606086970865e-03
3.551785363124494461e-03
3.483085715584720733e-03
3.508500675526895606e-03
3.416788290251842122e-03
3.434655218533345933e-03
3.573726025092079182e-03
3.480933508833267912e-03
3.326545538060454461e-03
3.516320159600177121e-03
3.271427072701080761e-03
3.627368760628319616e-03
3.507984020057360736e-03
3.449876699276541777e-03
3.598843051116443117e-03
3.295788555073477216e-03
3.395236009454561960e-03
3.235065309427890938e-03
3.372854309850640588e-03
3.703078672580059627e-03
3.268887318358714225e-03
3.558392343404429524e-03
3.318899170788117310e-03
3.581959828029606264e-03
3.523601149160527583e-03
3.433502040503927204e-03
3.707466462741694328e-03
3.387124368683157825e-03
3.630077817596873233e-03
3.279507360576408657e-03
3.414750562103340253e-03
3.379184322218777188e-03
3.287068796436094786e-03
3.276274185041975692e-03
3.490375485007010236e-03
3.489469149910365622e-03
3.544829882769300142e-03
3.580093081962631030e-03
3.459370262052417766e-03
3.665139789897557503e-03
3.561910087239376476e-03
3.446017004521025485e-03
3.505788559654945350e-03
3.578838552262757645e-03
3.336412611294709701e-03
3.519038350092690021e-03
3.432891940787512110e-03
3.653820796556579709e-03
3.428312241334136902e-03
3.403706449685057686e-03
3.480195326322293569e-03
3.295551531342297714e-03
3.502917192477750241e-03
3.382992311511459453e-03
3.609560194509621456e-03
3.591198728037340356e-03
3.466073559317155162e-03
3.450195267436747312e-03
3.160606933222137854e-03
3.280251340024629633e-03
3.431544779715775800e-03
3.247297874234640093e-03
3.539223744854607442e-03
3.419222705391300032e-03
3.255460167539256291e-03
3.383837540492135639e-03
3.357233297526203593e-03
3.493229670540159027e-03
3.428324066824015460e-03
3.127225718896062875e-03
3.725508754437052532e-03
3.495613631412463392e-03
3.350727701301701566e-03
3.160836557108543093e-03
3.447038134012502843e-03
3.251147941340555222e-03
3.270202572195068935e-03
3.234092638051423371e-03
3.357055398762573591e-03
3.330739972619228741e-03
3.549951373846381777e-03
3.611383337423809941e-03
3.499069064755925499e-03
3.376864269723341139e-03
3.465894684771005704e-03
3.559559206007481373e-03
3.601782207059730460e-03
3.420544664276358934e-03
3.348847561396545418e-03
3.625876292483771243e-03
3.441377088741478379e-03
3.311721206183424610e-03
3.449859328142076010e-03
3.414204917212208638e-03
3.214168078288759910e-03
3.535425247361768247e-03
3.295784383491943883e-03
3.586971528422978981e-03
3.433930595368025248e-03
3.511522289375766832e-03
3.406304131039915653e-03
3.477140595410346553e-03
3.258857826153647649e-03
3.241124771348865598e-03
3.181911139824412840e-03
3.492842607671018014e-03
3.578302873183180494e-03
3.564191598918763949e-03
3.167795871063594677e-03
3.379644344258414101e-03
3.407313728050859539e-03
3.234281099253558805e-03
3.220201277561203848e-03
3.328097363221241625e-03
3.391567030867994204e-03
3.703026190763654326e-03
3.370346678599725216e-03
3.513087374133751131e-03
3.409209818119529872e-03
3.391250204742039462e-03
3.397162420326982433e-03
3.484162106383377217e-03
3.528838964772970134e-03
3.288131770130984718e-03
3.412046208398818777e-03
3.366646219074044544e-03
3.355245312251009960e-03
3.499699070610726680e-03
3.245834829389215685e-03
3.552465746644605828e-03
3.260325369619722965e-03
3.619729821163954024e-03
3.311787653873803691e-03
3.368746719302504432e-03
3.468230450158693405e-03
3.612684772049698165e-03
3.364301201003614458e-03
3.310992999452778800e-03
3.387910455373492006e-03
3.250408150270381845e-03
3.292816759361323880e-03
3.454965008087263877e-03
3.431868636118984555e-03
3.443176489069812475e-03
3.489544464136265685e-03
3.461123733067349856e-03
3.239557872935482259e-03
3.324365888093898901e-03
3.425584498851827649e-03
3.243402954509722394e-03
3.321344529612294070e-03
3.433330113874667137e-03
3.194297149551834480e-03
3.269325226773666260e-03
3.388490949456039476e-03
3.539588026226013744e-03
3.549559593303506025e-03
3.327429837971163182e-03
3.581440177488767578e-03
3.404893771686463410e-03
3.344238533785481773e-03
3.609636263604899462e-03
3.457807082473401180e-03
3.696751876140557964e-03
3.521451815611732761e-03
3.553283621449705894e-03
3.523661796107145899e-03
3.610359208970583510e-03
3.497146148480476200e-03
3.253114302563844297e-03
3.413293326628339362e-03
3.414503179042341872e-03
3.346807645742058170e-03
3.448577487312200988e-03
3.441628672821168099e-03
3.747803704154544641e-03
3.429485493510207438e-03
3.559648622832141222e-03
3.346371311403259410e-03
3.476964750485019105e-03
3.311151632051584706e-03
3.340591307567854825e-03
3.496068486893551697e-03
3.472608027338353661e-03
3.555717231509280835e-03
3.443789460581204737e-03
3.418834121405741732e-03
3.270709061814365375e-03
3.457038947719465790e-03
3.658728272549309490e-03
3.340664413342375218e-03
3.319157575088908015e-03
3.360400560155291441e-03
3.399068485681717381e-03
3.394344151995453210e-03
3.328385897485543459e-03
3.403768290813915208e-03
3.461764311631888250e-03
3.399312447839559961e-03
3.403016796242123911e-03
3.360463408277368676e-03
3.419032003847344552e-03
3.450884859988620663e-03
3.144005339354102608e-03
3.377536465403804464e-03
3.336003245445967949e-03
3.334111393925365263e-03
3.232208005312445231e-03
3.297913897356952607e-03
3.450449017988006448e-03
3.424532332526025909e-03
3.632259259845907473e-03
3.702430064398269313e-03
3.296539026478295491e-03
3.109079842342020623e-03
3.339145440856435085e-03
3.570264845603045994e-03
3.278798269736333832e-03
3.219382177724438264e-03
3.544746423538770556e-03
3.381978036192984267e-03
3.327797137112988891e-03
3.329335006010270513e-03
3.353503985179661674e-03
3.443989015717220225e-03
3.216124794207161301e-03
3.438185084833757926e-03
3.478885685633953395e-03
3.498030990511960276e-03
3.513002582885359215e-03
3.467797886510334219e-03
3.408673883731350336e-03
3.498169247515781500e-03
3.332047884630157629e-03
3.299277606356993461e-03
3.268650665684005429e-03
3.360564446693596954e-03
3.487522950949176886e-03
3.387650001633886465e-03
3.493385134407738738e-03
3.300869141844211836e-03
3.481115820689529260e-03
3.507477134860387345e-03
3.541868592411063880e-03
3.342678642687442296e-03
3.357494005253184970e-03
3.422615446708807043e-03
3.450482226100947368e-03
3.283535591221466501e-03
3.274230169896988774e-03
3.403152400189709496e-03
3.316265234211795022e-03
3.443137014846009598e-03
3.389064596414679154e-03
3.568677464073984236e-03
3.281915985102750073e-03
3.423160817898394156e-03
3.422948634457093076e-03
3.105749494207079003e-03
3.396405182835075982e-03
3.245539880339818814e-03
3.375115209619134696e-03
3.634225671391115488e-03
3.558950770544423367e-03
3.326986601922766497e-03
3.566891190322506004e-03
3.385553626349582356e-03
3.638375958013413073e-03
3.241581517306810559e-03
3.357777933116067211e-03
3.395784160475523710e-03
3.425733910220255755e-03
3.435634221436206521e-03
3.677353192797082945e-03
3.346952814778136279e-03
3.399854790131501357e-03
3.411361085531951221e-03
3.323248472041564257e-03
3.481239835985640210e-03
3.318192876151034292e-03
3.367467718247409755e-03
3.244647721675152606e-03
3.451243512990566798e-03
3.407127932073646375e-03
3.624977908728360503e-03
3.388763091932701400e-03
3.398788993546218631e-03
3.534188793250262958e-03
3.555647686126243816e-03
3.311632823106530968e-03
3.266607889974217516e-03
3.213509646887612731e-03
3.293188933104190114e-03
3.509270134495309085e-03
3.445966390185169724e-03
3.508322519096124942e-03
3.452304865188094134e-03
3.185091732368237807e-03
3.460019995396505180e-03
3.451485102253057814e-03
3.366325785480167761e-03
3.340603097413284619e-03
3.306222859087055554e-03
3.329267425897457829e-03
3.590398806734346280e-03
3.421578509423450678e-03
3.261629170305553778e-03
3.263303331813612995e-03
3.288030394683858024e-03
3.197695503816479386e-03
3.214489205272912011e-03
3.359826362616182959e-03
3.308593288712057597e-03
3.439584363933857747e-03
3.210720355777548288e-03
3.497288337419175806e-03
3.351214345228403085e-03
3.372994875644296040e-03
3.267545741795450324e-03
3.200764772547105754e-03
3.425140272085076820e-03
3.301188884070810955e-03
3.269223469615641000e-03
3.239109227186890826e-03
3.414352980965799315e-03
3.428709353463781952e-03
3.337455868151252298e-03
3.453478582742604882e-03
3.416688776139056860e-03
3.639329171485809235e-03
3.354445699669239816e-03
3.404832468915697935e-03
3.341100827067463620e-03
3.400579055145132746e-03
3.260063496207384753e-03
3.239697759816863223e-03
3.340760431085023057e-03
3.263504977501965193e-03
3.613275589882441931e-03
3.169905200533237790e-03
3.555273010834277339e-03
3.639439010326567248e-03
3.528696168613414032e-03
3.308394407413336232e-03
3.544952803283391712e-03
3.536070287338975628e-03
3.406501158407252740e-03
3.263386568299002539e-03
3.279995885970970592e-03
3.420812915865312914e-03
3.361957668250183540e-03
3.375115828323610803e-03
3.475010040146497836e-03
3.547222944169643993e-03
3.352450825197475764e-03
3.391853300673570906e-03
3.367377463552274647e-03
3.272024762340149887e-03
3.334931490460974098e-03
3.229017500209265326e-03
3.392903754775340383e-03
3.353210096698274086e-03
3.267479394814567107e-03
3.318703214083127632e-03
3.274569004086701641e-03
3.534248166742147250e-03
3.121280784689402146e-03
3.291259490119293179e-03
3.537142104028805599e-03
3.228595132758902298e-03
3.001801105412695188e-03
3.474578568180642594e-03
3.453504905333532136e-03
3.431629028682653751e-03
3.183587602241968410e-03
3.528839448356419026e-03
3.267998494527008576e-03
3.384995845767925764e-03
3.173247737472097846e-03
3.284082846085862629e-03
3.425055622170671086e-03
3.427347256704718105e-03
3.214875926008031824e-03
3.443641997984553827e-03
3.374423430153919955e-03
3.352007254235553346e-03
3.725170103916357160e-03
3.471696480009634714e-03
3.332432242103521881e-03
3.485128086343333188e-03
3.345277377072054803e-03
3.301495131474017214e-03
3.343774364444274550e-03
3.203824034425646443e-03
3.253011491714229327e-03
3.488514319862676561e-03
3.190563323818918721e-03
3.392062653557602076e-03
3.511143831789083781e-03
3.309892599074488843e-03
3.384394431121462085e-03
3.448751049560414266e-03
3.224005213988855988e-03
3.334113882677028351e-03
3.350325729923194721e-03
3.460086582272723765e-03
3.291890201611507444e-03
3.386857653869070495e-03
3.247974009280611696e-03
3.501845642164242746e-03
3.222250931274164409e-03
3.193577044974163677e-03
3.203049476636317134e-03
3.365961094652213798e-03
3.268447004789998538e-03
3.392584888738370795e-03
3.503141287053004611e-03
3.418156116385492275e-03
3.281081491764977192e-03
3.549927910473847821e-03
3.255640401788744386e-03
3.349452342573715647e-03
3.436607511308255227e-03
3.522176686104321920e-03
3.376686561898868850e-03
3.490822107655370057e-03
3.301956093317202912e-03
3.320462391383829145e-03
3.339274234245380186e-03
3.152935132271046485e-03
3.512195805357392828e-03
3.234242855011706854e-03
3.598905721196147840e-03
3.338067281143535219e-03
3.478120782767833100e-03
3.326515402511682346e-03
3.370844184344187495e-03
3.279071281587538165e-03
3.329049382321377405e-03
3.512857424599931909e-03
3.434149073816689796e-03
3.137987680879802694e-03
3.285456043351177215e-03
3.306012847401685814e-03
3.267353784620863691e-03
3.521703601154503940e-03
3.257935834980592912e-03
3.162769443525162080e-03
3.427540976620645653e-03
3.275713768997427777e-03
3.503036559216746865e-03
3.458946515524854645e-03
3.374623581317192072e-03
3.435125538074231683e-03
3.264981474166277989e-03
3.357686333548822160e-03
3.233421085421411476e-03
3.524829725258449807e-03
3.441430287183782060e-03
3.490989722926899231e-03
3.556375319203973224e-03
3.384090634059197262e-03
3.336644961590407282e-03
3.323531754780227696e-03
3.475891258055897881e-03
3.429555116666557421e-03
3.297433769124680832e-03
3.434611480428719117e-03
3.435179732553678752e-03
3.274701125498690087e-03
3.408230930577242808e-03
3.489463199525534489e-03
3.453367198772823877e-03
3.455306945378276966e-03
3.348846811564252374e-03
3.294578085793442926e-03
3.456872067634038283e-03
3.359424718587721622e-03
3.212487041578049145e-03
3.358844938819500157e-03
3.183247371682182154e-03
3.335599419607108030e-03
3.558545751419276825e-03
3.442480820400586373e-03
3.137557277104413220e-03
3.385688913086487041e-03
3.414813130480092492e-03
3.126558520210456511e-03
3.245443494212451978e-03
3.300818500463608123e-03
3.261305360356345825e-03
3.270171266526781216e-03
3.324669058397591165e-03
3.507754387962489038e-03
3.276277807847170417e-03
3.290474644106679714e-03
3.269382919230189727e-03
3.435169607191810356e-03
3.287856880666570943e-03
3.485957674846728877e-03
3.344576662138010366e-03
3.461201247993114013e-03
3.252940831556746376e-03
3.165620803141646136e-03
3.513954930073144058e-03
3.304571346236901633e-03
3.425849356849442265e-03
3.288997039578998166e-03
3.393423197893426484e-03
3.374281956910097843e-03
3.272055848085807586e-03
3.312666706044165542e-03
3.212165766265140214e-03
3.231693285634651674e-03
3.666691344597901997e-03
3.178431618460470561e-03
3.267437619562821392e-03
3.302550883787420000e-03
3.341229637557898216e-03
3.432193874028933913e-03
3.181498995196071870e-03
3.195475039980471763e-03
3.282279234212393329e-03
3.474703442513260403e-03
3.515920170273729214e-03
3.290032585372241591e-03
3.318442214313072503e-03
3.445290407624768299e-03
3.227268680977346278e-03
2.976756044234409211e-03
3.395283543571852702e-03
3.371790827387463607e-03
3.230236126185579391e-03
3.259792740847971149e-03
3.439124637965724086e-03
3.400144874712034918e-03
3.386310538117887504e-03
3.388901949579229203e-03
3.345146497050431860e-03
3.319366975177449452e-03
3.349854989324203055e-03
3.248986122819075371e-03
3.520211092788635369e-03
3.396406194085324886e-03
3.334652064629286747e-03
3.184505496375176006e-03
3.438333999319165626e-03
3.146806887265998342e-03
3.381866265486844179e-03
3.496454424175164579e-03
3.695417713511331068e-03
3.198406725040551027e-03
3.339128636602553459e-03
3.443929915069681141e-03
3.614425894039668789e-03
3.370621764443797186e-03
3.198000243285110695e-03
3.495127096801805069e-03
3.300321232928821787e-03
3.339530769190828061e-03
3.404398317158331168e-03
3.491992353463023793e-03
3.372601025589038511e-03
3.314406285740824441e-03
3.336026169455560877e-03
3.327503415775710620e-03
3.455144216899723279e-03
3.111192064652088408e-03
3.381504285104777914e-03
3.323629010940066381e-03
3.440123823367673746e-03
3.496789874746316761e-03
3.603941736583657178e-03
3.334776206947550042e-03
2.974440868508666097e-03
3.232344520653631162e-03
3.354127857155926682e-03
3.367387377765060450e-03
3.412764762914387903e-03
3.117208532735728146e-03
3.310543147709737663e-03
3.254292309149206877e-03
3.199809432523547867e-03
3.267827453289105961e-03
3.419299277613644088e-03
3.320336080026365863e-03
3.256338594338686887e-03
3.377984079001276115e-03
3.215900402801907115e-03
3.389248033848541244e-03
3.425728261051167942e-03
3.348198698041157575e-03
3.302085728744084785e-03
3.293203206192073153e-03
3.242435138437593962e-03
3.393907083273840775e-03
3.124831212965301433e-03
3.290487173207662982e-03
3.286017327281487085e-03
3.437271678017802916e-03
3.353573193454076427e-03
3.402392554210695742e-03
3.676545353420423382e-03
3.355141350842359357e-03
3.381265570005442637e-03
3.245742495432745855e-03
3.491794236901720350e-03
3.152498884787947875e-03
3.176851027155963309e-03
3.315407456601522466e-03
3.238337261292333243e-03
3.187415674210004098e-03
3.354474226757417181e-03
3.382129477166678343e-03
3.138280078435463655e-03
3.228619842638089793e-03
3.431257097402691872e-03
3.321792233166740316e-03
3.387323832082587104e-03
3.227302989649379408e-03
3.415360957891824985e-03
3.716296893751645184e-03
3.278538171451199270e-03
3.321274991003583376e-03
3.260216688686693419e-03
3.090883549526646408e-03
3.258215956361509152e-03
3.237093367345843329e-03
3.318660619666800263e-03
3.192500273237224972e-03
3.236460774792069943e-03
3.399476954702104498e-03
3.478456224015445946e-03
3.320922810261988170e-03
3.195625903571657715e-03
3.291944320136073673e-03
3.341667209693410627e-03
3.138280221356056551e-03
3.573471260990202045e-03
3.509929481757387195e-03
3.272973901532492957e-03
3.253477389652987238e-03
3.429799526453613211e-03
3.566977688151629251e-03
3.214841919719580842e-03
3.350522242044171040e-03
3.194516764862732720e-03
3.524589048330778896e-03
3.233101087068730641e-03
3.256824853429095799e-03
3.365909768877857478e-03
3.518174234028566705e-03
3.346230140435046355e-03
3.210843536761531607e-03
3.350343301662152273e-03
3.150340069761535695e-03
3.360572127377145762e-03
3.204020799066564784e-03
3.336901912480452499e-03
3.192216287326329286e-03
3.276796793529335779e-03
3.395244718217289848e-03
3.351212116471094168e-03
3.391149191064007917e-03
3.337402090912831246e-03
3.339497633543453674e-03
3.446222370182529249e-03
3.183607678295740512e-03
3.337372893405335297e-03
3.247678066465108093e-03
3.524062684435460679e-03
3.393673223604014907e-03
3.543037273123034354e-03
3.364969273837375725e-03
3.228060596174165634e-03
3.328337609571560118e-03
3.387896971342404129e-03
3.518750345485979411e-03
3.479908941828958446e-03
3.348476416570292120e-03
3.093964157982347085e-03
3.309758499595622568e-03
3.400403503692181473e-03
3.157622023866579839e-03
3.345682968129086443e-03
3.198748713776471478e-03
3.300352349073354744e-03
3.218081759677856885e-03
3.626116256456498373e-03
3.479051829029457862e-03
3.242089736848621697e-03
3.285433575778046698e-03
3.369176340470242045e-03
3.301513992507523060e-03
3.268723944548017346e-03
3.338304803044244654e-03
3.376987307278913816e-03
3.244284623367554680e-03
3.476258545807141970e-03
3.225008963103503760e-03
3.239999652683015624e-03
3.664679845269704171e-03
3.369551074689091860e-03
3.257193215214412938e-03
3.460467817292381832e-03
3.419008023307048422e-03
3.252381307308511039e-03
3.325893016009919857e-03
3.507906573414341922e-03
3.203231973202125618e-03
3.301166933548722610e-03
3.168134525545668583e-03
3.334540464765245807e-03
3.269232723087250620e-03
3.704139679996342176e-03
3.222495354440784582e-03
3.346704089080898298e-03
3.399821540274898090e-03
3.225188657635944759e-03
3.142655489510741678e-03
3.329773581844796149e-03
3.149036288560919973e-03
3.293113080515147357e-03
3.352493596646799901e-03
3.271814524106303555e-03
3.521872218824772648e-03
3.291553873062033272e-03
3.244583295690232818e-03
3.328691507410535839e-03
3.315476508289205357e-03
3.092635912192265996e-03
3.297689432289993648e-03
3.257466250348392284e-03
3.301877025716788878e-03
3.296389582627918396e-03
3.307403006991634694e-03
3.422874943735217806e-03
3.195111191840340099e-03
3.145972232073842700e-03
3.408730801960990677e-03
3.088504364790705618e-03
3.371390847029888220e-03
3.190018882570936232e-03
3.259792672449648987e-03
3.231629280342190186e-03
3.255891067077262488e-03
3.212716116788452182e-03
3.378141620765716478e-03
3.176763979660302082e-03
3.208160615906594220e-03
3.180007649041637161e-03
3.161787911470706740e-03
3.331017927867207899e-03
3.130370329619608892e-03
3.198642728435681371e-03
3.106380475521277034e-03
3.397088717372975190e-03
3.237651905853659254e-03
3.319987259397035474e-03
3.219203012677503920e-03
3.189505098598216862e-03
3.279506996530049193e-03
3.216326916304022062e-03
3.255098902771849569e-03
3.060059637947223216e-03
3.568937432750446045e-03
3.213250483489327528e-03
3.119834279835194662e-03
3.354233549896770781e-03
3.262608716514754387e-03
3.261552793901275043e-03
3.160971195293614446e-03
3.154840901273032235e-03
3.348053113350122397e-03
3.170656880644838731e-03
3.165686227477567186e-03
3.178387676771095727e-03
3.224654648645226915e-03
3.328908858654483667e-03
3.182774661287834147e-03
3.249013824937085036e-03
3.328044378580505541e-03
3.294390957801129980e-03
3.416321181385773530e-03
3.286286770644734467e-03
3.189745177680640940e-03
3.104570387147031086e-03
3.077102725848727439e-03
3.407480454643751090e-03
3.170412539123771290e-03
3.246230771236145816e-03
3.144811177590130496e-03
3.502299608731247651e-03
3.193982795594639372e-03
3.288924897188078098e-03
3.285159341511037067e-03
3.411935572715445435e-03
3.421890944898830101e-03
3.549677484758713853e-03
3.429158159810172333e-03
3.508963867277189227e-03
3.289741746405664378e-03
3.381814261888564568e-03
3.100287110259880834e-03
3.425818488241080123e-03
3.492497051936084562e-03
3.385030379891033371e-03
3.264199997097334566e-03
3.308802601446664184e-03
3.168247034060102732e-03
3.021037801643275920e-03
3.257280743157703329e-03
3.306337585045423470e-03
3.222240634929571072e-03
3.310397788565646454e-03
3.254385054206954727e-03
3.421151138228488431e-03
3.385944070056759545e-03
3.284150798624575329e-03
3.320776622341390337e-03
3.174177002773992656e-03
3.236875861330992810e-03
3.375431685056259033e-03
3.444817649556090097e-03
3.409259944975360102e-03
3.230531491956787835e-03
3.586464285114837267e-03
3.223130305308211704e-03
3.166901199491758793e-03
3.371720615558487354e-03
3.183171200674348496e-03
3.599695616723855990e-03
3.277942122649463337e-03
3.323748324876032827e-03
3.348996022984154861e-03
3.084115505283727739e-03
3.265752236189362577e-03
3.376658965931868175e-03
3.067085998834926004e-03
3.136140578591043934e-03
3.289677968337445350e-03
3.266683297566439197e-03
3.404241957050301547e-03
3.256032524819122038e-03
3.414599819038879620e-03
3.431701094224750507e-03
3.069260649205484814e-03
3.085077782837556803e-03
3.170379243153239809e-03
3.342307910073090763e-03
3.194653202440134090e-03
3.457523993511589511e-03
3.307662892333819091e-03
3.260963976895817681e-03
3.352215681392465424e-03
3.377728001574421129e-03
3.201763283871174662e-03
3.489466666302022332e-03
3.406140431955101671e-03
3.265591276241442895e-03
3.453462098505662853e-03
3.375808911822117918e-03
3.382875095523419067e-03
3.465763652363589541e-03
3.143710256823931994e-03
3.258240870029624221e-03
3.401990917237985353e-03
3.471241307912886504e-03
3.475028947585354164e-03
3.296953731487985238e-03
3.405086952490487401e-03
3.196251588953780056e-03
3.095062542651324470e-03
3.150926195369584733e-03
3.313666978640595479e-03
3.340540930112816109e-03
3.276460379281793175e-03
3.265698708242099121e-03
3.473760872977045902e-03
3.129518931905455551e-03
3.434260430723351260e-03
3.167729115585093784e-03
3.287957727302904306e-03
3.264547837231204959e-03
3.317130818558864085e-03
3.304693467079826679e-03
3.319582069722611974e-03
3.418904726805273037e-03
3.076064818938536224e-03
3.295223874116822230e-03
3.319426774552174889e-03
3.023671119200745105e-03
3.342834529325847299e-03
3.244391598171005031e-03
3.164543546198770371e-03
3.237971241622807344e-03
3.235640859189892540e-03
3.211921302911993192e-03
3.123411878460366064e-03
3.361071589068025892e-03
3.435472806665306779e-03
3.406839838746296423e-03
3.398660013396863442e-03
3.202390385361550667e-03
3.533770892936016674e-03
3.160259959855137111e-03
3.155331848037977449e-03
3.302167239941560493e-03
3.494887562819449806e-03
3.199699276489730709e-03
3.400346923957506696e-03
3.259577812490454304e-03
3.146142458063375200e-03
3.272728467776975930e-03
3.187227051542549684e-03
3.106107751385507511e-03
3.216989916639727189e-03
3.391854443283159014e-03
3.209967563662769439e-03
3.188515136508824916e-03
3.218446429661600810e-03
3.019269582987261537e-03
3.322590826773321945e-03
3.533750141882200865e-03
3.223422817437151047e-03
3.365267443346721225e-03
3.150423266675303220e-03
3.207753581284092294e-03
3.312777997711762422e-03
3.251671110742118849e-03
3.235116142409811494e-03
3.325737796024905765e-03
3.374974279816333935e-03
3.262996302620655310e-03
3.548197060232992969e-03
3.287675407620407799e-03
3.191857330650097347e-03
3.343988357787223021e-03
3.313454564749700529e-03
3.367635072261564687e-03
3.334854731543184913e-03
3.196089547729704088e-03
3.386968617578616468e-03
3.281314878427345205e-03
3.166173864354590931e-03
3.375735457710496174e-03
3.288333274992669315e-03
3.282741160961488540e-03
3.227080146698027216e-03
3.200016643439460105e-03
3.352623626661509898e-03
3.432932797451034978e-03
3.165600675057531326e-03
3.272606699505798290e-03
3.298919298415602542e-03
3.256325959588215763e-03
3.398871616442367127e-03
3.239825806579123366e-03
3.233362273102428300e-03
3.196420093416011635e-03
3.345614097886767929e-03
3.113076711009622917e-03
3.275895611177134532e-03
3.215796530508605727e-03
3.459893799360291844e-03
3.323540781900311252e-03
3.261481806075573146e-03
3.356962126407760354e-03
3.243687059274506616e-03
3.131185361459563974e-03
3.428404777951838713e-03
3.215829934641249721e-03
3.377441761036581534e-03
3.177953306664173944e-03
3.207478456255011354e-03
3.347240757353793419e-03
3.239621203587658704e-03
3.345783883843390146e-03
3.157647276198366666e-03
3.248820148590784995e-03
3.192826820141182569e-03
3.298532156871530809e-03
3.353818800540529430e-03
3.147919060704537642e-03
3.310587800873010089e-03
3.316383924209389145e-03
3.102860515192256297e-03
3.456708705577353231e-03
3.088298561943109838e-03
3.311081824667435041e-03
3.281671639952872272e-03
3.268911106524112660e-03
3.196824788613637953e-03
3.222370735718396804e-03
3.120409553035898530e-03
3.156495840719882214e-03
3.319193110507801924e-03
3.231404180700820847e-03
2.963358397633097160e-03
3.385839396544229607e-03
3.176315036187481265e-03
3.190348309476904141e-03
3.346568700163819569e-03
3.183016783676940499e-03
3.211767554109140003e-03
3.239838758372901896e-03
3.209311658184147223e-03
3.080258103471337616e-03
3.096079128251249309e-03
3.393601987196743185e-03
3.210417180175414217e-03
3.225398952427887839e-03
3.440600906118211101e-03
3.103912859094632142e-03
3.326432773811649132e-03
3.166360995150573933e-03
2.918384881098882652e-03
3.206989956421562541e-03
3.235461314676502543e-03
3.288841019143212002e-03
3.112402772138837467e-03
3.278948368917468902e-03
3.094136493519971352e-03
3.395567874129393812e-03
3.130912597909354857e-03
3.333139256654268304e-03
3.290402258500271532e-03
3.356414405658102000e-03
3.212157040806705877e-03
3.305846202143217834e-03
3.174170074834566091e-03
3.245601075736927014e-03
3.021092521044169577e-03
3.160494616021056451e-03
3.248742890523383543e-03
3.303369928241695324e-03
3.023565318888117061e-03
3.248704079703932084e-03
3.193544076638838488e-03
3.535239095749641205e-03
3.023266432982917896e-03
3.256807948992832252e-03
3.206672185231660560e-03
3.201743122037266527e-03
3.069096427268469627e-03
3.259367080769987914e-03
3.378472396329344329e-03
3.356108955523651530e-03
3.306961896358423438e-03
3.188628937845241779e-03
3.353618791271497160e-03
3.207661864071023605e-03
3.187339098819773515e-03
3.362318747219740934e-03
3.156941316336104794e-03
3.434311790969344063e-03
3.200384191334032513e-03
3.290983787777016726e-03
3.345265919454107513e-03
3.441721193556403994e-03
3.223037982806089760e-03
3.299774131393621787e-03
3.301916377084496233e-03
3.176505314841165765e-03
3.202327413716187215e-03
3.524258617943678597e-03
3.349800354047143165e-03
3.164388733868575034e-03
3.163159314230981102e-03
3.141714805693361298e-03
3.239118500210951684e-03
3.239709185840916345e-03
3.231758158697127861e-03
3.263767471478087791e-03
3.174540933038481547e-03
3.269412675422482019e-03
3.320477269581472660e-03
3.276608717515317425e-03
3.172304622129880954e-03
3.026621738100918231e-03
3.155450719773350478e-03
3.316513707073922082e-03
3.216887256177244653e-03
3.364945947563540915e-03
3.381994783948078908e-03
3.332595862072490478e-03
3.187938503566780258e-03
3.500401951878364965e-03
3.327181666400004859e-03
3.396635467243144194e-03
3.265526281832116171e-03
2.965199286372596603e-03
3.140624507047945577e-03
3.233626093032078864e-03
3.133025597118983818e-03
3.337061042386674573e-03
3.425193169203195279e-03
3.211313370983677300e-03
3.271779963689595404e-03
3.405427815844951425e-03
3.398572602377929099e-03
3.207968141317936363e-03
3.340679608622363055e-03
3.165787364145418014e-03
3.053531836952312530e-03
3.360388415274709328e-03
3.170754582839156732e-03
3.177558799399339291e-03
3.320397269582906451e-03
3.383563287959715123e-03
3.409741686412225223e-03
3.204387252052911909e-03
2.985331047049779793e-03
3.195958121534368986e-03
3.501478502784547645e-03
3.348169207465900160e-03
3.220041562159900537e-03
3.276381463478386831e-03
3.280445147682706664e-03
3.149267192762180648e-03
3.386358922220600136e-03
3.342785346024581411e-03
3.041886204059617450e-03
3.039949450343318749e-03
3.307046044840226701e-03
3.207763994765086470e-03
3.466597197103021485e-03
3.038196244150481902e-03
3.150211477848836872e-03
3.461361572438526740e-03
3.157131762457432780e-03
3.102437111868955929e-03
3.174305757621584054e-03
3.191555861914653798e-03
2.976121314385841553e-03
3.339404993953290577e-03
3.433212698792369177e-03
3.325420679894037276e-03
3.266378448096347691e-03
3.179120327686357338e-03
3.216238684889204981e-03
3.162333788248290669e-03
3.238914136033954356e-03
3.271687070513515719e-03
3.180265498681352117e-03
3.154601799297765061e-03
3.147757294505475287e-03
3.129256584083129050e-03
3.266594331665433667e-03
3.200481557146552664e-03
3.299540454906477183e-03
3.225178353160308709e-03
3.125209802900111300e-03
3.222514013551557553e-03
3.007023647777852353e-03
3.267559256940670304e-03
3.305573412340947429e-03
3.308023671147046138e-03
3.096405634116292452e-03
3.369494566568266049e-03
3.226364017747499879e-03
3.310668448963243003e-03
3.104846276278485848e-03
3.241434648724122666e-03
3.066569241987936525e-03
3.283921554424576970e-03
3.387800631328107687e-03
3.179018136549873873e-03
2.925452971507940762e-03
3.185025431572541775e-03
3.240495594976951742e-03
3.059515736819009950e-03
3.054672825864324440e-03
3.205356827541005690e-03
3.194853743263904519e-03
3.073419092632923878e-03
3.214433798416571619e-03
3.181066263512902226e-03
3.052393342286695982e-03
3.231048034650061285e-03
3.087459077850400902e-03
3.130844324243193307e-03
3.206551778252767111e-03
3.187520388053209901e-03
3.322596734786372949e-03
3.364922835141433664e-03
3.064627343237470453e-03
3.154798374889269258e-03
3.365308213853771945e-03
3.525274615069454252e-03
3.247623862926860873e-03
3.001894128737423242e-03
3.348499100206608209e-03
3.069951445414706003e-03
3.283359392782786348e-03
3.388926208850419602e-03
3.201746897826730168e-03
3.131451874882908680e-03
3.106453667372184764e-03
3.450690826598952227e-03
3.125100869705994735e-03
3.024170189653364264e-03
3.341864696580970802e-03
3.154667430823067213e-03
3.018079262973061630e-03
3.225698541274494777e-03
3.169433482754639795e-03
3.187701060145282234e-03
3.187336163939116437e-03
3.238312683858161206e-03
3.155969066234499010e-03
3.190143997583898185e-03
3.151201774577177313e-03
3.297768523391163709e-03
3.345898798456292331e-03
3.189985422701925328e-03
3.114632526184997908e-03
3.173641836559352222e-03
3.192050677104747800e-03
3.229115077492252048e-03
3.342269042466749877e-03
3.396722640654577588e-03
3.237219412219118162e-03
3.169272938528266709e-03
3.192086720592370291e-03
3.252250791190890514e-03
3.103760800230070255e-03
3.327084245400960955e-03
3.094562190757853444e-03
3.300720865036267052e-03
3.208525087616020174e-03
3.260483684461480333e-03
3.160725930527590825e-03
3.177147624274387783e-03
3.132845117049024540e-03
3.259226350987032891e-03
3.069390926679414593e-03
3.167771969124859571e-03
3.393315114456427022e-03
3.227880101026250545e-03
3.053098061774337565e-03
3.260802254691518021e-03
3.096379773266234696e-03
3.271273435043488536e-03
3.323092778106243213e-03
3.320999144220980470e-03
3.170629694424477018e-03
3.176443460519811669e-03
3.059728297056781791e-03
3.207563664815775428e-03
3.395551485939031326e-03
3.086390438555677504e-03
3.061118652993040541e-03
3.437621904076348153e-03
3.395969196081480897e-03
3.134204030703652537e-03
3.209356003758605854e-03
3.232573536986667242e-03
3.303889485778461251e-03
3.237081891682473678e-03
3.112153181810670133e-03
3.316318883369422706e-03
2.848703094991380386e-03
3.185814010461871307e-03
3.155358535953954862e-03
3.229335373683377055e-03
2.958306090824127255e-03
3.244683806317609411e-03
3.313999678817538836e-03
3.172090775387213443e-03
3.390357314377429564e-03
3.245098940659557271e-03
2.905752582111482442e-03
3.399018829138394406e-03
3.318485574829267010e-03
3.124011842473978923e-03
3.127141941112561527e-03
3.384748218916204532e-03
3.075537369708160936e-03
3.339450116010430313e-03
3.291516464608539982e-03
3.213012546252236486e-03
3.134784642175159237e-03
3.173857211984468588e-03
3.127588261636146064e-03
3.229260171618186966e-03
3.299596126483447106e-03
3.284816842997853679e-03
3.229372255964090520e-03
3.187276257918972809e-03
3.179985061951726925e-03
3.122918190288627438e-03
3.114552677237387730e-03
3.181299211343371468e-03
3.222248067201023431e-03
2.948163141389855291e-03
3.278565829521166812e-03
3.093707195606853425e-03
3.101047265458374471e-03
3.101357445583602900e-03
3.235834923814306235e-03
3.269640367193551479e-03
3.334219853329947313e-03
3.263999134861922044e-03
3.077767275867799440e-03
3.124972962844706909e-03
3.313605246156147831e-03
3.291676159648555550e-03
3.077792856714198482e-03
3.269367765289974206e-03
3.060797088413820619e-03
3.255253067826893894e-03
3.165082359294333052e-03
3.288749861258505585e-03
3.103387505965661715e-03
3.117646866439401521e-03
3.032727758259690098e-03
3.162405918079292787e-03
3.130176166260170700e-03
3.113034724413186322e-03
3.335771316745284910e-03
3.086192720315639789e-03
3.068254595243825877e-03
3.040072101092839395e-03
3.161335986408502115e-03
3.052518489126770495e-03
3.284366664678906034e-03
3.185726599952901431e-03
3.168648607768483148e-03
3.182243199566473120e-03
3.275955498508156295e-03
3.292951251463238378e-03
3.484746067162828188e-03
3.263230675447037054e-03
3.093203948857374281e-03
3.331627867256911884e-03
3.308842560348585447e-03
3.105344341617727929e-03
3.200690353972962011e-03
3.342051192231861034e-03
3.160370381626419721e-03
3.181892530590286951e-03
2.991061673040726170e-03
3.093881925570894816e-03
3.152396997365278491e-03
3.168110936817055377e-03
3.101308782458186020e-03
3.060263551391518080e-03
3.291125394304698481e-03
3.177297517450642598e-03
3.076511675110786808e-03
3.118165119644899022e-03
3.164658930093178137e-03
3.143962131427835774e-03
3.266588738514861635e-03
3.272919776375617443e-03
3.139265510732501454e-03
3.122948472083583987e-03
3.037262343153313698e-03
3.078629254923076399e-03
3.076662406762244520e-03
3.137441203129042594e-03
3.085358207466886837e-03
3.136703962269660022e-03
3.342218149950451894e-03
3.128469848466745688e-03
3.013408261617325865e-03
3.163900712384400474e-03
3.157453445438823583e-03
3.052021368003167250e-03
3.140047993524226842e-03
3.068587557843720660e-03
3.219318481932236832e-03
3.146847308541732020e-03
3.297949069026179843e-03
3.134862122720157365e-03
3.222458963166111631e-03
3.360993128606088506e-03
3.244309927393709478e-03
2.957362063441185303e-03
2.965763810981412833e-03
2.988037777344233498e-03
3.198941126038103849e-03
3.403239126731314422e-03
3.286590499147849613e-03
2.958845100124259889e-03
3.249888397407436208e-03
3.010176250564478712e-03
3.371065823938999406e-03
3.190343807554155923e-03
3.410974812408016938e-03
3.262120497295093423e-03
3.126966383878578785e-03
3.058287986214151821e-03
3.098731890639166986e-03
3.150123588219581449e-03
3.277794232382431113e-03
3.178701467765873267e-03
2.976385103659653138e-03
3.139591129841337504e-03
3.200694629533197295e-03
3.175477009498886387e-03
3.109767200230068463e-03
3.159494355061335906e-03
3.200685424679831220e-03
3.447930965064693182e-03
3.202362607621390966e-03
3.252685460927693967e-03
3.166616413596440652e-03
3.174464982012595912e-03
3.091185733645504790e-03
3.043635489470580217e-03
3.234436441839285900e-03
3.210638574198484366e-03
3.166914278550466821e-03
3.091705892305003471e-03
3.238939368129229932e-03
3.300736197757613965e-03
3.082732633059167941e-03
3.276623935689962352e-03
3.150276554175487648e-03
3.111217797828917404e-03
3.212408197954906737e-03
3.016465104723156654e-03
2.957247946894971374e-03
3.109920901233963718e-03
3.027320173286468519e-03
3.211260363239353162e-03
3.180978413112329171e-03
3.217756037758665120e-03
3.062233896292200323e-03
3.248205695585475172e-03
3.032625270619639709e-03
3.237983403906687877e-03
3.029366751366314569e-03
3.247075733302192280e-03
3.055151245508007894e-03
3.112622863085550730e-03
3.265441148912120051e-03
3.407200205691498108e-03
3.145758880244794390e-03
3.248414765385174326e-03
3.072533317244473434e-03
3.229818194446760094e-03
3.184424456286162435e-03
3.064058672498367036e-03
3.107532229839610107e-03
3.158096844243677565e-03
2.889842183143236792e-03
3.118847578658444190e-03
3.246722385536218464e-03
3.089398147313667485e-03
3.155180590288906347e-03
3.213871624651524605e-03
3.346110042695612900e-03
3.098886770321285841e-03
3.206178749618377420e-03
3.114410253746244684e-03
3.149656876678485692e-03
3.083169566004554177e-03
3.045219330524386123e-03
3.349921939443364308e-03
2.892847665507891890e-03
3.312399661131869462e-03
3.052035277229983579e-03
3.151328909211239399e-03
3.069662331897678523e-03
2.976985824495051360e-03
3.071440676564788936e-03
3.051206355740564494e-03
3.205704495322036184e-03
3.269995802233418517e-03
3.111291860564411801e-03
3.321484662839294284e-03
3.096699973466924324e-03
2.993837714960078614e-03
3.071498992668040412e-03
3.283023573390905434e-03
3.207114948639812595e-03
3.325067090816821638e-03
3.397726998888809125e-03
3.195896942761018711e-03
3.269479858751098058e-03
3.086235777486105118e-03
3.292894305366848330e-03
3.296473515746745075e-03
3.037269235019995645e-03
3.130852834135296799e-03
3.015447626300785198e-03
3.365393211693098758e-03
3.089025125292289582e-03
3.209025854374093073e-03
3.174772522554105639e-03
3.091720307717904601e-03
3.200211216920054950e-03
3.027305210331772932e-03
3.062356937676322458e-03
3.049703358903589536e-03
3.489090326298697944e-03
3.323759475176706925e-03
3.280343936463068349e-03
3.240646420953843636e-03
2.984485679354479185e-03
3.108189986428591504e-03
3.069932928518591918e-03
3.012928958520380042e-03
3.120032031469212232e-03
3.113770215840043834e-03
3.212655939872274651e-03
3.186371439134871603e-03
3.205422647463351035e-03
3.134329330520473338e-03
3.163957710516002598e-03
3.088803529953597707e-03
3.235005715055134460e-03
3.228178249566117722e-03
3.005398586585292763e-03
3.222225963501881580e-03
2.971702031758732473e-03
3.278545950781212772e-03
3.189151456336818471e-03
3.130596462795199545e-03
3.051441199495989395e-03
3.086410596816443423e-03
3.060193746338502833e-03
3.324249024469425225e-03
3.172868738778665543e-03
3.112702238015877584e-03
3.023222254491919180e-03
3.135767374664222198e-03
3.143166601763081394e-03
3.143639042913246463e-03
3.027898274830986315e-03
3.044861544639964474e-03
3.055252219869041864e-03
3.309281504954368971e-03
3.131372267538466963e-03
3.303261337187140666e-03
3.134603980524237020e-03
3.174979030079617265e-03
3.059711524582772735e-03
3.196245144991820535e-03
3.192477266523420943e-03
3.080130747388740674e-03
3.063109213613778633e-03
3.199239979346618114e-03
3.115687113602449727e-03
2.949568019598366401e-03
3.169333057845558511e-03
3.120848123030880040e-03
3.163352251881498215e-03
3.111960661883999418e-03
3.078407269127412214e-03
3.125078537936286979e-03
2.992702049515127971e-03
3.351554120380210219e-03
3.086025106121439814e-03
3.058786095333502781e-03
3.195944413087032938e-03
3.211721352314035865e-03
3.199696930961572292e-03
3.115424189717662471e-03
3.039468657777037296e-03
3.031283413740616921e-03
3.125003378603312659e-03
3.160454824332192391e-03
3.190134569842484249e-03
3.186119013352939691e-03
2.952790151360569319e-03
3.185503783213266930e-03
3.232997692259400885e-03
3.235413936210059047e-03
2.958533527117088863e-03
3.189918644747359588e-03
3.163009716222138067e-03
2.856919126182340049e-03
3.341452901128289573e-03
3.029845955022191731e-03
3.209305223823166568e-03
3.462122839399768212e-03
3.105457324469254685e-03
3.108045485283205366e-03
3.126740996529671964e-03
3.362020391741117262e-03
3.305678323700250460e-03
3.217622251930158869e-03
3.083219658157982431e-03
3.161268427302379742e-03
3.337640175920552222e-03
3.161489645351988828e-03
3.152343107156410206e-03
3.034872803624672107e-03
3.160292355175415863e-03
3.105255604478866609e-03
3.227551136213415491e-03
3.198662298286590426e-03
3.209766471368505607e-03
3.004864730849630700e-03
2.991984190741918837e-03
3.164887559257462298e-03
3.205079340356362452e-03
3.083198394851024374e-03
3.366730664635394100e-03
3.195924635975752257e-03
3.121679617147515851e-03
2.948190667386758976e-03
3.091842457196371068e-03
3.054189708360608574e-03
3.287219111391931348e-03
3.043723116035732153e-03
3.243163580714588691e-03
3.324444248920312497e-03
3.145692196539547070e-03
3.018956868445604649e-03
3.195970922268157478e-03
3.275580990330399875e-03
3.070013394927677275e-03
3.238020268120863493e-03
2.997546181342306860e-03
3.159608194704991661e-03
3.094138539481082386e-03
3.105168566678457361e-03
3.136410578021618916e-03
3.237545666886660570e-03
3.266780798670763583e-03
3.036977918979904493e-03
3.118412949105019497e-03
3.170500879971165954e-03
3.166351808509627712e-03
3.224346638792015707e-03
3.298063350912566749e-03
3.149280395871330036e-03
3.114471382729347079e-03
3.124197002745962744e-03
3.194290342891703983e-03
3.019594916867003338e-03
3.115162258532177316e-03
3.173242166668583178e-03
3.263329906820365469e-03
3.043873683379532541e-03
3.151584348137727223e-03
3.324280111223625132e-03
3.097786443761141924e-03
3.044582413707710555e-03
2.977924947950789762e-03
3.085835699437642667e-03
3.170428622767565690e-03
3.086487889366357207e-03
3.062946165686402950e-03
3.086550705492283487e-03
3.187328306021619626e-03
3.186919747222676392e-03
3.094243543204955836e-03
2.992705765002722212e-03
3.092039287661902097e-03
3.249142339462942133e-03
3.024677303683389988e-03
3.286836009959684130e-03
3.331049039643647295e-03
2.981475582685360823e-03
3.011578702654929031e-03
2.984629239669992114e-03
3.309915400020158570e-03
3.242154660456550690e-03
2.959662689935521531e-03
3.228149472104206458e-03
3.094964367443648386e-03
3.095140227069572911e-03
3.127862372210870549e-03
3.166618274397664263e-03
3.106103970825725615e-03
3.238218695520234894e-03
3.126758375381881710e-03
3.082682618639066841e-03
3.230073672193911182e-03
3.030158708911432838e-03
3.239526250025356706e-03
3.009576584192702811e-03
3.008435586690655101e-03
3.103952431328483447e-03
3.034946026330124016e-03
3.256046465639655593e-03
3.307483138988422285e-03
3.145090344738228974e-03
3.076932931537702982e-03
3.285826903613436618e-03
3.086928556084432042e-03
3.335451498083135194e-03
3.102823567873856225e-03
3.164837060277024463e-03
3.034995137048712623e-03
3.315591772805641640e-03
3.049486296469079444e-03
2.966863878205206612e-03
3.172298539863857222e-03
3.183021160457781031e-03
3.023613416889983120e-03
2.958399011644255016e-03
3.036765030141388381e-03
3.089707200922893037e-03
3.201832476087098072e-03
3.058302109264497779e-03
3.021284735664749119e-03
3.056410094467613709e-03
3.003311397729243465e-03
3.154816774939376949e-03
2.990917733298348313e-03
3.226013418380352295e-03
3.178910220065894830e-03
3.119227408603093658e-03
3.046068961375179851e-03
3.136276542836012159e-03
2.968186259120345668e-03
3.196437435276555574e-03
3.118320634587182227e-03
3.010048401909941936e-03
2.820677284002409430e-03
3.118116073672635470e-03
2.859064745951810874e-03
3.169961188096520784e-03
3.170186197664087539e-03
3.176164505780061480e-03
3.142532742045056442e-03
3.304976801613487662e-03
3.145856650786452331e-03
3.109497622310484089e-03
3.080849837580069625e-03
3.029167677748895345e-03
3.134747461505708876e-03
3.102083667406495791e-03
3.013275665926672033e-03
3.018850787219700023e-03
2.852073830933425473e-03
2.963026047303815493e-03
3.193109662915272554e-03
3.282816419050057274e-03
3.245244701345192852e-03
3.194477036180053565e-03
3.221973608998163034e-03
3.027962819587129428e-03
3.078832440092107818e-03
3.064656050094695557e-03
2.983527638253343113e-03
3.184618732523853812e-03
3.174132345632981085e-03
3.165327748305850342e-03
3.255508294564863660e-03
3.295400319616660374e-03
3.143921297366473067e-03
3.279457476139906093e-03
3.082014663002303773e-03
3.079637649038331846e-03
3.076491769078134719e-03
3.078191454553461364e-03
3.218955657347171394e-03
3.230785120037781705e-03
3.306172511873764312e-03
3.148925579506627482e-03
3.079267433686970132e-03
3.095409118474681375e-03
3.004876001769382892e-03
3.133175766651153347e-03
3.043809924441229914e-03
3.166099850148410780e-03
3.125218153183873492e-03
2.973908339488792914e-03
3.183032514691406384e-03
3.261778253037971986e-03
3.255665156784027636e-03
3.248364184968823357e-03
3.016685506162933468e-03
3.104011108284119354e-03
3.124146953678815126e-03
2.912326758609624141e-03
3.081365723994094249e-03
3.102501826928916098e-03
3.289380823275333491e-03
3.261933730392488524e-03
3.021827692577323116e-03
3.082119921800735487e-03
3.081499920485296622e-03
3.184891541900643740e-03
3.032739970873540424e-03
3.171139372083839770e-03
3.038094895627598858e-03
3.080069147476402567e-03
3.194517303899939084e-03
3.140207269567886570e-03
3.174745429666015958e-03
3.113529696992613227e-03
3.290987451259753949e-03
3.111708166090443404e-03
2.983009379276740664e-03
3.094481650951248688e-03
3.015715913710544267e-03
3.113784396612489028e-03
3.196472824164370546e-03
3.227634500846033976e-03
3.126945089395986171e-03
3.203906735744644317e-03
3.034540941028410210e-03
2.925733267442440829e-03
3.053005199444416840e-03
3.059154803947805590e-03
3.184914907044895851e-03
3.205798321545587186e-03
3.183878263727958104e-03
3.100217400115123055e-03
2.958065090055807603e-03
3.261821267860391237e-03
3.067809977320114494e-03
3.004900160225323479e-03
3.059954722696635321e-03
3.093712232813287076e-03
3.119052577190849131e-03
3.165770347688320451e-03
3.131991022329813548e-03
3.163064944514940371e-03
3.223624496948067353e-03
3.189242709698970717e-03
3.052217270601557519e-03
3.160118129100681923e-03
3.051962511132690938e-03
3.044248576837965681e-03
3.143215893326090603e-03
3.113471740752878775e-03
3.063129118782667235e-03
3.100855760441170120e-03
2.985849591613582397e-03
3.033822530037763501e-03
3.100650611442228814e-03
3.109656289650223650e-03
2.967847743356034299e-03
3.004238552308780962e-03
2.933685024014664067e-03
3.174684808698426033e-03
3.082072413047283379e-03
3.062180690714052210e-03
3.067767377582692433e-03
3.003282806104590544e-03
3.153919626818261178e-03
2.941482852472798552e-03
3.200457780268930498e-03
2.914546081482997930e-03
3.222303160800121628e-03
3.096911112335534906e-03
3.314998239853800873e-03
2.931420765913601758e-03
3.156995769664901804e-03
3.215167893544442976e-03
3.043140628214502288e-03
3.049225199376569967e-03
3.132487910585491329e-03
3.229340881108671950e-03
2.990063231691383362e-03
2.993444256343432211e-03
3.104029689360969253e-03
3.212339297793664113e-03
3.120309173045399120e-03
3.175980694397755131e-03
3.346897803149981570e-03
3.142194298688026632e-03
3.088370285011817103e-03
3.102591074974569551e-03
3.228806885844950642e-03
3.177332651119103672e-03
3.075669963579599851e-03
3.109535987152846521e-03
3.053750115595826788e-03
3.073990325586114462e-03
3.032534532089726804e-03
2.896376081974963261e-03
3.140334544633850439e-03
3.072773758252399234e-03
3.173953618389432300e-03
2.977935389479570254e-03
3.121422489479619596e-03
3.025895642575452283e-03
3.057123160687053205e-03
3.078738422199228403e-03
3.066280932462080427e-03
3.156415203410734525e-03
3.134822212998122394e-03
3.071607462408198173e-03
3.167459197262808158e-03
3.100565167245029029e-03
3.049271920715816188e-03
2.971278301320253844e-03
3.032258530011773534e-03
3.058978770154362117e-03
3.209430961336654908e-03
3.042306748624923167e-03
3.102450869735344161e-03
3.296933302225045492e-03
3.143745668742861307e-03
2.941373991373015528e-03
3.119583914698608948e-03
3.116328890541113315e-03
3.205207611390301949e-03
3.166270216118517288e-03
3.019327259487410760e-03
3.029745473068953723e-03
3.041786205073466771e-03
3.207880334429765324e-03
3.056089065664116186e-03
3.371803294196542601e-03
3.234542433377730810e-03
2.983714380415752442e-03
2.996207684839586379e-03
2.945558975585832635e-03
3.255712632651456412e-03
3.096205640280582337e-03
3.018620747818621768e-03
2.932183921062064390e-03
3.257020698760761286e-03
2.909251856759000835e-03
3.038509165249843325e-03
3.082500337187054924e-03
2.950616552389785045e-03
3.048886157296092168e-03
3.021850893816068005e-03
3.161940774282440917e-03
3.049355492992631214e-03
3.166709786883985245e-03
3.168352161186515237e-03
3.323059597795156427e-03
3.135909305768858242e-03
3.243429261119621949e-03
3.046523153399406224e-03
3.170070191558724704e-03
3.307828568152782270e-03
3.015457389554501103e-03
3.106684919063700760e-03
3.043356134299894222e-03
3.036299648958871566e-03
3.228635671499578263e-03
3.148051537754418920e-03
2.986521096287713707e-03
2.979699584634936099e-03
2.933792134952489892e-03
3.102865730321334881e-03
3.318750476046846993e-03
3.199047424587845353e-03
3.039349499142638897e-03
2.863233097077058382e-03
3.071577555581833825e-03
3.109456344164077471e-03
3.082308187399874014e-03
3.146393454230353784e-03
3.195010020775195230e-03
2.880965727821500205e-03
2.999475837720713689e-03
3.005013982409320949e-03
2.823404199625193390e-03
3.162508601390483492e-03
3.085853155003511709e-03
3.187572076479064462e-03
3.076555204097499666e-03
3.091349151640289915e-03
3.242219881358860637e-03
3.233967214468134576e-03
3.073929659615957325e-03
3.230890760249165855e-03
2.985979978537861134e-03
3.083076180439300353e-03
2.898220982188659794e-03
3.058647703976386575e-03
3.189775341121284160e-03
2.841603288806147237e-03
3.031076568657275084e-03
3.104696303017695242e-03
2.992002167167451439e-03
2.968579495654279608e-03
2.935642608999683174e-03
3.175200444451873293e-03
3.019516633419248343e-03
3.149022241598370235e-03
3.101787775573674674e-03
3.139196904065482113e-03
3.147619387005353483e-03
2.978910908424569487e-03
3.026053321387309029e-03
3.144464443753278507e-03
3.315762336696604935e-03
3.382839021830676488e-03
3.071645824524979560e-03
2.874909573868239098e-03
3.178301043765455365e-03
3.134036763235057386e-03
3.011948646396309277e-03
2.960644156208242211e-03
3.161301571878441779e-03
3.069087512099807728e-03
3.219234235818191868e-03
3.041872412383012439e-03
3.075621738026276981e-03
2.958157705318113697e-03
3.097883998755917440e-03
3.096374538409277493e-03
3.098737338779270541e-03
3.023538439925667603e-03
3.240969462353552374e-03
3.072564204460956263e-03
2.939370803737630881e-03
3.063748205678448484e-03
3.219256726057268762e-03
3.195345755838553247e-03
2.981004143114813609e-03
2.967701407330942519e-03
2.985719936083105087e-03
2.927084736365839768e-03
3.136788442093440144e-03
3.224346733224213446e-03
3.097348829780877891e-03
3.049655764769401960e-03
3.070415315220182805e-03
3.047785429170717965e-03
3.203318105577969248e-03
3.107158359472820489e-03
3.015054621736607595e-03
3.108940184905737997e-03
3.109349458123076334e-03
2.943031248444557060e-03
2.937672398434710685e-03
3.104678845060077075e-03
2.987626119300651126e-03
2.957235291930173076e-03
3.095322563476247610e-03
2.900178146879804544e-03
3.052707707370469047e-03
3.350227717983079133e-03
3.012646381670722705e-03
2.884888965853990486e-03
2.982290753794681910e-03
3.191972071317946726e-03
3.034887683562824835e-03
3.190079851719601275e-03
3.004151195022971774e-03
2.961596624288277690e-03
3.040510243994878296e-03
3.003931796015948518e-03
3.185403023267792920e-03
3.044013734480280776e-03
3.080819150592239465e-03
3.164780927282292034e-03
2.952851028423128261e-03
2.851923224152007417e-03
3.243386276884307161e-03
3.291441420246580141e-03
3.068700051233161970e-03
3.042281677107819444e-03
3.098593869522477205e-03
3.083361015386315660e-03
2.981333682149886564e-03
3.058739062234251595e-03
2.930060425072311941e-03
3.108517718183679938e-03
2.924586670304685308e-03
3.203213355090498565e-03
2.901640846913220145e-03
3.169226684967046438e-03
2.939755706354021340e-03
3.321436316319629437e-03
3.052845208468660081e-03
3.052137166662722591e-03
2.898958691892120510e-03
2.948069311233384761e-03
2.939107231890700916e-03
2.885071834319481027e-03
2.855474415617632964e-03
3.133509084855714503e-03
3.119585479912091643e-03
3.191382108826807361e-03
3.099539084307521581e-03
3.231549984071813413e-03
3.179818413898166662e-03
3.048778973341753368e-03
3.216026719395456701e-03
3.182578852643948211e-03
3.122337710595923018e-03
3.149452702096456995e-03
2.983912350298447824e-03
2.857787966346639948e-03
3.070467274235166161e-03
2.996306481644415987e-03
3.032351831746707069e-03
3.254073238618134488e-03
3.109872651168082199e-03
3.221150968029399143e-03
3.197370014737545545e-03
3.209782860193873162e-03
3.086284012417052532e-03
3.013070339699792672e-03
2.990452605723942139e-03
3.074962881649065480e-03
2.885594468363762710e-03
3.351073001864878463e-03
2.980775180747844387e-03
3.179111485427728052e-03
3.088318014869217455e-03
3.207328878965863377e-03
3.126932813739501799e-03
3.155004003081002349e-03
3.084151730162554370e-03
3.072603055638094965e-03
3.161636603141489664e-03
3.140483132542512025e-03
3.208803274729142303e-03
3.083873052555325973e-03
3.056963498887213006e-03
3.023491834268777004e-03
2.877643239496674270e-03
3.031768986866747399e-03
2.954662357338814181e-03
3.018402706501168223e-03
2.905140961394847045e-03
2.992554116519768360e-03
3.045133593202150810e-03
3.164096595091784366e-03
3.079442212627126786e-03
3.307843937799473475e-03
2.989221562662000998e-03
3.320637750963173571e-03
2.966009636935659950e-03
3.012336002945246918e-03
3.187673225424876057e-03
3.137512139228250743e-03
2.885989414016507972e-03
3.073250706409613123e-03
2.940925278715728931e-03
2.902522028448749694e-03
3.118067827640427520e-03
3.003931973082192130e-03
3.148236576217894583e-03
3.066339621111043631e-03
3.104574441915307868e-03
3.059988020761584757e-03
2.995289710497279004e-03
3.046456908974110294e-03
3.185331329363963199e-03
2.884105205048072794e-03
3.072575081742915954e-03
3.040415408011186774e-03
3.103855060936803762e-03
3.130312796154340483e-03
3.183241217673518815e-03
3.229624408170312169e-03
3.193818656325506707e-03
3.026164804482942092e-03
2.967296731491212997e-03
3.084171598487873544e-03
3.054708187951200773e-03
3.073227263661970285e-03
3.101741476593372279e-03
3.057749653718144084e-03
2.993420242378593867e-03
2.945367169412349984e-03
2.960684261746143742e-03
3.044161718784113915e-03
2.895771903884575803e-03
3.101942535459372915e-03
2.906946766979215911e-03
3.263824977293325064e-03
3.141381114200147984e-03
3.104856977125395809e-03
3.143701038693485963e-03
3.165639312162071839e-03
2.967316928575967645e-03
3.069415260381678275e-03
2.908355441179823198e-03
3.172680249211500599e-03
3.158732620580399168e-03
3.256321636296887530e-03
3.052193163722212357e-03
2.909626028212075263e-03
2.915581484647669641e-03
2.927689977935463757e-03
2.993564934299880725e-03
3.242301515082136182e-03
3.072664599327466686e-03
3.051841409491365745e-03
3.126372624134691504e-03
2.869150744690021886e-03
3.101426102219498500e-03
3.049990496799886205e-03
3.066636750240030011e-03
3.115705499665976860e-03
2.940333218713210572e-03
3.161448139200990874e-03
3.066535603994352804e-03
3.130541047517248956e-03
3.042410534746548424e-03
3.024078191912720880e-03
3.112215729927724807e-03
3.121998981117466744e-03
2.934744659817709999e-03
3.137192224913295038e-03
3.046211948515252076e-03
2.934232668415838463e-03
3.046069803271800411e-03
3.140540078228631297e-03
3.047859978047237368e-03
3.144308311870962821e-03
3.015729059446382258e-03
2.857362346793947301e-03
3.211799325779939908e-03
3.059759300541325337e-03
2.996923655566027106e-03
3.296543635620807159e-03
3.040460117417861062e-03
2.796361245402740042e-03
3.056813280047037448e-03
3.046302884901797535e-03
3.151178110474117840e-03
3.084469019054466611e-03
2.883526954460493251e-03
2.999754976651542934e-03
3.031080276502618777e-03
3.100642306647933416e-03
3.243636735382223260e-03
3.003447412179327796e-03
3.051215527706389787e-03
3.319216426157022698e-03
2.917514114633601181e-03
2.907044283952343097e-03
3.032807917160485357e-03
2.811349639947248718e-03
3.198607890446829131e-03
2.840059418718376191e-03
3.158429272960415046e-03
3.113154405214222341e-03
3.058159312453280661e-03
3.175401352599243211e-03
3.154581188243974713e-03
3.119376061172279141e-03
3.223703872967447533e-03
3.190784074350869106e-03
2.975368442959947304e-03
2.766810094960119818e-03
3.129863216876237544e-03
3.100489157735958519e-03
3.119907627186421610e-03
3.123055856916579377e-03
2.967375051882302668e-03
2.932649213199893783e-03
2.990054139472703588e-03
2.990129201817097546e-03
3.077440256176422820e-03
3.054143954487368532e-03
2.967796056539559468e-03
3.094459418592755435e-03
3.316615279129370413e-03
3.249269907694897919e-03
3.127742899526600104e-03
3.030701876806533857e-03
3.123619885976408779e-03
2.873681683819932428e-03
2.941908133367020575e-03
2.940048647433085235e-03
2.989023708983298659e-03
3.167466167237343189e-03
3.063498596940897323e-03
3.219064376818017974e-03
3.187037006055834856e-03
3.065470987062687055e-03
3.086246439663332605e-03
3.074443142047273737e-03
3.194268505940420309e-03
2.904046351350636924e-03
3.126081336780703757e-03
3.045033995679014005e-03
3.150230450461915556e-03
2.831774315258394053e-03
3.100772815198089925e-03
3.073434300383539111e-03
2.805001640210685789e-03
3.066483328497245954e-03
3.031013357402306038e-03
3.069162044398360701e-03
2.929938756387903253e-03
2.995915909545522702e-03
3.000507946196120500e-03
2.940145187132646529e-03
3.036917545836283379e-03
3.162537192610144834e-03
3.073821985258893153e-03
2.992286929510613262e-03
2.956885542287336806e-03
3.089564838013806290e-03
3.422194016193562914e-03
3.248863913693496568e-03
3.155299015341485325e-03
2.917554938866120853e-03
2.929775745608788600e-03
2.904802815124397398e-03
3.243388699715427353e-03
2.981246971890296870e-03
2.788290862885446381e-03
3.293878670569206583e-03
3.180304332797456376e-03
3.034257854102989996e-03
2.968803162454273885e-03
2.934891340146753881e-03
2.944771908326596337e-03
2.917131232233268097e-03
2.932844006835049876e-03
3.253281785600106030e-03
2.872742129153637615e-03
2.922561589724418773e-03
2.988626264135062216e-03
3.238935705711423405e-03
2.981484111986995155e-03
2.966465712539119448e-03
2.918425629450867829e-03
3.134990865036070377e-03
3.165295435803545856e-03
3.000174798224462640e-03
3.029128562176509627e-03
2.963496309180163168e-03
3.016640628925313858e-03
2.863715511088266510e-03
3.150118905073238506e-03
2.996441867603393504e-03
3.140377142724704203e-03
2.972466426786941288e-03
3.317930681101166970e-03
2.951663230048748917e-03
3.017939632494586952e-03
3.057712158796615804e-03
2.940837732241053781e-03
2.758530350406535308e-03
2.936461490063521900e-03
3.028327390247506114e-03
2.955931403065728980e-03
2.923885679111587043e-03
3.054522667152800505e-03
3.036005567220985066e-03
2.952418348547502115e-03
3.204216031421967207e-03
2.957281232080198347e-03
2.946227691579957411e-03
3.009121328150884088e-03
3.028670844349448665e-03
2.977839366619014147e-03
2.900159468223422517e-03
3.123975809606483172e-03
3.030531637969325742e-03
2.920691583913159143e-03
2.913007764347984221e-03
3.260764604735906080e-03
2.974350703989741239e-03
2.953376714582347465e-03
2.913770011998517186e-03
3.007494677251690372e-03
2.949935974226805015e-03
3.036430050956074114e-03
3.089002137619392425e-03
2.976546981779070854e-03
3.022074358922507628e-03
3.048431466004163527e-03
3.053719875272681034e-03
3.188121766421535101e-03
3.092634012949888045e-03
3.035262134746556737e-03
3.070036679817869912e-03
2.942371063121873229e-03
3.050928591929073959e-03
3.039364787405406197e-03
2.844551653687352362e-03
2.970539415618084558e-03
3.153680368900948702e-03
3.138833202936358417e-03
3.116556211861753328e-03
3.139155801914782218e-03
2.827233661173041840e-03
2.967262347603480746e-03
3.002906147596824150e-03
2.894440685670494635e-03
2.993862597899913953e-03
3.000016066450755803e-03
2.898014058582618329e-03
3.056379982381945883e-03
2.985318529582834442e-03
2.924289965854967675e-03
3.149231089810406673e-03
3.055680041311945906e-03
3.065616205015555488e-03
3.031972059861245700e-03
2.952324463586907671e-03
3.110577834977969799e-03
2.810928821227988688e-03
3.078379633248241615e-03
2.960779284588551264e-03
3.077986645216534718e-03
2.794842633255734815e-03
3.112136764057347495e-03
3.195060443601047389e-03
3.166872913307458570e-03
2.988076294612383201e-03
2.936656195915623730e-03
3.180430695279673394e-03
3.121965618639808201e-03
3.007168660999409888e-03
3.079680910969701587e-03
2.875092783777905524e-03
2.975179057259493692e-03
2.944042704845579485e-03
2.963314225899947064e-03
2.915797174034290805e-03
3.021762290724367209e-03
3.055976593017216240e-03
2.925370304331371355e-03
3.098405707560581562e-03
2.943711570218541986e-03
3.266380413329979335e-03
3.022414785569487242e-03
2.896910896508475899e-03
2.984300081413912564e-03
2.916661543339556153e-03
2.867310106206750076e-03
3.002235171103716065e-03
3.013961294724410139e-03
3.073323527183543982e-03
2.918021203072446688e-03
3.211308552183739663e-03
3.026748667451617525e-03
3.167723512484435424e-03
3.086768607879711995e-03
3.103605137051166588e-03
3.124172460412255777e-03
3.164463657851306587e-03
3.062720024100401908e-03
2.998786327370447837e-03
2.947017839981898833e-03
3.208972593935021864e-03
3.077429216311399363e-03
3.066603807769699430e-03
2.989218421345093447e-03
3.063458365094380749e-03
3.169041623806289655e-03
3.045849162874850972e-03
3.171889059150008027e-03
2.921308659266626164e-03
3.020679496616234319e-03
2.872094323543028689e-03
3.015774394929425246e-03
2.936481454136299647e-03
2.886084763929325312e-03
3.041251455995171767e-03
3.009701580796595322e-03
3.063645239622238975e-03
3.002100870822223093e-03
2.957569524967846707e-03
2.920747010844675431e-03
3.149952348114233320e-03
3.059284293699089143e-03
2.937544204474266778e-03
2.998743842174421675e-03
3.195307891208824715e-03
3.100682408920020245e-03
2.952258887110494143e-03
2.871614157352633725e-03
3.098218331414804693e-03
3.009217826401532504e-03
3.078684578976580589e-03
3.132745758915265848e-03
3.172779958786293552e-03
3.044489272321924608e-03
3.098131693778305700e-03
2.977341118907246998e-03
2.944796007226800714e-03
3.138710061301907845e-03
2.977671448194889933e-03
3.153206761272532403e-03
3.014607460346277034e-03
2.897168961474138032e-03
3.109476845427140961e-03
2.999956236585283719e-03
2.883699366284215183e-03
3.160696014091402689e-03
2.970628038024144928e-03
2.932226446569636321e-03
3.074849222391369367e-03
2.963283983350953766e-03
2.973487532551580877e-03
3.025430726046887935e-03
3.200466434715517824e-03
3.008843271667625656e-03
2.941691439843607900e-03
2.812713404900587990e-03
2.798970289383604336e-03
3.134055872965147392e-03
3.068688671430589050e-03
3.074012472428863923e-03
3.134243517519219851e-03
3.107904626157355008e-03
2.857805050622298174e-03
2.841186020860502880e-03
2.920353441974469708e-03
2.996759248343447250e-03
2.915137289411927086e-03
3.127575389895397278e-03
2.941206828956050099e-03
3.043052039628501085e-03
3.088180801211415187e-03
2.943441497159828696e-03
2.907440454657966942e-03
3.015526444078671549e-03
3.090239041756923273e-03
2.844867635526434485e-03
3.038390189585600878e-03
3.092838637864234620e-03
2.944785309923401723e-03
2.995647180865068301e-03
3.118432115117573001e-03
3.029299423214005995e-03
3.056903257750820824e-03
3.023491739620053249e-03
2.855263928900518382e-03
2.938822456664614766e-03
2.990659309356047402e-03
3.122651552347243623e-03
2.899532142028506815e-03
2.960603835852418115e-03
3.033940590877186316e-03
2.938906134770058205e-03
2.783708113384609616e-03
3.052047568790982202e-03
2.913269996961721526e-03
3.070320436097136781e-03
3.069113559377169200e-03
2.984946117505802438e-03
2.817151538412528480e-03
2.980911129561082500e-03
2.993425819344257884e-03
3.044179074282076305e-03
3.009212092548145187e-03
2.925293252320279938e-03
3.063147663666632072e-03
3.060437879647976474e-03
2.842410540059141580e-03
2.982638621943238793e-03
3.031333649537892860e-03
2.858670575236462851e-03
2.895162527396141685e-03
2.834508078017446142e-03
2.976502956664447974e-03
2.880677407162505858e-03
2.985489384749206478e-03
2.932152657737325044e-03
2.931157271107044139e-03
3.164222491292629797e-03
3.062548887774422125e-03
3.071105199132115066e-03
3.114303742681430367e-03
2.894636916131258005e-03
3.112664925090021309e-03
3.004934111755959859e-03
2.915672244782359975e-03
2.897890425450149691e-03
3.157638199942344737e-03
3.088039542876181830e-03
2.986830284336414437e-03
3.154026463693239933e-03
3.172780450613237307e-03
2.924199720349074383e-03
3.129898695761938830e-03
2.782603949361477699e-03
3.013354227412505700e-03
3.042512708607398707e-03
2.927115394634984078e-03
2.978650144465081178e-03
3.052222764873745772e-03
2.952097879536876805e-03
2.910412502089300933e-03
2.837943670272084253e-03
2.837364113603049048e-03
3.024398505233334093e-03
2.994934717819264843e-03
3.018319517896028790e-03
2.964467044517899927e-03
3.058258355580170239e-03
2.898905458318827566e-03
2.885400724088108253e-03
2.952013815790603332e-03
3.002661629418707043e-03
2.881162105005935416e-03
2.882313760059054385e-03
3.179074553941737147e-03
2.937380533412570476e-03
3.058869292181469642e-03
3.028541895371419847e-03
3.017659490597034144e-03
2.893304723451632122e-03
2.928038080580511442e-03
3.140232234895754503e-03
3.029466963537782304e-03
2.871283424878935935e-03
2.866333934722502079e-03
2.899328225032647526e-03
2.984981268490176538e-03
3.093931090325885511e-03
2.887835024720602356e-03
2.913714545775378858e-03
3.041757765717589129e-03
2.927845127568541768e-03
3.138738118889971510e-03
2.727824050474130305e-03
3.137109058736481729e-03
2.947316236862295141e-03
2.958920355700812421e-03
2.980435880908023638e-03
2.979340382483993289e-03
2.872356483147158086e-03
3.005925804595586340e-03
3.014446467623540203e-03
3.139317623744654426e-03
3.006515825678269648e-03
3.096263802844475069e-03
2.820321912955748959e-03
3.130052038182407244e-03
3.183732960758484370e-03
3.160370147217165561e-03
2.952502234675540363e-03
3.035884088340900979e-03
2.945729678819160400e-03
3.153976966038753941e-03
2.909695426675482609e-03
3.134806050830531588e-03
2.958783942196998792e-03
2.891651967872496849e-03
2.998095602364442280e-03
2.956603472455212028e-03
2.870611291360685921e-03
3.084804199044260259e-03
3.084498126877676522e-03
3.032490662382040375e-03
2.977972204813439383e-03
3.096145979085286170e-03
3.049289861049572520e-03
3.037765412398067081e-03
3.092357612865455439e-03
3.064287707819037497e-03
2.857237236344837249e-03
2.857801179795187510e-03
2.937030222348983172e-03
2.873277542130086518e-03
3.001765278114482387e-03
2.960603437903836475e-03
2.820238088182273201e-03
2.973512325419702240e-03
3.045678174430776694e-03
2.847657142525545585e-03
2.915151013460673922e-03
2.953536320731515660e-03
2.852471735179401818e-03
3.039159784506990231e-03
3.005109711375025024e-03
3.018651890804956509e-03
3.244965257783129307e-03
2.923474481004351491e-03
2.909627001344987623e-03
2.971616500409271586e-03
2.774371107118020485e-03
2.943706029893245792e-03
2.974762184453568457e-03
3.036654913083419380e-03
2.929433001021403398e-03
3.020684086585326625e-03
3.201071644874144747e-03
2.946693093743898723e-03
3.066999435864243943e-03
3.110913090885783581e-03
3.066950189099791960e-03
3.032937696266530848e-03
2.982080335079454001e-03
2.878099538009581179e-03
3.075762112115470667e-03
3.105208748899370829e-03
2.837315350616585220e-03
2.968986493950308888e-03
2.868594261940064175e-03
2.882223320904863176e-03
2.861931850413118247e-03
2.864812334295844046e-03
3.056146758996879272e-03
3.062687277377123575e-03
2.826061271596125302e-03
2.781748224655610641e-03
2.828124769673699777e-03
2.837140804969788457e-03
3.080559780647382749e-03
3.042138742920151833e-03
2.935278326418762612e-03
3.069182689284070086e-03
2.853871348781503257e-03
2.881628361037339141e-03
2.899375178541661966e-03
2.877160483108542454e-03
3.054459433544513911e-03
2.819038218732567921e-03
2.938597785374510909e-03
2.844020122853991358e-03
3.056003042742508596e-03
2.880528887604950732e-03
3.138668459858731229e-03
2.918918681354488835e-03
2.816625460753297613e-03
2.850927967464305345e-03
2.836222977589887301e-03
2.885501249580070537e-03
3.047851826473569128e-03
2.903666842569496871e-03
2.933933460589915714e-03
2.946769428035069752e-03
2.908996613654539574e-03
2.880466422718521574e-03
2.825338062675686410e-03
2.943748889861473941e-03
3.027038697221943499e-03
3.043936126241528206e-03
3.017228424265811990e-03
2.999183672680022679e-03
3.094229492863298774e-03
3.103897584064672921e-03
2.876734437852189116e-03
2.903859149433598696e-03
3.129853888361700757e-03
3.026927276784434351e-03
3.139899763832611993e-03
2.865778430731220905e-03
2.960612141854341694e-03
3.114944177981288261e-03
3.039806298395631486e-03
3.057302913158554871e-03
3.238475279691150656e-03
3.000365743906894481e-03
2.805979306244871588e-03
3.119578581120243960e-03
3.097809661687585345e-03
2.990438849157989794e-03
3.088089834167674630e-03
2.850538266160446664e-03
2.885403596897569058e-03
2.971608978245061060e-03
3.048888270086594614e-03
2.691635478386387309e-03
3.066759069778790883e-03
2.814352511703435266e-03
2.996592255386028476e-03
2.862646361107253415e-03
2.874021944466588312e-03
3.048357218684452294e-03
2.862730868651222962e-03
2.880057557712298322e-03
2.840410885868378463e-03
3.055998347626661272e-03
2.966665175181359276e-03
2.858505235432269934e-03
2.907000741931045542e-03
2.981085931607669985e-03
2.897743543155501412e-03
2.797591760659402967e-03
3.015296170862218680e-03
3.039662545207072030e-03
2.967312349228186895e-03
2.964737577547860072e-03
2.968313139781476526e-03
2.775256968058483452e-03
2.803165688289440023e-03
2.831630737203750213e-03
2.714559763414339192e-03
2.735192996631827852e-03
2.857500631767460192e-03
2.997278755471598395e-03
3.132088818969158001e-03
2.833241573180517604e-03
3.007480503791866606e-03
3.037551329527899205e-03
2.921633967042165832e-03
3.080138966129137255e-03
3.044906318022883203e-03
2.918491361401131298e-03
2.851095285623530574e-03
2.986392866716853275e-03
2.887659897554399179e-03
3.196194770714291290e-03
2.949601033985035752e-03
2.894388342105738612e-03
2.949486092569611126e-03
2.908668637334169919e-03
2.993844893196312331e-03
2.773760083363801220e-03
3.061301471261023040e-03
3.010385226914982434e-03
3.058653297535135138e-03
3.148906959164099635e-03
2.990951567952568595e-03
2.882329041747381908e-03
3.074693416753956302e-03
3.085045771091918416e-03
3.289400720661447668e-03
2.898228947650873660e-03
2.838658860948430149e-03
2.914994787845512098e-03
2.716014909617519863e-03
2.974494286397097714e-03
2.871240868921692141e-03
2.840844460251859115e-03
2.939878835668614538e-03
2.935967593828546496e-03
2.943365066651590367e-03
2.798094851443346919e-03
2.943659765884504634e-03
2.957029539970579875e-03
2.893923729782684872e-03
2.975588573939169559e-03
3.087783115457143172e-03
2.787059715067672326e-03
3.108009010061341202e-03
2.951231713497350518e-03
3.078092596711727493e-03
2.934098685575655275e-03
2.768359426733835085e-03
2.938197698769532285e-03
2.903976923861685457e-03
3.004251732431359369e-03
3.018585542113172773e-03
2.964638586931051412e-03
3.009285396964054941e-03
2.825179599101195448e-03
3.076516262209811649e-03
3.147926230816780295e-03
2.948317508104146643e-03
2.846076073625862686e-03
2.999544421923504203e-03
2.835279230026971006e-03
2.970474721426923700e-03
2.840967268039931628e-03
2.992561434281747635e-03
2.726057020759787165e-03
2.906133482918725388e-03
2.972069352733015465e-03
2.781640305771554064e-03
3.102059274190048597e-03
2.805207794555731639e-03
3.011363711202688729e-03
3.135168460476605006e-03
3.257432079987177681e-03
2.964278024617213094e-03
2.984847438923418118e-03
2.771432347750150179e-03
2.916513750849995378e-03
3.074419206900394930e-03
2.954437290989619849e-03
2.861381851729672982e-03
2.979327878136337013e-03
3.005286353893191469e-03
2.968988778997212752e-03
2.855302485244088501e-03
2.797994202245625457e-03
3.007436080171851413e-03
2.919634899171063072e-03
2.985018526421760222e-03
2.862442394533671990e-03
3.041531276051089201e-03
3.108654938546535386e-03
3.072103630065619543e-03
2.940766613350769519e-03
2.902109597194358140e-03
3.055159514451772848e-03
2.898953819808441738e-03
2.957278816978157251e-03
2.912156214107937489e-03
3.156276847176719795e-03
3.101856244563381323e-03
2.798117986252702041e-03
3.017382771029332705e-03
2.990874197639909783e-03
2.938395660434168187e-03
3.019512328672922449e-03
3.033463097280717034e-03
2.919473123975163589e-03
2.924295413494572716e-03
3.029713243782034340e-03
3.063235709410096728e-03
2.944141206305558520e-03
3.017704299206717521e-03
2.948227821286236380e-03
2.898967648051928216e-03
3.217814429771565388e-03
3.020126852948189222e-03
3.135426798530528778e-03
3.225882542740886750e-03
2.788526025203501551e-03
2.861578571220468100e-03
2.835732393805475305e-03
2.976071852230648303e-03
2.962852500163005390e-03
2.817824637400687809e-03
2.955145706135441086e-03
2.853504557701290727e-03
2.984088982628122725e-03
2.833261529229713985e-03
2.983929561230439908e-03
2.775647355570166636e-03
3.048319389748024941e-03
2.820086012061151417e-03
2.975305670597245405e-03
2.958671372648398641e-03
3.019091298977252032e-03
2.870132422376033953e-03
2.946705314724958752e-03
2.897958270429710700e-03
2.928003746680418219e-03
3.036017961834092203e-03
3.000259596259885128e-03
3.100004562485555917e-03
2.937706883240123398e-03
2.725122276519746298e-03
3.020910293469487775e-03
2.936447471535150351e-03
2.892319078728644230e-03
2.929349409476210246e-03
2.898832697486884713e-03
2.984132803336453366e-03
2.903897566212771883e-03
2.833159475596140620e-03
2.864348039474219534e-03
2.958874692962145357e-03
2.990918594887883707e-03
2.857595387282444062e-03
2.913374886320369787e-03
2.999432725516187719e-03
3.059293444647855249e-03
2.837487927470778645e-03
2.981223055692919319e-03
3.002427992988582640e-03
2.997554867406751825e-03
2.963460692769494774e-03
2.974516145885555771e-03
3.132463572365379745e-03
2.894835029928992994e-03
2.939832740492109766e-03
2.820290148808952610e-03
2.989737272320583308e-03
2.917219154082382245e-03
2.963922318324810432e-03
2.966814482405514750e-03
3.077619234697483858e-03
2.847051027686881616e-03
3.027820549771228619e-03
3.033663547815421309e-03
3.032749686545335721e-03
2.944616057118114652e-03
2.950836426868287763e-03
3.121219611871548383e-03
2.887520488551307673e-03
3.140509893809693455e-03
2.961422676045118337e-03
3.064703017892248665e-03
3.113453875266979955e-03
2.707602088294993204e-03
3.003576888515124745e-03
3.009914434575512981e-03
2.784878538101804614e-03
2.863257147965815510e-03
2.838957633365997262e-03
2.884118312600113948e-03
2.921963276123691697e-03
3.054938987711235381e-03
2.813090105962851202e-03
2.981763377544309739e-03
3.185867395589676247e-03
2.937448455754340573e-03
2.875354869272920243e-03
2.862341171374742973e-03
2.958952205208956535e-03
3.081261748698676476e-03
2.977497333266946548e-03
3.070675306856686035e-03
2.936870544037555736e-03
2.951991705127050662e-03
2.888770035197944525e-03
2.863638570150514422e-03
2.892448119618117649e-03
2.753944309152462668e-03
2.915478810519841774e-03
2.912688422607411821e-03
2.851723753611045548e-03
3.002575184448337195e-03
2.890053914570283721e-03
3.026001224357726792e-03
2.932239862951141213e-03
2.858088595414936921e-03
2.967758809370227117e-03
2.754132870274981267e-03
2.861218129541784859e-03
2.909320039865614677e-03
2.906555761247374935e-03
3.066825922476562605e-03
2.996408220315038666e-03
2.899948302210058042e-03
2.939521960407726064e-03
3.180614478702582792e-03
2.791902026688690940e-03
2.838043914786152807e-03
2.994802498871988825e-03
2.990223775459509726e-03
2.969585010015729411e-03
2.780080546949961328e-03
2.858895758910448993e-03
3.176839755191963963e-03
2.857627215247330113e-03
2.851366477149126343e-03
2.931159640451778004e-03
2.974252039650487900e-03
3.069707963349455407e-03
3.013616183773327930e-03
2.776545278585382248e-03
2.888294202926257413e-03
2.878127210662368048e-03
2.972528522098045675e-03
2.961175939125674714e-03
2.922536734233919641e-03
3.055400652826216912e-03
3.077566382960426720e-03
3.068898213057568141e-03
3.132644618783899087e-03
3.061832732784218296e-03
3.072928334817157017e-03
2.806906292771062673e-03
3.025824409000887720e-03
2.681684602734976663e-03
3.061883151804080643e-03
2.796283414232570656e-03
2.753442150080711356e-03
3.037400847775322162e-03
2.808981835091090788e-03
3.002058081956065355e-03
2.845958631989833724e-03
2.926347141661191174e-03
3.140356812412374316e-03
3.040668691794900722e-03
3.139406769910871569e-03
2.927438155701142172e-03
3.045977676302640252e-03
2.867702519733744942e-03
2.917235065557733948e-03
2.885428090827234400e-03
2.797352471528965524e-03
2.869724970089663259e-03
2.978571556032547866e-03
3.015444656191944902e-03
2.918720393449660954e-03
3.002412984137440687e-03
2.808857978157416717e-03
2.960624049103340559e-03
2.842502441057330204e-03
3.002232189113824504e-03
3.050922633495085565e-03
2.896429182397565645e-03
2.867009826710443382e-03
2.960162589565620839e-03
2.837592207032293545e-03
2.912561796641427014e-03
3.045189366261810606e-03
2.874139568436531733e-03
2.886990876820854941e-03
2.824106488857963063e-03
2.836109089421357324e-03
2.881730424207004908e-03
2.923018110601358251e-03
2.950650000539337212e-03
2.918501743514337766e-03
2.866057924846392591e-03
2.972736275439214100e-03
3.001503971616549353e-03
2.908214752811814300e-03
2.895642716915344285e-03
2.800744754975728178e-03
2.854558951461695551e-03
3.191959906927017282e-03
2.952605591412325002e-03
2.986430841658832894e-03
3.003873890553376055e-03
3.242235919633063707e-03
2.866149038645329685e-03
3.015400118279680866e-03
2.988347933234494595e-03
2.945040806659315630e-03
2.998447479130670907e-03
2.871358218985685558e-03
2.978672381936703535e-03
2.826417351300162476e-03
3.178936093136424182e-03
3.029064804365147121e-03
3.066308478907705387e-03
2.925250348585270790e-03
2.895791927911858452e-03
2.838291504592978676e-03
2.829574177041599328e-03
2.947931902386462417e-03
2.762093461599757303e-03
2.873329457803196815e-03
2.953621419458943298e-03
2.934248169493713313e-03
2.686040258153583361e-03
2.965793969991916204e-03
2.886118844565355168e-03
3.057259810989954116e-03
3.015349432966448785e-03
2.999374143031387913e-03
3.112718883367315056e-03
3.012616665849515794e-03
2.728117718075175231e-03
2.949127476857554483e-03
2.951888995500613101e-03
2.944560388536512571e-03
2.834488169892506338e-03
2.754039099438429505e-03
3.184577964704642626e-03
2.986946751730019251e-03
2.855478043900165890e-03
2.812599502435991078e-03
2.872439771246295195e-03
2.791648847926649774e-03
3.103711820894654652e-03
3.020570653865071661e-03
2.844417194150375590e-03
2.830081977100634694e-03
2.959510994380727764e-03
2.697128251842374671e-03
2.825423602602853117e-03
2.829351405615960005e-03
2.802131133283593169e-03
3.086817917233802312e-03
2.841709985156198361e-03
3.039047757968081544e-03
2.868378810895513484e-03
2.787852954293973656e-03
2.825771940790205213e-03
3.181630355177024472e-03
2.752095952610043774e-03
2.827509785901981265e-03
2.869940958448967839e-03
2.776020768351533143e-03
2.778080417566760295e-03
2.664378551328317867e-03
3.082977583805334570e-03
2.964208170137708036e-03
2.760590807095880412e-03
2.978501050784111877e-03
2.838579968559609614e-03
2.991974054688260106e-03
2.924424240376390788e-03
2.979835741600899302e-03
3.021771494207781388e-03
2.726280119672797909e-03
3.046169294420351861e-03
2.676806163622225468e-03
3.039130928758751026e-03
2.761253288161585710e-03
2.818238820270171485e-03
2.930428576382688218e-03
2.902330865578915241e-03
2.905347417772091191e-03
2.937697352437645439e-03
2.946836903209392681e-03
2.992078466834118249e-03
2.977687299339481283e-03
2.897003615329376419e-03
2.927035988726931631e-03
2.763919133864027166e-03
2.886999366242827200e-03
3.008386888641859363e-03
3.029624551758150312e-03
2.866504300480678287e-03
3.040438848336463485e-03
2.953546426824277780e-03
2.902912155231776332e-03
2.790468652438200629e-03
2.788645180604748790e-03
2.850666981211316588e-03
3.164861029225775162e-03
2.884540632483968085e-03
3.049245145394775119e-03
3.004701684063419437e-03
3.088184843209479998e-03
2.908992398037024349e-03
2.951656607915117535e-03
2.895874171359594587e-03
3.033004223607447397e-03
2.772302988237578501e-03
2.941532218942412118e-03
2.896606506472908672e-03
3.034998755778622968e-03
2.847204564685943719e-03
2.924429327773902729e-03
2.804564069084437231e-03
2.771601975770796034e-03
2.698066462301650353e-03
2.985424156729956247e-03
3.033908209099902414e-03
2.900005206380752102e-03
2.842132693485139357e-03
3.116026811759398888e-03
3.073976204304659093e-03
2.809540142499547880e-03
3.007610650510156563e-03
2.784672390800603439e-03
2.778285171850991032e-03
2.827511746072851502e-03
2.943601697120255736e-03
2.815645991106867450e-03
2.900029912931267623e-03
2.911569410077015450e-03
2.825793647164408055e-03
2.923736522845736888e-03
3.052410271364701302e-03
3.036092764809164568e-03
2.895545535411395578e-03
2.852795708873768696e-03
2.833971708968617553e-03
2.843087558541894377e-03
3.059447916007187063e-03
2.831250959445865203e-03
3.009499067277435040e-03
2.937206062225224470e-03
2.970864327161884099e-03
2.952866290986319413e-03
2.905408398522018720e-03
2.862453249165483431e-03
3.044200468271603295e-03
2.922104605861635621e-03
2.883186795666598402e-03
3.113115267571635921e-03
3.232496417401157108e-03
2.620194381579551111e-03
2.941038830681302375e-03
3.108335510875120250e-03
2.777880667430625023e-03
2.830062893865271240e-03
2.797979752676837441e-03
2.782518489074548105e-03
2.925124135651329879e-03
2.990968383351675156e-03
3.011539617115133877e-03
2.920624411024401283e-03
2.934574906576227840e-03
2.844076566559404495e-03
2.865700072623481118e-03
2.784017872257972190e-03
2.900151224719327032e-03
2.959773367896574928e-03
2.819842146422641294e-03
2.870512723429336811e-03
2.982047888597590731e-03
2.952354366773723721e-03
3.147469750986818700e-03
2.851071488844813314e-03
3.014453870905602247e-03
2.761402752172531332e-03
2.856192424693934986e-03
2.940803133014366529e-03
2.873430297432254775e-03
3.149344926356280848e-03
3.004874498615977326e-03
2.757806372811134193e-03
2.925741757653370096e-03
3.071266277802784262e-03
2.880102096239169681e-03
2.874069618478360035e-03
3.008468777468201183e-03
2.781622598639591545e-03
2.921043971893885153e-03
2.662533470446802088e-03
2.751316431419967203e-03
2.805743654544183042e-03
2.870778916052690779e-03
2.743404110047758734e-03
2.942831027086824456e-03
2.830375389712038673e-03
2.724775595797572763e-03
2.779684931493915569e-03
2.973213222472753485e-03
2.717882349787691457e-03
3.015668293869964815e-03
2.937797599005686870e-03
2.965745255110536528e-03
2.943587132249868288e-03
2.873645868635380397e-03
2.838860585854529727e-03
2.833119325794079477e-03
2.866393901221364528e-03
2.871414686310285163e-03
3.135764042879440969e-03
2.718647655769162747e-03
2.795553728880567981e-03
2.871898393915971789e-03
2.735202092999766254e-03
3.052344029165847059e-03
2.909471901731189129e-03
2.990317467865022481e-03
2.888642193206560852e-03
2.960529567762071670e-03
3.090064424316772262e-03
2.911159476378374217e-03
2.907339947826088553e-03
2.984899973821388171e-03
2.846641356606401975e-03
2.864232636718954447e-03
2.842161615071690794e-03
3.073373247912591401e-03
2.971922327135760426e-03
3.260949712517577891e-03
2.800498526575699067e-03
2.857153537117075072e-03
2.867920201911365596e-03
2.724137177782821190e-03
2.846718335178520173e-03
3.144894764461644669e-03
2.964951971928210181e-03
2.956105382387117734e-03
2.769519442315500866e-03
2.801502407059157634e-03
2.906918606451436467e-03
2.870449207019110799e-03
2.936611123600772841e-03
3.018057731458855496e-03
2.981736257905792230e-03
2.984079254836267698e-03
2.898569091037412129e-03
2.949312495836596982e-03
2.835237613093521264e-03
3.059022042168437795e-03
3.002700312230764754e-03
2.921414672100244164e-03
2.885718362282850211e-03
2.894394907687557715e-03
2.914297704500459427e-03
2.905801692384780109e-03
2.794666659252501885e-03
2.813398858171177724e-03
2.750675021122704015e-03
3.120345797064445759e-03
3.092044057383744413e-03
2.964341639800171287e-03
2.737139756489237550e-03
2.793899143221940246e-03
2.955844524805038842e-03
2.916090580726515141e-03
2.905413877782124250e-03
2.826387909479552516e-03
2.856285516964956160e-03
3.056518482958515883e-03
2.944383092273737765e-03
2.836300697773393685e-03
2.991653791162803173e-03
2.798130890783569105e-03
2.988472502453954141e-03
2.903961396271952360e-03
2.940574000938122462e-03
3.142478479981348702e-03
2.992999316767776599e-03
2.911910298765813063e-03
2.899178418850188992e-03
2.909760287674215996e-03
3.059789186119950006e-03
2.976759374577095298e-03
3.020311413735356654e-03
3.023089014014115027e-03
2.986505653951858786e-03
2.929318466808660502e-03
2.920705785873597971e-03
2.889647751685582664e-03
2.887762323700198037e-03
2.966333713982383016e-03
2.877437718300667260e-03
2.920567300793726947e-03
2.865239146730275393e-03
2.923221711621822386e-03
2.774067225258957606e-03
2.815560331893338271e-03
2.828477148867807652e-03
3.102809160066549200e-03
2.962202954937152508e-03
2.992329259720287547e-03
2.761790210094601950e-03
2.894113465877389425e-03
2.753202378503424950e-03
2.984711236468885406e-03
2.863534140546759171e-03
2.882378749804541916e-03
2.912849859727358222e-03
2.902593659477922111e-03
2.739203084020049982e-03
3.060079850155205620e-03
2.841399572347980303e-03
2.758579232383592990e-03
2.869311921357272418e-03
2.788238637414660725e-03
2.831406747975238891e-03
2.849471937216890155e-03
2.840901311347695298e-03
3.059569597188927913e-03
2.811930203803574956e-03
2.877786502814061887e-03
2.956450859579837220e-03
2.971091635264747847e-03
2.980737600144591805e-03
2.936725334455348238e-03
2.887362769368795323e-03
2.907078622283849455e-03
2.789725305267503393e-03
2.906079199744351482e-03
3.016580783962465300e-03
2.900814657933832239e-03
2.925666381995704977e-03
2.956495974438360687e-03
2.920259415774522586e-03
3.040497718296285377e-03
2.939909751864372076e-03
3.020903129481591377e-03
2.853400474460109949e-03
2.909119803888323471e-03
2.889072115308904259e-03
3.154457207730558283e-03
2.990823354825349750e-03
2.921583218128632944e-03
2.892871301788450551e-03
2.931638289141289336e-03
2.902419205735405541e-03
3.130770170272672865e-03
2.971299180887317006e-03
2.815972279165348310e-03
2.814643553744928736e-03
2.702596604251460751e-03
2.589021333774693592e-03
2.851318194761150605e-03
2.857599161780014028e-03
2.858621456202184961e-03
3.008256375301885006e-03
2.844333785714304053e-03
2.923672453625425407e-03
2.868592117188002028e-03
2.825548208725135041e-03
3.033389240212094190e-03
2.895715704410046880e-03
3.101978122491831809e-03
2.904739237400769981e-03
2.926567620672123650e-03
2.971426974669407351e-03
2.848551286794263199e-03
2.779016997333140591e-03
2.931770396230131380e-03
2.902523561072031019e-03
2.917833289324842181e-03
2.971757137188149947e-03
2.822971081531596652e-03
2.793897184938021108e-03
2.912506579183109061e-03
2.907239663888914159e-03
2.937775929508360580e-03
2.842535774402459459e-03
2.973007906197905510e-03
3.009531331715225352e-03
2.773114979767293906e-03
2.988180859434127600e-03
2.869608157371908962e-03
2.871854756077981113e-03
2.867654999808510151e-03
2.932080664094002549e-03
3.011263092954179210e-03
2.939379993538845156e-03
2.805960659087944082e-03
2.924692034476130287e-03
3.098659975428973406e-03
2.958442848114025553e-03
3.075619282378432625e-03
2.938372591527666985e-03
2.889424381961673040e-03
2.864818807931753496e-03
2.836456287590714918e-03
2.990066642787116494e-03
2.897767479289384968e-03
2.982510799298368660e-03
2.855222466488466920e-03
3.004671785113731397e-03
2.877089539243979539e-03
2.778477334994246435e-03
2.815053980692913248e-03
2.754529475690094438e-03
2.929250701183081645e-03
2.786698608419283917e-03
3.050022037332969938e-03
3.004963757993216623e-03
2.799027363440018904e-03
2.698403159151728514e-03
2.891502848294811787e-03
3.031952058125621154e-03
2.777857493067647805e-03
2.756923874764100231e-03
2.863151979927591306e-03
2.859841605595496179e-03
2.905785093464432079e-03
2.852980473045553869e-03
2.935933633673009410e-03
2.964274969953237769e-03
2.959958978053577310e-03
2.742093050945571247e-03
2.910405155892390600e-03
2.928318342192723876e-03
2.850245074434429923e-03
2.652001986870567221e-03
2.801618867700310985e-03
2.888424426939472604e-03
2.806696435075030274e-03
3.032324293226492003e-03
2.971959067800214373e-03
2.793454456189208707e-03
2.822629828159119083e-03
2.943060888785840878e-03
2.850641869992567683e-03
2.774847831611344882e-03
2.766358827170721253e-03
2.863396884175120095e-03
3.119361291031704560e-03
2.978967104199477505e-03
2.978481375339351016e-03
3.098814131994817502e-03
2.856058775155564163e-03
2.884952478597823788e-03
2.796784761229637126e-03
2.789089848799890855e-03
3.036104048747497331e-03
2.868732210320199764e-03
2.800153874137891949e-03
2.954460151392761507e-03
2.901176922479288371e-03
3.011911482358774813e-03
3.050002264295437106e-03
2.778549563946628928e-03
2.898089709651384491e-03
2.968570048637085915e-03
2.950819565663708940e-03
2.780579284967659749e-03
2.803597827746241028e-03
2.838260260809721044e-03
2.858643823112115914e-03
2.803385907194981281e-03
3.037342571232632543e-03
2.760203676029936160e-03
2.737821978970077837e-03
2.802498828523646880e-03
2.823653332012332744e-03
2.866995917580482736e-03
2.638550856591440931e-03
2.874181948720074247e-03
2.923378428237508302e-03
2.907141697584811769e-03
2.838190359318659445e-03
2.829352444451665397e-03
2.751855743779004198e-03
2.843158109183705189e-03
2.815341508383005682e-03
2.810916272135213344e-03
2.810112168079349944e-03
2.885975417237186466e-03
2.982044203047588393e-03
2.814792761887796330e-03
2.939800156742172418e-03
2.995439304761864097e-03
2.718703068694398525e-03
2.911698753788396609e-03
2.930494624614107899e-03
2.782310391897569162e-03
2.821984071925919685e-03
3.023434274059948971e-03
2.965614838832213423e-03
2.933663213800976038e-03
2.727990638769070206e-03
2.922246212408044583e-03
2.879008154695402930e-03
2.737767494016243603e-03
2.893826413378727466e-03
2.831314022055331659e-03
2.997320946792256940e-03
2.835752051986744314e-03
2.754942111908569458e-03
2.846826786377545764e-03
2.904043026144358629e-03
2.869755058193476389e-03
2.856074308835130759e-03
2.936303987410464941e-03
2.893380551878307460e-03
2.935622236434098573e-03
3.021579700756843109e-03
2.853561953503298571e-03
2.876281648092346346e-03
2.708082919974652558e-03
2.848064938224384012e-03
3.126243998915970244e-03
3.006060441061841632e-03
2.777286662904195416e-03
2.694663419265638619e-03
2.935252737494910367e-03
2.919455004044033825e-03
2.914171238453810205e-03
3.085110582291365148e-03
2.843353119100004885e-03
2.915307348174652965e-03
2.884064532333004485e-03
2.939344624904536955e-03
3.020291061441282652e-03
2.880561935839018057e-03
3.016449978197074163e-03
3.023742207955780470e-03
3.063622426174049396e-03
2.862234492051061313e-03
2.849141516646417401e-03
2.731886866173415321e-03
3.044788253941318155e-03
2.834925831212897415e-03
2.812065229754322215e-03
2.917986242544736916e-03
2.816092747583480872e-03
2.773119563286043348e-03
3.087550958778760048e-03
2.775872198342748884e-03
2.728841431235063363e-03
3.136196660703202167e-03
2.752010347691865363e-03
2.841195428500321082e-03
3.007630262607193655e-03
2.826081723667731894e-03
2.846959691107479005e-03
2.901952062739528593e-03
2.909662502277177241e-03
2.864434465514284576e-03
3.083869761573932323e-03
2.888157353345039129e-03
2.772103828123838754e-03
2.833698795268507677e-03
2.798352724639012468e-03
2.787081124172421324e-03
2.884885714197394594e-03
2.787251649454359787e-03
3.077825342978466987e-03
2.796583064051034063e-03
2.714796338335258904e-03
2.777573385972547087e-03
2.891958392934027792e-03
2.900652836035300976e-03
2.905005809844907715e-03
2.768601623560137861e-03
2.782933629683301182e-03
3.104731466854706700e-03
2.766340119485967506e-03
2.764992358584718746e-03
2.937792188581851791e-03
2.922949665284758046e-03
2.792946195396568427e-03
2.798945685947211524e-03
2.818572223882531095e-03
2.871261273260573409e-03
2.853473452976011335e-03
2.842379229355611672e-03
2.846786868182394053e-03
2.930831229611248912e-03
2.860723533529898992e-03
2.880073958918572940e-03
2.951466324034210734e-03
2.926754429682626012e-03
2.809638139384333221e-03
2.745619622975072061e-03
2.820895472741676881e-03
2.752481581728255609e-03
2.824413893703043004e-03
2.743369548666873495e-03
2.805086426113799665e-03
2.950252002359683191e-03
2.844964168267453963e-03
2.795750124751099699e-03
2.859253020990670541e-03
2.778073688917075991e-03
2.640542933858321031e-03
2.875994060940584383e-03
2.843921117686318712e-03
2.797321950659068576e-03
2.966887372090883362e-03
2.955894700502894115e-03
2.873956016733129198e-03
2.923803514997555877e-03
2.854397881038149825e-03
2.633736298541784846e-03
2.738502463983649975e-03
2.818067252989753333e-03
2.715067681523764334e-03
2.898210461556528263e-03
2.688219623471443248e-03
3.121348733287454113e-03
2.816348857720693717e-03
2.963907729287038745e-03
2.743427790320543923e-03
2.957909568877232533e-03
3.001647939061817105e-03
2.812123029131937887e-03
2.946843639280462106e-03
2.811142904206357339e-03
2.892074505975320790e-03
2.807685657926553818e-03
2.882589268945533884e-03
2.768952487990614369e-03
2.845358064432150676e-03
2.977068941212654505e-03
2.790125542302821643e-03
2.901860638831737105e-03
2.927365558643583998e-03
2.868728406830145603e-03
2.925519862101823212e-03
2.964523623883066894e-03
2.764557060109884903e-03
2.981983132442103408e-03
2.810215433266509497e-03
2.827829534635905012e-03
2.891390085925952310e-03
2.959337693536138927e-03
2.973055688956236300e-03
2.815728688939330478e-03
2.915124206711603404e-03
2.871448924122719723e-03
2.944544803642583364e-03
2.972565756991899216e-03
2.711154086384427730e-03
2.827460242110931520e-03
2.862859744040837772e-03
2.844485463962041858e-03
2.890121364805142961e-03
2.804174030127142524e-03
2.746738776761925918e-03
2.931474599251041469e-03
2.924972963494182517e-03
2.807944946327395937e-03
3.032807062090101067e-03
2.719055767199189764e-03
3.037087503390725318e-03
2.772844374708459143e-03
2.930286635802125620e-03
2.865573745346443584e-03
2.921470229083102110e-03
2.951118925871742960e-03
2.794146574498447468e-03
2.888136005639678743e-03
2.749597859754874824e-03
2.746959998096280744e-03
2.845723223173390014e-03
2.801465218970315783e-03
2.788962035497566123e-03
2.818671155786848289e-03
2.890069719346608640e-03
2.938789911196593684e-03
2.833685244438769422e-03
2.881587078947327098e-03
2.976760041105472061e-03
2.879596856913613744e-03
2.756999297971188517e-03
3.033744336115810642e-03
2.685322714125271040e-03
2.838141122971273543e-03
2.766387352108743997e-03
2.861981343193946772e-03
2.760822158105860451e-03
2.832607174649854048e-03
2.496519581922929977e-03
2.928383582933154552e-03
2.798243950947949029e-03
2.767462771414415032e-03
2.745069089022631002e-03
2.892249943411314729e-03
2.999527559134862204e-03
2.940931698770026578e-03
2.941567715970644717e-03
2.832811096549566702e-03
2.731448112000306634e-03
2.643796360712809788e-03
2.816073590257110217e-03
2.804115986509706643e-03
2.774512707557965155e-03
2.720928773627792098e-03
2.859434112400938924e-03
2.892224063139753071e-03
2.915699976727208122e-03
2.727370337522097739e-03
2.709695614239667621e-03
2.845676853441021521e-03
2.786475382258571647e-03
2.838335287139933348e-03
2.779924172157861775e-03
2.871332158879298484e-03
2.993072153188869843e-03
2.833357253336367832e-03
2.865823387339309913e-03
2.807131619975325020e-03
2.942118877482680778e-03
2.815762617104931257e-03
2.882839569988907957e-03
2.711041441694024209e-03
2.728002286281025566e-03
2.709034915986482332e-03
2.910396469721606219e-03
2.927246357647020607e-03
2.787944229753529235e-03
2.867790397655509485e-03
2.877901329036894069e-03
2.766940353399250686e-03
3.117756626816685101e-03
2.741825660449905954e-03
2.982627220870852271e-03
2.771057393384694992e-03
2.940785745603410623e-03
2.675556958136489361e-03
2.841437479305192800e-03
2.959533532976143990e-03
2.780640872735132014e-03
2.845087867913894016e-03
2.858984540157631909e-03
2.977124615170386682e-03
2.767520076867853104e-03
2.965971856587297159e-03
2.859245176064118855e-03
2.767849165515459588e-03
2.846157153222362950e-03
2.927310724757573642e-03
2.833400769296869071e-03
2.790949112831176294e-03
2.816073710658439748e-03
2.860434936214527584e-03
2.784057116573508597e-03
2.765522994604712684e-03
2.938949277594448458e-03
2.789887852871039426e-03
2.774800728455753193e-03
2.817555290313358655e-03
2.623301643718409931e-03
2.861878272284216866e-03
2.862699800925764745e-03
3.081036565995003140e-03
3.042615274318791890e-03
2.841494629758017400e-03
2.798001601181971873e-03
2.805915183104294285e-03
2.769858298176582859e-03
2.956104534020333359e-03
2.817303786847426793e-03
2.663577619352075140e-03
2.800306977807212171e-03
2.890005112916873512e-03
2.974571073600748832e-03
2.858063526437504363e-03
2.904619306645047673e-03
2.936535415092123968e-03
3.060983136244104733e-03
2.848881383677098495e-03
2.758121303216955981e-03
2.734457189385873337e-03
2.795385529610487467e-03
2.855772651838199214e-03
2.923069929051488013e-03
2.897357020860127138e-03
2.858792419058858118e-03
2.866106392040093306e-03
2.817298529825604594e-03
2.717541799672517841e-03
2.816396202382472850e-03
2.880972029766921440e-03
2.792263114469497372e-03
2.960183546070273980e-03
2.870331622577822466e-03
2.615349099631247148e-03
2.790594447119438670e-03
2.904674690477743442e-03
3.035842109797284080e-03
2.761527462609237107e-03
2.735004609844121897e-03
2.707778734094240351e-03
3.028038931509975315e-03
3.169528121890357198e-03
2.961150547785520136e-03
2.817696156306095847e-03
2.732480593944983712e-03
2.808023221113341381e-03
2.856508848051141254e-03
2.703312946690672718e-03
2.875586227154800466e-03
2.898369349905083672e-03
2.925986021434518001e-03
2.824474790991233879e-03
2.811940520544583752e-03
2.854737950664765211e-03
2.989642743570775519e-03
2.934075586389897107e-03
2.816490707004714374e-03
2.697330791991055590e-03
2.768319969636808334e-03
2.883832399799126766e-03
2.909385013324357252e-03
2.769759071516709331e-03
2.816615578782777525e-03
2.952329406666663516e-03
2.710974072102196285e-03
2.832625409308080124e-03
2.945818481016791290e-03
2.919755434356454023e-03
2.794154051154028578e-03
2.830724944092421168e-03
2.754159500741254398e-03
2.887211114453139011e-03
2.752481852784776587e-03
2.694597348309576024e-03
2.840534947324686605e-03
2.670832949816812595e-03
2.860890637716383654e-03
2.842144532376943318e-03
2.880140764054003009e-03
2.805588288789348256e-03
2.913222383566893992e-03
2.755085690935392666e-03
2.821598945215001136e-03
2.687117830161444079e-03
2.746020478138298977e-03
2.779810987057290250e-03
2.758360945440894475e-03
2.635742089375088873e-03
2.795933947001828530e-03
2.824360666339226569e-03
2.819313145590647551e-03
2.747611875452140966e-03
2.957143116451014814e-03
2.795013037972120511e-03
3.022582539473908474e-03
2.972319799827892028e-03
2.799495412636703821e-03
2.705848686069654493e-03
2.924681288973243060e-03
2.884080331647799304e-03
2.823575809880865106e-03
2.887292065380954193e-03
2.710359558974919595e-03
2.887811480647077805e-03
2.837151428397235216e-03
2.849737373960030667e-03
2.898535952058540338e-03
2.791145524733158051e-03
2.762254281579925620e-03
2.754202630413982601e-03
2.606520265122019148e-03
2.782304065030997281e-03
2.832604109624956099e-03
2.688558131721798146e-03
2.984122526263243563e-03
2.793090163772785506e-03
2.786597748477798436e-03
3.069656481642996353e-03
2.786599630705497658e-03
2.923461332222645256e-03
2.972220071249508273e-03
2.773824165307087284e-03
2.868596757728022854e-03
2.737621496294246129e-03
2.850100765182923910e-03
2.919764775994981854e-03
2.910576075690738621e-03
2.827327490291536242e-03
2.736137279457314091e-03
2.927149386529084765e-03
2.770768660677346441e-03
2.749945694631801898e-03
2.763320177457283342e-03
2.734393992396915406e-03
2.643794543568068686e-03
2.592482148336213658e-03
3.019166768491756119e-03
2.831397873447684226e-03
2.773058039885268819e-03
2.877680155991358367e-03
2.990333358171290770e-03
2.699971549829381472e-03
2.672734724529836261e-03
2.678726264184976610e-03
2.771036483500230029e-03
2.766544025107922373e-03
2.872511818618016157e-03
2.819914255878663931e-03
2.817852887794631243e-03
2.983184790367514761e-03
3.048257716986845292e-03
2.740991377863089690e-03
2.784934083553130321e-03
2.992506622335249986e-03
2.869065489009145313e-03
2.980732728476701097e-03
2.678136438298193544e-03
2.861965505136557317e-03
2.818379030123801220e-03
2.754264206258489646e-03
2.764754899628304053e-03
2.931281009024481240e-03
2.808228036615611004e-03
2.811026095907191366e-03
2.594230426280100081e-03
2.751935901015946807e-03
2.752127895187478444e-03
2.742095556260098696e-03
2.763850969094946205e-03
2.767141454715470877e-03
2.601184307221904909e-03
2.875949214933900145e-03
2.886505751867456029e-03
2.932358320594305370e-03
2.899281501601192954e-03
2.826735418098513201e-03
2.702187083525645159e-03
2.844908429242691897e-03
2.712137576734448274e-03
2.801365290171547485e-03
2.792230049496322551e-03
2.876363450591081644e-03
2.628833188737959414e-03
2.878556337856111574e-03
2.818962064393734212e-03
2.898286680154920584e-03
2.841270793046258344e-03
2.935296044375060916e-03
2.783367751683994262e-03
2.675806946702686921e-03
2.775808893825114018e-03
2.940453939577233281e-03
2.697836353282350753e-03
2.849653192373568199e-03
2.985774611714455198e-03
2.815628484535125705e-03
2.956967613643588216e-03
2.799950276717182423e-03
2.730696378221649217e-03
2.932579059268029115e-03
2.797300032883288066e-03
2.617696107012004812e-03
3.090326417007174028e-03
2.883473506692459370e-03
2.679192037534294628e-03
2.789125898908752926e-03
2.908165194998401423e-03
2.851400627089680558e-03
2.755648797387669647e-03
2.844647307436789629e-03
2.633338665094767713e-03
2.749793473190494109e-03
2.884370064495945293e-03
2.752829263631498616e-03
2.991660951201779821e-03
2.866350927225651008e-03
2.886709127300538490e-03
2.748805933624116817e-03
2.883264987561263634e-03
2.855932393189938336e-03
2.926177036738735176e-03
2.807504313773975715e-03
2.738952208519389482e-03
2.717722964159524895e-03
2.795551546044733587e-03
2.738206344037076145e-03
2.785625558343437797e-03
2.742603060774017904e-03
2.992906840748983058e-03
2.661766551886657339e-03
2.731099602737774475e-03
2.814309529668094622e-03
2.885425973713802352e-03
2.864361906231137171e-03
2.906051752186272676e-03
2.759120197290406990e-03
2.753242098586873403e-03
2.814849484209356115e-03
2.819158566096939284e-03
2.699763729225379723e-03
2.776926950145241005e-03
2.833288812812886654e-03
2.926043770114954146e-03
2.894149613413816210e-03
2.732992915180450146e-03
2.974336230823670674e-03
2.903877354633367831e-03
2.823078899189005071e-03
2.953344910361970378e-03
3.012935632802109763e-03
2.763499629701789400e-03
2.898187013927584765e-03
2.997860585331105828e-03
2.601601218811653085e-03
2.693063283262208275e-03
2.912222659154852129e-03
2.715316430877174822e-03
2.900317657871836780e-03
2.712041138196541988e-03
2.839645043960857974e-03
2.925611092992439106e-03
2.912549253453513339e-03
2.695810021898366240e-03
2.890023615544578661e-03
2.797983577931740205e-03
2.899749791411441232e-03
3.027773219559469660e-03
2.982293512527903808e-03
2.862033820284471362e-03
2.852219965056026867e-03
2.692945302779857584e-03
2.713847041229587587e-03
2.723527021743809770e-03
2.619743625027011382e-03
2.677278136021229386e-03
2.874560058523000210e-03
2.660815541620126755e-03
2.861389895026949029e-03
2.946037036046168962e-03
2.731321668895079612e-03
2.737110627866325401e-03
2.778402949021979186e-03
2.822632979545362190e-03
2.843362075608086518e-03
2.880040371729352105e-03
2.874470930608523898e-03
2.708543211659886121e-03
2.788895151743448538e-03
2.905192713921816647e-03
2.780210365729074602e-03
2.811865433594607031e-03
2.749719215458937445e-03
2.842097926979180941e-03
2.908709806264614742e-03
2.598071734051990173e-03
2.751090000290579065e-03
2.626898800508470615e-03
2.728968123188067838e-03
2.641142906160254440e-03
2.699749826024919457e-03
2.919111294503636163e-03
2.624824905150935968e-03
2.831139459921202996e-03
2.808860876623739573e-03
2.890772389214780417e-03
2.702746983335683074e-03
2.904884717932391426e-03
2.701667843812938404e-03
3.028117495058575172e-03
2.660365094168086995e-03
2.694391675315829706e-03
2.766492028970247378e-03
2.786825159655970888e-03
2.755114021968465155e-03
2.870437460588400741e-03
2.788152235630017572e-03
2.835065234070295159e-03
2.957178366764400511e-03
2.942805928184882847e-03
2.717337901610288823e-03
2.843112244124726146e-03
2.681982755153889796e-03
3.031541115962076757e-03
2.776067837602427639e-03
2.801172777181234076e-03
2.694657133635327672e-03
2.846965269828550908e-03
3.010382045178783706e-03
2.726845596895730636e-03
2.819814457157199597e-03
2.804045123344177555e-03
2.963362272221189801e-03
2.776065324183559641e-03
2.833298216228286731e-03
2.772332351885391667e-03
2.649682817291941581e-03
2.886115279507200666e-03
2.774999730834758378e-03
2.750857616259148961e-03
2.642482603464459644e-03
2.852993621226065663e-03
2.772518045117627807e-03
2.643269930269788893e-03
2.989419917531811483e-03
2.882325918630301853e-03
2.833239099396114586e-03
2.675182504262915619e-03
2.831340093674953977e-03
2.653021242046043563e-03
2.734141229028840426e-03
2.706564638358932833e-03
2.789830055322308454e-03
2.890300407893044588e-03
2.686859886615878146e-03
2.610812350267602798e-03
2.746483865578002587e-03
2.875293544278568949e-03
2.877685480613385947e-03
3.156824392890816150e-03
3.036244586352734171e-03
2.784292743482545771e-03
2.816627213296492814e-03
2.862121680145830304e-03
2.830773141255063605e-03
2.915578730226521011e-03
2.696981607231811913e-03
2.770606686272476023e-03
2.815136703515545933e-03
2.732068245293765157e-03
2.866403066798180709e-03
2.700914242747375158e-03
2.723964605272812499e-03
2.722104464025524966e-03
2.940477488990350750e-03
2.854271332959934602e-03
2.857465401595315601e-03
2.774402446160664868e-03
2.871625387198057083e-03
2.879124928126878136e-03
2.612696304892249324e-03
2.748624583537518946e-03
2.772908501531918569e-03
2.927368288410187296e-03
2.868844846110534669e-03
2.899598275257953776e-03
2.844303413447482262e-03
2.894191214932693122e-03
2.884071659724454523e-03
2.643085724071117179e-03
2.715867063626645900e-03
2.666917694705108529e-03
2.748121032427014703e-03
2.799917716514239725e-03
2.786112955989466285e-03
2.725755254311184369e-03
2.860757001885820289e-03
2.707319713714540724e-03
2.896945933735769856e-03
2.962392280965886297e-03
2.908223906262581183e-03
2.900784889688940577e-03
2.867413604336809408e-03
2.833606454868655995e-03
2.784855308462390756e-03
2.879329249423289664e-03
3.053720202149903373e-03
3.020540323120302160e-03
2.840146896025005051e-03
2.666959607803680212e-03
2.856288480949307519e-03
2.797111346012576358e-03
2.788703770042837236e-03
2.606254266316828522e-03
3.016987498540736959e-03
2.742090236661695862e-03
2.853831599138016793e-03
2.776595707335563577e-03
2.845663375563532542e-03
2.860759634169356396e-03
2.841032302235236250e-03
2.825407730041530965e-03
2.921751124156676468e-03
2.775968480485036059e-03
2.993172358060608180e-03
2.790119662726619435e-03
2.800540991128848065e-03
2.742462059849323612e-03
2.719811015669680327e-03
2.935959833245902102e-03
2.932358997742128427e-03
2.866801611105361178e-03
2.836383425784203081e-03
2.699942731075637408e-03
2.911824688338570093e-03
2.776652980674683933e-03
2.806748072303491288e-03
2.917190062943619995e-03
2.782840136611997722e-03
2.743378519585346845e-03
2.806782517264391329e-03
2.881221142835252522e-03
2.884833173590705454e-03
2.793862770523847239e-03
2.747286356725448485e-03
2.792914609306236182e-03
2.728778073957917761e-03
2.786208578605297876e-03
2.774709219669209675e-03
2.605720288992878844e-03
2.677906519859257067e-03
2.735070789125910486e-03
2.886558352030579172e-03
3.000603684557716193e-03
2.767329205849770185e-03
2.724158540070940621e-03
2.762917579461910030e-03
2.754219230055923555e-03
2.796206246561820305e-03
2.672877872683832902e-03
2.700307980426519799e-03
2.875224694552229975e-03
2.744461127819155122e-03
2.515301958895561647e-03
2.753253235294116866e-03
2.835225111939288813e-03
2.798205129247215150e-03
2.732867520307216951e-03
2.641725524683317776e-03
2.838774846614097475e-03
2.840041167792523545e-03
2.917606343998088800e-03
3.150065533128596027e-03
2.694699202147485435e-03
2.849619689295416168e-03
3.039463790538086008e-03
2.770601547374599780e-03
2.943879409393163407e-03
2.865593760801624437e-03
2.870989195414041725e-03
2.989446571547530428e-03
2.883960404187722870e-03
2.860332602255914996e-03
2.675317998757631693e-03
2.619116108723463284e-03
2.747651770384885051e-03
2.621166661848893693e-03
2.835585582221347364e-03
2.730509953989005301e-03
2.870418140066746410e-03
2.879049840963366497e-03
2.786799688527432511e-03
2.790355344643502111e-03
2.818918563123884880e-03
2.848849407283618376e-03
2.760236231208723721e-03
2.849687820982135193e-03
2.735089225525053937e-03
2.936946678125510347e-03
2.857079370816864843e-03
2.652231387397042516e-03
2.660267352587590648e-03
2.816903949861015739e-03
2.699566226802086258e-03
2.778698422050517817e-03
2.867550921630823701e-03
2.747461558296294265e-03
2.769999882506878324e-03
2.746592232746746312e-03
2.621871773286247546e-03
2.797353787158367820e-03
2.711250382827275641e-03
3.040109745016090961e-03
2.762568703415518509e-03
2.878743839342643145e-03
2.766428126234472124e-03
2.806074879118833267e-03
2.658258827493628889e-03
2.829804599170702203e-03
2.631024721624800316e-03
2.713652518000895207e-03
2.855477442093501059e-03
2.622275642934993739e-03
2.878792073591313408e-03
2.766409267367112880e-03
2.730223005112135046e-03
2.830119070185833138e-03
2.729141209893151069e-03
2.674978378333485365e-03
2.681174580050545500e-03
2.776094915746467155e-03
2.819423186058783119e-03
2.736647011567620597e-03
2.610120219088912005e-03
2.739332646605175791e-03
2.804409383374043344e-03
2.843978836135829021e-03
2.601491803336773451e-03
2.892687708984955936e-03
2.708557403303515042e-03
2.907063456428203053e-03
2.867543374365749079e-03
2.815828516738597478e-03
2.651316203363611457e-03
2.741070871518012670e-03
2.739475932748317282e-03
2.655876464897453156e-03
2.851797256574163490e-03
2.814987516552244252e-03
2.646924719169418180e-03
2.865834726453682629e-03
2.663500751403295123e-03
2.790320251068748470e-03
2.517727797118130169e-03
2.758259324185522061e-03
2.805989130580359946e-03
2.705604408087605717e-03
2.777574140454739521e-03
2.769068392578817941e-03
2.779339649752462366e-03
2.750182757388997760e-03
2.713198930405677847e-03
2.820207613304367283e-03
2.818135610603069666e-03
2.725006316127860304e-03
2.714736279402809194e-03
2.614254794850974853e-03
2.650445418634068788e-03
2.721110582062051010e-03
2.955130746997979788e-03
2.843204634367412550e-03
2.572180467062106738e-03
2.889712231357902030e-03
2.869603328045894786e-03
2.809580935921218887e-03
2.774283613539643787e-03
2.721443910770310771e-03
2.945235100795031650e-03
2.784523244360974283e-03
2.645070753617432581e-03
2.840789939648880654e-03
2.690413487115190204e-03
2.671846921153497086e-03
2.757207803691796508e-03
2.809697508476008149e-03
2.680884253671631141e-03
2.848978376878912467e-03
2.920322847649066758e-03
2.716853870315202261e-03
2.852611204525699017e-03
2.714378662166742808e-03
2.847096314802838660e-03
2.777342862324834287e-03
2.668157963636639228e-03
2.857339143380707453e-03
2.780056539415294049e-03
2.780014113707267049e-03
2.860224208969181555e-03
2.743171830010607964e-03
2.880521867635427082e-03
2.754115318723424511e-03
2.717966338648211948e-03
2.731079768593139626e-03
2.738326651403492906e-03
2.906292043761883430e-03
2.611867787986357076e-03
2.795245464666370507e-03
2.605824205054705061e-03
2.710343057994731453e-03
2.532011531408883721e-03
2.738592488300714729e-03
2.832026446116435534e-03
2.660826585046395694e-03
2.688475320305395988e-03
2.671042447779282177e-03
2.944021402376596677e-03
2.820416518303633588e-03
2.839493018805888062e-03
2.963394595604188636e-03
2.538481424697210977e-03
2.828347132614427405e-03
2.776622536388070536e-03
2.658700672127310358e-03
2.737175885728528393e-03
2.867224967943545443e-03
2.801637636559239398e-03
2.994401962177096078e-03
3.111792308420614078e-03
2.694465602030575186e-03
2.580677715567099469e-03
2.680760995134615250e-03
2.739452323184682001e-03
2.662100445070720439e-03
2.744773988136751941e-03
2.783934638345124217e-03
2.701073499578886521e-03
2.592021071460161481e-03
2.713885523699003516e-03
2.803520588280765564e-03
2.661308938272185457e-03
2.523330234949840243e-03
2.751453692072369957e-03
2.765466394277454713e-03
2.622320040930151662e-03
2.886369141834482701e-03
2.701254835723664038e-03
2.800803043367450836e-03
2.785596445120947472e-03
2.947714500352365593e-03
2.843379711595863009e-03
2.718544979661834549e-03
2.981487868308724080e-03
2.742347562535200293e-03
2.847240779382569347e-03
2.863779871622390474e-03
2.680244017039499181e-03
2.845883124952068664e-03
2.795889811487644195e-03
2.657672675663716629e-03
2.833566297796675376e-03
2.591307842995187270e-03
2.658367570411615966e-03
2.651477369392775223e-03
2.791337955450678282e-03
2.689244233027903754e-03
2.731067897370754744e-03
2.661567009494093111e-03
2.779547383933420046e-03
2.788673103906541117e-03
2.820677817820897108e-03
2.871819505586642712e-03
2.817729403275349900e-03
2.840933038756794995e-03
2.713920769016948085e-03
2.606178497349087488e-03
2.747324067061403079e-03
2.861960003384374576e-03
2.991058613844180345e-03
2.800023460754781125e-03
2.851187273989572602e-03
2.789520432115446483e-03
2.686832805396284930e-03
2.828421134832777122e-03
2.869118792338377997e-03
2.767124315260943365e-03
2.648425029721998558e-03
2.504280389607129766e-03
2.504284277145937126e-03
2.657738380825099521e-03
2.936098583369491002e-03
2.819315521560703235e-03
2.677422299776992774e-03
2.657625629006842103e-03
2.634807841075744936e-03
2.886639549002698209e-03
2.673779415615861865e-03
2.763013193861663195e-03
2.700835597626108277e-03
2.796049334347252679e-03
2.753058468301252878e-03
2.710063992486273256e-03
2.868406694115784375e-03
2.760333720006467439e-03
2.767326490642272978e-03
2.701606413737677858e-03
2.690975868315292896e-03
2.819334168052448856e-03
2.737594552906849089e-03
2.735307029798670232e-03
2.661026426630954018e-03
2.822520777950478146e-03
2.701332016794714790e-03
2.785982298783156418e-03
2.742213659028610185e-03
2.682472911097067998e-03
2.723393058307534750e-03
2.707627638062681460e-03
2.830849238960180935e-03
2.706327546272765429e-03
2.684699398742052424e-03
2.664807842042937920e-03
2.771273941774152899e-03
2.799135464076020138e-03
2.828968877937008963e-03
2.580643506783136375e-03
2.632775656964157079e-03
2.693228928415096306e-03
2.824457410640299378e-03
2.618051236459334897e-03
2.608721641955631925e-03
2.800353075845910065e-03
2.641186301300633109e-03
2.700494796049654912e-03
2.832571529163899638e-03
2.689901791542725646e-03
2.865409032158421510e-03
2.769825489530149554e-03
2.770384815191921212e-03
2.709517788457716913e-03
2.703594307669583956e-03
3.009013808869757250e-03
2.806560942446497189e-03
2.774177843057503215e-03
2.971443470543625592e-03
2.547278234412765283e-03
2.924685805042281754e-03
2.774898237046586388e-03
2.813012731293129936e-03
2.667848813948072145e-03
2.975884380652956025e-03
2.723145995573056886e-03
2.768397085504888892e-03
2.711025819167755049e-03
3.011949536903168068e-03
2.760597332349163432e-03
2.923705394251804781e-03
2.706969564802897635e-03
2.658990427641667702e-03
2.660375506357419949e-03
2.830890280345322012e-03
2.764962791192193941e-03
2.786319921373116466e-03
2.697440970947326180e-03
2.716014664431384579e-03
2.837192397612004618e-03
2.727557457474387177e-03
2.754351899205926234e-03
2.665002253807246136e-03
2.547978478881127249e-03
2.613789770279942738e-03
3.136108235070810771e-03
2.720816935024117627e-03
2.853903236637030799e-03
2.663743472891504701e-03
2.654607190057957453e-03
2.796633503898279631e-03
2.871085341660031213e-03
2.747845799539702302e-03
2.640864449581635954e-03
2.634328320753403022e-03
2.741384905368293712e-03
2.787606682005353432e-03
2.938950443045016108e-03
2.898665120140715874e-03
2.771191931874850828e-03
2.809703429800622376e-03
2.769246427432728048e-03
2.832839051850369674e-03
2.622364147315753204e-03
2.942528405167751590e-03
2.745361276041176010e-03
2.707445276410095063e-03
2.665902287605902143e-03
2.505109751498650790e-03
2.741054127007684898e-03
2.810209121708546164e-03
2.772398216964948314e-03
2.660476727897504150e-03
2.601865189782735614e-03
2.608023910941174167e-03
2.671868345677516111e-03
2.850484947916170388e-03
2.804404198087687237e-03
2.645931450804521554e-03
2.775692047233268688e-03
2.821957813497009276e-03
2.925914207352118060e-03
2.952606367193156504e-03
2.620302864183840074e-03
2.770744780641877861e-03
2.787531396421751104e-03
2.801779189662679127e-03
2.616062277313610605e-03
2.631771209221827994e-03
2.812465815748111959e-03
2.713981758590050010e-03
2.815434004023680166e-03
2.914504326673249268e-03
2.686606587466161458e-03
2.865088450851530164e-03
2.724517980445530403e-03
2.774697844486801249e-03
2.818746867661215023e-03
2.801700571752078692e-03
2.762874482121393388e-03
2.919741307096155366e-03
2.822319551111810484e-03
2.739037091499202468e-03
2.814553310492792955e-03
2.804477652194367621e-03
2.729931455757623159e-03
2.665136826582022254e-03
2.729285600270874371e-03
2.615405520233532802e-03
2.719746269109449451e-03
2.744040669232795590e-03
2.728365756098052181e-03
2.641168546075880422e-03
2.932241958411479880e-03
2.783546403606269957e-03
2.600630746646037574e-03
2.594915908980438383e-03
2.662401843580135003e-03
2.687980312553685160e-03
2.604038432597726230e-03
2.826221612535783669e-03
2.714379146729907575e-03
2.736827649283793233e-03
2.665281953880426716e-03
2.883490272368909816e-03
2.754846958332030082e-03
2.840427139951375111e-03
2.799905958499081856e-03
2.808915150634676110e-03
2.791853576287245745e-03
2.903862907834570649e-03
2.797753959088965410e-03
