2.224550877438459806e-01
1.987503291088329738e-01
1.846022209762070154e-01
1.696654508505746339e-01
1.513192962589275381e-01
1.442155074657562319e-01
1.364078484815030023e-01
1.323323049161404807e-01
1.259119823368506919e-01
1.200705955006395736e-01
1.161794916692983903e-01
1.099382980764001816e-01
1.103100476235669702e-01
1.037225432001161601e-01
1.004377197297810775e-01
9.665692933296249345e-02
9.428953643141028962e-02
9.220323088858635441e-02
8.858903432954839952e-02
8.995905351620886448e-02
8.800133317443835368e-02
8.216901363152774584e-02
8.513606297160815350e-02
7.963230177970331836e-02
7.819894220579583222e-02
8.114024566775288050e-02
7.824299647050482476e-02
7.320338391082048535e-02
7.345159024619990484e-02
7.100730070408196870e-02
7.254873903043858319e-02
6.823492431817226866e-02
7.076615410923359217e-02
6.914325712441517224e-02
6.948731591975262911e-02
6.670181748581288650e-02
6.782457025798439842e-02
6.477175129587002533e-02
6.438435211618531717e-02
6.291471229839995516e-02
6.240307629632955988e-02
6.031811162381147534e-02
6.056424413845112181e-02
5.732191557919524144e-02
5.960899691055331073e-02
5.884679737890530921e-02
5.935881134930411779e-02
5.821811145962638850e-02
5.831161438051698370e-02
5.698165199416700688e-02
5.615127062098426713e-02
5.424656275368687497e-02
5.527396219871805877e-02
5.520368371960556603e-02
5.442469301164453571e-02
5.490802509234708750e-02
5.109312854820392130e-02
5.407649535468404822e-02
5.237832889723662011e-02
5.304413372852436609e-02
4.982503839746288410e-02
5.158894589102158007e-02
5.019362167949500964e-02
5.210012164123117850e-02
5.012299518538128329e-02
5.028750111556654773e-02
4.776384420132376296e-02
4.811731529045398803e-02
4.939606436129523326e-02
4.996727664424083920e-02
5.039708010431988294e-02
4.835160424295216475e-02
4.804971284350770949e-02
4.636506937053445909e-02
4.728170360933756783e-02
4.774314426893541685e-02
4.676325020203579014e-02
4.657593976379917344e-02
4.504522913306890919e-02
4.518962905005292907e-02
4.556296681596606196e-02
4.362354589450812697e-02
4.484781285857597499e-02
4.531165159064138442e-02
4.547915078107576253e-02
4.467029662385554184e-02
4.369996882897766999e-02
4.353002322229495430e-02
4.382871477396836635e-02
4.384570610208811392e-02
4.351542154247520916e-02
4.470586730003907328e-02
4.290905852780867863e-02
4.272254591272068441e-02
4.252867459643699943e-02
4.194684610538994274e-02
4.181868821062151992e-02
4.151578318489557856e-02
4.219890266950947905e-02
4.129003897477229179e-02
4.145474528512120560e-02
4.223472833779578356e-02
4.192053070175299351e-02
4.087806656984891568e-02
4.213379348882673181e-02
4.029511487660148578e-02
3.859645426493497899e-02
3.956778853219759806e-02
4.027523948299729928e-02
4.076777311789143293e-02
4.061629971341912393e-02
3.858282254506305992e-02
4.025622494729127337e-02
3.856451802544498542e-02
3.957267168833532300e-02
3.925794265173323389e-02
3.814722841407480747e-02
3.876989901405119426e-02
3.932914467283834398e-02
3.759022561946365193e-02
3.862907480993276604e-02
3.999737163380941152e-02
3.658358144813784324e-02
3.774849083364608532e-02
3.755924523586242486e-02
3.645784953538729056e-02
3.724031015375778297e-02
3.744080520408347296e-02
3.645851328338053227e-02
3.576688725859937523e-02
3.651041726508313934e-02
3.475953033505966433e-02
3.624158783931044625e-02
3.727957400574343633e-02
3.564723154197872029e-02
3.664660780755325115e-02
3.628380520122247849e-02
3.675535469048542281e-02
3.593473149971072866e-02
3.635672957285109724e-02
3.474587682022069191e-02
3.678282819334928455e-02
3.380210689966989951e-02
3.581290294883229114e-02
3.402623288465767004e-02
3.548769426273024746e-02
3.609552780917120451e-02
3.518955235321909181e-02
3.617723457379166258e-02
3.536319847933440397e-02
3.482786713162339814e-02
3.351202489341506552e-02
3.383302544887256680e-02
3.464017720927624333e-02
3.348570245162117709e-02
3.391053485345069118e-02
3.445003786333615536e-02
3.500973549618733444e-02
3.440675594389328018e-02
3.360414058698919793e-02
3.465622515854226149e-02
3.537073521461030906e-02
3.351437214014436200e-02
3.266999685583533292e-02
3.374375220572959494e-02
3.380882955990229671e-02
3.339742885878782541e-02
3.107895519613551941e-02
3.181564984690594261e-02
3.232182573529639169e-02
3.315391066308753104e-02
3.337341331398581412e-02
3.249776868259358215e-02
3.283385427477985424e-02
3.240087390806556389e-02
3.388991924934214861e-02
3.281932843424777840e-02
3.168282384171533517e-02
3.181948026629314447e-02
3.240721037203999483e-02
3.184182893874074743e-02
3.216242369575873089e-02
3.165178296982297523e-02
3.210211888862300744e-02
3.032329239452441830e-02
3.174948449302152781e-02
3.151568451043026270e-02
3.105916030889114415e-02
3.127971969920199935e-02
3.304973237200069941e-02
3.170539556813065096e-02
3.267565629932330656e-02
3.013851717776479949e-02
3.215173525730054271e-02
3.149795967242517009e-02
3.096386941048272223e-02
3.139993781879296675e-02
3.090757608596692366e-02
3.068738932844672015e-02
3.153545291061942563e-02
3.078599429010716454e-02
3.013563537553525309e-02
3.073740933257811461e-02
2.941630808045134562e-02
3.085593860375549988e-02
3.020934697111177930e-02
3.090619250458284326e-02
2.981150050533086515e-02
2.985291994567234458e-02
2.988319303705178412e-02
3.105010976643711104e-02
3.095079890686205232e-02
2.963580122707545547e-02
3.009859287710139192e-02
2.977785093100648525e-02
2.975849141606944429e-02
2.982606478792258764e-02
2.986735976291283665e-02
3.008687168155724234e-02
2.957043077206970849e-02
3.034872585312458140e-02
2.897656842673723004e-02
2.920192405584881579e-02
2.957098447338436104e-02
2.972034699995182438e-02
2.953731140088113397e-02
2.911329527763305280e-02
2.857618684282818566e-02
2.987037134009878567e-02
2.784483015763830269e-02
2.869000357456213957e-02
2.910940994211160676e-02
2.915224830065822614e-02
2.833678213271821275e-02
2.797307770166544694e-02
2.899317696075369780e-02
2.822649116874407019e-02
2.884279329849878670e-02
2.767090843700948516e-02
2.866272108170421842e-02
2.813603041615488770e-02
2.834730309688803310e-02
2.895795661098638993e-02
2.850975577073687137e-02
2.864039829899510739e-02
2.825435188471218592e-02
2.785532450044682362e-02
2.813459693439657530e-02
2.836926058098017053e-02
2.799652199484439080e-02
2.833117246010119841e-02
2.837985191616524544e-02
2.745803459847856107e-02
2.750437714202737943e-02
2.698983167614399034e-02
2.658651903692564253e-02
2.643532494609502140e-02
2.806243584711753600e-02
2.680239527405088237e-02
2.714557259330517905e-02
2.748182297219802991e-02
2.758115939477155665e-02
2.781518076402133416e-02
2.726209575434645691e-02
2.649220768075607677e-02
2.800194699478293636e-02
2.654094106595877162e-02
2.718967728909525011e-02
2.640378872238838964e-02
2.711643458466734408e-02
2.621141824180331370e-02
2.751344956244512752e-02
2.644500582456868129e-02
2.685622181168911826e-02
2.644690641179368515e-02
2.694492151949140837e-02
2.675245362101634494e-02
2.604060027529119317e-02
2.544170678978798991e-02
2.535389948563510770e-02
2.616683103876676908e-02
2.538750936098159786e-02
2.545059782761106837e-02
2.673791867770557856e-02
2.590312549694468933e-02
2.555536243564535126e-02
2.617251269840340996e-02
2.573654322302128261e-02
2.599666451267157799e-02
2.572936653736558263e-02
2.609570133581394155e-02
2.632822581263320749e-02
2.580365780902725906e-02
2.631566176609031332e-02
2.605082457349780500e-02
2.569550269552998284e-02
2.544272619978252270e-02
2.567145478882778067e-02
2.496262607128409139e-02
2.547770206812891014e-02
2.606980583075751978e-02
2.568365456258557208e-02
2.604881780932979604e-02
2.648544510240386646e-02
2.595020485368006516e-02
2.556555677801403137e-02
2.495829723759130855e-02
2.566769091629064400e-02
2.551518458862482228e-02
2.632836804193158797e-02
2.457944777271236364e-02
2.509596373712825318e-02
2.536271609655171497e-02
2.522317925316003642e-02
2.562827301980194483e-02
2.453122968730022183e-02
2.561167934910255420e-02
2.506814323613150083e-02
2.598616439893380176e-02
2.619235189662055471e-02
2.511640792771720546e-02
2.448857607102505538e-02
2.555116970133310822e-02
2.474261121881107112e-02
2.576595992698722803e-02
2.425057942297318553e-02
2.523601460993187690e-02
2.467288320699177404e-02
2.445935922823100350e-02
2.519839322265975817e-02
2.545304576971604490e-02
2.507291990733242701e-02
2.379735267793095174e-02
2.444016833808312916e-02
2.486747649541411892e-02
2.379529529986460293e-02
2.510773753870738575e-02
2.397149991220150211e-02
2.472165090067404702e-02
2.428436997353891624e-02
2.524189652036601048e-02
2.426682171726799592e-02
2.401004955241310343e-02
2.364610489542263994e-02
2.367670175859156942e-02
2.307781905269728345e-02
2.388251884181044962e-02
2.469836032409655074e-02
2.276332500792039443e-02
2.307213188499434089e-02
2.455506307300786908e-02
2.496797168911907977e-02
2.448327304490699116e-02
2.271409237934730527e-02
2.514903812477898432e-02
2.459234709408591665e-02
2.422142611114821986e-02
2.353473505022778134e-02
2.385242040962367097e-02
2.411248698557045059e-02
2.346533829237210794e-02
2.361403749062656113e-02
2.406039471397186311e-02
2.400277938085884979e-02
2.347352679453722571e-02
2.373323307731007442e-02
2.415535251547004658e-02
2.474239510422417132e-02
2.406085888240512907e-02
2.336168458364454303e-02
2.287636164338625530e-02
2.385933933145937408e-02
2.276476748485568857e-02
2.332118752482283119e-02
2.289423430975014509e-02
2.331315825684345672e-02
2.383297656553332380e-02
2.403661547046908806e-02
2.426852819867711397e-02
2.312612442718259276e-02
2.433472365155634615e-02
2.309203154704604979e-02
2.274801436427934670e-02
2.352320496356201385e-02
2.350859625737326125e-02
2.380510344823799293e-02
2.376081865846019908e-02
2.300264819675254882e-02
2.330310925708937303e-02
2.397543804261450043e-02
2.275785282284654293e-02
2.252758861689634767e-02
2.279590705099847001e-02
2.285453947433557093e-02
2.339493672858675502e-02
2.417283481226886743e-02
2.277935647026472013e-02
2.220912137054391333e-02
2.301434292723687769e-02
2.372278481178848736e-02
2.290076684608764734e-02
2.156848776062461961e-02
2.298839482777730731e-02
2.328249002417626459e-02
2.288330897351055146e-02
2.278086555425268278e-02
2.208514241712591572e-02
2.236904959977075585e-02
2.240752896556405874e-02
2.253736489051545028e-02
2.214021253405519182e-02
2.240443681666740017e-02
2.324251510530155398e-02
2.222072588122905867e-02
2.262121255617173185e-02
2.190463408643033086e-02
2.206246498380185286e-02
2.202164303106815199e-02
2.297930017725629756e-02
2.204800560062949305e-02
2.243646705248451487e-02
2.210360621281946825e-02
2.253444898768478671e-02
2.280395449370083844e-02
2.149447465557859441e-02
2.176793873171281590e-02
2.298124506712843906e-02
2.107105433313337384e-02
2.297248277920281925e-02
2.256260130023505020e-02
2.223820739818524461e-02
2.244978868017111565e-02
2.161591939704164342e-02
2.176281635964273306e-02
2.201852766998131997e-02
2.224135168857103648e-02
2.094370287655649213e-02
2.120785876750941670e-02
2.244074204571787010e-02
2.160279916383266857e-02
2.169632405238248671e-02
2.239279923605091635e-02
2.178565107542293142e-02
2.211652566866218958e-02
2.165478958336542262e-02
2.227491360600768189e-02
2.149988539687901212e-02
2.241662942076060039e-02
2.107379286410148572e-02
2.147758327194975933e-02
2.153586483412802191e-02
2.189669531120480225e-02
2.196270312164290764e-02
2.173807575765773770e-02
2.105279760526646352e-02
2.155093099785900662e-02
2.076398465645048347e-02
2.169149198987796803e-02
2.180259123473564375e-02
2.178590142232050483e-02
2.035076976189439946e-02
2.082037642968776261e-02
2.169775268090742143e-02
2.087499392231043083e-02
2.068577244090093192e-02
2.098787193883087585e-02
2.127958253946670916e-02
2.085845762225847083e-02
2.082644551406144864e-02
2.161477885269806262e-02
2.020381008408073803e-02
2.174087639899418764e-02
2.184235392174828372e-02
2.110383374696314304e-02
2.180662892872222910e-02
2.148643104018624350e-02
2.012488350658527339e-02
2.018196155842462772e-02
2.111909312628208746e-02
2.097233907669636757e-02
2.150373714383750981e-02
2.177139321581877604e-02
2.066998474189686574e-02
2.164336625969097774e-02
2.143787822537919149e-02
2.075915629970950110e-02
2.104495554396688256e-02
2.139440192041269437e-02
2.208382659028475942e-02
2.129362819593868736e-02
2.174880528173959993e-02
2.151927728326647263e-02
2.097012377200806882e-02
2.082741964147829736e-02
1.982428884258868179e-02
2.143460709094786171e-02
2.072958504383101003e-02
2.081132640392914859e-02
2.149038194209491881e-02
2.098169799797349258e-02
2.070662821973390938e-02
2.045629702928315058e-02
2.093623902656767052e-02
2.062744507554080051e-02
2.031228288132988155e-02
2.013991076453020349e-02
2.100311865631719968e-02
2.021406807148543039e-02
2.071041377463684122e-02
2.100309948101705682e-02
2.120017569060659787e-02
2.068980696111118525e-02
2.037228920681028246e-02
2.023410399213991864e-02
2.061956373348867999e-02
2.091680842549812486e-02
2.020456079618063519e-02
2.064037500486472221e-02
2.016482177658254077e-02
2.047302448846326922e-02
2.104112899889265878e-02
2.099704008988583989e-02
2.097919003970392937e-02
2.018740575059597975e-02
2.040915567209818093e-02
2.040237820032570967e-02
2.147814793878442124e-02
2.091779317998082935e-02
1.975285375604149754e-02
2.040155818696224449e-02
2.034305188737057374e-02
2.019375132512154017e-02
2.093506748747500992e-02
2.037715286200237827e-02
2.002867206694780230e-02
2.090851802774337451e-02
2.039904125410003585e-02
2.048712055330454904e-02
1.996406126113963939e-02
1.991611680455566621e-02
1.984586875536314618e-02
2.078350798712462477e-02
2.009368040733579622e-02
2.009745721484007888e-02
1.957174961702849714e-02
1.984713940488454231e-02
2.051182786397409696e-02
2.029639920894531907e-02
2.065789330773488627e-02
1.954770720667252729e-02
1.944533438457642788e-02
1.981690373975694697e-02
1.985252413875785923e-02
1.935161606612787258e-02
2.018135756955394267e-02
1.987603950754696439e-02
1.970169220248401895e-02
1.859859249959791919e-02
1.927963470407330696e-02
1.941740445251994088e-02
2.052142197989306749e-02
1.959084068535401138e-02
2.060695314847327611e-02
1.984355937796222769e-02
2.003862476641085633e-02
2.105319743929343068e-02
2.003438444811418348e-02
1.950896206039724745e-02
1.995192419671464393e-02
2.040260708546949575e-02
2.001226096134884128e-02
1.934437741661677868e-02
1.892746092158115526e-02
1.956536507489900489e-02
1.970680692599580813e-02
1.961818022480285931e-02
1.986806436192309344e-02
1.964523035757208963e-02
1.948484261001779544e-02
1.935425541666402696e-02
2.011231746236567461e-02
1.929978604956049393e-02
2.002761937073167450e-02
1.948280798652465493e-02
1.964026996599066086e-02
2.001920840097854565e-02
1.919421338838374694e-02
1.979023104664602573e-02
1.919760037012572737e-02
1.909378258586294855e-02
1.913360130126445791e-02
1.886194112883603224e-02
1.937751156728909768e-02
1.988443253504687536e-02
2.003172991041369047e-02
1.922202527976417386e-02
1.975959321384864950e-02
1.918790675460815484e-02
1.855326773426327347e-02
1.904681497267210130e-02
1.919663724341255998e-02
1.940605708877092897e-02
1.925390554427628895e-02
1.904832671755922122e-02
1.912155985021007226e-02
1.991162689257425927e-02
1.843053263724818772e-02
1.963647746186929569e-02
1.936583715458301339e-02
1.913054624448494098e-02
1.841391584260110639e-02
1.863624353051980542e-02
1.966863983956327472e-02
1.890176777496553606e-02
1.894674935421227294e-02
1.966797080190830355e-02
1.965401509008085981e-02
1.803733857779793795e-02
1.818508061484741881e-02
1.881753371277581494e-02
1.859767061875437777e-02
1.977595043537748107e-02
1.839156953573653150e-02
1.853447446795086773e-02
1.817552929316661875e-02
1.924664052874413764e-02
1.927982621199228128e-02
1.873698021428845881e-02
1.884795782458978733e-02
1.902775060198899984e-02
1.869612046174057643e-02
1.937639708883103981e-02
1.990305493294355216e-02
1.984729372861351523e-02
1.970527335863107507e-02
1.856949398588256250e-02
1.838369340953110997e-02
1.889928398190892159e-02
1.862156010766343600e-02
1.826770040117552119e-02
1.882864727582388500e-02
1.809732514294234290e-02
1.859249860538757584e-02
1.837243595186499601e-02
1.869488415269297127e-02
1.864364765271399674e-02
1.886131407025211718e-02
1.837196767189893873e-02
1.942305023315016657e-02
1.893763376238402282e-02
1.797265994605840023e-02
1.814169736395952401e-02
1.837309367211882594e-02
1.876190530451967223e-02
1.854460505483438923e-02
1.774878196058780194e-02
1.860972204210909614e-02
1.792984525982965413e-02
1.920398866617362837e-02
1.887445362759151632e-02
1.885218825687762570e-02
1.840346603511455389e-02
1.890125044615363625e-02
1.721014312142477021e-02
1.786121206753352869e-02
1.819047759772869297e-02
1.877537758494809625e-02
1.893953815247243627e-02
1.856298872456001170e-02
1.760681381437396303e-02
1.800876611923591525e-02
1.834066480452304845e-02
1.888363423659182583e-02
1.852864126882865919e-02
1.830154865203165865e-02
1.853982180938414798e-02
1.863130371324186324e-02
1.850052582072704219e-02
1.879741456984133224e-02
1.860440656044400065e-02
1.722566233803545649e-02
1.791996115602857362e-02
1.790427145155867872e-02
1.805099766139517739e-02
1.694004355945878670e-02
1.841334557724049956e-02
1.908250562801858813e-02
1.804574306015811758e-02
1.806193811186499951e-02
1.855600981430926763e-02
1.845337130951414661e-02
1.829045642576835815e-02
1.803534243550684521e-02
1.852664520968493045e-02
1.788637938104116476e-02
1.796942400415596150e-02
1.806657140536526915e-02
1.774262342115641780e-02
1.812166482776397455e-02
1.833065218410705882e-02
1.858286706436289987e-02
1.747991868080583239e-02
1.760982908889523191e-02
1.851447116580363234e-02
1.831462763376678557e-02
1.869813540727009032e-02
1.833887245983087388e-02
1.803706286908227444e-02
1.722250568801430085e-02
1.646434738327895095e-02
1.763079183241836670e-02
1.749740402130967737e-02
1.753232173124777415e-02
1.711781312395119561e-02
1.788849875415751689e-02
1.781293383194102950e-02
1.722259063951008320e-02
1.772897542963628933e-02
1.779621236513222182e-02
1.823515073356369795e-02
1.769469220788135247e-02
1.792080629539158712e-02
1.731670767834266392e-02
1.840354815123532856e-02
1.792918724827150673e-02
1.806564772002815233e-02
1.755545299993559530e-02
1.683937363720948086e-02
1.749768340658622301e-02
1.790424198567794334e-02
1.711430733194702763e-02
1.747642462889702902e-02
1.829957744722727347e-02
1.837430327415369088e-02
1.833979865865557890e-02
1.778069724311353433e-02
1.771106389162507844e-02
1.700895415531423691e-02
1.770863246383913570e-02
1.698497505165984592e-02
1.805898193558800463e-02
1.721372691644861702e-02
1.778630644172311814e-02
1.770856759900334837e-02
1.806758755819274503e-02
1.742898701494150632e-02
1.780743777061374877e-02
1.845991804876585124e-02
1.740865992745908516e-02
1.737941248962909802e-02
1.757537858462966326e-02
1.769512598592532307e-02
1.746787042801356549e-02
1.728590754597631590e-02
1.765933747723008596e-02
1.829794912246444222e-02
1.748855211008377986e-02
1.716079213972549269e-02
1.758972680398922933e-02
1.689602380318051475e-02
1.758680536963278668e-02
1.869117146476992689e-02
1.788038173109559800e-02
1.791416690236953546e-02
1.649534135987079306e-02
1.702012574121637353e-02
1.739497243388281322e-02
1.765130825204092035e-02
1.749447335548796889e-02
1.734820075026046252e-02
1.661753265003146698e-02
1.745854893270573985e-02
1.727995490182319266e-02
1.708579119295586604e-02
1.717209654700247237e-02
1.701990251237309182e-02
1.716127805924771640e-02
1.709185444144838834e-02
1.788142797874196777e-02
1.743924242847856923e-02
1.762930966637113114e-02
1.695550115442847477e-02
1.731133196714453384e-02
1.753142705005356072e-02
1.846577706639112790e-02
1.766157098851222837e-02
1.738570571895389077e-02
1.821413160950067361e-02
1.735485016136010389e-02
1.689791086907659057e-02
1.707041352553008082e-02
1.699254166622083534e-02
1.596138160164427972e-02
1.663400614211600279e-02
1.655350686184618725e-02
1.686571306012476026e-02
1.698151510806665543e-02
1.661484164519035078e-02
1.706113803142436311e-02
1.612229075634516104e-02
1.714034657080603513e-02
1.759282908019077496e-02
1.664700940524392950e-02
1.740396509352523657e-02
1.730932987065009893e-02
1.737979884552306314e-02
1.756571841763284250e-02
1.760869461136082767e-02
1.651737916230528944e-02
1.669211659493930605e-02
1.734547925719350653e-02
1.715893699220587265e-02
1.695878715780965024e-02
1.803813597507630817e-02
1.721798359069144288e-02
1.688239512532202502e-02
1.682733156424757667e-02
1.656230137194128135e-02
1.683713400832712731e-02
1.723605278922577325e-02
1.669854872869634341e-02
1.731252605547312431e-02
1.723709174904179686e-02
1.655600067774954873e-02
1.718905512765176932e-02
1.645102422398743436e-02
1.713510050017138728e-02
1.781767717671432771e-02
1.780353678934657596e-02
1.643337278650816233e-02
1.688279204780496201e-02
1.697992050551107301e-02
1.712169486142852901e-02
1.718885723322335565e-02
1.680665142637553094e-02
1.600769538004524414e-02
1.642165864383940063e-02
1.679128410005426009e-02
1.794719990528873335e-02
1.655357941311519712e-02
1.665869944130195582e-02
1.691282818663159687e-02
1.679913485429260223e-02
1.675490045508592346e-02
1.730568458449605052e-02
1.637872543774794923e-02
1.668880206040484343e-02
1.745112868957155935e-02
1.608829498153064100e-02
1.722138957479809815e-02
1.716806364971904322e-02
1.599456592976900363e-02
1.734312685005161975e-02
1.716083141629685949e-02
1.722334715162623930e-02
1.653478191070649125e-02
1.724972307511570338e-02
1.656896037454833395e-02
1.741276014769397446e-02
1.668401861924990320e-02
1.700397314958454129e-02
1.681306283970311274e-02
1.666695635256720126e-02
1.702628618343512631e-02
1.643801312501616541e-02
1.758020645556769221e-02
1.586516386716638194e-02
1.682083791640281989e-02
1.643430672231161252e-02
1.674562169924008123e-02
1.652607327074161539e-02
1.613327167759208078e-02
1.617400921703631561e-02
1.686853143530612359e-02
1.654270915256901564e-02
1.615300623262891019e-02
1.611939134407513324e-02
1.733768514092108928e-02
1.691719250247854592e-02
1.704634692644062949e-02
1.696217466638635235e-02
1.581096421586394851e-02
1.638735080247521667e-02
1.666512628954468916e-02
1.560142071321471945e-02
1.672484516777664534e-02
1.637419155871079265e-02
1.716373550489134342e-02
1.660590247583288576e-02
1.631755314563678241e-02
1.659023461829525065e-02
1.637143705477214425e-02
1.666995105539145067e-02
1.607484429480329768e-02
1.635703742553135803e-02
1.693635111832202111e-02
1.647258083104088597e-02
1.612674916592563359e-02
1.681969314830167664e-02
1.658423700967471062e-02
1.662984444552221761e-02
1.694485597322959933e-02
1.605921868639244993e-02
1.638258243909649151e-02
1.666317911027687462e-02
1.648873659413864490e-02
1.636687805755047964e-02
1.677427843648867864e-02
1.669098847221747728e-02
1.605738114659957180e-02
1.656695536859262644e-02
1.651053451206176484e-02
1.636110448575085058e-02
1.524274428641525167e-02
1.612705221174657796e-02
1.544265103162777847e-02
1.637519421968248665e-02
1.656280889594995490e-02
1.601937640397486581e-02
1.605452504617548362e-02
1.687603947042550304e-02
1.586793609412450942e-02
1.600149478720952478e-02
1.712066148202124813e-02
1.612529758277700051e-02
1.635143772989292033e-02
1.635975166969712291e-02
1.674034350392537493e-02
1.583353110897369603e-02
1.618108741657854621e-02
1.562717512728185876e-02
1.613341071481916647e-02
1.593320618435620228e-02
1.641859040241758910e-02
1.577281113734309292e-02
1.589553739589466899e-02
1.659697070413252568e-02
1.635858348477703741e-02
1.611441558865895490e-02
1.597248612042024424e-02
1.584608835407695301e-02
1.635945142973411343e-02
1.643106355333529348e-02
1.650881010085672798e-02
1.658684950093773300e-02
1.671181721089174538e-02
1.596802044954399522e-02
1.582695978138130150e-02
1.628744432522598665e-02
1.544104549385539801e-02
1.639219563167048505e-02
1.685885865009981166e-02
1.586913909923397606e-02
1.630523085843694694e-02
1.568429594841126012e-02
1.598739015490504775e-02
1.680206877269116439e-02
1.555423244098411671e-02
1.515110932552750367e-02
1.535824989462228687e-02
1.650581230107345601e-02
1.580000979989788779e-02
1.594867709094002425e-02
1.572586070406686160e-02
1.622716990876721041e-02
1.586471984582862524e-02
1.663267132608657606e-02
1.588654036794440172e-02
1.585506996419246833e-02
1.602200900010525980e-02
1.532574202254318764e-02
1.643014350869968429e-02
1.534547040182095493e-02
1.560716693791294393e-02
1.580961788397446111e-02
1.593232357463145871e-02
1.654304768721007873e-02
1.674117399100398529e-02
1.628141949041529007e-02
1.573688084970920747e-02
1.546010597764041310e-02
1.547079766987341683e-02
1.603505333614138606e-02
1.539029579786894107e-02
1.612988264304995867e-02
1.620842624656215758e-02
1.523269210844441397e-02
1.660798498235324661e-02
1.646213867341187256e-02
1.556460347969415570e-02
1.603834939551491978e-02
1.587387572818499404e-02
1.552426444526215123e-02
1.520778542502534102e-02
1.618529626893065385e-02
1.551966560935519497e-02
1.583358490466200280e-02
1.584673847088453880e-02
1.560065500989805086e-02
1.629897073239401986e-02
1.560299357365240412e-02
1.579684837986369828e-02
1.572407905530695885e-02
1.586904899557324555e-02
1.646875370315213985e-02
1.566220001546760401e-02
1.559858826484815733e-02
1.561113728122141484e-02
1.637207307425082858e-02
1.593369995772313599e-02
1.624610948954982592e-02
1.645070777164618636e-02
1.658930265129358872e-02
1.534157707502766844e-02
1.513305430908585061e-02
1.572195687748640866e-02
1.563490310467887875e-02
1.484707777054092986e-02
1.530484541748169773e-02
1.482379481374860794e-02
1.522228979742491252e-02
1.621227921632411445e-02
1.559352632210516884e-02
1.623463940718749068e-02
1.564085763927861722e-02
1.537572508263114826e-02
1.571278525798708650e-02
1.499792369564107233e-02
1.543023639368592236e-02
1.481584225108239540e-02
1.503304105029087956e-02
1.549747805705391744e-02
1.541647811371851112e-02
1.510506546341860816e-02
1.554267967980507530e-02
1.544701440575161656e-02
1.580493171202976624e-02
1.537606844605248803e-02
1.508048516733291253e-02
1.608883875899669996e-02
1.578546921633965094e-02
1.549331153346545330e-02
1.454335168482533136e-02
1.570176281975405388e-02
1.462974995141077920e-02
1.613451656918190452e-02
1.592608943938505009e-02
1.577837775170079851e-02
1.526568310704405108e-02
1.531172614009265742e-02
1.508487188787261540e-02
1.567114113532708242e-02
1.460917553407868261e-02
1.591292715598721652e-02
1.490273705971182153e-02
1.576764348581126407e-02
1.543977092703736897e-02
1.627602229288188998e-02
1.529438480562597506e-02
1.480501780144592543e-02
1.484974428895476095e-02
1.508814953507495518e-02
1.461508493204094136e-02
1.540485308260698162e-02
1.439825196306500701e-02
1.548448253231861707e-02
1.544372923533792429e-02
1.502240325761790112e-02
1.585568479010641962e-02
1.507348949250040919e-02
1.523862966257558474e-02
1.568637048633437017e-02
1.460468916582793528e-02
1.585769889754545803e-02
1.520628235284654517e-02
1.570084232697195256e-02
1.462995366306432156e-02
1.547744258130162240e-02
1.491925081483247775e-02
1.514278799024934563e-02
1.509154174504595894e-02
1.441862153443775572e-02
1.473684991975083257e-02
1.590684593441842390e-02
1.547991465942783439e-02
1.553395097783844166e-02
1.515802005206074062e-02
1.517202686258686123e-02
1.536995661102909076e-02
1.480919566565704927e-02
1.477647142361968209e-02
1.594753825836428898e-02
1.502367266924270299e-02
1.542912722377387004e-02
1.511976920738377500e-02
1.522188823974265741e-02
1.492665304172306751e-02
1.443451643097155845e-02
1.479994206942975531e-02
1.555892487692710560e-02
1.533677449257376743e-02
1.561940180869864254e-02
1.548177440185260698e-02
1.514659118442970333e-02
1.429920709371211920e-02
1.533420616811807802e-02
1.499750234723836069e-02
1.445891341973563719e-02
1.483574259880882096e-02
1.517083928273078690e-02
1.591166325082893698e-02
1.558759630864343763e-02
1.476196022202044822e-02
1.445447121227757918e-02
1.644393328970010157e-02
1.510811130030030765e-02
1.449329880446803380e-02
1.523377011683836602e-02
1.492507079619580929e-02
1.495496731799418957e-02
1.475119347678134629e-02
1.513602896486199861e-02
1.553529013602267250e-02
1.534516181845472366e-02
1.499108643636046755e-02
1.492683498612842712e-02
1.488677102565533032e-02
1.565301263922641573e-02
1.484187351049127621e-02
1.451569794688424217e-02
1.519368288650582884e-02
1.488709857125092816e-02
1.452485565418250475e-02
1.463644175864765688e-02
1.551171984978089689e-02
1.501807160493882562e-02
1.519985423766925109e-02
1.501696393376492945e-02
1.498155983003001367e-02
1.543312448522624752e-02
1.476927166327861307e-02
1.514848770847986199e-02
1.488963854350475700e-02
1.443611339296755301e-02
1.513287748283339944e-02
1.420984811144595378e-02
1.476574525539262397e-02
1.540186825998185287e-02
1.430225145093338805e-02
1.482068966743031735e-02
1.497000948427498236e-02
1.454901253889890993e-02
1.475819618636760658e-02
1.469960014700507668e-02
1.488762775580662438e-02
1.460377611345361169e-02
1.485381901364088084e-02
1.569234456477142797e-02
1.531807830502671455e-02
1.438690642301608015e-02
1.459319064688765696e-02
1.429908118506341939e-02
1.529911992301545565e-02
1.515575652089800121e-02
1.528515245982454800e-02
1.368153787534133643e-02
1.529322039890105948e-02
1.472647767313189915e-02
1.448448435011289934e-02
1.403514025484935840e-02
1.549251121597837975e-02
1.428163854649414435e-02
1.527967805079216181e-02
1.484524135791392106e-02
1.490871299777778332e-02
1.475729507133562157e-02
1.483273462314320737e-02
1.449268290200885108e-02
1.456478806367047900e-02
1.536503948273101883e-02
1.428160579518431006e-02
1.558620790065793661e-02
1.461664404722575264e-02
1.461108433599225473e-02
1.568447730511187896e-02
1.503570587473822100e-02
1.514329828408947365e-02
1.418163149384324070e-02
1.391192685764154613e-02
1.512752796703771378e-02
1.449708060449712496e-02
1.466370829228126269e-02
1.443003507168049045e-02
1.534146427179908928e-02
1.471902086060269781e-02
1.510376055655609367e-02
1.484041197689122890e-02
1.484583598604348291e-02
1.448650742810641580e-02
1.436341319442695739e-02
1.500584537917640064e-02
1.423360519245250866e-02
1.510637016040226703e-02
1.454685743139196540e-02
1.481408836360722549e-02
1.527639688648217697e-02
1.425660102026051271e-02
1.437465473499419805e-02
1.503993866385595207e-02
1.559837637527645808e-02
1.503416151084240905e-02
1.421920426126312142e-02
1.448100865383173882e-02
1.457019824438384251e-02
1.436361439547720505e-02
1.482491573519007996e-02
1.526759744661363230e-02
1.460690037041054504e-02
1.397455735750928983e-02
1.504975598647203920e-02
1.484780703941045686e-02
1.497498872559377761e-02
1.528977382119071741e-02
1.412726754290982885e-02
1.442116690421012259e-02
1.426711584291606716e-02
1.479957601824315183e-02
1.475116479778575129e-02
1.464244731356240635e-02
1.398378531987413617e-02
1.476232263352863540e-02
1.447141371313046335e-02
1.493784726798884875e-02
1.541595835409236177e-02
1.449569721532042131e-02
1.456743433563728422e-02
1.473459268070639872e-02
1.430336257156515981e-02
1.317427294628363381e-02
1.412524332644233931e-02
1.524171604619206470e-02
1.429839215714466191e-02
1.387669758829318360e-02
1.477969101912450511e-02
1.427429510712923018e-02
1.493819048520696191e-02
1.431428831664077056e-02
1.459465567203216060e-02
1.475790138637468434e-02
1.423407704804404567e-02
1.467304910605589548e-02
1.419449883797476927e-02
1.443168825296052039e-02
1.364450288296671990e-02
1.479156019437604698e-02
1.520791057262444422e-02
1.394550848829011896e-02
1.435035040849582007e-02
1.317804969506257244e-02
1.430218848311481245e-02
1.412549762570617685e-02
1.414001548442653591e-02
1.502216775759443977e-02
1.455086520607861214e-02
1.447659860536833210e-02
1.411772044118224032e-02
1.407086367489033922e-02
1.437313268424129757e-02
1.463397493372798480e-02
1.471017622873945288e-02
1.347891068755755622e-02
1.421728299807223893e-02
1.426596388400643012e-02
1.443335289511188911e-02
1.452144003310268730e-02
1.435710987441694321e-02
1.493192164931906284e-02
1.355192621664570544e-02
1.391379147477469526e-02
1.474211904848976053e-02
1.451791065934666079e-02
1.419532813822808014e-02
1.476694480640040365e-02
1.441676755049514300e-02
1.436464028904663702e-02
1.441354844060599959e-02
1.466428107989264581e-02
1.462377660334177563e-02
1.452035973201951970e-02
1.451100684518346132e-02
1.412077390085873969e-02
1.430198227476547033e-02
1.378829872626401339e-02
1.390077126189112264e-02
1.413856003638126746e-02
1.423520267322976943e-02
1.433274112056006147e-02
1.406980071710587504e-02
1.387022662021103123e-02
1.407083479424582270e-02
1.360950651999152765e-02
1.459949820242184733e-02
1.323789539545155124e-02
1.486088617247724453e-02
1.405795560199208857e-02
1.389923038381615100e-02
1.394686954140080155e-02
1.374031336032318848e-02
1.475510896879338868e-02
1.428938828408690340e-02
1.439436817098811022e-02
1.437118199935616229e-02
1.336608361021270411e-02
1.358494646333968485e-02
1.423009330611045564e-02
1.416914780276725024e-02
1.419119757317983781e-02
1.473443557478852813e-02
1.396221179138177650e-02
1.468796552811164370e-02
1.395939312424381538e-02
1.397073263469874801e-02
1.412900472801710029e-02
1.454919267422655552e-02
1.434202326700988704e-02
1.449733896829315596e-02
1.385367854484256638e-02
1.409023918365897438e-02
1.409553844092825171e-02
1.390723499285756448e-02
1.455150819169647586e-02
1.392562684749688341e-02
1.413167695430249740e-02
1.463734835489870212e-02
1.368244235348847239e-02
1.388570681903103163e-02
1.464680418862661718e-02
1.438470448906828056e-02
1.418399074870223958e-02
1.432282717137846155e-02
1.448971637346650916e-02
1.423276198014429561e-02
1.397131213484204514e-02
1.397865427647226183e-02
1.413928557762091087e-02
1.423470035791198768e-02
1.370207135221596616e-02
1.435514255442477648e-02
1.400448967653144909e-02
1.372423228893745843e-02
1.337115547559054700e-02
1.428686926368350277e-02
1.398808017836094576e-02
1.427591439827803621e-02
1.429796593747518010e-02
1.355989202752531410e-02
1.388660138494165683e-02
1.383705926482141357e-02
1.356581631522004935e-02
1.400940951141492995e-02
1.388899040625858616e-02
1.338388245997895395e-02
1.409017446160440792e-02
1.435335481302606360e-02
1.418088768914132353e-02
1.491247621033560573e-02
1.370045627759025435e-02
1.287200724344043229e-02
1.414512712447849561e-02
1.342761004840763855e-02
1.379416198189805688e-02
1.439343925461062691e-02
1.397961756703745145e-02
1.367920341591137741e-02
1.353573754322397703e-02
1.323173449815484397e-02
1.360224399950532397e-02
1.341692877994409179e-02
1.354814222091095532e-02
1.419973067022981504e-02
1.392476912559112608e-02
1.438892076836542633e-02
1.378214162859342160e-02
1.370472320151930844e-02
1.404257984859026698e-02
1.352656463701486060e-02
1.385786262890860085e-02
1.417731047673572928e-02
1.424302299030132460e-02
1.388108093373256226e-02
1.515290889281936670e-02
1.374153353546985791e-02
1.414181163042937256e-02
1.412553968619454856e-02
1.422709907738158898e-02
1.404771423540222830e-02
1.389830588496365413e-02
1.385143790406489529e-02
1.330108024792887346e-02
1.405902470310535848e-02
1.405401519044177649e-02
1.415931351248433424e-02
1.398114785052510800e-02
1.392369013570884939e-02
1.415202040270416468e-02
1.330173920279526141e-02
1.441179522870193568e-02
1.379203029816072207e-02
1.364601301645658980e-02
1.412312286558430399e-02
1.360968530721259027e-02
1.355558822587831815e-02
1.407757915747179928e-02
1.422968159242025271e-02
1.472563704777937223e-02
1.369198060388211215e-02
1.433478744183267622e-02
1.382781141597285227e-02
1.390936725614243426e-02
1.349987301761997049e-02
1.460483367937131551e-02
1.413741959877592644e-02
1.391021762408891846e-02
1.302456023944731714e-02
1.340787930598714636e-02
1.392338325563016732e-02
1.352225472930312054e-02
1.339572993637813160e-02
1.355871525625483749e-02
1.342256623094019441e-02
1.416531963015545473e-02
1.398251325681539384e-02
1.364358607830844748e-02
1.386277003654626597e-02
1.410935933291645843e-02
1.356225843954824740e-02
1.366392045350448524e-02
1.418109730599584513e-02
1.358050730730396387e-02
1.355259681857355972e-02
1.417895164752868385e-02
1.375265433187007960e-02
1.374905130070316721e-02
1.370409029369075958e-02
1.416720395801037216e-02
1.364405043384740029e-02
1.334139289415693999e-02
1.379046980973879996e-02
1.371821047807255875e-02
1.408391686437694863e-02
1.365787514596717399e-02
1.376714869358129992e-02
1.356671008600728555e-02
1.368226610852080714e-02
1.374582689944328119e-02
1.343837023154889274e-02
1.367097939423355182e-02
1.347059543221865337e-02
1.429266664933021534e-02
1.395609345333115835e-02
1.436434180446437454e-02
1.355579080373143716e-02
1.336853956945616324e-02
1.351211812603593174e-02
1.358206120291297579e-02
1.320541950424715394e-02
1.452320792139065800e-02
1.380932526585989216e-02
1.314331420032251348e-02
1.404271395458718194e-02
1.371048056981486775e-02
1.340751287027915420e-02
1.419698876838776380e-02
1.334581515445654523e-02
1.386999226342521679e-02
1.337291965693779110e-02
1.360390256123458763e-02
1.316359848538174379e-02
1.351721349629232509e-02
1.422466510846762469e-02
1.378027517330742725e-02
1.427466915670811375e-02
1.318927156305159040e-02
1.407842276115325170e-02
1.406501664141812831e-02
1.434776645691163144e-02
1.361977444588845579e-02
1.334067270139597389e-02
1.361802475317731680e-02
1.300404593744925938e-02
1.385709039214773168e-02
1.348731235954761000e-02
1.348170372199751846e-02
1.309727831498202349e-02
1.370712133304994619e-02
1.387525217866900432e-02
1.336505268584630216e-02
1.374592357295117626e-02
1.322209545223619435e-02
1.345949679853420886e-02
1.432988241544777552e-02
1.359942991631502528e-02
1.309115738519435815e-02
1.369582265869672376e-02
1.378750315136899156e-02
1.345345253818010754e-02
1.373215879392247415e-02
1.335760610768003780e-02
1.358741667891395603e-02
1.275757836260772195e-02
1.290236293186617679e-02
1.357640502365745246e-02
1.377038511575048342e-02
1.330768469467713024e-02
1.315098864135571914e-02
1.373839087165468383e-02
1.383129741303143825e-02
1.403194108944845128e-02
1.298320095716657373e-02
1.346394680514063913e-02
1.344255674151424371e-02
1.417403617443872832e-02
1.309810210649273512e-02
1.383269691033257864e-02
1.350946407026456554e-02
1.352787616097140752e-02
1.327066808125512178e-02
1.365249199962748940e-02
1.344789358343868521e-02
1.343015413729901908e-02
1.382335268443901470e-02
1.409753942120583158e-02
1.347833152575822480e-02
1.419512054146544570e-02
1.397195131275135761e-02
1.396382311934001377e-02
1.392704095284104035e-02
1.316257865390259643e-02
1.327117788630157759e-02
1.399829550089613621e-02
1.335551894869847246e-02
1.330425904932676893e-02
1.370970515080445311e-02
1.306045811807146108e-02
1.363880814134287196e-02
1.344453308624219898e-02
1.273984885434283933e-02
1.400293082230708204e-02
1.395444931610514278e-02
1.317631625369250145e-02
1.381819160394481480e-02
1.375052281572818058e-02
1.321811795502534324e-02
1.422463005126760500e-02
1.430687439650243746e-02
1.314040723344778866e-02
1.311330816391682343e-02
1.363531487457350644e-02
1.371525569884375455e-02
1.344227507763683972e-02
1.300503325855769873e-02
1.378181476657393267e-02
1.333179311240170403e-02
1.351732912408671120e-02
1.274859275230776426e-02
1.346969241544381142e-02
1.337058037985449852e-02
1.270452888621448860e-02
1.342854313985447981e-02
1.308653574663020368e-02
1.336544427522875708e-02
1.285954622780551525e-02
1.303856430843446448e-02
1.352834045208772991e-02
1.302502047439763749e-02
1.261228115120879324e-02
1.359981863662975202e-02
1.384859774899570989e-02
1.299302419778078366e-02
1.344470311942864461e-02
1.347389238610556886e-02
1.338843776897406281e-02
1.319695242057140894e-02
1.340596879250336923e-02
1.335655551030902506e-02
1.408083948770398088e-02
1.277521150603577738e-02
1.305307073364115299e-02
1.337767544418928117e-02
1.338751047527950676e-02
1.315866198166827476e-02
1.232302032551772612e-02
1.377825722758866875e-02
1.331828421577226605e-02
1.354561292733220956e-02
1.294607004286532116e-02
1.298182408851842294e-02
1.363229001041548274e-02
1.324154110641928214e-02
1.325920441973967717e-02
1.314143036258491257e-02
1.290617939288181588e-02
1.328208481295937646e-02
1.349255964417395495e-02
1.261763354983416394e-02
1.289668379826396961e-02
1.296794797084017785e-02
1.371202963852076462e-02
1.280123195806398897e-02
1.308641433400905760e-02
1.307755139600860934e-02
1.330285561841804652e-02
1.311802632549549479e-02
1.333445855454008962e-02
1.371178408012035596e-02
1.315319888101159317e-02
1.322488370374542282e-02
1.353238294967979913e-02
1.366939753308500996e-02
1.316021685841369838e-02
1.265686061211314731e-02
1.299802324736136321e-02
1.314007430950613932e-02
1.277220362973433346e-02
1.268491637032202919e-02
1.311265013294076257e-02
1.330710053897486006e-02
1.349983915042355341e-02
1.308628787750391181e-02
1.404968336300296480e-02
1.318744600751668022e-02
1.301657529321400067e-02
1.342527106873672889e-02
1.315674049910947781e-02
1.322948959892322578e-02
1.328810603239007591e-02
1.255082681478519868e-02
1.290974611571932100e-02
1.321662323751409719e-02
1.359919843417895652e-02
1.269503978997180496e-02
1.297729571154276375e-02
1.310625752577191175e-02
1.314516388922787327e-02
1.293118624339107889e-02
1.285163871688811861e-02
1.242880389682065635e-02
1.267938513203450621e-02
1.290358953377513003e-02
1.285776723174983892e-02
1.302869072677062014e-02
1.303501251634053490e-02
1.289011785578740056e-02
1.335001346684602276e-02
1.327776570075111032e-02
1.335875825183194601e-02
1.284279985440199730e-02
1.257882121520897956e-02
1.330159978870968512e-02
1.318005673790278824e-02
1.390079479962962744e-02
1.333254389451386801e-02
1.322823103576101222e-02
1.292451181334135918e-02
1.334613619444372998e-02
1.303107199760445388e-02
1.385838166475953336e-02
1.256162955558429682e-02
1.296665608410314981e-02
1.285050792934975747e-02
1.295861104293195148e-02
1.308171604006584839e-02
1.361152291449631985e-02
1.284760457167806458e-02
1.254506245206529758e-02
1.257054704927009631e-02
1.288269202025386397e-02
1.287490510002234530e-02
1.261955919332547957e-02
1.309849986597030023e-02
1.296698246913010992e-02
1.297417775852600756e-02
1.301795470960344370e-02
1.319101012118115146e-02
1.293274523306165748e-02
1.364422169343537314e-02
1.352295402258486649e-02
1.290310298317959639e-02
1.305368186917971185e-02
1.299759610653558779e-02
1.316590516844743167e-02
1.355586341838307778e-02
1.360166953956986127e-02
1.306053733568645833e-02
1.334004541205265244e-02
1.291453758386825780e-02
1.301774831753032581e-02
1.326501219996642847e-02
1.280711981125731182e-02
1.306054062463901481e-02
1.253669642991378855e-02
1.319893499056134026e-02
1.363532010076705207e-02
1.346388939507870038e-02
1.233337587241826148e-02
1.391529858086453311e-02
1.277887096935861715e-02
1.272244328917237870e-02
1.291408476189015789e-02
1.276338914762843377e-02
1.304320802665149930e-02
1.280929796492885110e-02
1.303730336445138929e-02
1.267054689349019804e-02
1.297367534466866562e-02
1.258805884995545070e-02
1.261575839334120978e-02
1.249599290333488523e-02
1.304781032112093710e-02
1.290275444074189329e-02
1.306953171573813945e-02
1.245072857722122686e-02
1.289818096010753208e-02
1.286906621434065479e-02
1.276384737953935658e-02
1.310602689185904474e-02
1.317973328319783748e-02
1.346783028565427635e-02
1.250698855327227708e-02
1.293188840769171621e-02
1.360214061979386595e-02
1.243140930706320042e-02
1.257310553001512315e-02
1.318498730310017734e-02
1.296502034290442432e-02
1.259736590775879621e-02
1.276962187076491687e-02
1.290328846949512394e-02
1.303899019920484390e-02
1.262057331842503065e-02
1.250314328598332511e-02
1.254595532322648997e-02
1.320574900849073863e-02
1.271827253731201701e-02
1.301237495075279957e-02
1.257266799246056777e-02
1.295006504834893789e-02
1.268093360248941093e-02
1.290644720831782104e-02
1.265593773247171254e-02
1.296807315002998853e-02
1.281469102953720039e-02
1.234918494341635982e-02
1.285329149424632028e-02
1.308462922889819940e-02
1.335869202915870337e-02
1.301322775711002445e-02
1.317567564329975502e-02
1.288983805680288773e-02
1.268214253280135900e-02
1.275576238830866856e-02
1.287533900912890203e-02
1.244300180606397986e-02
1.231589582995376922e-02
1.343538415746944881e-02
1.301080089009073841e-02
1.262716914671557951e-02
1.307951148458193734e-02
1.268263383590206503e-02
1.283315657703681077e-02
1.302603845041450624e-02
1.257328742715773870e-02
1.292491150679746237e-02
1.278324229806731063e-02
1.238402908920195437e-02
1.254611348106032635e-02
1.238801133929412490e-02
1.286442258416437348e-02
1.235509426382091352e-02
1.279987198324399923e-02
1.347847413621163296e-02
1.301143998472358010e-02
1.260940300838628118e-02
1.242486562691896834e-02
1.335310963094336716e-02
1.250761446565085144e-02
1.297753945956548610e-02
1.282771637245029919e-02
1.283897912022548271e-02
1.303036606261489920e-02
1.208838168816918704e-02
1.318724986618840037e-02
1.256888549964006035e-02
1.272227778127390380e-02
1.279829281860556979e-02
1.259945275308659886e-02
1.291907729049906334e-02
1.268091004051391524e-02
1.317944002100535084e-02
1.241897333561876177e-02
1.284448211646850059e-02
1.325012692530985921e-02
1.281674485773394261e-02
1.258824447380621492e-02
1.340458007483761628e-02
1.250875406064035598e-02
1.270910987546236201e-02
1.261287808360291897e-02
1.232766992804411148e-02
1.241424347464731293e-02
1.284983679642339761e-02
1.242705236669454372e-02
1.250593811434632524e-02
1.271191625093714278e-02
1.193506571896857903e-02
1.199665582082855633e-02
1.204454795711860232e-02
1.276759253536383781e-02
1.263100570608881659e-02
1.285612702592594907e-02
1.201079455963081910e-02
1.235934265727466931e-02
1.305659543075328444e-02
1.284555452025155746e-02
1.248940935858438260e-02
1.291244524403887227e-02
1.247372407753086047e-02
1.262221684117642052e-02
1.285007123230072143e-02
1.244570587356658153e-02
1.243588121557079318e-02
1.223837787194866598e-02
1.246451982085093613e-02
1.305343501573178258e-02
1.230140469204120054e-02
1.300154501718585841e-02
1.287223746127846152e-02
1.260326240668756780e-02
1.251530432775325476e-02
1.272100178214969832e-02
1.236708110942241236e-02
1.325681891237426822e-02
1.294649362326497424e-02
1.258915705670597511e-02
1.238718286177130541e-02
1.274868731349913277e-02
1.257505852143624321e-02
1.232280297856167169e-02
1.218737308153099337e-02
1.302388280594868157e-02
1.176259922725407352e-02
1.289920447323688636e-02
1.284892393299978675e-02
1.253671053324157195e-02
1.276467176118965992e-02
1.223439081903568947e-02
1.300155372767711898e-02
1.280851371304408959e-02
1.256445017266145069e-02
1.299725889255492171e-02
1.293100180139165022e-02
1.253256174553113098e-02
1.267222919597850266e-02
1.220748952704846409e-02
1.207165420082221587e-02
1.248416128640302339e-02
1.207231907372809977e-02
1.252133654056482824e-02
1.248471351180508240e-02
1.300282438039428168e-02
1.290044368292646119e-02
1.201058104638871339e-02
1.234786559014156189e-02
1.298973744182685582e-02
1.251139660258870391e-02
1.245811811814042692e-02
1.198333028360804367e-02
1.264363851181924368e-02
1.220438772644830659e-02
1.283072900802905043e-02
1.343323513869891517e-02
1.265219707826444398e-02
1.260484885207081157e-02
1.354236087504357561e-02
1.209619621642413906e-02
1.202862698674600148e-02
1.247679597381027260e-02
1.224474647630396408e-02
1.220937185170049150e-02
1.276060079807946057e-02
1.238183880338831165e-02
1.255671795385198374e-02
1.282440034230712678e-02
1.281357139698392593e-02
1.194531083573172926e-02
1.265655326521836557e-02
1.206101869722917344e-02
1.155105420799029843e-02
1.229839321342317444e-02
1.266028802689078692e-02
1.187516640313930963e-02
1.231988848027866859e-02
1.211428623646683238e-02
1.220573176726290170e-02
1.219175047530591735e-02
1.217480808344594857e-02
1.246147113257337589e-02
1.251412410392822513e-02
1.258828865036360281e-02
1.261232933595828921e-02
1.283994425838328596e-02
1.243086893196908814e-02
1.257339431635041797e-02
1.267356087286563258e-02
1.277183166422420080e-02
1.266679874169736146e-02
1.255291000412610096e-02
1.230183255233446848e-02
1.195128890232483899e-02
1.225584117606882961e-02
1.225456537272542543e-02
1.222365256822654025e-02
1.262786626785749114e-02
1.241781145003310709e-02
1.228574860036263719e-02
1.182203959990222632e-02
1.275626133255828437e-02
1.224155183721235829e-02
1.196168497721570613e-02
1.228447726146091393e-02
1.212560854811614401e-02
1.259827685078519603e-02
1.188372265374766472e-02
1.233810934047754361e-02
1.285225828379920991e-02
1.213373040410063719e-02
1.209093119548031864e-02
1.244926684217275911e-02
1.258647194431673604e-02
1.225341713314803162e-02
1.210909088233430922e-02
1.238535689305297546e-02
1.223181014257752192e-02
1.266026592095834992e-02
1.278034468631135748e-02
1.202063798947796726e-02
1.317218612836612048e-02
1.263956509538104525e-02
1.199672118570995101e-02
1.196931334846252672e-02
1.176870260366227883e-02
1.267972847224534128e-02
1.230987626938534127e-02
1.221427602632531306e-02
1.277643460583705558e-02
1.277644095574578982e-02
1.272705512972087047e-02
1.236212258139741428e-02
1.290233003944186996e-02
1.259778678714207692e-02
1.220376716502707612e-02
1.238693834952288818e-02
1.248277202577803557e-02
1.214221973501352324e-02
1.344156781269777862e-02
1.222496144084721757e-02
1.265822404743228644e-02
1.243012563061889238e-02
1.231772984784579653e-02
1.206215868978472404e-02
1.245425918128112604e-02
1.258357571417674688e-02
1.227969615472569546e-02
1.266319781448429355e-02
1.206595952918176201e-02
1.217187812975037073e-02
1.251185677423332851e-02
1.208453057711770737e-02
1.187690643704373585e-02
1.203412696472641943e-02
1.208168162280120507e-02
1.239934236294984275e-02
1.254233708856194139e-02
1.253048970088789515e-02
1.239968816829561775e-02
1.233570151125273733e-02
1.297492859031136765e-02
1.218340869635243899e-02
1.237223176499050066e-02
1.308468908289516473e-02
1.163452600001580427e-02
1.193618028290952329e-02
1.235142927699898162e-02
1.237386850876488580e-02
1.287364645758505045e-02
1.245735323948186923e-02
1.247716741015475819e-02
1.220261086409149195e-02
1.175839694356261428e-02
1.200894843194259126e-02
1.140410391583663099e-02
1.205541532306823524e-02
1.243432076993508661e-02
1.245543537775831155e-02
1.199659158721262317e-02
1.241788606771561734e-02
1.183684397359765009e-02
1.134719451048553721e-02
1.253267991854008917e-02
1.219212632946316439e-02
1.250569607435515068e-02
1.258783249620124348e-02
1.244356060049476957e-02
1.248510278870136082e-02
1.196656031292029840e-02
1.219867739988963508e-02
1.218627323266252387e-02
1.164842132300096880e-02
1.216181497705082042e-02
1.229103167737137341e-02
1.251833066031555509e-02
1.198913145675955909e-02
1.228386664876803674e-02
1.209228110289777523e-02
1.218119823356795042e-02
1.210529912771108815e-02
1.216051456157835227e-02
1.188214727016011565e-02
1.248617586656581256e-02
1.195392021636306791e-02
1.209341108345225214e-02
1.234898234651904576e-02
1.298316210341540940e-02
1.188478370892299789e-02
1.167206168688243208e-02
1.234122736011404424e-02
1.235466326943932165e-02
1.195241281505797677e-02
1.208861350296890937e-02
1.222206260361166467e-02
1.218288851986561346e-02
1.229948045029519849e-02
1.275077882576387128e-02
1.242928918888854678e-02
1.198735907884214587e-02
1.184628053738792999e-02
1.244229982057149311e-02
1.195379835763363437e-02
1.223268486713093364e-02
1.217127100754189332e-02
1.142883842106672335e-02
1.271241771735527257e-02
1.251003261506624178e-02
1.231806882386136948e-02
1.232243845107823706e-02
1.204290282376255933e-02
1.214796181481161107e-02
1.241776482326002913e-02
1.206817500188531352e-02
1.140708351267762273e-02
1.227882659111543574e-02
1.210139659020896367e-02
1.202742283383293267e-02
1.237743984551313223e-02
1.153120117327863410e-02
1.245905197912846284e-02
1.200588780657481543e-02
1.231069078323498815e-02
1.212377500241576360e-02
1.250471142949669857e-02
1.191473058708553655e-02
1.178873435144822332e-02
1.129348919353754914e-02
1.229017002845895004e-02
1.188622689613035542e-02
1.200205589683187718e-02
1.200507496347396653e-02
1.186796320879235020e-02
1.195585112687576855e-02
1.196098946259600837e-02
1.199324513064293531e-02
1.213715954876092365e-02
1.206519088586790849e-02
1.187343284904446815e-02
1.209907331400121577e-02
1.185590725549928726e-02
1.238960137627460184e-02
1.206836953034847414e-02
1.214616237529513032e-02
1.223071932952219699e-02
1.269713646734815272e-02
1.217539765459745189e-02
1.209190162649868491e-02
1.184508649739135500e-02
1.205478765351758810e-02
1.226089264190409478e-02
1.192076432258075414e-02
1.163123588508370096e-02
1.189080246163187575e-02
1.197356009225651087e-02
1.183968821916563975e-02
1.265467983461969655e-02
1.196301473449923845e-02
1.163035225987868633e-02
1.243931530007216096e-02
1.206636813657903373e-02
1.206398524259926462e-02
1.172950412620147286e-02
1.249274642212351398e-02
1.214673992197614835e-02
1.174826398420983874e-02
1.204075188934916434e-02
1.211123577866605669e-02
1.230081491754533851e-02
1.264996802946741564e-02
1.183690581947316987e-02
1.186030412911998934e-02
1.204827150523220605e-02
1.185119509899090241e-02
1.237342525313506018e-02
1.206689043942545808e-02
1.188957335863827930e-02
1.190007012639814760e-02
1.197584853167546655e-02
1.149460570763824810e-02
1.199705836082541784e-02
1.234621255344421284e-02
1.233422545476440917e-02
1.183860282985452379e-02
1.218930264130244079e-02
1.181230523822067099e-02
1.180292973127912599e-02
1.172070724722858517e-02
1.223581063468586264e-02
1.186913638302438193e-02
1.185605912029946002e-02
1.143770738539940865e-02
1.177464407013807668e-02
1.119208672241219123e-02
1.179989469947940323e-02
1.211859450710731437e-02
1.204842465089816378e-02
1.261637715838949403e-02
1.163780306100936981e-02
1.199824632483595215e-02
1.164595847075579858e-02
1.207511922285617670e-02
1.157712610909312004e-02
1.183132185484023387e-02
1.200314585304869223e-02
1.225498054326835430e-02
1.179891907799496091e-02
1.191012914520906373e-02
1.214765101873404446e-02
1.136285753669282091e-02
1.183883079402933344e-02
1.160416881445643957e-02
1.227550136156357885e-02
1.221628204265726679e-02
1.161324262849262531e-02
1.234582439835859961e-02
1.204085123989663206e-02
1.193231681422652658e-02
1.189767349299965769e-02
1.230379380679186285e-02
1.195645802421545396e-02
1.199755251540032125e-02
1.204621470784533743e-02
1.178470985198987013e-02
1.191180182655699436e-02
1.215233995599262866e-02
1.195395459152115251e-02
1.135263655459668036e-02
1.177250553418036048e-02
1.108948364290465033e-02
1.209086703941673890e-02
1.228520619417484104e-02
1.136872161620668467e-02
1.140037870259363005e-02
1.217562091837192002e-02
1.168958658176777292e-02
1.163891576139530065e-02
1.207972723973879496e-02
1.155400043355189407e-02
1.135072396261474666e-02
1.150547186180669694e-02
1.169627823809429000e-02
1.202812242926048526e-02
1.167247071203566383e-02
1.151350277613931092e-02
1.167006012322252713e-02
1.238480227822010872e-02
1.191834462645159284e-02
1.160824699438676479e-02
1.204601075225391477e-02
1.158063504541542027e-02
1.232080240836230800e-02
1.197514757072453903e-02
1.210201238622528840e-02
1.193141422914376429e-02
1.179950611530122644e-02
1.154778817300151569e-02
1.195673585862979185e-02
1.205136280263627117e-02
1.190347891068421239e-02
1.170135027106460057e-02
1.134315232566138545e-02
1.156673879901274314e-02
1.150801950287490966e-02
1.198694529858757366e-02
1.171682925553091566e-02
1.232519222014696533e-02
1.200039353081810457e-02
1.206613586556603245e-02
1.154386303749016865e-02
1.197099729257720784e-02
1.161514884570424497e-02
1.204904039916726219e-02
1.167490595255646184e-02
1.183146866260866535e-02
1.190912584026343132e-02
1.130375001050591861e-02
1.123470703627840739e-02
1.199223716354102555e-02
1.168783950365880238e-02
1.150136536335352559e-02
1.149699262308205919e-02
1.182578073618911936e-02
1.215215687347633890e-02
1.183054608113195613e-02
1.173496000365863157e-02
1.131162412292288644e-02
1.169899737780255924e-02
1.226505348999693337e-02
1.148146048111817891e-02
1.146528929817755733e-02
1.151065800626003936e-02
1.144667023230371179e-02
1.136881724215252007e-02
1.231056107557234290e-02
1.207232701775742996e-02
1.194332286474051805e-02
1.221937123113880572e-02
1.164598934136388750e-02
1.158095517197958724e-02
1.181810429486853525e-02
1.157213478809140939e-02
1.179986066926405099e-02
1.143690002941559827e-02
1.173897401913774965e-02
1.204707729374208947e-02
1.107784694224511063e-02
1.168466214073911498e-02
1.156100257290241379e-02
1.197408092031816869e-02
1.158080742009323476e-02
1.197360479948871535e-02
1.125398486588064829e-02
1.234656504949684271e-02
1.193998780340949951e-02
1.183969245163789957e-02
1.172432124154098795e-02
1.181100471214086359e-02
1.182521520760177608e-02
1.168337040265158590e-02
1.105613095639071224e-02
1.219245402184589329e-02
1.150246682256808595e-02
1.148470650870936013e-02
1.135171526184767382e-02
1.171856174801689555e-02
1.151678944094368558e-02
1.237078900410087424e-02
1.186480569964255480e-02
1.141220348838213432e-02
1.100145840405621078e-02
1.119870094026885650e-02
1.245153750089316239e-02
1.130945397365254977e-02
1.159784487126943979e-02
1.103870470524749049e-02
1.132618848867847014e-02
1.171465244314896098e-02
1.110579662945407504e-02
1.189554916782388679e-02
1.167636291963015244e-02
1.196651262955917942e-02
1.223395406485094580e-02
1.145721423567428766e-02
1.131095138731281168e-02
1.165168088292633901e-02
1.170140658996404043e-02
1.134008127254157970e-02
1.172923498976439528e-02
1.197942278078640947e-02
1.192277155768128004e-02
1.088451221049472999e-02
1.196657754298180963e-02
1.164640063948263297e-02
1.146389266576576874e-02
1.162679127185490061e-02
1.168369858849152912e-02
1.122505345577793669e-02
1.180528416495181358e-02
1.241297819159678691e-02
1.096146072118687857e-02
1.240093543355862658e-02
1.202492907566473507e-02
1.140294496471027860e-02
1.224597328086801488e-02
1.132835383128576179e-02
1.155813561800189335e-02
1.225354161094718147e-02
1.141731258608110443e-02
1.121527574493700642e-02
1.224265651394804318e-02
1.068621054522687561e-02
1.153957430017956906e-02
1.111208855508048071e-02
1.142946311127046415e-02
1.148946007225393716e-02
1.162635978903754815e-02
1.105726116091207932e-02
1.149093438545287574e-02
1.132310302417414288e-02
1.095238578432574522e-02
1.186607434511337093e-02
1.165181359106924087e-02
1.105220667929160926e-02
1.078388205946905105e-02
1.159500770872605620e-02
1.173372791791575838e-02
1.153453102622286307e-02
1.139459809268216633e-02
1.142896362182650033e-02
1.182339015912037446e-02
1.164114421633163574e-02
1.115506651679215762e-02
1.149959445296762015e-02
1.148388178700488274e-02
1.124991309040140018e-02
1.202371437334052995e-02
1.055325805560544498e-02
1.191457416850410025e-02
1.124326903706661038e-02
1.150688135577174892e-02
1.181207202915616171e-02
1.107536232175719039e-02
1.155613587150328830e-02
1.143947994455880510e-02
1.167892869314150241e-02
1.183733269919510535e-02
1.128401765572326423e-02
1.089503748982958986e-02
1.165740468178433353e-02
1.155098969673142538e-02
1.155220046907474638e-02
1.140136908298184162e-02
1.078403492108111032e-02
1.079836452636107405e-02
1.199037739616502958e-02
1.101071191299954170e-02
1.114066586705483169e-02
1.093227282639832459e-02
1.120821810901920755e-02
1.179701004538949265e-02
1.119192149057971104e-02
1.148578253099681937e-02
1.150345358867409067e-02
1.123264922763579296e-02
1.190384352269083408e-02
1.153562807023809401e-02
1.164022042629848062e-02
1.123718278313692691e-02
1.156296105403626165e-02
1.163152075385615568e-02
1.131176813192174418e-02
1.115922049856025999e-02
1.136953008345601042e-02
1.168896439690994028e-02
1.138515110690637745e-02
1.174000350274329550e-02
1.195103140384117663e-02
1.087442061128629858e-02
1.195877217428363212e-02
1.162307282659874076e-02
1.164552022298787071e-02
1.140691352614793368e-02
1.174894561456896365e-02
1.187713138152685088e-02
1.176807341203677838e-02
1.206839013479561393e-02
1.141216532866675196e-02
1.120199448558125213e-02
1.101569152348681399e-02
1.123277231873391104e-02
1.113248922771381197e-02
1.120710724750382560e-02
1.167057649271666629e-02
1.164963364051623158e-02
1.101155907670196658e-02
1.178214779580112094e-02
1.113276683220271873e-02
1.119939509773260240e-02
1.115313237718856994e-02
1.061437888890746743e-02
1.150677369390478225e-02
1.156398930031370641e-02
1.093689803842609089e-02
1.173557249928247788e-02
1.169817440858559113e-02
1.077190848035888306e-02
1.134157303001078615e-02
1.137261862856103409e-02
1.145841891715262094e-02
1.159902868496806051e-02
1.208052089096309928e-02
1.165973470179108157e-02
1.113889454830153773e-02
1.144572427218968833e-02
1.176053076225706123e-02
1.114406656464166263e-02
1.121974786476473071e-02
1.133246295092808775e-02
1.135261859778655992e-02
1.166822231594149759e-02
1.139244912752190864e-02
1.158773160019746160e-02
1.182713575322503000e-02
1.048926385787547766e-02
1.073059320861656507e-02
1.103072814047225715e-02
1.124675715569798534e-02
1.151290984517936399e-02
1.048119540375511138e-02
1.145648838857936565e-02
1.113050893497116896e-02
1.172220141320115191e-02
1.073434901663064892e-02
1.164378762018992812e-02
1.185707084310163792e-02
1.183955735207939050e-02
1.154594113257363490e-02
1.196186041049616088e-02
1.130574820828643759e-02
1.126122878000699636e-02
1.106932561855222645e-02
1.140693933776010943e-02
1.110854472662290739e-02
1.172306459919977492e-02
1.102610441374326025e-02
1.089079855058757915e-02
1.150735031463712317e-02
1.135339820232113793e-02
1.176534252210003663e-02
1.083967984118234043e-02
1.132176511625428150e-02
1.117584400196162259e-02
1.187623890568952068e-02
1.193982959591072084e-02
1.121432172811172474e-02
1.137341686402246373e-02
1.146144779713653521e-02
1.218650640613960258e-02
1.149759713734696022e-02
1.083035567327119905e-02
1.191170842813735718e-02
1.124791811133857809e-02
1.094508206293026177e-02
1.153711320822776477e-02
1.145237671282967225e-02
1.095745725919052872e-02
1.166688250127448020e-02
1.126354607991176052e-02
1.116657740280688899e-02
1.178586437489832946e-02
1.131859503562948795e-02
1.114876104442341295e-02
1.151280849998287566e-02
1.048080526634227738e-02
1.204178433159875175e-02
1.139662564359414029e-02
1.130464184123564260e-02
1.118303082130544385e-02
1.116872920036428296e-02
1.097430909527408703e-02
1.101663780297334159e-02
1.137663038128460501e-02
1.092456479321914954e-02
1.144755008791216444e-02
1.072621894741435968e-02
1.143795862139557543e-02
1.113458295929655069e-02
1.134471472043542539e-02
1.175016247406933043e-02
1.141410496283559554e-02
1.148504054648945630e-02
1.088056123406729372e-02
1.104940646146768644e-02
1.140306429151463283e-02
1.081200352294815585e-02
1.162255191485149670e-02
1.081322834568861774e-02
1.166732665543331049e-02
1.121647718653721176e-02
1.153828131191174042e-02
1.088670859202696579e-02
1.185649109739537674e-02
1.083550811607974888e-02
1.107310914130128603e-02
1.082024265077951956e-02
1.081166578738801398e-02
1.080220074802620660e-02
1.075832079966745208e-02
1.144249856140657634e-02
1.089534443837252529e-02
1.116297501723460123e-02
1.123513643044631201e-02
1.119305720137139283e-02
1.171248915275794993e-02
1.094512493214886729e-02
1.102183120328261226e-02
1.136928657275344985e-02
1.122580922815354793e-02
1.154248882469592966e-02
1.102789153847713588e-02
1.161115115878583876e-02
1.161459541871498469e-02
1.089423750795705248e-02
1.081357427874578801e-02
1.117669080726243526e-02
1.156003247707189201e-02
1.158132888825235893e-02
1.123944430417219212e-02
1.096048342930698929e-02
1.151265005793583769e-02
1.084852701908711400e-02
1.112283727461424107e-02
1.129387485824628889e-02
1.107921673494487169e-02
1.148962806026499438e-02
1.138571289117263664e-02
1.128267719278254824e-02
1.114836272497011886e-02
1.094670448636145092e-02
1.120612542124085204e-02
1.106034414097114768e-02
1.124344541869745639e-02
1.111695450982676941e-02
1.141120905046928875e-02
1.167545097269674474e-02
1.128935872764955453e-02
1.098795819143351220e-02
1.122405852517459335e-02
1.077915294652749718e-02
1.104188371380309536e-02
1.140200850903079488e-02
1.086067965821645165e-02
1.084099595647770864e-02
1.089024649127325745e-02
1.060998339904110042e-02
1.108482031268237522e-02
1.110555913047628872e-02
1.134504419046404589e-02
1.123250212639884810e-02
1.144840486061628367e-02
1.098961265404170724e-02
1.135406719879855121e-02
1.088856966363996662e-02
1.126555483407628948e-02
1.164998951369254979e-02
1.089336301673824933e-02
1.090482156993820111e-02
1.123291391566671495e-02
1.096799036812828865e-02
1.111421739761740690e-02
1.126165222643636839e-02
1.084705095066038072e-02
1.103311548362265714e-02
1.126267905196573840e-02
1.102863089271124628e-02
1.173435904912874424e-02
1.118839174046112883e-02
1.168547783319584185e-02
1.115733157890855080e-02
1.085058283551863789e-02
1.063939817205452297e-02
1.136942985771118193e-02
1.121129629717949883e-02
1.103395988266515741e-02
1.124928777728903886e-02
1.095264974533626152e-02
1.183864123147681559e-02
1.126858252096231069e-02
1.029906473742649500e-02
1.146860711287854898e-02
1.113994271158412139e-02
1.162346191363991532e-02
1.155849965872618283e-02
1.146514826265264235e-02
1.112778540819869821e-02
1.144620866695734637e-02
1.038866349213688617e-02
1.104635159570171998e-02
1.084765444503297573e-02
1.166387899062353885e-02
1.087669542683110217e-02
1.127018786134544037e-02
1.152364597400484976e-02
1.098345598994298830e-02
1.159310704940935167e-02
1.159306755643838699e-02
1.099783169787036524e-02
1.088602653274283079e-02
1.113665086834990381e-02
1.060415189853254614e-02
1.058483020328745278e-02
1.087718896440594343e-02
1.129724332457117050e-02
1.123218711615151660e-02
1.110646594799140179e-02
1.097937865555321212e-02
1.080398888117412026e-02
1.109492373445220004e-02
1.135235746093678916e-02
1.089967844237241593e-02
1.066393829791096107e-02
1.088233133377075612e-02
1.090628118546215462e-02
1.062732364751517271e-02
1.120213098955848141e-02
1.081721675457003769e-02
1.084746787213106481e-02
1.111223241531569469e-02
1.113609146073094025e-02
1.100463035066941327e-02
1.123243894309857056e-02
1.138512362669476079e-02
1.051293536728817313e-02
1.068422061939886675e-02
1.126212984963037046e-02
1.094264592288754674e-02
1.074785577759855559e-02
1.138642554453134573e-02
1.144162916062091938e-02
1.064701367463899775e-02
1.147125754562800144e-02
1.095768158758062168e-02
1.150246527855451791e-02
1.100830848333237896e-02
1.139521871548519229e-02
1.155619660812301323e-02
1.111894716089801768e-02
1.159986826624538440e-02
1.105403978053005366e-02
1.096866427090319347e-02
1.107804470402707492e-02
1.094124910084722131e-02
1.026569027808107645e-02
1.112082280410819739e-02
1.178051391453646332e-02
1.155817532515238805e-02
1.044964717936888200e-02
1.087492554320333878e-02
1.096870026780934551e-02
1.126914747630046107e-02
1.035099401628934886e-02
1.077904934496043757e-02
1.102257823490375953e-02
1.124536356366752365e-02
1.119887091489813781e-02
1.132871150211504051e-02
1.103670892484900044e-02
1.119029124740532170e-02
1.077810595138032831e-02
1.144785325649438912e-02
1.131251212973345514e-02
1.128401100617716472e-02
1.103670198011834358e-02
1.148319696343288489e-02
1.073710584039886361e-02
1.072549722648565192e-02
1.135874711531025677e-02
1.153069210818207652e-02
1.137204233370946518e-02
1.116058116234425364e-02
1.135077088997750797e-02
1.072669769052815754e-02
1.105922621407272322e-02
1.099142341633960532e-02
1.061874042522738953e-02
1.044240899975922010e-02
1.036454812423632382e-02
1.150041096244370890e-02
1.094323265719667967e-02
1.106889877005681061e-02
1.067707268972905958e-02
1.092046690779553686e-02
1.069536165698959339e-02
1.086907425467099897e-02
1.057857108725676967e-02
1.084464233764929376e-02
1.094156850898252674e-02
1.129966594616450479e-02
1.130414679547888865e-02
1.131804182145567696e-02
1.136885781897226111e-02
1.086205013307353293e-02
1.123072182562513330e-02
1.099610882963291715e-02
1.106984188873014023e-02
1.153364731760125016e-02
1.066557553830979783e-02
1.058643507603826417e-02
1.078794404112703997e-02
1.110236401172854694e-02
1.107246573420933057e-02
1.077152263731162747e-02
1.061296859969625139e-02
1.066043058523663024e-02
1.102647292170169310e-02
1.119828809149985352e-02
1.059734770804401406e-02
1.124788276496044986e-02
1.076825585973185950e-02
1.105246788634254955e-02
1.112752629188434872e-02
1.081299067448861922e-02
1.127843476001689528e-02
1.081376564573205065e-02
1.111704756609383123e-02
1.053715309147345083e-02
1.116168866412736022e-02
1.115645220615081763e-02
1.082184173341601587e-02
1.086017509863004479e-02
1.101016067762365137e-02
1.093358610164662896e-02
1.057563242511540963e-02
1.101391754557331550e-02
1.078607144015944139e-02
1.106711192432736739e-02
1.124546848016455547e-02
1.076303898184289252e-02
1.068501609174390965e-02
1.054320130694600885e-02
1.164749127982640797e-02
1.113970883629815216e-02
1.061921181417419327e-02
1.100900502741973194e-02
1.102962242484831212e-02
1.065947940815779871e-02
1.110862274254514892e-02
1.132521647760405432e-02
1.135537669815221522e-02
1.088881494665029301e-02
1.134568920597883376e-02
1.078400270769421139e-02
1.071703732623306531e-02
1.103935745479970622e-02
1.034549342130260466e-02
1.112453550089682539e-02
1.086144567144770902e-02
1.057395500181318448e-02
1.045528379599918074e-02
1.093088199287424456e-02
1.145577495495688457e-02
1.079300808999059461e-02
1.035593309377106502e-02
1.092872100131434855e-02
1.094871966237334106e-02
1.071024938371646640e-02
1.108532770206322425e-02
1.089967026803301785e-02
1.067625982885315843e-02
1.101109090299259678e-02
1.085062210779758757e-02
1.027195463067222432e-02
1.067902136125050902e-02
1.043861009865433738e-02
1.045863735985455394e-02
1.076250926045241134e-02
1.063790999970957128e-02
1.070550911712281165e-02
1.133668186687603052e-02
1.091753087017219119e-02
1.125965287551276839e-02
1.096143319789895203e-02
1.110428647308223278e-02
1.053757558763992672e-02
1.089211146706345681e-02
1.091844254981005208e-02
1.106862617623339054e-02
1.120504132700419000e-02
1.067986244077176634e-02
1.063787716070499316e-02
1.132075151660107484e-02
1.089225242770471350e-02
1.035089649560378550e-02
1.074719550617645250e-02
1.117644167319840030e-02
1.081306391002474776e-02
1.053375440393161840e-02
1.094284177687867947e-02
1.064329574776161358e-02
1.155192726320851404e-02
1.100592311583949677e-02
1.150657124211904199e-02
1.063320203301780335e-02
1.094881366769854918e-02
1.092953238282393276e-02
1.074272503683846615e-02
1.064408717260912143e-02
1.081473724963454182e-02
1.111383962063599434e-02
1.069165138169285781e-02
1.073963814914205214e-02
1.059187885328334924e-02
1.064564269550622930e-02
1.095817096936526139e-02
1.022746263242331477e-02
1.062575605788660185e-02
1.116188163560024628e-02
1.028456921898538226e-02
1.125689898180722189e-02
1.052420708620795987e-02
1.078113953252344409e-02
1.118327857744058282e-02
1.099105689776727450e-02
1.101794212431210333e-02
1.097284216259431476e-02
1.156867692318022667e-02
1.068111608619382556e-02
1.097928309115145558e-02
1.085174533047496802e-02
1.096718966849486755e-02
1.035760400436288621e-02
1.074829907603813174e-02
1.085046461767267580e-02
1.067761411395847307e-02
1.030638709487258567e-02
1.044163678013161969e-02
1.044419523290246801e-02
1.046223427444560768e-02
1.045308095728838399e-02
1.060208876420061334e-02
1.089317438276661901e-02
1.085099256218785210e-02
1.080410063236786171e-02
1.099200068360674590e-02
1.039581520367635799e-02
1.070410647833650378e-02
1.042702154007891895e-02
1.157090917867583356e-02
1.053145175618144976e-02
1.069285238422225393e-02
1.061534121687583536e-02
1.119636744947915402e-02
1.086835624545684671e-02
1.105843018182309234e-02
1.088677518982468680e-02
9.872855058475855927e-03
1.021978566949360671e-02
1.094643459437391261e-02
1.131986197776435783e-02
1.085398473478326256e-02
1.108868264861119501e-02
1.043842089240794649e-02
1.072722860497609884e-02
1.096556088512799267e-02
1.116322662170487340e-02
1.072495880410708445e-02
1.084819818479453545e-02
1.080473798971491942e-02
1.107565331916109987e-02
1.066375286310365308e-02
1.065923432847639026e-02
1.044763333158953665e-02
1.067710203779002713e-02
1.046252421892155011e-02
1.131649340964443508e-02
1.071188233918424215e-02
1.121551263719559530e-02
1.080323291934846656e-02
1.018522029726106476e-02
1.026461876631990476e-02
1.049393297699609783e-02
1.073078391523233331e-02
1.034417409457570602e-02
1.081758335354832123e-02
1.112736505434379179e-02
1.091898975944955580e-02
1.083856978706269555e-02
1.037924088051365296e-02
1.014357118753258374e-02
1.012213993808896983e-02
1.056950734481823008e-02
1.117576664315247589e-02
1.089018249635198554e-02
1.090137671839976410e-02
1.068260496928486424e-02
1.069453871737670661e-02
1.094270630876845521e-02
1.050647599526082637e-02
1.083111289987540374e-02
1.051505653215990300e-02
1.060161951342345268e-02
1.062466368982320324e-02
1.043088596008438958e-02
1.057355036576904279e-02
1.077344662771750373e-02
1.044307936423712578e-02
1.121707309261369204e-02
1.096560622006730913e-02
1.066636810156580857e-02
1.068451906263874832e-02
1.142989718355854299e-02
1.088155789671354373e-02
1.098080692425095449e-02
1.042717992955526259e-02
1.093069664259662017e-02
1.087523684289300879e-02
1.069203002885115751e-02
1.103044767807075457e-02
1.052036014857121900e-02
1.035335323600739682e-02
1.048327854540772978e-02
1.114315966098462611e-02
1.067722139734013712e-02
1.103643864468848573e-02
1.106418239609008140e-02
1.068307212327489208e-02
1.085098969360758121e-02
1.004682384400895807e-02
1.054239907595808795e-02
1.082292122780923425e-02
1.093073391537615659e-02
1.078389159363239529e-02
1.051661175294851813e-02
1.078634460156369795e-02
1.045957977303733043e-02
1.060596686333221961e-02
1.117015892134551325e-02
1.091878023037167779e-02
1.053167182649050564e-02
1.059184242127538846e-02
1.079077470985737898e-02
1.038664682071239673e-02
1.077338666390311069e-02
1.050401320671894706e-02
1.071405807342615257e-02
1.046154916438352817e-02
1.084907828773642308e-02
1.066976274803593631e-02
1.099398084059792155e-02
1.074532254933541209e-02
1.023412176275402888e-02
1.075988111512024212e-02
1.086952215068241571e-02
1.076771374630661887e-02
1.085850042474575949e-02
1.092014110729711517e-02
1.093774895394705043e-02
1.092554921833092420e-02
1.098206108543025791e-02
1.080720053858910332e-02
1.027604160452075949e-02
1.111346279510038240e-02
1.101323575683026135e-02
1.056806057758246688e-02
1.044009004087330383e-02
1.075417731446604366e-02
1.103712023737749189e-02
1.025006622444060538e-02
1.061999744414329240e-02
1.037244751296358992e-02
1.128094657613842346e-02
1.068282507687398977e-02
1.067019366364648295e-02
1.087640554617311239e-02
1.044290195373367980e-02
1.023416724697939068e-02
1.064527641378573870e-02
1.063406363528539116e-02
1.027605154189698868e-02
1.103596184681446962e-02
1.074025143385190853e-02
1.094392191751698308e-02
1.120362652602979389e-02
1.092856893486823279e-02
1.089329159932637785e-02
1.051190501295402521e-02
1.104344186454670265e-02
1.030119476998560268e-02
1.100244777760772501e-02
1.132673864000892372e-02
1.037173768639092393e-02
1.062509350224206950e-02
1.055190197623495293e-02
1.075433232456212036e-02
1.051498723738813167e-02
1.057787207476621784e-02
1.046615590428141840e-02
1.056472776003920637e-02
1.025838971968642821e-02
1.025055744461138632e-02
1.051217456027186102e-02
1.025688221038878814e-02
1.088121793231600944e-02
1.128002194225276485e-02
1.083032621460579444e-02
1.058822771330239845e-02
1.071114586204651581e-02
1.117607704389265641e-02
1.104762024101063611e-02
1.083383457113645289e-02
1.059277855444734455e-02
1.080076773388749696e-02
1.063113257709852842e-02
1.019249675814377053e-02
1.118838703678054318e-02
1.066611114027555748e-02
1.057287155736055112e-02
1.064167197974216252e-02
1.079866588303224004e-02
1.029158729486066501e-02
1.043347834139595788e-02
1.103009499460634417e-02
1.026472574307166728e-02
1.032326182461648818e-02
1.024568383507057021e-02
1.011682819311972986e-02
1.065284136858005506e-02
1.090942671765075464e-02
1.061006565535410617e-02
1.097472313477272123e-02
1.008829027845443461e-02
1.151197657402734144e-02
1.039403612445896456e-02
1.068428658705703957e-02
1.024177712474457283e-02
1.095416618344611376e-02
1.048435895362630037e-02
1.028190020679103055e-02
1.074585191653361013e-02
1.037799440710775872e-02
1.059349236748763530e-02
1.094874632404350609e-02
1.008131183366220603e-02
1.083959984214231606e-02
1.063448429046212791e-02
1.054172817348945045e-02
1.097117323156252336e-02
1.072020642257001666e-02
1.120206245015328839e-02
1.038223409693131427e-02
1.092193120718366363e-02
1.035455209579202659e-02
1.076145188329781857e-02
1.023578300699999610e-02
1.067472103401233101e-02
1.041933198136900385e-02
1.037074618155874386e-02
1.064258526792515903e-02
1.066960301194999280e-02
1.068407217936210435e-02
9.997925301560675257e-03
1.027699672091108088e-02
1.077671101696789716e-02
1.086501309756902726e-02
1.045647908252731080e-02
1.059862732246080567e-02
1.056031053065971739e-02
1.039722996213250997e-02
1.017448790137119412e-02
1.103385564182292680e-02
1.018650315280863680e-02
1.063524011610213205e-02
1.026334384040390735e-02
1.035690546214543956e-02
1.022805709230781290e-02
1.059272810257737112e-02
1.025872501154173264e-02
1.028782691955456609e-02
1.050209982501675542e-02
1.046084683673237543e-02
1.024188854089278997e-02
1.034665398183542626e-02
1.053319690559274997e-02
1.026278954413208273e-02
1.057358345150671841e-02
1.036836168092094765e-02
1.026027125965526567e-02
1.072980858217140350e-02
1.094440215317634725e-02
1.092926942184658384e-02
1.047243012066198346e-02
1.018002810215570472e-02
1.055365503259095110e-02
1.042511276568360533e-02
1.077680362065434015e-02
1.056349197081354364e-02
1.084055476110951793e-02
1.006400511286485895e-02
1.005582581803015144e-02
1.023034273148569831e-02
1.060037653307124850e-02
9.833234995569938713e-03
1.070626979211254833e-02
1.061014571642766163e-02
1.089089836579000027e-02
1.047704162212445556e-02
1.053608684496710503e-02
1.027071555021978090e-02
1.012380070288907905e-02
1.070191237092485079e-02
1.022431049417429211e-02
1.024580029406325574e-02
1.065931330352478876e-02
9.960488033584053921e-03
1.063510975861282730e-02
1.053731608105717803e-02
1.004125864876622212e-02
9.868156144196066001e-03
1.027410358889295147e-02
9.886458230654947277e-03
1.062472971926576616e-02
1.078811161543397588e-02
1.033854254216932077e-02
9.841515654740883370e-03
1.040811460582028065e-02
9.931804015471562205e-03
1.080735519184639060e-02
1.086940709041623113e-02
1.086737523539444035e-02
1.055942721846287770e-02
1.073405523696587850e-02
1.033159935184321462e-02
1.048966797323543435e-02
1.056289513958768959e-02
1.010924618225391911e-02
1.039190426051877190e-02
1.049700798363210549e-02
1.004586147509431426e-02
1.055085720447558259e-02
1.053419231230128331e-02
1.064481800533074313e-02
9.976752574966140860e-03
1.005569747634028031e-02
9.879572820425494561e-03
1.018327890064788833e-02
1.021322051882583327e-02
1.051950742591735780e-02
1.015617469485661888e-02
1.062765303481152425e-02
1.035890305265814958e-02
1.050323429836982729e-02
1.093001911031361677e-02
9.685102250739636640e-03
1.038827409787294528e-02
1.021334586378135241e-02
1.027873089086695814e-02
1.088632677184820340e-02
1.018192189999388673e-02
1.052999940047460656e-02
1.036765995405639768e-02
1.052490620966272522e-02
1.018090583473566825e-02
1.065726511918087087e-02
1.025477789991149739e-02
9.683548443651225288e-03
1.042820591043522142e-02
1.046949755763688754e-02
1.018067540463179696e-02
1.018905986163287127e-02
1.027654706331333594e-02
9.909422927837488460e-03
1.102014465402953100e-02
1.071308755722855284e-02
1.075709606295776298e-02
1.049644585947551514e-02
1.081869168172633171e-02
9.669142786757243049e-03
1.065840587892660438e-02
1.057094087712219868e-02
1.074687693977414461e-02
1.090508674142771396e-02
1.066507818841472797e-02
1.085133828172648619e-02
1.045745491699060815e-02
1.048980050981933136e-02
1.014900771634213821e-02
1.023484808039481705e-02
1.021590477571709260e-02
1.019855974674982978e-02
1.073816983616463286e-02
1.007873402043454013e-02
1.020723577950698353e-02
1.027523250864451759e-02
1.058230279361383093e-02
1.056428073706404056e-02
1.062203798880626167e-02
1.024295844400035897e-02
1.085313276017896636e-02
1.036457720880045244e-02
1.059259605519128830e-02
1.047298327559012358e-02
1.080983900517761692e-02
1.088430515597211927e-02
1.013138972990003210e-02
1.070211946469732181e-02
9.979928146814235138e-03
1.025738207186025451e-02
1.035504473783860173e-02
1.063256220100420972e-02
9.870926350709243249e-03
1.063556449712250475e-02
1.039582976455395366e-02
1.103024572409208592e-02
1.029942115651675746e-02
1.065601276517317599e-02
1.042873069306832386e-02
1.113787472604489681e-02
1.017312080707408022e-02
1.042153195453204839e-02
1.066037902971034117e-02
1.019001175546531412e-02
1.038638544981837497e-02
1.024532187576160207e-02
1.011370594475581586e-02
1.069580639068221269e-02
1.023302875476119096e-02
1.000127177234531872e-02
1.000711227062797172e-02
1.035091095585408127e-02
1.034062180021335688e-02
1.003274077546718011e-02
1.095383407675963421e-02
1.059803708212744139e-02
1.039214217567758017e-02
1.065501683628637675e-02
1.054389245000423095e-02
1.011432836932119397e-02
1.070843716359159113e-02
1.062256773567170527e-02
1.079339891799926433e-02
1.114263285276513409e-02
1.023418028928499077e-02
1.064578896269873821e-02
1.056632160918942638e-02
1.025648161731379168e-02
1.015965561387296469e-02
1.046448099597827551e-02
1.035492950921041398e-02
1.046118053910840770e-02
1.042533975179995090e-02
1.080526476887513909e-02
1.056801403184570894e-02
1.027300330152454942e-02
9.963469920961606427e-03
9.991440365652533295e-03
1.038655665920804570e-02
9.791913879661990130e-03
1.038193046826247148e-02
1.026401980618612750e-02
1.004977957514496291e-02
1.027871339547636181e-02
1.049865520746508241e-02
1.063248414607441752e-02
1.032118052990812704e-02
9.757329149896460177e-03
1.016672462059218206e-02
1.108568406549548246e-02
9.884900602023972624e-03
1.058788344523728213e-02
1.003857664257474212e-02
1.085792622715688396e-02
1.020580157061203898e-02
1.017175389466886196e-02
1.032499445300875084e-02
1.025635792645145615e-02
1.053328006427326803e-02
1.002778676926347270e-02
1.051300536264472563e-02
9.475097239533830304e-03
1.051794552346674815e-02
9.648706518576712771e-03
9.818954906064545837e-03
1.070513000396334721e-02
1.038095930567079286e-02
1.041796366958548312e-02
1.087250364541622258e-02
1.014253802000525048e-02
1.048173832845524997e-02
1.050845914024133888e-02
1.008851678738601106e-02
1.000512495873674169e-02
1.027722768826113200e-02
1.029785017122573573e-02
1.063021446005889790e-02
1.022223589475143232e-02
1.027776353172111558e-02
1.060080353162879373e-02
1.105144262083797117e-02
1.037768528372931542e-02
1.015200877371299180e-02
1.040729011953228644e-02
9.885143321309226502e-03
1.006556700158843173e-02
1.034229876002268171e-02
1.036267642235621199e-02
1.038176273005536263e-02
1.022705719780835076e-02
1.064103705680925771e-02
1.035939955437087390e-02
1.031414327072416835e-02
1.084224111717870843e-02
1.061977571960240341e-02
1.030349187025073401e-02
1.026511782830598525e-02
9.963999537931715958e-03
1.027599747318162261e-02
1.038030831120556260e-02
1.018597451201792327e-02
1.047976822260798108e-02
1.021918575053196859e-02
1.022986946252439633e-02
1.017305477775515103e-02
1.043363447558416472e-02
1.025275229811624389e-02
9.948059883876435999e-03
9.897844924391304214e-03
9.901953756820828026e-03
1.066976586069895080e-02
1.031719178981505176e-02
1.058369211260178945e-02
1.025769754159648606e-02
1.010966032949391948e-02
1.007007489463022758e-02
1.001058816990558695e-02
1.005901815132155194e-02
1.048146993354876974e-02
1.013712261616608705e-02
9.927120675652286938e-03
9.975976964173705400e-03
1.023010154046214738e-02
1.038306986701744046e-02
9.805218287998651930e-03
1.082155062570983560e-02
1.030723589668734730e-02
1.022312918678812757e-02
1.063851809531046397e-02
1.000702638385668648e-02
9.847666416849053250e-03
1.010946799196315096e-02
1.011612346575667572e-02
1.000971713132444742e-02
1.052971603383877353e-02
1.035473855394696170e-02
1.035976741652241268e-02
9.742019996008134675e-03
1.001255178364430891e-02
9.993949336432930361e-03
1.001916704337279564e-02
1.016783053911997532e-02
1.005273456577800671e-02
1.004653039752865726e-02
9.888380712255893587e-03
1.024859790540636438e-02
1.037030782324446614e-02
9.953685345148448327e-03
9.851756288430190897e-03
1.035192431616470052e-02
1.044583790288442469e-02
9.890164401769468289e-03
1.043893135180479388e-02
1.041828353012145929e-02
9.999510897596817702e-03
1.014538968463441458e-02
9.988674393826122225e-03
1.022444492277266824e-02
1.022957280295179287e-02
1.130862708400811809e-02
1.020944827950649031e-02
1.035698414768061217e-02
1.029402144463170167e-02
9.994812584793538734e-03
1.055000717457917937e-02
1.050377759717687452e-02
1.005528541283904655e-02
1.014743193566650277e-02
1.071257336643149580e-02
1.071553586553010244e-02
1.084875845613412701e-02
9.983421028090617641e-03
1.006048255458386574e-02
1.041891500321885135e-02
1.020433219704229046e-02
9.815072327944663819e-03
1.049522333649611540e-02
1.019893564098416083e-02
1.067452607721259064e-02
1.007135584047539993e-02
9.755435478909070188e-03
1.014725329860537671e-02
1.061579325258021032e-02
1.017985291421074148e-02
1.041717087094056610e-02
1.039947856781718583e-02
1.020773033623063875e-02
1.047148927388970481e-02
1.068297606570930113e-02
1.044447187922620257e-02
1.065727842775309776e-02
1.032779490945940314e-02
9.690387727231354956e-03
9.892095617080069389e-03
1.042409756896605852e-02
1.006156054023052415e-02
1.007457903838548767e-02
1.021176692939970189e-02
1.011873499939025360e-02
9.610486215432719956e-03
9.568342886315224852e-03
9.725765765668683768e-03
1.003441381789333710e-02
1.101067335102147438e-02
9.973405598385354578e-03
1.008950537884315511e-02
9.975993630684278080e-03
9.671768130964011195e-03
1.002396771022211024e-02
1.015704949286522739e-02
1.061468112768149986e-02
1.013159059350100290e-02
9.978860133158972551e-03
1.027176842655293243e-02
1.046686984681104160e-02
9.793372158183712498e-03
9.588405823107982312e-03
1.023580993250168200e-02
9.960560354876803538e-03
9.940311341859058708e-03
9.904374046044090926e-03
1.008972557850175943e-02
9.905508183450371582e-03
1.026100924394938475e-02
1.040740680732459185e-02
1.077095235208995819e-02
1.055220335872154684e-02
9.785073424447720061e-03
1.001288588701090485e-02
1.001456974071929067e-02
1.007197844040538977e-02
1.017502046745439107e-02
1.006134319962918855e-02
1.034149131706900079e-02
9.636497442414232797e-03
1.053941517330325532e-02
1.010548071211578129e-02
9.388043893484973937e-03
1.005877121974097649e-02
1.018006541437943210e-02
1.050585026024652459e-02
1.002166901827673297e-02
1.016089524337510791e-02
9.914226995452649072e-03
9.776961708710535381e-03
9.989704080114609683e-03
1.043908469328771495e-02
9.466017056720347350e-03
1.007647275813593549e-02
9.965166771560797151e-03
9.850019244062610188e-03
1.022514057486016183e-02
1.027315507859101126e-02
1.007778845328338377e-02
9.815116180263351586e-03
1.022269952903724632e-02
9.810104468960479870e-03
1.033140161860690402e-02
1.012451071152081772e-02
9.710049991837263472e-03
1.051968541586605077e-02
1.012591186967184975e-02
9.812545434260680141e-03
1.033885761672247508e-02
9.721600087849852773e-03
1.012608133559147160e-02
1.041160949625389090e-02
1.004678329854704656e-02
9.814247057111804770e-03
1.030759170415671000e-02
9.954296549574914721e-03
1.001066022453686588e-02
1.007179091560494490e-02
9.924093326328558076e-03
1.010603755911314468e-02
9.670290889692343891e-03
9.838357264585911172e-03
1.061442232708393121e-02
1.041174392040979460e-02
1.001833592563565467e-02
1.036895610298556834e-02
1.003669377902698112e-02
1.055785686164647727e-02
9.377079802355126753e-03
1.000673169824832683e-02
1.023110078359822442e-02
9.897126009289200499e-03
1.012807823150944746e-02
9.919718531150256702e-03
9.630544957749006402e-03
1.007129604430960154e-02
9.626945902335216562e-03
9.982500193701480257e-03
1.035461473490538291e-02
1.012254361407615572e-02
9.493940866739047912e-03
1.004794221794716273e-02
1.006465362341295473e-02
1.013532850075547775e-02
9.576364808549323385e-03
9.996815610882591949e-03
1.016944015200917616e-02
9.906236621802927411e-03
1.022809960297735993e-02
1.097242515954862697e-02
1.008132441154775336e-02
9.536870835962010795e-03
9.894343009811745054e-03
9.794665927309707462e-03
9.951621774994916236e-03
9.946136179042037659e-03
1.010838962272139242e-02
9.987443965476671195e-03
1.012850429552242422e-02
9.653184692656210583e-03
9.926987909417865630e-03
1.011369170911688084e-02
1.004232689602972337e-02
1.011376265300968462e-02
1.004847334784355652e-02
1.060569681410265981e-02
1.028782201302773543e-02
9.928110841503436784e-03
9.696079087330089150e-03
1.027692987602000195e-02
1.004040258039682471e-02
9.957259125632498750e-03
1.017877461673701196e-02
1.006952112587364452e-02
9.881645788052947216e-03
1.030729543769861277e-02
1.010903923690719373e-02
1.002098569542215871e-02
1.016901989666750897e-02
9.829941203990539764e-03
9.854656221811891603e-03
9.678038044560697065e-03
9.300412776709074750e-03
1.029265298994114924e-02
1.021605030752293676e-02
9.641221455297761464e-03
9.955259565647325143e-03
9.591706740427065336e-03
9.610699476742238026e-03
1.049499318757670004e-02
9.944808949279872884e-03
1.040401490209669384e-02
9.925576590454147571e-03
1.025296520749987422e-02
1.018466102057550941e-02
1.027623198997665993e-02
1.012357600449340610e-02
9.794367628940156903e-03
1.004109737858717953e-02
1.061292576593496871e-02
9.936711898456435099e-03
9.926407561390925005e-03
1.043184915703121787e-02
1.041334451606470285e-02
9.889085416770467679e-03
1.050196708504960025e-02
1.038659715602028785e-02
1.020822334791094722e-02
9.588742741597992142e-03
1.029345481140344666e-02
9.654040212525819009e-03
1.027121988970743777e-02
9.727154023970860028e-03
9.805074903517025514e-03
1.025186882753435086e-02
9.889275617139871646e-03
9.766822057629709689e-03
1.023190044546432032e-02
1.005902038358278544e-02
9.966763751391776935e-03
9.989458761032793746e-03
1.006730889854769162e-02
9.752065855620344406e-03
9.998500446880564246e-03
1.002437686273827989e-02
1.041733941577034639e-02
9.903750501293072384e-03
9.735358633820953567e-03
1.027028080620355846e-02
9.865157873091241064e-03
1.000642074325709847e-02
9.853318049817583885e-03
1.005680480427135343e-02
9.817461744738985308e-03
1.030405218077743053e-02
1.045867738615603205e-02
1.019842052725977895e-02
9.738318707199895147e-03
1.068914067137016061e-02
1.017965331769826211e-02
9.733334452444956236e-03
9.882158066725153442e-03
1.058064095286428627e-02
1.035356372546100169e-02
1.020827922009615897e-02
9.835735282999431145e-03
9.772145102902096009e-03
1.014941884885942058e-02
1.038462447109577899e-02
1.037953151521290272e-02
1.049353994212671309e-02
1.032260806247153363e-02
9.839495400785637502e-03
1.028448750989077558e-02
1.033107538777470677e-02
9.479553866972618634e-03
9.538424274426875529e-03
9.850271900421673707e-03
9.900971449282194511e-03
9.626845104252140101e-03
1.040454651508996783e-02
1.009260172114666114e-02
1.002777046826943026e-02
9.748666054030125441e-03
9.786624155324958468e-03
9.739133421574036609e-03
1.013014181387806266e-02
9.662077049041440865e-03
1.016551216681190438e-02
9.898934021744193110e-03
1.009171173371774428e-02
9.904566766216977083e-03
9.953613429462321652e-03
9.853164945681112605e-03
9.857957917429440234e-03
9.319931861678093510e-03
9.899877163374126363e-03
9.896703114671978260e-03
9.809361334392897869e-03
9.066430862754597253e-03
9.666471851979975549e-03
1.054471539444252863e-02
9.735385794391359163e-03
9.985104585816188816e-03
9.208434296426173254e-03
1.004947292420055489e-02
1.031658215730738189e-02
9.936470744858797235e-03
9.944995638900871321e-03
9.611080956838824463e-03
1.029897393006353953e-02
9.913434550378224380e-03
1.002861705203732419e-02
9.844866836826336384e-03
9.478471003249748159e-03
1.001729500012133074e-02
1.001093371673905663e-02
1.000673599529684939e-02
9.775209638075111826e-03
1.051089987874393762e-02
1.004964048879282770e-02
9.581906210267134710e-03
1.015014844818624626e-02
9.409506061365473240e-03
9.591425336231690704e-03
9.991878667557126809e-03
9.583824568114145473e-03
9.548035065528332616e-03
1.010802586114980736e-02
9.933030719671741282e-03
1.011629405510258185e-02
1.075493384725343185e-02
1.010768136512029888e-02
9.468459593569650279e-03
9.979285344430426086e-03
1.016932158187691150e-02
1.023326587091167791e-02
9.577699634176636834e-03
9.593763572515272980e-03
9.892869369684370237e-03
9.539690272937034060e-03
1.000899141489689642e-02
9.660880329833594626e-03
1.000764895334005020e-02
1.059159290795828705e-02
1.041788972267257418e-02
9.915449993881964366e-03
9.925637365865200290e-03
1.026399054402462284e-02
9.974937379854702940e-03
9.878355448057431556e-03
1.046181156386875172e-02
9.678334540805659178e-03
9.692684351567651749e-03
9.930883184103398917e-03
9.594929607720919032e-03
1.007957240947805234e-02
9.723726970425641131e-03
9.509820397494541180e-03
9.609163030005508921e-03
1.024421016737364805e-02
1.024596311319417828e-02
9.915915786472037641e-03
9.983410539507252962e-03
9.678131001231216057e-03
9.817884174560280106e-03
1.003958902224122603e-02
9.835522481993609276e-03
9.560318671620101488e-03
9.293562998626372570e-03
9.671270054036241667e-03
9.738625143735553727e-03
9.356987272661907579e-03
9.747559110421171596e-03
9.737255982489095504e-03
9.726336783449704773e-03
1.003259412946143000e-02
9.992329478856299546e-03
1.021863695217393141e-02
9.806548829831056302e-03
9.877985581191239817e-03
9.575845304381176010e-03
9.549250587861877679e-03
9.597930886314344143e-03
9.791079074675405891e-03
9.992404667564902532e-03
1.004417057104299744e-02
9.613468020287329122e-03
9.693425762883558713e-03
9.813831775487471404e-03
9.446405421368361810e-03
9.699859064543207496e-03
9.537809863069617033e-03
9.718873617173016954e-03
1.014240497311343948e-02
1.026156125912124593e-02
1.040496466208730257e-02
9.637548871895615724e-03
9.744480130221668326e-03
9.496368951824983237e-03
9.312887736540707492e-03
9.507209620691207605e-03
1.014280769921039639e-02
9.708425913065900359e-03
9.738631621665364349e-03
9.917354712930126145e-03
9.863762804719018729e-03
9.855979180422528435e-03
1.037477969211998002e-02
9.341148744081428923e-03
9.898552796225458528e-03
9.838917797997271536e-03
9.877379975381723673e-03
1.006289869144997608e-02
9.534599030281521587e-03
9.469114820687855177e-03
9.856720556789214799e-03
9.891955169548584392e-03
9.790276527139315371e-03
9.934955292389623452e-03
9.271684742296606649e-03
9.886292771467066962e-03
9.768632549265009526e-03
9.911979750457005148e-03
9.724249126415914976e-03
9.263847729000044759e-03
9.941092201693566693e-03
9.705245339181111514e-03
9.732737552692128161e-03
1.030063678640444694e-02
1.001974075003651821e-02
9.462809461822941845e-03
9.631274248221088213e-03
9.494836317304486059e-03
9.841660076785106390e-03
9.994531561582866222e-03
9.839060234375727326e-03
9.587476314927800142e-03
9.642973624596908044e-03
9.233282643233312742e-03
9.910622265280045334e-03
9.843292820333209361e-03
1.060100931502383839e-02
9.451600314364387925e-03
9.813543423826204259e-03
1.016121332728969935e-02
9.885652382878020936e-03
9.728549281871296667e-03
9.627235881363811407e-03
9.751644603579108853e-03
9.301793681630874180e-03
9.979750747907132832e-03
9.347734349122404501e-03
1.005158920690852990e-02
9.664430180166001805e-03
9.709763978892217012e-03
9.720241543161282569e-03
9.450654798451016414e-03
9.764322138670646772e-03
9.946904373972017752e-03
9.483284238684776615e-03
9.780628115962369459e-03
9.719285367576038434e-03
9.986474061106951489e-03
9.448567780256487622e-03
9.700006568198927745e-03
9.551699076768503313e-03
9.578624138441125743e-03
9.294631364612273780e-03
1.026920773853586509e-02
9.455876846916164147e-03
1.018926505222609441e-02
9.865947274705818767e-03
1.005580122898999847e-02
9.592279856851012448e-03
9.617512813287307227e-03
1.010686193473213368e-02
9.852093701019266209e-03
1.012481382507819487e-02
9.374960398694575509e-03
9.273840276074630379e-03
9.913229851630884701e-03
9.894549767504303914e-03
9.738700736573475264e-03
9.606003508880146466e-03
9.922526279426026677e-03
1.001959604995391467e-02
9.450598205129034576e-03
9.845482501380890816e-03
9.947219531682129079e-03
9.174400474723395232e-03
9.435102868220808514e-03
1.001841782485203038e-02
1.003022392306181926e-02
9.827999081747166785e-03
9.759233456299568413e-03
1.031303753017882678e-02
1.016213134816939569e-02
9.774356699995148320e-03
9.410514683010644602e-03
9.759848863686138021e-03
9.813323461579296150e-03
9.644749462604313567e-03
9.523228706466534479e-03
9.832784784040642101e-03
9.244312270693529413e-03
9.435349085742891079e-03
1.011020672948899878e-02
9.702998280446293797e-03
9.841059046460525622e-03
9.716134701348829242e-03
9.668952328503515811e-03
9.619353992000116357e-03
9.685558991765659542e-03
9.657628744851470132e-03
9.603374302101064242e-03
9.850314055537927327e-03
9.409271137140027066e-03
1.066067688648760468e-02
9.674448653589356670e-03
9.771429747813606057e-03
9.762741672298852133e-03
9.492701769124128192e-03
9.371985864478810796e-03
9.776231480454991574e-03
9.735735997818075263e-03
1.034263885115596464e-02
9.693649920441735346e-03
9.773633257615734621e-03
9.925399155172423202e-03
1.004815524161806715e-02
9.431562446794366367e-03
9.912380996864582350e-03
1.018336485177036635e-02
9.668415327742829052e-03
9.481066386692183282e-03
9.286745206804865663e-03
9.948065105953913037e-03
9.898400549048490607e-03
9.470979457469653334e-03
9.600047773570877935e-03
9.883047590780855499e-03
9.386368138288168211e-03
9.582710001169494549e-03
9.694595445815565316e-03
9.387817994552589279e-03
9.943535668540550918e-03
1.010554424564930227e-02
1.026586114694546560e-02
9.295631420160427663e-03
9.448135857013482616e-03
9.260417946164943223e-03
9.534065813382387039e-03
9.291348591983930247e-03
9.239881122016051912e-03
9.603344416273832881e-03
1.018099276000471176e-02
9.648766179598561310e-03
9.748062329578453117e-03
9.765388389429441665e-03
9.811084910573284606e-03
9.563310120962970756e-03
1.002532900814020154e-02
9.387754865505163956e-03
9.484478968996176013e-03
9.198367817576377087e-03
9.900303058741602782e-03
1.025254723306058720e-02
9.457641673550787331e-03
9.707323046133043906e-03
9.830185669997073411e-03
9.718626233237137244e-03
9.740305442780592890e-03
9.444717332918994498e-03
9.885284034124487348e-03
9.434741681611465147e-03
9.439583010241380315e-03
9.500563559401670882e-03
9.348055123557241775e-03
9.556510055655186020e-03
9.529957509368077589e-03
9.657378932243380898e-03
9.205072923966490031e-03
1.015333154100675137e-02
9.703615433611551683e-03
9.257796747042369365e-03
9.903409836593313892e-03
9.797496013265245829e-03
9.892304097552219108e-03
9.420108131341977178e-03
9.280160949514065435e-03
9.592673673608796692e-03
9.564227537829823877e-03
9.607283043055780611e-03
1.001288840204952318e-02
9.411608999682829699e-03
9.129948713237944977e-03
9.858410241377679739e-03
9.603948287921165380e-03
9.990733537523895091e-03
9.800904398842827728e-03
9.328405702394727134e-03
9.298063722041796653e-03
9.932561420323489029e-03
1.018362582930391544e-02
9.752341534202846329e-03
9.969075192764898646e-03
9.904344766319652521e-03
9.916354687290089912e-03
9.344777487188956136e-03
9.944496028438089275e-03
9.708158791216062872e-03
9.967263309668282847e-03
9.619829855691120271e-03
9.414358885852798509e-03
9.539650984044703574e-03
1.007520308283557479e-02
9.689435224480321199e-03
9.440802843480897849e-03
1.058879525580067385e-02
9.674211815674387677e-03
9.553416856036318558e-03
1.004378321900501088e-02
9.248522233043314153e-03
9.402389365352776390e-03
9.867080032849076185e-03
9.927848827534327056e-03
9.341974467057378301e-03
9.552050933514502976e-03
1.025411935635746515e-02
9.706487154055015026e-03
1.004388586189163164e-02
9.581927662847246341e-03
9.937259395459007924e-03
9.052633690544677897e-03
9.521747610223185027e-03
1.015109999260318044e-02
9.619302196734829530e-03
9.470770355226823534e-03
9.956830826169356732e-03
9.279807163531860956e-03
1.011756102921375529e-02
9.328625943544374688e-03
9.781615672411913057e-03
9.264031431299172420e-03
9.582837829337550323e-03
9.646717136838688783e-03
9.591366796307740708e-03
9.674081008267358325e-03
9.130077848365824103e-03
9.585408523822953886e-03
9.494539993134218717e-03
9.670383118418680521e-03
9.764410815555395196e-03
9.672384719452160190e-03
9.624885305001246172e-03
9.282115570903448284e-03
9.900714386840647752e-03
9.742524141777975447e-03
9.688896599843566104e-03
9.650644633567169103e-03
9.858283262725399398e-03
9.620360114900432594e-03
9.536164304687386184e-03
9.196362596762729102e-03
9.630773579146378882e-03
9.649157604700506902e-03
9.638281824234025061e-03
1.009349258222685432e-02
9.608013624048439977e-03
9.452931141760448353e-03
9.912339033517186468e-03
9.388288739277836706e-03
9.382329339726748485e-03
9.439089398432482653e-03
9.473999599869406193e-03
9.816712399924586510e-03
1.065804561119292754e-02
9.911460840784085125e-03
9.541486425468906699e-03
9.564382905811087340e-03
9.596469087939778556e-03
1.006617467472572559e-02
9.490535387542816878e-03
9.258485507808271453e-03
9.338305355679542979e-03
9.825597020092008069e-03
9.625868673103481904e-03
9.593137255261438567e-03
9.870491842628725809e-03
9.387854287648661131e-03
9.320297027164232626e-03
9.958044406253753825e-03
9.589742570704643324e-03
9.706679322909406854e-03
9.974450134670674942e-03
9.701046387879658575e-03
9.289990070968357633e-03
9.882515321060086205e-03
9.497867236558791768e-03
9.611597721203362157e-03
9.722069474493449590e-03
9.518300542246217050e-03
9.890108933048339865e-03
9.934400271871797125e-03
9.573611829668021017e-03
9.910650366442896875e-03
9.154279472996152203e-03
9.816776124500379772e-03
9.893543065938602971e-03
9.617405086045012139e-03
9.456673594946276781e-03
1.010750979107897726e-02
9.297630763893378544e-03
9.986426400954375240e-03
9.381579073142371633e-03
9.682308683229990526e-03
9.365128492314463843e-03
9.941153644960031011e-03
9.429579562507095156e-03
1.007290881721256345e-02
9.700538960166493058e-03
9.544436941568479327e-03
9.762927782218728395e-03
8.865840103869268921e-03
9.418545772927836707e-03
9.884833885576625040e-03
9.889680728868525950e-03
9.690154398974597585e-03
9.840793369171874083e-03
9.634719650792768555e-03
9.032524556719741596e-03
9.543299803317719515e-03
9.861507007757201390e-03
9.149383556034573067e-03
1.037655602659627412e-02
9.872947819730427607e-03
9.055327851139317180e-03
9.660567037796703380e-03
9.578239741254705730e-03
9.539725260149824193e-03
9.921256949115673032e-03
9.977966100432689514e-03
9.593391935459185532e-03
9.416517287836071934e-03
9.449180367786014917e-03
9.548226281918530123e-03
9.463978778232271655e-03
9.613429577427192591e-03
1.006833310011568360e-02
9.220980856398311790e-03
9.498191972027825863e-03
9.633514082291421213e-03
9.611640547339851681e-03
9.829590772050485203e-03
9.773859737037404391e-03
9.558790022004236275e-03
9.199821701828656342e-03
9.538133631784736360e-03
9.462429530346204085e-03
9.911090468611197593e-03
9.528632402871309651e-03
9.522476450254424227e-03
1.009429156148794124e-02
9.405900556994093234e-03
9.341332846122972836e-03
8.919367216492045738e-03
9.442003151229533264e-03
1.000765038589022764e-02
9.401370029916117366e-03
9.941215140084254734e-03
9.601773483303308043e-03
9.894092821723319761e-03
9.683241985192089785e-03
9.198896679673277538e-03
9.507341595245525495e-03
9.513785686459025337e-03
1.015843241498702761e-02
1.020765906245620254e-02
9.836079494734277159e-03
9.435550106948773635e-03
9.647667889105718264e-03
9.199729477341513778e-03
9.347091968942504436e-03
9.375353253114178387e-03
9.584882013950600521e-03
9.279442857331073047e-03
1.024739600982700789e-02
9.532000686647262161e-03
9.148700668845268294e-03
9.543694231748972578e-03
9.495391999455371490e-03
9.595183583370768543e-03
9.459793971650360192e-03
9.393216896618171441e-03
9.196630786366746801e-03
9.693496592153662272e-03
9.142288669426613251e-03
9.734101120557229342e-03
9.485027049579770886e-03
9.089405077134089100e-03
9.289963232478387276e-03
9.797055018801474960e-03
9.903216841560688599e-03
9.555191268704779986e-03
9.569179513182791974e-03
9.410679744299630528e-03
9.474281747684864738e-03
9.683674941811526091e-03
9.529861863104198069e-03
9.274513742247513307e-03
1.012354990525519451e-02
8.954710856079116724e-03
9.965822992703364872e-03
9.049905856167978976e-03
9.524261616463441937e-03
9.448444020099545579e-03
8.878660567745383717e-03
9.121307806863467038e-03
9.545273893699891821e-03
9.709123585925369046e-03
9.882056591063528156e-03
9.846957484051911333e-03
9.267982550128785538e-03
9.297331744385068167e-03
9.125082653776227237e-03
9.613614151309400266e-03
9.605526353766116743e-03
9.644734278813793527e-03
9.857768527096319108e-03
9.424549026782318498e-03
9.296911065100601709e-03
9.584511732322265748e-03
9.555507917900616169e-03
9.614012174159856580e-03
9.593284745053257470e-03
9.821027782942182843e-03
9.626920544419730399e-03
9.657141883970399646e-03
9.681020614028531396e-03
9.396574667922491172e-03
8.954272218364568714e-03
9.678525659638776216e-03
9.352369648965014673e-03
9.568580369332021704e-03
9.596358782281365699e-03
1.005003235408049450e-02
9.454869348469022161e-03
9.033717512508475031e-03
9.672595173612665020e-03
9.401863354937379721e-03
9.996258945204134633e-03
9.272333532796191505e-03
1.009985201431503644e-02
9.761997996170897196e-03
9.700705358048577337e-03
9.410826115142868070e-03
9.349184134320056780e-03
9.514582842778005964e-03
9.818127572780114415e-03
9.812290563389287901e-03
9.203140397565395814e-03
9.603592452723358139e-03
9.664931977267582699e-03
9.363062369933150206e-03
9.524840751694498009e-03
9.596676482505166195e-03
8.981565220321088144e-03
9.440924708035196289e-03
9.124262054803593258e-03
9.589627800568342395e-03
9.294774221245666324e-03
9.371926969621632159e-03
9.318696830703484743e-03
9.942424421266469678e-03
9.743463877889836297e-03
9.079762750655766615e-03
9.994950509994210766e-03
9.310659540383726257e-03
9.095109391465400553e-03
9.345800160456487968e-03
9.219073120538757299e-03
9.522213806552834794e-03
9.343802386823238382e-03
9.666325766800463321e-03
9.622710721301261372e-03
9.638918339383286890e-03
9.453177248355528958e-03
9.807081040853845091e-03
9.451520980869503388e-03
8.915425778099764567e-03
9.625223524922378593e-03
9.338667020584787495e-03
9.616922616423318609e-03
9.313639815377592127e-03
9.384473921810682420e-03
1.013329365539272255e-02
9.404549550020241053e-03
9.649884618826065977e-03
9.816965239775002350e-03
9.332644960744571755e-03
9.403893035651913687e-03
9.586729403167706248e-03
9.854464032456584574e-03
9.762281724476656875e-03
9.482597539391107028e-03
9.079493734912524178e-03
9.293301083915959590e-03
9.268962283538245348e-03
9.936905546182563803e-03
8.902542967153290882e-03
9.696723643603803039e-03
9.864665463101968124e-03
9.289818249886174287e-03
9.707342348793029929e-03
9.287625599020665410e-03
9.618272265757578030e-03
9.583550309306840265e-03
9.671735757483913148e-03
9.256610859854986009e-03
9.659665757431701999e-03
9.669801252561239721e-03
9.120114450879639525e-03
9.759782181931027367e-03
9.677317394746002763e-03
9.669506849613563118e-03
9.279654188721541894e-03
9.714554204198144749e-03
9.328561525848648450e-03
9.754383109826266288e-03
9.165588725373643650e-03
9.254441448520646374e-03
9.609745945488301633e-03
9.734503787472746986e-03
8.989213948099364013e-03
9.788008307821139189e-03
9.162238390709601457e-03
9.046451130519571338e-03
9.145809792222509352e-03
9.372847349171715969e-03
9.407778504497239444e-03
9.327843408125586003e-03
9.481191368672653094e-03
9.827979613430765093e-03
9.995218169479716877e-03
9.380830943435594996e-03
9.368789674517683658e-03
9.573373072095880953e-03
9.557028306545886295e-03
9.619876531932566865e-03
9.079742579148595422e-03
9.786967292306394950e-03
9.365602188181042578e-03
9.017883149224690739e-03
9.366274838591551188e-03
9.717122005682457889e-03
9.585228789381738251e-03
8.874170269830923899e-03
9.275069458847619991e-03
9.171962266425030125e-03
9.356383364141311956e-03
9.401592590413726871e-03
9.364361202827789152e-03
9.090160040757690532e-03
9.623163063977540829e-03
9.288072364728281946e-03
9.242375330763500513e-03
9.663788218937244615e-03
9.597920922951518399e-03
8.808179523402608763e-03
9.280250527899411989e-03
1.032528924340886736e-02
8.853174128738214646e-03
9.026234227120188275e-03
9.775479634653760214e-03
8.796732780256277806e-03
9.593924533862954046e-03
9.394519254974802169e-03
9.412000547171447268e-03
9.484733859291591407e-03
9.373127829668547600e-03
9.576584678725991173e-03
9.396151692734623292e-03
9.519726532647009021e-03
9.460966403906180544e-03
9.452296731836276264e-03
9.435984131015982476e-03
9.224011933798629409e-03
9.487299009222989812e-03
9.026245508562368014e-03
9.525620078093778240e-03
9.781092997571343151e-03
9.778478216558625369e-03
8.884423914143371043e-03
9.365069103686240320e-03
9.648407794418995334e-03
9.368999686490953743e-03
1.021174150800828288e-02
9.397534028597226072e-03
9.383985273321630155e-03
9.704880296038748133e-03
9.336529219762379830e-03
9.573796955768277758e-03
9.935948288431058553e-03
9.490327737704310623e-03
9.408174369509076165e-03
9.404990713765966695e-03
9.562290164831600825e-03
9.328633599926727457e-03
9.267210500930697648e-03
9.851641911087963277e-03
9.327509394582223987e-03
9.194143965226107482e-03
9.569734583333397090e-03
9.563856258581018496e-03
9.870019475164764147e-03
9.564365806790466051e-03
9.448181986169543536e-03
9.559071212880548840e-03
9.545208147318254288e-03
9.916264152545244820e-03
9.155467207196002141e-03
9.585535007192587734e-03
9.785656153716883188e-03
9.389793654014487109e-03
9.279734047958178647e-03
9.515675661789046655e-03
9.260730474936284748e-03
9.563214609080583281e-03
9.427640110943238255e-03
9.292156674408720909e-03
9.562616977403405952e-03
9.324932587376485310e-03
9.346991102049256872e-03
9.599208637378457004e-03
9.382490577430544626e-03
9.859694534912671893e-03
9.481212618596747757e-03
9.360470621471756944e-03
9.502772270447688158e-03
9.659876012293145200e-03
9.507571413614324465e-03
9.562126315407289481e-03
9.611125460357104744e-03
9.800886376633562852e-03
9.874032863100717233e-03
9.935483008161622581e-03
9.284764666104191808e-03
9.428989213968327898e-03
9.117073431290045188e-03
9.240561112077071149e-03
9.491356775066862525e-03
9.313761047184957592e-03
9.386763694376560815e-03
8.974752136242811207e-03
9.631232422759318859e-03
9.506695284491059952e-03
9.318667653962001834e-03
9.335698288351478025e-03
9.414517096304426957e-03
9.084624220771124817e-03
9.992753558781720599e-03
9.353345005217294367e-03
9.200531510227793683e-03
9.383625906601538239e-03
9.776590898840961663e-03
9.830357590890083028e-03
9.494680048277576515e-03
9.180099583647854597e-03
8.962696484167215899e-03
9.541341335011079700e-03
9.292092112301274243e-03
9.541883673147649736e-03
9.387708898363680138e-03
9.611037182273789170e-03
9.700625866546139578e-03
9.164571709077827533e-03
9.241033628537573610e-03
9.090727371209559454e-03
8.991357499612153900e-03
9.398047831509626429e-03
9.717051921383995997e-03
9.486064074125640302e-03
9.183170913565449900e-03
9.157586821760037299e-03
9.504084369814421590e-03
9.651051745996702680e-03
9.213520082815309514e-03
9.661173970701821337e-03
9.139702062150272324e-03
9.893730476999700041e-03
9.884463723192097803e-03
9.752352646513905501e-03
9.788320000311665284e-03
9.370266040515233888e-03
9.401114026936920054e-03
9.567392035479301005e-03
9.032527881788973700e-03
9.387757176991534322e-03
8.866794659629974665e-03
9.158819048469995713e-03
9.444859681287319855e-03
9.502052681719868471e-03
8.754687628046105285e-03
9.469162982847703983e-03
9.267932600479618713e-03
9.522028876887845411e-03
9.138263845266982044e-03
9.541704962037064405e-03
9.594928044010263279e-03
9.811900374895829793e-03
9.478391975489126181e-03
9.952889959819062257e-03
9.124196636239997535e-03
9.118415907282960073e-03
9.670786559391433140e-03
9.206374490599342209e-03
9.759783264419664289e-03
8.963319257148655642e-03
9.449012265889967718e-03
9.367029079690624566e-03
9.161611541916622747e-03
9.033032776891361873e-03
8.931725734378269735e-03
9.334296427368877005e-03
9.134736090799502536e-03
9.033120943250783422e-03
9.070611543579904304e-03
9.685478421184784067e-03
9.562517363636205761e-03
9.060013837721122079e-03
9.191650794269697750e-03
9.450459387555933122e-03
9.828494058880426695e-03
9.014511308157309791e-03
8.911250774385613693e-03
9.385337287054403357e-03
9.156328706253727412e-03
9.564559402948922748e-03
9.676787687393472934e-03
9.089918593330506905e-03
1.005128828367013623e-02
9.043572328345319405e-03
9.269052005923620816e-03
9.468633923895993301e-03
9.418687379113738906e-03
9.448720274144083164e-03
9.423540489948672993e-03
9.545915609495183793e-03
9.981754231219179888e-03
9.131004858374472052e-03
9.220581465439503174e-03
9.167571429491917084e-03
8.721033552636880265e-03
9.326732921922539082e-03
9.940839208172690816e-03
9.599744871487993214e-03
9.127320429610239275e-03
8.844772767690951484e-03
9.682425248148151045e-03
9.386608198462586053e-03
8.880332128435421482e-03
9.620126237503877353e-03
9.795919420367038208e-03
9.257813994862980345e-03
8.888941861464470101e-03
9.247053888885766945e-03
9.593004143509546722e-03
9.222203071249679765e-03
9.411066336907402199e-03
8.731569427286381413e-03
9.224869752404440959e-03
9.552653930430440518e-03
8.897816900366862028e-03
9.282403639703448034e-03
9.187698447093337398e-03
9.196938747818614313e-03
9.426302396459661226e-03
9.659651013733934130e-03
9.113042269096252243e-03
9.207430529279452686e-03
9.910369685122131372e-03
9.800532283653953444e-03
9.194140053275887126e-03
9.585085735213086724e-03
9.163874488098173662e-03
9.190417441638659007e-03
9.351490997418665518e-03
9.331171961026578712e-03
9.305393950514466092e-03
9.630871511547416455e-03
9.065580223390814693e-03
9.172644412544804504e-03
9.290308611287679055e-03
9.904114922041608315e-03
8.982600416484732425e-03
9.517798666679061839e-03
9.345259818653481668e-03
9.380538289339343180e-03
9.315157396643274773e-03
9.052711435237391011e-03
9.356416562144968807e-03
9.291968552266730019e-03
9.568362011956432767e-03
8.984017946993475348e-03
9.113947859122896802e-03
8.829778889615867016e-03
9.447195607015620306e-03
9.008745900154222289e-03
9.567927726960230236e-03
9.532386294717516348e-03
9.204658123578351656e-03
9.232506866587747441e-03
9.322175804858560261e-03
9.492713930258179361e-03
9.594441695274069648e-03
9.695877978997173574e-03
9.613430509136055430e-03
9.499676506210330898e-03
9.548045982012942981e-03
9.024098501416191048e-03
9.435829344758976320e-03
9.370628097233399054e-03
9.383341410754584763e-03
9.179779369521714333e-03
9.419515630539481571e-03
9.487242206573414521e-03
8.970274120498410164e-03
9.253840154032945409e-03
9.325435477428438771e-03
9.443409834762965180e-03
9.232907226003402024e-03
9.016799581493433954e-03
9.367239352300063548e-03
8.597017770792345082e-03
9.206023441344246550e-03
9.299981414733008919e-03
9.319560085284495782e-03
9.664419052261476878e-03
9.380172963535455405e-03
9.461461660691145026e-03
9.403392765207810311e-03
9.332276180849330763e-03
9.262979370521534639e-03
8.979009104168721861e-03
8.662960011719974748e-03
9.104343198993976663e-03
9.197476719933379841e-03
9.303360205131576757e-03
9.220848699783573341e-03
9.352186814282131486e-03
9.640409145505958802e-03
9.457265896175081482e-03
9.095109883479859242e-03
9.737467956433357510e-03
8.597754311688484904e-03
9.185210727270297013e-03
8.829747838160637019e-03
9.732376771158048057e-03
9.024809007694497773e-03
9.296089767324671252e-03
9.405881092639132093e-03
9.517178541536998673e-03
9.259916707984263209e-03
9.158187605248134522e-03
9.317370695206425579e-03
9.614428723359326814e-03
8.694302566864148610e-03
9.197694767651132947e-03
9.806543009318720305e-03
9.445119940363216199e-03
9.495396398426683704e-03
9.358168715699244702e-03
9.101831031111701220e-03
9.418643923714364527e-03
9.005032358542146981e-03
9.043523096630187719e-03
8.874298462553985647e-03
9.241815290603676986e-03
9.558831843757033264e-03
9.341232419608925391e-03
9.020309369691914894e-03
8.772423534325552233e-03
9.090697374085607990e-03
9.336339117043396599e-03
9.063788189358733260e-03
9.060355617482545101e-03
9.549100851847762070e-03
9.491758972092832758e-03
9.106972055214797648e-03
9.200278468107919716e-03
9.596151757213778472e-03
9.274728365220951884e-03
9.749393428160176012e-03
9.111027567984346029e-03
9.416522853129933104e-03
9.058780147276991601e-03
9.192798605035830753e-03
9.022039321062866324e-03
9.211243042848584958e-03
9.189725933951797127e-03
9.410578456226210628e-03
9.387088736431160874e-03
8.635045312307460322e-03
8.733916303157238450e-03
8.976491704957309178e-03
9.574231045529442083e-03
9.339903684890718885e-03
8.891090021633941964e-03
9.221963284612191142e-03
9.368900074652467685e-03
8.965366747956860297e-03
8.860521302100094615e-03
9.093944237116241211e-03
9.328143070311184504e-03
9.169632479873115680e-03
9.716985797562178659e-03
9.572668383827996619e-03
8.852917894369942767e-03
9.374003003803397377e-03
8.972142267019854803e-03
9.417687629102585237e-03
9.146725594861553760e-03
9.896276907063300196e-03
9.232772820858065749e-03
9.260068582586740774e-03
8.847142729110839959e-03
9.234582660009081970e-03
9.224089425401727285e-03
9.152232255483042436e-03
9.210178217449663599e-03
9.863998833393112023e-03
8.777578330016357414e-03
9.083706031558634597e-03
9.279414100171950314e-03
8.928181498496615826e-03
9.366119997973253522e-03
8.980151802128395408e-03
8.994743060535525733e-03
9.150916892896810567e-03
9.243914457774017254e-03
9.244348513639815898e-03
9.633146229622751786e-03
9.070991065398254991e-03
9.619192430907370917e-03
8.918531408150534578e-03
8.822939760352963012e-03
9.261626677965952709e-03
9.575757607195105672e-03
8.978574627404416197e-03
9.278421496668173840e-03
9.336976706412543348e-03
9.632180748210268650e-03
9.185300616278018609e-03
9.187267586656508792e-03
9.161719777224488354e-03
9.262246938428928336e-03
8.941127407495100265e-03
9.128038585944674502e-03
9.135972130019704221e-03
9.297827969954207059e-03
9.220604502906581262e-03
9.406929937982500337e-03
8.908122685216658676e-03
8.725020127737874095e-03
9.198334101592873721e-03
9.517396482131106755e-03
9.507571219324210954e-03
8.956274273953726203e-03
9.221330452666048547e-03
9.426213972328147811e-03
8.952148815572940829e-03
9.279964405123342780e-03
9.252004390837013231e-03
9.521063483387322973e-03
8.337430644426579648e-03
9.324669295217170861e-03
9.584643220364730265e-03
8.961699599893057158e-03
9.079140899999406031e-03
9.019631127874868856e-03
9.176805721120090409e-03
8.741541855136826175e-03
9.187184511839596029e-03
9.207401686177441730e-03
9.494813617208828702e-03
9.187752550836579893e-03
8.949781058148776128e-03
9.274722220072409082e-03
9.405244625265124503e-03
9.677036416070041239e-03
9.434676687071740994e-03
9.346187729949658601e-03
9.056164247005565535e-03
8.940197379282638704e-03
9.412434779350588310e-03
9.278558345444479563e-03
8.636581095690690560e-03
9.283371608656025217e-03
9.178654556575245593e-03
9.348535802100037262e-03
9.484552206874221139e-03
8.924317606717746543e-03
8.882730298464572641e-03
9.052105956769135667e-03
9.041122793712799005e-03
8.881173323426807056e-03
9.078514177959538800e-03
9.275838007867210147e-03
9.345580242423622008e-03
9.426718216776196549e-03
9.199220184169397754e-03
9.436526882299869218e-03
8.927996033497425862e-03
9.110880706795592560e-03
9.057853456805991729e-03
9.217623470688546608e-03
9.531552882316751338e-03
9.184751188251906798e-03
9.196258179119995435e-03
9.107836272428594671e-03
9.225597208953478096e-03
9.395209879181486146e-03
9.200042983666844448e-03
9.037178532834722403e-03
9.287214960644798317e-03
9.180901196497231673e-03
9.820756686621596315e-03
9.525595370017807609e-03
9.472679999230867662e-03
9.247297289571534962e-03
8.575998195840277630e-03
8.832579394515720564e-03
8.859464124573586744e-03
9.007081131206027061e-03
8.826375516794262785e-03
8.911418153279256418e-03
9.705707029456016668e-03
9.716461062036427232e-03
9.940762396915579086e-03
9.451246754727256338e-03
9.356971007500753876e-03
8.902362294773326010e-03
9.068209572779898850e-03
9.136593977985729004e-03
9.037689257723678996e-03
9.563415279444764661e-03
9.942175285191614392e-03
9.840960603945002674e-03
8.871640810201690541e-03
9.351455372771778560e-03
9.477881168742586376e-03
8.912051268221215031e-03
9.273594193807393332e-03
8.935887020863043928e-03
8.898862553355100027e-03
9.507556071694123201e-03
9.376589345739321998e-03
9.362239796183866730e-03
9.246864497109614361e-03
9.425309802352493244e-03
8.858701627906372805e-03
9.503269238905858590e-03
8.792235325055769435e-03
9.556244723196544513e-03
8.992475211318356684e-03
9.135422911048260083e-03
8.987616546356189812e-03
9.125696044298073004e-03
8.998179583908440943e-03
9.634973660673198242e-03
9.255654557652200770e-03
9.445262013602727727e-03
8.695375276652364191e-03
9.241302458727829877e-03
9.123700399229063215e-03
9.371713911269599975e-03
9.063295789137507802e-03
9.768782782929034264e-03
9.181149322825417000e-03
9.140033871734181900e-03
9.063950628053020486e-03
9.360737224646122068e-03
9.064257541609334681e-03
8.686051132491373963e-03
9.044282812875219235e-03
9.281557579242899481e-03
8.776361047811782196e-03
9.194747655372524989e-03
8.637517463174131799e-03
8.818742101725961929e-03
9.582548444155741460e-03
9.441308561851385547e-03
8.613718634055309367e-03
8.837236106203058550e-03
9.420881444689239298e-03
9.495055134719076681e-03
9.157521972164369903e-03
9.066995306429986856e-03
8.867297982836171502e-03
9.396830871637767285e-03
9.181974256414466781e-03
9.786331216155842033e-03
9.157348333587478004e-03
8.792889781041297523e-03
9.145172564829034262e-03
9.446837137994624004e-03
8.662082174481522748e-03
9.089391865155702771e-03
8.756279622214429778e-03
8.996931552443446570e-03
9.054898383977336498e-03
9.250560649699021698e-03
9.277349024018985424e-03
9.638312416086270915e-03
8.953482733950843264e-03
9.124470104986589711e-03
8.961237580345799564e-03
9.464876269500542214e-03
9.185796140941490662e-03
9.184631824354340390e-03
9.483764807156761997e-03
9.073902869628924436e-03
8.702022284569602487e-03
9.110686482289853672e-03
9.014498007769867344e-03
9.505892683013291919e-03
8.665579034265081734e-03
9.228623720233317465e-03
8.824623087945366456e-03
9.000422352916134794e-03
9.201396289292404843e-03
8.520363122237846129e-03
9.118502872202107964e-03
8.997035331919900000e-03
9.579190550156614289e-03
9.074078823301143584e-03
9.564817859684044202e-03
9.128273920491921517e-03
9.020652247380798669e-03
9.119843130689185909e-03
8.776808611569946253e-03
9.174131956598649551e-03
8.927283613188237432e-03
9.385555848739965748e-03
8.954563809150826656e-03
8.756678402691181126e-03
9.229373911748496931e-03
8.918765507258688552e-03
9.461568411628380748e-03
8.764023093222161886e-03
9.357447545930703062e-03
9.221349961257310074e-03
9.256779584520043180e-03
9.099696643267960600e-03
9.278273154531476233e-03
9.097707594552520080e-03
9.106362223900432706e-03
8.992624770389914465e-03
9.002985788636907322e-03
9.582675482150406973e-03
9.170816812198473444e-03
9.068983197914208538e-03
9.190659345304708766e-03
9.123879728532541256e-03
9.610370253191299547e-03
9.555978322460297741e-03
9.318716145075693971e-03
8.800399606287982041e-03
8.928429598721650262e-03
9.227679128999084768e-03
9.243765840438296355e-03
9.020183805244665412e-03
9.247364719313469136e-03
9.146512085342903622e-03
9.112023645202523697e-03
8.927115373575910881e-03
9.177793794519214371e-03
8.742926200349027122e-03
9.100147896372576262e-03
9.225233327106910353e-03
8.931633250573150357e-03
9.479192888880893370e-03
8.944047756522214773e-03
9.077868553440485502e-03
9.428176809498426542e-03
9.497541084412818718e-03
9.636021773453828584e-03
9.105523442343414417e-03
9.110815698345636066e-03
8.954411710339149275e-03
8.627973518030317146e-03
9.161260745576027195e-03
8.846812077817199638e-03
9.164386877061623041e-03
8.894405906693804431e-03
9.022590905088214916e-03
9.165869674449943910e-03
9.346750374020698984e-03
9.202879200973597754e-03
8.824423030751855565e-03
9.591595514135690254e-03
8.797102231498125577e-03
8.881527108707978554e-03
9.425160813638823118e-03
9.242360550820141046e-03
9.032829466130062532e-03
9.168105843792542092e-03
9.232284167904293223e-03
8.985506982317179731e-03
9.042194956839579717e-03
9.098468611022321462e-03
9.173231424684794716e-03
8.616865391130266658e-03
9.196152786035506621e-03
9.125412943380515479e-03
8.798401984546445204e-03
9.343241502137038940e-03
9.102399192759942290e-03
9.223833920061874636e-03
9.512718725761532337e-03
9.336753583549088978e-03
8.984753799808306227e-03
9.504625978213178047e-03
9.382086343939744291e-03
8.991691119966579646e-03
9.363477409843940294e-03
8.845042170720776933e-03
8.982354269055848467e-03
9.144307491576984803e-03
9.163337564158376830e-03
9.297782357117881369e-03
8.761377511344821400e-03
8.847831891174861782e-03
9.278938103993788003e-03
9.304705478791896675e-03
9.297868334292748796e-03
9.411273481200225013e-03
9.356731646021611282e-03
9.061701141433703421e-03
9.201471314972863025e-03
9.190643941772142986e-03
9.179011889492156087e-03
8.737294104996701921e-03
9.074831734732275237e-03
8.634639834500973041e-03
8.780586811603824024e-03
8.677696974433758009e-03
9.413345302990632629e-03
8.842334588972997414e-03
9.254885868775179422e-03
9.078399486999167572e-03
8.841234090416830171e-03
9.113363790556938682e-03
9.048918423369313110e-03
8.920881545063003709e-03
8.744788497914157688e-03
9.364713141461148554e-03
8.954236720202176508e-03
8.653583542854201976e-03
8.701110559240297915e-03
9.229484892576033522e-03
9.239240629854752682e-03
8.939798555542060807e-03
9.636672559401298493e-03
9.564744314471115838e-03
9.289860232340905674e-03
8.930131933126174426e-03
9.337189822440215836e-03
8.494141740426223997e-03
9.142574048973331133e-03
8.207012834681101654e-03
9.206665034050029450e-03
9.149003401220698328e-03
9.368062127939094999e-03
9.055600412717412784e-03
9.287497059138845323e-03
9.152812693602473820e-03
9.182057606431422853e-03
8.555522664752381046e-03
9.062554307497023079e-03
8.678433891030295708e-03
9.160599481641395342e-03
9.555976378140443317e-03
9.103562725174678058e-03
9.073186837416761380e-03
8.765275160188342948e-03
9.198417588941966774e-03
8.959201897701593587e-03
9.288320709359712546e-03
9.142144011568289347e-03
9.364672490864922594e-03
8.911046487441006553e-03
8.915427007599095038e-03
8.876694436330843929e-03
9.407846812206015208e-03
9.153718328568706888e-03
9.150041575073259228e-03
8.372152069271330752e-03
8.969562952117850207e-03
8.839757109038795524e-03
8.942041434939825006e-03
8.971794197206301585e-03
9.074318074442635704e-03
8.622204923402867691e-03
9.082235977544896727e-03
9.250546132272633934e-03
8.782026213598520883e-03
8.755791942970179986e-03
9.130122534937451170e-03
9.320353613898333181e-03
8.856073806789818009e-03
9.444744226395811529e-03
9.079863088395452933e-03
9.202114713623740783e-03
8.551143801741482864e-03
8.977063365415498611e-03
8.529076898364625764e-03
9.161189130180153253e-03
8.637736742470069826e-03
8.911873554336178366e-03
8.716907478814076363e-03
9.263783260059577432e-03
8.639444498857144425e-03
9.343305550698871587e-03
8.890314326865307246e-03
9.275290749861084955e-03
8.851358699524931178e-03
9.505986865621530307e-03
8.640653388661540327e-03
8.980430389845139860e-03
8.685252924550766751e-03
8.957419782890866169e-03
8.698755981323476327e-03
8.565359462292145357e-03
9.135920033091460626e-03
9.133445791056540169e-03
8.888910616066211801e-03
8.812904298925023500e-03
9.277953263842323231e-03
9.088121867787941552e-03
9.165686594752676941e-03
9.345023802069989463e-03
9.155156470179455497e-03
8.928293925200704584e-03
8.902879500402128415e-03
9.178509885501033236e-03
8.734919051058590359e-03
9.146110593253757581e-03
8.931228330788437697e-03
9.263664119426997384e-03
9.146800451143537528e-03
9.068808899100300538e-03
9.178672230566476201e-03
8.968525277278495064e-03
8.886564873135825368e-03
8.897881590931437309e-03
8.824190641349337338e-03
9.052698752936535684e-03
8.790595774886363414e-03
8.908501184483585619e-03
8.975206835207413109e-03
9.015028653738431028e-03
8.497758561613914449e-03
8.992666201665684006e-03
9.782173714178755974e-03
8.640911041908484747e-03
8.783081972297055243e-03
9.478976567483364188e-03
9.128682918621197281e-03
8.832948005751403014e-03
8.985710530223383480e-03
9.580243337193697015e-03
9.103154919681742674e-03
9.677654605474615701e-03
8.929124013274938529e-03
9.124486337899438693e-03
8.953079924064322528e-03
8.838960921941396362e-03
8.445349788345450984e-03
9.152059348048141238e-03
9.291589447542110414e-03
8.562047458027565242e-03
9.231427238009629749e-03
8.824669125502950309e-03
8.348221071420478326e-03
8.797246999627840458e-03
9.231410802752675754e-03
8.777116562709842001e-03
9.055537941682905920e-03
8.962052364539193836e-03
9.232131339069020448e-03
9.049870648403927562e-03
9.055797599606504183e-03
9.121024879049446227e-03
9.376565423624369858e-03
9.424713246161876834e-03
9.348181108872324896e-03
8.899974724202674992e-03
9.341444586787090235e-03
9.229949378513921041e-03
8.923419143038652246e-03
9.641196220699969899e-03
8.480217512803417748e-03
9.000448610890460915e-03
9.828879346502316858e-03
8.957586733836802109e-03
8.244163694414005997e-03
8.726319300305936111e-03
9.079557070789829112e-03
9.282670689220832994e-03
8.934681431111901259e-03
9.043518661214224388e-03
8.923834898019922593e-03
8.598812615080865529e-03
8.852795341993449293e-03
9.030679969462010459e-03
9.260722601908589688e-03
9.357477015711140184e-03
9.053660046145703411e-03
8.919389114831111423e-03
8.472374156253334454e-03
8.673131037366789073e-03
9.441760159348203466e-03
8.974043414511086170e-03
9.022909284698231100e-03
9.182199965418903070e-03
9.860414424992774984e-03
9.084444609255200656e-03
8.774818655021372413e-03
8.889744092583097210e-03
8.823947650744477789e-03
8.577993283202942770e-03
8.844785994540322466e-03
9.051984818541322295e-03
8.806790062934876165e-03
8.834338302885314659e-03
8.882183141218184808e-03
8.878401847641584702e-03
9.167545391258399845e-03
8.723269471199867828e-03
8.997513192997736234e-03
8.729360296354673684e-03
9.120002169601491154e-03
8.917696712933626327e-03
8.536432481766168673e-03
9.040884044712774181e-03
8.934468527756785419e-03
8.743150464466628233e-03
9.039409889457018440e-03
9.076390292717081629e-03
8.987785670224547607e-03
8.929971883225015783e-03
9.147177316303250344e-03
8.788650406894457645e-03
9.121071479863252993e-03
8.830823059486604676e-03
8.761103457146094536e-03
9.335853936147683538e-03
8.623243945637799890e-03
9.250796867082713287e-03
9.432245936004996292e-03
9.368951851548982732e-03
9.131432648154157172e-03
8.898939111049553041e-03
8.899165965553944638e-03
8.955199953010575462e-03
9.093956127793135710e-03
8.687588814786527738e-03
9.122306266496042412e-03
8.737899883894752889e-03
9.088060751224804820e-03
9.378195939524580291e-03
8.986847655843847177e-03
9.267157965355560939e-03
9.223833567042828349e-03
9.041038047297446714e-03
9.041205824034380736e-03
8.987974262161428987e-03
8.593751407730432917e-03
8.475332011504308274e-03
8.901230852520120029e-03
9.140779717091559661e-03
9.073291319606739333e-03
9.215632619360441050e-03
8.738840089991544921e-03
8.895794366916748991e-03
8.729135924021587389e-03
8.982211430370782776e-03
8.589760494578352334e-03
8.798328939725442652e-03
9.112613234424214725e-03
9.420120133682839680e-03
8.664046274053989471e-03
8.812256951066063659e-03
8.710034676939440446e-03
9.035020673751436096e-03
8.740236905528976641e-03
8.672526800353758808e-03
8.729359025915877854e-03
8.668924601239936037e-03
8.602890179030769566e-03
8.895116951255633078e-03
8.770789532582253661e-03
9.001764192857459809e-03
9.048160588461051992e-03
8.692656287481613162e-03
8.600565707755740419e-03
8.891196996373983835e-03
9.008435295750724658e-03
8.965285227800776427e-03
8.689867970831771302e-03
8.668217114188763242e-03
8.992221398764261089e-03
8.850010264299441876e-03
8.928745811940788993e-03
8.806066101084007031e-03
8.864777545284719187e-03
8.885202148441621872e-03
8.905082368862431846e-03
9.042420637172267003e-03
8.666073483367548944e-03
8.938200276718140033e-03
8.925084074325127445e-03
9.121659006521412594e-03
8.575082570123635298e-03
8.502526898395160182e-03
9.291578752536347463e-03
8.966900431576383876e-03
9.191048296763159459e-03
9.108454606903992543e-03
9.277695566105954514e-03
8.960684527309562344e-03
8.686309406399101568e-03
8.874799143290059561e-03
9.048633902374782906e-03
8.939179827030917930e-03
8.924927612280529263e-03
9.047551352204004707e-03
8.808381011881737457e-03
8.797101140417150009e-03
8.865253227862322782e-03
8.617954649621359028e-03
9.062593313514234403e-03
8.282215299469000702e-03
9.025227673881650384e-03
9.314309864572087316e-03
8.865426407455457430e-03
9.166944208010332704e-03
8.598036969201706611e-03
8.652142700090537444e-03
9.269679024470952461e-03
9.254721658717388402e-03
8.733435069446999696e-03
8.607058373415472918e-03
8.615989961122826404e-03
8.883624970771577395e-03
8.981495939581128976e-03
9.093246392393434727e-03
8.794372970383540836e-03
9.133427065573882647e-03
9.148999891176989516e-03
8.692252050482232248e-03
8.899310638834291576e-03
8.407566659003766485e-03
8.811137967913114377e-03
8.803468044311606525e-03
9.177860519834567243e-03
8.721740669922503283e-03
9.165152067552541013e-03
9.022849902682109069e-03
8.744543764804995831e-03
9.280657473515741690e-03
9.078107715967788718e-03
9.152024804716801798e-03
9.171441991270493435e-03
9.155918621632385193e-03
9.104707249286941861e-03
9.164771991405425144e-03
9.074430243288121936e-03
9.172855760559078114e-03
8.501759055320396927e-03
8.522983771274677406e-03
8.770110749277899506e-03
9.001657074882901677e-03
8.971734435418831505e-03
8.742053446024205046e-03
9.060155315691591216e-03
8.950677702784343506e-03
9.173176124461585035e-03
9.115091737621573709e-03
8.738652242673838888e-03
9.135469041049034192e-03
8.884885170477955021e-03
8.746919010732198685e-03
9.089367321642260675e-03
9.304705258239997015e-03
8.535524748731190825e-03
8.998682069932375030e-03
8.730690611503220608e-03
8.532684280309302260e-03
8.523561350110354581e-03
9.065114540074175470e-03
8.573085629361300308e-03
9.253676447127401686e-03
9.311113886639896253e-03
8.541226303416261587e-03
8.803850644812163950e-03
8.518048305118947755e-03
8.540230081607416354e-03
8.481550874630514741e-03
8.575767875929896089e-03
9.365803142935448869e-03
8.698973643331244648e-03
8.581323135592939730e-03
9.394302269707015610e-03
8.725155278557597191e-03
8.805731041294527495e-03
8.818005548779778852e-03
8.819543984304845097e-03
8.466724549331878721e-03
8.568198749548663548e-03
8.920547669659469395e-03
8.851171596442676190e-03
8.665369453609699305e-03
8.815555926563679173e-03
8.916705881149646767e-03
8.788007106306611541e-03
8.611325495606891867e-03
9.261154973913218041e-03
8.818298064511292597e-03
8.710087917304919561e-03
8.814317435119950819e-03
8.653462407355283839e-03
8.964694311813540747e-03
8.520896457769261759e-03
8.722502830039636015e-03
8.749928894086654238e-03
8.518896142253052847e-03
8.299745002355352758e-03
8.898435738573901368e-03
8.942682873098056068e-03
8.934190630114760556e-03
8.968112522298819084e-03
8.896616153934949409e-03
8.633254161817101313e-03
8.938756256085689939e-03
8.435440839145097805e-03
9.541047511420030006e-03
8.866613365895968657e-03
9.421669710491419741e-03
8.711601825196957014e-03
8.823994418260632661e-03
8.665634584181227881e-03
8.647630541350589256e-03
8.871087809518989759e-03
8.782134845891421612e-03
8.879907059883155110e-03
8.551676988820340955e-03
9.019857902891757068e-03
8.649380094576272077e-03
8.795760621320659542e-03
8.921067356596468906e-03
8.799862062713728617e-03
8.987694081859572137e-03
8.557169999889662274e-03
8.728147587680569475e-03
9.180227426944182270e-03
8.854220327091976220e-03
8.584745562012096112e-03
8.889732223011936191e-03
9.023491853309499253e-03
8.916527912837847458e-03
8.986816847562544355e-03
8.604973747738433806e-03
8.687304945031615322e-03
8.744010526728428212e-03
8.867573923457669829e-03
8.750173547141613245e-03
8.726089732461297585e-03
8.648517928483173689e-03
8.909727770499979022e-03
9.167557988175976599e-03
8.591928928997200759e-03
9.283783563983682985e-03
8.664146268162269474e-03
8.778188309765592653e-03
8.812251213866193963e-03
9.021428748281568391e-03
8.811068520107068550e-03
9.053625024824787232e-03
9.016942668782666412e-03
8.636878054713728950e-03
9.390155348583277550e-03
9.181627080636104929e-03
8.862954456847921617e-03
9.408754555840862996e-03
9.579728608701746154e-03
8.580220727211774687e-03
9.017029796714834053e-03
8.822760454377718414e-03
8.915997542477798951e-03
8.709207878785955523e-03
9.031488783945669507e-03
9.073794981487666791e-03
8.855837993556417778e-03
8.907383289614788369e-03
8.694125729819720746e-03
8.814829809470346375e-03
8.428563295745875733e-03
9.000219713305425417e-03
8.383867694528328654e-03
9.180609846494693083e-03
8.597747890891911660e-03
8.849874627380377445e-03
8.775520127940148254e-03
8.772532288159872252e-03
8.963539248759826508e-03
9.081357256914087198e-03
8.915968558301005931e-03
8.791104852834512318e-03
8.497020594885138639e-03
8.809795150397587218e-03
8.970543881268279798e-03
8.777277597920435381e-03
8.832724713492494384e-03
8.849641136881015308e-03
8.574888518961107722e-03
9.024102585068234303e-03
8.632880423695149172e-03
8.693781338341309214e-03
9.002066038914933316e-03
8.380605116233940180e-03
8.476333012458342475e-03
8.813919825814272788e-03
9.174155113925159047e-03
8.561080090777295828e-03
8.856314852503408691e-03
8.641949725808364263e-03
8.689357895507090340e-03
9.079098924569208376e-03
8.993631721964961967e-03
9.021272035213460938e-03
8.995937980594042455e-03
8.760268362446584772e-03
8.649130326500092253e-03
9.011325445099298281e-03
8.984604809647829884e-03
8.912617275203722073e-03
8.951316235198051099e-03
8.806104431891319945e-03
8.739566215901587234e-03
8.545301444631525981e-03
9.070368146523347802e-03
8.611803252422818231e-03
8.749164841082599647e-03
8.705082415997824133e-03
8.623274172666509779e-03
8.733376747329754664e-03
8.982135531070542175e-03
8.583500005784606285e-03
9.079220759804417992e-03
9.120484470484205297e-03
8.429125271348043846e-03
8.857459607198324425e-03
8.508855133975850443e-03
8.657685491888817905e-03
8.625475986833504305e-03
8.754574328709210235e-03
8.781914458569243381e-03
9.528940016032839619e-03
8.309830688096328868e-03
8.602889604882870203e-03
9.045088019293216069e-03
9.137213746283213978e-03
8.420745807639781755e-03
9.229784972053189235e-03
9.003753125911338404e-03
9.114883803343812319e-03
8.833867597233714328e-03
8.517938226002946464e-03
8.442368444931618032e-03
8.714690800865197706e-03
8.660494187614836345e-03
8.680387884918306513e-03
8.936161483573932390e-03
8.832756243395970680e-03
8.629627715859186990e-03
8.687277335983272647e-03
8.756768179684478945e-03
9.166948947230219025e-03
9.013323227881188046e-03
8.369548428059174136e-03
8.672701070905170298e-03
8.829274002551202108e-03
8.662582221932932369e-03
9.108790085862400812e-03
8.777547382855022118e-03
8.787429279136503221e-03
8.355906983157078069e-03
8.835881133846791580e-03
9.039441218857045823e-03
9.006522236636121601e-03
8.768649149869975692e-03
8.801825107175404936e-03
8.969404511266005492e-03
8.624339179381606754e-03
8.797755438135363912e-03
8.664406440852217076e-03
8.666080030309209620e-03
8.033709471425103804e-03
8.817134192824701427e-03
8.809388996395861246e-03
8.556404067389474302e-03
9.080019377972219433e-03
9.180072290787483560e-03
8.474409734874649436e-03
8.846398875693346070e-03
8.719384305606647789e-03
9.143249923488952838e-03
9.121669070731633008e-03
8.499667369576344167e-03
9.123223639751012332e-03
8.455737267136690868e-03
8.731919623016328943e-03
8.674041973394485197e-03
8.894513769990284799e-03
8.717635679011008498e-03
8.735854426710442516e-03
8.717797147393185550e-03
8.567096863913591445e-03
8.289085090482078283e-03
8.850966656356771059e-03
8.956125803741887825e-03
8.454566859143383337e-03
8.652268472220944057e-03
8.753156643364632186e-03
8.778562068408641769e-03
8.079983062631416330e-03
9.248515027704623873e-03
8.758694310561875723e-03
8.858275235221127822e-03
8.828294152947169238e-03
8.751808230483030041e-03
8.846837685080726280e-03
8.061901441009194230e-03
8.821924861602005105e-03
8.593499430541618953e-03
8.722261769497067010e-03
8.341031298511871958e-03
8.322481805530858659e-03
9.185776757760180655e-03
8.689832048543896098e-03
9.238152675182643644e-03
8.703246693383719784e-03
8.847445198119073886e-03
8.355687639096078673e-03
8.635672266690935447e-03
8.789499469692981654e-03
9.057414510649695882e-03
8.516965142363082733e-03
8.641545286480189006e-03
9.176931513767840054e-03
8.762161016603450467e-03
8.431566314228613329e-03
8.521996645894187525e-03
8.468330256880608406e-03
8.606022433838090083e-03
8.861645911209480725e-03
9.183680672882315460e-03
9.058608650752796379e-03
8.655729073596190801e-03
8.575380214925598654e-03
8.427289084754902015e-03
8.635160200209839390e-03
9.109694746948376193e-03
9.102744247882743264e-03
9.375577715642595053e-03
8.695259554814484607e-03
8.649113165095914310e-03
8.761028524220551214e-03
8.656805847944827256e-03
8.661000531011013234e-03
8.832278884964371579e-03
8.860885643205170317e-03
8.929516399947587391e-03
8.560596715975272303e-03
9.049849471374589102e-03
9.140445900087786069e-03
8.618908663800516068e-03
8.596939014290974276e-03
8.283015972479639694e-03
8.897853000080642796e-03
8.527397870441641436e-03
8.831994725117064612e-03
8.359231240281286140e-03
8.687717661332500230e-03
9.001447710561027646e-03
8.396109921909165885e-03
8.692088299596412507e-03
8.782709996815536019e-03
8.993932183971011657e-03
8.749128437944665021e-03
8.564105169742540144e-03
8.705866993178041149e-03
8.027221987236319786e-03
8.871985531024695337e-03
8.926024985625117397e-03
9.206141203831848252e-03
8.849693714517666010e-03
8.803356026134386350e-03
9.401601066931178363e-03
8.753767149469328379e-03
8.487415105341528793e-03
8.688177137398436431e-03
8.549978512036799858e-03
8.889091206895701966e-03
9.067785027224530003e-03
8.579804541484077965e-03
9.089559758118906721e-03
8.513409014685799012e-03
8.599613786667577309e-03
8.846570833120046690e-03
8.951944414991010179e-03
8.726189091448293897e-03
8.534824297461662823e-03
8.189388207137056341e-03
8.987592786787552621e-03
9.248388123765938218e-03
8.452481310972134732e-03
8.759817542814105767e-03
8.855210159093795941e-03
8.636330850277935955e-03
8.689005202134511899e-03
8.847275246667802434e-03
8.753797122953460574e-03
8.657879188875327106e-03
8.720770417170172623e-03
8.844973289213704098e-03
9.225778802450207428e-03
8.807885233557077864e-03
8.358960016475784627e-03
8.546824041840768438e-03
8.930552110454886144e-03
8.888721783376735477e-03
8.831894401518845805e-03
8.686739244867874854e-03
8.807060387990233927e-03
8.829315802144467942e-03
8.479166277041075631e-03
8.758125458745071729e-03
8.454180089575632009e-03
8.740154104728725670e-03
8.471602816688302007e-03
9.010702917639522302e-03
8.491488738176445478e-03
8.556245285077977367e-03
8.882283371150469231e-03
8.593920406953359584e-03
9.246538627916802214e-03
8.744547535016319526e-03
8.735890866609211103e-03
9.007087335486463689e-03
8.488219324153230272e-03
8.686387379206704507e-03
8.645098648794704091e-03
8.619139611482848351e-03
8.512361658149177057e-03
8.881671980050362750e-03
8.669945285902758148e-03
8.625763747603773859e-03
8.926691943791672038e-03
8.782725532749896188e-03
8.362657429131082135e-03
8.585493827259961519e-03
8.814851380585948457e-03
9.155138776147790300e-03
8.746286484180401319e-03
8.765063278295704211e-03
8.272360252782016976e-03
8.815888906988839091e-03
8.702311055481956603e-03
8.896790892093763350e-03
8.925879737833600919e-03
8.875743211389678505e-03
8.880595993724470574e-03
8.624504802109307644e-03
8.462877919313627553e-03
8.668651576737608500e-03
8.673240357629593070e-03
8.821552745421077160e-03
8.859020815430163065e-03
8.861096984812645225e-03
8.979487542736239170e-03
8.749035139846941811e-03
8.929506599223918997e-03
8.612390847977893782e-03
8.524627014029900404e-03
8.250577472965387599e-03
8.923326320730758446e-03
8.934487529528200439e-03
8.710732761475761463e-03
8.576059526282053119e-03
8.565473027429016187e-03
8.814977513211677898e-03
9.020745026896585805e-03
8.709354318261270517e-03
8.799674315657120618e-03
8.663779897217420076e-03
8.373408138121124500e-03
8.739572184691467988e-03
9.033892181520612741e-03
8.743198265333086000e-03
9.463312856867843806e-03
8.514075328872995965e-03
8.768584556066183824e-03
8.372446254295843465e-03
8.488043870573084779e-03
8.352311893073241511e-03
8.623152843338139154e-03
8.519787510746104284e-03
8.598637428908120078e-03
8.915774719723114014e-03
8.790222106768661933e-03
9.248843672633727878e-03
8.155154370430088909e-03
8.707118749263375104e-03
8.710018889283917265e-03
8.410131805192960427e-03
8.416181766491779778e-03
8.584132536669956265e-03
8.482406043938841775e-03
8.679780045594515797e-03
8.686208878580365528e-03
8.928154363603984373e-03
8.599004317607681844e-03
8.882025158394202258e-03
8.846006508815611180e-03
8.609820300114043659e-03
8.178738129808234975e-03
8.822445299556766485e-03
8.839325026877375632e-03
8.479998972861032061e-03
8.726695545464431894e-03
8.316084291403381956e-03
8.519394443566375916e-03
8.969484918941830406e-03
8.429676834665967081e-03
8.970792264115763984e-03
8.364168384509960280e-03
8.191307838136119637e-03
8.207462790484617438e-03
8.867559063252924284e-03
8.851625177601357350e-03
8.334852259506376690e-03
9.013826497986118444e-03
8.474385027016006697e-03
8.638214544729454214e-03
8.615240032320678823e-03
8.856344637901676295e-03
8.319992270455567676e-03
8.803652743537280709e-03
9.008781980764534250e-03
8.720852250051983751e-03
9.105884045560310586e-03
8.941338542253740237e-03
8.512062394770727319e-03
8.265865827556884843e-03
8.529225401588737612e-03
8.543211225530049704e-03
9.060948432045787260e-03
9.073123131638214864e-03
8.794193058749016564e-03
8.321848510944951025e-03
8.322293308176079846e-03
8.675795476597603431e-03
9.067114344686112368e-03
8.690446149550268978e-03
8.601682370327943042e-03
8.610674576804729433e-03
8.599935843222585030e-03
8.255124075381698248e-03
8.418469787071117955e-03
8.541512196370719401e-03
8.837729866741977566e-03
8.310210937060250741e-03
8.599919929990804124e-03
8.304817376080927613e-03
8.557882437459746541e-03
8.501996465188664878e-03
8.781965236298773167e-03
8.623036842883038261e-03
8.564847007794937003e-03
9.222111537392245137e-03
8.370093384095543890e-03
8.579367016856796410e-03
8.814416994563480448e-03
8.587424451062933284e-03
8.375393958185413032e-03
8.672366783823281383e-03
9.246558130747956072e-03
8.275862411551111048e-03
8.836175121992537532e-03
8.065646013610970957e-03
9.107720800890886301e-03
8.476894727523557466e-03
8.403091723656979511e-03
9.048400965119128558e-03
8.972744711667462320e-03
8.556814683724989212e-03
8.785404325172354451e-03
8.325596380168691010e-03
8.629810773771876345e-03
8.697655619057513901e-03
8.903083448902905303e-03
9.047632666361665396e-03
9.075048259214757787e-03
8.680259484239184406e-03
8.932160199329679251e-03
8.293485350643716933e-03
8.156308091296495671e-03
8.268479736427383070e-03
8.152005431220174514e-03
9.046934220889375766e-03
8.846405492463222872e-03
8.733233816871932911e-03
8.126318261433073536e-03
8.640997284808573514e-03
8.443397856275458579e-03
8.672212730945720940e-03
8.801983930929756228e-03
8.400305053418490389e-03
8.829262541468188910e-03
8.080367174221567486e-03
8.329131081697960931e-03
8.494679700104186201e-03
8.844597243260124766e-03
9.009853486952284010e-03
8.423591397279177675e-03
8.889072685417628503e-03
8.867189070305030174e-03
8.472563314035969767e-03
8.756039419056053930e-03
8.898491137101878154e-03
8.468427699904339939e-03
8.631170368720913685e-03
9.142766997193475451e-03
8.582692819184851302e-03
8.579995383997745043e-03
8.502765404295106744e-03
8.709635940080855468e-03
8.760318396641278427e-03
8.636249377682723993e-03
8.572953112671725592e-03
8.709378675822032276e-03
8.476878622948023217e-03
8.710475582471930572e-03
8.512970329775385731e-03
8.611796938038655119e-03
8.214265066815277377e-03
8.912683599037582796e-03
8.955105399429445778e-03
9.127154153298486922e-03
8.495919002760407568e-03
9.030614565528970183e-03
8.616227818381122158e-03
8.354945697588026313e-03
8.308903515364712139e-03
8.226750481976945889e-03
8.444353503405735428e-03
8.790690060350570337e-03
8.521051802311926937e-03
8.336958581088241976e-03
8.557877601303170642e-03
8.411622017367016355e-03
8.609936684310884325e-03
8.278294498431131715e-03
9.080228617159066123e-03
8.710544591851339391e-03
8.537836878444225383e-03
9.016546316461140562e-03
8.668060248450026178e-03
9.031035846644245788e-03
8.124670363279932681e-03
8.118670166165475183e-03
8.313280324516560474e-03
8.633306870684177847e-03
8.730044202936892289e-03
8.704411957122872717e-03
8.811611961703649451e-03
8.675633667851588571e-03
8.876371113903557680e-03
8.336756983252228623e-03
9.001950606326686657e-03
8.825821170865106105e-03
8.359008361234725529e-03
8.601776069094346777e-03
8.640951540878584122e-03
8.608665649106053350e-03
8.849711478423973737e-03
8.295176373047993129e-03
8.613094838400078487e-03
8.835951167818330287e-03
8.216389704908910047e-03
8.382031142265676527e-03
8.459249688373710746e-03
8.540181432847021234e-03
8.663996887777747347e-03
8.611430340903903843e-03
8.248440123135291138e-03
8.357041342714165155e-03
8.586649414428501950e-03
8.420369482524258861e-03
8.877138774919914391e-03
8.825298478815035014e-03
8.610171021743868655e-03
7.959174706499623844e-03
8.766501348419723089e-03
8.562214757984845312e-03
8.060083320642581067e-03
8.755468765790558328e-03
9.106459369793937567e-03
8.713409350496114855e-03
8.308230536907193833e-03
8.412435203011481982e-03
8.789056036623355342e-03
8.563805425542790964e-03
8.698944228861485439e-03
8.443935197845940654e-03
8.921995506338578977e-03
8.693926354005159646e-03
8.553168811975120703e-03
8.716389440269974725e-03
8.633454066326665122e-03
8.689145274024426963e-03
8.587491819158125927e-03
8.901498296626710049e-03
8.537697346060316161e-03
8.789878483563435055e-03
8.377942023745262035e-03
9.106807036421799353e-03
8.566061066686465192e-03
8.602725283484900787e-03
8.087120461540413252e-03
8.630273228169366151e-03
8.134240560086578725e-03
8.642508156219233864e-03
8.287942761684870957e-03
8.234683571743030978e-03
9.012827815012348573e-03
8.544170740925980528e-03
8.465357949236996041e-03
8.580215358222368846e-03
8.502939651904278112e-03
8.467709749958180973e-03
8.660075233867367897e-03
8.693740701021272430e-03
8.517511785729488596e-03
8.410689696267579021e-03
8.777602604871481695e-03
8.784080068590344875e-03
8.510322305538858823e-03
8.780633683941628520e-03
9.129679013925450989e-03
8.662888103394557338e-03
8.716940929806930513e-03
8.597438672072138174e-03
8.729501350760995523e-03
8.392553842966395117e-03
8.509438041689918256e-03
8.326584949702160385e-03
8.627162427525994493e-03
8.496444001477386487e-03
8.508589458146892381e-03
8.505686832043307666e-03
8.450957373522645366e-03
8.495550450192143263e-03
8.795472257311615083e-03
8.346560292589209201e-03
8.758598998789158402e-03
8.820122559373363286e-03
8.959828322884123494e-03
8.516611756614668807e-03
9.186944904623489672e-03
8.322550909319230764e-03
8.437643562012691473e-03
8.503097412204348171e-03
8.332311794015561865e-03
8.956618722777880473e-03
9.025258307570461699e-03
8.848474187028016608e-03
8.733007793330242741e-03
8.934137535177029410e-03
8.190117504994839578e-03
8.492060110223048630e-03
8.639746397292041510e-03
8.759287163312432303e-03
8.582628607946025251e-03
8.575627315077240936e-03
9.003600938795517511e-03
8.347974787606040475e-03
8.535601776201559923e-03
8.870131816809982347e-03
9.024253757835611414e-03
9.232470173899148119e-03
8.528074214388500079e-03
8.638954593719813668e-03
8.659074402175549051e-03
8.760438830284354023e-03
8.544849455423931400e-03
8.384940850951297722e-03
8.685077464958860724e-03
8.826072008404571220e-03
8.386049334756498150e-03
8.863318475689725695e-03
8.778340692768345221e-03
7.970270900241823581e-03
8.345122434964383912e-03
8.633910911364967716e-03
8.451604373242034215e-03
8.515179180445897264e-03
8.286775206029750249e-03
8.632265102394232059e-03
9.017963698434706271e-03
8.629340601699710123e-03
8.711104141932289602e-03
8.399676809501595981e-03
8.529672925723787852e-03
8.531775108881672898e-03
8.392991184274774946e-03
8.681864738303507814e-03
8.803609490620090128e-03
8.470163774148841557e-03
8.360439336099497951e-03
8.718462042627222672e-03
8.286864063947711398e-03
8.698037127699311671e-03
8.633794425316148810e-03
8.266446255491853579e-03
8.907991624796144162e-03
8.592564894507695797e-03
8.476525852096938526e-03
8.497129760688898123e-03
8.767966639584937397e-03
8.449337420323329434e-03
8.881948276596563982e-03
8.416608402921233606e-03
8.263602864301822920e-03
8.068929164692774034e-03
8.756779104661247676e-03
8.861434295400602915e-03
8.075484579075064770e-03
8.727324125791590531e-03
7.889894400738967778e-03
8.702545215972863624e-03
8.412311593271425483e-03
8.430635069529714143e-03
8.718422033517336453e-03
8.441740664300298458e-03
8.735092048234449277e-03
8.615576988555351950e-03
8.491131664594980463e-03
8.689996001016522115e-03
8.309643182691140231e-03
8.465472595231853317e-03
8.143268532095715093e-03
8.758021734573448458e-03
8.512862287602998221e-03
8.642306227551133091e-03
8.460430785780364074e-03
8.417834048810027975e-03
8.557978836031585046e-03
8.992154875799414360e-03
8.682270635187666966e-03
8.489348166914996441e-03
8.371913476306726623e-03
8.402646535004132736e-03
9.065821520012534718e-03
8.306860101023943663e-03
8.467405086152689914e-03
7.928415098240897477e-03
8.579692620612675708e-03
8.787328292136440538e-03
8.412046416527688489e-03
8.230892307543410946e-03
8.511564025291901495e-03
8.283005970476540678e-03
8.352208538490770925e-03
8.619176599860419244e-03
8.835464644658206496e-03
8.653440904717412188e-03
8.771795236701861870e-03
8.766931314445784024e-03
8.624736343860402860e-03
8.846464016511321887e-03
8.504082822952079360e-03
8.232778813262326897e-03
8.245155271919806655e-03
8.752300213274225721e-03
8.150122760568444258e-03
8.349715267220676751e-03
8.316916320803103418e-03
8.184952693028615944e-03
8.669249000042879294e-03
8.657955997887618188e-03
8.526509486585277103e-03
8.216601001600584708e-03
8.713515412756417389e-03
8.510065897425025602e-03
8.679170629783492658e-03
8.345710258749030122e-03
8.229519711971543597e-03
8.102289786822451309e-03
8.430311631625555038e-03
8.335152981984852993e-03
8.391778047404303484e-03
8.397797407964865263e-03
8.272305817194576527e-03
8.669576922312202324e-03
8.395976591047420515e-03
8.373088036300133791e-03
8.519676950331548163e-03
8.619639155784309184e-03
8.303820758212929892e-03
8.027514977467731239e-03
8.526467151668810571e-03
8.371528636058627251e-03
8.671178369981699663e-03
8.375698946472782958e-03
8.431810222538674640e-03
8.289474066936478730e-03
8.549810580023105636e-03
8.855655207535360895e-03
8.839965128489418733e-03
8.438217509114713522e-03
8.658625801142731671e-03
8.330205185423043487e-03
8.609828802314544588e-03
7.687994518258197719e-03
8.403001771494939334e-03
8.535726313914559701e-03
8.441751056023625785e-03
8.781182516447924580e-03
8.532244732715056623e-03
8.532150455655652596e-03
8.481844325724617953e-03
8.515332562547986081e-03
8.861854609412106454e-03
8.643414288046782912e-03
8.476439861977092677e-03
8.775906954515360833e-03
8.941529636739765224e-03
8.196339378846589918e-03
8.510717415257116128e-03
8.314177052396383091e-03
8.786065897219591178e-03
8.199760125758894999e-03
8.611356214008070512e-03
8.862914885004544857e-03
8.524621980837506288e-03
8.618030371578402210e-03
8.980475997017728709e-03
8.391529815917040530e-03
8.713631591562654224e-03
8.774846578010555426e-03
8.265888520296043110e-03
8.183384590423519248e-03
8.468725207984176620e-03
9.147315542099455216e-03
8.773945879106315529e-03
8.650588442528835478e-03
8.927246696784282842e-03
8.871525479515002255e-03
8.286465148143759216e-03
8.777931147815691212e-03
8.611484419497142731e-03
8.519778704493179491e-03
8.399283550691657649e-03
8.484541631901093908e-03
8.312056238889349233e-03
8.247771954371497724e-03
8.185489108017399498e-03
8.598448049041588354e-03
8.352079729278732989e-03
8.079303589308885897e-03
8.578091813887965197e-03
8.253629219372161235e-03
8.884675988212324335e-03
8.544891069852945248e-03
8.873600452603595812e-03
8.612248304872905866e-03
8.365408428566496052e-03
8.342646630417661219e-03
8.129997722511916533e-03
8.712183346915558860e-03
8.390634169496841155e-03
8.128585173858502919e-03
8.473025625789696452e-03
8.541964687077359397e-03
8.564607600130114129e-03
8.295497716333966737e-03
8.312417202997440802e-03
8.185844080323563185e-03
8.241316035575173282e-03
8.575247712159467933e-03
8.242269098343980513e-03
8.679341649398911521e-03
8.286155777099870473e-03
8.429976179683315585e-03
8.384533492076613401e-03
8.657144506743038453e-03
8.608745025494650774e-03
8.422074235823626132e-03
8.842075069840629395e-03
8.256405444868256463e-03
8.764490032221183835e-03
8.611333516158215656e-03
8.662416881820395390e-03
8.682880525843905337e-03
8.342236385885673511e-03
8.397835606262735522e-03
8.416953453339374308e-03
8.566996787805307434e-03
8.137026636063166007e-03
8.407270237183699438e-03
8.911224967547077755e-03
8.964913736944782677e-03
8.505916938489808954e-03
8.367441647962617357e-03
8.618391036407881470e-03
8.808212455135633334e-03
8.972723041798132820e-03
8.339935466787682869e-03
8.429676609403831747e-03
8.594054270734400452e-03
8.345409273235956243e-03
8.468764902675516085e-03
8.628468736756850221e-03
8.439243233296088095e-03
8.552002141221365719e-03
8.597135125555231683e-03
8.551865984398561438e-03
8.457144346590134837e-03
8.777509311536004638e-03
8.567129858154724081e-03
8.350948492212517671e-03
8.368919154358599524e-03
8.888394293390148096e-03
8.341065962040098564e-03
8.109485113790355221e-03
8.108338580734673548e-03
8.314393992646102252e-03
8.301726940385039527e-03
8.484830844777005790e-03
8.115325626366163420e-03
8.302823811916527907e-03
8.047981860657877490e-03
8.719984718648734340e-03
8.968497904028423923e-03
8.258677001250675637e-03
8.237464914521814077e-03
9.154233016293296041e-03
8.730719602818371242e-03
8.600600455421006374e-03
8.699282920385850021e-03
8.392242554093777215e-03
8.417376310948460408e-03
8.942590845771604055e-03
8.728532046860498772e-03
8.353642203912636441e-03
8.168852805465889183e-03
8.641971598509988126e-03
8.783224312591693048e-03
8.419710319851609129e-03
8.523703371183388375e-03
8.795977912918039737e-03
8.296441441550481827e-03
8.768218923647168664e-03
8.421024758790434175e-03
8.642157330753541880e-03
8.551242137752367370e-03
8.073313283205284241e-03
8.302282663932385870e-03
8.881814229928463450e-03
8.201605522989987088e-03
8.584019984823871782e-03
8.490558054638308247e-03
8.092636742375151210e-03
8.640912604343258321e-03
8.693527787881811381e-03
8.336536356905736161e-03
8.329119171171996128e-03
8.423306472137298204e-03
8.705858496993127554e-03
8.294652609504715376e-03
8.379407052566130443e-03
8.290137059973815351e-03
8.580776303807630123e-03
8.188503177217462681e-03
8.492500542720621964e-03
8.554935847731502674e-03
8.639645704021040734e-03
8.383142817310663270e-03
8.748917271803649184e-03
8.567614049103127252e-03
8.498291415099622909e-03
8.604960627840326642e-03
8.445533918852598035e-03
8.396836745590087470e-03
8.446274917321415152e-03
8.217517319278508717e-03
8.103259637207909510e-03
8.767149987109821088e-03
8.113114260333866706e-03
7.840405434792044326e-03
8.120033151340390332e-03
8.318881307201609829e-03
9.243855569040854842e-03
8.902419988755506247e-03
7.904492924023322209e-03
8.403001058709927765e-03
8.566871086530461823e-03
7.769321476489374906e-03
8.465878084390121225e-03
8.486204139119565490e-03
8.707001380095127918e-03
8.634728824757433724e-03
8.561856808499938506e-03
8.769852494119274866e-03
8.244650007751770648e-03
8.537455486420611472e-03
8.585772954692845807e-03
8.454553614818548571e-03
8.876700708570757145e-03
8.524173288480823771e-03
8.786758214906839268e-03
8.749993238250545341e-03
8.315251285548878879e-03
8.702052186374308398e-03
8.838489031955932412e-03
8.011886939631365084e-03
8.615409002472210892e-03
8.353081876061766581e-03
8.255031142613507289e-03
8.696658425437568327e-03
8.819331942824019943e-03
8.518584183165554824e-03
8.206020594870902171e-03
8.152206700283132212e-03
8.301127442017511293e-03
8.141856016201116236e-03
8.424621196651872063e-03
8.623065533694653645e-03
9.055054177078584315e-03
8.334614384785901664e-03
8.207937396394115667e-03
8.340561475228507396e-03
8.716767725194404792e-03
8.685320937666822505e-03
8.499535815934813540e-03
8.505150946995962066e-03
8.093262568533453327e-03
8.325918933417265216e-03
8.216628646550183310e-03
8.394404008162386840e-03
8.633219701209204552e-03
8.527295592489516490e-03
8.309551538923756406e-03
8.434842432066189805e-03
8.721104388717383291e-03
8.471682872246566118e-03
8.715736576871616417e-03
8.217822722998952001e-03
8.552503336000889800e-03
8.656942662287739343e-03
8.017356466455925756e-03
8.198806262336136644e-03
8.039753296221436446e-03
8.300596538277759534e-03
8.409518542154274107e-03
8.366354855454874798e-03
8.209884598747343998e-03
8.441890287680066038e-03
8.230337029142392388e-03
8.366907011962918320e-03
8.526593354374788908e-03
8.596522387486026442e-03
8.328216997060478716e-03
8.756941481072672007e-03
8.778772430341481858e-03
8.121220747898240042e-03
8.480812842279746716e-03
8.132120768309684597e-03
8.337608647154621383e-03
8.779049031635045852e-03
8.335275305854161071e-03
8.464922671685139524e-03
8.476460131868318246e-03
7.892140341873439893e-03
8.256690522824195952e-03
8.705933028429526863e-03
8.460172547322957967e-03
8.041350046956205477e-03
8.486419427157698356e-03
8.499853458212009924e-03
7.851289945967268938e-03
8.402184575906279304e-03
8.680265204523375175e-03
8.417268718675537803e-03
8.843993859326155019e-03
8.602777965078457073e-03
7.822798440104763995e-03
8.743836346478201654e-03
8.358943938555376402e-03
8.247857380237963443e-03
8.480571363141592434e-03
8.982759501486291612e-03
9.060494271377280556e-03
8.523539174102170296e-03
8.549826302250460724e-03
8.183438857742576095e-03
8.362365285317798977e-03
8.090420542807168214e-03
8.230665526976375587e-03
8.644609299998357033e-03
8.562143923913318605e-03
8.305356031153645485e-03
8.111684245962078044e-03
8.054617914518912014e-03
8.129649918360151023e-03
8.625645604161432181e-03
8.681949854940017655e-03
8.500021083901325089e-03
7.912712149536536496e-03
8.324644903934627638e-03
8.514431420470924827e-03
8.511814662281017713e-03
8.133719743367715665e-03
8.466017527564033418e-03
7.985905419152339313e-03
8.596609474559620614e-03
8.215052383486522516e-03
8.208481501323959886e-03
8.553866791468783121e-03
8.548338423191305727e-03
8.289655053406215154e-03
8.407676100037522748e-03
8.906366916988534346e-03
8.118397215184808627e-03
8.375141397169810070e-03
8.254250557271984937e-03
8.333973667364380500e-03
8.660497548253322589e-03
8.611140591634845048e-03
8.382858810821991122e-03
8.666871232113805210e-03
8.371969578063995915e-03
8.210806700426108787e-03
8.614651936323228232e-03
8.425904216209118003e-03
8.134046628733754974e-03
8.760875381817852942e-03
8.169327093775569440e-03
8.288075093287522455e-03
8.510339557589459425e-03
8.219553265619447546e-03
8.389751924398862123e-03
8.408843502839300627e-03
8.253887849465535789e-03
8.719653421365972448e-03
8.176843655596264387e-03
8.497306794106955150e-03
8.419231780897701647e-03
8.420280324657539173e-03
8.143791651472906054e-03
8.529940916050896341e-03
7.783418049418561538e-03
8.368465851930621813e-03
8.081916979936301995e-03
8.291254721995934898e-03
8.311529734369141678e-03
8.205610271896078903e-03
8.051081584176476152e-03
8.513880636332179369e-03
7.980718585591873096e-03
8.233191865652392596e-03
8.468186736861980229e-03
8.470924136014752748e-03
8.551278555271451046e-03
8.103554822668586691e-03
8.277814337767518474e-03
8.969525644300441886e-03
8.377700668397066938e-03
8.505550101146841513e-03
8.780542507334610641e-03
8.181542228332035552e-03
7.965371868563884614e-03
7.923193019335812715e-03
8.096067163743182402e-03
8.275364767731375332e-03
8.127375712797476476e-03
8.129643460134073837e-03
8.515320973136043803e-03
8.033987941289375684e-03
8.465690661688294108e-03
7.922718092691384550e-03
8.550696115118021010e-03
8.202273654965763425e-03
8.517425765440664320e-03
8.377626459114960455e-03
8.414626227280090284e-03
8.115113457801213792e-03
8.507819720431691532e-03
8.251627546265157334e-03
8.648264647976664637e-03
8.451766122954333660e-03
8.683181471049183919e-03
7.975680601723053945e-03
8.302145805939839529e-03
8.199905085457766252e-03
8.190615496163336159e-03
8.154203617360647471e-03
8.457964699383894655e-03
7.907737332685830026e-03
8.142078082498312511e-03
8.387760320164016140e-03
8.359075256648269142e-03
8.839754581481656243e-03
8.315245236010971805e-03
8.432233357661135867e-03
8.284118457934508059e-03
8.332759191363373411e-03
8.217516067197949692e-03
8.171492934659671525e-03
8.511944080088195211e-03
8.232202081694912216e-03
8.274529264865201905e-03
8.002378202478451635e-03
8.396250116165000429e-03
8.749039069597680171e-03
7.907651148384074041e-03
8.312839320908349192e-03
8.608834046071350832e-03
8.328075370836201044e-03
8.351455085952717849e-03
8.405538318232446196e-03
8.473245749408995706e-03
8.812520465787837889e-03
8.324065827105773044e-03
8.097637235205340858e-03
8.415090259829550307e-03
8.520832404485320991e-03
8.447113891858924403e-03
8.422531541162832022e-03
8.142794893815455751e-03
8.426948112553716425e-03
8.124437235418358397e-03
8.601800737495312807e-03
8.563961214095191371e-03
8.049570558774121407e-03
8.144404108554780669e-03
8.345661948890664705e-03
8.374838589849123438e-03
8.205714460763409435e-03
8.505382627913778831e-03
8.254632795610247417e-03
8.259602119927347136e-03
8.426843809589973019e-03
8.255957801505260998e-03
8.342811008534845030e-03
8.262476464722457933e-03
7.802863743565998864e-03
8.642795550680386699e-03
8.101012633752333048e-03
8.615477151757431132e-03
8.052352764075194208e-03
8.327549561622510713e-03
7.878154187037059511e-03
8.138330624531996474e-03
8.133425733059737595e-03
8.628725320220423378e-03
8.347099893891764613e-03
8.525606572556484672e-03
8.699549875915346328e-03
7.956462714786446261e-03
8.298257670486891557e-03
7.860912591645296404e-03
8.421801354392969424e-03
8.238447698979111875e-03
8.306803613041084666e-03
8.199918721192522852e-03
8.529936485457502438e-03
8.291324987344859607e-03
8.466116097577611882e-03
8.371975552823816488e-03
8.343903017255828447e-03
7.966843718363930335e-03
8.961999120876367950e-03
8.381554413449811974e-03
8.227437985931427417e-03
8.849022340173278225e-03
8.501399628729101529e-03
8.030987375168835082e-03
8.133446934547381227e-03
8.207123930720847810e-03
8.200181288133366955e-03
8.577990793701882610e-03
8.396575986504721534e-03
8.389620076679298738e-03
8.278950600751918895e-03
8.204950195059948145e-03
8.333760312827455732e-03
7.863398532241400868e-03
8.481819639274962644e-03
8.680872296830937501e-03
8.352565286111057752e-03
8.583558119805712039e-03
8.332801946770791029e-03
8.320488086082749452e-03
8.768323612334013098e-03
8.209889454183471810e-03
8.328853062134943669e-03
8.588895132984044820e-03
8.173500025992158288e-03
8.594099436710236559e-03
7.934962215272338415e-03
8.086343683340430424e-03
8.101160657383952440e-03
8.217525081921037491e-03
8.341958995405842833e-03
8.634691916094410294e-03
8.314259012456330297e-03
7.694220202551716598e-03
8.002533091245024599e-03
7.741938955322887062e-03
8.154324928701708539e-03
8.288490979053830116e-03
8.774290080296445402e-03
8.478650823675366530e-03
7.879273656332839645e-03
8.223004381314177186e-03
8.142766741216646287e-03
8.283528064459241835e-03
8.226959391372258221e-03
8.959740102349528917e-03
8.226560597060127850e-03
8.051593118076520034e-03
8.313661101270486756e-03
7.906468061151313009e-03
8.313650811334455035e-03
8.056745502063377556e-03
8.207010279045639720e-03
8.273388682078322218e-03
8.163734089589260237e-03
8.479048566320030247e-03
8.538294954557381147e-03
8.021108898907039833e-03
8.476772860443263988e-03
8.384148988849871031e-03
8.422070077766534782e-03
8.661057004823587493e-03
8.428130469672941855e-03
8.576493665104739650e-03
8.437358855128414964e-03
8.497592890993922732e-03
8.256646834273064992e-03
8.321776532789822156e-03
8.380305267723077434e-03
8.043022658213831028e-03
8.349479118735366953e-03
8.578417537082107594e-03
7.845850941392630215e-03
8.502028834621429276e-03
8.518502251929160538e-03
8.340115550569782849e-03
8.104561018402784214e-03
8.612551353825406014e-03
7.978215987021607114e-03
8.266837263441717196e-03
8.218082311496135994e-03
8.526652159553546606e-03
8.528296813274110696e-03
8.499631247232328907e-03
8.839262160737612964e-03
8.286522707498533008e-03
8.118753774266983247e-03
8.111766859253148956e-03
8.078333402766766161e-03
8.172358555805331673e-03
7.783578621053624524e-03
7.783580920718695742e-03
8.361388094179552158e-03
8.375291460045316064e-03
8.510107291987320868e-03
7.920570205286603729e-03
8.166747517428175202e-03
8.342849379350578132e-03
8.560614389341872354e-03
8.454013770890611568e-03
8.612997820059859269e-03
8.649866580475645828e-03
8.304744034966136945e-03
8.362520165978368225e-03
8.393671591057267484e-03
8.222196156228029837e-03
8.578950853959132691e-03
8.339185952545083436e-03
8.571715068317107764e-03
8.135985143893425045e-03
8.423424457067332435e-03
8.369598109245595871e-03
8.188671380436269090e-03
8.369190330271789394e-03
8.542906863474241178e-03
8.043415981833199752e-03
8.583675602676863955e-03
8.805504071945984348e-03
8.132935167951401909e-03
8.444154032341916194e-03
8.270406751184141911e-03
8.168804424741308093e-03
7.998548757002328299e-03
8.280285433427490155e-03
8.220625631087767615e-03
8.501384430722614544e-03
8.343757339866864076e-03
7.969877008799686885e-03
8.628032852258221350e-03
8.377368596757339345e-03
8.517463451638243588e-03
8.364707959993663428e-03
8.747590591616524400e-03
8.085444253984592697e-03
8.382854397273698660e-03
7.925068117956179936e-03
7.912987907508174310e-03
8.043189187250566682e-03
8.745399858079894520e-03
8.251705604848655340e-03
8.412966565565373200e-03
8.217810988847280840e-03
8.250247779187064312e-03
8.526664921461823282e-03
7.788204537840853411e-03
8.640508174145498238e-03
8.248417635870990486e-03
8.148697629610467813e-03
8.324502174282603223e-03
7.639702647332219897e-03
7.965157960983458227e-03
8.454735433717696855e-03
8.538091217442809674e-03
8.470016121627682235e-03
8.147427726860454258e-03
8.837178448759081331e-03
8.342043415896744502e-03
8.334391287333547602e-03
7.829853102863148021e-03
7.965431631043384461e-03
8.281079014909922473e-03
8.237062768991939427e-03
8.269247994318327730e-03
8.089765740099561994e-03
8.620167764935340524e-03
8.522818026643199513e-03
8.160157509992341240e-03
7.999154629584418960e-03
8.540485531878054190e-03
8.472702848629864655e-03
8.140150118512948230e-03
8.266083551152693387e-03
8.206235910284796417e-03
8.817124680785343865e-03
8.146054922612553859e-03
8.476346507115619516e-03
8.472227928190929208e-03
8.196232135023488394e-03
7.730526355631118889e-03
8.928466413660483825e-03
8.277182234693510401e-03
8.389509336900026829e-03
8.021591465488224146e-03
8.235780489017225856e-03
8.596283623596517875e-03
8.425101111825716166e-03
8.610816503361229737e-03
8.295567085019855957e-03
8.765777536525774100e-03
8.378655135930026393e-03
8.758367962554606742e-03
8.146056884781037108e-03
8.040064792507078603e-03
8.528687194644894026e-03
7.944408987173212991e-03
7.882849265049207341e-03
8.264866970360327733e-03
7.864230494706379859e-03
8.231322370687662107e-03
8.581472482355821663e-03
7.966986768673495201e-03
8.474366629626573638e-03
8.178154393382737822e-03
8.246813803432416490e-03
8.317615704574874563e-03
8.507227662410800709e-03
8.406658539858806109e-03
8.077866186741783014e-03
8.166939825995356977e-03
8.263827357454631498e-03
8.355059810315004082e-03
8.584178938881083590e-03
8.029202591109407122e-03
8.196495720899034734e-03
8.203610701276021697e-03
8.500597235358654802e-03
8.541544729141347866e-03
8.654236977995239527e-03
8.176569348254190961e-03
8.561324472803650762e-03
8.211171818121705546e-03
8.666878826079990258e-03
8.043730446469941550e-03
7.990693151137142833e-03
7.864791371076476287e-03
8.784355861538119259e-03
8.267463312217664118e-03
8.949203674217457230e-03
8.131967258548495475e-03
8.356466349630553569e-03
8.328570225127356411e-03
8.469633014138187865e-03
8.250551480886481742e-03
8.286444323830624223e-03
8.616906426547658870e-03
7.924358034982030563e-03
8.665691620511645210e-03
8.111626401558073504e-03
7.931815941194247585e-03
7.769448433536810597e-03
7.814825245117040450e-03
8.084620507703173600e-03
8.514514897740301305e-03
8.288110882978014932e-03
8.043041341269555056e-03
8.617368228797210594e-03
8.433869051994410601e-03
8.515633422581875625e-03
7.995679796636741277e-03
8.066173897265695170e-03
8.256052205539717026e-03
8.212847885099234038e-03
8.355051307065977304e-03
8.316549204749043578e-03
8.298527775316980742e-03
8.193944849082635679e-03
8.699857901915219668e-03
8.723335191955420773e-03
8.059126715551952549e-03
8.387476597757997226e-03
8.459635191576162991e-03
8.422600793024216312e-03
8.472165068379187980e-03
8.098168490179096304e-03
8.493223967246792475e-03
8.689628421396079078e-03
8.309602155307486623e-03
8.371876260004039449e-03
8.460594994665620802e-03
7.770771310799833020e-03
8.113189375414265464e-03
8.430340795422434225e-03
8.091482650568034007e-03
8.364394024671184188e-03
8.283740001842253287e-03
7.692357793188916819e-03
8.357968594042237617e-03
8.701775682541544252e-03
8.164692612627427390e-03
8.121992014644752178e-03
8.173359230520347435e-03
7.990381440460624096e-03
8.235608959829682912e-03
8.212048449285597879e-03
8.369727428345258985e-03
8.636429678146871278e-03
8.094160639978158558e-03
8.966053296220860211e-03
8.018037528795773222e-03
8.414606986190602961e-03
7.429129976012040747e-03
8.398282299274648435e-03
8.550007314970927905e-03
8.387474396079348804e-03
8.258839345029181031e-03
8.195737236643418216e-03
8.154273427086140835e-03
8.090745173679001617e-03
8.180427544463934539e-03
7.986120593873090659e-03
8.488968570873093103e-03
8.899421976176441137e-03
8.741360408673348736e-03
8.081988473832677974e-03
8.400428565070318376e-03
8.182966916694549980e-03
8.452295380535270256e-03
8.170959509508671573e-03
7.840541647369882877e-03
7.841599966763689381e-03
8.607488459300059735e-03
8.426786319427160415e-03
8.661860317565123896e-03
8.373418676502887223e-03
9.215769055769613277e-03
8.138185480964068089e-03
8.658191053143384636e-03
8.406657056818792398e-03
8.202674066241701437e-03
8.658173584952508217e-03
8.125870645536008643e-03
8.484286909536812790e-03
8.378078007527442819e-03
8.599526016663769021e-03
8.610776648983195850e-03
8.425323070906433690e-03
8.152668036549876041e-03
8.241630357906384874e-03
7.816196174888422402e-03
7.844715754428011750e-03
8.432981392983979543e-03
8.174283473433397590e-03
8.139718152434487555e-03
8.169014489063495046e-03
8.078258210989090402e-03
7.605598459958820036e-03
8.327018949649586665e-03
8.489995481165166918e-03
8.358077398841692526e-03
8.011302081728661692e-03
8.074148158907258621e-03
7.876230923532965070e-03
7.733146385011707181e-03
8.242429147610252915e-03
7.944328689746779290e-03
8.703607763025415778e-03
8.248879647592683231e-03
7.723967572725458190e-03
8.362124341498041943e-03
8.671540141021323242e-03
8.672752068242842519e-03
8.616083545389320586e-03
8.331054918451886657e-03
8.232950030984580517e-03
7.969712164682857952e-03
8.106488135859958935e-03
8.569060471863279224e-03
8.363922701161088588e-03
8.013351015548187892e-03
8.304172084817229918e-03
8.190216177782438239e-03
7.900666547899625608e-03
8.858941951374321722e-03
8.436303067000964703e-03
8.352222173108068970e-03
8.672644664298909470e-03
8.384882402644885935e-03
8.398120503296760408e-03
8.021481824333166408e-03
8.300745135311166784e-03
7.756147280050841586e-03
8.591210479210928050e-03
8.435067940484174132e-03
8.144765974001683118e-03
8.070766875969458479e-03
8.315222399555307828e-03
8.410226297105808518e-03
8.621827290793269982e-03
8.424118946182787906e-03
8.293688724437758494e-03
8.414162030800975689e-03
8.031988212473356939e-03
7.947426947528792029e-03
8.036543404926887318e-03
8.179271839170425967e-03
8.789232009036666501e-03
8.092469095758607345e-03
8.310534045344949647e-03
8.437009194048305724e-03
8.560712157057023472e-03
8.151135671466703744e-03
8.275592799683569381e-03
8.866719805652491238e-03
8.474971822043379094e-03
8.420136760899190817e-03
8.251738730119270379e-03
7.798909515611805558e-03
8.931980385388987170e-03
7.551173789545120689e-03
8.687493683397938191e-03
8.458123141279748000e-03
8.193635571642730875e-03
7.928912927504286681e-03
8.046104056503224078e-03
8.739406510193864497e-03
8.154079179973829083e-03
8.152239406218527926e-03
8.117631213783419938e-03
8.093553911218432165e-03
8.343256460904323671e-03
8.115152715500159597e-03
8.625029987992974961e-03
8.280272323722057820e-03
8.475395894553081066e-03
8.672621889133444104e-03
8.303897900196730714e-03
8.439256784464617411e-03
8.375981965358334294e-03
7.904802590839081489e-03
8.539273486212096628e-03
8.421201839431008765e-03
8.769858545469711233e-03
8.198240464191590415e-03
7.817207674907232159e-03
8.328510100667265229e-03
8.271200711624137475e-03
8.380311833734199398e-03
8.262000630773039950e-03
8.140678057290953382e-03
7.781945391871248306e-03
8.311267352901776165e-03
7.969364881731390640e-03
8.873179770234305291e-03
8.044493287844449447e-03
8.091051314969120375e-03
8.342327590078817481e-03
8.068766385472657052e-03
7.821569201819471295e-03
8.147003273427650197e-03
8.390864536984461719e-03
8.258677741337327322e-03
8.237102003494456079e-03
8.586595191666233917e-03
8.241515816856665247e-03
8.387135608218925301e-03
8.304182541242492027e-03
8.164894674714378783e-03
8.109299696002866820e-03
8.544726227511855593e-03
8.495966352374807046e-03
8.578186825781718844e-03
8.130871808371579329e-03
8.391607247088697305e-03
8.448274670801515437e-03
8.345818388886466072e-03
7.907338193886271488e-03
8.378539748372602555e-03
8.728192407110294329e-03
8.509777468554843849e-03
7.862742165938723521e-03
7.524519331833966033e-03
8.438341362767368473e-03
8.015963703774373061e-03
8.211225331779535216e-03
8.451527825008945186e-03
7.803845396327669694e-03
8.504878658251956852e-03
7.941954495395151317e-03
8.139344948569271487e-03
8.126351691757110335e-03
8.424656245823178638e-03
8.291471395618818865e-03
7.910327366114038375e-03
8.166032228205413052e-03
8.341101611337544894e-03
8.610673778172980158e-03
8.385760006877846298e-03
7.809822937683061524e-03
8.371587688151211140e-03
8.345705607189777761e-03
8.044564562371623803e-03
8.191145236899715493e-03
8.370691405435915292e-03
8.405523658990122701e-03
8.101163437038752177e-03
7.978008470554952616e-03
7.914752190364424470e-03
8.081059107836952721e-03
8.104710380509215495e-03
8.110966549060559874e-03
7.636152551767395012e-03
8.389921930077667497e-03
8.204810657883140207e-03
8.467228446611144155e-03
8.399024812090970585e-03
7.890419162384011698e-03
8.221206250413538863e-03
8.503451063356291112e-03
8.346553442311022489e-03
8.203288401574804212e-03
7.743968453561298274e-03
8.136192093789604979e-03
8.012025819934083179e-03
8.208283228086105804e-03
8.024055742898874785e-03
8.150463206389473372e-03
7.752284869537657934e-03
8.412334908285620805e-03
7.911146814141281278e-03
7.944689832406072461e-03
7.943034106651102738e-03
8.078584952067195679e-03
8.106664742380861183e-03
8.760196222629641760e-03
7.862058315137185338e-03
8.488796978304223931e-03
8.131028560271522099e-03
8.410024587787005151e-03
8.268038207256321603e-03
8.570874281212849041e-03
8.051708030346662118e-03
7.924461407400213223e-03
7.972929322430133067e-03
8.017203964949518383e-03
8.620268131784776175e-03
8.725796742157607144e-03
8.137517117292854610e-03
8.136313399400888283e-03
7.507687299120442692e-03
8.190465066340140918e-03
8.151451840445154973e-03
7.958174712132242215e-03
8.234882213081511429e-03
8.478272250145526059e-03
8.390597583065996165e-03
8.349376486605187067e-03
8.169778455957938876e-03
8.446061462312902737e-03
8.131977168016793489e-03
8.212851330628117077e-03
8.174221253150933120e-03
7.839966313762545755e-03
8.564922862358922973e-03
8.028281906247434693e-03
7.765929073889476543e-03
7.671187253112986618e-03
8.258409276606187149e-03
8.273884502259425469e-03
8.060048092629668037e-03
8.176800575409731708e-03
8.195750933167701008e-03
8.471652689931389452e-03
8.675578912896119571e-03
8.525152867271654916e-03
8.164837368565054654e-03
8.036535961739772055e-03
8.146301647257242484e-03
7.773822260069722379e-03
8.100080838260661359e-03
8.267515800970272333e-03
8.184580092666569190e-03
8.589036049404185150e-03
8.457304882817363173e-03
7.966824139927454126e-03
8.336674872382342227e-03
8.380213165119540508e-03
8.091019449586213386e-03
7.688878834956758800e-03
8.131913854112453668e-03
8.040883778144325422e-03
8.226175280543883764e-03
8.276587838644478695e-03
8.555355568910570294e-03
8.087572279892443761e-03
8.324868497024314959e-03
7.916497131661190401e-03
8.507829587026539964e-03
8.721105362062612359e-03
8.401561816392651497e-03
8.502863725633582129e-03
7.838247013810655320e-03
8.139113901935522699e-03
8.263579327985780959e-03
8.246030116765218701e-03
8.246802856732420375e-03
8.049221825371041111e-03
8.221965740629598798e-03
8.511706165537093541e-03
8.183578397502942400e-03
7.745809223146942098e-03
8.174101362042338406e-03
7.629686095291832691e-03
8.316298734073733837e-03
8.217891864566669730e-03
8.190640831864746257e-03
8.274682154671204881e-03
7.935019771083290721e-03
8.104153431240577327e-03
8.113173460777493851e-03
7.733619324471885728e-03
8.309941345165846802e-03
8.025390547747077163e-03
7.899173603339791974e-03
7.755023209921567753e-03
7.982416450296504068e-03
8.535844926576954816e-03
8.390789159758473004e-03
8.333305522676328486e-03
8.445620085916399900e-03
7.532634394169955214e-03
8.012424848237807012e-03
7.986889924206758487e-03
7.964690183323065026e-03
8.323137902911221034e-03
8.001087900428978383e-03
7.977881795999340261e-03
7.907408208415256726e-03
7.940432480400433715e-03
8.090410903064075912e-03
8.219037137894494652e-03
8.477794919062172155e-03
8.284524705386089524e-03
8.360365310697068578e-03
8.224888564118178896e-03
8.153784562735898536e-03
7.927018468278267810e-03
8.038465420517679552e-03
8.533407157820945346e-03
8.496005268941382235e-03
7.873923240866522594e-03
7.807358993813886573e-03
8.126318952893642894e-03
8.366382406198373881e-03
8.057334830605609663e-03
7.856427948209192616e-03
8.310649694596229306e-03
8.052567251848250646e-03
8.314459054754584286e-03
7.970035426901226489e-03
7.951799541898467785e-03
8.042022300454481840e-03
8.376868389191305039e-03
8.351029140728011974e-03
8.246923209918296041e-03
7.987240078781180849e-03
8.548597176057149555e-03
8.517843559109209220e-03
8.343981186129051722e-03
8.526684125505215248e-03
7.818078487332109569e-03
8.165969726001320178e-03
8.286635201289667754e-03
8.313674021149420820e-03
7.740374766967508119e-03
7.982036107980726436e-03
8.157777368232661114e-03
7.477990189457888077e-03
8.153137673149500955e-03
8.119279455277369703e-03
8.049650159850808145e-03
7.935865655810944025e-03
7.926240503239246477e-03
8.172298287751908821e-03
7.592052850751986395e-03
8.298701195584930537e-03
8.028740594652054516e-03
8.153489265007264272e-03
8.197434660125266920e-03
7.558672512526885302e-03
8.177157422944895254e-03
8.337421029245598372e-03
8.148798680230516511e-03
8.280818079971699955e-03
8.166950205427871839e-03
8.156729875235838381e-03
8.525825095051441441e-03
8.043285184872694255e-03
7.950571588805566831e-03
8.491051554449300168e-03
8.192126135549334873e-03
7.612015322708574894e-03
8.161684540794753376e-03
7.764826839760924707e-03
8.507421625917447466e-03
8.034897117003073075e-03
8.071898690785728192e-03
7.704613706564483917e-03
8.208537174243732415e-03
8.097170224486659185e-03
7.985573858091007254e-03
8.185836302659786276e-03
7.995713422227452433e-03
8.094052389778321616e-03
7.890713548240923733e-03
8.146651107630001679e-03
7.822882219273940771e-03
7.841372526773741913e-03
8.061074608125783775e-03
8.203374988011411656e-03
8.063955824167187009e-03
8.246333422342959005e-03
7.798157042403147839e-03
7.990979463489984724e-03
8.252808101200725249e-03
8.389244122918897845e-03
8.242906275961471921e-03
8.094246479861483268e-03
8.145300413122594577e-03
8.391240242131729060e-03
8.227487971604979106e-03
7.957606909271761064e-03
8.406863849176441500e-03
7.689137516952063156e-03
8.179264706508938484e-03
8.403224956005652183e-03
7.972534844249165240e-03
8.002219116488211090e-03
8.570803025315947357e-03
7.891533685535677758e-03
8.059528557830559353e-03
8.157219861345219383e-03
8.419613637739934917e-03
8.474219759370330354e-03
8.391886647904170729e-03
8.233168184522033847e-03
7.879064941780401787e-03
8.023502866952792606e-03
8.060167081981131978e-03
7.995665847888192707e-03
8.344689737218757147e-03
7.655740810946431822e-03
8.445215711946998591e-03
8.267379661135240351e-03
8.609789160866411842e-03
8.059688595469989905e-03
7.927222485143667688e-03
7.579897569611077426e-03
7.916054489261338534e-03
8.088733867862754612e-03
7.976424304231073681e-03
7.822411984655117459e-03
8.238105743230954986e-03
8.509610730198576001e-03
8.076555611708408772e-03
7.855803032095607166e-03
8.311487100641799797e-03
8.184309047218223110e-03
7.948325727201164745e-03
8.047578379453718123e-03
8.144990929354212900e-03
8.249632351122292498e-03
8.504805854398536993e-03
8.093596435080504387e-03
8.061218230899811626e-03
7.981828625164591809e-03
8.199370965616041215e-03
8.174424648046588193e-03
8.208445547424152861e-03
8.074655237539779540e-03
7.819865967099921475e-03
7.980377606082311379e-03
8.293537414123442267e-03
8.261105727741671970e-03
7.822786334165063651e-03
7.929050645695219501e-03
7.540567242651907871e-03
8.068291225981053319e-03
8.086724019180738590e-03
7.673569196154184785e-03
8.580205862559746322e-03
8.579942002045237368e-03
8.287849961790003453e-03
8.328129152882795053e-03
8.205338679152624284e-03
8.050673343872759638e-03
8.248139819850612564e-03
8.055099803338598360e-03
7.630897780314353264e-03
8.136088927355828934e-03
8.069174099970632605e-03
8.208439733566479796e-03
8.090550433508987560e-03
8.237470790284345118e-03
8.196029467031603136e-03
8.151298206559777493e-03
8.197156005586783353e-03
7.986272200944541377e-03
7.854008334655214127e-03
8.266869418798129462e-03
8.209469470180254594e-03
8.048810117667152056e-03
8.410796420236120105e-03
8.278716559150644388e-03
8.413718266191022935e-03
8.213190983423615532e-03
7.875585888754798106e-03
8.799231810329495584e-03
8.388459325652655035e-03
7.909741225818466004e-03
8.375550578208768027e-03
8.080197913687751227e-03
8.176213163233289616e-03
7.775922726687195009e-03
8.245382557849966626e-03
8.118996974421149523e-03
8.285792989387159163e-03
8.219417438046586546e-03
8.387731369293575587e-03
8.131474437543341482e-03
8.007226114166822797e-03
8.080879502196901265e-03
8.043841802563208090e-03
7.744139198412861372e-03
8.592664359686278883e-03
8.108946483306980063e-03
8.095213319103214747e-03
8.387467047006018014e-03
8.063423553154208320e-03
8.142427787030158751e-03
8.400937889085543717e-03
8.413353330658412260e-03
8.372644532906576773e-03
7.979252963845381158e-03
8.400972443743817339e-03
8.513607210868546007e-03
7.903835227496495280e-03
8.106786622174575255e-03
8.117290547232071385e-03
8.490351534647572890e-03
8.160623628737583360e-03
7.956067408779748593e-03
7.716833370139517326e-03
7.788278655744315659e-03
7.537340169982476891e-03
8.313945420328145222e-03
8.416205436726414968e-03
7.937977654764807184e-03
8.125881893336454886e-03
8.409950240469732038e-03
8.196196523362295552e-03
8.245179409889636171e-03
8.062293973815640863e-03
8.014621469671379464e-03
8.003014374098489300e-03
8.355948269473684881e-03
8.490610783998585667e-03
8.416429338588259437e-03
7.983578550678445407e-03
8.443133829654799957e-03
7.790879618497845507e-03
8.140847833826708735e-03
8.330001335584867259e-03
8.530492670415197945e-03
8.430055688528009447e-03
8.066116087994198644e-03
8.149807894796023966e-03
8.118630979062731873e-03
8.024963150910132889e-03
8.240451086152745727e-03
7.998512637031050462e-03
8.093579212945107779e-03
8.490108510487854795e-03
7.994572000215367791e-03
7.524793691066161867e-03
8.068509755718822340e-03
8.245497579365565141e-03
8.284959702356946634e-03
8.112602085684331166e-03
8.245106725206854947e-03
8.338685911958996361e-03
8.367996969970998428e-03
8.148073227199679677e-03
8.303651609573062600e-03
7.911220288346121343e-03
8.366881769612186104e-03
8.431694290696714958e-03
8.307667292640305567e-03
8.318428758502215137e-03
8.461046904539238495e-03
7.921243934944451406e-03
7.783598445416157162e-03
8.162636335879040750e-03
7.925613758489404720e-03
8.065664579290185432e-03
7.927074609581783587e-03
7.911066292203221273e-03
7.955266676029615000e-03
7.800387152438087966e-03
8.039120761161290540e-03
8.406882842084215796e-03
7.955206240343289797e-03
7.948702566322646962e-03
8.067174821492127668e-03
8.085106902688305938e-03
8.210231826178590944e-03
8.321967450719365902e-03
8.581012711447514457e-03
7.876756218204669993e-03
8.570737625440721930e-03
7.928664521416750252e-03
8.009389026612455734e-03
8.116343270743276578e-03
7.808967481146600852e-03
8.086340453394815636e-03
8.278874362197466766e-03
8.018154706833716117e-03
8.060440632056891513e-03
8.183123596723476667e-03
8.180140292958791581e-03
7.825043488765538735e-03
8.127483749889129541e-03
8.080108639553242739e-03
7.944544813909496656e-03
7.968248609010150293e-03
7.933593230592884266e-03
8.072504688305224760e-03
8.357350568819222128e-03
8.537764606224905115e-03
8.295698107442720307e-03
8.287327225669266842e-03
8.097642791888000000e-03
7.929979950815247911e-03
8.179709370869290425e-03
8.240947362138647397e-03
8.167902646698610783e-03
8.093939298623698334e-03
8.403074420701782399e-03
8.221119509591109584e-03
8.281810399044240920e-03
8.058959608884766479e-03
8.326510728565749905e-03
8.200590728247690239e-03
8.500246442894215590e-03
8.333454261111579095e-03
8.219345265524220095e-03
8.531527207210126348e-03
8.040655859599531163e-03
8.184078247704390865e-03
8.148056818538007215e-03
8.020533583617492704e-03
8.015314862472229865e-03
7.716687163009700208e-03
8.327543505369074464e-03
8.040962416851052397e-03
8.459114926477577165e-03
7.847481481720000596e-03
7.809139057015430235e-03
8.164968390852192504e-03
8.221771425731222091e-03
8.252164289378017409e-03
8.241208928082529098e-03
7.819824644611235442e-03
8.482101191069988527e-03
7.993573994075608632e-03
7.673252873745613385e-03
8.245133567398418156e-03
7.730308644665018387e-03
8.298231619700720957e-03
8.100031897096210409e-03
7.950738993647002081e-03
8.093282867185237067e-03
8.066109990540403299e-03
8.324406342846483314e-03
8.404375011630943124e-03
7.689490564408521002e-03
8.052252704273104439e-03
7.998504432730629138e-03
7.951367243255357681e-03
7.308179009605680551e-03
8.033676782415609743e-03
7.921117108728689335e-03
7.806034861813609081e-03
8.128903899938250480e-03
8.140879602465272286e-03
8.041575407412827892e-03
8.037377303124577585e-03
8.135404403629017955e-03
7.989091897909300979e-03
7.961989341310616100e-03
8.162292461884797581e-03
8.300927366373955091e-03
8.174548442891846692e-03
8.067908463587864648e-03
8.072160306671400179e-03
7.876946711274325150e-03
8.248519291942440004e-03
8.230953689751104377e-03
7.906191494179688403e-03
8.136292116071404054e-03
8.433611332753464251e-03
8.010000151740576460e-03
8.004119520110075311e-03
8.238240693314033761e-03
8.376991500646671987e-03
8.283950756315676747e-03
8.107891764090208522e-03
7.571805469795117767e-03
8.020492678912747794e-03
7.790080674123686134e-03
8.317244546690754844e-03
8.228069024254410294e-03
8.096220808049831366e-03
8.101325739894388311e-03
8.104610621393873796e-03
7.786250748312119503e-03
7.871346707344413496e-03
7.878748345066858422e-03
7.664863273700984678e-03
8.141085224882695093e-03
8.160421810448247742e-03
8.074936920823829953e-03
8.601986078326708668e-03
8.506927854341060635e-03
8.232648346268828243e-03
8.092152248000241896e-03
8.448498283413891780e-03
7.757194156345080353e-03
8.174879840864929248e-03
8.211750337861190713e-03
7.833429450665115729e-03
7.566498621825735495e-03
8.079895663994057786e-03
7.907774642052289166e-03
7.870505748068041402e-03
8.100374283491923108e-03
7.926668631404076154e-03
8.119457917181651871e-03
8.092181212018070141e-03
8.020995882910801275e-03
7.865562327004303397e-03
8.115485399996551913e-03
7.745607201857972884e-03
8.144360337038148920e-03
8.170790266991342921e-03
7.986125731937639138e-03
8.088826395778786829e-03
7.729761487268180589e-03
8.107157501481856293e-03
8.271477486769405335e-03
8.322117869946531882e-03
7.941511464977077731e-03
8.316082961740960122e-03
8.064251022085805118e-03
8.319067011082719246e-03
8.045941270134970846e-03
7.806929457063477122e-03
8.059611636941460891e-03
7.761751836718110489e-03
8.428646969339892783e-03
7.984789980099165838e-03
7.815605960969926672e-03
8.135845011560654400e-03
8.387127005851357023e-03
7.818376244315470777e-03
8.143940061717602069e-03
8.066019714828400258e-03
7.753593174386324421e-03
8.768726073393864895e-03
8.331158798728092313e-03
7.740296067486334038e-03
8.415375565134115832e-03
8.078932038792728185e-03
7.835810564251938920e-03
8.024757012098721748e-03
8.088760876164684602e-03
8.337506243006066395e-03
8.364421523164994321e-03
7.994236561172346489e-03
8.122989495659545256e-03
7.899425358811291292e-03
8.225129665615327906e-03
8.307500763794530008e-03
8.305426157470291448e-03
8.105751953691469128e-03
7.946845339088626226e-03
8.089056733064989638e-03
8.667908830224274955e-03
7.847110466201068224e-03
8.061651513339781680e-03
7.964943060852262835e-03
8.479219259330397079e-03
8.143910614820013341e-03
8.437253121793910488e-03
7.930088823098474862e-03
7.905826832148946451e-03
8.313083983549322473e-03
7.976400243668349196e-03
7.631292945916544335e-03
7.677795651332590572e-03
8.166691008165640267e-03
7.924353566087279782e-03
8.173087861403619328e-03
7.899575371163765347e-03
8.101432263863348263e-03
7.956908993913405087e-03
7.616336161893937952e-03
7.838481742375065509e-03
7.917984032648513540e-03
8.110869739719589119e-03
7.824845525177216363e-03
7.648736071893484818e-03
7.754466230723497389e-03
7.607375131366209998e-03
7.898605784503028027e-03
8.161371205651071423e-03
8.544178553669878537e-03
8.487878449354443328e-03
7.835382400642302431e-03
8.032695199940294642e-03
8.356701121053276143e-03
7.940575821261210143e-03
7.894264539106682702e-03
8.427052864644049915e-03
8.430622328255352183e-03
8.253058521797073180e-03
8.035527429311670189e-03
8.197463196274377278e-03
8.446711661381237080e-03
7.963742325211829037e-03
8.232449630438105556e-03
8.124620397185991494e-03
7.771626592515514312e-03
8.607269603599148819e-03
8.096609534430849672e-03
8.011699449192596911e-03
8.066253111372391135e-03
8.139720458029095149e-03
7.706846427851134565e-03
8.576919147726114884e-03
8.185256538652952232e-03
7.995761272703795844e-03
8.109579267201778505e-03
7.812746065363010764e-03
8.863413530049796263e-03
7.909889214607206814e-03
7.596467327069800039e-03
8.172975277170610106e-03
7.816033719280059133e-03
7.995924094743492305e-03
7.618610806560361520e-03
7.961144216267413559e-03
8.210661102434445649e-03
8.314496311520466754e-03
7.877446598443055281e-03
7.931975105061226175e-03
8.184924435739787674e-03
7.960592327608984053e-03
8.270713917171875623e-03
8.393423500070667717e-03
8.643044770830162621e-03
8.046517633336285752e-03
7.951127944801524017e-03
7.961193088800829626e-03
7.857057662344228699e-03
8.041353036762987835e-03
7.682884516789999750e-03
7.788160135588671935e-03
7.869588382685520703e-03
7.980896913586572189e-03
7.709192839759319502e-03
8.044643936052435843e-03
8.027072576562030437e-03
8.276939352466733402e-03
8.301188963214141403e-03
7.716380077651963966e-03
8.224527163041285907e-03
7.871639575197337396e-03
8.173682414125015352e-03
8.180916379080603595e-03
7.676567129341184056e-03
7.718008669228424573e-03
8.253964823919296423e-03
7.845732317272135006e-03
8.213149003542126111e-03
8.325210767602477663e-03
7.673844535931724324e-03
8.019969609735758467e-03
7.949121881894158359e-03
7.794779516079569648e-03
8.307269065512386252e-03
7.878956817157337783e-03
7.976138072186837041e-03
8.392829444936796696e-03
8.298729608567126728e-03
7.830901633479121077e-03
8.085763015262216122e-03
8.032431835739175380e-03
8.287790491646343169e-03
7.555451829363113263e-03
7.593622032406625519e-03
7.687224868473397678e-03
8.295447009463219334e-03
7.608338783699167274e-03
8.626078978954869123e-03
7.542615915644567889e-03
8.255090655684188886e-03
7.957386081978254366e-03
8.639639923280199862e-03
8.339927869841605446e-03
8.102646907002216195e-03
7.847527274613092657e-03
8.351709881989513237e-03
8.106507279626523968e-03
7.839040210618354598e-03
8.005852297372769572e-03
8.048093105069350009e-03
8.184738699115946120e-03
8.109774599970812764e-03
7.957793157315392815e-03
7.839655663753131512e-03
8.142188101181715640e-03
8.104040055568808090e-03
8.088451250530809614e-03
8.077078979657842384e-03
8.024497643259905638e-03
7.905747339229024506e-03
8.300818193752307339e-03
8.054836181481121044e-03
8.120921642344009275e-03
8.257026389888967241e-03
7.815713575248024736e-03
7.807421364355179860e-03
8.367602131991551395e-03
7.756620209275666769e-03
7.826413424118742676e-03
8.101239125531492849e-03
8.288318043744517805e-03
7.900850340801044563e-03
8.115512034938080280e-03
8.022097647546303639e-03
8.051676166084605069e-03
7.684635388662357930e-03
8.108686432198454475e-03
8.189662647802705905e-03
7.906219085125837723e-03
7.797292965234061020e-03
8.035510606820752549e-03
8.243397226708953224e-03
7.811207570354956539e-03
8.073959194889466021e-03
8.202024282337896585e-03
8.214624863113572165e-03
8.083307885519116012e-03
7.980742793439698363e-03
8.318370536846465130e-03
8.030028144967353912e-03
8.032936172736031277e-03
7.981216513294911094e-03
7.939614235477591639e-03
7.432181048433910038e-03
8.122452910642402255e-03
8.328466905706505968e-03
7.846766590933572719e-03
7.736703357537481549e-03
7.927192985517377347e-03
8.197098360991127500e-03
7.850280064497408561e-03
8.058125009542931733e-03
8.018050988727012246e-03
7.979529495450481819e-03
7.707447665175825961e-03
8.453186031856194452e-03
8.822883942982582758e-03
7.798436381132605247e-03
8.232721277263920293e-03
8.413128771448489043e-03
7.756644734043307080e-03
7.916370373677233951e-03
8.181328845895393526e-03
8.209184313018355605e-03
8.143466754238184308e-03
8.336172102191010194e-03
8.281195829317833032e-03
7.813087855919045518e-03
8.015532133706110979e-03
8.221066775980079636e-03
8.081044396652074802e-03
7.955277948053470979e-03
8.154765422523843621e-03
8.259240074310799859e-03
7.956130069257263612e-03
7.908577094576135086e-03
7.695054446754400618e-03
7.967596394073239718e-03
8.083435609759158022e-03
8.152061031100875724e-03
7.944617758636890459e-03
7.723496634122717711e-03
8.094437725967277078e-03
7.951500138884671359e-03
7.932339727259906867e-03
7.880256025112114190e-03
7.899551902959954519e-03
7.848638014446461184e-03
8.080849699062819108e-03
7.886206208673928603e-03
7.739234947740143526e-03
8.051843551136569910e-03
7.950172108633460008e-03
8.301365447931993366e-03
8.224729347693363751e-03
7.923209058648527509e-03
7.594818267674711965e-03
8.217506721332784592e-03
7.916746048534558863e-03
8.047162387190434293e-03
8.151426651833316300e-03
7.834657918518948480e-03
7.983869185725573150e-03
8.215468836620954882e-03
7.893197841979225290e-03
8.060389369344804142e-03
8.300330933075228054e-03
7.707664178903067195e-03
7.901549325197819093e-03
8.132508035446323058e-03
8.176880902748451599e-03
7.853163114120596464e-03
8.006960758723735347e-03
7.710853198390023311e-03
7.812647533411112843e-03
8.542139962638669107e-03
8.362108107809877386e-03
8.155364394243708875e-03
8.286010636579578884e-03
8.031152444426701772e-03
8.092889789923519636e-03
8.210519948539813859e-03
8.056362428994249050e-03
7.983199279740210014e-03
8.367590412426703303e-03
7.901154317040253935e-03
8.103516847055177580e-03
8.094828988691064875e-03
8.123661718726742087e-03
8.119316578590799957e-03
7.979626576358832268e-03
8.106541090748745418e-03
7.624731981489460929e-03
8.334499726397050570e-03
7.502128438156245062e-03
7.642430004676453205e-03
8.260246860541293340e-03
8.077324641518453252e-03
8.178280072345505899e-03
7.378845830816940614e-03
8.020772633347737768e-03
7.848768584038132851e-03
8.381728340179923908e-03
8.120735046859667641e-03
8.036709409082449726e-03
8.172460890525069799e-03
8.005477979156060478e-03
7.933962094924659411e-03
7.826230713768062008e-03
7.987347597892458309e-03
7.712694354385395135e-03
8.134903629229741848e-03
7.954880289508565669e-03
7.903304516879750691e-03
8.286939074453306478e-03
7.850906570331312936e-03
8.159682979966217248e-03
7.895633154159824654e-03
7.621608989569165528e-03
7.704890723947394916e-03
7.869950844008559779e-03
8.049046503109167847e-03
7.844458103394107845e-03
8.293650050059529072e-03
8.139821461874283820e-03
8.144211698596684132e-03
7.998607304758903469e-03
8.154631650448501343e-03
7.834846738358604637e-03
7.989782291995607341e-03
7.707045334244332774e-03
8.102900238234187272e-03
7.917497345619277024e-03
7.903592316077748259e-03
7.778696522543502266e-03
7.766585829876763124e-03
8.084049470750013025e-03
7.937714741649082653e-03
7.939189276448065102e-03
8.075373250323900770e-03
7.416868156009564714e-03
7.592691690646472674e-03
8.134731162578394403e-03
7.685032741137274442e-03
8.289804118986908443e-03
7.673349803231528481e-03
7.510012287651185794e-03
7.864945082337320911e-03
8.081676129279456375e-03
7.793121512547358798e-03
8.253055188562750943e-03
7.853145037856707963e-03
8.160269055741390179e-03
8.029640542538622749e-03
8.246545121075343418e-03
8.095241626690841130e-03
8.221792643667619541e-03
8.019408421338613743e-03
7.617506048025212730e-03
8.525046301430264095e-03
8.259666385835353827e-03
7.931770176488724122e-03
7.767097271053050381e-03
8.494669557652215902e-03
8.195370765565587051e-03
7.745946164535897141e-03
7.842476359557209661e-03
8.063355622199100750e-03
7.990013330791254434e-03
7.621743868430014800e-03
7.935093088284911333e-03
8.234849557324808514e-03
7.839164676972182333e-03
8.460125453015930955e-03
7.902036411488152015e-03
8.024185421998184312e-03
7.678091931083382005e-03
7.751884526958379394e-03
8.705087313963804849e-03
7.695896460757290641e-03
7.739100432624129722e-03
7.782902522768907552e-03
8.006326748180610589e-03
8.029747136683149447e-03
7.644836565634398166e-03
8.358733427386735512e-03
7.950210407958558517e-03
8.005363257431185459e-03
7.933022602095579634e-03
8.247113900448018592e-03
7.837692588802661411e-03
7.861174601521940183e-03
7.854327497324120611e-03
7.808469757274436041e-03
7.722425695462548437e-03
7.513877059837636985e-03
8.176203933252832595e-03
8.088853081401671877e-03
7.600365226434274528e-03
7.691592157160633166e-03
7.885259076834410727e-03
7.862113810038007591e-03
8.019830558337107812e-03
7.840193829106988435e-03
8.278644007633093743e-03
8.125247036588545066e-03
8.271209302412449102e-03
7.983690889584253367e-03
7.650168233478174887e-03
7.557097030843173968e-03
8.115153055322491329e-03
8.056749053953805167e-03
7.725582380559396431e-03
8.184605061874381665e-03
8.033067706960319784e-03
7.732182091744947347e-03
8.332690311752282211e-03
7.785817763731341622e-03
7.766973786093729973e-03
8.003147310337667408e-03
7.747362649786455370e-03
8.192276021606431993e-03
8.092994119945944725e-03
7.780806344260258675e-03
7.674793141802419699e-03
8.174650934771026528e-03
7.895311486482852609e-03
7.665583168372801064e-03
7.850314353661014266e-03
8.377007326349656183e-03
7.906455674785964685e-03
7.942402756440612721e-03
7.668608710263316412e-03
8.015477512166999802e-03
7.971926832183711537e-03
7.901795615431903008e-03
8.327390272874914123e-03
7.843223159456036778e-03
7.879104830525469200e-03
8.086320578288012234e-03
8.086759832660403088e-03
7.626326896826935743e-03
8.327665778964035356e-03
7.983206213225603476e-03
7.703073028038119087e-03
7.782585797536992894e-03
8.169490824151240047e-03
7.722917792636033348e-03
7.756899882837491739e-03
8.272182315785593307e-03
7.832322221546547669e-03
8.016208051683014132e-03
8.100190785664715745e-03
8.065623947637478100e-03
7.925611384462388082e-03
8.056035088290811746e-03
7.965947987367914124e-03
8.120131440577488605e-03
7.995595459852318856e-03
8.276436173557196255e-03
7.730120223451969648e-03
7.822893058628283686e-03
8.141145244612591272e-03
8.492483490144295266e-03
7.671343830801166316e-03
7.668434150742292794e-03
7.958960630879816436e-03
8.265572393828688955e-03
7.968707105033929691e-03
7.488793032168466340e-03
7.863184144684650170e-03
7.830056944129196866e-03
7.897738792617989972e-03
7.698617034196535841e-03
7.908126920541059743e-03
7.938393019496078548e-03
7.477111408176677181e-03
7.741482255927266409e-03
8.207635203642931962e-03
7.827634845751510473e-03
7.484856770075250763e-03
8.020686897281364622e-03
7.586778389550847060e-03
7.988428762786057083e-03
7.841589736392680712e-03
8.090326116658179759e-03
7.987436072704757681e-03
8.044173374941442425e-03
7.895544984408893810e-03
7.564474506019337394e-03
8.078645818130699222e-03
8.171375941709781154e-03
8.032443699312634064e-03
8.167864146323955063e-03
7.872976726430560082e-03
7.635674406506350563e-03
7.738167000689304305e-03
7.989549152206081375e-03
8.071903661849570005e-03
8.164127214870456686e-03
7.948426580681618864e-03
8.171658393893834263e-03
7.728788632134405909e-03
7.630569206972442897e-03
7.338788986751968932e-03
8.199636911587711297e-03
8.061787874999823411e-03
7.932282668022580530e-03
8.047090927109571204e-03
7.802933717136919037e-03
7.815723882969468489e-03
8.201624768977445329e-03
8.073946228349148865e-03
8.006357513229098513e-03
7.927012454603629688e-03
7.435104081958473533e-03
7.998467344729988035e-03
8.425530573052763747e-03
8.201979115907807524e-03
8.237604856728881347e-03
7.883420840610739361e-03
8.165425779697014011e-03
8.259504364736505733e-03
7.651705823402082593e-03
8.085063463729530442e-03
7.834729673971373848e-03
8.542847985989933043e-03
7.743069249536291797e-03
8.205819961153810668e-03
7.914653576842001909e-03
8.330861818531520510e-03
8.049833398042148883e-03
8.258062931846082977e-03
8.104762592635711069e-03
7.895932744774649542e-03
8.324211917246962175e-03
7.548348273123578304e-03
8.395532871534425179e-03
8.246671886495939713e-03
7.939311770283612180e-03
7.710067022720785458e-03
7.818543304357765400e-03
8.025837370836010412e-03
7.788519878106370427e-03
7.429618931322180646e-03
7.225221055010323974e-03
7.994881952706745648e-03
7.339120020277483877e-03
7.556319115966121831e-03
7.793230295563282131e-03
8.201798081732441723e-03
7.663398538356591162e-03
8.239979373663280579e-03
7.977311573570610229e-03
7.976698771347620273e-03
7.818817822699849693e-03
8.160733306386192334e-03
7.872525470853253965e-03
7.972034556367933733e-03
7.788621749085720448e-03
7.756063752257518103e-03
7.760708347718366096e-03
8.029899016415582499e-03
7.954623815662453454e-03
7.856707994076931115e-03
7.625058251349278726e-03
8.115373494927777959e-03
7.752638788689044692e-03
7.699738826127654374e-03
7.817510307691455385e-03
8.139510100764798389e-03
7.987613075783163777e-03
7.951101696634885543e-03
7.821822749319659249e-03
8.100469375096770383e-03
7.700465917076500764e-03
8.161059657299693862e-03
7.673890410504902691e-03
8.250567617331412001e-03
8.119617747748220093e-03
7.898765950676449321e-03
7.914376386777510070e-03
7.687707348899256062e-03
7.586688092330070958e-03
8.370439420238153655e-03
7.443917193441403068e-03
8.118930451543720714e-03
8.389811023337835627e-03
8.118303188692744046e-03
7.854476961312965855e-03
8.111293418795443091e-03
8.044510265506300481e-03
7.926493074334919897e-03
8.352130547407046052e-03
7.772683988638195464e-03
7.975221147148582601e-03
7.878369375034903824e-03
7.673178849227376905e-03
8.252823626704151525e-03
7.995804956038939440e-03
8.005646333193013053e-03
8.097039214264011367e-03
7.707982191576820755e-03
7.930325000024817175e-03
7.611580098134148979e-03
8.094277311165182578e-03
7.891698723427143652e-03
7.985006526012515884e-03
7.848484002969982956e-03
7.215167856952953672e-03
8.140850286072788544e-03
7.645272414917757102e-03
7.341975695739984438e-03
8.155452830188619773e-03
7.469967037740887772e-03
7.883478472521745009e-03
8.267050094049386080e-03
7.969311886318990179e-03
7.581813932295501830e-03
8.147088931300052947e-03
7.698712116486397701e-03
7.972106458350849967e-03
7.806061618674894724e-03
7.681213863150743691e-03
7.817710296688264518e-03
7.323262507278335311e-03
8.038194322810393241e-03
7.889763273649765332e-03
7.762077549231941216e-03
8.013390674983156617e-03
7.918766350127507542e-03
8.187160778674297534e-03
7.460481839936411799e-03
7.874566720775759768e-03
7.429228044092896395e-03
8.210580036115466829e-03
7.859963088982841253e-03
8.267423762417520916e-03
8.123652201152796112e-03
7.675192707021700686e-03
7.819461649630517555e-03
7.965741345009182822e-03
7.694139513817904903e-03
7.987506021977782561e-03
7.872046839517929731e-03
7.938520121501473070e-03
7.380675421980211794e-03
8.050598294164193827e-03
7.513759967157452278e-03
8.040716280340805960e-03
7.693863015179185603e-03
8.093380218612151664e-03
7.902761192710848481e-03
7.859709653473498717e-03
7.794089685474970761e-03
7.860454158903976141e-03
7.731361957897950159e-03
7.990243604625975327e-03
7.914860353535791912e-03
7.907622945217570448e-03
7.888324492275292088e-03
7.829384726285635795e-03
8.109612550995933325e-03
7.929277821427658732e-03
7.753810463611526642e-03
7.799953410739939551e-03
7.702818938815187214e-03
7.543276985759730588e-03
8.004258758758502415e-03
8.143058216405643299e-03
7.910294118125023657e-03
8.093934885379823821e-03
7.605581946613023357e-03
8.030055670669545426e-03
7.629057527399610815e-03
7.842797190831158477e-03
7.965651182770226713e-03
8.176205083134741036e-03
7.475069622955745133e-03
8.163008197113965150e-03
8.209763527960141014e-03
7.936457820164661073e-03
7.974852772729900188e-03
7.674636738326042103e-03
8.258941439320490255e-03
7.736353588584429959e-03
7.900488221462933711e-03
8.059722019601237367e-03
7.632002553035518132e-03
7.501795566625769213e-03
7.805574008434804090e-03
8.060212818057119200e-03
7.948021673191073624e-03
8.029293100342574374e-03
8.027302982577035409e-03
7.798039343302904866e-03
8.262617596963851493e-03
7.960340419888528238e-03
7.542513318968150325e-03
7.700474011059135933e-03
8.250971697035720115e-03
7.796821149289767834e-03
7.889340874826464636e-03
8.037920388466592708e-03
7.380445817448020099e-03
7.565101439550186470e-03
8.271024486857042612e-03
8.122016900996517977e-03
7.879363905882260169e-03
7.854350439237503534e-03
7.935889767277369902e-03
7.368998727134793217e-03
8.084417144012659429e-03
7.809212475695243016e-03
7.968203800981725482e-03
7.972055061158922137e-03
7.788479716397273163e-03
7.766144740295297284e-03
7.469900536112536980e-03
7.662329392377614616e-03
7.895760043474656098e-03
7.920019477733179769e-03
7.764378891704773120e-03
8.298380294929873224e-03
8.034314881707140324e-03
8.306310331717494527e-03
7.647782297410332143e-03
7.916501971025172862e-03
7.723249075059207720e-03
7.831228887947520173e-03
7.585051208251081950e-03
7.761974941786990885e-03
7.845188399400626622e-03
8.044692384270114849e-03
7.961190956722409562e-03
7.631632988158324436e-03
7.943169746761463354e-03
7.807164885753233897e-03
7.629734580081566110e-03
7.907604709002565360e-03
8.230675855712171057e-03
7.737763784985583412e-03
7.744794048141157884e-03
7.818455549440318092e-03
7.967229345875176741e-03
7.941772776158470548e-03
7.675637583298592498e-03
7.730652955466939258e-03
7.815030854337204000e-03
7.716843600781028364e-03
7.866194985641655063e-03
7.488385021313360111e-03
7.790096977787973678e-03
7.923202847130021362e-03
8.120055066090575008e-03
7.996355983096831502e-03
8.367396374894975342e-03
7.781974549744516932e-03
7.468975965599631596e-03
8.026474029420986936e-03
7.687546190486011476e-03
8.034447164845612971e-03
7.797297753336544963e-03
8.096421142335937654e-03
8.138754596626317575e-03
8.034941119243625696e-03
8.073177990724522343e-03
7.533044822812628820e-03
7.845554218761216850e-03
8.033726986534922912e-03
8.146939042437630410e-03
8.301466227243096269e-03
7.789829141579358331e-03
7.905211368259303789e-03
7.504626705638223552e-03
7.696924408084633747e-03
7.828132297777913237e-03
7.806968122125629121e-03
8.039860465810769533e-03
8.053451404128384936e-03
8.050461782078178335e-03
7.641007001050829570e-03
7.703122252062031584e-03
7.334139758099027934e-03
8.026306448111896960e-03
7.570389562302871217e-03
7.741420810509819575e-03
7.864085678417511230e-03
8.014282196755099369e-03
7.815570115428499207e-03
7.780230459975182034e-03
7.927388746122006682e-03
8.084877225604126388e-03
7.604601353403400189e-03
7.878391425706008852e-03
7.445257269176235385e-03
8.100509341224054749e-03
8.174656860988536305e-03
7.326784932160206043e-03
7.688041818773853030e-03
7.916885947937006909e-03
8.029465127252834525e-03
7.767278310993218013e-03
7.683216209959451391e-03
7.947548748765312365e-03
7.798445103784547132e-03
8.029075526450027769e-03
8.154093654212220266e-03
7.717666825822867317e-03
7.604164134250641048e-03
7.742508546831517076e-03
7.879881737818268325e-03
7.661941254441972070e-03
8.128157391321673420e-03
8.006666051385800953e-03
7.720982413000248949e-03
7.662580872000520835e-03
7.526675405618315010e-03
7.648678598480299073e-03
7.811601454315392212e-03
7.956621288296172184e-03
7.845541748193058870e-03
7.583811451307921787e-03
8.025206976902728856e-03
8.091063760134437066e-03
8.116622628714041318e-03
7.760786530394085843e-03
7.583555686860659999e-03
7.822698626081142984e-03
7.961023452532359906e-03
8.048029626405675541e-03
8.129446571981568254e-03
7.812184730142921613e-03
7.892358954616412320e-03
8.397031956640859524e-03
7.603236288464936161e-03
8.126091955612974385e-03
8.195918067283286534e-03
7.772567716871173725e-03
8.022707863158042019e-03
7.746218037480492695e-03
8.133161079498815380e-03
7.673102525967169345e-03
8.072912552011047779e-03
7.627705094131428595e-03
7.685414087186865154e-03
7.514026581931551596e-03
7.600286528864634746e-03
7.708990417026376739e-03
7.771534168916334993e-03
7.512957602062320800e-03
8.132918427250931948e-03
7.618747236759181203e-03
7.831964835547133505e-03
8.309852693283317424e-03
7.893888089808055036e-03
7.676856539299669289e-03
7.552257009896018621e-03
7.870506228628766296e-03
7.891826490574186531e-03
7.852664553550558341e-03
7.808419278514154918e-03
7.905973503181912970e-03
8.001243745786184441e-03
7.665528239774184460e-03
7.408363643507748231e-03
7.749278130881921689e-03
8.255349594131126609e-03
8.015354232479558749e-03
7.735187018149829868e-03
7.683149905500358950e-03
8.314637955505015110e-03
8.343648605528322312e-03
8.021027591205954002e-03
7.882672930618351767e-03
8.183989935172920893e-03
7.727022418173337161e-03
8.019852012556913032e-03
7.859439601356882008e-03
8.007476268707949471e-03
7.955782699207283870e-03
7.677918871001583080e-03
7.646288026494432732e-03
8.157399436352619909e-03
8.074131797859051413e-03
7.829056765806061829e-03
7.645900227092066251e-03
8.072471403415420327e-03
8.421416330911897855e-03
8.060449089024802199e-03
8.103865479039035896e-03
7.819523272536002545e-03
7.507847771409549738e-03
7.834814309267228855e-03
7.734227712240629091e-03
8.170131269280234143e-03
7.923395438860742629e-03
7.954724090836135311e-03
7.609784936881298749e-03
8.000366058197970823e-03
7.893210151764164934e-03
7.535317902618523037e-03
7.615668475746423076e-03
7.664882402567733087e-03
7.638607300561088553e-03
8.103754485394904297e-03
7.365702832538360313e-03
7.830857110260106696e-03
7.778727007363670475e-03
8.219508816843612217e-03
7.848479900544776122e-03
8.028557819967958517e-03
7.320578356836407105e-03
7.920939988129207035e-03
7.691221590764803218e-03
7.964768835128378452e-03
7.960966761580295231e-03
7.722577882471440974e-03
7.872442739503724210e-03
7.678475033142474586e-03
7.429206242240158319e-03
7.558507981257756372e-03
7.848255281234275613e-03
8.016984571061414738e-03
7.520944039159498454e-03
7.536145617930810857e-03
7.800233389777021589e-03
7.683418125230177809e-03
7.892139704797690100e-03
7.564730039217224498e-03
7.891253650237014389e-03
7.848077606707323448e-03
7.500487707345169543e-03
7.538488482537638626e-03
7.952277616679737440e-03
8.051336015895050116e-03
7.990753911022390951e-03
7.915288452864252533e-03
7.572144703235582884e-03
7.420736515002023491e-03
7.866555757810754154e-03
7.797924793918644716e-03
7.830191291652667529e-03
8.298628575900400886e-03
8.079989913110503102e-03
8.309247124468037080e-03
7.268786722317580051e-03
7.862129234045061796e-03
8.018769378960483030e-03
8.075826876771241905e-03
7.989808098995030208e-03
7.450838278542734443e-03
7.805042302759563830e-03
8.014400492382493801e-03
8.113805599930421289e-03
7.550760853986582949e-03
8.018864432267630224e-03
7.770659758422810738e-03
7.991562244135295978e-03
7.787264107815355940e-03
8.049275111935785126e-03
7.461707488700379358e-03
7.539302128659039481e-03
8.007482311308742468e-03
7.948297060780581957e-03
7.934439853980349705e-03
7.987232784182210846e-03
7.565582064644581738e-03
7.929015180096799648e-03
7.948816870645664112e-03
7.712821395152175651e-03
7.415310584048344887e-03
7.523856850772871196e-03
7.638912142578667928e-03
7.666737323156751216e-03
7.760991748276521544e-03
8.149756496086667593e-03
8.015146903418318355e-03
7.856592330412661557e-03
7.549504686786755354e-03
7.488170498286594000e-03
7.699136656558219771e-03
8.069020163992163264e-03
7.662670928293527882e-03
7.967933935111701574e-03
7.432414323789752857e-03
7.814232576234871400e-03
7.611220616591164549e-03
7.586074948985568021e-03
7.251735802177368406e-03
8.070806572177170041e-03
7.893450206723334403e-03
8.056877284352739754e-03
8.194014563899116102e-03
8.249363486293964307e-03
7.968827728762792675e-03
7.774702256470503343e-03
7.882574941920898748e-03
8.128883066707321900e-03
7.990796510928621990e-03
8.006213035966922020e-03
7.904767400719443782e-03
7.784423158094304525e-03
7.586709733356337970e-03
7.458245633675825853e-03
7.649107101853648387e-03
7.733254469930508739e-03
7.988740077799419068e-03
7.766514183862972126e-03
8.027877641564642661e-03
7.920620667750326999e-03
7.972822543920661184e-03
7.853704493123753183e-03
7.868881163368951492e-03
8.068544624844862026e-03
7.454449772883267079e-03
7.444102027273529106e-03
7.396830002941399800e-03
7.732262421167557589e-03
7.499509560054866755e-03
7.810764146401447811e-03
7.869268031589609844e-03
7.327213139715807455e-03
7.666447091976877348e-03
7.753224786716234225e-03
7.352830958550570818e-03
7.277519012939550995e-03
7.541587743658408061e-03
7.895758476004882329e-03
7.526615359098221165e-03
7.574721935667767629e-03
7.972059333402765555e-03
7.977950392866190246e-03
7.626186555553291814e-03
7.382423271970422682e-03
7.886038124924270309e-03
7.932508924847266052e-03
8.057559357647472997e-03
7.656711211913779999e-03
7.575318068732606568e-03
7.712732950554169152e-03
7.669160545118316324e-03
7.868750622351148791e-03
8.189753018506013699e-03
7.703405998759287922e-03
7.377666555308307755e-03
7.807465641584667750e-03
7.726094337225051893e-03
7.713682559932207722e-03
7.657987546870042087e-03
7.777808041471510891e-03
7.987718708726013195e-03
7.834465454529633208e-03
7.534874232022866630e-03
7.813186184733955306e-03
7.724842797505070656e-03
7.585574492990992089e-03
8.002588362058322274e-03
7.418728975892823450e-03
7.770802913927568438e-03
7.664035589806404702e-03
7.811426333068084184e-03
7.935189350811770737e-03
7.756034849625801329e-03
7.486952219966241245e-03
8.175784474445522976e-03
7.929017470834999470e-03
7.655204243932455486e-03
7.731186118556551863e-03
8.078109768826226625e-03
7.723596508889520908e-03
8.005157734841292574e-03
7.913179095737236934e-03
7.504379766580348068e-03
7.662491495314280483e-03
7.825945706788729056e-03
7.835459546986457344e-03
7.358820827186582543e-03
7.775458130784077861e-03
7.699989159331154139e-03
7.682856820918173776e-03
7.851645905046252330e-03
7.427126054666529156e-03
7.829311221308763238e-03
7.908961614412563304e-03
7.556511910052464073e-03
7.863722991662604536e-03
7.605548176982205102e-03
7.341386224273715143e-03
7.740982118138672874e-03
7.916152189690979155e-03
7.930368666706107128e-03
7.564600898723715557e-03
7.779196195930646214e-03
7.993624473078497772e-03
7.702435151020068510e-03
7.710531608302328282e-03
7.668414756734278671e-03
7.247027888099539725e-03
7.886241851134992778e-03
7.731110980184928254e-03
7.918117302845252906e-03
7.663536337380642827e-03
7.592841222409812268e-03
7.771757657060743285e-03
7.510120301074021953e-03
7.837663575965570298e-03
7.609575926557156887e-03
7.767834223782439131e-03
8.004017810716494361e-03
8.027259324300876214e-03
8.180338335610909395e-03
7.505310068742575280e-03
7.930865672306603234e-03
7.665657996454726224e-03
7.728797608075136175e-03
7.810144446905514966e-03
7.980248434894173307e-03
7.533078076230388664e-03
7.729564664654998106e-03
7.543096353518762877e-03
7.181247176868357611e-03
7.357722437526439258e-03
7.871942301179319160e-03
7.975854711822379789e-03
8.299456328764207025e-03
7.492629447448983897e-03
7.671435081160513092e-03
8.101721843163194742e-03
7.577407885761209584e-03
7.725231038665664358e-03
7.809835000915680073e-03
7.570711193525285140e-03
7.887401347972510662e-03
7.973022823740549478e-03
7.423635428775245820e-03
7.901149515253492323e-03
8.000158615891036357e-03
7.473528437017323486e-03
7.850647488386763850e-03
7.787111484425746251e-03
7.945771893480557679e-03
7.591357784039903280e-03
7.932323877094697023e-03
7.968396779348043552e-03
8.006789644300599251e-03
7.771077285635498259e-03
7.933469816801964891e-03
7.884888938798203725e-03
7.567590838626500616e-03
7.352036896762302598e-03
7.655077791511590360e-03
7.676870537213613573e-03
7.654850714086759711e-03
8.018613395077719627e-03
7.654006746484401727e-03
8.231265592001400788e-03
7.605722226158421508e-03
8.198802654780849158e-03
7.532406578384720497e-03
7.752975330899468907e-03
7.943011316421080131e-03
7.656100588912366674e-03
7.511665823921201066e-03
7.924664244397377003e-03
7.842908677828972636e-03
7.516495315112811486e-03
8.237586066152996142e-03
8.298937083113203106e-03
7.621005632189751210e-03
7.748021097840724139e-03
7.474140574117760054e-03
7.676697007072678935e-03
7.205341273059312664e-03
7.801818382702956425e-03
7.835070579337112540e-03
7.778470430603667309e-03
8.294514087074203110e-03
7.475040277135339487e-03
7.550644656386966934e-03
7.747838600613992516e-03
7.694598412056558555e-03
7.338483759935202251e-03
7.711289442155178434e-03
7.460489588018774133e-03
7.726536019912405920e-03
7.823473211055292226e-03
7.963417420752428103e-03
7.725387946586323440e-03
7.839261918670435009e-03
7.843398422995329425e-03
7.838181372839899200e-03
7.770576708379732869e-03
7.963481816178155995e-03
7.900193911600739138e-03
7.840671721823878892e-03
7.897565342399562316e-03
7.417643261044437608e-03
7.488717670665590541e-03
8.021996600687182274e-03
7.799609794174804794e-03
8.252684951797940524e-03
7.748192485077624002e-03
8.031242539230678407e-03
7.690441155160612774e-03
8.416670565981722654e-03
7.754608118262066446e-03
7.610329246512406720e-03
7.461335348633902492e-03
7.506184352263932380e-03
7.598006992021539598e-03
8.077001066834241585e-03
7.314381940158981056e-03
7.556742469520587313e-03
7.931789796332074788e-03
7.224540789107104961e-03
7.749791432334095405e-03
7.218260327338478152e-03
7.731399824167489374e-03
7.745954341119744638e-03
7.790789464140033052e-03
7.689023206001659866e-03
7.571785466871694230e-03
7.671797708703293264e-03
7.741064429562385420e-03
7.498894394979555879e-03
7.783745025470015753e-03
7.752257872034928887e-03
8.076043863967203099e-03
7.892880083275367192e-03
7.614360078641450695e-03
7.928304056160507401e-03
8.078105234456666242e-03
7.509860720272034870e-03
7.490380006554173478e-03
7.916224087843162782e-03
7.801512068875800059e-03
7.653347367676350751e-03
7.580047555390113587e-03
7.740258259292131897e-03
8.109701727407962399e-03
7.724990066591367124e-03
8.161914446290196787e-03
7.395984131504710311e-03
7.670316920043475373e-03
8.230311286612557176e-03
7.916662527608487807e-03
8.013623902536034724e-03
8.163620619945207921e-03
7.900663469251055157e-03
7.442661310586174556e-03
8.125440891381292829e-03
7.858899693526336105e-03
7.922614114115981987e-03
7.847567774397426130e-03
8.046308125202992351e-03
7.511198034438944932e-03
7.544235824616727162e-03
7.921558726330353919e-03
8.114426481357090576e-03
7.766513435457275336e-03
7.915034295039343262e-03
7.806477077522603822e-03
7.618410680015216818e-03
7.639269984694257304e-03
7.918058460078048963e-03
7.980003599728649824e-03
7.508450679738224755e-03
8.073411209332847019e-03
7.416805412368979514e-03
8.285718462803378162e-03
7.655768014243505976e-03
7.807412288062890934e-03
8.041316671927301735e-03
7.909635993657645678e-03
8.012748905097870009e-03
7.927305040036032591e-03
7.891937068630753768e-03
7.947904124477564100e-03
8.048488828052639821e-03
7.435849096927862022e-03
7.538127504732201715e-03
7.744791633758582074e-03
8.224893074586731370e-03
7.696322984598681465e-03
7.544645408825820417e-03
7.971704109720546480e-03
7.700503139141316560e-03
7.787994264121225231e-03
7.461898041638156259e-03
7.463654633825608439e-03
8.022897419260953400e-03
8.040844301108180173e-03
7.738292345845772073e-03
7.702439243564218434e-03
7.768243134697701106e-03
7.654877201868313767e-03
7.687147786244724786e-03
8.296264174535087146e-03
7.748724217464010577e-03
8.195055875456640909e-03
7.730972282632717595e-03
7.962020186596929089e-03
7.747391670428467256e-03
7.955026460525980656e-03
7.704384428706580537e-03
8.096309995251039018e-03
7.984642528291684832e-03
7.610083523191059178e-03
7.659522284809764520e-03
7.803439211568232239e-03
7.921461999878198768e-03
7.349493891121969096e-03
7.738278943620437340e-03
8.060064807568947942e-03
7.694998398529888546e-03
7.807878590599196152e-03
7.934910614748314633e-03
7.445519862115104401e-03
7.547975037389653176e-03
7.698493676595883316e-03
7.692436295112705519e-03
7.519299847280781247e-03
8.046336777020575773e-03
7.541421614104923572e-03
7.856474949628140456e-03
7.565487661390198765e-03
7.657265460477647237e-03
7.796651117495109057e-03
7.811096346838727889e-03
8.133620310909139839e-03
7.456493919199475018e-03
7.953898641340365408e-03
7.751452803078144604e-03
7.960504303561648232e-03
8.003864353838938475e-03
7.742748334599691522e-03
7.954610861357059443e-03
8.013226746867125466e-03
7.579278817354321435e-03
7.613301571102901351e-03
8.088699700495732142e-03
7.779089659129637471e-03
7.747669717517311622e-03
7.708055028365126335e-03
7.856261442627984412e-03
7.893499013352751198e-03
7.737646783708305651e-03
7.388961076000228126e-03
7.670345547647314938e-03
7.944748455266357340e-03
7.856446329246154214e-03
7.686748022658690220e-03
8.144111624814593178e-03
7.891000452345272795e-03
7.863760186325310236e-03
7.569926052375211198e-03
7.920020842684947701e-03
8.023870304417389521e-03
7.658043487482959176e-03
7.772724993442822750e-03
7.372665556981027740e-03
7.816014135537384735e-03
7.720035362236078030e-03
7.538374848952623941e-03
7.551131527707531307e-03
7.609622935812217562e-03
7.830677100159482568e-03
8.189023082649682372e-03
7.741596146149861205e-03
7.656998247852584739e-03
7.945759933919934598e-03
7.598533426395860657e-03
7.500541826998130893e-03
7.648643119326304154e-03
7.506711464534763199e-03
7.486055962005079036e-03
7.453086186321383061e-03
7.743294335233014483e-03
7.493263799690743319e-03
7.876070271520768315e-03
7.446380531803359001e-03
7.646164205340286874e-03
7.446488665911498057e-03
7.610143508939450248e-03
7.691988619709854910e-03
7.654585048545528916e-03
7.943810766130984108e-03
7.881170615063605792e-03
7.687083007642273036e-03
7.769664719883255348e-03
7.976123737908728806e-03
7.355787619510661436e-03
7.935024556638215279e-03
7.733892108326451131e-03
8.070005622672328516e-03
7.411091678008109584e-03
7.824239500665377406e-03
7.742955178755181814e-03
7.755977437542608752e-03
8.035621215963293859e-03
8.170501135062150852e-03
7.948562271399402246e-03
7.885830118709009559e-03
7.816965292018482683e-03
7.287895465196393523e-03
7.447337169238332603e-03
7.637297061253702987e-03
7.951457654251739907e-03
7.847309009506175589e-03
7.335926438542026036e-03
7.912469366302526605e-03
7.758434746966999355e-03
7.646539412024725042e-03
7.486707603957613519e-03
7.869362958448380962e-03
7.924883143669033889e-03
7.806548278043291475e-03
7.543745524391225026e-03
7.992861396866200036e-03
7.729871379818095516e-03
7.642621710424363050e-03
7.490325661378324437e-03
7.162648052796193390e-03
7.880026987114995690e-03
8.173140521394423041e-03
7.841457722404226310e-03
7.935785803349932471e-03
7.611348048535444312e-03
7.585556942611991309e-03
8.138980800509228869e-03
7.629765589635018920e-03
7.443328174925549663e-03
7.961151665533013760e-03
7.930248548743976458e-03
7.582326489983401419e-03
7.430699898735200655e-03
7.525583953998129377e-03
7.608651154093174981e-03
7.902573847996941306e-03
7.366293164301575269e-03
7.923347346074794545e-03
7.756393720782320429e-03
8.105735199083242276e-03
7.822839769077100450e-03
7.681949013033364734e-03
7.284101005561549776e-03
7.816874708641282504e-03
7.861068755916173975e-03
7.733548519393476824e-03
7.678137360024320061e-03
7.597365783702528241e-03
7.097773249571136256e-03
7.581868326310568264e-03
7.793677040572081875e-03
7.884090136933408904e-03
7.275815540195443645e-03
7.574851180560076939e-03
7.889515524044389203e-03
7.831919629649389605e-03
7.851220202477056723e-03
7.568067406257953864e-03
7.536037690637271101e-03
7.854158157913723737e-03
7.836718135328312254e-03
8.120147449321112737e-03
7.622724868411163285e-03
7.678729936154610018e-03
7.953523383465208041e-03
7.562472902377986340e-03
7.446561683726531967e-03
7.475496035165118958e-03
7.685835848556321799e-03
7.411814526522160149e-03
7.421246520247864152e-03
7.320078641850008734e-03
7.842966978430152697e-03
8.102402830538315073e-03
7.795931388061418804e-03
7.642776151889232525e-03
7.494077116931723015e-03
8.035807509786288549e-03
7.571000296451579036e-03
7.731012526781489737e-03
7.473205571075105733e-03
7.654803811556465214e-03
7.513884385669703826e-03
8.028741252571617096e-03
7.277216619126412010e-03
7.590530391327280323e-03
7.908837885133718215e-03
8.077490876711699436e-03
7.784486127784205275e-03
7.670566306620944103e-03
7.322212777477616827e-03
7.602392419255653115e-03
7.294418218961802244e-03
7.649800451941035813e-03
7.905921453186108214e-03
7.378696997238373169e-03
7.844383776144112433e-03
7.864585700254441564e-03
7.435294112678758095e-03
7.741782548034555241e-03
7.775798474986949510e-03
8.112571378450422754e-03
7.915743343575419241e-03
7.830769936825288796e-03
8.089996217704870096e-03
7.222550446604317220e-03
7.597308193128381876e-03
7.803169560900121912e-03
7.803408185781880724e-03
7.521384039864729455e-03
7.804774513724715111e-03
7.960310221042191450e-03
7.514209030429480976e-03
7.693055314100411338e-03
7.753350489180914525e-03
7.899969969817507293e-03
7.641524750672294523e-03
7.909863451494889702e-03
7.828323639408637027e-03
8.165705978663053907e-03
7.718022157843796791e-03
7.617296856549501428e-03
8.088334069706486218e-03
8.221060893743909262e-03
7.270757399656719265e-03
7.388187292573049174e-03
7.372698415755525071e-03
7.631313585517092955e-03
7.889347030159830909e-03
7.957041923017440024e-03
7.572168372998103539e-03
8.094739573936415855e-03
7.339280993191002640e-03
7.830703588730936887e-03
7.739952944269450422e-03
7.656798190086206574e-03
8.014410505123921447e-03
8.294830692898302535e-03
7.971079643986475963e-03
7.571303615982979615e-03
7.469089795021722003e-03
7.749780429512887446e-03
7.608086242184070556e-03
8.054459668784092266e-03
7.835398800644840719e-03
8.066595859206739799e-03
7.945682528692422225e-03
7.520729332399170991e-03
7.521424314123195849e-03
7.749328090201245550e-03
7.678629917144443907e-03
7.460688516200400175e-03
8.030666770370157095e-03
7.696709628231108991e-03
7.281056924712431787e-03
7.763822789450872813e-03
7.572674670409822867e-03
8.178187515176701602e-03
7.739537275775742846e-03
7.792821352350702557e-03
7.834470175920451446e-03
7.422440497682580678e-03
7.551280911230809183e-03
7.360133744607828994e-03
7.810571288809220990e-03
7.700880575390635537e-03
7.883224724788947049e-03
7.647526813868574941e-03
7.993218134236246969e-03
7.586850391598633746e-03
7.664502720098700407e-03
7.538463449202137748e-03
7.738856921573486480e-03
7.325301139682324075e-03
7.837049078924069115e-03
7.704151721043211477e-03
8.301425510890579271e-03
8.088488910492632258e-03
7.586148104876274355e-03
7.873141700605684745e-03
7.367452412144931927e-03
7.902410363069913013e-03
7.552659127476085872e-03
7.584548060372874219e-03
7.667691830830365360e-03
7.576267289051995257e-03
7.376931429965001737e-03
7.539728924410995549e-03
7.664399503631663842e-03
7.397546180053116149e-03
7.470833892342103495e-03
7.909993160183087860e-03
7.310250044472097787e-03
7.556973733559766565e-03
7.648548733296962887e-03
7.325991015368652978e-03
8.078291159916520595e-03
8.462721733412982561e-03
7.640122783642489500e-03
7.801891238692469470e-03
7.600754992349921350e-03
7.556202745267648520e-03
7.670434012976522914e-03
7.457991248452709547e-03
7.827018127954372614e-03
7.492592647151036928e-03
7.629092276470316770e-03
7.695536663624200080e-03
7.737933137014334564e-03
7.472677192974465886e-03
7.711462068802956045e-03
7.375594888590419201e-03
7.267298969276633942e-03
7.831266138873327690e-03
7.772222175304890034e-03
7.696000560167847587e-03
7.056987891114097251e-03
7.947179713270587087e-03
7.125487224411222037e-03
7.688085063572130083e-03
7.241592840965785545e-03
8.128653148812942444e-03
7.410865536612814934e-03
7.726677211698699740e-03
7.334888557259550482e-03
7.803459455186231158e-03
7.839667367583128682e-03
7.919359418793072217e-03
7.590944316328585365e-03
7.540869756841268000e-03
7.843472886600269534e-03
7.577400081273217083e-03
7.248977812781750088e-03
7.567720185199008041e-03
7.377760121916993562e-03
7.789671241342581952e-03
7.992089264653738992e-03
7.922020293107867941e-03
7.388759674862447127e-03
7.329958447923974087e-03
7.479664628673319583e-03
7.929295759713940461e-03
7.926999996478514832e-03
7.488261296149338088e-03
7.816198744761278586e-03
7.631516993216048983e-03
7.802160651878004526e-03
7.739034144599173451e-03
7.771147729891569877e-03
7.555859693103061762e-03
7.676799406850858334e-03
7.747094115991629004e-03
7.756246642147774685e-03
7.589338692496545510e-03
7.539694632765497548e-03
7.587560077345414933e-03
7.231238647610385532e-03
7.875947949553293095e-03
7.548219888812848950e-03
7.836868230397378565e-03
7.330006103565654338e-03
8.029115479315993009e-03
7.602476445026437081e-03
7.508478361613095224e-03
7.294643803814490624e-03
7.400444814086350361e-03
7.908881259368560901e-03
7.922390284065151250e-03
7.521615986721519320e-03
7.541885994395747077e-03
7.480480457284467526e-03
7.685916220537681968e-03
7.734458257835924964e-03
7.574307988326596519e-03
7.750763462700392681e-03
7.764096072286959249e-03
7.601826106185950553e-03
7.749877878469291735e-03
8.150500831855573766e-03
7.796650097078564393e-03
7.251176653548951738e-03
7.501927184797749400e-03
7.495268412674887561e-03
7.542944116111449659e-03
7.512778633134888605e-03
7.682570654223647155e-03
7.356547254482967424e-03
7.214025006241790716e-03
7.538085302990354952e-03
7.618907950505378682e-03
7.448557562282778245e-03
7.560079597141576568e-03
7.838453992124070832e-03
7.403785474079224195e-03
7.488368897168008742e-03
7.883680975920055387e-03
7.510052388252483682e-03
7.579798445451737567e-03
7.624801016842100258e-03
8.105177365251448746e-03
7.839868545878017972e-03
8.273280771008644993e-03
7.559277657927463041e-03
7.637335060633526282e-03
7.641479626205573139e-03
7.718579287315207801e-03
7.538368576136303748e-03
7.602466754593644946e-03
7.916699937662235315e-03
7.686392772361145750e-03
7.681346562799093274e-03
8.020958202484855179e-03
7.879646514232809679e-03
7.790906348071701022e-03
7.599964488294804615e-03
7.966572113578006265e-03
7.967025217016157623e-03
7.697438218151345102e-03
8.009225408439846206e-03
7.447051912409990981e-03
8.036527340575276221e-03
7.990897319880035932e-03
7.601750895576322303e-03
7.613573192612463521e-03
7.806391056823847041e-03
7.726021838277298721e-03
7.890130309908444800e-03
7.137120847880120550e-03
7.939517887135349658e-03
7.697588985730763507e-03
7.617246870014882446e-03
7.846726052431501897e-03
8.007148286668165291e-03
7.770946331210742790e-03
7.515793304720052789e-03
7.589916729709529283e-03
7.904537546221328259e-03
7.968227094488756698e-03
7.673754968072776968e-03
7.406040000886807140e-03
7.744824265110633078e-03
7.534923490372845423e-03
7.443808988719081109e-03
8.275337076501765657e-03
7.841272783891637191e-03
7.862212293789834841e-03
7.789187918377538447e-03
7.535534217981460121e-03
7.535357757441608038e-03
7.738107289474408131e-03
7.518978793515323708e-03
7.888958217958985664e-03
7.369201105967480153e-03
7.963805527945117327e-03
7.572483799859483847e-03
8.050836779087348904e-03
7.773323788531115788e-03
7.667163773580127316e-03
7.943564658155280456e-03
7.573089274388736421e-03
7.648757370925862893e-03
7.945107689299438572e-03
7.863041859444743972e-03
7.672429669748558403e-03
7.555954260803340004e-03
7.564554601676542166e-03
8.060112829409346244e-03
8.023786291753527353e-03
7.855787867924698617e-03
7.504422739477516723e-03
7.358405614787340981e-03
8.033813200296372262e-03
7.716266106171116440e-03
7.620761040599714764e-03
8.128166450616633454e-03
7.913136973392204815e-03
7.711680030995151161e-03
7.642429569263825377e-03
8.095202348387038963e-03
7.685312053519488887e-03
7.520507491899475205e-03
7.538181656713095063e-03
8.152230473716779238e-03
7.703591225577520289e-03
7.655380700463496058e-03
8.198942283716726190e-03
7.793837709029907343e-03
7.957038871011096193e-03
7.518808308215790652e-03
7.784797255758119094e-03
7.512821499121183008e-03
8.030721818675139179e-03
7.455618087854952274e-03
7.787625243438847482e-03
7.617715464382138375e-03
7.138727964365779166e-03
7.509827069047540424e-03
7.816207079119383283e-03
7.851588734569958303e-03
7.904081200328531842e-03
7.523746804105381665e-03
7.556613822487037030e-03
7.115103885044647171e-03
7.372137533973020275e-03
7.675401135322084366e-03
7.495336093934708115e-03
7.389003903338652902e-03
7.897736657922952916e-03
7.952559775368715084e-03
7.352864267030932710e-03
7.786492729908508527e-03
7.601829972883137818e-03
7.764325339213033403e-03
7.408579086987697633e-03
7.839761084889870085e-03
7.551139947036514428e-03
7.935651874115367058e-03
7.561485733250558963e-03
7.730170170680073123e-03
7.639577725787848050e-03
7.829043713389126358e-03
7.678641331207178809e-03
7.968297266547607824e-03
7.746635296945547124e-03
7.036251623900599897e-03
7.622483765363421288e-03
8.114792651764294457e-03
7.501316347381394543e-03
7.682087157095023391e-03
7.774085605896393844e-03
7.663957079417312024e-03
7.706336601380773567e-03
7.586612700066599699e-03
7.923039405981140842e-03
7.818994984557086150e-03
7.769637180393988186e-03
7.128448718470620574e-03
7.508637163684927888e-03
7.725562980196485664e-03
7.430790795688997814e-03
7.733436165632912550e-03
7.615355515794442615e-03
7.675771978151633979e-03
8.217089435914749079e-03
7.996342136117360472e-03
7.808317973107637387e-03
8.119077118234133139e-03
7.220158814843107009e-03
7.731602420017898679e-03
7.789509657317728042e-03
7.550094772722547656e-03
7.829230269834272504e-03
7.428820904384052064e-03
7.675963395730276730e-03
7.244815811892527969e-03
7.820550649501328486e-03
7.648974879623441150e-03
7.998150299499717439e-03
7.718494139402943405e-03
7.616628663265596379e-03
7.666607899082330917e-03
7.189555250796644120e-03
7.508189645950957836e-03
7.535940489791254082e-03
7.083908248203828889e-03
7.465990533825913635e-03
7.692592124272910371e-03
7.722188253348778210e-03
7.516059270521326108e-03
8.073202610931343517e-03
7.399683465568590406e-03
7.465934435270055701e-03
7.337865207352199486e-03
7.743774513895966723e-03
7.603799894685400046e-03
7.459019790145478453e-03
8.062303428725731830e-03
7.905022919666351150e-03
7.705717207511103735e-03
7.406663277745511448e-03
7.789172114497580277e-03
7.489256446134828424e-03
7.719343527972017706e-03
8.032238318076869235e-03
7.975995820293664204e-03
7.702722479732863198e-03
7.491739083705191080e-03
7.261046429496090769e-03
7.670219440371350318e-03
7.625009688048356438e-03
7.682021774493900251e-03
7.237294187862204110e-03
7.345884765673684619e-03
7.721660039034626208e-03
7.795622539995604103e-03
7.358044423461921127e-03
7.874052423018113034e-03
7.978937201131866552e-03
7.845595165007778621e-03
7.492617876710595641e-03
7.580276094217211665e-03
7.647453889740485518e-03
7.657185321681211562e-03
7.844551094195864605e-03
7.389880738224883713e-03
6.994672354407888842e-03
7.505837787056154203e-03
7.504425827677262129e-03
7.529073036952152985e-03
7.680950873945381965e-03
7.723122102944759287e-03
7.670648514893629866e-03
7.998581221552114595e-03
7.937113663223525559e-03
7.563411594676395719e-03
7.309858722620470213e-03
7.983399541334644176e-03
7.468426650251191665e-03
7.557042949806386245e-03
7.845324672279588643e-03
7.921036152815148779e-03
7.714675937356869906e-03
7.576282758219445718e-03
7.779312833093112757e-03
7.544767204226704091e-03
7.370719289210915168e-03
7.601337896488966940e-03
7.938495132685205111e-03
7.857197164496980066e-03
7.076077643917519193e-03
7.140395194657194779e-03
7.588886815823674657e-03
7.339739692570488444e-03
7.589527708193234516e-03
7.787234091499045836e-03
7.168643084733841188e-03
7.322329244006655843e-03
7.545212100730779546e-03
7.696177861258221217e-03
7.408992991649264968e-03
7.525165138496075178e-03
7.941746955061603983e-03
7.767847633161348471e-03
7.809244375835414781e-03
8.188029147987099451e-03
7.763080641186794958e-03
7.409956290514684019e-03
7.230278633471625555e-03
7.487526877831426897e-03
7.037430968683388612e-03
7.410228020033727755e-03
7.485450166247676479e-03
7.658642186314513524e-03
7.546118526775852202e-03
7.466164693786117926e-03
7.546016679164851970e-03
7.397291035762175622e-03
7.683027404759214252e-03
7.815625457072462867e-03
7.923680836275643138e-03
7.715793266326553997e-03
7.789020197871194054e-03
7.417459270987845389e-03
7.719317849253368863e-03
8.274403782304923585e-03
7.276352147772629890e-03
7.749507189060844334e-03
7.722584216652807892e-03
7.542643995501073853e-03
7.696434967757371896e-03
7.527995821121251721e-03
7.857282523869682164e-03
7.563780668564964657e-03
7.538363251292349958e-03
7.666239221151491257e-03
7.569826584761946316e-03
7.669794186136452349e-03
7.547211815582782583e-03
7.614237733429026107e-03
7.517405647264789083e-03
7.878040453065199289e-03
7.355136860282669720e-03
7.579075874366564616e-03
7.659625442661878274e-03
7.890241121630763715e-03
7.427848733642545935e-03
7.786227812579637857e-03
7.341623826848863062e-03
7.437302251335084491e-03
7.649700796373878030e-03
7.638215355920968327e-03
7.561477285101716149e-03
7.135543291511095045e-03
7.513375155631240622e-03
7.695184325311474685e-03
7.724246537566210880e-03
7.614087652201745153e-03
6.904828359505927639e-03
7.595919930457873531e-03
7.551950645102091519e-03
7.647661882095562434e-03
7.250895181513612557e-03
7.711985811839206298e-03
7.707698874105162190e-03
7.674355855388624408e-03
7.468652017668493508e-03
7.934898298247717446e-03
7.251923816195747670e-03
7.505343223248435620e-03
7.856048516596832176e-03
7.725679400572372200e-03
7.493217579796236996e-03
7.656189792169881651e-03
7.533893429284868777e-03
7.561395508623456989e-03
7.281000475803267591e-03
7.881518224039558290e-03
7.550192672824061930e-03
7.865262733008375820e-03
7.354484094038125919e-03
7.570360600311115858e-03
7.952943604588843043e-03
7.363740643493733688e-03
7.628321005898057623e-03
8.149545593338344829e-03
7.145718342133028193e-03
7.040559640167779951e-03
7.858461548619235723e-03
7.231026688027330195e-03
7.522512179939522779e-03
7.352687242962805368e-03
8.026111806939385807e-03
8.060660156266127516e-03
7.311895262241003765e-03
7.534292021068283128e-03
7.353163106495161014e-03
7.472385326127414795e-03
7.416365029383456021e-03
7.603448254016194861e-03
7.574300710329428914e-03
7.532200595313702160e-03
7.745176856541246234e-03
7.901107872093374174e-03
7.953801888610825474e-03
7.636905051863843337e-03
7.751506983991894063e-03
7.671730559422281805e-03
7.292621981413700306e-03
7.524812366487214355e-03
7.659518966813473606e-03
7.714521670861254794e-03
7.370345192197838742e-03
7.541661292846822164e-03
8.197596415020226221e-03
7.707078942640541164e-03
7.288051082612382464e-03
7.402483093578756355e-03
7.563790023333432332e-03
7.668733272783384916e-03
7.511208841805779718e-03
7.319328312259510728e-03
7.665754304390799342e-03
7.629904168915925371e-03
7.654221024809989248e-03
7.236806057618045025e-03
7.467100551341874885e-03
7.620569730926442416e-03
7.708319573684383787e-03
7.631629205581458991e-03
7.429221097800956311e-03
7.484669525790213669e-03
7.782897401819674314e-03
7.545221814955968553e-03
7.857133385271084652e-03
7.554524577529670749e-03
7.610263006571558325e-03
7.281456235246851032e-03
7.647755329931349606e-03
7.476818004324746816e-03
7.435177545351389326e-03
7.756090540214415942e-03
7.507769752090742189e-03
7.516124466443804483e-03
8.003676474655618128e-03
7.354583013690455494e-03
7.594885500087536490e-03
7.348830048048511990e-03
7.715663725271244312e-03
7.666189344258228164e-03
7.398403287024577293e-03
7.587448101090350609e-03
7.941317758116317807e-03
7.627425679601966893e-03
7.889449796854535249e-03
7.509653553015161256e-03
7.296491542567907704e-03
7.231420902905534749e-03
7.632927131424906836e-03
7.440961803996139039e-03
7.649655265655080395e-03
7.390170305450891736e-03
7.527144720165497918e-03
7.321531960994009242e-03
7.734139677781891493e-03
7.633367403243156157e-03
7.195982127267436246e-03
7.647610881818971140e-03
7.582070659204121627e-03
7.928243832693134679e-03
7.632542947620729254e-03
7.638116819767856377e-03
7.640186530997165708e-03
7.644943779512018700e-03
7.702180822135432092e-03
7.560591626838347040e-03
8.038375033698792402e-03
7.935125781228057409e-03
7.846493314419146492e-03
7.584678120208509892e-03
7.705664553338398629e-03
7.589193740834675010e-03
7.383543353776171776e-03
7.773898758392249614e-03
7.776520870592429184e-03
7.625168197069004221e-03
7.420172137976317056e-03
7.646920495054625525e-03
7.828302395382477283e-03
7.521379968698695823e-03
7.615265994658486186e-03
7.715258207594986352e-03
7.896777222420379647e-03
7.662966199499163938e-03
7.254745726971973882e-03
7.720627111130870870e-03
7.663529548556354508e-03
7.351561520887074305e-03
7.469859803213651540e-03
8.000345595592595060e-03
7.399528435870904308e-03
7.459779042543106774e-03
7.935824141409893520e-03
7.485920916914540028e-03
7.393894414390209460e-03
7.435733846670133235e-03
7.742295941445446507e-03
7.475441666338235661e-03
7.863124212919793757e-03
7.342581746208058820e-03
7.299286388369470580e-03
7.879586855070385212e-03
7.771686943554894679e-03
7.852518582439358200e-03
7.663697445127441547e-03
7.512593478926434670e-03
7.967700861932403358e-03
7.526750134846669875e-03
7.743853465910589817e-03
7.639460602607541818e-03
7.712382658404297493e-03
7.572549117397217415e-03
7.996450059073290095e-03
7.387917806926984354e-03
7.329601231127131147e-03
7.504646933556656692e-03
7.594804867100916380e-03
7.755476677510861512e-03
7.858349612392189626e-03
7.370713347219864930e-03
7.863865114888873853e-03
7.427619432036375313e-03
7.348572143505356299e-03
7.816952886248187959e-03
8.070664523625335762e-03
7.400270333710497195e-03
7.760056230899499592e-03
7.499391086911363739e-03
8.038839620163582694e-03
7.828685702160866067e-03
7.471816227764002151e-03
7.521775365657995711e-03
7.652601844933874797e-03
7.475705273203291611e-03
7.723488979381859174e-03
7.543287900436601232e-03
7.448980327438465242e-03
7.857502932700478199e-03
7.905986349162157784e-03
7.768167573997231991e-03
7.788059478940325721e-03
7.732122986876145167e-03
7.554753924569576271e-03
7.544872551041813084e-03
7.474570256509969340e-03
7.571070419589711990e-03
7.419286218744565627e-03
7.535355653346366249e-03
7.311019669358652905e-03
7.513959311925779219e-03
7.666471277775780031e-03
7.556659976889882648e-03
7.586778935566491217e-03
7.745650132799775274e-03
7.451998237449149361e-03
7.785024798682296278e-03
7.060566086039517415e-03
7.647196590506551844e-03
7.685794256820496426e-03
7.838889785853047493e-03
7.349594701890058319e-03
7.948883061255627644e-03
7.831928557548080774e-03
7.594065156476202325e-03
7.522849659728014261e-03
7.930704167478676986e-03
7.877324816387351603e-03
7.833592727343106216e-03
7.349879772418017702e-03
7.420835543103907958e-03
7.387798457216102760e-03
7.185484469828294987e-03
7.786798970410936660e-03
7.128363287339117317e-03
7.355985316408849423e-03
8.143247538895564616e-03
7.731805859884691677e-03
7.872459836095637223e-03
7.590038020994417482e-03
7.339024350706582246e-03
7.424287646095704615e-03
7.488050233893011297e-03
7.575806191527055533e-03
7.475604133407820658e-03
7.462266632960910633e-03
7.465916067788166098e-03
7.367187213646434613e-03
7.412044952318601158e-03
7.957002801139404294e-03
7.242871260809188166e-03
7.496217253707812035e-03
7.459507120376555715e-03
7.870363907599504244e-03
7.923141412536045119e-03
7.887409307564709551e-03
7.544803704418131564e-03
7.788302849656886934e-03
7.648382416374383333e-03
7.509568305328494578e-03
7.797288809155309905e-03
7.393865449092878669e-03
7.718859882099269286e-03
7.644674777803193121e-03
7.764316254726550022e-03
7.456451400461867017e-03
7.626185782789532581e-03
7.579828461804055326e-03
7.825051823612259524e-03
7.474274761693480360e-03
7.670607008871739574e-03
7.476645019783121834e-03
7.346174168611417817e-03
7.296627310564825566e-03
7.550144672238060309e-03
7.728960473896847976e-03
7.514277974278466693e-03
8.000912799838650821e-03
7.278251465899502476e-03
7.575956336792454178e-03
7.917165974995889893e-03
7.620691264714376904e-03
8.194317246950345163e-03
7.969913955844426523e-03
7.532688356199059888e-03
7.497527236425372693e-03
7.400566171139717764e-03
7.244426914761328308e-03
7.425550631436367115e-03
7.395636881129173668e-03
7.290219603893826998e-03
7.583381732353376876e-03
7.479459758182482008e-03
7.551141275817839851e-03
7.282108031410107832e-03
7.506423962528519477e-03
7.467649843340491873e-03
7.442562453996637815e-03
7.502830644765484322e-03
7.826034178413604145e-03
7.486365550868035248e-03
7.525033012793331047e-03
7.477368444606290014e-03
7.571740785959698780e-03
7.405675985257166236e-03
