2.235171428377486225e-01
2.004953176158451866e-01
1.820089688833333996e-01
1.600494560381579834e-01
1.493170120873833773e-01
1.419273676548990504e-01
1.344210254027818630e-01
1.225303419746398004e-01
1.168169969055742330e-01
1.126738129027860663e-01
1.092730374951898786e-01
1.030512828576247153e-01
9.843685255138345802e-02
9.753361260230378194e-02
9.533145214229625519e-02
9.048069943941393356e-02
8.812409401850032631e-02
8.557598188971753117e-02
8.360869227656114733e-02
7.967657322274421250e-02
7.513860211466680261e-02
7.578839050284830181e-02
7.053724943862137164e-02
7.041372025610589946e-02
7.067223925751171809e-02
6.883150820429526084e-02
6.632327390215980722e-02
6.554075793125166416e-02
6.323866829383546773e-02
6.456644553153700894e-02
6.150719347500214346e-02
5.949775235300482773e-02
5.880370241536971715e-02
5.617827552421324200e-02
5.643163903188164188e-02
5.538602492943491690e-02
5.520109923246710459e-02
5.355414139689270575e-02
5.165684637876850893e-02
4.960747851077603604e-02
4.916253944971541584e-02
4.962480294758871147e-02
4.837320125184620817e-02
4.883201508607113578e-02
4.713256268255777703e-02
4.599819466876484131e-02
4.579770319893228941e-02
4.538138902926224655e-02
4.399180938527584572e-02
4.460408218911147277e-02
4.394881727769495844e-02
4.179213379301860432e-02
4.165335437323138684e-02
4.091171437920015225e-02
4.167424340269123423e-02
3.975818752397690392e-02
4.013125803970682415e-02
3.868890959808886365e-02
3.855263006372294798e-02
3.744050993707862679e-02
3.771077517621665431e-02
3.665226569514454247e-02
3.605719904375052909e-02
3.542474464229903447e-02
3.613727508892877055e-02
3.666659232186132711e-02
3.484686036465638181e-02
3.450859883162005204e-02
3.392049775136569967e-02
3.440561900643130527e-02
3.442229140661372949e-02
3.388398690412225411e-02
3.175703426991782069e-02
3.138025746170242103e-02
3.160796340798547460e-02
3.082807220663409675e-02
3.116344738785993551e-02
3.057698708491528652e-02
2.960802611939608933e-02
3.131277750205641724e-02
2.913337632858869000e-02
2.997652720989112812e-02
3.025303648410376106e-02
2.978012876657737742e-02
2.958864476217352296e-02
2.801725070746322738e-02
2.850625350046223638e-02
2.751288483719498135e-02
2.945704552427343831e-02
2.713685593140731378e-02
2.757414811616404685e-02
2.666612719897887632e-02
2.680084756184398370e-02
2.632978958206177653e-02
2.644576584676517142e-02
2.615499375807055563e-02
2.552600249578540828e-02
2.505287711134471587e-02
2.575224993904799350e-02
2.467800368487336679e-02
2.436279040406860025e-02
2.488641269572552245e-02
2.438719999949893677e-02
2.461042034897840611e-02
2.382593753806973649e-02
2.353858835080838499e-02
2.426173459851995590e-02
2.381617374932822745e-02
2.284250554263008923e-02
2.318950017255669988e-02
2.243822564077357223e-02
2.385450067491748372e-02
2.205678840805559704e-02
2.235976949561155683e-02
2.231875883935756019e-02
2.343384291191417251e-02
2.270940745355016013e-02
2.198772390797953599e-02
2.189641259217878222e-02
2.152987018932513846e-02
2.262590780821431904e-02
2.181869126481974022e-02
2.102759732577025309e-02
2.086633750077700883e-02
2.081966696255234742e-02
2.054602003889639469e-02
2.161714793735309767e-02
2.021523302127981384e-02
2.141571580593841853e-02
2.043679771166572595e-02
1.972212432445192079e-02
1.976763653381487587e-02
2.008062194211614193e-02
1.936812906262544431e-02
2.025930045242356134e-02
1.903928903148645324e-02
1.949248693293887877e-02
1.898919049419274530e-02
1.882307796596550259e-02
1.858200261022835420e-02
1.902032194159353554e-02
1.918337409251522421e-02
1.897078535785186662e-02
1.837919961909189812e-02
1.803622661348458500e-02
1.856246275653517311e-02
1.746088222404845736e-02
1.824150500013685741e-02
1.842377491824228122e-02
1.810704883308083754e-02
1.826000940586347890e-02
1.776049002968057428e-02
1.784664920221662801e-02
1.717114610205026232e-02
1.761843604313029221e-02
1.664220067078875029e-02
1.807397281340881318e-02
1.800139015573359522e-02
1.805454754529295727e-02
1.699009081279839392e-02
1.691632886316360093e-02
1.680425125273949521e-02
1.610181774534111612e-02
1.683506962068546595e-02
1.666323823630074669e-02
1.673923973371502574e-02
1.667231537390743631e-02
1.633082533934494818e-02
1.611815012463439431e-02
1.737355386669580878e-02
1.575844971271706321e-02
1.652739424909833998e-02
1.646077577732428521e-02
1.579436910923851314e-02
1.700665447337250738e-02
1.537922045043781973e-02
1.586064016643803920e-02
1.552042698969092159e-02
1.576375190260383835e-02
1.564331679008891876e-02
1.597586029608367986e-02
1.565119915661001074e-02
1.579001806871979663e-02
1.536780716913127391e-02
1.526248903085084332e-02
1.523122805871315183e-02
1.497664034775383207e-02
1.521036189866689474e-02
1.417048428604850835e-02
1.444435182084074891e-02
1.456013918199640204e-02
1.420825063161024020e-02
1.439528791779636462e-02
1.383768594675040091e-02
1.424955728707762680e-02
1.450798842860040461e-02
1.445778609351840854e-02
1.410194845953452979e-02
1.326632304311090721e-02
1.390164598153311067e-02
1.304984634102068775e-02
1.376327963261036839e-02
1.346372420836715149e-02
1.429676282752455167e-02
1.354101220652793001e-02
1.346356643763944351e-02
1.390582500443596735e-02
1.344375001842985570e-02
1.350801470586760616e-02
1.328447430868375315e-02
1.333364018492754280e-02
1.327042407349271654e-02
1.275252854787925667e-02
1.280350491817520975e-02
1.309534561031595705e-02
1.395081660282368984e-02
1.278968651916211410e-02
1.306673967675479019e-02
1.224601408260737358e-02
1.277316788569186554e-02
1.287913787840658068e-02
1.248569519365319742e-02
1.301513613203170161e-02
1.269473114140371242e-02
1.187786538423182478e-02
1.243638257792481668e-02
1.219770430002368837e-02
1.259221389181008899e-02
1.212055501725642359e-02
1.211298006916636943e-02
1.269636090467807406e-02
1.272743472271290616e-02
1.220661364259093516e-02
1.200493381060330732e-02
1.250048188468401607e-02
1.188792797750076388e-02
1.180305223755712639e-02
1.239845933295547799e-02
1.161003411436086798e-02
1.181511835281464154e-02
1.200361541813551799e-02
1.191499506048855107e-02
1.149062937950720217e-02
1.220375175506515503e-02
1.122659020296814907e-02
1.137269554719886125e-02
1.076698995253925692e-02
1.142390194629865595e-02
1.110620069819656837e-02
1.107145593731246463e-02
1.085403031391164383e-02
1.075145470186799831e-02
1.123915954296531711e-02
1.132010440713957303e-02
1.110689309374202592e-02
1.049207021992136675e-02
1.087452337465322563e-02
1.107998641657733860e-02
1.091100224630493776e-02
1.100606451791108845e-02
1.170818674666437853e-02
1.100978949024619680e-02
1.097933277756480037e-02
1.066327706077195223e-02
1.064355910204457627e-02
1.073994308664545649e-02
1.068051160203025915e-02
1.036634334680543515e-02
1.131007415086345350e-02
1.102612034735768638e-02
1.033727805249085030e-02
1.054701784772854242e-02
1.069614588279960317e-02
1.067185966509079723e-02
9.899540661783969714e-03
9.975999191438841493e-03
1.043180866135091055e-02
1.029846246144436490e-02
9.866745012473546184e-03
9.861753657196003359e-03
1.081458337695285002e-02
1.030603979315634390e-02
1.009225857651426320e-02
9.618504805183895195e-03
1.012379298589046253e-02
9.383925862242029070e-03
9.712329462909599989e-03
9.528297831400718912e-03
9.764136139520113861e-03
9.779218705707989553e-03
1.022472779619037174e-02
9.357582703973086127e-03
9.282015060490596270e-03
9.415187294768949042e-03
9.762935973203868550e-03
9.785499192330043838e-03
9.880192717699697730e-03
9.794826132614146627e-03
8.809466439117098757e-03
9.631812950080913260e-03
9.465661835877822033e-03
9.591119332557714386e-03
9.957420321331239207e-03
1.002902295936388202e-02
9.187472486189006068e-03
9.308215100065627551e-03
9.528026699287445861e-03
8.931384937381488948e-03
9.081911752385568581e-03
9.394781299139509656e-03
9.053685975233023361e-03
8.822772229839735345e-03
9.243303769140774964e-03
8.941224858412226070e-03
9.274309215689564845e-03
9.339828480973368444e-03
9.446786242000333386e-03
9.016131795383519609e-03
9.591393259276400837e-03
9.044324454036068578e-03
8.822112785565029702e-03
8.292362217720620349e-03
9.072426819365441569e-03
8.848433508937270098e-03
8.261261190846358460e-03
8.714647347871758154e-03
8.786288797012438423e-03
8.849315763797766313e-03
9.128010941849050777e-03
8.464640570558561172e-03
8.806301055910474920e-03
8.780109840077066422e-03
8.542452657083270465e-03
8.500315045575870809e-03
8.973861143026572867e-03
8.549982212119567812e-03
8.669405384158803546e-03
8.417285330505031374e-03
8.581282945499561429e-03
8.442701822110302082e-03
8.211383230008079473e-03
8.017020575628239221e-03
8.441500312358607080e-03
8.327132774578650462e-03
8.749957073328767584e-03
8.042481000892890558e-03
8.418140028477237233e-03
8.432680322700333159e-03
8.618424792450838853e-03
8.118260874229536392e-03
8.156075645107532107e-03
8.337523783510044501e-03
8.060060545672905266e-03
7.603163049966106361e-03
8.416658335188682838e-03
8.433272481066416207e-03
8.043297252403169145e-03
7.565648189524322789e-03
7.849604243057774905e-03
8.056029037205500107e-03
8.077364256112247801e-03
7.583324115037538317e-03
7.931513953074904866e-03
7.654372999331637839e-03
7.330085655932910491e-03
7.905854560696581532e-03
7.616491482706405636e-03
7.517052881600315949e-03
7.513188918261011137e-03
7.774895219644526075e-03
7.761549271774707305e-03
7.550904528608074623e-03
7.451531668344421426e-03
7.813157476229230791e-03
7.423817921681640820e-03
7.196596998872541520e-03
7.606009356539702657e-03
7.352247305452041387e-03
6.984606694050542706e-03
7.802164927096545688e-03
7.766250376901112466e-03
7.377454925384227015e-03
7.447150891994386811e-03
7.237119916968071977e-03
7.146224162283068559e-03
7.220464223789646759e-03
7.086602943005834883e-03
7.347004180746140138e-03
7.334288205562116379e-03
6.799062454714828972e-03
7.243080062913612518e-03
7.408573375435609579e-03
6.951380876575419081e-03
6.675245429677355985e-03
6.752162838001865737e-03
6.984816668886112759e-03
7.138287483015141009e-03
7.205961206513769937e-03
6.914973771736771316e-03
7.024794418924966768e-03
7.002612186976182006e-03
6.945186248947277617e-03
6.954143414542823982e-03
7.000530007773918262e-03
6.835712751013997383e-03
6.915749161390472716e-03
7.048008288094094291e-03
7.163423572555606585e-03
7.009616384389774114e-03
7.005131173815389543e-03
7.303857857446348703e-03
7.117306782470410841e-03
7.209997929999514138e-03
6.882794409718195373e-03
6.770478524973675555e-03
6.833675884085440265e-03
6.711302152143574368e-03
6.578686957379163182e-03
6.800917299606341546e-03
7.161824513387182387e-03
6.721367344946331708e-03
6.742875742572064339e-03
6.719971864653915238e-03
6.447684699673145343e-03
6.903540257167148364e-03
6.772402777434893655e-03
6.754385318461524415e-03
6.689864742039751920e-03
7.065590073291863962e-03
6.647934170455965623e-03
7.047842929390810314e-03
6.956386898629054148e-03
6.003457942778013014e-03
6.714930000920961255e-03
6.637826971858669378e-03
6.536763667845541144e-03
6.388295216223788438e-03
6.198875550150154991e-03
6.266348879406395504e-03
6.693424880196361879e-03
6.079182763969146440e-03
6.721851440568974573e-03
6.354663599059899755e-03
6.336219368304953081e-03
6.671432880217688377e-03
6.219159604028597250e-03
6.438025062345212324e-03
6.365215584292253925e-03
6.375146797557248481e-03
6.209717221004615664e-03
6.404421282708653781e-03
6.786096911958541811e-03
6.047218115556669306e-03
6.184695446815260608e-03
6.077742439620537583e-03
6.301031697666099711e-03
6.226852850917868887e-03
6.314031061237941264e-03
5.970340645104538560e-03
5.655390880922312249e-03
5.795547282325652291e-03
5.872155775455689675e-03
5.870582793764326894e-03
6.056179360028156669e-03
6.515236380985153786e-03
6.275546919992576814e-03
6.556422862173286875e-03
6.364110507714597874e-03
5.957549404609022853e-03
6.007481054807026384e-03
6.009166595542033903e-03
5.933935198851470437e-03
5.899075859346288725e-03
6.085034799015370810e-03
6.118937111875837227e-03
6.010290298427302565e-03
6.113756943169487527e-03
5.789201973875577299e-03
5.503367040930207468e-03
5.918034380324972872e-03
5.768294319148239285e-03
5.988493375466910282e-03
6.180451422370927296e-03
5.967203812537904932e-03
5.584648744520573881e-03
5.805410233035701410e-03
5.899809081585869787e-03
5.933899998058498985e-03
5.961633624494157811e-03
5.432193253028825414e-03
5.672551105788297895e-03
5.700715145094909474e-03
5.871083634829541396e-03
5.910534150077267727e-03
5.257142876722343400e-03
5.527094739273941300e-03
5.811156337536516579e-03
5.945591071864994928e-03
5.917216619185219038e-03
5.369065457612109786e-03
5.404697926512185523e-03
5.044869721586102938e-03
5.415072081072496747e-03
5.361148788150096010e-03
5.753117430338090116e-03
5.979393986821443518e-03
5.931772286065510776e-03
5.154746079407502256e-03
5.647406834066578604e-03
5.448896453984317968e-03
5.502626592895333568e-03
5.705178354627827957e-03
5.464613859005202148e-03
5.339945654307205226e-03
5.403039005515363445e-03
5.680191473843440413e-03
5.219582849285333420e-03
5.448792267258208664e-03
5.373132439554445874e-03
5.369895023944513436e-03
4.839557144154871607e-03
5.388926360000610531e-03
5.513496112060213214e-03
4.938827185981923239e-03
5.378567054228964965e-03
5.269150632909874905e-03
5.651511516675043582e-03
5.450683855548696562e-03
5.356775745992844139e-03
5.428044175064301521e-03
5.483485613161750288e-03
5.365871216811747731e-03
5.397147137692528962e-03
5.366802031674978990e-03
5.391368329194452629e-03
5.270289868800597487e-03
5.460354592287786253e-03
5.010879111180334237e-03
5.205583935878445659e-03
5.379849427771622727e-03
5.768133107207648949e-03
5.206418066283536802e-03
5.076059746266720248e-03
5.017938084411385433e-03
5.054115961766062273e-03
5.135264142997623786e-03
4.979374514385687643e-03
5.312094549025779544e-03
5.116059149925782784e-03
5.330759324756973068e-03
4.896060412632833106e-03
5.106095442159320173e-03
4.913471414868070437e-03
4.816680220042378682e-03
4.973728552139245959e-03
4.892585105547101951e-03
5.307300894811958943e-03
5.096849563374437897e-03
4.771347627488540730e-03
4.785598177933579611e-03
4.892762646511046240e-03
4.916367122937702165e-03
4.782004552259903896e-03
4.923512389985680582e-03
5.116167542582468128e-03
4.957715942995001221e-03
5.110942890336944190e-03
4.960323711769150552e-03
4.962817249514489375e-03
4.771488442616440839e-03
4.743163793789174909e-03
4.901684176888221854e-03
4.862826988724915089e-03
4.908503460990530295e-03
5.010030702035157824e-03
5.269986034133488512e-03
5.048173995431729649e-03
4.945575556475825287e-03
4.943330439326609933e-03
4.955020970205687575e-03
4.829943817045876872e-03
4.634460398476978812e-03
4.886305434004312165e-03
5.004813722746291951e-03
4.883395252756706634e-03
4.624316942571862418e-03
4.931964546720407280e-03
4.442919518434638136e-03
4.926176189315929245e-03
4.757427451693076875e-03
4.550544629600557570e-03
5.137472432443471355e-03
4.536414654830482271e-03
4.506346879325618879e-03
4.853474483120133291e-03
4.822720132295389879e-03
4.483175220599344181e-03
4.546016648186941567e-03
4.650697077513548175e-03
4.618562223087860352e-03
5.053306218763874667e-03
4.805067636392725515e-03
4.591413554914556064e-03
4.492809443575815354e-03
4.846881087372617754e-03
4.802957840272578140e-03
4.678754857428673447e-03
4.351055857172888598e-03
4.461648053125703839e-03
4.747652417577118492e-03
4.814441541653171133e-03
4.528868229763102771e-03
4.526314900377438437e-03
4.419319950029170462e-03
4.575570527720168069e-03
4.374422635207200413e-03
4.260163646929602740e-03
4.684595478565290426e-03
4.645929431054096094e-03
4.703296896875704819e-03
4.545590979005724973e-03
4.662384049450981824e-03
4.289234445430574645e-03
4.222282786423650104e-03
4.529976348297678687e-03
4.720326343309539166e-03
4.600353617013611812e-03
4.318179191022584150e-03
4.404621451787040128e-03
4.583772950263530904e-03
4.651769683915534491e-03
4.507012884298078684e-03
4.451415508605571954e-03
4.558572004785444061e-03
4.553225227393565069e-03
4.437051282532460117e-03
4.424205729124853874e-03
4.371662859738435943e-03
4.060432717331125159e-03
4.311795440418437174e-03
4.623903418348271344e-03
4.240755257696752524e-03
4.410889569719180121e-03
4.454647881074413028e-03
4.336946923221475340e-03
4.389124391770358666e-03
4.324308273856872741e-03
4.376049156239266227e-03
4.116907648011078336e-03
4.282160618748478802e-03
4.152944086733278105e-03
4.230968177892000491e-03
4.266484474324592699e-03
4.570788735444733866e-03
4.268856110329271453e-03
4.190746693172623001e-03
4.353409651307242438e-03
4.025525123762739056e-03
4.341303942660245350e-03
4.164825431956228202e-03
4.405970698121115976e-03
4.216631512337732333e-03
4.001927707706717623e-03
4.190340436708628324e-03
4.195697909749542161e-03
4.096775598618026225e-03
4.388571674736126312e-03
4.027194031427408852e-03
4.036304263427136982e-03
4.188108165514766237e-03
4.129434335647563965e-03
4.030183083750104624e-03
4.159834663764309416e-03
4.005662265176978577e-03
4.251539723232434370e-03
4.182368572538547498e-03
3.871838997187130888e-03
4.116745506113827710e-03
3.868583007202967480e-03
4.018224082996333692e-03
4.123127605158603652e-03
4.177300221557987345e-03
4.086805964001630903e-03
4.143694080013495679e-03
4.394879953463230217e-03
4.019301991361028288e-03
3.638378503428342688e-03
4.201915521496913004e-03
4.117797367739621170e-03
3.846823120469017657e-03
4.014446497144187435e-03
4.204561277047062264e-03
4.197351942847532894e-03
4.085936712760619705e-03
4.099806477346507050e-03
4.021538562879153726e-03
3.890296240942803588e-03
3.899038681352483618e-03
4.040734623015446343e-03
3.963976176376941829e-03
4.050026061134932159e-03
3.966439736628319529e-03
3.923817775460219058e-03
3.984233050380064922e-03
3.860053220950602874e-03
3.991853235878710729e-03
4.033695316239292034e-03
3.991508983544997564e-03
3.788942934638472523e-03
3.940796278148273393e-03
3.961131599482929991e-03
4.000020050984647892e-03
3.966750557244653856e-03
3.873495458043121464e-03
3.964370903856507915e-03
4.059565131687715642e-03
3.915596693808366148e-03
3.759555695044370944e-03
3.879163340234729421e-03
4.043586706208527476e-03
3.630223478752668716e-03
3.962952163360572953e-03
3.728554888905515844e-03
3.786587676813419224e-03
3.917024624784749831e-03
4.135844064620348634e-03
3.785796384721327838e-03
3.804134638251979728e-03
3.901154013258877930e-03
3.772981035347689090e-03
3.976050075553234746e-03
3.580443711948139325e-03
3.599659803908761453e-03
3.944507314285108229e-03
3.761578441509218738e-03
3.977785761442634814e-03
3.594954356351821347e-03
4.023699274984878123e-03
3.658067594679017924e-03
3.775844202441895267e-03
3.599998709030820254e-03
3.549047875945616007e-03
3.859031610025381517e-03
3.687290026292859568e-03
3.927076153479079103e-03
3.844583651729834538e-03
3.824603264802354293e-03
3.580939925332790857e-03
3.901829798369826300e-03
3.817047443383177023e-03
3.760228102066883165e-03
3.709609646043999544e-03
3.790719317395781652e-03
3.698120971364015318e-03
3.714102563199631404e-03
3.862218852716048974e-03
3.436127135559066768e-03
3.660994444855752809e-03
3.626980100381035649e-03
3.677024442008661100e-03
3.811745615748944951e-03
3.655275388578669172e-03
3.581770944821469939e-03
3.445446980586856951e-03
3.846806571882966253e-03
3.701308713778396139e-03
3.747180594786109382e-03
3.698566987110224642e-03
3.282296900881883066e-03
3.851507329961917706e-03
3.497944504431976884e-03
3.688593625212651175e-03
3.616444902815813336e-03
3.402150533100790995e-03
3.543252198057716268e-03
3.582956837287987629e-03
3.500319700486119196e-03
3.742489238018793362e-03
3.635454604899025603e-03
3.514414848414134079e-03
3.440321727991522624e-03
3.601702367495318493e-03
3.643950776187081589e-03
3.499314400562193554e-03
3.728386636614321355e-03
3.458117749617903910e-03
3.515390989915880351e-03
3.395424701485349160e-03
3.423190364145310260e-03
3.377338322507140046e-03
3.522876810318752074e-03
3.735563279193517168e-03
3.599254251910626555e-03
3.429616557279598684e-03
3.453393308276609883e-03
3.478600045320170021e-03
3.604089372666728630e-03
3.366738547431768949e-03
3.384852161614300328e-03
3.229919047489050819e-03
3.612874125953180904e-03
3.397605574748678060e-03
3.421407841209710837e-03
3.471535495217722284e-03
3.746438538323704995e-03
3.474451154547279850e-03
3.273167745978032821e-03
3.476959544245186631e-03
3.492201586130095747e-03
3.486380078853360334e-03
3.445636830668514193e-03
3.419206641569486928e-03
3.310485768740050513e-03
3.527392098520829803e-03
3.310155920857919820e-03
3.253292508105637068e-03
3.276966181972756822e-03
3.458061580490147825e-03
3.580973838341717543e-03
3.290930554762424871e-03
3.463817439322671235e-03
3.404592622468538207e-03
3.387173874654651057e-03
3.241310256712369962e-03
3.464797283575053125e-03
3.439752223420196320e-03
3.395429158785026515e-03
3.259578601290676492e-03
3.661759920943777075e-03
3.460231981366248925e-03
3.481532978427015479e-03
3.523107625931365481e-03
3.327761788915657888e-03
3.409618913669617505e-03
3.499810531794503299e-03
3.248955979382211166e-03
3.363010385301631357e-03
3.415103739651832032e-03
3.312272929304645609e-03
3.335131425613047269e-03
3.491878168568338450e-03
3.379960841764023498e-03
3.251026889736134337e-03
3.396603265371307169e-03
3.268491156170391394e-03
3.166690232896672216e-03
3.225295831062735107e-03
3.355340005958035339e-03
3.325082058921443283e-03
3.172770410772089190e-03
3.305206988204026624e-03
3.503058881622249897e-03
3.102502333118780861e-03
3.030660327001397439e-03
3.235250803130102631e-03
3.340388470069596653e-03
3.131022134929585532e-03
3.294456206319070195e-03
3.296623300988039875e-03
3.486313301033658069e-03
3.295603540285019662e-03
3.213056661942731256e-03
3.516889081557335577e-03
3.530210421538312274e-03
3.207847583837324188e-03
3.246052468611195993e-03
3.126771674083911063e-03
3.255051639863575010e-03
3.106285486047630825e-03
2.966491697850010337e-03
3.219833953554282913e-03
3.135946342754800803e-03
3.265877672281854247e-03
3.294165058313722281e-03
3.319307519732134139e-03
3.282837099039055857e-03
3.351761242528829027e-03
3.194766923807309655e-03
3.278622535470039970e-03
3.191461353277342313e-03
3.354136765848163282e-03
3.140782468705964614e-03
3.388203542052853779e-03
3.260983987117545974e-03
3.228730796555427489e-03
3.296318840763013368e-03
3.360424543304181035e-03
2.937221261235108474e-03
3.074291299276413810e-03
3.102322649020578405e-03
3.211730884765948753e-03
3.187540162088860988e-03
3.250234860504156061e-03
3.260422759865738707e-03
3.354643756015603454e-03
3.089735964182112760e-03
3.295907689012871327e-03
3.105636717072217303e-03
3.149397012624228446e-03
3.299385204032680673e-03
3.231387220806540648e-03
3.052241899153629399e-03
3.003228872439180509e-03
3.010262609166287819e-03
2.957260002633429682e-03
3.105256587556435612e-03
3.099170793341865775e-03
3.165694900817380471e-03
2.940006677904363503e-03
3.258067465864498795e-03
3.026663251168417411e-03
3.064404552487774453e-03
3.159413448680893025e-03
3.037895970381075932e-03
3.085101636341945966e-03
3.328800013973017436e-03
3.155094745756203099e-03
2.993649391766284914e-03
3.091747747012437309e-03
3.356253058248292922e-03
2.953893688394811177e-03
3.109762683273414700e-03
3.004069010197315051e-03
2.996524309207660320e-03
3.252375426878147471e-03
3.143508942795877545e-03
3.008225822669743314e-03
2.990880610455868595e-03
3.375238061308780992e-03
3.072115811714439849e-03
2.926090695922383203e-03
3.206950453996016207e-03
3.115327216199787006e-03
3.142644358334912083e-03
3.080440000418342272e-03
3.004274102175705317e-03
3.072036646998594668e-03
3.062993736269416494e-03
2.996874208396859297e-03
3.229688024694118368e-03
3.141112344940228448e-03
3.023832015764854435e-03
3.223596857080899322e-03
3.036231560214076430e-03
2.953987890123754151e-03
2.700284778265245062e-03
3.103332706799754020e-03
3.008426255526648260e-03
3.019376446565537851e-03
2.954505900706495998e-03
3.011413638345116894e-03
2.998019427768319235e-03
2.955646016604548173e-03
3.037019536577141837e-03
2.787169583110780946e-03
3.109594344152211750e-03
2.960749623576546669e-03
3.172651870792258036e-03
2.752352722508133193e-03
3.027059108455642817e-03
2.912644563213423639e-03
2.855875919710660835e-03
2.935855857925670845e-03
2.711504353067387824e-03
2.789226970910554763e-03
2.962896023828483043e-03
2.831711563023486550e-03
2.735324971051620539e-03
2.757001576096365734e-03
2.861696784777423980e-03
2.955114281489622415e-03
3.061287526573793893e-03
2.873817795597837475e-03
2.844772333917119835e-03
2.952930613420687821e-03
2.888255481702507906e-03
3.025892329674765863e-03
2.879343170633821662e-03
2.957740613339846295e-03
2.921256688677742550e-03
2.938356232395019935e-03
2.967074566474701015e-03
3.028304054920547168e-03
2.890417009437576314e-03
2.971681703246249317e-03
2.776811906903423575e-03
2.847569278029748411e-03
3.326933349598040421e-03
2.833182748032657579e-03
2.730410300413210756e-03
2.748233806594461027e-03
2.717673476008602637e-03
2.933757618641810033e-03
2.735877711783173041e-03
2.863686268054526328e-03
2.892428097025938338e-03
2.971731922202759061e-03
2.907168751797637070e-03
2.894162108602759634e-03
2.920541876668382442e-03
2.773822328849660183e-03
2.843713123008728954e-03
2.712742990021121698e-03
2.889448852410517361e-03
2.748232738544644903e-03
2.869058651628513153e-03
2.778689084252828657e-03
2.752137965039258994e-03
2.907651008320843826e-03
2.669902497589382931e-03
2.659141362667907273e-03
2.846646852113313923e-03
2.716719688510753437e-03
2.924374240885799139e-03
2.827164903046124923e-03
2.541892535500105219e-03
2.714635076967519562e-03
2.848871759073148303e-03
2.859564048742127725e-03
2.798235118617380286e-03
2.761371519995745559e-03
2.860570542015433617e-03
2.742411530612243967e-03
2.981222980736008416e-03
2.583811859751319277e-03
2.731134169144983255e-03
2.941306252717755011e-03
2.890069507094396306e-03
2.770911384083044916e-03
2.608411448585945449e-03
2.672849106724511318e-03
2.588521493879215180e-03
2.703285879169887648e-03
2.876123429026075044e-03
2.677224588627913088e-03
2.928846413479760553e-03
2.879336146476274821e-03
2.830432881827714062e-03
2.549937557804265401e-03
2.704405642819221467e-03
2.919307414180222996e-03
2.661789041649927773e-03
2.759499847908207081e-03
2.717587836913855099e-03
2.531479869389336671e-03
2.555804359736750433e-03
2.604192219634619051e-03
2.669846629568511497e-03
2.807364976251626107e-03
2.649546066100229476e-03
2.655746082502981071e-03
2.661164662908543314e-03
2.696614300738091937e-03
2.573137988535387308e-03
2.788779837715257316e-03
2.653728945352937588e-03
2.470244715993729495e-03
2.652394724846998588e-03
2.455356524385840858e-03
2.642591829474888205e-03
2.716255277369851798e-03
2.820181152527135183e-03
2.637100381066727513e-03
2.706566798262798838e-03
2.714852179196237947e-03
2.764681835882529162e-03
2.620088460965314548e-03
2.615856848580734497e-03
2.567395187149080615e-03
2.624490272333136233e-03
2.756378358719129354e-03
2.652243986467589781e-03
2.743685397682400946e-03
2.533137010321375240e-03
2.776255203231026668e-03
2.568295612433256405e-03
2.667642666321731314e-03
2.689235548203997277e-03
2.568485249420199030e-03
2.613190842194786177e-03
2.848181365660802395e-03
2.424974144637968582e-03
2.445301134678186123e-03
2.615004659231184164e-03
2.519775392535850318e-03
2.665409418502000076e-03
2.409429053003170253e-03
2.772932080462945422e-03
2.636805120759946625e-03
2.433907825285143087e-03
2.405952736238334017e-03
2.509713853396584957e-03
2.700339939837734932e-03
2.510307324732877991e-03
2.475678303671552567e-03
2.459375477956928999e-03
2.711942165442610738e-03
2.435024774287026465e-03
2.543748673720905643e-03
2.473467557652100305e-03
2.483287032736612721e-03
2.626448519125118737e-03
2.648445889036793108e-03
2.492443480856721197e-03
2.538028589337028296e-03
2.551671252202748850e-03
2.372355131816864752e-03
2.778375026335559196e-03
2.656026009814316160e-03
2.699040242043716439e-03
2.516298909072814134e-03
2.631440472563073389e-03
2.523490118065442600e-03
2.514573750978028443e-03
2.613542051602287496e-03
2.613263080021210362e-03
2.295376743893333231e-03
2.477502058888659056e-03
2.500664234307495380e-03
2.609311207543504960e-03
2.735579762124624829e-03
2.656741088562971850e-03
2.675874407789344787e-03
2.625421367969915133e-03
2.555571107477883335e-03
2.393962548520425174e-03
2.682340021276010539e-03
2.272607143810410034e-03
2.603075564010128365e-03
2.451029190781401496e-03
2.480973683494008819e-03
2.671431859682672858e-03
2.518759649011128449e-03
2.620700911272623012e-03
2.320934017491230444e-03
2.685037750797283646e-03
2.616880459325421696e-03
2.354993984821287557e-03
2.335958024719113433e-03
2.565148352331417681e-03
2.560332542665589781e-03
2.487377355777756031e-03
2.457709335913839041e-03
2.391730380366923620e-03
2.407050062077641626e-03
2.588603969660296586e-03
2.508362244233151590e-03
2.586603634297242153e-03
2.414332177522084642e-03
2.506765707285417942e-03
2.465482740498858589e-03
2.322596621304509699e-03
2.556327058163355807e-03
2.493068851431283744e-03
2.284132156776213455e-03
2.508429592274438649e-03
2.276389202729226825e-03
2.382631797459507355e-03
2.510386035789792004e-03
2.549733320963717183e-03
2.447380231932163447e-03
2.378365954069266205e-03
2.374281839391679215e-03
2.239063523247464358e-03
2.481349681273994998e-03
2.293956173121882922e-03
2.372576918619646435e-03
2.521613458905406970e-03
2.361968435480798871e-03
2.272476674228886967e-03
2.275935377799119010e-03
2.369584419290678232e-03
2.276597178900865472e-03
2.383242058188544954e-03
2.449971452842465355e-03
2.323977210235029112e-03
2.224355490550473848e-03
2.346174535366734801e-03
2.594839831229765401e-03
2.415948616838825471e-03
2.450755797366461694e-03
2.359469095308526151e-03
2.429225830667710532e-03
2.358404283112136308e-03
2.434641165562560598e-03
2.191176064589087091e-03
2.468509883318974630e-03
2.373138862634962924e-03
2.333364731077818173e-03
2.306833352017887383e-03
2.466380925619161835e-03
2.386960734821248157e-03
2.516157946122124425e-03
2.347835211095799200e-03
2.391388936599720891e-03
2.372567547659873086e-03
2.385301507888475028e-03
2.312430511994096292e-03
2.406733055061460475e-03
2.544141071630038036e-03
2.350313665216843123e-03
2.331122908214845919e-03
2.320850458097497605e-03
2.357971449408888948e-03
2.216934711525701037e-03
2.385216034931838137e-03
2.326647431228602136e-03
2.362645529780970418e-03
2.347562009651043072e-03
2.297059381885119180e-03
2.267872149577018510e-03
2.349672962197733514e-03
2.372909426670689968e-03
2.447510336218396837e-03
2.452907044352667636e-03
2.404545790130910472e-03
2.429987796607945612e-03
2.206841547840764257e-03
2.289547963161535186e-03
2.183143406891125196e-03
2.259823403095551075e-03
2.371584536007732922e-03
2.298490009565675330e-03
2.333509456149093862e-03
2.265361847251844661e-03
2.291219122892111573e-03
2.346650953904798071e-03
2.268626836900209005e-03
2.339867327514211746e-03
2.267855556742494599e-03
2.246513798419613305e-03
2.302211830604665097e-03
2.421659152710116739e-03
2.327110838808569334e-03
2.266067852929888691e-03
2.201359267119495748e-03
2.170692142772152715e-03
2.327780861262352449e-03
2.205914421405101144e-03
2.295722883952899633e-03
2.304746382471421599e-03
2.205278674903932840e-03
2.275162538024336732e-03
2.133506263723931439e-03
2.244374357479165995e-03
2.366655933698435469e-03
2.106220268201809079e-03
2.407568386815591831e-03
2.233915167164978420e-03
2.391518399437568988e-03
2.411246095878493215e-03
2.429530057703573748e-03
2.145580059966701540e-03
2.248935148459519501e-03
2.307846701368849399e-03
2.116632335747699843e-03
2.336465817433815758e-03
2.281947951901183193e-03
2.268693148942116031e-03
2.376629636820849854e-03
2.193894094186674137e-03
1.981983927622648928e-03
2.269504363157313562e-03
2.287707036051040994e-03
2.104696148137483701e-03
2.158832248410292622e-03
2.235966911319066039e-03
2.101294816292684133e-03
2.193973972241841826e-03
2.144756981518675196e-03
2.193690979897936540e-03
2.364959948008584639e-03
2.166192293629186447e-03
2.202722026671040216e-03
2.072658812362392858e-03
2.210061449991499935e-03
2.169658349213191874e-03
2.348053029201699338e-03
2.119314617828972191e-03
2.133639082309905961e-03
2.163709691812921825e-03
2.160023553272256633e-03
2.148939570203325846e-03
2.313130657933861085e-03
2.150499377749854994e-03
2.070241218899751632e-03
2.152843627575535580e-03
2.067408343697466067e-03
2.190709327003328814e-03
2.122121896317375172e-03
2.057727515366869486e-03
2.050992655044414290e-03
1.979776697590712557e-03
2.213287733831967394e-03
2.319247363794891322e-03
2.112935470301169783e-03
2.232644402867490444e-03
2.084377882724241030e-03
2.079019830482911266e-03
2.185996808425866560e-03
2.171870948912702978e-03
2.115855733014037308e-03
1.941372748071697489e-03
2.046295165275636117e-03
2.203776451526980474e-03
2.124980099339393320e-03
2.101920480813299508e-03
2.150662597667086628e-03
2.241226633611690267e-03
2.043140363063244980e-03
2.129185729782599821e-03
1.968769800855659554e-03
2.133230277465354360e-03
1.955033979929616736e-03
2.155477746188436822e-03
2.123649919496943018e-03
2.058210363652749827e-03
2.256830172964685143e-03
2.160280201773622216e-03
2.069785349420572539e-03
2.098006167545666927e-03
2.167107920186611518e-03
2.043761978458205359e-03
1.940912043874693958e-03
2.172286003518853013e-03
2.169197561068987156e-03
2.051472067529361808e-03
1.978655399676064550e-03
2.151013611191287048e-03
1.934823721130669513e-03
2.077461753873019630e-03
2.034215250265359893e-03
2.034103957281648695e-03
1.997298846333386401e-03
2.193280193439224850e-03
2.061998042519394905e-03
2.002220305101138232e-03
2.094893847911158402e-03
2.120225701048125255e-03
2.093821543826342516e-03
2.158605274424634998e-03
2.078806737369024230e-03
1.969975163706307736e-03
2.037581245419301315e-03
2.131003662204400493e-03
2.106283492341013037e-03
2.054307210818032744e-03
1.805627949735740109e-03
2.137014562187158385e-03
2.110350436326507029e-03
1.888761004461642946e-03
2.073616260354270609e-03
1.945840275566125804e-03
2.050794304487332364e-03
2.033154834573340248e-03
2.050575408174513947e-03
2.150312309821884003e-03
2.089357645414287572e-03
2.185424522440432542e-03
1.983225294229695648e-03
2.067474230772980287e-03
2.049334907074987049e-03
2.090891891569152811e-03
2.102424630062048414e-03
2.080185238923653018e-03
1.935248141018999085e-03
2.011728194201903644e-03
2.109176337611491214e-03
2.113756167870803251e-03
2.146019865742488861e-03
2.255504122115959895e-03
2.133591413053861300e-03
2.077082562311579738e-03
1.873302225690293144e-03
2.102004298025065762e-03
2.215539539315683135e-03
1.909611440322772028e-03
1.921416638007541772e-03
2.144313572335071385e-03
2.018262683212571421e-03
1.962554071095053924e-03
1.952278127874731420e-03
1.909595747473628825e-03
1.901939223208541987e-03
1.920630595168128750e-03
1.962954025923288083e-03
1.949052236768285696e-03
2.038629530489276340e-03
2.137827971242537914e-03
2.113982241156694801e-03
1.990629471966349085e-03
2.023562723800963626e-03
2.030632268883739589e-03
1.958741535778244208e-03
2.098604305486616479e-03
1.941664109907613022e-03
2.045337531387061460e-03
2.164993447820317326e-03
1.914277929482391047e-03
2.057029149798930787e-03
2.013464890049074339e-03
2.024768700794714500e-03
2.009410879850589190e-03
1.875713539200832194e-03
1.984650139276315436e-03
2.062593279991939508e-03
1.826258624592748707e-03
1.947516959491884213e-03
1.922527989403275284e-03
1.932202539741992037e-03
1.977277524504137979e-03
1.954795120251449046e-03
2.153585577849234135e-03
2.024087968857402227e-03
2.005355772516263530e-03
1.867824033983200068e-03
2.066162547338045406e-03
1.830748684954885876e-03
1.859410926615047855e-03
1.850501127391288112e-03
2.021877864058832779e-03
1.841563423058014239e-03
1.884787140120356254e-03
2.042791982838462490e-03
1.840028540882551050e-03
2.081958555209581507e-03
1.951310013152175683e-03
2.016255808136655035e-03
1.889333226545660688e-03
1.906793857689593986e-03
2.045156561063542211e-03
1.962874228159910105e-03
2.016952104632169923e-03
1.820633692875680545e-03
2.058146953385820224e-03
1.950676660960325463e-03
2.077531742152226042e-03
1.952616749130873988e-03
2.097896033183670791e-03
1.930121771674086096e-03
2.024723907829604434e-03
1.854926308484397112e-03
1.909299949626650471e-03
1.920355745133089020e-03
1.848633250472061845e-03
2.022748046280610414e-03
2.003883630952552064e-03
1.817200044371305176e-03
1.983359081307538036e-03
1.936721797628385405e-03
2.013114500162425241e-03
1.826898765210767991e-03
1.929178238539364836e-03
1.912930999595585744e-03
2.009990877477387319e-03
1.935100993869910994e-03
1.999536307123117845e-03
1.864590961039759879e-03
1.985750418850029848e-03
1.835582575527587058e-03
1.828642821501019668e-03
1.816126588633237577e-03
1.831822374176269273e-03
1.872455980531050534e-03
1.963753336365796701e-03
1.835865670414386875e-03
1.923071048329266525e-03
1.931222185835075426e-03
1.831624876560002980e-03
1.883829082158194369e-03
2.077609460292120184e-03
1.810606162170976929e-03
1.999547501696778262e-03
1.828392905954875003e-03
1.975180721220302221e-03
1.801108407025361381e-03
1.871375722417652600e-03
2.084248401118391457e-03
1.823760893427792910e-03
1.927679516190429661e-03
1.829936908813455153e-03
1.933792502791091029e-03
1.783125780502722120e-03
1.798799815256143858e-03
1.915197349971656466e-03
1.944246864033520030e-03
2.037412704913881770e-03
1.949560695995048625e-03
1.834511077158595526e-03
1.949429406803400780e-03
1.831613959929588456e-03
1.805349055504737888e-03
1.962330422586569013e-03
1.936017476497070480e-03
1.965982462199039691e-03
1.958499764395069207e-03
1.995186272800329990e-03
1.728882406607179728e-03
1.918694651061335354e-03
1.871719554281729442e-03
1.828896312907925693e-03
1.840045402616308137e-03
1.808915774493739239e-03
2.010201644967945893e-03
1.890022332174096055e-03
1.885076604147804336e-03
1.964734201571606293e-03
1.864234769831831515e-03
2.038576198723733059e-03
1.721474429238415826e-03
1.970482311041972523e-03
1.980993651451419188e-03
1.813843017554539515e-03
1.848829352719666376e-03
1.719970603312702233e-03
1.853993767057548949e-03
1.874656258302849314e-03
1.710343582127734708e-03
1.862837036381826371e-03
1.846505328597409070e-03
2.019910044321211393e-03
1.669909458445445255e-03
1.833571239630867218e-03
1.766310182759474323e-03
1.831543244433742057e-03
1.928617207895561535e-03
1.791420568770367124e-03
1.757370327501123295e-03
1.836297888298373199e-03
1.935550493024509747e-03
1.937676874500617475e-03
1.978761504348130855e-03
1.858186739706632271e-03
1.906703990307477559e-03
1.957605284145223692e-03
1.898057205185584538e-03
1.611826118026066365e-03
1.730817882333703659e-03
1.632677106070139997e-03
1.719802556117694739e-03
1.811532888340226712e-03
1.731828338446469995e-03
1.950548901174600086e-03
1.929940302487312973e-03
1.735374635653275707e-03
1.837578716603216738e-03
1.847668112716411301e-03
1.837557801918193604e-03
1.826475581421159629e-03
1.726379157406635577e-03
1.694051170285450474e-03
1.766586662161109475e-03
1.831481474351169710e-03
1.748123901472895978e-03
1.910053854335879483e-03
1.865792298432632570e-03
1.828458924210990977e-03
1.706415523034871462e-03
1.863829296149180272e-03
1.682951240085514425e-03
1.755960300277718692e-03
1.650023606209292644e-03
1.691290984660300369e-03
1.840564769806982528e-03
1.784790613494489659e-03
1.818377436163302451e-03
1.753526774488907512e-03
1.688703718205788410e-03
1.647014360501201837e-03
1.735447296958665545e-03
1.725013033014026909e-03
1.786441784095084374e-03
1.743132481207163628e-03
1.787317590799439825e-03
1.800319563369327412e-03
1.642228273478252981e-03
1.819101637417465866e-03
1.717214203443090609e-03
1.694070974285545031e-03
1.741987356698717834e-03
1.722524606934711490e-03
1.676003699382713546e-03
1.756897827763001692e-03
1.819138006875735099e-03
1.783048554859867655e-03
1.774089025312106972e-03
1.747555496391429075e-03
1.794862790044827886e-03
1.858577927814665737e-03
1.676797774871927526e-03
1.799457328554754116e-03
1.759056178675697446e-03
1.665396218112415692e-03
1.805140354285368837e-03
1.663110446959776461e-03
1.632921150642883436e-03
1.580527396712409641e-03
1.763075917091616422e-03
1.773146705815411726e-03
1.679776397973185018e-03
1.766994933327447476e-03
1.652530891261110848e-03
1.705147973629789161e-03
1.768521688621555723e-03
1.739287591290102552e-03
1.710036630811073580e-03
1.636500841284237520e-03
1.597153424843149837e-03
1.623489323196871921e-03
1.748261257679698194e-03
1.593295343414594285e-03
1.820808265858805172e-03
1.589468660141927364e-03
1.752638860434739673e-03
1.875426260879986366e-03
1.722783682480187031e-03
1.762775776773402390e-03
1.702790191568941298e-03
1.627377242136675674e-03
1.687352838696039737e-03
1.662178400130384388e-03
1.674630447049827364e-03
1.668862028127064169e-03
1.779505737286952213e-03
1.621970994842584753e-03
1.631008617261653880e-03
1.759020528799987116e-03
1.776944968751813713e-03
1.672957252305165132e-03
1.791689446849243977e-03
1.641977192760962333e-03
1.600199067801919743e-03
1.745571044263166715e-03
1.795456144798036804e-03
1.577933479464724547e-03
1.645043169356231842e-03
1.595353022012233925e-03
1.606579256841178006e-03
1.634572468676720632e-03
1.780902019412207308e-03
1.648321623827401095e-03
1.699603462770367217e-03
1.687771574026966171e-03
1.658049059652743013e-03
1.608495940177001723e-03
1.723733770039774862e-03
1.692414988949528330e-03
1.653687326169443056e-03
1.724216513034787382e-03
1.683177775088590209e-03
1.597695915388112203e-03
1.777185942072415439e-03
1.763213355036353418e-03
1.585261351612195007e-03
1.837097980022667828e-03
1.598090324073928427e-03
1.690865190587297192e-03
1.670252064926523901e-03
1.493048534887094110e-03
1.648940414102244463e-03
1.615772969337264447e-03
1.683226623598314386e-03
1.660315221955922706e-03
1.558296840375616565e-03
1.577510113212504108e-03
1.699939611238989248e-03
1.753091613701286645e-03
1.689569986327284527e-03
1.720737637718738021e-03
1.638513839534874424e-03
1.583120492616734007e-03
1.537525282268183959e-03
1.719411691028437062e-03
1.733367565469879018e-03
1.672244300255774918e-03
1.519463782236730879e-03
1.537116705689759713e-03
1.677066785859785076e-03
1.698990526803832160e-03
1.601757915202695406e-03
1.519165665511854665e-03
1.636250374609973367e-03
1.759530682657511934e-03
1.620570679266733569e-03
1.603829386910558038e-03
1.741103298406511879e-03
1.712101405321780206e-03
1.684333204808085736e-03
1.653466420376619068e-03
1.447891291403694989e-03
1.581235837117073639e-03
1.637412881425114302e-03
1.643807387379381778e-03
1.499382770246890199e-03
1.581671242113021243e-03
1.580764620774546044e-03
1.594876197228083971e-03
1.677441604151622178e-03
1.503532915640121365e-03
1.703646633332663940e-03
1.628747318748119313e-03
1.596285736795473829e-03
1.678355799178922339e-03
1.609541739806256110e-03
1.679029318274096816e-03
1.526688410972700102e-03
1.635607895620035243e-03
1.651200021024934418e-03
1.606927953535893655e-03
1.718261545301540041e-03
1.634135400286682157e-03
1.443685293523472345e-03
1.635770064601547351e-03
1.608610020322278483e-03
1.579077377113268258e-03
1.458189274289058406e-03
1.611062683162746119e-03
1.590488042581526340e-03
1.542619840964774879e-03
1.585469624714896074e-03
1.637697198204239504e-03
1.491184726763965848e-03
1.530295900408721634e-03
1.718117603940585601e-03
1.441011436599811931e-03
1.673689948274773714e-03
1.666696101619136129e-03
1.416621311289140801e-03
1.568419793590046041e-03
1.620557107167135743e-03
1.589335262215000244e-03
1.552201238424784488e-03
1.686644143319921633e-03
1.666024395087041749e-03
1.488246401636629046e-03
1.588483388886864026e-03
1.537526937813234401e-03
1.681937696101923818e-03
1.574926036316500301e-03
1.624015119762228484e-03
1.491898609346285634e-03
1.661888518139269157e-03
1.445529002137043882e-03
1.523978103536499521e-03
1.563697835653167067e-03
1.649984942012701307e-03
1.584989273077226169e-03
1.547168783928037743e-03
1.504846955929665508e-03
1.541207720463847169e-03
1.437390665952132393e-03
1.583852677367939693e-03
1.518869532235613169e-03
1.726962348273821529e-03
1.678270225955277861e-03
1.800649389527358589e-03
1.488332156992037622e-03
1.646612786735388414e-03
1.781348643120699579e-03
1.453542422513267153e-03
1.614075339166100341e-03
1.565922177702755696e-03
1.574802929849475992e-03
1.597597772774916186e-03
1.550914699304424939e-03
1.457930727884688797e-03
1.646567566762250669e-03
1.587550657304028336e-03
1.637392762963585206e-03
1.413239293717872234e-03
1.542218196625342892e-03
1.600056349913572601e-03
1.627039310981514891e-03
1.437156407201863571e-03
1.601271092925262785e-03
1.623050661310403370e-03
1.502878837214538608e-03
1.633262960929384583e-03
1.553805490368320719e-03
1.562555356608242695e-03
1.689102946056067738e-03
1.514394278432020348e-03
1.623569276608706913e-03
1.389357330279430893e-03
1.491292100600574494e-03
1.531703582189368040e-03
1.512280521615647771e-03
1.711705440271506966e-03
1.537667723085992932e-03
1.598979380394810424e-03
1.441498727967719133e-03
1.533290283305322865e-03
1.546498008645624898e-03
1.580892804064247667e-03
1.424500608500378109e-03
1.576660333754677018e-03
1.504840683205572538e-03
1.504352087140410589e-03
1.507264067480397702e-03
1.597495952012606760e-03
1.523779345141088298e-03
1.500422754036255697e-03
1.569022340685423443e-03
1.523635619840781746e-03
1.535008331521984810e-03
1.609280545461248910e-03
1.448674436693822218e-03
1.499846797193802282e-03
1.613926306890662958e-03
1.491808512416280263e-03
1.530402095722925180e-03
1.522718524262392124e-03
1.514996497648359161e-03
1.614442895123482285e-03
1.415190021542402175e-03
1.605327797252460156e-03
1.480196609474310459e-03
1.327488427903352440e-03
1.581689364272052898e-03
1.536766880923488192e-03
1.519391598903893203e-03
1.473449901155965544e-03
1.466804060407702649e-03
1.587009210333390581e-03
1.416028392542782732e-03
1.410387661925499797e-03
1.550064094781800550e-03
1.512893155663656408e-03
1.405191354046830994e-03
1.603530012417348112e-03
1.589497321206357131e-03
1.541158642442915210e-03
1.381100910367313557e-03
1.549295531626995043e-03
1.486919747212316501e-03
1.389617006675550629e-03
1.457614869977637111e-03
1.442116558759618666e-03
1.418839027953783900e-03
1.515967183597972771e-03
1.433404096420712011e-03
1.472598701626444103e-03
1.405289388134864847e-03
1.476166255314511396e-03
1.535432685770492895e-03
1.543182467509920464e-03
1.465854725417875667e-03
1.478869849109894219e-03
1.625934795189483591e-03
1.418855319156321496e-03
1.433703401687171737e-03
1.483605229435106584e-03
1.610092034055014268e-03
1.666627828691754493e-03
1.474650326758115883e-03
1.482224989646277555e-03
1.431572261686349552e-03
1.561448650551456024e-03
1.464846721801496077e-03
1.430092218239609973e-03
1.476535768195495453e-03
1.511876399959369115e-03
1.476511887040268941e-03
1.462003685257816767e-03
1.538550879920236357e-03
1.370625530782936799e-03
1.503612373106092553e-03
1.590595549883054008e-03
1.547269221590806022e-03
1.526125677237135433e-03
1.505918267948803957e-03
1.428603791086766918e-03
1.494251725595174482e-03
1.542154933169744392e-03
1.439101150383420048e-03
1.439685694857829271e-03
1.419439400275032941e-03
1.409049432420334241e-03
1.460164236209070439e-03
1.417568163170401362e-03
1.440289206261855665e-03
1.514610712764210285e-03
1.403300548805654687e-03
1.455423608911952504e-03
1.362650514483717103e-03
1.547274485720824414e-03
1.446071967473842521e-03
1.382033920095475030e-03
1.420424612897500972e-03
1.317658777841852324e-03
1.470117103678317619e-03
1.434167728435398886e-03
1.417044280977525651e-03
1.371326329381323400e-03
1.488614949684749326e-03
1.488571174920703738e-03
1.415135659259181625e-03
1.422173178484137726e-03
1.487624832483372276e-03
1.385481146420692016e-03
1.396718080389301470e-03
1.455891953119988272e-03
1.444583332178906061e-03
1.414123331825621653e-03
1.527978294961030142e-03
1.413635314821597069e-03
1.424551432451212239e-03
1.369962415350626031e-03
1.378365893495163592e-03
1.426934605778388317e-03
1.466595163508118945e-03
1.408593873631329473e-03
1.303280836498712071e-03
1.419696218531334110e-03
1.435980225181142508e-03
1.376609805893623528e-03
1.321392399595615504e-03
1.442518948643895047e-03
1.439229306923516969e-03
1.316915017733682461e-03
1.335950978880286535e-03
1.465794937899671854e-03
1.340525552389975304e-03
1.329668842536360987e-03
1.460244697795872381e-03
1.488271070891976746e-03
1.419143926383789655e-03
1.419549587123598421e-03
1.356763798856520627e-03
1.323455868684538655e-03
1.546266231531434783e-03
1.520059323361920610e-03
1.344379523167583187e-03
1.308151089621254013e-03
1.389416537323158278e-03
1.352904829280000181e-03
1.383126402991969586e-03
1.371105172725563520e-03
1.528538444142652636e-03
1.363575768677919393e-03
1.457374745276565934e-03
1.346642656281237145e-03
1.390741275730346133e-03
1.561962507790849155e-03
1.408801818739873314e-03
1.405419050499604697e-03
1.409848729073337296e-03
1.331814883790412123e-03
1.282759652707449790e-03
1.339797005726844773e-03
1.428457067684657522e-03
1.368791687923245773e-03
1.353564494041925451e-03
1.338728143281095939e-03
1.359232677733701340e-03
1.402924422733576064e-03
1.462265009379315169e-03
1.484538708156330324e-03
1.433562296553738801e-03
1.307342305078022489e-03
1.360994411418734069e-03
1.514379279858922870e-03
1.368199876526059264e-03
1.303250687346504521e-03
1.384285166800298906e-03
1.375949361734498050e-03
1.474230690897949080e-03
1.501200509390732130e-03
1.356137661656420506e-03
1.454012102627002785e-03
1.291510668981231793e-03
1.371369904357985520e-03
1.415532546033580275e-03
1.303502644575016628e-03
1.390126708497194932e-03
1.458918403721805790e-03
1.370219865197177785e-03
1.302214365921193408e-03
1.351039060621418101e-03
1.297722033855017165e-03
1.337452344558366689e-03
1.432834065488080687e-03
1.398090615829786958e-03
1.480727933285553698e-03
1.502350416430392509e-03
1.284425811048682704e-03
1.494498702839091968e-03
1.350744738482587441e-03
1.373708921817174203e-03
1.354793693503275392e-03
1.354225185292800768e-03
1.326074521957289025e-03
1.381837359307438095e-03
1.505916374306944319e-03
1.287781794014445768e-03
1.403656876609043471e-03
1.389274874376863252e-03
1.309858082648480190e-03
1.390684069504699409e-03
1.395062539631539839e-03
1.278022245221747391e-03
1.226904319584079701e-03
1.420412870243468670e-03
1.249355054225204575e-03
1.434072107283096897e-03
1.218177994848799236e-03
1.347152494871527119e-03
1.291961048370463341e-03
1.277453150211215870e-03
1.443777128392941932e-03
1.302486299668901941e-03
1.345287750296140887e-03
1.393787855143096156e-03
1.450763580376450770e-03
1.472241046955656161e-03
1.412294921167967562e-03
1.415059749785079271e-03
1.246746047953811460e-03
1.388055174815168435e-03
1.375605611559483623e-03
1.245668286145117489e-03
1.450654996264464161e-03
1.310531468024870357e-03
1.254159023064866122e-03
1.252747942265756758e-03
1.365992125747825898e-03
1.399799070364489591e-03
1.366443020562958192e-03
1.323929319834793363e-03
1.351017472897296555e-03
1.364170087619116876e-03
1.305345623591988233e-03
1.480454168417078432e-03
1.403381022840760953e-03
1.231745852383739782e-03
1.321647138648317666e-03
1.410100098964371272e-03
1.349935237636600309e-03
1.330095301634454065e-03
1.298154143040731101e-03
1.379612336026609211e-03
1.357256257824507231e-03
1.353659092323304496e-03
1.453702619890862892e-03
1.403453045279863228e-03
1.368833239446568331e-03
1.385806836886120576e-03
1.359671446114166671e-03
1.421306185381101964e-03
1.415516568055656243e-03
1.398868571524959897e-03
1.253794383913580746e-03
1.345790034375495643e-03
1.394552389873185026e-03
1.356549499402148837e-03
1.193143987672175407e-03
1.335272702139484553e-03
1.362464981891361266e-03
1.286738878679100345e-03
1.282513601724832820e-03
1.234805252719585337e-03
1.259649808027259090e-03
1.363890359760235472e-03
1.183372581511423893e-03
1.331958998004640141e-03
1.309603944906174251e-03
1.342047454535357778e-03
1.286367558575342946e-03
1.257553003431091795e-03
1.316499357407657127e-03
1.333179292244520992e-03
1.234815857456821693e-03
1.281614642148804981e-03
1.281328518432003688e-03
1.245610139673229656e-03
1.274148408839919722e-03
1.170920718974496682e-03
1.316584905884756731e-03
1.323328041776665812e-03
1.303591630339259299e-03
1.269604692377557763e-03
1.507887379009939825e-03
1.265711846822876021e-03
1.312437483593401283e-03
1.255696660495684343e-03
1.271753348633344232e-03
1.323943226865396646e-03
1.314320169268474352e-03
1.276489717523221837e-03
1.374133145281831525e-03
1.278825634539693069e-03
1.288513322505020764e-03
1.233289591209012345e-03
1.315238774452555078e-03
1.176616785119407541e-03
1.244904498652759728e-03
1.309937449756236327e-03
1.344266084011313525e-03
1.435756570975086710e-03
1.242946121252176250e-03
1.266251556029723271e-03
1.316127406467664050e-03
1.275364247764303833e-03
1.316662098653791427e-03
1.229396865713808804e-03
1.210158222787716033e-03
1.238692663801610038e-03
1.261233421839133562e-03
1.269161364152999842e-03
1.291068164159856965e-03
1.246108841661098783e-03
1.272633334048404400e-03
1.286038626361191194e-03
1.213675283406837275e-03
1.293207906542865292e-03
1.246723401828265902e-03
1.255619656682559161e-03
1.256726616736493799e-03
1.328341388856124844e-03
1.249079790818292740e-03
1.289673936809218385e-03
1.278020106251632863e-03
1.277792734598353535e-03
1.268818834423769996e-03
1.275172111039706057e-03
1.160392950479351365e-03
1.262024470546812714e-03
1.256539532961764658e-03
1.365927647231828749e-03
1.364478423132194562e-03
1.204874975211298960e-03
1.348541849764300568e-03
1.234714510421245888e-03
1.377894072113011693e-03
1.270175464845263533e-03
1.365010366236173818e-03
1.181448625887502506e-03
1.292888376092315343e-03
1.338785406756054942e-03
1.129008783937844682e-03
1.280645759933819175e-03
1.240502293601128533e-03
1.351991178797436362e-03
1.182239378074486941e-03
1.263533126349021801e-03
1.300651593961984522e-03
1.244623204717239945e-03
1.320779524875601105e-03
1.287465059163207543e-03
1.210041529733228228e-03
1.293822040285218548e-03
1.297670373108273561e-03
1.292367300141406732e-03
1.227196481247611699e-03
1.284664933724185241e-03
1.210344549021301862e-03
1.322308093030771792e-03
1.165061501617296966e-03
1.277115340125937505e-03
1.181113728906945130e-03
1.318182635320309807e-03
1.248314336536669993e-03
1.270146053884833653e-03
1.186221647336320722e-03
1.166332298856120799e-03
1.295772332069668577e-03
1.224432480262784310e-03
1.240836158987895484e-03
1.318374505600783441e-03
1.266295552020799478e-03
1.318732246726202813e-03
1.143224908947309540e-03
1.221396017540532421e-03
1.296836820070465307e-03
1.276399654755983482e-03
1.260265427738521682e-03
1.321685382259020188e-03
1.209382199074230139e-03
1.207819212094634991e-03
1.243420622939198344e-03
1.315748509645834697e-03
1.218063441864470492e-03
1.284659142980064698e-03
1.213707103288053308e-03
1.255100714589871096e-03
1.152205542292272615e-03
1.191866766801560158e-03
1.255147972425825487e-03
1.321270072476138629e-03
1.223327149270981391e-03
1.269528023726743896e-03
1.168594342482094130e-03
1.194076587532755165e-03
1.330813785875796214e-03
1.210484186687452125e-03
1.148162646885322533e-03
1.135042224294024711e-03
1.337019564111071495e-03
1.196011301488866287e-03
1.198956747310647329e-03
1.285177520018042493e-03
1.319330810641019874e-03
1.148712783123436191e-03
1.206650737087342417e-03
1.229432784448330649e-03
1.246799977730923175e-03
1.257721505866555081e-03
1.206639868609167467e-03
1.331414922290883587e-03
1.305669102120209394e-03
1.340967941239333203e-03
1.182339823047298850e-03
1.169481714195119487e-03
1.231357004602565272e-03
1.170699064027035064e-03
1.174851711049858510e-03
1.212440819238761857e-03
1.286219026252209728e-03
1.375902723442839516e-03
1.223323427458322763e-03
1.241027767426685366e-03
1.302772855815270431e-03
1.215974255941317276e-03
1.232691299817786435e-03
1.135687796336754809e-03
1.264408019347013209e-03
1.209509889287537594e-03
1.155400416580987157e-03
1.228061489386175374e-03
1.171621314100006715e-03
1.267814470033266135e-03
1.139105432947614457e-03
1.230521951515876769e-03
1.193663480608543603e-03
1.249369818666166499e-03
1.146919311250901938e-03
1.208426336566593463e-03
1.269932778122009409e-03
1.244109285432182417e-03
1.162854248601606806e-03
1.170452883142063163e-03
1.170726807231496896e-03
1.204057572491011542e-03
1.164055065883392486e-03
1.134811007299069011e-03
1.103717837067604620e-03
1.094962180893739980e-03
1.095622006439042530e-03
1.194607738392107097e-03
1.178402505669925906e-03
1.230882218285012444e-03
1.232697098195079284e-03
1.258644944018025378e-03
1.205789300204142224e-03
1.169448167454105068e-03
1.178771198778320742e-03
1.127196698722284039e-03
1.136261068385564310e-03
1.243659042065745676e-03
1.273230310921538060e-03
1.118614576653331402e-03
1.136480895191125046e-03
1.139947186518902198e-03
1.099486723985974466e-03
1.176642845618748514e-03
1.148037454789393183e-03
1.182056853316816635e-03
1.205616748803476756e-03
1.125995858631016842e-03
1.211055321884144933e-03
1.160657990119386054e-03
1.258424447438852636e-03
1.110585192077027548e-03
1.135513352713064372e-03
1.149033931570326347e-03
1.333801458533356594e-03
1.209004107918147143e-03
1.140372106812783618e-03
1.157063340290592855e-03
1.087708617428995682e-03
1.160523806981967254e-03
1.234775578595117586e-03
1.177898253875957722e-03
1.188035218764400304e-03
1.112409599166961239e-03
1.151612472961004337e-03
1.181268325393244108e-03
1.168789350825556695e-03
1.132451489678742030e-03
1.185172715500343180e-03
1.261355428694154205e-03
1.248854579993373837e-03
1.201821656804532472e-03
1.083231201451796688e-03
1.303765718250029680e-03
1.174437413083912092e-03
1.055631393982050126e-03
1.098430245357576336e-03
1.130891635006076555e-03
1.054550056450799566e-03
1.137885305914700844e-03
1.211669588096317375e-03
1.158922595585603135e-03
1.104967585562865659e-03
1.138268738513236681e-03
1.127554727689603683e-03
1.082802209606359943e-03
1.080653171423839529e-03
1.267221083182142397e-03
1.264045256969207730e-03
1.133052749317359524e-03
1.210190032895317423e-03
1.092530152132038064e-03
1.087182473023842006e-03
1.133921621424916924e-03
1.119564110954056032e-03
1.153918320056758744e-03
1.212569798567995297e-03
1.100206810378222917e-03
1.174596448996136902e-03
1.179638348570857505e-03
1.118639467242602730e-03
1.114688142776649842e-03
1.127417272352101941e-03
1.094316635134724887e-03
1.147450013703467343e-03
1.065290073343340936e-03
1.158270148317625415e-03
1.215543675799976662e-03
1.144723944461959429e-03
1.058600151576467125e-03
1.146013460253313522e-03
1.161273957442163522e-03
1.083529876732723055e-03
1.094745348929796564e-03
1.107190468881523535e-03
1.088748177671527940e-03
1.129005862214616310e-03
1.186358197102373689e-03
1.200769609039884249e-03
1.138904418843328555e-03
1.121052950619283797e-03
1.136022178024360865e-03
1.164432251485385868e-03
1.218734501735228848e-03
1.044694483727460739e-03
1.239179963411396425e-03
1.253872150631642852e-03
1.199678134509558035e-03
1.059636867459895883e-03
1.144593281159479552e-03
1.220421221817260052e-03
1.136801433084282196e-03
1.119047097072034406e-03
1.149046810895162137e-03
1.166248052094640605e-03
1.106744168829104126e-03
1.126271865871403743e-03
1.063495987299814842e-03
1.119242664832452655e-03
1.042823340720425629e-03
1.056986961179461970e-03
1.132882735481252926e-03
1.253259071744028310e-03
1.049034783275593378e-03
1.078923039925158527e-03
1.042942856606602102e-03
1.120074396468016169e-03
1.190245802867690231e-03
1.049349362284634785e-03
1.096293348599766595e-03
1.262319840770396258e-03
1.162849047136302978e-03
1.056551137794489769e-03
1.010049348666644227e-03
1.163184255271961171e-03
1.143494340147895635e-03
1.232118116935069195e-03
1.096500581701733909e-03
1.171168652291237943e-03
1.123072707627020697e-03
1.160885746858706562e-03
1.172098413389269971e-03
1.058948390781340541e-03
1.053991824067689086e-03
1.205087412195111028e-03
1.106604112676526927e-03
1.120382973167092545e-03
1.143209486424494065e-03
1.116106754549270027e-03
1.158601061859707666e-03
1.078556384342206761e-03
1.125944625380003025e-03
1.146896676098020781e-03
1.032660909082114839e-03
1.176003282465020458e-03
1.100284570233714832e-03
1.171253795749547339e-03
1.138000913749845008e-03
1.035688032917526230e-03
1.156168702522856898e-03
1.084225991743510958e-03
1.050276600527816871e-03
1.152465507885021018e-03
1.205720452061903938e-03
1.095725461981944537e-03
1.116502777736400141e-03
1.206113781841282664e-03
1.133860428003884277e-03
1.094461418145125861e-03
1.096759088509412141e-03
1.119495079492684869e-03
1.140670607172285201e-03
1.090669680465089280e-03
1.104048924119146492e-03
1.075853655727716145e-03
1.143712840382221782e-03
1.139003012481277057e-03
1.109200333352203119e-03
1.075708053797021831e-03
1.106340409649011472e-03
1.104326480451862415e-03
1.098405757137043814e-03
9.876351001831902478e-04
1.126609594987481363e-03
1.120563352077352500e-03
1.153311250315146395e-03
1.126017558086263607e-03
1.052196979457481517e-03
1.112661507173358030e-03
1.063924129757760255e-03
1.186737046292024892e-03
1.019662953636292285e-03
1.083797007397220048e-03
1.065073347274811053e-03
1.109186673975369724e-03
1.082254533620850357e-03
1.057382093438101163e-03
1.022215489081984693e-03
1.132559348731553613e-03
1.103453777445761964e-03
1.081915575974800973e-03
1.065617120487571566e-03
1.065253021662900586e-03
1.118299382471507923e-03
1.023622289953044721e-03
9.896232121133457897e-04
1.100078145231917848e-03
1.010109019357773334e-03
1.086374677594013644e-03
1.162295113108038165e-03
1.087580773703375773e-03
1.083018631723743240e-03
1.059394967323618953e-03
1.068608020691778774e-03
1.081529282022732769e-03
1.107585465570075237e-03
1.183126592365225938e-03
9.893482351877179622e-04
1.123623703946833793e-03
9.840340833978480396e-04
1.132183397791598203e-03
1.030906426428745450e-03
1.044266676953923764e-03
1.095027465927132532e-03
1.021640550325740799e-03
1.137085590106725773e-03
1.025478581537566172e-03
1.047608056971787967e-03
1.137210505598233463e-03
1.039267035004440504e-03
9.945871536149266702e-04
1.059102610855086916e-03
1.093856731320027795e-03
1.101605308718340030e-03
1.013773991060688742e-03
9.921803773275904553e-04
1.143134055902207636e-03
9.714691086199126304e-04
1.083913662539616202e-03
1.067527634090621996e-03
1.027110114758978711e-03
1.032973113700592308e-03
1.059239272213430196e-03
1.095708759557850786e-03
1.077875150504690148e-03
1.057350293237389535e-03
9.339914461471281485e-04
1.035189790976232156e-03
1.141104552989835120e-03
1.056219192223994052e-03
1.037561030636158753e-03
1.006129350915482140e-03
1.131723817347487062e-03
1.163203431018670648e-03
1.087811347567182226e-03
1.061384391967115735e-03
1.057043827061700941e-03
1.021060286050570233e-03
1.092515862279337625e-03
1.002246379707765487e-03
9.974257425361965097e-04
1.061513077465177975e-03
1.032267377524706282e-03
9.846514079826335867e-04
9.984035736044266814e-04
1.035133399566509800e-03
1.144814987608054873e-03
1.048826603833525814e-03
1.032460483666221241e-03
1.092945332305438489e-03
9.790658989361877406e-04
1.037105959252804547e-03
9.883899983773548545e-04
1.166262363313979320e-03
1.092989566863782416e-03
1.094891123131144133e-03
1.168617831444889983e-03
1.009832134060131706e-03
1.012567154878542307e-03
9.849106926958623408e-04
1.082563556972506672e-03
1.025368641164886834e-03
1.023858576438776806e-03
9.566043508422742911e-04
1.113586711401454848e-03
1.054147287013922464e-03
9.755637915713958165e-04
1.023278317579030643e-03
9.841708393387245315e-04
9.905200740275602826e-04
1.078777877101806931e-03
9.989289006512307341e-04
1.066831567222779453e-03
1.070040458024925029e-03
1.053060582796075915e-03
9.884983847152943245e-04
1.072468620907046297e-03
9.390095413189772540e-04
1.014527702741081783e-03
1.080496808437316457e-03
9.708014380119001649e-04
1.036908428532626499e-03
1.114055561095177995e-03
9.792913195201618203e-04
9.749651117488223814e-04
9.847284543960577088e-04
1.002725383124639970e-03
1.020266780227476302e-03
9.941235147559234018e-04
1.164378115641602181e-03
9.921311911366634002e-04
9.669469507271409971e-04
1.055127469539359538e-03
1.047688099707873863e-03
1.045299788015577672e-03
1.001311572747765619e-03
9.891303696841072853e-04
9.865856754731608044e-04
1.036899535335936368e-03
1.050942790152893007e-03
9.752348405921543216e-04
1.086635469311013086e-03
1.012246330865454241e-03
1.027566458173812414e-03
1.026495848176624086e-03
1.018529915533931659e-03
9.985283550553770721e-04
9.595848529575226257e-04
1.028849594822132171e-03
1.042978220217669364e-03
1.040295448823928435e-03
1.058422112977810319e-03
9.935295690026990645e-04
1.035298761777963877e-03
9.381475961097816146e-04
1.105162390286231096e-03
1.009843635276767675e-03
1.055530896706713276e-03
9.794891569356071418e-04
1.006659640311755900e-03
9.987867999852397156e-04
1.040483372628619183e-03
9.207949402968427285e-04
9.633466055828980796e-04
1.084108905404117642e-03
9.607142618376507274e-04
9.959046987747654112e-04
1.003725478088832212e-03
1.043147990505934345e-03
9.867587093637722722e-04
1.013448869557799590e-03
1.071077132584834094e-03
1.105046135118626510e-03
9.174841961533818264e-04
1.086970005368415818e-03
9.922886275865595677e-04
9.826415075095535061e-04
1.008464010803090125e-03
1.028707368703778028e-03
9.719166980849720675e-04
1.084519515787466708e-03
1.087678739201435648e-03
1.008120898797504675e-03
1.057488699360797663e-03
1.016247329622275942e-03
9.923821260610728081e-04
9.611415912897477336e-04
1.042626991684558963e-03
9.746534435797738448e-04
9.668511652620871265e-04
9.640368074501264387e-04
1.049356844010250998e-03
9.752492689402403846e-04
1.011652004353464675e-03
1.095405520121313240e-03
9.787282974290955652e-04
1.046277483342789374e-03
9.532140260738583212e-04
1.038132370678885794e-03
1.031867808651583743e-03
9.421718348180048745e-04
9.825877025509543051e-04
1.054390586513664126e-03
9.195033851654755858e-04
9.664658919250212641e-04
1.024031666349443188e-03
9.620622809467098717e-04
1.002425904572001219e-03
9.573197787381694220e-04
1.020074940722662032e-03
9.228184670008755244e-04
8.627996554143905431e-04
9.960962718216898569e-04
9.434501353235404337e-04
9.658570560810012581e-04
9.612250108971590566e-04
1.027699212891327804e-03
1.027975743535880634e-03
1.076373764970150202e-03
9.747127327048923928e-04
9.478719169291717830e-04
9.378356867962842677e-04
9.316022706963676811e-04
1.128694786116483939e-03
9.863877383881770183e-04
1.040308011314491216e-03
9.992346782225908219e-04
1.059001097305764744e-03
9.985006395475727083e-04
1.026680949161965471e-03
1.009186367243949034e-03
9.907740396144116158e-04
9.738068265198702523e-04
9.158667209428790609e-04
9.087386579565617101e-04
1.078438561067590964e-03
1.109582211970440782e-03
9.034664424991932247e-04
9.270291889993273688e-04
9.911321185368934458e-04
1.018929066418192576e-03
9.647170395493762790e-04
9.974986976429775498e-04
1.041707623829093207e-03
1.023363205126484165e-03
1.030681444339932992e-03
9.866192565075521722e-04
9.603772898155390775e-04
9.441576789429547475e-04
1.047958880178267603e-03
9.887155903608175599e-04
9.694886577336173658e-04
9.667379014885528173e-04
9.418994004719230409e-04
9.504446687720703247e-04
1.061761157853171765e-03
1.007218144708574379e-03
9.923237275188225622e-04
9.913154562366272449e-04
1.017058588716625517e-03
9.800293132660674832e-04
9.021242008795238689e-04
1.062062214529484790e-03
9.775337836811198288e-04
9.624700082341133616e-04
8.837252297842528503e-04
9.278574548069052751e-04
9.501299694589849555e-04
1.010838721969683053e-03
8.879714131196193372e-04
1.061651485218416272e-03
9.045443260233284157e-04
1.024801290642511024e-03
9.476894814778381079e-04
9.716040910074287421e-04
9.928135179385210070e-04
9.491362816430028116e-04
9.559274425368767970e-04
9.187420745328250685e-04
8.652699134949257522e-04
9.709502981869096725e-04
1.039452396479458376e-03
9.644214608502464474e-04
8.435538095652157873e-04
9.396278628606848744e-04
9.494445696563225730e-04
9.355363930861949374e-04
9.831383073393949734e-04
9.338845261396537143e-04
1.000788954695568545e-03
9.743020221720399441e-04
9.450648344661626357e-04
9.968932652511658648e-04
1.074413323553914971e-03
9.597577804447853965e-04
9.150497274198768566e-04
9.697596809792436399e-04
9.226911076806858800e-04
9.284831527097994709e-04
9.367484336124432031e-04
9.687909172354633360e-04
9.578525701309101780e-04
9.580451247521038632e-04
9.477688714898900016e-04
9.945012572084067654e-04
9.343849068664279982e-04
1.010988403261496018e-03
9.839741061935193458e-04
9.846088543824936708e-04
9.317181309729679305e-04
9.687060337111979549e-04
9.908026159903969739e-04
9.925985006210510421e-04
9.601889011173936513e-04
9.799858801478797659e-04
9.432340765587756380e-04
1.002637347722199141e-03
9.023724119955272389e-04
8.736361827886601934e-04
9.180115328472458628e-04
9.756673070479920072e-04
9.526646523256161432e-04
9.763918408310896064e-04
9.422643454688316590e-04
9.137339727912186871e-04
9.914973758307988119e-04
9.339841319838823814e-04
8.634717619495221267e-04
9.809276244542824812e-04
9.441687110558987352e-04
9.226488783373508560e-04
9.078645699785699644e-04
9.775828414908122044e-04
9.260299444769470433e-04
8.930046930148149986e-04
9.789485132895136416e-04
9.315390089810577593e-04
8.917215867559434702e-04
9.597825933031192604e-04
9.056815248744710120e-04
9.724750152248277891e-04
9.699455630327427679e-04
9.844158446639934661e-04
9.779100808347390966e-04
9.618832051180259369e-04
8.646564935890733647e-04
9.160696913866120655e-04
9.125241797460566413e-04
9.225738533344803255e-04
9.013506794286316095e-04
9.390562040169392636e-04
8.533870211778370922e-04
8.353742401020903922e-04
8.946239357901780839e-04
9.196045414465178021e-04
9.668786968802702952e-04
9.583606972306735932e-04
1.004214215491254416e-03
9.097243906573947722e-04
9.585121960798780429e-04
9.377735238234005980e-04
8.327416147618738008e-04
9.868987137619611525e-04
9.493643428485235101e-04
9.053334959227930931e-04
9.782367384043554048e-04
9.266598966794930593e-04
9.151908363871950414e-04
9.121006027384961565e-04
9.292774281659584718e-04
9.097237126924578692e-04
9.509245935532864005e-04
9.779000052082705268e-04
8.809501884003023307e-04
9.873353308951422248e-04
9.183666168681308990e-04
9.259310436459226596e-04
8.322571059045728555e-04
9.218448979443004095e-04
9.421932375725328504e-04
9.708829932394383473e-04
8.441716950625922315e-04
8.984195615995984414e-04
9.128194236277042484e-04
9.511966540391822607e-04
9.910381260500250936e-04
9.543925244849336530e-04
9.514314890351302945e-04
9.767122803668708015e-04
9.588902353911815928e-04
9.382075916492720394e-04
8.963822960671244140e-04
1.042052223804839587e-03
9.378205811985499156e-04
9.549466499438626467e-04
9.437721949777856017e-04
9.616899556510571500e-04
9.358887696443683735e-04
9.481331379293733101e-04
1.009788247950208504e-03
9.753053048643234432e-04
9.754463876192096634e-04
9.266621568112943901e-04
1.024000139073544301e-03
9.069792653180901209e-04
9.122180340670354472e-04
9.163531329347453106e-04
9.543228383271241521e-04
8.772277731309194825e-04
9.720502456078502660e-04
9.497655961394505051e-04
9.004317964771819905e-04
9.367319149131766868e-04
8.468004122167252555e-04
9.563205458221956876e-04
8.329323841982768034e-04
9.363653851111702594e-04
8.124412423812227410e-04
9.162147981487748756e-04
9.202777443989289437e-04
1.017602948145721704e-03
9.394135175758355424e-04
8.957694417110273824e-04
9.585079218725649827e-04
8.680702543081364811e-04
9.707140594355337685e-04
8.466172109190865875e-04
9.232420874895297348e-04
9.798730515199851384e-04
8.954738374190309661e-04
9.016031840061145518e-04
8.805043314841876989e-04
9.454685417120778455e-04
9.144453863515352408e-04
9.541515318820159488e-04
9.120393164804017948e-04
9.962062318122867285e-04
8.632341068454316407e-04
9.383396159676713486e-04
9.196381523235238773e-04
9.109854724920652281e-04
9.451274153989109401e-04
9.287280956267251553e-04
8.748896755990185747e-04
8.291208294265654376e-04
9.628632874656517602e-04
9.310125216249961772e-04
1.004762737636270831e-03
9.344573861141822679e-04
8.704646085373794967e-04
9.405338974238316605e-04
9.165031471776494522e-04
9.320705176464093647e-04
8.955138842064284694e-04
9.016269962742054847e-04
9.662405326960957219e-04
8.465532101004829071e-04
9.239461659250586658e-04
8.962555500224463068e-04
9.017402142142325570e-04
9.134065226283070212e-04
9.483270378821210536e-04
8.963924551199341229e-04
8.614163107545616711e-04
9.215641146314663620e-04
8.935361025485643715e-04
9.835281629649774565e-04
9.350421963039451823e-04
9.000070387711982516e-04
9.354826530705654666e-04
8.734973415504800531e-04
8.183423441650072632e-04
9.424230724524680289e-04
9.086377957544705718e-04
8.856733801795433529e-04
9.587788849703173790e-04
9.299486037242772705e-04
8.934087564098215466e-04
9.369935048963876165e-04
8.326856364137590408e-04
8.886250750479428870e-04
9.315819918362112624e-04
9.329139403602724557e-04
9.072562730514377449e-04
9.876165504902993664e-04
8.690302557243881907e-04
9.218169037361519927e-04
8.335884836266824454e-04
8.859327417404673066e-04
9.540560226221691132e-04
8.964553623607766876e-04
9.045682851356184754e-04
8.221731810203618306e-04
8.934207405505400741e-04
8.558884289163498811e-04
8.570516636498132224e-04
9.347888111652441143e-04
8.650308748349356440e-04
9.395887673457602738e-04
9.316639082361751791e-04
8.849474098678521920e-04
9.233258029116183903e-04
9.757648931243593582e-04
9.599906539502122077e-04
8.625356171496534243e-04
9.628466012071704768e-04
9.330461948218566563e-04
1.035396637470572482e-03
9.376877711489760379e-04
8.302224052347318729e-04
9.444929675301933425e-04
8.697988930606861350e-04
9.290845709565662570e-04
9.321922951343953115e-04
9.335128006744174492e-04
9.591149085595561006e-04
9.739259842435692930e-04
9.134027025039362152e-04
9.483392052229870162e-04
8.887074177076534874e-04
7.929359280064900498e-04
8.489636895117259234e-04
9.225539787058174542e-04
9.004359486639821079e-04
1.016151899307654247e-03
9.319532901063080216e-04
9.149483087497122750e-04
8.685447079500569325e-04
9.142134506456154252e-04
8.592790684470422071e-04
9.301061333333549789e-04
9.161167895824220368e-04
9.009838043736632203e-04
8.781875442784881644e-04
8.343750737898468928e-04
8.810547690058903635e-04
8.402351117274563285e-04
8.792597060733163159e-04
8.871566010596996805e-04
8.309550276841403283e-04
8.501992199398732217e-04
8.492987842807706023e-04
9.256389578505633004e-04
9.365376309936250619e-04
8.051964281959981835e-04
8.692662522959308325e-04
8.010172087179412643e-04
9.673791055312456165e-04
9.066506794023791380e-04
8.479324091235646964e-04
9.077725924823560862e-04
1.013452979120862052e-03
7.690910772189186095e-04
9.425580461766791497e-04
8.449381847298276195e-04
9.676604101631260807e-04
8.521327543288868085e-04
9.278543251104158941e-04
8.514882959347030295e-04
8.076968132462965851e-04
8.520908645937047988e-04
8.775013686462532127e-04
9.353232606675255991e-04
8.814739326102565128e-04
8.900132004595083047e-04
9.007102073839604690e-04
8.796208289373319816e-04
8.627139361158782599e-04
8.586653113346524955e-04
8.758350891925387096e-04
8.732363400764804303e-04
8.405449751448221306e-04
8.418852799836485778e-04
8.826758469109176721e-04
8.064698254879991163e-04
9.451001348649187535e-04
8.986174862505567386e-04
9.318921075200472560e-04
8.411153632315325522e-04
9.266533530924121265e-04
9.360355545054860078e-04
9.127038722519262379e-04
8.744642867502939012e-04
8.523312105971261182e-04
8.981300256448487883e-04
9.004245847432084272e-04
9.029008109663520061e-04
9.004564665998359167e-04
8.085595918473389683e-04
8.616511576342244204e-04
8.810246919820404615e-04
7.765858343944484921e-04
9.246493759578276305e-04
9.170422478587987722e-04
8.826908502295942966e-04
8.420308821593337680e-04
8.443415694934228773e-04
8.175218032330422348e-04
8.488049210985560301e-04
8.986339924339512356e-04
9.614296181287860848e-04
8.946382247847945194e-04
8.088556567309220652e-04
8.431670370475708755e-04
8.719806653014213317e-04
8.509392847620722046e-04
9.089302723761207492e-04
8.957595952905022087e-04
9.771471826596552380e-04
9.394582528417034150e-04
8.541379056475177384e-04
8.450642324856188353e-04
8.614517275660858861e-04
8.924583236893382987e-04
8.538457707577741139e-04
8.330995722681215762e-04
8.881127688588871848e-04
8.173124022192737809e-04
8.688745418899080026e-04
8.239049252769306813e-04
8.773597510772038763e-04
7.903596508687127939e-04
8.408009180211404969e-04
9.206812899642145484e-04
8.603681369217245278e-04
8.559326338827695198e-04
8.230608734014663004e-04
8.116497442904401600e-04
8.283070421280376268e-04
8.434878329595097129e-04
8.462345252865608467e-04
9.081495660073659985e-04
8.512692925051305610e-04
9.386221655507439709e-04
8.332717605447790762e-04
8.467505834310369442e-04
8.202563917046544993e-04
8.680491333193192036e-04
8.532087566912229665e-04
8.968810283202202811e-04
8.704041717053380683e-04
8.890210755670166585e-04
8.481345979405391583e-04
8.830769077556862657e-04
8.401346054584241498e-04
9.880156487199489267e-04
8.899517509878997331e-04
8.722027238753383418e-04
8.403079898999905265e-04
9.086672719182621507e-04
8.612870591036864316e-04
7.785940903418380344e-04
8.712418210248864528e-04
8.545676260211561162e-04
8.272997762074508349e-04
8.611664246240815709e-04
8.922107428500044343e-04
7.880971554985625668e-04
8.752832617345909522e-04
8.799554925491323131e-04
9.262283506684791407e-04
8.323074447992905110e-04
8.028128992219745212e-04
8.062899573682935465e-04
8.661944057896957174e-04
8.673523718588705723e-04
8.733105328231955842e-04
8.061074162991385249e-04
7.910962780714037154e-04
8.779053480352664099e-04
9.132872794514455307e-04
8.851575023263572907e-04
8.556701136337158250e-04
8.785165482969292108e-04
8.528313085743122277e-04
8.085376598959342432e-04
8.702813392552357589e-04
7.795729011398893488e-04
8.664930499203494021e-04
8.129457877770018652e-04
8.692135059108032410e-04
8.277096288130279464e-04
8.648486134713333955e-04
8.661186483047608178e-04
8.054875499380980113e-04
8.677988329079317810e-04
8.146319513152895783e-04
8.197305011208659000e-04
8.498052739564973795e-04
8.912144451618603724e-04
8.725254249939164413e-04
7.710678631233367549e-04
8.426086433840079696e-04
8.121570269150840769e-04
7.769693698267737727e-04
8.733460757876714909e-04
8.769591490724428298e-04
8.707752496519964060e-04
8.526092340973614450e-04
8.334315886404032765e-04
8.235466440147279181e-04
7.693692755763339953e-04
8.050473573782179803e-04
8.758504525077869494e-04
8.082572971056860246e-04
8.860072115601239822e-04
7.832532096839399469e-04
8.574738108836104560e-04
8.581814497776324175e-04
8.384639489654395527e-04
8.243731716326349601e-04
7.635014098352126220e-04
8.411600126278035100e-04
8.520147734968817844e-04
8.230292916788286292e-04
8.879419780685151231e-04
7.959709891968689589e-04
8.920538137141541821e-04
8.562473188857870014e-04
8.436968561803570880e-04
8.406796399207456172e-04
8.678578225814964978e-04
8.340445904623562407e-04
8.650197377821353725e-04
8.560037668339752623e-04
9.698168399877393851e-04
8.571944778570166849e-04
7.917821442268976667e-04
8.187007258594974045e-04
8.028379284009938164e-04
8.113691703648762219e-04
8.365965619308953676e-04
8.372441490742431932e-04
8.416245526607175551e-04
7.322028066698100992e-04
8.319593221382967857e-04
8.109510077730986474e-04
7.911159246055419819e-04
8.195145414343965855e-04
8.677164548089323073e-04
8.689842436020119888e-04
7.553885579319005077e-04
7.684190581297321507e-04
8.546359488429556683e-04
8.687056794706286313e-04
7.690664989669063114e-04
7.837593205694698157e-04
8.394236188694984566e-04
8.334419173030274599e-04
8.659137157144720107e-04
9.123762378248953097e-04
7.768410180137178076e-04
8.246871401574141580e-04
7.748868392838419899e-04
8.025652745003110291e-04
8.685293766510509975e-04
8.270421323187001055e-04
8.394579217008094757e-04
8.311883019937241473e-04
8.906279001990720324e-04
8.030133579123788700e-04
7.867521015358794681e-04
8.155736992732874873e-04
8.779359764399937913e-04
7.842346369272661100e-04
7.971932885865183659e-04
8.516177933247252906e-04
7.720936953180968908e-04
7.581224699116834208e-04
8.060479211486305199e-04
9.361938382780683656e-04
7.979078999923355829e-04
7.545512211687432653e-04
7.975966980545704443e-04
8.481336138649509969e-04
8.434706936458239660e-04
8.424390470165213753e-04
7.844895938294875123e-04
7.637717301296094441e-04
8.600047641519894485e-04
8.171396085957761349e-04
7.809365126996065977e-04
7.470493746424074384e-04
7.891765996335587839e-04
8.170426459191922931e-04
8.029923430031946259e-04
8.093708264457088629e-04
8.159362341623942975e-04
7.957923755616039783e-04
8.196406795159251425e-04
8.481210332640799331e-04
7.984042072854851714e-04
8.709621801340091361e-04
8.399678955482434758e-04
9.370965733096895452e-04
8.200438747649460352e-04
7.745286886231690345e-04
8.282528327353194187e-04
7.912268212393091041e-04
8.821383208343754273e-04
7.774918609669738759e-04
7.820531787115951117e-04
8.026619902727858422e-04
7.713243337828049875e-04
8.112628316514189407e-04
8.236031804321477471e-04
7.970629606763728362e-04
8.896885567708089516e-04
8.409623450256129007e-04
8.443222118525374638e-04
8.425763160780276205e-04
7.986365859458696530e-04
8.089237448966222696e-04
7.594379312552756523e-04
8.849447079480102490e-04
7.961851744077729810e-04
8.610819709649621644e-04
8.129185410737273113e-04
8.159973416966346919e-04
7.889530171589331353e-04
7.647010039695081082e-04
7.917276413694932045e-04
8.518499000662797631e-04
7.399857047232344907e-04
8.675707181306144527e-04
7.980518351265996355e-04
7.513784213015658195e-04
8.720654316886431584e-04
7.853045896654548257e-04
8.502249451798466178e-04
7.895860131366777253e-04
8.122241708861462246e-04
8.546332308939927694e-04
8.460984836398044093e-04
8.235863278270784838e-04
7.755322919280996418e-04
7.992126191096155614e-04
8.368333914955417572e-04
8.011861386834184372e-04
7.364276513178312673e-04
7.771548272131352910e-04
7.507555452955647557e-04
7.973872703093009716e-04
7.416851512463567588e-04
8.074625757664460239e-04
7.803510143092292402e-04
7.788092589741720667e-04
8.063992065443951552e-04
8.797344904884679467e-04
8.004591137624825084e-04
7.836038327068804580e-04
7.483402722071459375e-04
8.248667953932670377e-04
8.010118665589686980e-04
7.684667523299191583e-04
8.218935366531214363e-04
8.085844146775094483e-04
7.901521175497856807e-04
8.552220225353382790e-04
7.779547106348493318e-04
7.960894229200655460e-04
7.832444143164870405e-04
8.133212283678085920e-04
8.242205856852959089e-04
7.762923001425932204e-04
7.926399776238488839e-04
7.407318586847163287e-04
7.920538475868352723e-04
7.465180271514942120e-04
7.969348908394765238e-04
7.781007265440181928e-04
7.940656177677348024e-04
7.984265562113081064e-04
7.621117450787208295e-04
7.288563769649756760e-04
7.254599513948139719e-04
7.686272953586806810e-04
7.421295395909463695e-04
7.400613279511882069e-04
7.787176431719761323e-04
7.714256290808968117e-04
8.010179017720935263e-04
7.284992933838599230e-04
8.057281294143041643e-04
7.355768630606992348e-04
7.595356592849699176e-04
8.451773802754272659e-04
7.931543229602128426e-04
7.389204107461594222e-04
8.471796180229977831e-04
8.297856874385370687e-04
8.885669680885493506e-04
7.617947479741914727e-04
7.261659083003446299e-04
7.505993341418636068e-04
8.109785452488252160e-04
7.516265350794919210e-04
7.363018629860679926e-04
8.497117308073639077e-04
7.665822276960875979e-04
8.155448423522457593e-04
7.062327246683627489e-04
7.041625242436524339e-04
8.058354948443499297e-04
7.597821301104549325e-04
7.570956840452031317e-04
7.156993235549419328e-04
7.863550180553495082e-04
7.608027577567461151e-04
7.937457872180766387e-04
7.592891509709306496e-04
7.534254050176811268e-04
7.614604867391324425e-04
7.515456489495682922e-04
7.421337422603063510e-04
7.350249411050719392e-04
7.672598811440650007e-04
7.365385908554377250e-04
8.529942388337683401e-04
8.726985616478491990e-04
8.134112780502412467e-04
8.514104160284801477e-04
8.100224994382754359e-04
7.252097948456038201e-04
8.098542965426496366e-04
7.417804312020159774e-04
7.139561697963772279e-04
6.997648427757218945e-04
8.291767772540109809e-04
8.405316125928059563e-04
7.573092435095618623e-04
8.648250125279963825e-04
7.314364988483163009e-04
7.526139139463415258e-04
7.675823723274318496e-04
8.307445059577388269e-04
7.925572525260426602e-04
7.700702303605848602e-04
7.136714545935452392e-04
7.363844051722671317e-04
7.407338550631026091e-04
7.647372064786123452e-04
7.573916041452725999e-04
7.804694135113477739e-04
7.314604014569230095e-04
7.934223607871494039e-04
7.579782025685829734e-04
8.355877775012676267e-04
7.265716422765963484e-04
7.203347453035371939e-04
8.333625268422644025e-04
7.412932446615896724e-04
7.638278530819801824e-04
7.075442388293631335e-04
7.673355283606316793e-04
8.266867460975213088e-04
7.416499561969099952e-04
7.814844227306852421e-04
7.293182520261994560e-04
7.400985315182398092e-04
7.653129089972682784e-04
8.166511524488775757e-04
7.426877055204578236e-04
7.529608501347527429e-04
7.380137123727211791e-04
7.612850587715795083e-04
7.083858571515440393e-04
8.080875679545247497e-04
8.164892460192214830e-04
7.920276620548535916e-04
7.667091670788945233e-04
7.444858702958535293e-04
7.840192773498931090e-04
7.584492433057482856e-04
6.672504863438016940e-04
7.583452087988241551e-04
8.191655936004091235e-04
7.775752091339921011e-04
7.121402105061843107e-04
7.271479882925480955e-04
7.808195081301190152e-04
7.305250454383370017e-04
8.025758392314593162e-04
6.780112200861795977e-04
7.817525624037319079e-04
7.435384492240318562e-04
7.125261405418162504e-04
8.063907293605387981e-04
8.006244411454172850e-04
7.390650392671306839e-04
8.633691474252174402e-04
8.093256843103672224e-04
7.209640931703700101e-04
8.114642615486488634e-04
7.568643866132477053e-04
7.521263541788697059e-04
7.605013074492621367e-04
8.438662530338557777e-04
7.267904660059953470e-04
7.399943256893839940e-04
7.451913839945295071e-04
7.174301876970950835e-04
7.265632886288697764e-04
7.533434903597392100e-04
6.973319116801195627e-04
7.911514147671299584e-04
7.806338979037050338e-04
7.648418366845396218e-04
8.183683156472803220e-04
8.077471705305410126e-04
7.717507370055642999e-04
7.177772975193270552e-04
7.037777217930191740e-04
8.495147520541312079e-04
8.384918264265195766e-04
7.501714905880031616e-04
6.950142376237567008e-04
7.858742193109621767e-04
7.447160657956247839e-04
7.384673158293214926e-04
7.395986894979335226e-04
7.220017270836006848e-04
7.948478024005702514e-04
7.256999552809162250e-04
8.068748663880143503e-04
8.365684503023552900e-04
7.463067116089107606e-04
7.302646007041500506e-04
7.643045006681377460e-04
8.136847514356738411e-04
7.415102555514974103e-04
6.738660449044218308e-04
7.017703269977085311e-04
7.873030265986081296e-04
7.836580610263588903e-04
7.671775193637138911e-04
8.165026151159011231e-04
7.994805817828691498e-04
7.630328962521563344e-04
7.605289273623494625e-04
6.851362393147717019e-04
7.233261822477451541e-04
7.414485726684600904e-04
7.619480122025027108e-04
7.281662898999927179e-04
8.407603356817439783e-04
7.323454834070728574e-04
7.417322590714793768e-04
7.167333308652418852e-04
6.837807311064689197e-04
7.842698569493309225e-04
7.294615653975933690e-04
7.957474472074282847e-04
7.275298291544435433e-04
7.751689994794972284e-04
8.464425278927709302e-04
7.310118251489884688e-04
7.277618236298510077e-04
7.622451603184383657e-04
8.099219111213832147e-04
7.416090247898100233e-04
7.100776827012863840e-04
8.199459828834114710e-04
7.818362963261681932e-04
7.529064424587523802e-04
7.078225637098775917e-04
7.652737962119071863e-04
7.163123577985389340e-04
7.074440346089891753e-04
7.126101081467914582e-04
6.895306066134595981e-04
7.109453121075280180e-04
7.513948363251741081e-04
7.284767479504417444e-04
7.883616015487854029e-04
7.508160184838521059e-04
6.641211608438825310e-04
7.504693247091385111e-04
7.494599257524647666e-04
7.536292802370859415e-04
7.439592761543403722e-04
8.061604053914129230e-04
7.496443113252718171e-04
6.838255621539746218e-04
7.053458627067893784e-04
7.380473256753451207e-04
7.483327461559178585e-04
7.485799054631590713e-04
7.738636248971126393e-04
6.773147438862742349e-04
7.886979804390838568e-04
6.840616740608470919e-04
7.702518098373012856e-04
7.469135758694333931e-04
7.941713131558326283e-04
7.757525467820232997e-04
7.039353157869582571e-04
7.547045827799564845e-04
7.524838898309097737e-04
7.892812679443453891e-04
6.786825323330670633e-04
7.566679446215728412e-04
7.499429513470126391e-04
7.523474471546379681e-04
7.527806518355851682e-04
7.707162590021784943e-04
7.443377470000939146e-04
7.599514853252851976e-04
7.630007060573116900e-04
6.396807635020486946e-04
7.447593102438366999e-04
7.234989982043900673e-04
7.476616758412104116e-04
7.215383338053342607e-04
7.863307097435501877e-04
7.154228548997312561e-04
7.010440275666427129e-04
7.688517412127439344e-04
7.117010172118646595e-04
7.074773510850097813e-04
6.734608036886470658e-04
7.064983856215183980e-04
7.377446178539427343e-04
7.274439024774697433e-04
7.605340195779113337e-04
8.058285860478384827e-04
7.317828319775108049e-04
7.777031043823876390e-04
7.900705735224241352e-04
7.363016145210469739e-04
6.669201303182898961e-04
7.436753225509851184e-04
7.569649479769472106e-04
7.037175688901868825e-04
6.978236135589183835e-04
7.256874298757374706e-04
7.514244340630264014e-04
7.738722276345551872e-04
7.737453017864879970e-04
7.461614508505535733e-04
8.202347709594711572e-04
7.127452547459345051e-04
7.387648883390094930e-04
7.220682056898489144e-04
8.427922986616639533e-04
7.649873338395710718e-04
7.396571008781485093e-04
6.681098263938929421e-04
6.368938985330521371e-04
7.459331157882897112e-04
7.706515197488363273e-04
8.666689178109794698e-04
6.914153756063698116e-04
7.176651040699096257e-04
7.440608343469130121e-04
7.313510414842204488e-04
7.777445309103271209e-04
6.791723894355990252e-04
7.476357381704781596e-04
6.806808946541418074e-04
7.474725980788944624e-04
7.701973111337557208e-04
7.548643348144691741e-04
8.180155113836759181e-04
6.931303978261093212e-04
7.097958816002000043e-04
7.377053244089676375e-04
6.949450318851185500e-04
8.057659034534051402e-04
7.338310554043018076e-04
7.925491296958692014e-04
8.172743383922477034e-04
6.698307417946222034e-04
7.248786352527934913e-04
7.520320087106718582e-04
7.296050650573220834e-04
7.022513173538221312e-04
7.615608042757168739e-04
7.053487694954390036e-04
8.077382027245551439e-04
7.392592917243025153e-04
7.235240045932757585e-04
7.050670099256630243e-04
7.009093747600260655e-04
6.963712297261625628e-04
7.865876913334609059e-04
7.620371185604804662e-04
7.339859770852615907e-04
6.760983097479916640e-04
7.915343186433757786e-04
7.511267001697161149e-04
7.080397098824969034e-04
7.681659397155927906e-04
6.882994074650908203e-04
7.561966508710491093e-04
7.382586861507539362e-04
7.123197911290122305e-04
8.138386689145732508e-04
7.200923362859700753e-04
6.593159032867322491e-04
7.669320740042839379e-04
7.176215163185917147e-04
6.656445012902004969e-04
7.366022948662275102e-04
7.526979474445243991e-04
6.855560805031118065e-04
7.540170263877428490e-04
7.467370469919855282e-04
6.761728249221249159e-04
7.176235862212309788e-04
7.178005177159313150e-04
7.214106027921970369e-04
7.295210863093343646e-04
7.391164319294252260e-04
6.932813571805461180e-04
7.292927369611151628e-04
7.778652422657144141e-04
7.079487039472283274e-04
7.609127427341994291e-04
6.862105805794276644e-04
6.831803033011978792e-04
6.890510306235648683e-04
7.416797823160991340e-04
7.832751835613958446e-04
6.493048325605792507e-04
7.067769881786335360e-04
7.195692082029254760e-04
6.957652521678592836e-04
8.002115841124529585e-04
6.512892978631368160e-04
6.309054066764221026e-04
8.092727245267510808e-04
6.619649014929281788e-04
7.399359802276792410e-04
6.686832553181493210e-04
8.684107660633260707e-04
7.202113603406779842e-04
6.598835487892335634e-04
7.608878924854651105e-04
6.875289214366202229e-04
6.783827183672982075e-04
7.211292335459764356e-04
7.035573878120505390e-04
7.078490791132777561e-04
6.674074766489241761e-04
6.602048940367094207e-04
7.021089836843890514e-04
7.066730131980154903e-04
6.823212923497316102e-04
6.663772114128906727e-04
7.849389219865038521e-04
6.486557772671483653e-04
6.770065621362739063e-04
7.011340842025760769e-04
7.949320160734937033e-04
6.652174531107244619e-04
7.984518208443405676e-04
6.934538213172407968e-04
7.121620711297749380e-04
6.790939339808307971e-04
7.199570652351229864e-04
6.880527693724617679e-04
7.217107354303989525e-04
6.637311200178293118e-04
7.318564878877573425e-04
6.818679323316796962e-04
7.099399224677127107e-04
7.086809954622401431e-04
7.562941874183554862e-04
7.193603657233863056e-04
7.411834041534259713e-04
7.431824825274771767e-04
6.958458582208396125e-04
7.427117719657367343e-04
6.990410222535438063e-04
7.291793344439317969e-04
6.856066972712817915e-04
6.461931754597573848e-04
6.930073546953728321e-04
6.489232277788580926e-04
7.755594425968816629e-04
6.333438596111783244e-04
7.681548510359718961e-04
6.596421549493301653e-04
7.036806497348173112e-04
6.954472247204568401e-04
6.623168701441634618e-04
6.697892333922327935e-04
6.983045517935201245e-04
7.401867289430616101e-04
7.453113860448760996e-04
7.360401027862701435e-04
7.304702127918262511e-04
6.938757350393524566e-04
7.149357344208970202e-04
6.308008789895574011e-04
7.063202006041779902e-04
7.345167447648702714e-04
7.983704093060163412e-04
6.564468303082881444e-04
6.954764286201434945e-04
6.717725819339909633e-04
7.144160936324981835e-04
6.335149233342073300e-04
6.939895127893483092e-04
6.344680644865791736e-04
7.168632004312884120e-04
6.612230361966050206e-04
7.028275122517553888e-04
6.974057724844792781e-04
6.635586193985803507e-04
6.557589291921175553e-04
6.410571344368673442e-04
6.616996247342791420e-04
6.893380183348664543e-04
6.847106437248155807e-04
7.089796172983017656e-04
6.802150539577421018e-04
7.150681893797563617e-04
7.089211165979042353e-04
7.614350686302060953e-04
6.692745029299561202e-04
7.588422195623207136e-04
7.043775532619298224e-04
6.564280132886272760e-04
7.227723152203143668e-04
7.054000300615099377e-04
7.421191478015182717e-04
7.624743476325486881e-04
6.564456881064693406e-04
6.580278206728240164e-04
6.542655179099134263e-04
6.530799962891213921e-04
6.816715604489928916e-04
6.986175406998848319e-04
6.915173260350753479e-04
7.318329333284792496e-04
5.960341535104619979e-04
6.880053649289772245e-04
6.687716525669600747e-04
7.544973888378850909e-04
6.985614642497887808e-04
7.497635213262284675e-04
7.548541066139732988e-04
7.139803181087101816e-04
6.507729841572968722e-04
6.630928220866553688e-04
7.603305587194328407e-04
7.167797762638102466e-04
7.774884942164283141e-04
6.872716965910540855e-04
6.847501598702224494e-04
6.801237912794719925e-04
6.592656753962222640e-04
6.687324753347136542e-04
6.807364322426375522e-04
6.448677511223290795e-04
6.372701855294387110e-04
7.251474094350629897e-04
6.604228013292183942e-04
7.364248162670827434e-04
7.018089135803653837e-04
6.653464063306126393e-04
7.297665286356316535e-04
7.315023317040282623e-04
6.972317664172909390e-04
7.231229804140200217e-04
6.493154469382402417e-04
6.604469001383106485e-04
6.897317748337806467e-04
7.192310796044670872e-04
6.665535177089825219e-04
7.049115925995588479e-04
6.311030343144526924e-04
7.126585997278558297e-04
7.052222806043069664e-04
7.061436295731798353e-04
6.750382390393905871e-04
6.795516919841129407e-04
6.536603265141209974e-04
6.861484859074997063e-04
6.403024060015662794e-04
6.729507471570500554e-04
7.292963925855511361e-04
6.828143764703568539e-04
7.190743681997027086e-04
6.969266436883023684e-04
6.862243998155278342e-04
6.252814649904334110e-04
6.805128323184865720e-04
6.414430252376805480e-04
7.590054869999803694e-04
7.378869392433894331e-04
6.812697057361048357e-04
7.246412664552986244e-04
6.321782648275843996e-04
6.263366520947760870e-04
7.167227334478825469e-04
6.190010529164931188e-04
6.286557988717183338e-04
7.055993764096871700e-04
6.825358734854910332e-04
6.634351428062224476e-04
6.914057658551403442e-04
6.409766691654254604e-04
7.136535961501372502e-04
6.345380079173237268e-04
7.225697225477572486e-04
6.617019412237906380e-04
7.158873461356426212e-04
6.575695876595428731e-04
6.793727977409519912e-04
6.349165748762759407e-04
7.116785972513833174e-04
6.846990233123428178e-04
7.394207175254701022e-04
7.155496302471440811e-04
6.806393369341592024e-04
7.156121085591208046e-04
6.318285234691248947e-04
6.625627394202711091e-04
6.228764086166938300e-04
7.248449502126155016e-04
6.704566305050274665e-04
6.808192574482956885e-04
6.626008792295276766e-04
7.287341903359894615e-04
6.583556971680085525e-04
6.243111729889701603e-04
6.498923711688546620e-04
7.194718069221862520e-04
6.808511976719943369e-04
6.460061345263623479e-04
6.867209877698912017e-04
6.502842132843278042e-04
7.028607882009851957e-04
6.281458094204370179e-04
6.777157565266188691e-04
6.694098977925272117e-04
7.198367743956026127e-04
6.897153760814273178e-04
6.707186708802813932e-04
6.508121695227293661e-04
7.208607068475195688e-04
6.867900922461426388e-04
6.172266112309809927e-04
6.452777211293959795e-04
6.588998746354650816e-04
6.887987536712376294e-04
7.088938569072607970e-04
6.199203064871380104e-04
6.568204380612310779e-04
6.326850131425900076e-04
6.302171549235625588e-04
6.621815452429317180e-04
7.111349458221000955e-04
6.713335552962370299e-04
6.448168034746699223e-04
6.027122653443429999e-04
7.193402487113443331e-04
6.605962153449910276e-04
6.278907938215478636e-04
6.540622480270819050e-04
6.472015711834893130e-04
7.237199050326619323e-04
6.228651334445862260e-04
7.420398996125671673e-04
6.724515509733351151e-04
6.574308980726181967e-04
7.387717616021212581e-04
6.601565870987879470e-04
6.377598156087868923e-04
6.225031389863375751e-04
6.462862169938968487e-04
7.827933790474798708e-04
6.918361585054883921e-04
6.560452491611659404e-04
7.170138029966270513e-04
6.651758525281918676e-04
6.007304006472884064e-04
6.462522620508375643e-04
6.179917440139415198e-04
6.456004060024522241e-04
6.412513936470557244e-04
6.413517739344395041e-04
6.651702383141171139e-04
6.566438478193993697e-04
7.283627507252817207e-04
6.645412231927064423e-04
6.064755316319756211e-04
7.418150055880477637e-04
6.791299869803495495e-04
7.368250460844717221e-04
6.374719560928496622e-04
7.208571263812862820e-04
6.215567530395568144e-04
6.525998311010097535e-04
6.992584274060232447e-04
6.170153483763856283e-04
6.497888441258517847e-04
6.040178760246591588e-04
7.024170268017115599e-04
6.264926272464476850e-04
6.548117463768359219e-04
6.689071660367027763e-04
6.782183745762576698e-04
6.531404593997357797e-04
6.957857283575217362e-04
5.662300589078981226e-04
7.091456773561989092e-04
6.222279979587809788e-04
6.273069623578290607e-04
7.091089736405265615e-04
6.200457217789745370e-04
7.079926150148866271e-04
6.986037215596586003e-04
6.806039170929666744e-04
6.464561543296558311e-04
7.094775219767435366e-04
7.305254579223276505e-04
7.072478568432261862e-04
7.220713448446241210e-04
6.367510957584715352e-04
6.525514319329422334e-04
6.118478587165953339e-04
6.809533309944663026e-04
6.067189262070773028e-04
6.859254109914129840e-04
6.293473379082655406e-04
6.616734008068253297e-04
6.762940785508277618e-04
6.836532409841001830e-04
6.543746387151017432e-04
6.307456084967627899e-04
7.437378237086882376e-04
6.041423654759488790e-04
6.763630645788440377e-04
6.649496319517770064e-04
7.058462846691016500e-04
6.147728008679704398e-04
6.488844824504782930e-04
6.297861830649981825e-04
6.398552669688217700e-04
6.560112371348081730e-04
6.322496537799243872e-04
6.397785456131201403e-04
6.729948330124291105e-04
6.107971916064692435e-04
6.240067771662963529e-04
6.465073347805137989e-04
6.551798842146938509e-04
6.645141951202407663e-04
6.972270160732534300e-04
7.197370622129099782e-04
5.793327337194782971e-04
7.179689929631568289e-04
6.943400208861748388e-04
5.893606541850675892e-04
6.840724214303428585e-04
6.613813157512033435e-04
6.716818459867756773e-04
6.309579679909986874e-04
6.171404951262854204e-04
6.025265132342125457e-04
6.377895394754651021e-04
6.808995448716291532e-04
6.222054596132759558e-04
6.139665592076529177e-04
6.275097863798469264e-04
7.206265201668043052e-04
6.113286888073365391e-04
5.993053374259564884e-04
6.434273879468050154e-04
6.314756107532237600e-04
6.444994310823819053e-04
6.202078826512672947e-04
6.854167119092705734e-04
6.686190475182523163e-04
6.778365018314542328e-04
6.366993517055132478e-04
7.164032121075684933e-04
6.152390848632246926e-04
6.217471012130125485e-04
6.435838754398590404e-04
6.403432526245824178e-04
6.220410018184319503e-04
6.677899729311194714e-04
6.564926437597073819e-04
5.722297890174414970e-04
6.330945457830804667e-04
6.041515893738267978e-04
6.398496706494460852e-04
5.904026009373021609e-04
6.686572890978162344e-04
6.072899721186102249e-04
6.352071440789172456e-04
5.962773805149310710e-04
6.198769087710093986e-04
6.423543030797549064e-04
6.888427674870615906e-04
6.111988967707949636e-04
6.739500356036081524e-04
6.294074749675141172e-04
5.850993748818658418e-04
6.685115868022564137e-04
5.918606275055079925e-04
7.107699859149543701e-04
6.671887648731434283e-04
6.687639605905075892e-04
6.620973279625013948e-04
6.358621716342330353e-04
6.453772492170379953e-04
6.189842980591750464e-04
6.269485358302497469e-04
5.709799287423728258e-04
6.390665148361004922e-04
7.303041513229856967e-04
6.813862423577852871e-04
6.281142665970833143e-04
5.894048653412441597e-04
6.046666791837539568e-04
6.807817508408840279e-04
6.195236269453568197e-04
6.210821469453630100e-04
5.867824103671730705e-04
6.669319217118530561e-04
6.394000655754453937e-04
6.837744561581105820e-04
6.081764520382387492e-04
6.395045121174547202e-04
6.165632634951840989e-04
6.392442449597321528e-04
6.481575417950418902e-04
6.084080119886282499e-04
6.633556775777839408e-04
6.210046220010479769e-04
6.333611068954644137e-04
6.831452075953661556e-04
6.512747793773422580e-04
6.637773458200146035e-04
6.363487465788047592e-04
6.350061587311888085e-04
6.572446520980097838e-04
6.093446241428562664e-04
6.361687001380729499e-04
7.062644266625616851e-04
6.635298766355598749e-04
6.001064457825202626e-04
5.857396290905824126e-04
6.519047537988300212e-04
6.692382727784522293e-04
6.376799077708318565e-04
6.784287561465439419e-04
6.428112593910462625e-04
6.013782289987849557e-04
5.817277024270503180e-04
6.252384221763015873e-04
5.803739368610228095e-04
6.316692198511599139e-04
5.913703577034385090e-04
6.267215431625658200e-04
7.329374095999467535e-04
6.355607869845840202e-04
6.315486570289050288e-04
6.088740666684353377e-04
6.151022162647871864e-04
6.339420262549436092e-04
6.785055776943265489e-04
5.686524766428639613e-04
6.441068696894634328e-04
5.918552175786740083e-04
6.588718929058713127e-04
6.093780726722570389e-04
6.579647446783227268e-04
6.169655073622154181e-04
6.817470023201468044e-04
6.992584734011991201e-04
6.362148008835278624e-04
6.750788539945079937e-04
6.137018926342315299e-04
6.564995017289713616e-04
5.787579119584162829e-04
6.418147064952944413e-04
5.959486030136299222e-04
6.469475319443409363e-04
6.164732417215365362e-04
6.184964112937859845e-04
5.772492853518936462e-04
6.260710125637418931e-04
6.427712047858573146e-04
6.237386042778039937e-04
6.239704353479714896e-04
6.619631315064716240e-04
5.998855099887649570e-04
6.110336565740699362e-04
6.459120587262833901e-04
5.725307306487166818e-04
6.490741394093749129e-04
6.922663361629572548e-04
6.435573205459485134e-04
6.171690846088018299e-04
7.098475661527127055e-04
5.983663663806888322e-04
6.371968517535770956e-04
6.544159987921367673e-04
5.849524506432451790e-04
7.084082403234523255e-04
6.025608836450602581e-04
6.348535275953368865e-04
6.537966495790992769e-04
5.690861379175280984e-04
6.406568688278988129e-04
6.207450808504611124e-04
6.171794841769963824e-04
5.722692382800683439e-04
6.527511740383836652e-04
6.029341196965013654e-04
6.242046318920905753e-04
6.000038714716581780e-04
6.929439663091121636e-04
6.423357384510099306e-04
6.231396804436128978e-04
6.945554568208157876e-04
6.378506728624513305e-04
5.818471537579894418e-04
6.260005982761210645e-04
6.224644085942225655e-04
6.445499090270659804e-04
6.712578854396292509e-04
5.886399450084774630e-04
6.184428858978221945e-04
6.378415542842920697e-04
6.226012444957266948e-04
6.350947287761598637e-04
7.040629438697138150e-04
5.880230788068786839e-04
6.122383998118695672e-04
6.842403158120050413e-04
5.951798559301653283e-04
6.451270228667047371e-04
6.092338455035153314e-04
5.507708724730906412e-04
5.953230842007656417e-04
5.934721635931063458e-04
7.158609178901385916e-04
6.004642595924318494e-04
6.242426888990029515e-04
5.800045401525465638e-04
5.642127615976674435e-04
6.572987196339622916e-04
6.782339307935371722e-04
6.371811803924970659e-04
6.273967986829977845e-04
6.511868379553860647e-04
6.802151756655703792e-04
5.772622057665613860e-04
6.034016536712257005e-04
6.181228400932461909e-04
6.378397240130734150e-04
6.244308075483036551e-04
6.131891817943463819e-04
6.205013374218197337e-04
6.992165135988628833e-04
6.177584646728622982e-04
5.948003341443476458e-04
6.267409571428608252e-04
6.077304219084646644e-04
5.791443214345398703e-04
6.261990998177706120e-04
6.397866333095937217e-04
5.908100766839067186e-04
7.019094803442527813e-04
6.299466335033111590e-04
6.649040981112182757e-04
6.570031373577725877e-04
6.175059233179885443e-04
6.591039901745083260e-04
6.134934129251822226e-04
5.653037597168002843e-04
6.494184722616065794e-04
6.572043029099295525e-04
6.428728199160547085e-04
6.409777120257389733e-04
5.851484599331322313e-04
5.438820006496627047e-04
7.150081350208876410e-04
6.487296713158102485e-04
6.412599973557748254e-04
6.637370088301400338e-04
7.111100395501134420e-04
6.239457839077809089e-04
5.988927547566460282e-04
6.072210180210528769e-04
6.165596606580537936e-04
6.323172775380047012e-04
5.965064628037725298e-04
5.483957038177238522e-04
6.079347638388107487e-04
5.879304219965475866e-04
6.272082767495320123e-04
5.415238277960774792e-04
6.440899601763040586e-04
6.050328834440492831e-04
6.400291010465434952e-04
6.353572969889141695e-04
6.451265544315699799e-04
5.858217847325791977e-04
6.622905168998953398e-04
5.990565234966568767e-04
6.935955133621133197e-04
6.201036285022536003e-04
6.266357864152047189e-04
5.695300958817983272e-04
5.874555617090470791e-04
6.315030054818951584e-04
6.352587378666237940e-04
5.989466246770811615e-04
5.948508319961813258e-04
6.383472942562562350e-04
6.362087748290926829e-04
7.095784593079527709e-04
6.100679302730055995e-04
6.135122366366705217e-04
6.096536936766196570e-04
6.772665841510610088e-04
5.889108443552530311e-04
5.624788059286237952e-04
5.950273946345534769e-04
5.710483555935552506e-04
6.431227596902479781e-04
5.866964379559496583e-04
5.807001940775987931e-04
5.894577382063696672e-04
6.422821177948875469e-04
6.162917294550421992e-04
6.109754413578008221e-04
5.947966950838621874e-04
5.618048733986198695e-04
6.443720155959330089e-04
6.093502646935316722e-04
5.748764513189808748e-04
5.751221375380025395e-04
5.690621568626821935e-04
5.808630328275356507e-04
6.001344645576570970e-04
6.269485205954723316e-04
6.466487760308877635e-04
5.855322146429196937e-04
6.021850200128622257e-04
6.062400229906060242e-04
6.878919265242370434e-04
6.550657290510159859e-04
5.879871620944781326e-04
6.248643306305039181e-04
5.989785157166485413e-04
6.780181472312477682e-04
5.840943869695381816e-04
5.904248247913568325e-04
6.716324902831476542e-04
5.954262986749738872e-04
6.418231813766768316e-04
6.343326164403813089e-04
5.479179007946936983e-04
5.961782819443880261e-04
5.863849004027041258e-04
6.622978271400016244e-04
5.509614734521492158e-04
6.372786960653629203e-04
6.467479224333309244e-04
5.820194087867540389e-04
6.105934389583624836e-04
7.516635873078865307e-04
6.072991804397432801e-04
5.825687444523908968e-04
6.132226386686605649e-04
5.868264407293448739e-04
5.875567001847076688e-04
6.167631426118237075e-04
5.876222782430788518e-04
6.717264809363980051e-04
6.686326389775214523e-04
5.876279061699313721e-04
6.020399981105054466e-04
6.828011561511238480e-04
6.174330445819274735e-04
5.800064537022238918e-04
6.373992107513640334e-04
6.435951368059042313e-04
5.941222632737002459e-04
6.851550896414722053e-04
6.258315190566956067e-04
6.094432661077290453e-04
6.018092111445103205e-04
5.734169533888911494e-04
6.673064432358323658e-04
6.844591407867486876e-04
5.860045278539894632e-04
5.634928017860759732e-04
7.064421449240585902e-04
5.852583375200155844e-04
5.940031550905444224e-04
5.917811617886977729e-04
6.592105905732007203e-04
6.414935892470074487e-04
6.682862945404789527e-04
5.455348180226709479e-04
6.263336225046229038e-04
6.221169987141299826e-04
6.043607581860406096e-04
6.793435063136901968e-04
5.109324011650689034e-04
6.068728892918807483e-04
5.758501729305970721e-04
5.815568273210409934e-04
6.137578568507691965e-04
5.801142945332741357e-04
5.977551055120528152e-04
5.503127427925182070e-04
5.870835304866347257e-04
6.316645174614946489e-04
6.253033497622630024e-04
5.627172273464251190e-04
5.965251212118610627e-04
6.146406485947486118e-04
6.499020556208617025e-04
6.077572020294390786e-04
6.435416947152602235e-04
6.006293314887143926e-04
5.831465311347076028e-04
6.447218656188890770e-04
5.962754314632032248e-04
5.466756409084626333e-04
5.819383069046667710e-04
6.048093657327152607e-04
6.249805684553426085e-04
5.374532733759375749e-04
5.790414417798478127e-04
6.144372892621760736e-04
5.788166107402144874e-04
6.071621973034689850e-04
5.878254548607245427e-04
6.128142347825189925e-04
5.527509383419093461e-04
6.582899461818459254e-04
5.776214164355741258e-04
5.942248421185429433e-04
6.329598605161577832e-04
6.025287358465305880e-04
5.458458895099671917e-04
5.491905312022809117e-04
5.606730086687456566e-04
5.756327009467354086e-04
5.602007787280337270e-04
6.414196662457149079e-04
5.543486146839404381e-04
5.929534022224933892e-04
5.453479639394565297e-04
5.285905713056667345e-04
6.360687875267970800e-04
5.983616524681724261e-04
5.840324495713138326e-04
6.579681444459808785e-04
5.948802429096194987e-04
6.338520383281180930e-04
6.263645552513194461e-04
6.011715119080782719e-04
5.610372427423245207e-04
6.087399137579546779e-04
5.783571161462131363e-04
5.969952114856554980e-04
6.218148344958302322e-04
5.806996977484330923e-04
5.604115522607951714e-04
6.006693240371739021e-04
6.206322825441756407e-04
5.829822403008324107e-04
6.169620275090362607e-04
6.043224446441677498e-04
6.089494443038798339e-04
6.104532486944543035e-04
6.146660514354166218e-04
5.869414950783193811e-04
5.637215774888362568e-04
6.749254310789239066e-04
5.719024811793598125e-04
5.687428774492986686e-04
5.802911726437393969e-04
5.492931873762002364e-04
6.390310702354657464e-04
5.707346482098776342e-04
5.454608988953402139e-04
5.551447856671005337e-04
5.978938280694779533e-04
5.771901550964912003e-04
5.809131528304340309e-04
6.205174392710130190e-04
5.749264454429585782e-04
5.602466897227367446e-04
5.816490490765086454e-04
6.078246057659473589e-04
6.204452018052191960e-04
5.677726306586291854e-04
5.653702252219381481e-04
5.899557959971238720e-04
5.800331393938053985e-04
6.648957780578540217e-04
6.164982094766344352e-04
6.069469552459585320e-04
6.921834572779936518e-04
6.125934359430873282e-04
5.916029742681097560e-04
5.869535864555874101e-04
6.069040448763967765e-04
6.502835682931165390e-04
5.908420774808186959e-04
6.062816209578833840e-04
6.264306007577400814e-04
5.990267787675056764e-04
5.986851169212958380e-04
5.696101494666713696e-04
5.901088148834534620e-04
5.771139889647973996e-04
5.683277389866225274e-04
6.410982620083542421e-04
6.516340008025084526e-04
6.019029652383073303e-04
5.175152093635942453e-04
6.416532333502180047e-04
6.087934457049367677e-04
5.283854623653978441e-04
6.223490367322777155e-04
5.948328477785917940e-04
6.095478641893868231e-04
5.948679281429701494e-04
6.066487799705301076e-04
6.102500326770479233e-04
5.493432423325616664e-04
5.844714984342579871e-04
6.073158602361554024e-04
5.539835589007145256e-04
5.748707477586454794e-04
6.345255703527005482e-04
5.476056744829312572e-04
5.609272003942811571e-04
5.474823318465805565e-04
5.966539248839815160e-04
6.072871351697779058e-04
6.074244890000414857e-04
5.593981007773029656e-04
6.191779213560042383e-04
5.595163790494751040e-04
5.566136070980543015e-04
5.847851426913939577e-04
5.876346027694845722e-04
5.413257073219220061e-04
5.781880654330892729e-04
5.848301022767177443e-04
5.805283866077294141e-04
6.465317925236842593e-04
5.763804744028276032e-04
6.251806262542033629e-04
5.960756853983217038e-04
6.047337542752388240e-04
5.904053525182302196e-04
6.436604461313963658e-04
6.329828076968661279e-04
5.673483153839079711e-04
5.704767591679511503e-04
5.674685723916932968e-04
5.638565978906622759e-04
5.844104496152163113e-04
5.829212095850077940e-04
6.350716180442978875e-04
5.646049799585273199e-04
5.658722209545525390e-04
5.857141609941840044e-04
5.576412423840981401e-04
6.309503594385002532e-04
7.109714199130090072e-04
5.776544195519895406e-04
5.866107679742108049e-04
5.935470824576925169e-04
6.184635832532627215e-04
5.812332278475175560e-04
5.995015753615934436e-04
5.408898602667711400e-04
6.722514277510739395e-04
5.724337168118376557e-04
6.160323477686503301e-04
5.795073066334228019e-04
5.946615013618912569e-04
5.557079172810307655e-04
5.455839187877250303e-04
5.838835623998368720e-04
6.297571679227775658e-04
5.872089711938146932e-04
5.470721406436262037e-04
5.765773469688182523e-04
5.832732368530121761e-04
5.258732457530267048e-04
5.530303115856494622e-04
5.758334267458788559e-04
6.276091133368180133e-04
5.235511667705564868e-04
6.406330184151711252e-04
5.593883179312511686e-04
6.272805476942920708e-04
5.549205091005115099e-04
5.975374139965340843e-04
5.375257357330085481e-04
6.537526930057454113e-04
5.730088783238946942e-04
5.351994159587902897e-04
5.959686242531424477e-04
6.365281095162311819e-04
5.962991549102177958e-04
5.836202213627690160e-04
6.010737347058584716e-04
5.303132726018851056e-04
5.715144607343188238e-04
5.215462771874792517e-04
5.271163641383754851e-04
5.548082429923294418e-04
5.712766252791782714e-04
6.210057779352511510e-04
5.920992749437600441e-04
5.686963031684178242e-04
5.463943240778556566e-04
5.342291325553824664e-04
5.835459155800856897e-04
6.453378400924140957e-04
5.733489084792405118e-04
6.699345768465896599e-04
6.192761622779366240e-04
6.046909372293098528e-04
5.670960682448253787e-04
5.658950689729971969e-04
6.207157125762438696e-04
5.605737983966124684e-04
5.947873856962431144e-04
5.626018948412373800e-04
5.820146715439175351e-04
5.772175097996713224e-04
5.388684941197512644e-04
5.672871267612609710e-04
5.388017651582590120e-04
5.738333721529907628e-04
5.483117103368807897e-04
5.686603697383703663e-04
5.667015102284270753e-04
5.269819498633702927e-04
5.983211452958137576e-04
5.358318676013513982e-04
5.756665316439052915e-04
5.608818648201609582e-04
6.361394631484855759e-04
5.466227282636543228e-04
5.752463833089630895e-04
5.287941235162582762e-04
5.877493944818979257e-04
5.548572028412632803e-04
5.982693208534419198e-04
5.806751434589062190e-04
6.063682441515849415e-04
5.753481774893552930e-04
5.484894338979085827e-04
6.274555743189630082e-04
5.684569356719653159e-04
5.288832489856312236e-04
5.448737472538777793e-04
5.116776405641351418e-04
5.575016736156348032e-04
5.372274262773502626e-04
5.517461411115739088e-04
5.447943457401951831e-04
5.650472455676333388e-04
5.403600668548661900e-04
5.796190099006992601e-04
5.539006980650293573e-04
6.456304482670043639e-04
5.419835945078660096e-04
5.852659620754890055e-04
5.628988780057699124e-04
5.296351162862395151e-04
5.401047076560897778e-04
5.136768469534969388e-04
5.286652013853623735e-04
5.827575399662592503e-04
5.601780848459430315e-04
6.029729523296621912e-04
5.738508431819378886e-04
5.447976316810735188e-04
6.189832166700325348e-04
5.497958340906747331e-04
5.748098008874373338e-04
5.921770015739784071e-04
6.403609062004414834e-04
6.198681252008757985e-04
5.960083089327637869e-04
6.112528776063725104e-04
6.284934748847999285e-04
5.594733928619428486e-04
6.112410729890230265e-04
5.857122326706964630e-04
6.079100888920920638e-04
5.150330043517219181e-04
5.992003115033178598e-04
5.905108963835664767e-04
5.932908685372819237e-04
5.482421740479529165e-04
6.151067025846815436e-04
5.867516462164203746e-04
5.509520311884840392e-04
6.355509906611812605e-04
5.247799102983805768e-04
6.293563167944475232e-04
5.810320641253056409e-04
5.208494933445871741e-04
5.378085351338495303e-04
5.531739720320930651e-04
5.530801750737839853e-04
5.715695823501914683e-04
5.201033916168329874e-04
5.570166017753246882e-04
6.131649072202606391e-04
5.384692113417116795e-04
4.977131862871382725e-04
5.449957549804806348e-04
5.986581262546618494e-04
5.401564110578756413e-04
5.562270741874633141e-04
5.344393818054239166e-04
6.284688904597316404e-04
5.763179202201118264e-04
5.702798171722642424e-04
5.566089590283782983e-04
5.174049998702401603e-04
6.167645272612164642e-04
6.205525067604153325e-04
5.803998242968300093e-04
5.675225301659470511e-04
6.284093140535483785e-04
5.401190890132466808e-04
5.599694316546728395e-04
5.354074892401968627e-04
5.887168362297556671e-04
6.252187846773769788e-04
5.621132250762554206e-04
5.291308881396319854e-04
5.991725425541977786e-04
5.825160568010174936e-04
5.900092862512109487e-04
5.466592874259888378e-04
6.007892520141525040e-04
6.330121271920738932e-04
5.533576587323500067e-04
5.536012091754213696e-04
5.962718477977247073e-04
5.505112828985119638e-04
5.619605960176187430e-04
4.917076128380479683e-04
5.489030966822554085e-04
5.181918689376626948e-04
5.970304008244270563e-04
5.997924966325746165e-04
5.599950657878818502e-04
5.431264442628193530e-04
5.719687679819515343e-04
5.970651526656165073e-04
5.831081235179575144e-04
5.761119522986525056e-04
4.819532463085019944e-04
5.985930430189437875e-04
5.524939285011416790e-04
6.074058756113426445e-04
5.412366414304754184e-04
5.705234359172461737e-04
5.540207200039500273e-04
5.537639824288376937e-04
5.587900178632806058e-04
5.313661179341010914e-04
5.797365304927073462e-04
4.837700511142593754e-04
5.271088808594083996e-04
5.774725150231946541e-04
5.465190636473254504e-04
5.679441978238938989e-04
5.268655713736727182e-04
5.893738798448479354e-04
5.709927656769676679e-04
5.886480193403778160e-04
5.625837866705095131e-04
6.551131141224449204e-04
5.732126826950810494e-04
5.862675109572198021e-04
5.609106588121907499e-04
5.578036642437971719e-04
5.608184359469722434e-04
5.373972032271915906e-04
5.301066413876117734e-04
5.422868316530323612e-04
5.375057462338636268e-04
5.242050608576066329e-04
6.415528070976920507e-04
5.677644312174609433e-04
5.461177153021867748e-04
5.696266200855573886e-04
5.653618498053120675e-04
5.158942066286932452e-04
5.474278151574289318e-04
5.443029709882022575e-04
5.830330405775797616e-04
6.078767270564451380e-04
5.796387604829640865e-04
5.151325274651364153e-04
5.575191417542534359e-04
5.566425687087102120e-04
5.612167242564784818e-04
5.335371633280914464e-04
5.391087160260009175e-04
6.025994992961985651e-04
6.193912205535762223e-04
6.698686723815647096e-04
5.283664648221170516e-04
5.693993136225995169e-04
5.375999600302291829e-04
5.352139229218398500e-04
6.062455823166734443e-04
4.998501590590136070e-04
6.100202264945295836e-04
5.279671749337012682e-04
5.289994538781864946e-04
5.066520661203517207e-04
5.082423537141362180e-04
5.492884748394485667e-04
5.263246788334494108e-04
5.277295528600582999e-04
5.724699024881152020e-04
5.588234685946670425e-04
5.383320987778999036e-04
5.082157348739336361e-04
5.538806331587520747e-04
4.781859881021744123e-04
5.253918313199226753e-04
5.480623664487915435e-04
5.118117227433675778e-04
6.035690656620523818e-04
5.396780393930116718e-04
5.374507250378590412e-04
5.331484658069699260e-04
5.624791412924666110e-04
5.938898298550060071e-04
5.402851971194194691e-04
5.799907443288951315e-04
5.425088948478062369e-04
5.597052674471242025e-04
6.339189192020789525e-04
5.805137986846785640e-04
5.523629991234650953e-04
5.337740284346911140e-04
5.696597057726855489e-04
5.593571412059386702e-04
5.554373438349610335e-04
4.913170770304426923e-04
4.997401227918820592e-04
5.533244963127971787e-04
4.747165076761636132e-04
5.720363337131364936e-04
5.441508389986969866e-04
5.824092776532452170e-04
5.331529461810357098e-04
5.119614962664168628e-04
5.347264792951845038e-04
5.665437390612026178e-04
6.155330293964429928e-04
6.238069586494116676e-04
5.334489411604328513e-04
5.843038573456415218e-04
5.529014657395931159e-04
5.351423829533688385e-04
5.438313939268820448e-04
6.176700259080286116e-04
5.677859243066839387e-04
5.557978486179386340e-04
6.223019278142433120e-04
5.093507378961725438e-04
5.340813243139960666e-04
6.318658328675473990e-04
5.302277270871675772e-04
4.829650620046516520e-04
5.258128895010017855e-04
5.542381280727771845e-04
5.295252084762655303e-04
5.204800462099299025e-04
4.841941775044934369e-04
4.980704945415479921e-04
5.705302064074611922e-04
5.707810348325728297e-04
5.313515632258929014e-04
5.567342475336406384e-04
6.333218918280595928e-04
5.036913686686994227e-04
5.514106338017476377e-04
5.807206569855960900e-04
5.101314278030200447e-04
5.001525429339444577e-04
5.860916355259941993e-04
6.233252877943753394e-04
4.930401543971208844e-04
5.206812838496407839e-04
5.653844545041490990e-04
5.894070028977594147e-04
5.703362222485945914e-04
6.141224789083636355e-04
5.407658019005375264e-04
5.480178694067434648e-04
5.683997520979149022e-04
5.461554840191133004e-04
5.947510849364395259e-04
5.452590321506476821e-04
5.429001099274149587e-04
5.666333080717921239e-04
4.982067247690959285e-04
5.823202736252805229e-04
5.514444923891044254e-04
5.489872633132106662e-04
4.804697010335990878e-04
5.070945772245740541e-04
5.558208863816422934e-04
5.032714704971815931e-04
5.576361461613823936e-04
5.582161986366032018e-04
5.883139681292148468e-04
5.266784005518376170e-04
5.722342852103234814e-04
5.315775836380962766e-04
5.068718214671751997e-04
5.194321390637662633e-04
6.191553839497341248e-04
5.624419048508725108e-04
5.397932978998499706e-04
5.608979247484213726e-04
5.120647787165725703e-04
5.025242931075514291e-04
5.551142118126953110e-04
5.788178244589608709e-04
4.968224164349684937e-04
6.099685171940684002e-04
5.194440545308930211e-04
5.713682743246906170e-04
5.108168733793469083e-04
5.390429510932045120e-04
5.465104076041746393e-04
5.454000380896191621e-04
5.315904197534520193e-04
5.312031609175123367e-04
5.642796158052142174e-04
5.559817669161772535e-04
5.604301296614188624e-04
5.383313040998153904e-04
5.275404134848810534e-04
6.049680402429681364e-04
4.834516525984355537e-04
5.703926611016922393e-04
5.707103710290282366e-04
5.513268719036227465e-04
4.753275569537862566e-04
5.131514143643682233e-04
5.245396754044166126e-04
5.217396926480103586e-04
5.747536744808215674e-04
4.825345810018556877e-04
5.192311285658581443e-04
5.730789737657009716e-04
5.075426121997409206e-04
5.449919195169474883e-04
5.198532229897501709e-04
5.377576359563990141e-04
5.280215656386750504e-04
5.387310823844394152e-04
5.684137754852239223e-04
5.166502490069441959e-04
4.969886601946264717e-04
5.064531510089279346e-04
5.306287217462614999e-04
5.213839101845888771e-04
5.170658100721749586e-04
5.614693168533051908e-04
5.444185105642424319e-04
5.294584546094462368e-04
5.125087523044466638e-04
5.442682069936793455e-04
5.874594507752376946e-04
4.992632846037420562e-04
5.841458719223224273e-04
4.742762677161187343e-04
4.898847813173726716e-04
5.948420970722568570e-04
5.407528347247979924e-04
4.715370342311144794e-04
5.203530064642853618e-04
5.478528649238049259e-04
5.766313425011158770e-04
5.525255964835354156e-04
5.437887133085796479e-04
5.678303879122597849e-04
5.970537347958306852e-04
4.875993349819043214e-04
4.928729114672189679e-04
5.349241316966853394e-04
4.994954530182773786e-04
5.105793572771070337e-04
5.444099557707139138e-04
5.396456546785446126e-04
5.359422754194606477e-04
6.077363441008073065e-04
5.663830382481916705e-04
5.475383469768870838e-04
5.394933813089165635e-04
5.252592353148181209e-04
4.907296150617366463e-04
5.447490598517435410e-04
4.955114310182520340e-04
5.478657323367792454e-04
5.173207929629065329e-04
5.443934056607977086e-04
5.153655829036671169e-04
4.633686508204357644e-04
5.102092186472626965e-04
4.804875692246335568e-04
5.058076722830730058e-04
5.275348744891626912e-04
5.165079559853859390e-04
5.251633888618397958e-04
5.982459970650586250e-04
5.574741157386657988e-04
5.756918981196791326e-04
5.121034307764953932e-04
5.472550376940970478e-04
5.739454017767266561e-04
5.453273129118683645e-04
5.562960152404639079e-04
6.014516307808357928e-04
5.695767846298813815e-04
5.707046065995924995e-04
5.237315594401323934e-04
5.433337142490083640e-04
5.151797792642266553e-04
5.058276959045786801e-04
5.049766957668740987e-04
5.464510635184551338e-04
5.952212507933575970e-04
5.389924689507630609e-04
5.671642832550999238e-04
4.997293458574583128e-04
5.318785686416261423e-04
5.189895403532150545e-04
4.797161600211698033e-04
5.222684206757735072e-04
5.510024394765728438e-04
5.126050227501434192e-04
4.790967635782781165e-04
5.369309836189472759e-04
4.977557164935509119e-04
5.199190341677923819e-04
5.456489014226531325e-04
5.188551878235839751e-04
5.420864182607024401e-04
4.915349621663117532e-04
5.491483515922034389e-04
5.235820565409705571e-04
5.495864667677567358e-04
4.940933760575592524e-04
5.041575134216398158e-04
5.214374304077742288e-04
5.672638098416261931e-04
5.249924009708418745e-04
5.145877556604950588e-04
4.902986702572266877e-04
5.164232274747798017e-04
5.300403836936101558e-04
5.674850243076484018e-04
5.506420912340647409e-04
5.235550819386867224e-04
5.331917388595746763e-04
5.370849473987124962e-04
5.010304493816113147e-04
5.347872619592775132e-04
5.182506530132111522e-04
4.874563916762937642e-04
5.573408728449790470e-04
5.435731770064303409e-04
5.253144835181372367e-04
5.862422007194377635e-04
5.053492795635716088e-04
4.807624833975370892e-04
5.165003247407031102e-04
5.496330373073139231e-04
5.761778623757013223e-04
5.145563483907973287e-04
5.189452254034190599e-04
6.087721237622051740e-04
5.260229867815729163e-04
5.281737091347344943e-04
5.195326812328126317e-04
5.045184066304164282e-04
5.213611027930735572e-04
5.137199192487685142e-04
5.459330534665413808e-04
4.581008919460490512e-04
5.158332951015662769e-04
4.856883096328743149e-04
5.296577753967821565e-04
5.222415757543097913e-04
4.838031948762089090e-04
4.987887941526620433e-04
4.821878222019566071e-04
5.097754378099074316e-04
5.214844673570553013e-04
5.164839036931135946e-04
5.190422524169914379e-04
6.144474251888534799e-04
5.372132762512946613e-04
5.254259818489739149e-04
5.902556512298865648e-04
4.479546269791141624e-04
5.414783539123102334e-04
5.202863375783719525e-04
4.863832633644199618e-04
5.210755676350007108e-04
4.836963363864427200e-04
5.167136210629320100e-04
5.349845837672200692e-04
5.051371684922907699e-04
5.186211757054601983e-04
5.095743316610328900e-04
5.355045013946196312e-04
5.028388864591364820e-04
5.093393901298195461e-04
4.973080097852947698e-04
5.107231477611228181e-04
4.694080545295665065e-04
5.071045012789120177e-04
5.162433963289803735e-04
4.991401501238184549e-04
5.871334382168386752e-04
5.996739351347736557e-04
4.836493695853683896e-04
5.133976658352928978e-04
4.729353258021489425e-04
5.052554995256707459e-04
5.355787392747706193e-04
5.018968442137163423e-04
4.987945776622151493e-04
5.536083121159972482e-04
5.468157373318121173e-04
5.270563389606843126e-04
5.131163261813685749e-04
5.037805107174691882e-04
5.050389657209689845e-04
5.069577564335425853e-04
5.238128368965521862e-04
5.272560205799866435e-04
5.102904887190593030e-04
4.922911028012594281e-04
5.050482972368470266e-04
5.709768381192940759e-04
4.756926450978088828e-04
5.118084837566561421e-04
5.719431373788600196e-04
5.105804969290205636e-04
5.161238911465502750e-04
4.944880944808436804e-04
5.421395006267884726e-04
4.967359632156022158e-04
5.315260819465343492e-04
4.778126386501554772e-04
5.463786529164731988e-04
5.586332944251526638e-04
4.904056705851716656e-04
4.644581674643311433e-04
5.261446536648285190e-04
5.433572813784952197e-04
5.335165936165321698e-04
5.298737368567590271e-04
5.362560216678766232e-04
5.780071397872923750e-04
5.170362904093252915e-04
4.964555053726024117e-04
5.736847433446734448e-04
4.980800293569291343e-04
4.713840497377060719e-04
5.136160693253292737e-04
5.116549282299180093e-04
5.238253190608631316e-04
4.915368584195353155e-04
4.982201644022546784e-04
5.524680872489184545e-04
5.222611705621840522e-04
5.415367579787922674e-04
5.166913939108500140e-04
5.003668823243349320e-04
5.774326328817942907e-04
5.156296719141486478e-04
5.151442593184296171e-04
4.821020904533550788e-04
4.843378929623814956e-04
6.416844272085208420e-04
5.014961928275411904e-04
4.826350109520733712e-04
4.744610094381099307e-04
5.436087389999521647e-04
5.237676214579205670e-04
4.899022535340309681e-04
4.825516773933270949e-04
5.282851685472700820e-04
5.506661515608192361e-04
5.458243191529177276e-04
4.601458684535366436e-04
5.295212524660265199e-04
4.822419083398074026e-04
5.488630714340108534e-04
5.678555919257047713e-04
5.255178309288011107e-04
5.486270009970642923e-04
5.176225427285178603e-04
4.899739003428049688e-04
5.245645501249325202e-04
4.649491830891381802e-04
4.753401168918594045e-04
4.894434517785874097e-04
4.897460441818696393e-04
5.037263175667841975e-04
4.982715208842440494e-04
4.944435521179336296e-04
4.726393424264159026e-04
5.217389895907272859e-04
5.126559128593511424e-04
5.019682738154225814e-04
5.055797426917511220e-04
4.900996449082210349e-04
5.257033685117255611e-04
5.421642251495841251e-04
5.072967065954411912e-04
5.201322505314377991e-04
4.921249403225535796e-04
5.236470595011732173e-04
4.944588661374451060e-04
4.849338643162097494e-04
5.157278449418459861e-04
4.733576766069307897e-04
5.238616985693585323e-04
5.231091309807288760e-04
5.061763307894718775e-04
4.863817409012565016e-04
5.788150808031840159e-04
4.706695399477976846e-04
5.353084216450769992e-04
4.896300859989503786e-04
5.069751292465592054e-04
5.679934150212259713e-04
5.275264018604291063e-04
5.403905597667825900e-04
5.641497162368404620e-04
4.666303750861288736e-04
4.583972287817331234e-04
5.125468683963491957e-04
4.988611874547064541e-04
4.760908258873469863e-04
5.186574103413458137e-04
4.667935069030820783e-04
5.515679532198509115e-04
4.568992507465863945e-04
4.832176560385391720e-04
5.057214093764992712e-04
4.873930926138686417e-04
4.896724183754162579e-04
5.259142242462574611e-04
5.041796590658752242e-04
5.654882163588929910e-04
5.092567936616231071e-04
4.975200357546506443e-04
5.472022276530233821e-04
4.847732157375147957e-04
4.733917064609420816e-04
4.829938235591484238e-04
5.057411286967866074e-04
4.925288799266822970e-04
5.427600356878094657e-04
5.057987041927132672e-04
4.897944232488026439e-04
4.825639509989761091e-04
5.093827844833440175e-04
5.272714623698821282e-04
5.008113532575886404e-04
4.746326826451639259e-04
4.746937766111333562e-04
5.162972574757059918e-04
4.839935335579188206e-04
4.898279236842509104e-04
5.379490410740311347e-04
4.478549798127672422e-04
4.854886926633692726e-04
5.466713647941259888e-04
4.843985393833347424e-04
4.720464740635603256e-04
4.983507747624342727e-04
4.492576736434945547e-04
4.939215818738631417e-04
4.565892543713892158e-04
4.617857382616024969e-04
5.590397730535679897e-04
5.513088341016771868e-04
4.785089193670239100e-04
5.119541473159905810e-04
4.860851994664513640e-04
5.134592960951067306e-04
4.671683126855392010e-04
5.267694506408451263e-04
4.752890025847916430e-04
5.278181580719106978e-04
5.185599493945716731e-04
4.753801327686826231e-04
4.605381055539961273e-04
4.476944569537386824e-04
5.125828585356229442e-04
4.861952414115232345e-04
4.692107721238567833e-04
4.655529559746681236e-04
5.725937910124319179e-04
4.926235663358408297e-04
5.227246835649051104e-04
5.062331673287417131e-04
5.150222224129885965e-04
4.982835105624274863e-04
4.374387992747823272e-04
5.160718781211610711e-04
4.753899023616035683e-04
5.106676106639063996e-04
5.676757690458082792e-04
4.947549077881753868e-04
4.853437967841312461e-04
5.099695820081448939e-04
4.902829131882029861e-04
5.253292197204955391e-04
5.217830307098688400e-04
4.820402826824532233e-04
4.883717227450389779e-04
5.653063323648068036e-04
4.671429029735564759e-04
5.121503170908372647e-04
5.233369288013770687e-04
5.396685168663315109e-04
5.137971662584517492e-04
4.827202801128706289e-04
4.729805845655903388e-04
4.952358815679986249e-04
4.577532169762909176e-04
4.736532661395627397e-04
5.286280354484557565e-04
4.911467601230826716e-04
4.772503064424323286e-04
4.968367879524283057e-04
5.085638870214653556e-04
4.733070663108335740e-04
5.514636770267364058e-04
5.193401258508716870e-04
5.059345028519617688e-04
4.805730952849276614e-04
4.844997949141027467e-04
4.445131446237656587e-04
4.844823614729769313e-04
5.180721126891858460e-04
4.621285871918045835e-04
4.561978576985257919e-04
4.730293625798798847e-04
5.097311237218270837e-04
5.065521643277321514e-04
4.460379042292908209e-04
4.480253991930028797e-04
4.783409905275318543e-04
4.854990795019424317e-04
5.272631729475841340e-04
4.612465810505145150e-04
5.193418985582725885e-04
5.164908082390674534e-04
4.443836429648302124e-04
4.859066564233882266e-04
4.677998553771896230e-04
4.799400558099064357e-04
5.141932862015956545e-04
4.631254852828147958e-04
4.758164183813116369e-04
4.886547256537174949e-04
4.716466962185713913e-04
4.924608159657004004e-04
4.929683790616241987e-04
4.653195672849524738e-04
4.612688382098865665e-04
4.678028453568822782e-04
5.051348333662013159e-04
5.030867642152887353e-04
4.855679722786975568e-04
5.268159578138663368e-04
4.655045633227553525e-04
4.618907037493853295e-04
4.798064327742635761e-04
4.716897254767367527e-04
4.776047594428326935e-04
4.449620804359292656e-04
4.764839680928414987e-04
4.596215952804354687e-04
4.874737034139610707e-04
4.820345298234555076e-04
5.550483566509312704e-04
5.024643289566550937e-04
5.107257118172125543e-04
4.871272212743410946e-04
4.753966272722121456e-04
4.792402325407879213e-04
5.067549210861912535e-04
4.925617749499933661e-04
4.970054849005498508e-04
4.430949924389359870e-04
4.889508250048354293e-04
5.081721291843975400e-04
4.824748118547771874e-04
4.324008681980690406e-04
4.678204976549068432e-04
4.499378575948506827e-04
5.321875109450456510e-04
4.660535566760842081e-04
4.730135599331965353e-04
5.422243997385123694e-04
5.109199389694571783e-04
4.820849162710477242e-04
4.555361282695937148e-04
4.612474973681805193e-04
4.980680357912036079e-04
4.443207745142341617e-04
4.501292431623060046e-04
4.701625651081658714e-04
4.961289981793017782e-04
4.690726063854420871e-04
5.124369456682711325e-04
5.257504527666887915e-04
4.787526165882330939e-04
4.747245289040025076e-04
5.165148808372389041e-04
4.993277114348574621e-04
4.712135549580059846e-04
4.827285499712194753e-04
4.875810762125022983e-04
5.143109290142583445e-04
4.419904408677846771e-04
4.730265091938308519e-04
4.425006249815399044e-04
4.651779741956055822e-04
4.808534473743565803e-04
5.790580922316366326e-04
4.716267892557743434e-04
5.202516907191098413e-04
4.462905968908508305e-04
4.502421008892565878e-04
4.843800770654402591e-04
4.375677281986329920e-04
5.100467342699149462e-04
4.621522357139668620e-04
4.592270494792496764e-04
4.618586920878169013e-04
5.031446705230281256e-04
4.853218162705765599e-04
5.205154165430440211e-04
5.336320206166052411e-04
4.606713942412781404e-04
5.358708334797090012e-04
4.772813700425574410e-04
4.805746676779485164e-04
4.995851029599327701e-04
5.071268122850432604e-04
5.379062250158037290e-04
4.763785052451948148e-04
4.818524458566997119e-04
4.724889958193175432e-04
4.892756374384877975e-04
4.453768790770820554e-04
5.195359133689080727e-04
4.573134267040438340e-04
4.716932960351128985e-04
4.835651890409428211e-04
4.542784497746158432e-04
5.213398197418623930e-04
5.000053027851787462e-04
4.644551593341709767e-04
4.463973400340912859e-04
5.335641877343490517e-04
4.731969302002512990e-04
4.782796731841647904e-04
4.988670316033054280e-04
4.700911363704776366e-04
4.467883002828246393e-04
5.241043499822186161e-04
5.119251127097592660e-04
4.332455617036938284e-04
5.037108427578788775e-04
4.629570941765843431e-04
5.346283575538747371e-04
4.795324482379992510e-04
5.195838977140879644e-04
4.723008810563974233e-04
4.719785422205218049e-04
4.805724344345699349e-04
5.133115841293809517e-04
4.624944576381314178e-04
5.167035387266316398e-04
5.074003361664778744e-04
5.347064563643591983e-04
4.606666801517876847e-04
4.368482995568604798e-04
4.969691273259729987e-04
4.942836288152719715e-04
4.657803818559574471e-04
5.213317171367557812e-04
4.807669983907161674e-04
4.815529732190629558e-04
4.980485783573265074e-04
4.753295692679239534e-04
4.636653502679630038e-04
5.163276673294097405e-04
4.688927084224190842e-04
5.083955067999123938e-04
4.667502828166809783e-04
5.090164122631393642e-04
4.910670272242858474e-04
5.044622962603641236e-04
4.867027955569371575e-04
4.586598309784113399e-04
4.910965674742247310e-04
5.264757272154924582e-04
4.705797700322133896e-04
5.013776335359604623e-04
5.176990541181166090e-04
4.918808874536591573e-04
4.631472434241076558e-04
5.009164257663317093e-04
4.900792593865853797e-04
5.008038285269577304e-04
4.615339352984921661e-04
4.655147051859999147e-04
4.892120288456143105e-04
4.868165181504331999e-04
4.534798401235961922e-04
5.161097683779112665e-04
4.318071715111241314e-04
5.129854335323450962e-04
4.749308356406674292e-04
5.084489318319545832e-04
4.674925179400103411e-04
4.172723600777462102e-04
4.975742442936398726e-04
4.955126014874190439e-04
4.834843999271962937e-04
5.005194483678938617e-04
5.255244831844877330e-04
4.600241911122159629e-04
4.439805025696508950e-04
4.818132965832307830e-04
4.621082198382424734e-04
4.641967629871159777e-04
4.222361038269912084e-04
4.423140015946472868e-04
4.527428001048112451e-04
4.574705066559575542e-04
4.825487025622834307e-04
4.688116566029653254e-04
4.555091616286451929e-04
4.419706371766645380e-04
5.132903678585928843e-04
4.463167039282127987e-04
4.891180706670199534e-04
4.150947763782544039e-04
4.776833890798539610e-04
4.848437732608144217e-04
5.060932157708248127e-04
4.430088894738763326e-04
4.450929317976214431e-04
4.754694251814933770e-04
4.917917610304142458e-04
4.648398394540315549e-04
4.976357785518716959e-04
4.666533435046921175e-04
4.186469012858052142e-04
4.880098207133450180e-04
4.482282991149922746e-04
4.983262870731239519e-04
4.409948128651368544e-04
4.762383789719774733e-04
4.952547853314333325e-04
4.332610442903327922e-04
4.972594679861859403e-04
5.029372437791827799e-04
4.316249613355966036e-04
4.735310518224124265e-04
4.879485788813468674e-04
5.105625953050397419e-04
5.281604668052282186e-04
4.927020235811394554e-04
4.397295100113185278e-04
4.278750073609603440e-04
4.487390542548835458e-04
4.729959928661290822e-04
4.975428412374656613e-04
4.270206729316094844e-04
4.872487238326362658e-04
4.592429025958689277e-04
4.581684258897506120e-04
4.970397537502079834e-04
4.535048300150881545e-04
4.444521520332615967e-04
4.858940486138060215e-04
4.471877240098889200e-04
4.579847039895222063e-04
4.464627190685950954e-04
4.790772348009381945e-04
4.305275657970968300e-04
4.874002664714049754e-04
5.100613412043358569e-04
4.225162948572946725e-04
4.656517341863569237e-04
5.175393447075843281e-04
4.873004905130606974e-04
4.452651421916924211e-04
5.126214783086808537e-04
4.682211978552660810e-04
5.207246442207257801e-04
4.506649738011673416e-04
4.935122337799659675e-04
4.331144209491116824e-04
5.056739203656652939e-04
4.297560101029669621e-04
4.638875159831780176e-04
4.423624984220518586e-04
4.891275626351899650e-04
4.518413046856273405e-04
4.708231311386406248e-04
4.800201483334713757e-04
4.688302763388290393e-04
4.513618618478857595e-04
4.247725044949557578e-04
4.375302681260997669e-04
4.700612327599305493e-04
4.810821220316805228e-04
4.877160390151374383e-04
4.405551877815382837e-04
5.029033294590564643e-04
4.566024968645832397e-04
4.570248046483977103e-04
4.284581875162546362e-04
4.284096630608452542e-04
4.646700315643283348e-04
4.684345220265084949e-04
4.820116225814191071e-04
4.638531785083917355e-04
4.124456175123824273e-04
4.784207752598212547e-04
4.765228709920680226e-04
4.493871784444159129e-04
4.644634592663551180e-04
4.806978169641639440e-04
4.890791691419242191e-04
4.745931403965169366e-04
4.299677089712899448e-04
4.587485992559190632e-04
4.616108089943627042e-04
4.732084843568625876e-04
5.059831501200176508e-04
4.494475614948616280e-04
4.572412129636212880e-04
4.709591504187673550e-04
5.051737753479887579e-04
4.660985040962481647e-04
4.215394057487786687e-04
4.725641589331874360e-04
4.152331846431358913e-04
4.540001895477762143e-04
4.703633940505940847e-04
4.645471788290215739e-04
5.392106036971175062e-04
4.757626235866739594e-04
4.862061683971932030e-04
4.798542273890775011e-04
5.247458401095183743e-04
4.611345692792630322e-04
4.685734101465642955e-04
4.508590832774582403e-04
4.670165286298055135e-04
4.607411714520056136e-04
4.731670601247261933e-04
4.512668338230709994e-04
4.746201396801882390e-04
4.207442126615194389e-04
4.834506169373711587e-04
4.540400022474824836e-04
4.382991945874205168e-04
4.320867522641157828e-04
4.538315632636121021e-04
4.580707057795006354e-04
5.129844552594184544e-04
4.563278449996257418e-04
4.184499915021509895e-04
4.434762533644985376e-04
4.751447592286877752e-04
4.278847917565413092e-04
4.647740995197749544e-04
4.296499769677882908e-04
4.304478353317463539e-04
4.345377776292694933e-04
4.713071369109138320e-04
4.691478646403939501e-04
4.755763578051299409e-04
5.020081860919994171e-04
4.628335383980800846e-04
4.506945588127904390e-04
4.927519127833253094e-04
4.559132089190819147e-04
4.571449277682680667e-04
4.808764191257627776e-04
4.557490980151239881e-04
4.684643330184871143e-04
4.524403668882689229e-04
4.353026654537414143e-04
4.572479503433387812e-04
4.022569267340907586e-04
4.464285724082247848e-04
4.464419029838909516e-04
4.789111997129070152e-04
4.088524430927452423e-04
4.399361214277594870e-04
4.724198924431903838e-04
4.494201636809645240e-04
4.485036281980754255e-04
4.227556467453312539e-04
4.109843825829098316e-04
4.741329557908395336e-04
4.648577041529824484e-04
4.479070765633216475e-04
4.366825976403981933e-04
4.499916216194818088e-04
4.195550591974869770e-04
4.366613301949087136e-04
4.390485772702999094e-04
4.614233537047364290e-04
3.950629254912360090e-04
4.722505817693136180e-04
4.153089986237230228e-04
4.432448789732497895e-04
4.482513727732032982e-04
4.847297600093416884e-04
3.956126050706735165e-04
4.717288377439841896e-04
4.581534583357975811e-04
5.103767160772623669e-04
4.906087781362032749e-04
4.639317051984550785e-04
4.381572314646385797e-04
4.666399006223338470e-04
4.269705152431034316e-04
4.783986493513302978e-04
5.470614390381978859e-04
4.526765039193973673e-04
5.364128319455578001e-04
4.652174987036454654e-04
4.563723153552502417e-04
4.391834510736752645e-04
4.795518249662662422e-04
4.518505710601222638e-04
4.529986465061483416e-04
4.694477588166852747e-04
4.449802875078108923e-04
4.348445665146661102e-04
4.759575342456688054e-04
4.698965205589688437e-04
4.496125479800649203e-04
4.367365166897320297e-04
4.769110706509522668e-04
4.690582777366801245e-04
4.631229640099780742e-04
4.750313689519109601e-04
4.559455822999977431e-04
5.074014495936425779e-04
4.139306204896546276e-04
4.230251790794251131e-04
4.449769727618620315e-04
4.608002410818400714e-04
4.622466975605568759e-04
4.332736322788168382e-04
4.169164425086308435e-04
4.365299191514644206e-04
4.172773934824460852e-04
4.775968629501189684e-04
4.405703505562966562e-04
4.497054916320836269e-04
4.475307428109948082e-04
4.629930185343821762e-04
4.420136186311269546e-04
4.630258431472850014e-04
4.914950474417667655e-04
4.088102148538537949e-04
4.372278742266252753e-04
4.299613822842548419e-04
4.299710487276159842e-04
5.048306071140268607e-04
4.892246430463554393e-04
4.841187377854889139e-04
4.833655222061424548e-04
4.201827307893562851e-04
5.139811538236884305e-04
4.222307877594677389e-04
4.109623280993896844e-04
4.202794171668402081e-04
4.997552373143827192e-04
4.265890127310665854e-04
4.343233334432227625e-04
4.487936586739815249e-04
4.880863412252813092e-04
4.317475250879779388e-04
4.367809348987141652e-04
4.685926737945108971e-04
4.549877436603581870e-04
4.629908582803865242e-04
4.440063008930474476e-04
4.746424197193471685e-04
4.300321729514751954e-04
4.338866391338298172e-04
4.573417416196381481e-04
4.549094332730352114e-04
4.256220253636129689e-04
4.462481770283734063e-04
4.635746829223120341e-04
4.897507762913953745e-04
4.341587908603045717e-04
4.543730247015311256e-04
4.362370197531907461e-04
4.588520981726495790e-04
4.306618009559697231e-04
4.618626730744670962e-04
4.491652107184815768e-04
4.474233800715599605e-04
4.424135641812558116e-04
4.266913400966947144e-04
5.184579139913128099e-04
4.769957731035109742e-04
4.870417338691639120e-04
5.271818248845152330e-04
4.258250357447623032e-04
5.126225299212143439e-04
4.501127426964686862e-04
4.322143598938718036e-04
4.249357844228609593e-04
4.157134368333793742e-04
4.578134213106733628e-04
4.555191176444205051e-04
4.680378567077159765e-04
4.419570521835444158e-04
4.716223690233038225e-04
4.377555952521008779e-04
4.173629224773864224e-04
4.933011301323471983e-04
4.766964499738523186e-04
5.012813306363930613e-04
4.367076444775006006e-04
4.392254500510950344e-04
4.379900853259492406e-04
5.257945288224799476e-04
4.317941441274056411e-04
4.293039267174063377e-04
4.678351241773893413e-04
4.150834306000250476e-04
4.910933654128021852e-04
4.560417821242844657e-04
4.326337638559847338e-04
4.042924178757133051e-04
4.426239300928719225e-04
4.612778101483861566e-04
4.680307218791587474e-04
4.744681217374139030e-04
4.252993006220160180e-04
4.682337713074901818e-04
5.112427085948068224e-04
4.041060077473466517e-04
4.196960026839186811e-04
4.532981448016491690e-04
4.183581620695283926e-04
4.352637805841314271e-04
4.654380124946388801e-04
4.244238989669164765e-04
4.395698658013347119e-04
4.309632491379174635e-04
4.438096663771308090e-04
4.529414692205947779e-04
4.529580821785105741e-04
4.178237869900831825e-04
4.389569302877477722e-04
4.174962373258370987e-04
4.340040290540890912e-04
4.457963920996087888e-04
4.524627566195472267e-04
4.656381082899886735e-04
4.451821196531496601e-04
4.399548157758080666e-04
4.111605731422248019e-04
4.117140782772413872e-04
4.293450144060137388e-04
4.672035277902817133e-04
5.156833218587591160e-04
5.203616599301851518e-04
4.293785116799807831e-04
4.445801595004176773e-04
4.414485182637576939e-04
4.392518722776462582e-04
4.338702340719045370e-04
4.553101467691508721e-04
4.487822553297714863e-04
4.161651690692617618e-04
4.649522894828454398e-04
4.558666283703919362e-04
3.885646250022492705e-04
4.562638970774995158e-04
4.273663588884187535e-04
4.229673411288560701e-04
4.684475701473319437e-04
4.732035300874735386e-04
4.755014727147765293e-04
4.252997574160641346e-04
4.109677522997941669e-04
4.414924326191933790e-04
4.317134567487432295e-04
4.385321730823331832e-04
4.878125014571613963e-04
4.186367460764036275e-04
4.400151038582844750e-04
4.570177310991397159e-04
4.346949784806701956e-04
4.514202656408484136e-04
4.361294566860497062e-04
4.217555848795699635e-04
4.442123430261958085e-04
4.136685326048852819e-04
4.341861194428979346e-04
4.811769514720926175e-04
4.637123329327462809e-04
4.770885576972202970e-04
4.679173273595396351e-04
4.576945420170280203e-04
4.241148951471725441e-04
4.052861916933720950e-04
4.303820436377059572e-04
4.087242316501784353e-04
4.347420822484041113e-04
4.001699056815619430e-04
4.312789858595968118e-04
3.891834656895633857e-04
4.566236389295417293e-04
4.641442433808345221e-04
4.608399562043141305e-04
4.350843571172500752e-04
4.366369247592367551e-04
4.591784352158349153e-04
4.322357886626835514e-04
4.544941693988910217e-04
4.449542577439014263e-04
3.938905230508258888e-04
4.380215886366758331e-04
4.664135906852589467e-04
4.170811946806048348e-04
4.526828252535289657e-04
4.305464676459966008e-04
4.435326151463432143e-04
4.514612354400571593e-04
4.405194057209877324e-04
4.000810168403033423e-04
4.558608693788214722e-04
4.660430419678580861e-04
4.058205124207455252e-04
4.155727915331470894e-04
4.579090481540943149e-04
4.029471069198213204e-04
4.922631054279845387e-04
4.015777417517629516e-04
4.479332644692702908e-04
4.093882795117958205e-04
4.151042424023813860e-04
4.159873282509512007e-04
4.384271523241461033e-04
4.935487490676524272e-04
4.374959829301013916e-04
4.450924019877460012e-04
4.661840406787703776e-04
4.253972997586189615e-04
4.640703963474033232e-04
4.453003564179516122e-04
4.589528801928446553e-04
4.861040446842618853e-04
4.968796594553875250e-04
4.004210169644477845e-04
4.458875689543820970e-04
4.258258885184407986e-04
4.525449909694087276e-04
4.928636808722350717e-04
4.538787907100994543e-04
4.841775045555140374e-04
4.449530750122409868e-04
4.675156649321729062e-04
4.022690860676682583e-04
3.963343249406550890e-04
4.146573252854827106e-04
4.049664811655274369e-04
3.929899587256114875e-04
4.402481353798840783e-04
3.956044893249271240e-04
4.568070394415423637e-04
4.472637952704856855e-04
4.178617772976388005e-04
4.277586664444836171e-04
4.657717432353712748e-04
4.782632381941369793e-04
4.138876645745197540e-04
4.217424961034201870e-04
4.475431730736871170e-04
4.460559574924350540e-04
4.429529484820492863e-04
3.932766306612831453e-04
4.300273842397172273e-04
4.519993326021405655e-04
3.986430836510324559e-04
4.400823873024768793e-04
4.264407734664839387e-04
4.649656489741240783e-04
4.305196686939516404e-04
4.264114869471084704e-04
4.441954263533387948e-04
4.481812080367955512e-04
4.342319832942038559e-04
4.080295393327298091e-04
4.005829395516640845e-04
4.482727414250284618e-04
4.315278675266677618e-04
4.024419211006438016e-04
4.838420076069075695e-04
3.950639844954040043e-04
4.517101865807420912e-04
4.272258083325637971e-04
4.420720401270617807e-04
4.212950988507901538e-04
3.996446103713935621e-04
4.684251272450439441e-04
4.376840758528131588e-04
4.599914381633750295e-04
4.116138607534391915e-04
4.156651983840262870e-04
4.471058334490925061e-04
4.515142123622878302e-04
3.876443829452216254e-04
3.903872396563983654e-04
3.975353813756565542e-04
4.331816429146158440e-04
4.152094777450763977e-04
3.973254985930081565e-04
4.336652442091562228e-04
4.406274227940420942e-04
4.416573034184434498e-04
4.005586944161171337e-04
4.171370197873981614e-04
4.728625783953349366e-04
4.368533924824335567e-04
4.192685574644357629e-04
4.346050309256627641e-04
4.134745699067296021e-04
4.638336245415840601e-04
4.537953019202510627e-04
4.522874703327640564e-04
4.624364025522509618e-04
4.407249736007824909e-04
4.309372397293325741e-04
4.294310884154014401e-04
4.367046975642791787e-04
4.195846451054083552e-04
3.976284786709523983e-04
4.050171294529429688e-04
4.267248098786800316e-04
3.790599246649835287e-04
4.203984581983176622e-04
3.983399514621953222e-04
4.500047114440335104e-04
4.594093997065367817e-04
3.984389575600183475e-04
4.070217649264818338e-04
3.888299143612523358e-04
4.209557756568856556e-04
4.131340381488776171e-04
4.454509085148493559e-04
4.555363113819685329e-04
4.201046128438931204e-04
4.184652371682186841e-04
4.399499722289059150e-04
4.128680059571682897e-04
4.369825555025823945e-04
4.005671597711623938e-04
4.183560227564480836e-04
4.196028603475073599e-04
4.501320894073147826e-04
4.138929458961089578e-04
4.352873499391158468e-04
3.902185795799134236e-04
4.329319531636301155e-04
4.945799697015598089e-04
4.024806512460654120e-04
3.885429952084598799e-04
4.158438772828561649e-04
4.176131181867461439e-04
4.287579247287234331e-04
3.960553417552438709e-04
4.119472952369269926e-04
3.706618366977647771e-04
4.171145433993368712e-04
4.221459089496741720e-04
4.519441578413691744e-04
4.177925543436385929e-04
4.683511637931378957e-04
4.090867027318035947e-04
4.208206455790784489e-04
4.350552996868393648e-04
4.116556287891584651e-04
4.342437412365977184e-04
4.399438893837293008e-04
4.190767450156376124e-04
4.174493950767031985e-04
3.998682568642223300e-04
3.918307574820079661e-04
3.803639837573281933e-04
4.317825465944568914e-04
4.315814621126303884e-04
3.745279855816945318e-04
3.985689792382860223e-04
4.687465589512899576e-04
4.098133295954726335e-04
4.054576680634552140e-04
4.049166531645058908e-04
4.294293488792625541e-04
4.553492553292487043e-04
4.269063023649012460e-04
4.820775688106449333e-04
4.378821438825341488e-04
3.792628518352392296e-04
4.477950772209046562e-04
4.055296645299300657e-04
4.268930149098572780e-04
4.036683550324157775e-04
4.247347594364870747e-04
4.528967030961848924e-04
4.143682811710161311e-04
3.685024125502011304e-04
4.490788663708574326e-04
4.372812289523161748e-04
4.125993756977886190e-04
4.092405794749606968e-04
4.061334233312938300e-04
4.354036621658093856e-04
4.223932732191542434e-04
4.415857316893861983e-04
4.826693838999089560e-04
4.037266288579107083e-04
4.287365025416467338e-04
4.324387095585838681e-04
3.997270439253011710e-04
3.968550489286378825e-04
4.293961937008375081e-04
4.341328137860994306e-04
4.019814747247194269e-04
3.897387340782290720e-04
4.424118996174480575e-04
4.186363523340879116e-04
4.162251223979083711e-04
4.258559926692969625e-04
4.191978188387251287e-04
3.636866119558774114e-04
3.968811563348690653e-04
4.294801992387945041e-04
4.376187776118872319e-04
4.053966573317184952e-04
4.056019760400577040e-04
4.036562029160510536e-04
4.229942549038728534e-04
4.529589331737479598e-04
4.343070545184087093e-04
4.049052076392727463e-04
4.427206993967338494e-04
3.929077689703654218e-04
3.668096271018976497e-04
4.192863929688456118e-04
3.701876505482946619e-04
4.651883607955845492e-04
3.810406229551335745e-04
3.903613929319778471e-04
4.131858419664612820e-04
4.102693665341605516e-04
4.106771862361995561e-04
3.938590608680064744e-04
3.995069609640539295e-04
4.272080960397297645e-04
4.075474399146853202e-04
3.959495595959417282e-04
4.307878802889216928e-04
3.898200377042226970e-04
4.234219087832168625e-04
4.638863418973452300e-04
3.986760338899311609e-04
4.630861238495500047e-04
4.304858627380850561e-04
4.281446479554598347e-04
4.407988260824232275e-04
4.257514439015954778e-04
4.144664514085601072e-04
3.998041658636034197e-04
3.863927383518112740e-04
4.006276453920640354e-04
4.025956598612520144e-04
4.317928307845859438e-04
3.925284713997975673e-04
4.254116378896806894e-04
3.961992774625781063e-04
4.146644987498628878e-04
4.439904043264616984e-04
4.292528540520546389e-04
4.091035665664700255e-04
4.177700596126778920e-04
3.838223756758522690e-04
4.604313452864501719e-04
4.232690790070467706e-04
4.468162432586168082e-04
3.872360819252411174e-04
4.022964855846043850e-04
4.290250049681269091e-04
4.213614527941428171e-04
4.086886918197510507e-04
4.070418626219438410e-04
3.788648739042447286e-04
4.009708972135106312e-04
4.022950108552020418e-04
4.605770881971481441e-04
3.905797515492369625e-04
3.733892473652323683e-04
4.369916710870513444e-04
4.193135995727876740e-04
3.864627431374171771e-04
4.124333458975839315e-04
4.098976183640049074e-04
4.316547128014114939e-04
4.365770781474027245e-04
3.857360583041460921e-04
4.232495758829061942e-04
4.415371472322146312e-04
4.136479791563330054e-04
4.268135901848342799e-04
4.082676801988444873e-04
3.850553271486007768e-04
4.368070793996870144e-04
4.414327584911308631e-04
3.868243321889263992e-04
4.095746746179334619e-04
3.917054281671897504e-04
4.491744704904708486e-04
4.624849563166422888e-04
3.871887353640582276e-04
4.069296926710862261e-04
4.096636392231082537e-04
4.528996558114073380e-04
4.191987360888612714e-04
4.074383361924524419e-04
4.215494363349771138e-04
3.588554743461498621e-04
4.260666592093890169e-04
4.071024694200598500e-04
4.139084168186881753e-04
4.172556463640650294e-04
4.005878431049233785e-04
4.234468482616548851e-04
4.260973585323217343e-04
4.052816564040003389e-04
4.129215056504968013e-04
4.380536145608543430e-04
4.179569145511212837e-04
4.302905333569453624e-04
4.227273186093424341e-04
4.100937771061101932e-04
4.133142087462758196e-04
3.958368726819231948e-04
4.015194725574167838e-04
3.879039590471930498e-04
4.393010609679860452e-04
3.951100771432588523e-04
4.008106156578963874e-04
3.973093771983687720e-04
3.992625244828498917e-04
3.864681218009947462e-04
4.359135847916362975e-04
4.277066006209449345e-04
3.952381563702153460e-04
4.244524760120495688e-04
3.974437533838453629e-04
4.047207549392798330e-04
3.959497977801581105e-04
3.948306750708308185e-04
3.936663621961360203e-04
3.958988375784655111e-04
4.163227642511523833e-04
4.235448787724264454e-04
4.073611966463628947e-04
4.255390969256204223e-04
4.159426901232219525e-04
3.900839411830615529e-04
3.973686004257596699e-04
3.939280281578235528e-04
3.770765923945954608e-04
4.100684907759801628e-04
4.090804763306592489e-04
4.726457482428492434e-04
4.172119913021756139e-04
4.034120557072656973e-04
4.109715620093312097e-04
4.364646087746832390e-04
4.136950241489035823e-04
3.935111469158644910e-04
3.884942432302309571e-04
3.879780142153817246e-04
3.859084285232927160e-04
4.045556979234281618e-04
3.863605167168314663e-04
3.968019559389679147e-04
4.438520933098835880e-04
4.111322221119362991e-04
4.033945681802568115e-04
3.860621772156358337e-04
3.800542057538688618e-04
4.261061930094596408e-04
4.291097791541028912e-04
4.468411352323049682e-04
3.977110056524903311e-04
4.409354949617645463e-04
3.906144513872155397e-04
3.677990785266580832e-04
4.243588503254282392e-04
4.256741578175323349e-04
4.140850548543285620e-04
3.962385152451131055e-04
3.715615325579770629e-04
3.741709881678801004e-04
4.001293904911864142e-04
4.247477711196421027e-04
3.966676746724652632e-04
3.941520095899262279e-04
3.558683194213218192e-04
4.053831603871435531e-04
3.924466668298420119e-04
4.086744394110693093e-04
4.133899403007239575e-04
4.139462035143936483e-04
4.181787994940138050e-04
4.086987924276709355e-04
4.089698115456530739e-04
3.924309150056932115e-04
4.434152267479898055e-04
4.078077100876630339e-04
4.134744534088522308e-04
3.912055122594767999e-04
3.934164323519148514e-04
3.889593828094444904e-04
4.593783684660727356e-04
3.752371206511428297e-04
4.067010001960644997e-04
4.062347169092471368e-04
4.294810097924921786e-04
4.278688002771894369e-04
4.519150481517996581e-04
3.894661127598100488e-04
3.896697680750688640e-04
4.170748268197473508e-04
3.802140308961708508e-04
4.333558039108780934e-04
3.981270006991576558e-04
3.847750250222949607e-04
3.688994142244078731e-04
3.828766258752578549e-04
4.021512732163334066e-04
4.160563410264052917e-04
3.952285343486680331e-04
4.423027138236535556e-04
4.012866491710925798e-04
4.258075268851201664e-04
3.803344235874097441e-04
4.007195770916248227e-04
3.972630203075784485e-04
3.917418827339262948e-04
4.085502320518800815e-04
3.746064489681705679e-04
4.146209117325078347e-04
4.009645646927235897e-04
4.217839342965326740e-04
3.968874163740242992e-04
4.061216973550990238e-04
4.212261128652249466e-04
3.869022193667677012e-04
4.027730454385704283e-04
4.319898344747332103e-04
4.015021098213755507e-04
4.124301370084768091e-04
4.029242578323095187e-04
4.208698421446243113e-04
3.688222588089525001e-04
4.135795526445820800e-04
3.770421754013876547e-04
4.355597010689319878e-04
3.974212748409365918e-04
3.983150767306105778e-04
4.100090780855200081e-04
4.201016851696440387e-04
3.931450939770053405e-04
4.036361442717323333e-04
3.996344675746007851e-04
4.127244316357015202e-04
4.324793506229274382e-04
3.638289734353218380e-04
4.423667593333187971e-04
4.016872748822589005e-04
4.077537501539296532e-04
4.106228613443400639e-04
3.864806207132110002e-04
3.879796779962071300e-04
3.867176707111130230e-04
3.777160858929334451e-04
3.828798881858758445e-04
3.677469358798610881e-04
3.919754023953771378e-04
4.714888091833280867e-04
4.139862736498984533e-04
3.836075597439514949e-04
4.153843669055625517e-04
3.919401181020673694e-04
3.801359872123310124e-04
3.812723179880766165e-04
3.836946257673564602e-04
4.185099976666490696e-04
3.977334534498958994e-04
3.807302708484001539e-04
3.926002351372220867e-04
4.206954557863021023e-04
3.843373885338642647e-04
3.810471515681239634e-04
3.601587578706531866e-04
4.217294876830772173e-04
4.084660783193348656e-04
3.894918791152520592e-04
4.005175005511003796e-04
4.080812235614045486e-04
4.184009037255902175e-04
4.103985976212996389e-04
3.947961819154838085e-04
3.674193500405568296e-04
4.183175223430493747e-04
4.082152051651675366e-04
4.033109225864525867e-04
3.979908125525548389e-04
4.135882467249325832e-04
3.999938247416925463e-04
4.144570552665569215e-04
3.708444377133345471e-04
3.859918591344276332e-04
3.886155563480090357e-04
3.666071294304692942e-04
3.858257983510381237e-04
4.008555461221485175e-04
3.852150175295757767e-04
3.943722643115879002e-04
3.689797468840966895e-04
3.759298872149322707e-04
3.835566395361570628e-04
3.736240097390514971e-04
3.998775140194497598e-04
4.159229511170431902e-04
3.779748442325165194e-04
3.771025128252314808e-04
3.665527592821858681e-04
3.785339828144798266e-04
3.763560778701202365e-04
3.835670092261289979e-04
3.913756089573864824e-04
4.304666237467982522e-04
3.923512842631605752e-04
4.130727676869761140e-04
4.186214708331695874e-04
3.988334376894512191e-04
3.837475078727500236e-04
3.771740849537265935e-04
4.198333974939116907e-04
4.128590032228870305e-04
3.899434205962991795e-04
3.689258998381448424e-04
3.776639408861649653e-04
3.725463341449996137e-04
4.171130077580678316e-04
3.678670181018060445e-04
3.732334763350060483e-04
3.878066472973055795e-04
4.143653552553064898e-04
4.001729070338454013e-04
4.054940610486392383e-04
3.743984336694470487e-04
4.312274559678136465e-04
3.712638712791332994e-04
3.755890763150896761e-04
4.222166090553993193e-04
4.274018644354930178e-04
3.946856365102797927e-04
3.826396462027250580e-04
3.701865835783924746e-04
4.164470977709959628e-04
4.118750164203134286e-04
4.154843588689812253e-04
3.892627123632116872e-04
3.867328584041120976e-04
3.701061704581483391e-04
3.953134017216294329e-04
3.585359495678692087e-04
3.580273656457158733e-04
4.005338957975862371e-04
3.683088259006203798e-04
3.492458060609096235e-04
3.895097360989469471e-04
3.831762119075307399e-04
4.108163998431721268e-04
3.998100898956329931e-04
3.882369934990983931e-04
4.170647857379760704e-04
3.853152397638639343e-04
4.195807175270298891e-04
3.654723387670334007e-04
3.996059254700886189e-04
4.153728247870799493e-04
4.148038451956007283e-04
3.950928891438698501e-04
3.656832962706065742e-04
3.462935504270481918e-04
3.821672676084222810e-04
4.017054638910115723e-04
3.644559694110769310e-04
4.435463638145835060e-04
3.902807348732316136e-04
4.013748681620738835e-04
3.867523410547510907e-04
4.006807618936161146e-04
3.742901933401090553e-04
3.790930516099353981e-04
3.615975093930176359e-04
3.781474566188515181e-04
4.034971981263397187e-04
4.021031697072415412e-04
3.725304104960084272e-04
3.913195865578310046e-04
4.027225447968208806e-04
4.258750393750479111e-04
4.193238001191220365e-04
3.509304661023016146e-04
4.011986519148099122e-04
3.856866513442393880e-04
3.994671014517665051e-04
4.058745942916985590e-04
3.866948286840649258e-04
3.971814688378780028e-04
4.057314135535589061e-04
3.762576152237593198e-04
3.556864891682004893e-04
3.584612220555088774e-04
3.680149873286675034e-04
3.767876735857189499e-04
3.642545553658951981e-04
3.164572552946273124e-04
4.131782344126862499e-04
3.471874806287831867e-04
3.792409369585654022e-04
3.855398516433700931e-04
3.780579595733537211e-04
3.638484931770774133e-04
4.249585523752856140e-04
4.170029963638685025e-04
3.666340735661552971e-04
3.615844753204485547e-04
3.683448331734496617e-04
4.075670718447342187e-04
3.802672592582841083e-04
3.985177777563775098e-04
3.871633598125462329e-04
3.638226157476988961e-04
4.153682081827870338e-04
4.099768293919555523e-04
3.996699865433699572e-04
3.688117052414731064e-04
3.435893616356028584e-04
3.677214363724500001e-04
3.655501105220757799e-04
3.745265368717446233e-04
3.753903413983628902e-04
4.514094697604179030e-04
3.992523057014222437e-04
3.892745830001358522e-04
3.788973054413185605e-04
3.668679252517450628e-04
3.685742958083118039e-04
3.531974861131302991e-04
4.000179175638659407e-04
3.546799187850631103e-04
3.826665211421394642e-04
3.692767123148549204e-04
3.701984622964960285e-04
3.249381410862147443e-04
4.268426028386303910e-04
3.387450695619010493e-04
3.556703781025342417e-04
3.450048484433774500e-04
4.050270466666385134e-04
4.082280331354145057e-04
3.978528776105113608e-04
3.807802206273700482e-04
3.989573017307544451e-04
3.829892884129535422e-04
4.248707896112709974e-04
3.550360853279010292e-04
3.772382005243081048e-04
4.101912942982388448e-04
3.657165372286001813e-04
4.003543086201355873e-04
3.389821967519076142e-04
4.033791887091500738e-04
3.937888272848697369e-04
3.952467576611266853e-04
3.857864847665117046e-04
3.737400485888720306e-04
4.261324637573653739e-04
3.905235069451041554e-04
3.981062382703837426e-04
3.871093504915881821e-04
3.966826090624812028e-04
3.714736496496277526e-04
4.201960755107922397e-04
3.812252834426512501e-04
3.873311664421363138e-04
3.611565028065857105e-04
4.037962558708192641e-04
3.475413561337023201e-04
3.835322651804286818e-04
4.000497954928443171e-04
4.002554269959829737e-04
3.430016210145346144e-04
3.617720057345382291e-04
4.316138259044719448e-04
3.702401575274627868e-04
3.837217761628915072e-04
4.168971969143160194e-04
3.720203428211781081e-04
4.244489641287937411e-04
3.912785974216148404e-04
4.009956769749861249e-04
4.010720646782208257e-04
3.525404247368726625e-04
3.898347970375285691e-04
3.684915732857593383e-04
3.372730116149957164e-04
3.772126496074182920e-04
3.914355097521570793e-04
4.022684646492421558e-04
3.491520133764128048e-04
3.978631277354620550e-04
3.632691699274317662e-04
3.720204355583194792e-04
3.843358038140197658e-04
3.886309119184604469e-04
3.605747490520602402e-04
4.137953281190261492e-04
3.961319581246460072e-04
3.675554803926857957e-04
3.481376458764189074e-04
3.577403624473574463e-04
4.187498701154886648e-04
3.707251545206473342e-04
3.855242832181254289e-04
4.028662524512200728e-04
3.874256871084570436e-04
3.832752168576990942e-04
3.633481303681101787e-04
4.051062793758353122e-04
3.768357460184183793e-04
3.467885763513227880e-04
3.678263520369757134e-04
3.733333033412345619e-04
3.876640539886619776e-04
3.917167714861371965e-04
3.665259422931599277e-04
4.123407672688233182e-04
3.290573700178977276e-04
4.069911403268225295e-04
3.952439621697108048e-04
3.588755813169469265e-04
3.925761547455850560e-04
3.692408351970738901e-04
3.547640119220082824e-04
3.769796357226229779e-04
3.745022691160489170e-04
3.997686888854370285e-04
3.883597512083336698e-04
3.891695992975930242e-04
4.298774221554795775e-04
3.758733362752909629e-04
4.296109437666061266e-04
4.264470116993964886e-04
3.933713946279619798e-04
3.849665728043447414e-04
3.206171041534433943e-04
3.873698616489538852e-04
3.546821237989220043e-04
3.741570731736527000e-04
4.216680809462912708e-04
3.398603371119031055e-04
3.642820226299246875e-04
3.847960193234642359e-04
3.580093329445168532e-04
3.695384960949669030e-04
4.051680863777364734e-04
3.436405666452393396e-04
3.860568672276189998e-04
4.015353392162140478e-04
3.877314231901969068e-04
3.523872754785955684e-04
3.857433770526773526e-04
3.716927905791236691e-04
3.888160861047359703e-04
3.675136267123878535e-04
3.962948776438754320e-04
3.712251230312548726e-04
3.259109905158426887e-04
3.916063676404887080e-04
3.733171451307392579e-04
4.062138420285576058e-04
3.933861268553645010e-04
3.660425486675227815e-04
3.841342772637743909e-04
3.427044019438407773e-04
3.570662289975443018e-04
3.901328756133550001e-04
3.570714079319270450e-04
4.014006552976634619e-04
3.571121474581455532e-04
3.664284166191031171e-04
4.093289094131536505e-04
3.586550451127801437e-04
3.971647981220634283e-04
3.420954106475014599e-04
3.627202803626719042e-04
3.600084300025087379e-04
3.625738923701665706e-04
3.919140524703633292e-04
4.273011358819510299e-04
3.708071553872481691e-04
3.428805940080428371e-04
3.656795366157327993e-04
3.352414274474511979e-04
3.949154821133944769e-04
3.854201807474970268e-04
4.281998990562990649e-04
3.405145510358549522e-04
3.525455148398169984e-04
3.364924588648970645e-04
3.812375116714037423e-04
3.826243267906195497e-04
4.034790187946461141e-04
3.653888946084996037e-04
3.371467478073830477e-04
3.716915112013691614e-04
3.562085436039270111e-04
3.886231673848699036e-04
3.643976373289579203e-04
4.448951526409027405e-04
3.664615652886332861e-04
3.807193783987371065e-04
3.933698384961746954e-04
3.684296709192914562e-04
3.534295108598994612e-04
3.851576042980437461e-04
3.462881444730542767e-04
3.928819336177525874e-04
3.462082118598400313e-04
3.455487744072855772e-04
3.809703155989591365e-04
3.687899945735986719e-04
3.691143872335587257e-04
4.144351069175279440e-04
3.463720114075003343e-04
3.704223341099345686e-04
3.565037321901818961e-04
3.577103367182330102e-04
3.410202842159102852e-04
3.463413618250850401e-04
4.300513704725641181e-04
3.923419676895114109e-04
3.972075995956340553e-04
3.591539031512538385e-04
3.606919375138771381e-04
3.309359615171146010e-04
3.940261784491109684e-04
4.419074889139201550e-04
3.463250790174833950e-04
3.493056935133375816e-04
3.953992186946780354e-04
3.721650656415689882e-04
3.701165865948237454e-04
3.407883773196197937e-04
3.670395460070382415e-04
3.547211593122526880e-04
3.220678173304867024e-04
3.579863744122234719e-04
3.799156066402187282e-04
3.704623754136192500e-04
3.760494149157726828e-04
3.733092210175442726e-04
3.887778463497504095e-04
3.534445006922921646e-04
3.337062352363616598e-04
3.474906956832870143e-04
3.403185013608441066e-04
3.869174850440600067e-04
3.731354853030715169e-04
3.360487504258835752e-04
3.311129500689063022e-04
3.805393948623279985e-04
4.101776025824698294e-04
3.734125378827361222e-04
3.729597729872418874e-04
3.371103033277120177e-04
3.933182679823046726e-04
3.587141125109045048e-04
3.667056939251796808e-04
3.826863437873664420e-04
3.694341226872233639e-04
3.665318441954579687e-04
3.376042305162842583e-04
3.266774498104241405e-04
4.114484774081935661e-04
3.536055793825641151e-04
3.626932641769985599e-04
3.447624753029959938e-04
3.703472879966802521e-04
3.897889712031573544e-04
3.216693327189993376e-04
3.853616208114480106e-04
3.449526800294368278e-04
3.754723733495723536e-04
3.470359685842637249e-04
4.108136888141389722e-04
4.086894693626780132e-04
3.437982561772563598e-04
3.477737487153383230e-04
3.793461195228509499e-04
3.938874646571718344e-04
3.537091450395042896e-04
3.428813513175691784e-04
4.126252485332017371e-04
3.661345396803786754e-04
3.394900185068574681e-04
3.870427348501533690e-04
3.217493472370258883e-04
3.662334823575006640e-04
4.043308571233089057e-04
3.834222563268497902e-04
3.645394917555800913e-04
3.751572193201191266e-04
3.525575522482267280e-04
4.017078487625179049e-04
3.472783452558727375e-04
3.637385572794510531e-04
3.648399260199722315e-04
3.716952431506760916e-04
3.502320111036119708e-04
3.839849842941264312e-04
3.718835409816061816e-04
3.924438689895924930e-04
3.759544033551149461e-04
3.851601596956418612e-04
3.692467920488897944e-04
3.325414619670857873e-04
3.574437658558430307e-04
3.807628276426247202e-04
3.485392149844320354e-04
3.824480970726145085e-04
3.843906518053893094e-04
3.807710913933146459e-04
3.847772697185793318e-04
3.681299798407688777e-04
3.078253487941826788e-04
3.639950716590709167e-04
4.135176758928940806e-04
3.923050658157002939e-04
3.477821258246249552e-04
3.691511512445624097e-04
3.470820782199611834e-04
3.256445487775582143e-04
3.473674591229755962e-04
3.941408048668284224e-04
3.736625039128075058e-04
3.296342855781496514e-04
3.623585504884459132e-04
3.587343882962763016e-04
3.571897251727265536e-04
3.368061622819956084e-04
3.732683328955221881e-04
3.466297187710994337e-04
3.461123093567192600e-04
3.377739122545116569e-04
3.963256763200575725e-04
3.372874127760097955e-04
3.685666962848717408e-04
3.194589366157795664e-04
3.355441212367188636e-04
3.425463723165364841e-04
3.426604467527025427e-04
3.621198162720900616e-04
3.632015321826791176e-04
3.657557673210606918e-04
3.835936865259807565e-04
3.656222888135224856e-04
3.554571181818468452e-04
4.089610702782656322e-04
3.631514412065075061e-04
3.338392710053405643e-04
3.381080424164091937e-04
3.628961264955237755e-04
3.507764821729448721e-04
3.649685929425430667e-04
3.566062971167246499e-04
3.704378179191786659e-04
3.493915785709524350e-04
3.478619071200038230e-04
3.453579923650433505e-04
3.595529558757752501e-04
3.449132807672798369e-04
3.782625725806364192e-04
3.495621482405177733e-04
3.846330476993627448e-04
3.858358304504339595e-04
3.556434359922420346e-04
3.787277725929578519e-04
3.539682477523477949e-04
3.856262050539190729e-04
3.605619678032529222e-04
3.514063058062756638e-04
3.663239649287301758e-04
3.787114756719692069e-04
3.143135625435776221e-04
3.542636850047100792e-04
3.717909166384073113e-04
3.516486965486241502e-04
3.313656892685085576e-04
3.582694371429676387e-04
3.094225985204478906e-04
3.461423425457680302e-04
3.794662246617529211e-04
3.951094138293698480e-04
3.329480300614584879e-04
3.629483930502145901e-04
4.146270663812599041e-04
3.606866346566746893e-04
3.572601439782754603e-04
3.564626701532610533e-04
3.567345866042296990e-04
3.735718377147107016e-04
3.604313769655848108e-04
3.549395311183622058e-04
3.590034845760464353e-04
3.529497507496635791e-04
3.603573643315886128e-04
3.391529830951655038e-04
3.430563080186792508e-04
3.407375388780754908e-04
3.361200980258628995e-04
3.688563113622409287e-04
3.521092184225205484e-04
3.525603033478500120e-04
3.764200181188831072e-04
3.420736868920907624e-04
3.496013999159662306e-04
3.482375552922153603e-04
3.455607109014781114e-04
3.739644707128805248e-04
3.604407060799706534e-04
4.372793754640385481e-04
3.694418938347751049e-04
3.533201450197236181e-04
3.878042461720402202e-04
3.622468228061652027e-04
3.479110389492687879e-04
3.565229238966658907e-04
3.765894403220161352e-04
3.576853659946158549e-04
3.740289961659970129e-04
3.479717569867960339e-04
3.508445638077534179e-04
3.556700351098919782e-04
3.825357292264088406e-04
3.487188701083612070e-04
3.539183402272171627e-04
3.753383946068777899e-04
3.481941507315835399e-04
3.686827779543527979e-04
3.619322913112054405e-04
3.293367995136290815e-04
3.663057616561526280e-04
3.691845318893766667e-04
3.544280654711699915e-04
3.412373859247002229e-04
3.662535209953711717e-04
3.527092475109486268e-04
3.149287038369870829e-04
3.560437303300657982e-04
3.723759457475982215e-04
3.559525726308691916e-04
3.394819374897951425e-04
3.158789627815424927e-04
3.894172843507575960e-04
3.208079423982636400e-04
3.509432179125619548e-04
3.561497013178627192e-04
3.562627207478177502e-04
3.536286538027791511e-04
3.754639492312030597e-04
3.450203527505588791e-04
3.498849863479725495e-04
3.546813075069003428e-04
3.227975129387813404e-04
3.512307181209726905e-04
3.444021824741170883e-04
3.440680883883995181e-04
3.534771547651334249e-04
3.417174854451543518e-04
3.330700158331629948e-04
3.299089998072670467e-04
3.396069663884276695e-04
3.698707625949286732e-04
3.317377262767156059e-04
4.115252687373777162e-04
3.433829575049591500e-04
3.683115937620554917e-04
3.641040761056795610e-04
4.143947380656054892e-04
3.267578594716115587e-04
3.774129624719203976e-04
3.633733106928323611e-04
3.692633590602847514e-04
3.530626934667712184e-04
3.374777384366190163e-04
3.471843991052368165e-04
3.539026494916423403e-04
3.533802431498197041e-04
3.821526334993753226e-04
3.354288415306373033e-04
3.460367784162199692e-04
3.247150832976074698e-04
3.498554491040567764e-04
3.469311849798124760e-04
3.593026714853061977e-04
3.516377679686354834e-04
3.279411619727865793e-04
3.392717136920155724e-04
3.555478597679438539e-04
3.539193012152878578e-04
3.286903073018004602e-04
3.353122823114902565e-04
3.549664343496212820e-04
3.962815472154818130e-04
3.577077611399334927e-04
3.238101586143109266e-04
3.349801870916914990e-04
3.029730072376764964e-04
3.432876422625546174e-04
3.888263520628535818e-04
3.726486554346159787e-04
3.633568137512679843e-04
3.550952657647595792e-04
3.266473129474599434e-04
3.573492580794823421e-04
3.968698506870176252e-04
3.552392317670633099e-04
3.259405123312818773e-04
3.515109779771358797e-04
3.562467241546754646e-04
3.924841967435156492e-04
3.357153055415249086e-04
3.781348497712855869e-04
3.713117844466849466e-04
3.833348260231840294e-04
3.843782946446660858e-04
3.445636679879712934e-04
3.583020193480642877e-04
3.301218105459046521e-04
4.017588835815109611e-04
3.368488537087297916e-04
3.433849524365709268e-04
3.357929554753552614e-04
3.401072756154684107e-04
3.182186492613881912e-04
3.369345254796367426e-04
3.739074900607853376e-04
3.506078237983158716e-04
3.624800441848548705e-04
3.714412850987666129e-04
3.195926795883494609e-04
3.554843707381853636e-04
3.716444648015189097e-04
3.317823426949851034e-04
3.476493057703259476e-04
3.550821978622264942e-04
3.363294340977875671e-04
3.589124172503798857e-04
3.313771915258213480e-04
3.780493332562903869e-04
3.408294253011390457e-04
3.333533392650643839e-04
3.135850146154705773e-04
3.754299317025832890e-04
3.688906501476228858e-04
3.526135708160475801e-04
3.420337857303237914e-04
2.999796925129208911e-04
3.703445608960716576e-04
3.589204805208987730e-04
3.577473590335200930e-04
3.235011293093569690e-04
3.268780181080560262e-04
3.487855237522386300e-04
3.696893156087720038e-04
3.723819118793207216e-04
2.962466582095438987e-04
3.381096710041401753e-04
3.563353292692361673e-04
3.619452685422036835e-04
3.315220831134869602e-04
3.642773952089415636e-04
3.301262985665587139e-04
3.612347112672410049e-04
2.957558689023224107e-04
3.316082250176202056e-04
3.542303961129033034e-04
3.210010043197571291e-04
3.363287151735846288e-04
3.236829764880195083e-04
3.219679694322317987e-04
3.828448743934753998e-04
3.506106724127076597e-04
3.706678602935575633e-04
3.591813761887508610e-04
3.638246520714488708e-04
3.140998878578589860e-04
3.772359481194066774e-04
3.570632168530749051e-04
3.350385091735349997e-04
3.215758706441821800e-04
3.452030651658894301e-04
3.644493384064980616e-04
3.864984152968234995e-04
3.502761039164537351e-04
3.363109872874900266e-04
3.833026615313149402e-04
3.900993035439972632e-04
3.623186804367669179e-04
3.370017945259395822e-04
3.435361519588641375e-04
3.432883646803983166e-04
3.660053537464115340e-04
3.458473419970390706e-04
3.243415745430300312e-04
3.637802952798938148e-04
3.739274498283265782e-04
3.437798826330478699e-04
3.294548590740232564e-04
3.483678681144667397e-04
3.457578894147480988e-04
3.374461298629707266e-04
3.298921546287081992e-04
3.297036311618635885e-04
3.234748014166722013e-04
3.225551442260939897e-04
3.407533986181528717e-04
3.581045410653512537e-04
3.232177756833861672e-04
3.869705750205226693e-04
3.647437243253919838e-04
3.604615064983377544e-04
3.415775052918822012e-04
3.947843688482944300e-04
3.720415602478761787e-04
3.579609552359908336e-04
3.494009141221658568e-04
3.497809233946553914e-04
3.670077266933471851e-04
3.854447404317194953e-04
3.623216591888317505e-04
3.521309596778013427e-04
3.352493269772900534e-04
3.126392773095848813e-04
3.538623954453331980e-04
3.519283308925220911e-04
3.433797947745310659e-04
3.152978260713707858e-04
3.489375872216613351e-04
3.559056857306088536e-04
3.283435743955756829e-04
3.606877472618836623e-04
3.433690286665304109e-04
3.293879167522918597e-04
3.251303938986322708e-04
3.376034544230027126e-04
3.655926571828969473e-04
3.402224493290742155e-04
3.467218403035131629e-04
3.747896503375605431e-04
3.303896529508155381e-04
3.755408943036977185e-04
3.801155100382757625e-04
2.968396948951080032e-04
3.579284303709417709e-04
3.422407381564475902e-04
3.619829901769077026e-04
3.247779055213834598e-04
3.862129879536888911e-04
3.338242454347935088e-04
3.168349294492835925e-04
3.424501940596295880e-04
3.938923088691460416e-04
3.634835147248386008e-04
3.165387808708739815e-04
3.854962152036547386e-04
3.625491572790217167e-04
3.450384413971845760e-04
3.289387616109649688e-04
3.492523517838938270e-04
3.396647065013522052e-04
3.263470140024492087e-04
3.324919529969952003e-04
3.287715386958353354e-04
4.038749707273428307e-04
3.530036243368659603e-04
3.472960605452559053e-04
3.993417804286831011e-04
3.514608842736789110e-04
3.707247037941679741e-04
3.427411611868070424e-04
3.511519147016313458e-04
3.564302419544202317e-04
3.549286445232210496e-04
3.429714053777222957e-04
3.658225075567902930e-04
3.217999475496305557e-04
3.684054426207131736e-04
3.859780014873948257e-04
3.502642146064238108e-04
3.253588138289463831e-04
3.339896288796132375e-04
3.561897772925919732e-04
3.432337991876388897e-04
3.451475609635519981e-04
3.445480034400098010e-04
3.746009216461128875e-04
3.596404346376073100e-04
3.380014438841447643e-04
3.368987770706410412e-04
3.854356051032643143e-04
3.158007837328040564e-04
3.650277379582465669e-04
3.343801810407733628e-04
3.199840624960395303e-04
3.343224919792510820e-04
3.376320093663919214e-04
3.873276692407646668e-04
3.440100425955544788e-04
3.481721961992701548e-04
3.273629297009251191e-04
3.499641740102100757e-04
3.449981872378418278e-04
2.991473946783089022e-04
3.358798915072559580e-04
3.427900367722442015e-04
3.274240520615989431e-04
3.584340478789204234e-04
3.274899826243169647e-04
3.257826301541274930e-04
3.163108743320533576e-04
3.828392763508159271e-04
3.290069718667574411e-04
3.733287873603764696e-04
3.517686322982232984e-04
3.130159392267347815e-04
3.708250454580787900e-04
3.375831685564705626e-04
3.372612292213378153e-04
3.513167973857447357e-04
3.185529702843612073e-04
3.330784764200140063e-04
3.487777884679485224e-04
3.614363604482361187e-04
3.453214508330685727e-04
3.210399229978893416e-04
3.436134047890120882e-04
3.496901739474120242e-04
3.404045698405901762e-04
3.711813615150138840e-04
3.520877979443045496e-04
3.742136647456580719e-04
3.221982454087388972e-04
3.218562258279137993e-04
3.623894740621162389e-04
3.093897820067914367e-04
3.605284017125492263e-04
3.666046794608338174e-04
3.324356093534671644e-04
3.475759502000823320e-04
3.327842845259439608e-04
3.454857932469332306e-04
3.379618943871622169e-04
3.328326541090956378e-04
3.095550514098048935e-04
3.232498750755791184e-04
3.489514156413043742e-04
3.963315390311042950e-04
3.221945204189090154e-04
3.538587005767537537e-04
4.065626088572291889e-04
3.430253808118370368e-04
3.376572059777316662e-04
3.397458400217489042e-04
3.731944099463644846e-04
3.605465637972191432e-04
3.278557343584073062e-04
3.547274679715361903e-04
3.371025451530954486e-04
3.324707788877544440e-04
3.407987763737771827e-04
3.180198353068265345e-04
3.650700806087538836e-04
3.987596031077067830e-04
3.197240377307235108e-04
3.626702045544302473e-04
3.896216318493792843e-04
3.311163851019089180e-04
3.426791534950820724e-04
3.454838896143684981e-04
3.733825996949939239e-04
3.343983137796644888e-04
3.530770507311105908e-04
3.313543663121638829e-04
3.189184700910609790e-04
3.211844414796714169e-04
3.773777461647793529e-04
3.321873321956268104e-04
3.183673310465152430e-04
3.487230639729476550e-04
3.412561375167809624e-04
3.466263215813200019e-04
3.191382885790084063e-04
3.516807578003459597e-04
3.310420681035290344e-04
3.335098032783444569e-04
3.569794405767124810e-04
3.562346104468603020e-04
3.765850383291254912e-04
3.092188437876096548e-04
3.549582437948930720e-04
3.473831236881244036e-04
3.305330025598768860e-04
3.714082754004332989e-04
3.373716888502188834e-04
3.616375290522550693e-04
3.272175349322626920e-04
3.518067312224567970e-04
3.487979326936600181e-04
3.503757788389913388e-04
3.199232063985806332e-04
3.829298433880250598e-04
3.393312026330866957e-04
3.304855689234307095e-04
3.232770263246918991e-04
3.613770189715315596e-04
3.429525110408554044e-04
3.107811739079250528e-04
3.778473440993695520e-04
3.178876281607946348e-04
3.248419991030367690e-04
3.565174045550541584e-04
3.190757134582387672e-04
3.459334075160825478e-04
3.427966977966265543e-04
3.411494323540280229e-04
3.241757200154898899e-04
3.685664302442756123e-04
3.360987855359871216e-04
3.162708887992810871e-04
3.038432561165296071e-04
3.348194520289213272e-04
3.422073123534613180e-04
3.809748577364832547e-04
3.150082050650379519e-04
3.752987648815838892e-04
3.685985932820363292e-04
3.351093450438854919e-04
3.305321319663597954e-04
3.645467677126932107e-04
3.114535942226198412e-04
3.451177997852849112e-04
3.073206280326403568e-04
4.227923299977748338e-04
3.758117623261223502e-04
3.079395763167541602e-04
3.454996759817003911e-04
3.550034949247495692e-04
3.294792116290777952e-04
3.685657906401100829e-04
3.055440203552051387e-04
3.393188044374116684e-04
3.173525345888866334e-04
3.087003076390557998e-04
3.148382648680464512e-04
3.436667012661586535e-04
3.417357598978012253e-04
3.313973288664649156e-04
3.551263058446342200e-04
3.275526344335003069e-04
3.689508118465197484e-04
3.729993691551032934e-04
3.661441268249220884e-04
3.671830927436407679e-04
3.341251259266060604e-04
3.128768070531054066e-04
3.283756315042157272e-04
3.626470956553352822e-04
3.313352378906052028e-04
3.400780679338530474e-04
3.327540130591544448e-04
3.881704696842857324e-04
3.474614976186771935e-04
3.247374815114343130e-04
3.421904993443184730e-04
3.437810552775969874e-04
3.238203307833859251e-04
3.349806530795461390e-04
3.568883129701832190e-04
3.626950445277163761e-04
3.515575646062874589e-04
3.465214828513960986e-04
3.052761280826995528e-04
3.726543913708752018e-04
3.431739802931071080e-04
3.457243754563846770e-04
3.359049359601990891e-04
3.194503521410512760e-04
3.178707630141829684e-04
3.401724428917464655e-04
3.376630204589670765e-04
3.536798122933134227e-04
3.358698663511044415e-04
3.607524496119619644e-04
3.673550144243489584e-04
3.236709092755906628e-04
3.587825956294875534e-04
3.506583685298320335e-04
3.518526292547116967e-04
3.485832642188714113e-04
3.586865594097284342e-04
3.709928271515848031e-04
3.411452795344457759e-04
3.308697542774777364e-04
3.410907483443268297e-04
3.594570306290208422e-04
3.536820593187093610e-04
3.303156796328275799e-04
3.483367514868550914e-04
3.585032200858881868e-04
3.267337986387913338e-04
3.458501471065272403e-04
3.407706320190875154e-04
3.517399665515580842e-04
3.355650881086755374e-04
3.223805036358783765e-04
3.462437677040265823e-04
3.052512976085948134e-04
3.535106292729162949e-04
3.321398769999575314e-04
3.969182802826237808e-04
3.200157746184697821e-04
3.231890720750410701e-04
3.503523480676219888e-04
3.501880377489184951e-04
3.152749080260717498e-04
3.451741816059211774e-04
2.842188778044010887e-04
3.758814862930798077e-04
3.342169895297872383e-04
3.463251005175015779e-04
3.542790450494103156e-04
3.557257898331569264e-04
3.316268679200271474e-04
3.449814588678822859e-04
3.653226035117133788e-04
3.442734097494433345e-04
3.715754588514686135e-04
3.509381477913483529e-04
3.143867743095454044e-04
3.354701164474297001e-04
3.290499720710516772e-04
3.235917273427528387e-04
3.453280467208262616e-04
3.378862991545252318e-04
2.995271335576397270e-04
3.116878980959026583e-04
3.577989271405398433e-04
3.204799897019135007e-04
3.881579309245500428e-04
3.191768218914566480e-04
3.310285749513635668e-04
3.470889470257129575e-04
3.438569352118733520e-04
3.099013518765052688e-04
3.471908014785963690e-04
3.316651929364728725e-04
2.953384916822004579e-04
3.282818332770225610e-04
3.124507837515437861e-04
3.097335704999826743e-04
3.299819011042895715e-04
3.084763468914262477e-04
3.249672790580553712e-04
3.028625012813409689e-04
3.574573576156244402e-04
4.109511819048373331e-04
3.648048232690114336e-04
3.205089851606750446e-04
3.469639963394512551e-04
3.310535338241264941e-04
3.508222676207127370e-04
3.216521739211780401e-04
3.008230473392078334e-04
3.030554232476910634e-04
3.357520827927767916e-04
3.239826009911944216e-04
3.170936781987937904e-04
3.627360717616141253e-04
3.539879991124264698e-04
3.239289546438022882e-04
3.694066452043777925e-04
3.325470110788750536e-04
3.406662492187048576e-04
3.553642002400814008e-04
3.223071923926457897e-04
3.277254739211719566e-04
3.528775864363115425e-04
3.409105717231042301e-04
3.943833741739592811e-04
3.190542866952220179e-04
3.495250683266368816e-04
3.250158849623350794e-04
3.182094644708994202e-04
3.260267694358069375e-04
3.398102996354296552e-04
3.729829676591299090e-04
3.123731080361645540e-04
3.330507828910754184e-04
3.485827723344979011e-04
3.400078846881757167e-04
3.093350723818637325e-04
3.235549414259711277e-04
3.495370631048653792e-04
3.484667959943653858e-04
3.276601499891706234e-04
3.028003807829370703e-04
3.145505105500236197e-04
3.133105786901711613e-04
3.134180410496720573e-04
3.130184527495980971e-04
3.107036048770893985e-04
3.604324620034968143e-04
3.098723644209101053e-04
2.887199250105506308e-04
3.585068966608670016e-04
3.004691679557656547e-04
3.697235225051396026e-04
3.553205155492681591e-04
3.116834031091557464e-04
3.212079429672797296e-04
3.068876107273119753e-04
3.479160825398487427e-04
2.958848762141738642e-04
3.585719338757040013e-04
3.680455487216593687e-04
3.375907876154373051e-04
3.090030422379144693e-04
3.620092490168812759e-04
3.355937442541163137e-04
3.393272237200402135e-04
3.094751692862527954e-04
3.490979105846108961e-04
3.228210347914408241e-04
3.479872107266770618e-04
3.270884056445893802e-04
3.440841421995463893e-04
2.979095298046099158e-04
3.442091867530145798e-04
3.104724805143370381e-04
3.140602902903740531e-04
3.379149870053277599e-04
3.689765068616098387e-04
3.710663363385650459e-04
3.337515807405888883e-04
3.492061105624593245e-04
3.301326723930878937e-04
3.139152717231998816e-04
3.376527490680662270e-04
3.073459258193121028e-04
3.371721798160475262e-04
3.236187816721870650e-04
3.463589103147579878e-04
3.456997438141779866e-04
3.319381507619384615e-04
3.516165678961545972e-04
3.355452153738631938e-04
3.475314219635180450e-04
3.351250061959545304e-04
3.448463600046022446e-04
2.990708259475979890e-04
3.238971683441153058e-04
3.182932615542429281e-04
3.060812608878408841e-04
3.211415918705487135e-04
3.120914769585026588e-04
3.551255720611662587e-04
3.281779185366348541e-04
3.313171865897203178e-04
3.177505544345843422e-04
3.495647489380131309e-04
3.421298632680752324e-04
3.334467344694566539e-04
3.306242517712408568e-04
3.226500062338477572e-04
3.338927844565405998e-04
3.225640723474445062e-04
3.490092036666335852e-04
3.696644323056548866e-04
3.461664937920193373e-04
3.632819177581261892e-04
3.233708664599208092e-04
3.396037665150555915e-04
3.249938375933810841e-04
3.407737609522624089e-04
2.970676933830017656e-04
3.553990135183727312e-04
3.472960135667450886e-04
3.167464643345808961e-04
3.346613415817144515e-04
3.028301425877606896e-04
3.068229112083075902e-04
3.242699421142283410e-04
3.263227468142402611e-04
3.090330511229349400e-04
3.491374238459777528e-04
3.042145064232051541e-04
3.459130950036662226e-04
3.396017356581331826e-04
3.145027840135145155e-04
3.147493811895539528e-04
3.509951028830263675e-04
3.281562759368234872e-04
3.011502546642648567e-04
3.043943511945483094e-04
3.157724573246665513e-04
3.389158327534455908e-04
3.533993501849235484e-04
3.131042885328461371e-04
3.496003268510795002e-04
3.204920838245384229e-04
3.180575622232780322e-04
2.953426139592416609e-04
3.445282172131564026e-04
3.182466686055641448e-04
3.423747652017231102e-04
3.399520818215425702e-04
3.231699746068775105e-04
3.260782074730593939e-04
3.561423486958385266e-04
3.144208699343020458e-04
3.327623036562232773e-04
3.477752348568944945e-04
3.359433544812549018e-04
3.381615143172502641e-04
3.165780944132230387e-04
3.908827823113482998e-04
2.990879286203362982e-04
3.238346290976583017e-04
2.865391100836483487e-04
3.472849361179395711e-04
3.100722849631815732e-04
3.210384933050273591e-04
3.139501534467764587e-04
3.817014867508706447e-04
3.280496976451407294e-04
3.626428967229352609e-04
3.424736079566226927e-04
3.389700363368619205e-04
2.900361063902976940e-04
2.985220199669875486e-04
2.926784579741538721e-04
3.099460322643348841e-04
3.296896928626741156e-04
3.517218655299078796e-04
3.081273127981554866e-04
3.334659682502727853e-04
3.649605444074414929e-04
3.253448192714140366e-04
3.354911597971484854e-04
3.247559995517007169e-04
3.490456568439003187e-04
2.993166038066383608e-04
2.975347872450095389e-04
3.021501272533601377e-04
3.184341328036148738e-04
2.937088656590445017e-04
3.128660793417797513e-04
3.481764367246233788e-04
3.310207523997115027e-04
3.123075074898518490e-04
3.130808876013916687e-04
3.616028028548138110e-04
3.368537451413388989e-04
3.133864158870511675e-04
3.320067553907626152e-04
3.289971717630618708e-04
3.559891610926749759e-04
3.565592466982479836e-04
3.270309078557988563e-04
3.411004712803428728e-04
3.454131408056582381e-04
3.354193870505756668e-04
3.057612991160012705e-04
3.064953574518804310e-04
3.442590724225064939e-04
2.886842870323985981e-04
3.234763458818084420e-04
3.067583405417377324e-04
3.245077881491106203e-04
3.641345899105123728e-04
3.257825669992071263e-04
3.220290153520606494e-04
3.024972554531041324e-04
2.956235802508189224e-04
3.417991780194928083e-04
3.472599132622151367e-04
3.289164900703034095e-04
3.513674430772698596e-04
3.051670264578441763e-04
3.499890142173222923e-04
3.216906071157389396e-04
2.995182417898008286e-04
3.335191448628956621e-04
3.237382372515235042e-04
3.496363177862457346e-04
2.979449999634566212e-04
3.460179893705565141e-04
3.323053809288980414e-04
3.387250616373594487e-04
3.132450268975232443e-04
3.262923865931711574e-04
3.269014367400200098e-04
3.049329317161957324e-04
2.811195462808595540e-04
3.383632640343626238e-04
3.018954218352398571e-04
3.667323136089837101e-04
3.249582826418800897e-04
2.954912265196071560e-04
3.286006575543167331e-04
3.299819918198116341e-04
2.986241694631347064e-04
3.359382987226025162e-04
3.562559469600670389e-04
3.263155526460544977e-04
3.125507438193055000e-04
3.285522505669423248e-04
3.110517628824749250e-04
3.381969637951618693e-04
2.938226295069844155e-04
3.297096565350084033e-04
3.119062543938189765e-04
2.886866735576113993e-04
2.855991364928910331e-04
2.966239765780270864e-04
2.931710277186956679e-04
2.740506976601280397e-04
2.948247819876523203e-04
3.066144857768466204e-04
3.296285501198483250e-04
3.250025942155746026e-04
2.940973758012209254e-04
3.120088400939532904e-04
3.179203019692506760e-04
3.076697335674143303e-04
3.384188401292579349e-04
3.367137039199438590e-04
3.114140786746521171e-04
3.058133968941664522e-04
3.214704040109953097e-04
2.902231513685477309e-04
3.285612161334167201e-04
2.989406263114389442e-04
3.359766674613251253e-04
2.897129704473592657e-04
3.162844296835150152e-04
3.430041824125559780e-04
3.340469635585868215e-04
2.957482184719881961e-04
3.049482191992950895e-04
3.419264887383863423e-04
3.139671119917327390e-04
2.824731512607114663e-04
3.104014124718351415e-04
3.183771857039112375e-04
3.101939180354636779e-04
3.451523437891971342e-04
3.070584425721068107e-04
3.127453118396431530e-04
3.015850565851508377e-04
3.235166979958867131e-04
3.279207048641933167e-04
3.071163371062301563e-04
3.392523546969234273e-04
3.266320525036493089e-04
2.891033900413189314e-04
3.035422856053636475e-04
3.112054866577771729e-04
2.751349802551340210e-04
3.014672815314135574e-04
3.306380117073381302e-04
3.113195445011919700e-04
3.228035875372140635e-04
3.431765914580516929e-04
3.753495692788255504e-04
3.522493392596450163e-04
2.845354245338272943e-04
3.176306009920659614e-04
2.943975230411457751e-04
3.083123755413049610e-04
3.205615018378141115e-04
3.304780018061483733e-04
3.342556706693819457e-04
3.076571775343433721e-04
3.382071506392916047e-04
2.753619314191573051e-04
2.977488769569186728e-04
3.263255545068896005e-04
2.830708485091930414e-04
3.093746059858993821e-04
3.189495284349843133e-04
3.333903523246181341e-04
3.244911840720038896e-04
3.017637180017773680e-04
3.055073290909150014e-04
3.442022735333550871e-04
3.011455542254299310e-04
3.043837430970383596e-04
3.478928199570604563e-04
2.880308107960636351e-04
2.741847976284829728e-04
3.543163596837956876e-04
3.178301728740400727e-04
3.292302213493779176e-04
3.403486253455350404e-04
3.082447733149300479e-04
3.580434070251174955e-04
2.910324460763129739e-04
3.057525227709959352e-04
2.928231441195774899e-04
3.201788018542166617e-04
3.236556673476143477e-04
3.142688587006538031e-04
3.285798429965223187e-04
2.963767768402276667e-04
2.751060854258440295e-04
3.288222848619626760e-04
2.928987424653065074e-04
3.127050060552894438e-04
3.339366015882677089e-04
3.018476740330159778e-04
3.175555170673831774e-04
3.365445426958267898e-04
3.170164367377855189e-04
3.056808151161027757e-04
3.116841253706610160e-04
3.075110020697395660e-04
3.035025375610822182e-04
3.143567873174677959e-04
3.329556642859769332e-04
3.135697727663821132e-04
3.111648290519252597e-04
3.223709513839584763e-04
3.218218430985566474e-04
2.769010841054735865e-04
3.277658700473009049e-04
3.230972864426418499e-04
2.851491973832264121e-04
3.209809833042908084e-04
3.083584041085188419e-04
3.520861087040176194e-04
2.901717270343032412e-04
3.181005664977033277e-04
3.273461679102372072e-04
3.751227740548234704e-04
3.015067471524409868e-04
3.435232247765238750e-04
3.498171843297374971e-04
3.117049041690856271e-04
3.062369679918498571e-04
2.952794153731230125e-04
2.927082433869168795e-04
3.046084907838382603e-04
3.287637988929413666e-04
3.179181343022777825e-04
3.358209218613325163e-04
2.907667829062275601e-04
3.281386300771768020e-04
2.833617153562660172e-04
2.945962125733921533e-04
3.375918559730060583e-04
2.925915336831976551e-04
2.917393249175697441e-04
3.578916064293328494e-04
3.183741633162372815e-04
3.135820471597670521e-04
2.973073662927980319e-04
2.830413451161348237e-04
2.965095500928033160e-04
3.146505527408166364e-04
3.017944723020756816e-04
3.055486573243984126e-04
3.077471593046246469e-04
3.046914849725036170e-04
3.036636360183253775e-04
3.029063299990312780e-04
3.028624609236708009e-04
3.178824567209369116e-04
3.159305477163731435e-04
3.401197205452336685e-04
3.091013436345194337e-04
3.225150019880835238e-04
3.282824959766672329e-04
2.917102869860050394e-04
3.085720806365713806e-04
2.970243171774097240e-04
3.028073676828958380e-04
3.189337805850612465e-04
3.227652924940069648e-04
3.093307189804481161e-04
3.022976002411430132e-04
3.129233236092406403e-04
3.217349581299539635e-04
3.382159999031869959e-04
3.267003398990680108e-04
3.041075155901799463e-04
3.516584536860641670e-04
3.480986281863902485e-04
3.112189945590480606e-04
3.053037981167494347e-04
3.112152469050593262e-04
3.400751723725738010e-04
2.690933669704590457e-04
3.019637075276618201e-04
2.993545664144004565e-04
3.280089758971261519e-04
3.089485885397007226e-04
3.141509293596846607e-04
3.157967093996462546e-04
2.864750604878533438e-04
3.656560686686933549e-04
2.802099919542013558e-04
3.578584174234329652e-04
3.061435947638188018e-04
3.435770565962596550e-04
3.342820555781263387e-04
3.297317296529557766e-04
3.405371999387569798e-04
3.211147759789721614e-04
3.064278607071368684e-04
2.743457663950722995e-04
3.345472339864803452e-04
3.400618392638544399e-04
2.970363469933944467e-04
3.535971062613479563e-04
3.261704194890066035e-04
3.080574307859822798e-04
3.330378014421755397e-04
2.929355571682846810e-04
3.042413505588864608e-04
3.540115917042459259e-04
3.073999404353593362e-04
3.170905545729145697e-04
3.223175240226501125e-04
3.167060702204753625e-04
3.225506348549260689e-04
3.377234433707057147e-04
3.274693053778367246e-04
3.152164060465184560e-04
3.288398354704289914e-04
3.054907177271727289e-04
2.937656320016445170e-04
3.031227565981681931e-04
3.452695831135421428e-04
3.127786252268366591e-04
3.551561278075922811e-04
3.013718954623425530e-04
3.119531857949729529e-04
3.265931384878152590e-04
2.984310777842957580e-04
3.267843393178434565e-04
3.036654822599549526e-04
3.154364847991921036e-04
3.381006664909431427e-04
3.472176781278620027e-04
3.015738569816164968e-04
3.029019933784607671e-04
2.946687387068611347e-04
3.102054252790510994e-04
2.960476923696559858e-04
3.090749220767679693e-04
3.156023808723335141e-04
3.374453993896973317e-04
3.191643236695648192e-04
3.043491204938524541e-04
3.082019481058533472e-04
3.061935194146876531e-04
3.201798060073724156e-04
3.262448680524640586e-04
2.990095647164146180e-04
3.295857357839289794e-04
2.917688248014436449e-04
3.020252492960016845e-04
2.867493759709328145e-04
3.097170315906378098e-04
3.426319755722015067e-04
3.184057221674631570e-04
2.952210920247042882e-04
2.690300580261357805e-04
3.122172657299998491e-04
2.825218809949813273e-04
2.935264214871790428e-04
3.406959446202683078e-04
2.629080391444405212e-04
3.250534409357853406e-04
3.212689852523616715e-04
2.874158886579601105e-04
3.397287593141308558e-04
3.263759078119362516e-04
3.444096250671817728e-04
3.144609369442901326e-04
3.318094013920343233e-04
3.790287569446251477e-04
3.028201983486346945e-04
2.948551209939707105e-04
3.062437381837046350e-04
3.033623081185271662e-04
3.013416508067882351e-04
3.484359496859550597e-04
3.247099504063558940e-04
3.556304548869624704e-04
2.688517405759794656e-04
2.810397873187657557e-04
3.336741781309515080e-04
3.018107920877501657e-04
3.070995581260348314e-04
2.871714538047844597e-04
2.866944457517805285e-04
3.616217850735824906e-04
3.138395605331622054e-04
3.019102277010976294e-04
3.091771168539997816e-04
3.065308780473704965e-04
3.230105431152110475e-04
2.837593043262512838e-04
3.078333165367694302e-04
2.977712719442694093e-04
2.939431320506763435e-04
3.306920464348740100e-04
3.100586958778894829e-04
3.109945212259878104e-04
3.342311050405243934e-04
3.157056712852149153e-04
3.061322716746291118e-04
3.286374830243217709e-04
3.607633653902559225e-04
3.146439458586980354e-04
2.852418795889263684e-04
2.848557187176285798e-04
3.132123615439051070e-04
2.792941373212336751e-04
3.070529269355847532e-04
2.921213846944095238e-04
2.952608060768008909e-04
3.050692315723750885e-04
3.205410162746281087e-04
2.906611791403177609e-04
2.734307573242384390e-04
2.937043359039969923e-04
2.773026734924320127e-04
3.513471310557579434e-04
3.061550491013181842e-04
2.760312785386787623e-04
3.107524108378962235e-04
3.376330648265652291e-04
3.268769179803556087e-04
3.164695115762115093e-04
2.825833762375551503e-04
3.278275143539237553e-04
3.258080895761371115e-04
2.946761399013355341e-04
3.169328062380057944e-04
2.838938991583483235e-04
3.027342940397967212e-04
3.034624914742628196e-04
2.983770964902135578e-04
2.759911782997375037e-04
3.040951183601060532e-04
2.961385514238876063e-04
3.173717777731981625e-04
2.988383754580878522e-04
2.950081343633259448e-04
2.831458215650039080e-04
2.916882149983072601e-04
3.370062551221451354e-04
2.934514563112370256e-04
3.212364276915889304e-04
2.927421800523086984e-04
3.406934630592456099e-04
2.968884393378093856e-04
2.899623255697296497e-04
2.986468360970873028e-04
3.118399117350551908e-04
3.057188511579245400e-04
3.156550658803071495e-04
2.956311312539349964e-04
2.985522850409485238e-04
2.721452606866686533e-04
3.220549872020514459e-04
3.234935794445136935e-04
3.061852756001526136e-04
3.107443713955537474e-04
3.082674318044913955e-04
2.964265563588626504e-04
3.398840526678333519e-04
3.096087101093773948e-04
3.064783378777529051e-04
2.898993760204042502e-04
3.143000634952811860e-04
2.830510109567711190e-04
2.944907188337297986e-04
3.156092306050856523e-04
3.211299739899376067e-04
3.242675059601274096e-04
3.051893659614265085e-04
2.964801484201139885e-04
2.737427709295539688e-04
3.091883425974215234e-04
3.199083236512493969e-04
2.830719194034520534e-04
3.389696793678688728e-04
3.086539472968333024e-04
2.831144899410533854e-04
3.203995804022214755e-04
3.082508458943002821e-04
2.983695081802537259e-04
2.911499550179932764e-04
2.656153504665428552e-04
2.991745847353729473e-04
3.084983341628059193e-04
2.853132099542481440e-04
2.820161247281084888e-04
2.872798049590718225e-04
2.896967573830305179e-04
3.366688281227445687e-04
2.927086455387917772e-04
3.079639446091411432e-04
2.907197274765726809e-04
3.127173813808639094e-04
3.079953314597797974e-04
2.962528300479958269e-04
3.265278993141395008e-04
2.904977118124723754e-04
3.034198394035435569e-04
3.176398221447900038e-04
3.167988981121251137e-04
2.886866754617717140e-04
2.916692732209352312e-04
3.021107654709398547e-04
3.056208484179301398e-04
2.680167079652513544e-04
2.950796897722981018e-04
2.926067038483193597e-04
3.094626990388447529e-04
3.334993913866065142e-04
3.310789196897920457e-04
2.957440780639494760e-04
3.093553726524438780e-04
2.699722307767067142e-04
2.981753892686933669e-04
2.769859073053504168e-04
2.769632921782287931e-04
2.742194206478182524e-04
3.013691042089628098e-04
2.934961884158598152e-04
2.992770976794011085e-04
3.149727508911375775e-04
3.151164238992664336e-04
2.999314964573721997e-04
2.692929283566966071e-04
3.321364401335643798e-04
3.030631598543420658e-04
2.780308631575535358e-04
2.638876561924597200e-04
3.059032645135645366e-04
3.088014321259496472e-04
3.115481354834188422e-04
3.105010783635580207e-04
2.950678955015382512e-04
2.795571692348957846e-04
3.090621567850215193e-04
2.922777524376895413e-04
2.858732256276815421e-04
3.244120040453010376e-04
3.310623825362753571e-04
3.181020034258748839e-04
3.125414743356100169e-04
2.758367888478369394e-04
2.770828056601299196e-04
3.118205129046079248e-04
2.871870053093358703e-04
2.987714670610669898e-04
3.089118878293871406e-04
2.780537912558203617e-04
3.030924136227430214e-04
2.927975901558313985e-04
2.961302958036020165e-04
3.042587048266454119e-04
2.854008384046976621e-04
3.015251339771371345e-04
2.875545396716013848e-04
2.822116170904821059e-04
3.279285516351815527e-04
2.733924339491568961e-04
3.017122087898091594e-04
3.060094858476506210e-04
3.120164006988342229e-04
3.093658123311753927e-04
3.003747992534593764e-04
3.382329987242098292e-04
3.120623091797387178e-04
2.936919307207102496e-04
3.110454239953591954e-04
3.084844114966244638e-04
2.825598504677087250e-04
3.509354131988376944e-04
2.928623136472571623e-04
2.947132338450894466e-04
2.767488914446115966e-04
2.905426636897511850e-04
2.917391153710655180e-04
2.750429115336686147e-04
3.179707833334416162e-04
3.100770178990898906e-04
2.797873770686820334e-04
2.749685482478535833e-04
3.155679659348452890e-04
2.958379001621815768e-04
3.294932933763472884e-04
3.017973393719488077e-04
2.746165710599066524e-04
3.116204984168093723e-04
2.945501099731661298e-04
3.163372572750673835e-04
3.234729081598096108e-04
3.122288824482816086e-04
2.929348827064890228e-04
2.844454810099094526e-04
3.146212054244763748e-04
3.403675330986552830e-04
2.797353124860214651e-04
3.055044728066801541e-04
3.060020840604888641e-04
3.018131410633667221e-04
2.847370288225149260e-04
2.938672481917495522e-04
2.659234451562500186e-04
3.386998161278301700e-04
2.653779818655417969e-04
2.644044595849161152e-04
2.950675432337292528e-04
2.601364507239711712e-04
3.104558533768548667e-04
3.168803743788065628e-04
2.878467825771702433e-04
2.743357636005815917e-04
3.035977042070152516e-04
3.237706413392581477e-04
2.988692542269532921e-04
2.805329526728357506e-04
2.817371291407207981e-04
3.199562733556863235e-04
3.252248576659228624e-04
3.240212028618030598e-04
3.151288898121554043e-04
3.143754042420634728e-04
3.058148799186679407e-04
3.056505544865872632e-04
2.943150080752645410e-04
2.818371774041837966e-04
2.717193189448817003e-04
2.904012986170305985e-04
3.265436335266470977e-04
3.364248055556295154e-04
3.049232845080331478e-04
3.013575798394308998e-04
2.853624037902815895e-04
3.273995551254919346e-04
2.905523101834192254e-04
2.737268596521582839e-04
3.209894777310452470e-04
3.024239983656694473e-04
2.946283158703786394e-04
2.841256997270550332e-04
3.372041206907095074e-04
2.715552455292377133e-04
2.873303263957422771e-04
2.815969913621063441e-04
3.140962722137292419e-04
2.993824098853529276e-04
2.922539050329961050e-04
2.922870925001096925e-04
3.110931176036882601e-04
3.051751303561211115e-04
2.914270076198548069e-04
3.045326403289837290e-04
2.968261750692673313e-04
3.000563516935746415e-04
3.504649970890256951e-04
3.082033209091526076e-04
3.132331638839424420e-04
2.944083485398773159e-04
3.330551242729919777e-04
2.698640783624902469e-04
2.856423550633929265e-04
2.981613384804592307e-04
3.098430488700980399e-04
3.236371570948318177e-04
3.035840566414837387e-04
2.958827716459621585e-04
2.693383197848792294e-04
2.945326394649550733e-04
3.367465958256256721e-04
3.118139937771019824e-04
2.937537242075544987e-04
2.926269205956161094e-04
2.930458114539374339e-04
2.867642606080680109e-04
2.907948455107244035e-04
2.743312111301385455e-04
2.991199538979439580e-04
2.847217327178995787e-04
2.843038873043447095e-04
2.832846501513135032e-04
3.119098322481644522e-04
3.107784367267291061e-04
2.832153749429576679e-04
2.851966600007143303e-04
2.713431773713109512e-04
3.463182105616080531e-04
2.967072475203098077e-04
2.788178851289526599e-04
3.051233767100369971e-04
3.228778534614191098e-04
2.913306999495096660e-04
2.766736942325322048e-04
2.736025423096800327e-04
2.934024526328758492e-04
2.667578755291642582e-04
2.858310647158585484e-04
3.029366744275406847e-04
2.940163723159708851e-04
2.865480162409274074e-04
2.856416547438270790e-04
3.049629166381409725e-04
2.785081441078225825e-04
2.551168891576218812e-04
2.997124029473654085e-04
2.774416045220104822e-04
2.783684565824012564e-04
2.886613752131183402e-04
2.911010837615493900e-04
2.922541952992882270e-04
2.915723880360692388e-04
2.933049054975532771e-04
2.764260663248306908e-04
2.956334584054652864e-04
3.065116676638757719e-04
2.805977174943273490e-04
2.951005131468804736e-04
2.974800806623149668e-04
2.994742982497956688e-04
3.068571927321279524e-04
2.712695590584550550e-04
2.937019773981697224e-04
3.033072614035593360e-04
2.778888913840757164e-04
2.916491119993121130e-04
2.948898871145280514e-04
2.839879052545874133e-04
2.730817844038185881e-04
3.052835970454672080e-04
2.968669901144422164e-04
2.996332566331485927e-04
3.184289031852859954e-04
2.918225514926155845e-04
2.833507146861261191e-04
3.226802418367844785e-04
3.393913907591678924e-04
2.954012442271409383e-04
2.844114134426510305e-04
3.215992664176059619e-04
2.837896668255273074e-04
2.933013016917699169e-04
2.905737420043017763e-04
3.105022365542289939e-04
2.972203573741511091e-04
2.771523681901909742e-04
2.958331477606735544e-04
2.775029817345302588e-04
3.132707100984847746e-04
3.030852241562799389e-04
3.381173849059447112e-04
3.472557355243714792e-04
2.868373540470285296e-04
3.281619983475857444e-04
3.098258451350652384e-04
2.678069023099321111e-04
2.962503049246023503e-04
2.853260586029109612e-04
2.575236369763966577e-04
3.394711050448467795e-04
3.058952132046518341e-04
2.871099676871443555e-04
2.760764755620251885e-04
3.274688236573082404e-04
2.913237895904420365e-04
2.815558556538716060e-04
3.111613812275562619e-04
2.826624996912311403e-04
3.002023721640684531e-04
3.265257462890258384e-04
2.893748282104148658e-04
2.948267952341568311e-04
2.776841963942962722e-04
3.017559947526871371e-04
2.982527961784134439e-04
2.983863009404906117e-04
2.798624814836941400e-04
2.944753162878563542e-04
2.913455955838903486e-04
3.065198096886235461e-04
2.997770224287186450e-04
3.074446540794221138e-04
3.070049524272351594e-04
2.855341374311184542e-04
2.944564385521557595e-04
2.993665499726213923e-04
3.197806345788146575e-04
3.173640865602471895e-04
2.863491029630053962e-04
2.759273127255455218e-04
3.192506641792905941e-04
2.781403923611340512e-04
2.927911090333080806e-04
2.920229887078841903e-04
2.935566465438144645e-04
2.890769853411175451e-04
2.700706342333098267e-04
3.001765510114706432e-04
2.578757513293416441e-04
2.867759737309133017e-04
3.059918521581810199e-04
3.030046567066560156e-04
2.702666715657467151e-04
2.945238614509637707e-04
2.787265239425650346e-04
3.213337833618501406e-04
2.773298737166961475e-04
3.315418384555905229e-04
3.001209092472712447e-04
3.014785644768105521e-04
3.184752319739742933e-04
2.819494980326539969e-04
2.867432684823326681e-04
2.835820553232628401e-04
2.649921041108290343e-04
2.813406689523816474e-04
2.682059484666018999e-04
2.794867218252895498e-04
2.793433728611589254e-04
3.157797328403596582e-04
2.940300744062471975e-04
3.062037840057202712e-04
3.039663563646631170e-04
2.704376846039633080e-04
2.891280320959438367e-04
3.170971629209963722e-04
2.644424154476575448e-04
2.710181885227194482e-04
2.709720982393741214e-04
2.748508650608505206e-04
3.029651391838754544e-04
3.077682784635261482e-04
3.049741335375089155e-04
2.603040629228903615e-04
2.836564851177736119e-04
2.718999430948363630e-04
2.663987252894692639e-04
2.880259235361431981e-04
3.096830679966898719e-04
3.400164922150956189e-04
3.029244302978132655e-04
2.689295242959464471e-04
2.935779456305644651e-04
3.067543233784211115e-04
2.638480163502532490e-04
3.021018124293217743e-04
2.928003406446081855e-04
2.728302377143704879e-04
3.339427878805426497e-04
2.859230838387929975e-04
3.033136072943552536e-04
2.555658905078999742e-04
3.347612524870726878e-04
3.378464634945260617e-04
2.792162602028446135e-04
2.987144891870315401e-04
2.806410520201933680e-04
2.802450610978642195e-04
2.730741148160637150e-04
2.831733209761664975e-04
2.968901163043588965e-04
3.128394872885572470e-04
3.161376071374774718e-04
3.002027001701869759e-04
2.719118961384515911e-04
2.614406399952692818e-04
2.919455475139170683e-04
2.981610513096530531e-04
2.792153509174061113e-04
2.715569431945557156e-04
3.179078170769721393e-04
2.625506112021273875e-04
3.150586870712827935e-04
2.910008453551945085e-04
2.709903870194622466e-04
3.010030031495112418e-04
2.847397869681897778e-04
2.714409184572846899e-04
2.746995255887584898e-04
2.509386335013786629e-04
2.884759090507409379e-04
2.798584118840074402e-04
2.898083270616374444e-04
2.921676462426151086e-04
2.643258975724715760e-04
2.836543739288439891e-04
2.732666296664051529e-04
2.930431330363953151e-04
3.248629521457964322e-04
2.597736086553821522e-04
2.958503016269075411e-04
2.973259267735838506e-04
2.783324278005977395e-04
3.031060272415101895e-04
2.897573168077393550e-04
2.902735470506324043e-04
3.025195988808195100e-04
2.919065622368517275e-04
2.836460239429520330e-04
2.954942935467290118e-04
3.237367673756635336e-04
2.743992937720435158e-04
2.590000934402881747e-04
2.740392436356036722e-04
2.881751835410628257e-04
2.781325189416922975e-04
2.846318798673338644e-04
2.594017855386778122e-04
3.194446664135181728e-04
2.642546532348605259e-04
2.727341984436304598e-04
2.697422929154518834e-04
3.201468480338269117e-04
2.668117019053238385e-04
2.976842379769889632e-04
2.632264361113694873e-04
2.890585517132232530e-04
2.998750601316253306e-04
2.690290160048450208e-04
2.835354032435974912e-04
2.821209074990993753e-04
2.727354334013120957e-04
2.733228690579998766e-04
2.824645190443731942e-04
2.662793969506928185e-04
3.025885627832809255e-04
2.512673723546732501e-04
2.879779725690188343e-04
2.747289016392541060e-04
2.963397837340945597e-04
2.876395800198465122e-04
2.859984963831130344e-04
3.258681955997099768e-04
3.204776745282239677e-04
2.775976044468451477e-04
2.910431381051441810e-04
2.698774496667695499e-04
2.986287120993298076e-04
3.014427086461237879e-04
2.884716099694294546e-04
3.051876833264320632e-04
2.749801692956832934e-04
2.846216503815061222e-04
2.592854451445282212e-04
3.049759601277327709e-04
2.894857062805985377e-04
2.685309480514921346e-04
2.657380500651475123e-04
2.699190015219339752e-04
3.234855206670242899e-04
3.130320901565767375e-04
2.874979395944161627e-04
2.789166396613081177e-04
2.877359991384090070e-04
2.911231707871850781e-04
2.913475086699247180e-04
2.976896962277688122e-04
2.925717930370706787e-04
2.964631459092891106e-04
2.954722882705991972e-04
2.842841363012473519e-04
2.788056312466811451e-04
3.077000037759420681e-04
2.942230909612514756e-04
3.045865226947278058e-04
2.903978694555277751e-04
3.174271786635729856e-04
2.822929905508098471e-04
2.802654690337285509e-04
2.840503956382426460e-04
2.849055006871323357e-04
3.035073589831443781e-04
3.068077128989023781e-04
2.871047693672529517e-04
2.629102336658491906e-04
2.649405768501768592e-04
3.329607979591222102e-04
2.775709902199307243e-04
2.491890648009732106e-04
2.914877381613035622e-04
2.541488735286380344e-04
3.239131675244103056e-04
2.802880486912266798e-04
3.124598675322094927e-04
3.289891679520382537e-04
2.976317157137497375e-04
3.221891105931690234e-04
3.215513488648485746e-04
3.241512239479469996e-04
2.586432751890174850e-04
3.132028780153086798e-04
2.818360580312772559e-04
2.807203549201850749e-04
3.050935117236064560e-04
2.662885532343803948e-04
2.819197062308643120e-04
2.726213776801312194e-04
3.068957370356963717e-04
2.822642858103779212e-04
2.378334929328697724e-04
3.245468382576605971e-04
2.905974314784350357e-04
2.732508279133790221e-04
3.127300263992961022e-04
3.205569197907341358e-04
2.955441238508145474e-04
3.293981119475525798e-04
2.976176980980244492e-04
3.526677033363633017e-04
2.718578317894510877e-04
2.639010786487207077e-04
2.802236940168429812e-04
2.628389482974397527e-04
2.851709739347581003e-04
2.724541273839195380e-04
3.044314463787238870e-04
2.954303792298849712e-04
2.806894578705092301e-04
2.797985447990368772e-04
2.752748013137066262e-04
2.990853104219792324e-04
2.684815400731963356e-04
2.970800026398625802e-04
2.903093768338401077e-04
2.653387532741279691e-04
2.847801431461034717e-04
2.783886007646761435e-04
3.045193175484333520e-04
2.744528730022376193e-04
2.719744803017795989e-04
2.669542808094108456e-04
3.342555981765546122e-04
2.806369314518813518e-04
3.249191294276422798e-04
2.877867962520276363e-04
2.674111974627695564e-04
2.973379634394686692e-04
2.877211563914392465e-04
2.671214754369717940e-04
2.721267141649508941e-04
2.734217582639800713e-04
3.027851477132297996e-04
2.575631043914243653e-04
2.948009895491965002e-04
2.833417217001480445e-04
3.002802920790870905e-04
2.883452722161263405e-04
3.174996971751814132e-04
2.756900200931404607e-04
2.711576460676220959e-04
2.647673795530695916e-04
2.784516585528992055e-04
3.083516255754427957e-04
3.361132038383423900e-04
2.819919991661317131e-04
3.022617963632451624e-04
2.560242763511745155e-04
3.057602570490228276e-04
3.087881093223213223e-04
2.915501324768776247e-04
3.107823028913590281e-04
2.722748104035657354e-04
2.754634637093203334e-04
2.743796323965199129e-04
2.792292929167042716e-04
3.048503604288563132e-04
3.169319800264028633e-04
3.066755515306016392e-04
2.793519923186027791e-04
3.129609006168127742e-04
2.931602275203193625e-04
2.941933280377916396e-04
3.096256981871320824e-04
2.990419559806221364e-04
3.108568902248282952e-04
2.964929837445474991e-04
2.827611835663972973e-04
2.899867415618766274e-04
2.881928354209711113e-04
2.950094762870836599e-04
2.836484560448443632e-04
2.635901605841795415e-04
2.669201194237174691e-04
2.944447863240674790e-04
2.607402793495848330e-04
2.745047362390580135e-04
3.226155431284867385e-04
2.994423573280509073e-04
2.866123336778520587e-04
3.178548689447239107e-04
2.910631085176460290e-04
2.946710681572043658e-04
2.705061950970171565e-04
2.541766956961883750e-04
3.139118484462432180e-04
2.470485961011225479e-04
2.977074313968831420e-04
2.697425899874296863e-04
3.045617912981948968e-04
2.854870619825413997e-04
2.844839421142200046e-04
2.867294039549456641e-04
2.881191517572182664e-04
2.825180918428377998e-04
2.869781467274688412e-04
2.557680882763052328e-04
2.711014008021725842e-04
2.891510171648842297e-04
2.847178485092181606e-04
2.507585795205337343e-04
2.626646267389052040e-04
2.781233155605989933e-04
2.618598120289477465e-04
2.848626320657954660e-04
2.784159051408632043e-04
2.867206252800736689e-04
2.928608936133566903e-04
3.033110566298058354e-04
2.999096362856316098e-04
2.800915991456014035e-04
2.676532841408918797e-04
2.875674040321170820e-04
3.029101893554757828e-04
2.945532251836841149e-04
2.846796183014663174e-04
2.513515125687809030e-04
2.495869665907780042e-04
2.765344048106548784e-04
2.661997997175347109e-04
2.959790523322585690e-04
2.841020649979271776e-04
2.919481795912258330e-04
3.229752547884679153e-04
2.968055813346592593e-04
2.576338334097854699e-04
2.574011020141500953e-04
2.518585020903005289e-04
2.880629608464654423e-04
2.814470149334673764e-04
3.296311587032130491e-04
2.743256579863428339e-04
2.844634990610455717e-04
2.816706127245663751e-04
3.261625055025332907e-04
2.867434675363173891e-04
2.655984431677489992e-04
2.793143307158864959e-04
2.697328258119880860e-04
2.652697063756457988e-04
2.618422936089316870e-04
3.008435299279858441e-04
2.759657522597424315e-04
2.905661293562061083e-04
2.816390762961376256e-04
2.643322534476691995e-04
2.628217222304512764e-04
2.917167648973724610e-04
2.978353349491330831e-04
2.597735309905132585e-04
2.614352918244132332e-04
2.623795409748380355e-04
2.898502460499590241e-04
2.742304752421496515e-04
2.963350892843615351e-04
3.410133244822925801e-04
2.887624364850919644e-04
2.865266004397492997e-04
3.002815439972257453e-04
2.580967032290935317e-04
2.826160106692069112e-04
2.938978251819849663e-04
2.612989688596953569e-04
2.849141091478746475e-04
3.277423724614551858e-04
2.826822483474400807e-04
2.573661868477692739e-04
2.613991929523893048e-04
2.867838843441635811e-04
2.704837565964561324e-04
2.723582395812630826e-04
2.618149719456304490e-04
3.081936693894155423e-04
3.011734166851488532e-04
2.975032745327585741e-04
2.979520110792181460e-04
3.032764352811924934e-04
2.603077114169939860e-04
2.625112700886533140e-04
2.536564204308447597e-04
2.889551295217766868e-04
2.689946782892091350e-04
2.579159214438412587e-04
2.736636264387622987e-04
2.472546270112343028e-04
2.605561706911679095e-04
2.671830595919063808e-04
2.791022769350860137e-04
2.579167838007351060e-04
2.701519456289669450e-04
2.525939846498711453e-04
2.642564351754311033e-04
2.865012376165149924e-04
2.448475713935798262e-04
3.050080490951407718e-04
2.724537903434919614e-04
3.002733468754992881e-04
2.557275616907498197e-04
2.737541813816362951e-04
3.048482693739838181e-04
2.870322784604229589e-04
2.517029920302121240e-04
2.645902189908301214e-04
2.922845986895834997e-04
2.804194623848496062e-04
2.837443762263169183e-04
2.590892801181521972e-04
2.915014204411375798e-04
2.953486662245083058e-04
2.671216619255430700e-04
2.791422551102003984e-04
2.519128159477023853e-04
2.801766824959712326e-04
2.693423910223752835e-04
3.098127425164299274e-04
2.705845920281493063e-04
3.054287259309300634e-04
2.895639169393255264e-04
2.662088316706186404e-04
2.764508068777515415e-04
2.651544695115715783e-04
2.786122327014176189e-04
2.715984703409281080e-04
3.013422684344527962e-04
2.899187023172941223e-04
2.997846526226978416e-04
2.890826408002428053e-04
2.778732279264463671e-04
2.915212166588879768e-04
3.152615562782936135e-04
2.639662599077895449e-04
2.717706558112892344e-04
2.622251734529477420e-04
2.618917868645503954e-04
2.852563617638843190e-04
2.864650310897425044e-04
2.856221953181681847e-04
2.832268833212725468e-04
2.618821476056211505e-04
2.770908423040522087e-04
2.778767447288783723e-04
2.711214569664476275e-04
2.770721640423542509e-04
2.696103087067010327e-04
2.743411548375326013e-04
3.499536904525243799e-04
3.094001863665046250e-04
3.340440282781651036e-04
2.648610162255245833e-04
2.788573068873382720e-04
2.625841007339226735e-04
2.688919437878440981e-04
2.841327873730074881e-04
2.575507622143619383e-04
3.121670834120908954e-04
2.532780987399553497e-04
2.612853765861944551e-04
2.583634029434352976e-04
2.819456712540975248e-04
2.749155190139494190e-04
2.820824373245416116e-04
2.877590229607134703e-04
2.791315930741333231e-04
2.718412541277414078e-04
2.761006119717462708e-04
2.571476248424144594e-04
2.980571098269394902e-04
2.730561626005991458e-04
2.619639245638338441e-04
3.016814873650518940e-04
2.791406934667947713e-04
3.007602589191639550e-04
2.846108648674501454e-04
2.626841731618974806e-04
2.775264174495351704e-04
2.694429424742375415e-04
2.888354755998454580e-04
2.784078685259945519e-04
2.368066093556729309e-04
2.655202720707712863e-04
2.934492765425989217e-04
2.526975593235471370e-04
2.442008143089589400e-04
2.671981771566005453e-04
2.928912498909073221e-04
2.672735041901700293e-04
2.550813444503026374e-04
2.975616732087178903e-04
2.738101874382408546e-04
2.642918937821143403e-04
2.658997142801426249e-04
2.713251476819587252e-04
2.719906939325884778e-04
2.725836637836929577e-04
2.623530493211362054e-04
3.036576723918457980e-04
2.607900468278826650e-04
2.955292591256835255e-04
2.873603013776819927e-04
2.653551067433331358e-04
2.752776672363960587e-04
2.509288280394448255e-04
2.381330303882012243e-04
2.900377510061596465e-04
2.649100058359733973e-04
2.480382180846962023e-04
2.782987838968993891e-04
2.720157657150260163e-04
3.102095619649452652e-04
2.944910139465929818e-04
2.882881835310329159e-04
2.737696040707777068e-04
2.374831081203025089e-04
2.550409978435443895e-04
2.776858141176680910e-04
2.545562136687621745e-04
2.823096419758669537e-04
2.753756079109245737e-04
2.655091075250250524e-04
2.847103600194735191e-04
3.045303362100891336e-04
2.536937156831292812e-04
2.778366361945546663e-04
2.709439659833096157e-04
2.672085290476367068e-04
2.615833241527003609e-04
2.961537313554798751e-04
3.004560357125133480e-04
2.782198051487774705e-04
2.625328386503220936e-04
2.719651390011919474e-04
2.409642443967595902e-04
2.980996576628904752e-04
2.651778196818794587e-04
2.464032610433412049e-04
2.760630441381929407e-04
2.746435554521353293e-04
2.943814466696494819e-04
2.740068449758880655e-04
2.876356900967674975e-04
2.836880116876170591e-04
2.898497990355025948e-04
2.562809162690632869e-04
2.893757925734092738e-04
2.774558861466642590e-04
2.584926242561139554e-04
2.474208550407587222e-04
2.765534930903465688e-04
3.053688835030586709e-04
2.762113123554975889e-04
2.689687023313097180e-04
2.547519524414832131e-04
2.912675697334355068e-04
2.674151713878695135e-04
2.574308987862711641e-04
2.991258533631417269e-04
2.665994052618545244e-04
2.508230131710767583e-04
2.714818769267981157e-04
2.649362654599409341e-04
2.478615393643641431e-04
2.646783261754236008e-04
2.604050269870484581e-04
2.577126308712510204e-04
2.993199025373592865e-04
3.077777412313533324e-04
3.460314909221310254e-04
2.742201287514062246e-04
3.044603327210466189e-04
2.692080627243883476e-04
2.753461072505960887e-04
2.941290279971874836e-04
2.980425496531361471e-04
2.605572136019978168e-04
2.813837495002455172e-04
2.700200542369952592e-04
2.672661557292988128e-04
2.777873610543125753e-04
2.609856442946641522e-04
2.868297098200332101e-04
2.628580199050318698e-04
2.769696761794439906e-04
2.621021642674447043e-04
2.642040692205401410e-04
2.735453546707633911e-04
2.619573344491782580e-04
2.516352367732764398e-04
2.493162168532794972e-04
2.748544527598654552e-04
2.946355876267362384e-04
2.727007199473662782e-04
2.715417935132670652e-04
3.007846264733506927e-04
2.693629824047132299e-04
2.654284262333018616e-04
2.850448686652440420e-04
2.735841961264273833e-04
2.712202152845685690e-04
2.744169377593574542e-04
2.648658281489387270e-04
3.028593319478368887e-04
3.135261744602942536e-04
3.239991637075101123e-04
2.579924737966757405e-04
2.673654424665488456e-04
2.530356037011752919e-04
2.821696168460366807e-04
2.866055426722607501e-04
2.639567823909800518e-04
2.775874569864403177e-04
2.598707142771110811e-04
2.531953956066638057e-04
2.656079903940581125e-04
2.829358584085513270e-04
2.912970443830656766e-04
3.044437310614328518e-04
2.822522611062568761e-04
2.943455173796650994e-04
2.520367169787023445e-04
3.083525147650020186e-04
2.674962817997334386e-04
2.581914032633455766e-04
3.255026994517117478e-04
2.685528842220480383e-04
2.493797063190326523e-04
2.325839387143124101e-04
2.776134003628447783e-04
2.619061509938333315e-04
2.564889144013094736e-04
2.446528178831572928e-04
2.367926643983345452e-04
2.540817729543045885e-04
2.412927160143366002e-04
2.722314591674012611e-04
2.971224462062419100e-04
2.655931219012137899e-04
2.831855174759531808e-04
2.700053425720180355e-04
2.802943028133352758e-04
3.048362939472201412e-04
3.046375683478507335e-04
2.478650708248554741e-04
2.482396883018364044e-04
2.404839827509289152e-04
2.506476287762247727e-04
2.774811534938199172e-04
2.829370286163469545e-04
2.479167245305859070e-04
2.870033956194123687e-04
2.764556460911484588e-04
2.481631064147575691e-04
2.863851839054176989e-04
2.789114220749552950e-04
2.540581178500026915e-04
2.900989564515597981e-04
2.972295602055920216e-04
2.466946838632568689e-04
2.944890325876950129e-04
2.786179222671479518e-04
2.446629271941536316e-04
2.530854818991751395e-04
2.600397899624212099e-04
2.892074880174607364e-04
2.676652808201604125e-04
2.526269003475654809e-04
2.405041568742838267e-04
2.693694813349380959e-04
2.624544550343276732e-04
2.437440870855058829e-04
2.865571870845536875e-04
2.658806694751071013e-04
2.931068330430684548e-04
2.592105486084828677e-04
2.908747541859025795e-04
2.744342789346505460e-04
3.331250236199836609e-04
2.779887675789868709e-04
2.510718316259505671e-04
2.674357388415951674e-04
2.679983752659168971e-04
2.551338603702533385e-04
2.762347175984313993e-04
2.635709460417831325e-04
2.890581969843764249e-04
2.618139606855112941e-04
2.506545789135792950e-04
2.833831728730954033e-04
2.658675058086758486e-04
2.858575042834550928e-04
2.518842911369829733e-04
2.465049384164593230e-04
2.650650818304970064e-04
2.770519196628662612e-04
2.852173540412576724e-04
2.865931593818215684e-04
2.391893594877240428e-04
2.676466797429009285e-04
2.522225334323603750e-04
2.931193629357876484e-04
2.549281973165098882e-04
2.607682538256090037e-04
2.570392994325007433e-04
2.784156762456382731e-04
2.448223075624663889e-04
2.446681943500118015e-04
2.660131691430113942e-04
2.710964989231450070e-04
3.014284404623123630e-04
2.587073777210055167e-04
2.794405189432085492e-04
2.432405475027232344e-04
2.711895543377585522e-04
2.735596582472381169e-04
2.424601282719556991e-04
3.072826715991407512e-04
2.867050972478313699e-04
2.502204525807658867e-04
2.536560578549835522e-04
2.811414187079138241e-04
2.763752677456876366e-04
2.646978611065068363e-04
2.654711104144720328e-04
2.762352848939490899e-04
2.599847308332410892e-04
2.539380836339244323e-04
2.575641413358144196e-04
2.679474039674155502e-04
2.651610819462205115e-04
2.680020067565892523e-04
2.706229444300290669e-04
2.922595099648406009e-04
2.558407790642896053e-04
2.735274295858739521e-04
2.512136906111169811e-04
2.328970278275848034e-04
2.502711092858757487e-04
2.562095600661283752e-04
2.675103664606209549e-04
2.575029009813567440e-04
2.570574849239784564e-04
3.082024453666674696e-04
2.821393815639935531e-04
2.603427010731995434e-04
2.778514049795090409e-04
2.764163584857598261e-04
2.504669220508378325e-04
2.761403483190394870e-04
2.624979291845178932e-04
2.394977855745464138e-04
2.524580936286830953e-04
2.810564628303912141e-04
2.571439636242143188e-04
2.810555238305227936e-04
2.745448185272183280e-04
2.598190395187507397e-04
3.007448050497712371e-04
2.537939818575697367e-04
2.518938093633626757e-04
2.331129100965158361e-04
2.656568873362807524e-04
2.606119417503160790e-04
2.718933564864839348e-04
2.585457148567148374e-04
2.597484889983538744e-04
2.783723490057755977e-04
2.620709602545701305e-04
2.654011196597522832e-04
2.709424549200656297e-04
3.139060322252541215e-04
2.656768952534819248e-04
2.766820338741276153e-04
2.852360848053639756e-04
2.662704425990804159e-04
2.551052997609271175e-04
2.851659507883638235e-04
2.379606161979421776e-04
2.569560746493160502e-04
2.344845830406827093e-04
2.891639262692267888e-04
2.905551683422679266e-04
2.579651565730239427e-04
2.230936074559958780e-04
2.583389994085467977e-04
2.685876051539048330e-04
2.424825771241823471e-04
2.808790652124447569e-04
2.632435975399445810e-04
2.491489718239253497e-04
2.602996748367829944e-04
2.533219316747051947e-04
2.444426421322475366e-04
2.720684610855866339e-04
2.765666191089444031e-04
2.541624731126844970e-04
2.721669570412827126e-04
2.753239902719806882e-04
2.754078563499622696e-04
2.568647852931850114e-04
2.593187192399740832e-04
2.545210312841685724e-04
2.836471107514727070e-04
2.543354640807979979e-04
2.494445648151726925e-04
2.697114075521632481e-04
2.793013599301713079e-04
2.677801692146748389e-04
2.735806374564613615e-04
2.639784734189649451e-04
2.446039415235660638e-04
2.680580432175672209e-04
2.896711803630802368e-04
2.679370611774970889e-04
2.995152775995652775e-04
2.342325583155611989e-04
2.624656556829301260e-04
2.688894832268604561e-04
2.624482074179700932e-04
2.671283839555538145e-04
2.538561662458642463e-04
2.910214038535273657e-04
2.471311360396907320e-04
2.679873989542212427e-04
2.795250181226437711e-04
2.778605360127402689e-04
2.753654159734304687e-04
2.525698610941554123e-04
2.640743753468515745e-04
2.633619906268387938e-04
2.517084397321944062e-04
2.440027455976460685e-04
2.458286446362930406e-04
2.361407484620873371e-04
2.683979550427444041e-04
2.644875865394385366e-04
2.468349651667089539e-04
2.627739647267063436e-04
2.795847929821568658e-04
2.865644245102397887e-04
2.640382499792990560e-04
2.622511694782247147e-04
2.386715527358711849e-04
2.600895329996016718e-04
2.678046181759852402e-04
2.438149177763431711e-04
2.623106217013940070e-04
2.476341741381885096e-04
2.891805653683547726e-04
2.659547418615112904e-04
2.582994214715959879e-04
2.571774169046779157e-04
2.607933048664239301e-04
2.666200084727100199e-04
2.577638667936669992e-04
2.480424157051507711e-04
2.491121644216542528e-04
2.551974226926052316e-04
2.881427748739373335e-04
2.398677896462518956e-04
2.570041975892243548e-04
2.611017090127515242e-04
2.418440896760589614e-04
2.483506872496964884e-04
2.832101465724086637e-04
2.541347587192863350e-04
2.786532275045737364e-04
2.831897995767843285e-04
2.671388571661628534e-04
2.689084468709873653e-04
2.463159625739586261e-04
2.748467587826515426e-04
2.791054776992036852e-04
2.869540914889812306e-04
2.994882601984786381e-04
2.721650097963405988e-04
2.763373339111571138e-04
2.575460176524208564e-04
2.570769710243310004e-04
2.865082740248100471e-04
2.630424762613158733e-04
2.677806853804658833e-04
2.530604616579555091e-04
2.598247039840791725e-04
2.891192273960170632e-04
2.433101397870485270e-04
2.418035313790805100e-04
2.499694041438773858e-04
2.596874605247203368e-04
2.611202876671172798e-04
2.931582009990018538e-04
2.796961633915581637e-04
2.913961400367920851e-04
2.294394086977202894e-04
2.678945938899178958e-04
2.599967911785290185e-04
2.591081446598111210e-04
2.701590401089925294e-04
2.685170615761027957e-04
2.555646842321346096e-04
2.956891197948284295e-04
2.814172864350948872e-04
2.576460861726458888e-04
2.711986463703150744e-04
2.768670088056069908e-04
2.832824163236238391e-04
2.451204173084130700e-04
2.705308867761184108e-04
2.818617181962397881e-04
2.902298678879537534e-04
2.417982918609202429e-04
2.494088397594017813e-04
2.723346763082966360e-04
2.510880405686583016e-04
2.584967452126863048e-04
2.923018281858960751e-04
2.979921281984003164e-04
2.657410716059519645e-04
2.699922039218879879e-04
2.420932064210066994e-04
3.141134927841914156e-04
2.455800942830165239e-04
2.507661095425705211e-04
2.639333209568296853e-04
2.785380634191935573e-04
2.983669175453758284e-04
2.710862495877871506e-04
2.941752121485058293e-04
2.595729374452927394e-04
2.447964197892592134e-04
2.526476018605321649e-04
2.373989584830566964e-04
2.888334419809898430e-04
2.828668208028883835e-04
2.486114969131482519e-04
2.893625864495485219e-04
2.470113149802780224e-04
3.238937317471396720e-04
2.359822328204103353e-04
2.743054354798337498e-04
2.649859761454860822e-04
2.628677388486317062e-04
2.725901978483414060e-04
2.527953296712242334e-04
2.673802151422077647e-04
2.601660338421106348e-04
2.561590301581242600e-04
2.808632877422460568e-04
2.450974647144358795e-04
2.534843634969187638e-04
2.408572966028100495e-04
2.678662132291623676e-04
2.694265685061375299e-04
2.971178965180043736e-04
2.633949598657922293e-04
2.765206049212711034e-04
2.651041784500708567e-04
2.695982728217519685e-04
2.651344333068758261e-04
2.831951580310764264e-04
2.899975380540038665e-04
3.047321141212551931e-04
2.738617974756450083e-04
2.468516366528870107e-04
2.430276031545865678e-04
2.402414227675374824e-04
2.643638549342833505e-04
2.801549538896912087e-04
2.401514770862275101e-04
2.705691690754286429e-04
2.698881370791163703e-04
2.733955184308640009e-04
2.609509012819055803e-04
2.666451596253065497e-04
3.075586075573931606e-04
2.672276206550500675e-04
2.338375105266655160e-04
2.502900917417285437e-04
2.624259260129667686e-04
2.587389307225782735e-04
2.335897137794287130e-04
2.522620762026025012e-04
2.475318528987669104e-04
2.667040208348038662e-04
2.367315883656195515e-04
2.402445811999019795e-04
2.275448549806293873e-04
2.578470759338420725e-04
2.723493068284923730e-04
2.446831286923472942e-04
2.356123865999188870e-04
2.552660039425315550e-04
2.515252824519643798e-04
2.893654745514221706e-04
2.711857169557371967e-04
2.536155732286596927e-04
2.701106407294852569e-04
2.560224192667286038e-04
2.532135918504908878e-04
2.834058738193165209e-04
2.457047861121585135e-04
2.666699212035021833e-04
2.764698470687428924e-04
2.723187582749960877e-04
2.334576140805525325e-04
2.695115998898590893e-04
2.695016898762704833e-04
2.687883074395482140e-04
2.553796904710667380e-04
2.632209508326118549e-04
2.590159781038238180e-04
2.496526006666742784e-04
2.424136493518770630e-04
2.678134806609632802e-04
2.410019464018859151e-04
2.471176570966120796e-04
2.602573488093064833e-04
2.456537100594623191e-04
2.659544000455646494e-04
2.808221349183515720e-04
2.321686004600396721e-04
2.553657894166012259e-04
2.227501093719396938e-04
2.459943443744229429e-04
2.366923647354468585e-04
2.830354777247923452e-04
2.653823549489616493e-04
2.499874329925496014e-04
2.517688930799357209e-04
2.549713062541876952e-04
2.524807953687227286e-04
2.630346700695643312e-04
2.753015468666325841e-04
2.541125060951823322e-04
2.609200571885690275e-04
2.414690226522546803e-04
2.661801081815289233e-04
2.701942270909576602e-04
2.388687112316757581e-04
2.377192640041483277e-04
2.270288596571038255e-04
2.251229691339655327e-04
2.483707711478812643e-04
2.491633266279632284e-04
2.372411420952096365e-04
2.404631597436031429e-04
2.690603663734428708e-04
2.565678456898131256e-04
2.639694488221546462e-04
2.486080709977687422e-04
2.669497308556868917e-04
2.541665225964150955e-04
2.351062762732200216e-04
2.417444594343809558e-04
2.280708948748261808e-04
2.577409871219825247e-04
2.171834487550999989e-04
2.593704691489068215e-04
2.740331838108817954e-04
2.692093996178824764e-04
2.455447189741718030e-04
2.836512330839536123e-04
2.452422822632703277e-04
2.965861460801136047e-04
2.659531529851592965e-04
2.745376622498275584e-04
2.412283312401030701e-04
2.699547705213703247e-04
2.614448413294124954e-04
2.693894055539708095e-04
2.707003274841189989e-04
2.550230839676675097e-04
2.723189001372411291e-04
2.463686887979008879e-04
2.583902395223639089e-04
2.620513540550112905e-04
2.686960592642016364e-04
2.529721998569012817e-04
2.419011646546392208e-04
3.014626946969138264e-04
2.438308304299759252e-04
2.528733103689098020e-04
2.593745694567543619e-04
2.671034972502122316e-04
2.811086750706316847e-04
2.471274872875117538e-04
2.328984507311884214e-04
2.836218435979657483e-04
2.780020244303439366e-04
2.387234133173281282e-04
2.538279615487442535e-04
2.562626516656081881e-04
2.434431380334567418e-04
2.620839521346982645e-04
2.765548613308387743e-04
2.525675464876239078e-04
2.365769231928139225e-04
2.545022529092191041e-04
2.521469402529025227e-04
2.303851339431363377e-04
2.522449098164518790e-04
2.551904705140021373e-04
2.718603647373266747e-04
2.475759614749472259e-04
2.886544974783502400e-04
2.558890321045878438e-04
2.628453437542057052e-04
2.672302649886151176e-04
2.426718253458973878e-04
2.444994630097456338e-04
2.517650926999428140e-04
2.545706822041824921e-04
2.415217554221357819e-04
2.381559659158999571e-04
2.638880487676873625e-04
2.455218466074804732e-04
3.032360336410331236e-04
2.443269053514001907e-04
2.457842335626335114e-04
2.360570810670232318e-04
2.598609317271929529e-04
2.535980971010806553e-04
2.268318161626890382e-04
2.337944907640499817e-04
2.552884921821746813e-04
2.502808248530063963e-04
2.396504740770611340e-04
2.464214587645636415e-04
2.484562529879452979e-04
2.385601109931586672e-04
2.503581927412635460e-04
2.652867601641849564e-04
2.537403861043598758e-04
2.571204747756473496e-04
2.695721613748587749e-04
2.541862470845099656e-04
2.671908896232021396e-04
2.634481220535794853e-04
2.541475502087378146e-04
2.481304078180657192e-04
3.033037952709949922e-04
2.495813539037869400e-04
2.585843483634356083e-04
2.340161206327725737e-04
2.437363791045143947e-04
2.868411054153568638e-04
2.255603448461361051e-04
2.772141631485602192e-04
2.412711997464765624e-04
3.057456647602650171e-04
2.739959277236589299e-04
2.531585030978988080e-04
2.508516522758519438e-04
2.431209931533976189e-04
2.357366866812864116e-04
2.450773487155778014e-04
2.506255410327710813e-04
2.394150769225947696e-04
2.561359905257932232e-04
2.796758392018511936e-04
2.762653558890629962e-04
2.503942967231518289e-04
2.425169285821119128e-04
2.435130246634801589e-04
2.881009250739738673e-04
2.312900796433223357e-04
2.244648041115737246e-04
2.590668930431418941e-04
2.462922341776857126e-04
2.346718891514421881e-04
2.522186035221058429e-04
2.605064237014730250e-04
2.218670566744829729e-04
2.242361455341541985e-04
2.678601364750835944e-04
2.566672099120322287e-04
2.477506823440218660e-04
2.679670023525897258e-04
2.943813555849994056e-04
2.278719442582561813e-04
2.441371551684362704e-04
2.749370234228544767e-04
2.926014715382243463e-04
2.384851368954389182e-04
2.272265776684084110e-04
2.435647063861661279e-04
2.628547900863766680e-04
2.652096839191553867e-04
2.510146120994228842e-04
2.486691245812513214e-04
2.751321946440500447e-04
2.423113075287680401e-04
2.398237047514204000e-04
2.469468946106846349e-04
2.698927688069311867e-04
2.686465107565372051e-04
2.682864456290268021e-04
2.607233779521132681e-04
2.690425780371833212e-04
2.538830800109728855e-04
2.565160525291521249e-04
2.600813167416804158e-04
2.740443081982449542e-04
2.393308903084029565e-04
2.588819001369545335e-04
2.661073779071577885e-04
2.629728894954156803e-04
2.755040913807282714e-04
2.119260923132187859e-04
2.613729775778117275e-04
2.915274488910256172e-04
2.895507003119361720e-04
2.364871682368469669e-04
2.388783906265317032e-04
2.455827926788518053e-04
2.574285445074449676e-04
2.333229890087189153e-04
2.277766679613368319e-04
2.738561367161820512e-04
2.695597586408933228e-04
2.714076167465958906e-04
2.917688140205289098e-04
2.825978163618191735e-04
2.746703162650346395e-04
2.263824966801287087e-04
2.661135221175988893e-04
2.839109602750395094e-04
2.648324732093830839e-04
2.736541862017743422e-04
2.483290880589279748e-04
2.460106716042839161e-04
2.913152461534308617e-04
2.419095503234678442e-04
2.339206858466128837e-04
2.679075892783038416e-04
2.657620291365753759e-04
2.404985740739422058e-04
2.856542098965304810e-04
2.664929340292616585e-04
2.265301653470395147e-04
2.911814324863174321e-04
2.530096761340667609e-04
2.648154261893913460e-04
2.653897994029795113e-04
2.326181310073493927e-04
2.356704277054792946e-04
2.676677652520164557e-04
2.502572403802182663e-04
2.463317171879674037e-04
2.328852293338866018e-04
2.397186604043954872e-04
2.508630755278868827e-04
2.634723203957956700e-04
2.789599396922139716e-04
2.506156398439656104e-04
2.413028785682269737e-04
2.596691824776396307e-04
2.943452528859865670e-04
2.779011243860998845e-04
2.734535951795994519e-04
2.324913459134210156e-04
2.650238667866741476e-04
2.698014730621228546e-04
2.602146778978780628e-04
2.736164957195088079e-04
2.457195122290220936e-04
2.350054509993042447e-04
2.318178255122182009e-04
2.370167743359171591e-04
2.347361037338871860e-04
2.413552417933223255e-04
2.355003103261318485e-04
2.766783458826467795e-04
2.460054945850829989e-04
2.597280955784169571e-04
2.483056583668781471e-04
3.072877314383117204e-04
2.738051986983018561e-04
2.778996090621565205e-04
2.455414433873454472e-04
2.932897162877591037e-04
2.458089777284182763e-04
2.556121555157760974e-04
2.844837116191258563e-04
2.672958112735450008e-04
2.681249427514454417e-04
2.562810366084289837e-04
2.328364954454944906e-04
2.422085641664911346e-04
2.395906600517784806e-04
2.370801858839638205e-04
2.707531024252529997e-04
2.670453433959373252e-04
2.738317916516307387e-04
2.540000785524475810e-04
2.746222641246234050e-04
2.678069205087769944e-04
2.694430558239996809e-04
2.441697405551648522e-04
2.630678361397870407e-04
2.494366042897411457e-04
2.361349513996075736e-04
2.351320009793222662e-04
2.750925034802076136e-04
2.308025773991711496e-04
2.463299688551252430e-04
2.412998535231831152e-04
2.333284850546707315e-04
2.724289357078899291e-04
2.305005262028584051e-04
2.497427968568105257e-04
2.799015410204274486e-04
2.363946680849732349e-04
2.570588815776177682e-04
2.368699194682175589e-04
2.673815817568217729e-04
2.325909833306272320e-04
2.502899393781757797e-04
2.494681650651419248e-04
2.712379955657793031e-04
2.491550020391109410e-04
2.334252099408238353e-04
2.441192402731392737e-04
2.600487805312930016e-04
2.364952588723031831e-04
2.536618843826484631e-04
2.616699785189474745e-04
2.295847197509555480e-04
2.340391573407871683e-04
2.587238190897580789e-04
2.296992271952571390e-04
2.513787676789100965e-04
2.633556456453952223e-04
2.458493766991052556e-04
2.812503310570581023e-04
2.330442205207334692e-04
2.503400587075052660e-04
2.812112977114717555e-04
2.513384369010610497e-04
2.357396085916207843e-04
2.383755740785646951e-04
2.398912426777141302e-04
2.688124613908146067e-04
2.556786069115856721e-04
2.641854269708322853e-04
2.299056562998836629e-04
2.592096723573573893e-04
2.235664215405234827e-04
2.881981389913783917e-04
2.356420177651973990e-04
2.554015722659883840e-04
2.584524274498882545e-04
2.482781610372011491e-04
2.243344727816267250e-04
2.432914860000448944e-04
2.753571984456746062e-04
2.212707002435880771e-04
2.417769473776709655e-04
2.258342227867824370e-04
2.462019352556419575e-04
2.439536316175802732e-04
2.854329418241618598e-04
2.257515082908912298e-04
2.817130008297295189e-04
2.580138446782565638e-04
2.367247531819043830e-04
2.581835606491614189e-04
2.473873813006249259e-04
2.491625421987315884e-04
2.438040601019257408e-04
2.453194549270233801e-04
2.209393768325487197e-04
2.417060299597247573e-04
2.889733672382290702e-04
2.508901232030638314e-04
2.778580060986035778e-04
2.549469709616154528e-04
2.547148730123336086e-04
2.731211477077621214e-04
2.645926366197585543e-04
2.479744448751218565e-04
2.275799923530804031e-04
2.743525362321578035e-04
2.600348279695730274e-04
2.692151071306580806e-04
2.356675789220769761e-04
2.535903917124198142e-04
2.812951478549715213e-04
2.601019045750618233e-04
2.430407688721159898e-04
2.387736447822700692e-04
2.387882477184247166e-04
2.457974751846690839e-04
3.111807342623012281e-04
2.577826851080360776e-04
2.716379767558895235e-04
2.247982687579235612e-04
3.171201806043563395e-04
2.444161891645575658e-04
2.634109935614571208e-04
2.542308368403593073e-04
2.305355565709400799e-04
2.729785767645029121e-04
2.883677538060274033e-04
2.700267352078200046e-04
2.850772434674911306e-04
2.399184676931882571e-04
2.441676282880022946e-04
2.435422718630155729e-04
2.391537478993324228e-04
2.418416375237076167e-04
2.653031164189099305e-04
2.541440531885204128e-04
2.489601642000708053e-04
2.293855885857259210e-04
2.643126694114998100e-04
2.927305185525499098e-04
2.475875812312261395e-04
2.530633841577719311e-04
2.666983842076988049e-04
2.451811460606561602e-04
2.463279365359716732e-04
2.288679980694807703e-04
2.493541625241717176e-04
2.296918918888656523e-04
2.310784042534869804e-04
2.503277995534676547e-04
2.519063419154163189e-04
2.739382976934944675e-04
2.263823088288644881e-04
2.281302873373142063e-04
2.621340103084519218e-04
2.505286097407080355e-04
2.513414319967131731e-04
2.747921849204023356e-04
2.537185391932537926e-04
2.461189762558446421e-04
2.358268869812725163e-04
2.586569832354800253e-04
2.500756628401838298e-04
2.569277160021129071e-04
2.630725113647488763e-04
2.482816764045482475e-04
2.337957320262572312e-04
2.427172815315628335e-04
2.119375625861670651e-04
2.343515845640616730e-04
2.648778116802645100e-04
2.414293546427551129e-04
2.234235048709057618e-04
2.551714373593762545e-04
2.336230881747608371e-04
2.387158996748077369e-04
2.440151090852130447e-04
2.627591523507280579e-04
2.266652739285337180e-04
2.652545260224084436e-04
2.513171028499544437e-04
2.262598097289270061e-04
2.504732327140865252e-04
2.493293974060089907e-04
2.360583514521974046e-04
2.685773744903029582e-04
2.522701467612735123e-04
2.378725301511039542e-04
2.445608190584030268e-04
2.568468475568399514e-04
2.479608472537590444e-04
2.344287368846624325e-04
2.195931268671931795e-04
2.433706371769552913e-04
2.682509197919413844e-04
2.489205353461647731e-04
2.483751693701491512e-04
2.233530604325333817e-04
2.466966921939252495e-04
2.520695939745000121e-04
3.023619364046542979e-04
2.636391368712559481e-04
2.613689223739178538e-04
2.390289100124196563e-04
2.579836324234391787e-04
2.474575416574516652e-04
3.258847677182691370e-04
2.275531404750632983e-04
2.354558306015436817e-04
2.091300158714178665e-04
2.427724021817654427e-04
2.574439147326961592e-04
2.396573399303678163e-04
2.500109666015456577e-04
2.451853220363839196e-04
2.191823406405753747e-04
2.494638376419910410e-04
2.474591583966416724e-04
2.212562400960615462e-04
2.327452071813701723e-04
2.303658615263894072e-04
2.626022421658856152e-04
2.464261199902048399e-04
2.351649518143997036e-04
2.347981904501607797e-04
2.416051307598310652e-04
2.457038899281826887e-04
2.281893178264139297e-04
2.313629689982918012e-04
2.303499332111409313e-04
2.612620438672266440e-04
2.333716322341600300e-04
2.427395306204306049e-04
2.457031814943167565e-04
2.190074744763381687e-04
2.626573103041195470e-04
2.352410569635141936e-04
2.500674431822845750e-04
2.438669926762561900e-04
2.658682610680598532e-04
2.382717300901804737e-04
2.581533391925772982e-04
2.437685588560864903e-04
2.305288394423585328e-04
2.371154361929235326e-04
2.382360045899071903e-04
2.294695479841164115e-04
2.386283912901350111e-04
2.504734247132505429e-04
2.388615807024523400e-04
2.162880825502214871e-04
2.534936295732390620e-04
2.723701988603506271e-04
2.220359396090885171e-04
2.637653701215516861e-04
2.574313943570737118e-04
2.391541141913647187e-04
2.821544362694502085e-04
2.624282519957993245e-04
2.304519506160145417e-04
2.299356896701285286e-04
2.466904649898401820e-04
2.153846178718624486e-04
2.284676759941044091e-04
2.313674480729322012e-04
2.323505500699934708e-04
2.359221437545313453e-04
2.750643217382030769e-04
2.399673192897670718e-04
2.458775942448086110e-04
2.437336563990132065e-04
2.368045043337262210e-04
2.383029907829628850e-04
2.592366282040635666e-04
2.817894193699077869e-04
2.345750486116123987e-04
2.481332318156992227e-04
2.485818718108912168e-04
2.385021714715981249e-04
2.390420868011513015e-04
2.426470724852488920e-04
2.130020769796528272e-04
2.342620633051684001e-04
2.266429451983140294e-04
2.377002027251826197e-04
2.850816901533900750e-04
2.786607693157130950e-04
2.392979169011774838e-04
2.347504342699761675e-04
2.538098834079021912e-04
2.331699921437087450e-04
